int(self),self.nb_electrical,self.nb_activeCS_Cparking,self.nb_activeCS_Cparking_fast,self.nb_solar,self.nb_wind,self.policy_ban_gasoline,self.policy_idle_fee,self.policy_relocation,self.policy_notification,self.avg_statisfied_day,self.monthly_profit,self.monthly_energy_consumption,self.monthly_renew_charge,self.self_consumption,self.self_sufficiency,self.payback_period,self.payback_period_norm,self.metric
0,50,20,4,100,0,True,True,True,True,1.0,37762563.66666678,28924500.000000093,0.0,0.0,0.0,29.124081979921275,0.4854013663320212,1.4854013663320211
1,50,20,4,100,0,True,True,True,True,1.0,47155533.33333437,36116666.66666746,0.0,0.0,0.0,23.32281966202572,0.388713661033762,1.388713661033762
2,50,20,4,100,0,True,True,True,True,0.9982320478503685,44962324.00000035,34437333.3333336,0.0,0.0,0.0,24.460479400486314,0.4076746566747719,1.4059067045251403
3,50,20,4,100,0,True,True,True,True,1.0,47545809.666667245,36415500.00000043,0.0,0.0,0.0,23.1313759868734,0.3855229331145567,1.3855229331145569
4,50,20,4,100,0,True,True,True,True,1.0,52535600.333334096,40236166.66666726,0.0,0.0,0.0,20.93437579511529,0.3489062632519215,1.3489062632519215
5,50,20,4,100,0,True,True,True,True,1.0,51343222.33333432,39323166.66666742,0.0,0.0,0.0,21.420548808950787,0.3570091468158464,1.3570091468158465
6,50,20,4,100,0,True,True,True,True,0.994095014400358,49358320.00000104,37803333.33333413,0.0,0.0,0.0,22.28195773275867,0.3713659622126445,1.3654609766130026
7,50,20,4,100,0,True,True,True,True,0.9984369230769232,49571415.66666732,37966500.00000049,0.0,0.0,0.0,22.186172922624937,0.3697695487104155,1.3682064717873388
8,50,20,4,100,0,True,True,True,True,0.9936927116995942,51984903.66666776,39814500.00000084,0.0,0.0,0.0,21.156141926356625,0.3526023654392771,1.3462950771388713
9,50,20,4,100,0,True,True,True,True,0.9943019628797768,43269530.333333686,33141166.66666693,0.0,0.0,0.0,25.41742402858354,0.4236237338097257,1.4179256966895024
10,50,20,4,100,0,True,True,True,False,1.0,34678662.33333334,26563166.66666668,0.0,0.0,0.0,31.714026032165187,0.5285671005360865,1.5285671005360864
11,50,20,4,100,0,True,True,True,False,1.0,37609326.33333361,28807166.666666873,0.0,0.0,0.0,29.24274660631806,0.487379110105301,1.487379110105301
12,50,20,4,100,0,True,True,True,False,1.0,45237672.3333336,34648166.666666865,0.0,0.0,0.0,24.31159569608552,0.4051932616014253,1.405193261601425
13,50,20,4,100,0,True,True,True,False,1.0,44488246.00000041,34074333.33333365,0.0,0.0,0.0,24.721136454783807,0.4120189409130634,1.4120189409130637
14,50,20,4,100,0,True,True,True,False,1.0,43406007.333333686,33245666.66666694,0.0,0.0,0.0,25.337506662480045,0.4222917777080007,1.4222917777080006
15,50,20,4,100,0,True,True,True,False,1.0,49748596.33333421,38102166.66666733,0.0,0.0,0.0,22.107156403588323,0.368452606726472,1.3684526067264722
16,50,20,4,100,0,True,True,True,False,0.9732593159545904,43283896.33333391,33152166.6666671,0.0,0.0,0.0,25.408987941619735,0.4234831323603289,1.3967424483149191
17,50,20,4,100,0,True,True,True,False,0.8980070223065745,40872802.666666985,31306000.000000235,0.0,0.0,0.0,26.907868515141494,0.4484644752523583,1.3464714975589327
18,50,20,4,100,0,True,True,True,False,0.9773665248615178,44279939.00000045,33914833.33333369,0.0,0.0,0.0,24.837432589958823,0.4139572098326471,1.391323734694165
19,50,20,4,100,0,True,True,True,False,0.756724811421432,48764525.33333364,37348666.666666895,0.0,0.0,0.0,22.553280124890644,0.3758880020815107,1.1326128135029427
20,50,20,4,100,0,True,True,False,True,1.0,39036349.00000021,29899833.333333485,0.0,0.0,0.0,28.173741350657412,0.4695623558442902,1.4695623558442903
21,50,20,4,100,0,True,True,False,True,1.0,40422668.00000048,30961333.333333712,0.0,0.0,0.0,27.207506441682344,0.4534584406947057,1.4534584406947058
22,50,20,4,100,0,True,True,False,True,1.0,49882679.00000046,38204833.3333337,0.0,0.0,0.0,22.04773324223404,0.3674622207039006,1.3674622207039009
23,50,20,4,100,0,True,True,False,True,1.0,45853016.00000039,35119333.33333364,0.0,0.0,0.0,23.98533610090099,0.3997556016816831,1.3997556016816832
24,50,20,4,100,0,True,True,False,True,1.0,50414221.00000091,38611833.33333402,0.0,0.0,0.0,21.815273115099412,0.3635878852516568,1.3635878852516568
25,50,20,4,100,0,True,True,False,True,1.0,50146055.6666676,38406500.000000715,0.0,0.0,0.0,21.931934334190196,0.3655322389031699,1.36553223890317
26,50,20,4,100,0,True,True,False,True,0.9928268930707956,43935155.000000685,33650833.33333386,0.0,0.0,0.0,25.03234596532055,0.4172057660886758,1.4100326591594714
27,50,20,4,100,0,True,True,False,True,0.9980717757188344,47840312.666667014,36641000.00000026,0.0,0.0,0.0,22.988980186291535,0.3831496697715256,1.3812214454903602
28,50,20,4,100,0,True,True,False,True,0.9933202853791088,50110140.666667424,38379000.00000058,0.0,0.0,0.0,21.947653416418603,0.3657942236069767,1.3591145089860857
29,50,20,4,100,0,True,True,False,True,0.9955860280419374,45750059.66666705,35040500.000000305,0.0,0.0,0.0,24.039312910476948,0.4006552151746158,1.3962412432165532
30,50,20,4,100,0,True,True,False,False,1.0,31369693.66666647,24029499.99999985,0.0,0.0,0.0,35.05931590172494,0.5843219316954157,1.5843219316954156
31,50,20,4,100,0,True,True,False,False,1.0,37666790.33333355,28851166.66666683,0.0,0.0,0.0,29.19813422559454,0.4866355704265757,1.4866355704265757
32,50,20,4,100,0,True,True,False,False,1.0,43963887.000000276,33672833.33333355,0.0,0.0,0.0,25.015986416305573,0.4169331069384262,1.4169331069384263
33,50,20,4,100,0,True,True,False,False,1.0,47244123.66666721,36184500.0000004,0.0,0.0,0.0,23.279085622577796,0.3879847603762966,1.3879847603762965
34,50,20,4,100,0,True,True,False,False,1.0,43063617.66666697,32983500.00000024,0.0,0.0,0.0,25.53895978997814,0.425649329832969,1.4256493298329689
35,50,20,4,100,0,True,True,False,False,0.9712275733659742,44718102.00000055,34250333.33333376,0.0,0.0,0.0,24.594067073776664,0.4099011178962777,1.381128691262252
36,50,20,4,100,0,True,True,False,False,0.8057523817329519,39852816.66666699,30525000.00000025,0.0,0.0,0.0,27.596543782559685,0.4599423963759947,1.2656947781089467
37,50,20,4,100,0,True,True,False,False,1.0,36855111.33333339,28229666.666666716,0.0,0.0,0.0,29.84117969561775,0.4973529949269625,1.4973529949269626
38,50,20,4,100,0,True,True,False,False,0.8011457507491965,47866650.333334014,36661166.66666718,0.0,0.0,0.0,22.976330959889765,0.3829388493314961,1.1840846000806926
39,50,20,4,100,0,True,True,False,False,0.9406465129589678,46046957.000000305,35267833.333333574,0.0,0.0,0.0,23.884314440148405,0.3980719073358067,1.3387184202947746
40,50,20,4,100,0,True,False,True,True,1.0,37762563.66666678,28924500.000000093,0.0,0.0,0.0,29.124081979921275,0.4854013663320212,1.4854013663320211
41,50,20,4,100,0,True,False,True,True,1.0,47155533.33333437,36116666.66666746,0.0,0.0,0.0,23.32281966202572,0.388713661033762,1.388713661033762
42,50,20,4,100,0,True,False,True,True,0.9982320478503685,44962324.00000035,34437333.3333336,0.0,0.0,0.0,24.460479400486314,0.4076746566747719,1.4059067045251403
43,50,20,4,100,0,True,False,True,True,1.0,47545809.666667245,36415500.00000043,0.0,0.0,0.0,23.1313759868734,0.3855229331145567,1.3855229331145569
44,50,20,4,100,0,True,False,True,True,1.0,52535600.333334096,40236166.66666726,0.0,0.0,0.0,20.93437579511529,0.3489062632519215,1.3489062632519215
45,50,20,4,100,0,True,False,True,True,1.0,51343222.33333432,39323166.66666742,0.0,0.0,0.0,21.420548808950787,0.3570091468158464,1.3570091468158465
46,50,20,4,100,0,True,False,True,True,0.994095014400358,49358320.00000104,37803333.33333413,0.0,0.0,0.0,22.28195773275867,0.3713659622126445,1.3654609766130026
47,50,20,4,100,0,True,False,True,True,0.9984369230769232,49571415.66666732,37966500.00000049,0.0,0.0,0.0,22.186172922624937,0.3697695487104155,1.3682064717873388
48,50,20,4,100,0,True,False,True,True,0.9936927116995942,51984903.66666776,39814500.00000084,0.0,0.0,0.0,21.156141926356625,0.3526023654392771,1.3462950771388713
49,50,20,4,100,0,True,False,True,True,0.9943019628797768,43269530.333333686,33141166.66666693,0.0,0.0,0.0,25.41742402858354,0.4236237338097257,1.4179256966895024
50,50,20,4,100,0,True,False,True,False,1.0,34678662.33333334,26563166.66666668,0.0,0.0,0.0,31.714026032165187,0.5285671005360865,1.5285671005360864
51,50,20,4,100,0,True,False,True,False,1.0,37609326.33333361,28807166.666666873,0.0,0.0,0.0,29.24274660631806,0.487379110105301,1.487379110105301
52,50,20,4,100,0,True,False,True,False,1.0,45237672.3333336,34648166.666666865,0.0,0.0,0.0,24.31159569608552,0.4051932616014253,1.405193261601425
53,50,20,4,100,0,True,False,True,False,1.0,44488246.00000041,34074333.33333365,0.0,0.0,0.0,24.721136454783807,0.4120189409130634,1.4120189409130637
54,50,20,4,100,0,True,False,True,False,1.0,43406007.333333686,33245666.66666694,0.0,0.0,0.0,25.337506662480045,0.4222917777080007,1.4222917777080006
55,50,20,4,100,0,True,False,True,False,1.0,49748596.33333421,38102166.66666733,0.0,0.0,0.0,22.107156403588323,0.368452606726472,1.3684526067264722
56,50,20,4,100,0,True,False,True,False,0.9732593159545904,43283896.33333391,33152166.6666671,0.0,0.0,0.0,25.408987941619735,0.4234831323603289,1.3967424483149191
57,50,20,4,100,0,True,False,True,False,0.8980070223065745,40872802.666666985,31306000.000000235,0.0,0.0,0.0,26.907868515141494,0.4484644752523583,1.3464714975589327
58,50,20,4,100,0,True,False,True,False,0.9773665248615178,44279939.00000045,33914833.33333369,0.0,0.0,0.0,24.837432589958823,0.4139572098326471,1.391323734694165
59,50,20,4,100,0,True,False,True,False,0.756724811421432,48764525.33333364,37348666.666666895,0.0,0.0,0.0,22.553280124890644,0.3758880020815107,1.1326128135029427
60,50,20,4,100,0,True,False,False,True,0.9435280605681936,30462241.333332967,23334666.666666392,0.0,0.0,0.0,36.103712394811744,0.601728539913529,1.5452566004817228
61,50,20,4,100,0,True,False,False,True,0.9177144918103428,34781618.66666657,26641999.999999933,0.0,0.0,0.0,31.620150014870013,0.5270025002478336,1.4447169920581762
62,50,20,4,100,0,True,False,False,True,0.853569313404609,34410497.00000006,26357833.333333388,0.0,0.0,0.0,31.961177427922593,0.5326862904653765,1.3862556038699854
63,50,20,4,100,0,True,False,False,True,0.9540746435037852,42814607.0000004,32792833.333333645,0.0,0.0,0.0,25.687494924337148,0.4281249154056191,1.3821995589094045
64,50,20,4,100,0,True,False,False,True,0.9018538018825462,45960761.00000058,35201833.333333775,0.0,0.0,0.0,23.929107701240763,0.3988184616873461,1.3006722635698922
65,50,20,4,100,0,True,False,False,True,0.9050470877411734,40899140.33333369,31326166.666666936,0.0,0.0,0.0,26.890540755538545,0.4481756792589758,1.353222767000149
66,50,20,4,100,0,True,False,False,True,0.9084829127394938,40901534.666666895,31328000.000000183,0.0,0.0,0.0,26.888966611228227,0.4481494435204704,1.3566323562599645
67,50,20,4,100,0,True,False,False,True,0.9646876849787496,40958998.66666691,31372000.00000019,0.0,0.0,0.0,26.851242359472884,0.4475207059912147,1.4122083909699643
68,50,20,4,100,0,True,False,False,True,0.9403061141511204,39050715.00000012,29910833.33333343,0.0,0.0,0.0,28.16337677812037,0.4693896129686727,1.409695727119793
69,50,20,4,100,0,True,False,False,True,0.8870581205227481,46444416.33333369,35572166.66666693,0.0,0.0,0.0,23.67991863880225,0.394665310646704,1.281723431169452
70,50,20,4,100,0,True,False,False,False,0.9435280605681936,30462241.333332967,23334666.666666392,0.0,0.0,0.0,36.103712394811744,0.601728539913529,1.5452566004817228
71,50,20,4,100,0,True,False,False,False,0.9177144918103428,34781618.66666657,26641999.999999933,0.0,0.0,0.0,31.620150014870013,0.5270025002478336,1.4447169920581762
72,50,20,4,100,0,True,False,False,False,0.853569313404609,34410497.00000006,26357833.333333388,0.0,0.0,0.0,31.961177427922593,0.5326862904653765,1.3862556038699854
73,50,20,4,100,0,True,False,False,False,0.9540746435037852,42814607.0000004,32792833.333333645,0.0,0.0,0.0,25.687494924337148,0.4281249154056191,1.3821995589094045
74,50,20,4,100,0,True,False,False,False,0.9018538018825462,45960761.00000058,35201833.333333775,0.0,0.0,0.0,23.929107701240763,0.3988184616873461,1.3006722635698922
75,50,20,4,100,0,True,False,False,False,0.9050470877411734,40899140.33333369,31326166.666666936,0.0,0.0,0.0,26.890540755538545,0.4481756792589758,1.353222767000149
76,50,20,4,100,0,True,False,False,False,0.9084829127394938,40901534.666666895,31328000.000000183,0.0,0.0,0.0,26.888966611228227,0.4481494435204704,1.3566323562599645
77,50,20,4,100,0,True,False,False,False,0.9646876849787496,40958998.66666691,31372000.00000019,0.0,0.0,0.0,26.851242359472884,0.4475207059912147,1.4122083909699643
78,50,20,4,100,0,True,False,False,False,0.9403061141511204,39050715.00000012,29910833.33333343,0.0,0.0,0.0,28.16337677812037,0.4693896129686727,1.409695727119793
79,50,20,4,100,0,True,False,False,False,0.8870581205227481,46444416.33333369,35572166.66666693,0.0,0.0,0.0,23.67991863880225,0.394665310646704,1.281723431169452
80,50,20,4,100,0,False,True,True,True,0.9871579277724116,35916532.666666694,27511000.000000022,0.0,0.0,0.0,30.62099591313554,0.5103499318855923,1.497507859658004
81,50,20,4,100,0,False,True,True,True,0.9901990185387132,38816070.33333372,29731166.66666697,0.0,0.0,0.0,28.333625494684217,0.4722270915780703,1.4624261101167837
82,50,20,4,100,0,False,True,True,True,0.9744152140566952,44562470.3333336,34131166.666666865,0.0,0.0,0.0,24.679960329248804,0.4113326721541467,1.385747886210842
83,50,20,4,100,0,False,True,True,True,0.982824300381552,45163448.00000043,34591333.33333367,0.0,0.0,0.0,24.351550838190864,0.4058591806365144,1.3886834810180666
84,50,20,4,100,0,False,True,True,True,0.9718276189955876,43951915.33333382,33663666.66666705,0.0,0.0,0.0,25.022800295710766,0.4170466715951794,1.3888742905907672
85,50,20,4,100,0,False,True,True,True,1.0,42769114.66666715,32758000.000000387,0.0,0.0,0.0,25.71481800761118,0.428580300126853,1.4285803001268529
86,50,20,4,100,0,False,True,True,True,0.9847550935191164,46355826.00000074,35504333.3333339,0.0,0.0,0.0,23.725173185350695,0.3954195530891782,1.3801746466082947
87,50,20,4,100,0,False,True,True,True,0.9930137967705936,43410796.00000045,33249333.333333693,0.0,0.0,0.0,25.334711669419484,0.4222451944903247,1.4152589912609184
88,50,20,4,100,0,False,True,True,True,0.9855093078898224,39024377.33333364,29890666.6666669,0.0,0.0,0.0,28.18238432367193,0.469706405394532,1.4552157132843546
89,50,20,4,100,0,False,True,True,True,0.985614087606383,46403712.66666719,35541000.0000004,0.0,0.0,0.0,23.700689811184237,0.3950114968530706,1.3806255844594535
90,50,20,4,100,0,False,True,True,False,0.574502624568414,29509296.66666639,22604999.999999795,0.0,0.0,0.0,37.26961074075109,0.6211601790125182,1.1956628035809322
91,50,20,4,100,0,False,True,True,False,1.0,26830037.666666288,20553499.999999706,0.0,0.0,0.0,40.99136995869352,0.6831894993115586,1.6831894993115586
92,50,20,4,100,0,False,True,True,False,0.6316931260128379,33469524.00000004,25637333.33333337,0.0,0.0,0.0,32.85974428557749,0.5476624047596249,1.1793555307724628
93,50,20,4,100,0,False,True,True,False,0.8855006861123556,39742677.333333366,30440666.666666698,0.0,0.0,0.0,27.673022397954178,0.4612170399659029,1.3467177260782586
94,50,20,4,100,0,False,True,True,False,0.8457341433719378,35315555.00000006,27050833.333333384,0.0,0.0,0.0,31.14208455735718,0.5190347426226196,1.3647688859945577
95,50,20,4,100,0,False,True,True,False,1.0,36627649.66666658,28055499.99999994,0.0,0.0,0.0,30.026496649630396,0.5004416108271733,1.5004416108271732
96,50,20,4,100,0,False,True,True,False,0.7365771287326119,38401850.66666702,29414000.00000027,0.0,0.0,0.0,28.63924474750982,0.4773207457918303,1.2138978745244424
97,50,20,4,100,0,False,True,True,False,1.0,29681688.666666336,22736999.999999743,0.0,0.0,0.0,37.053147897043914,0.6175524649507319,1.617552464950732
98,50,20,4,100,0,False,True,True,False,0.8723418950742227,38183966.33333349,29247166.66666679,0.0,0.0,0.0,28.802665244335987,0.4800444207389331,1.3523863158131555
99,50,20,4,100,0,False,True,True,False,1.0,31803067.99999989,24361333.333333258,0.0,0.0,0.0,34.58156930016953,0.5763594883361588,1.576359488336159
100,50,20,4,100,0,False,True,False,True,0.9926390054981256,35303583.333333544,27041666.66666683,0.0,0.0,0.0,31.152645033672034,0.5192107505612006,1.511849756059326
101,50,20,4,100,0,False,True,False,True,0.9906603481087092,38957336.00000041,29839333.33333365,0.0,0.0,0.0,28.230883138415532,0.4705147189735922,1.4611750670823014
102,50,20,4,100,0,False,True,False,True,0.9393057859567278,47746933.66666711,36569500.00000035,0.0,0.0,0.0,23.033939889794173,0.3838989981632362,1.323204784119964
103,50,20,4,100,0,False,True,False,True,0.9888042441448014,47016662.000000514,36010333.33333372,0.0,0.0,0.0,23.391707390881727,0.3898617898480288,1.3786660339928305
104,50,20,4,100,0,False,True,False,True,0.9737473086709728,45309502.33333391,34703166.66666711,0.0,0.0,0.0,24.27305406951875,0.4045509011586458,1.3782982098296186
105,50,20,4,100,0,False,True,False,True,1.0,47436000.33333399,36331166.66666717,0.0,0.0,0.0,23.18492268048902,0.3864153780081503,1.3864153780081503
106,50,20,4,100,0,False,True,False,True,0.9823223942196556,47665526.333334215,36507166.66666734,0.0,0.0,0.0,23.073279256561367,0.3845546542760228,1.3668770484956785
107,50,20,4,100,0,False,True,False,True,0.993041258735772,48537063.66666734,37174500.000000514,0.0,0.0,0.0,22.658972688438173,0.3776495448073029,1.3706908035430747
108,50,20,4,100,0,False,True,False,True,0.9836759396152028,46616808.33333399,35704166.66666716,0.0,0.0,0.0,23.592348754034557,0.3932058125672426,1.3768817521824457
109,50,20,4,100,0,False,True,False,True,0.9746965218389484,54872469.66666739,42025500.000000566,0.0,0.0,0.0,20.042837632075457,0.3340472938679242,1.3087438157068727
110,50,20,4,100,0,False,True,False,False,0.6533752892406733,33732900.66666659,25838999.999999944,0.0,0.0,0.0,32.60318496970453,0.5433864161617421,1.1967617054024156
111,50,20,4,100,0,False,True,False,False,1.0,27861995.33333295,21343666.66666637,0.0,0.0,0.0,39.47312411915612,0.6578854019859353,1.6578854019859353
112,50,20,4,100,0,False,True,False,False,0.5403337768851917,35159923.333333306,26931666.66666664,0.0,0.0,0.0,31.27993168737477,0.5213321947895795,1.0616659716747712
113,50,20,4,100,0,False,True,False,False,0.9111575794512966,38986068.00000008,29861333.3333334,0.0,0.0,0.0,28.210077507688073,0.4701679584614678,1.3813255379127645
114,50,20,4,100,0,False,True,False,False,0.7797901220804406,35751323.66666673,27384500.000000056,0.0,0.0,0.0,30.762497362451914,0.5127082893741985,1.2924984114546392
115,50,20,4,100,0,False,True,False,False,1.0,37231021.666666746,28517500.00000006,0.0,0.0,0.0,29.539882355274187,0.4923313725879031,1.492331372587903
116,50,20,4,100,0,False,True,False,False,0.7861228537760904,42711650.666667014,32714000.000000272,0.0,0.0,0.0,25.749414570350588,0.4291569095058431,1.2152797632819334
117,50,20,4,100,0,False,True,False,False,1.0,30423931.999999784,23305333.33333317,0.0,0.0,0.0,36.14917361766414,0.602486226961069,1.602486226961069
118,50,20,4,100,0,False,True,False,False,0.895768477386123,34843871.33333341,26689666.666666724,0.0,0.0,0.0,31.563656904790474,0.5260609484131745,1.4218294257992974
119,50,20,4,100,0,False,True,False,False,1.0,35681888.00000003,27331333.33333336,0.0,0.0,0.0,30.822360072426633,0.5137060012071105,1.5137060012071104
120,50,20,4,100,0,False,False,True,True,0.9871579277724116,35916532.666666694,27511000.000000022,0.0,0.0,0.0,30.62099591313554,0.5103499318855923,1.497507859658004
121,50,20,4,100,0,False,False,True,True,0.9901990185387132,38816070.33333372,29731166.66666697,0.0,0.0,0.0,28.333625494684217,0.4722270915780703,1.4624261101167837
122,50,20,4,100,0,False,False,True,True,0.9744152140566952,44562470.3333336,34131166.666666865,0.0,0.0,0.0,24.679960329248804,0.4113326721541467,1.385747886210842
123,50,20,4,100,0,False,False,True,True,0.982824300381552,45163448.00000043,34591333.33333367,0.0,0.0,0.0,24.351550838190864,0.4058591806365144,1.3886834810180666
124,50,20,4,100,0,False,False,True,True,0.9718276189955876,43951915.33333382,33663666.66666705,0.0,0.0,0.0,25.022800295710766,0.4170466715951794,1.3888742905907672
125,50,20,4,100,0,False,False,True,True,1.0,42769114.66666715,32758000.000000387,0.0,0.0,0.0,25.71481800761118,0.428580300126853,1.4285803001268529
126,50,20,4,100,0,False,False,True,True,0.9847550935191164,46355826.00000074,35504333.3333339,0.0,0.0,0.0,23.725173185350695,0.3954195530891782,1.3801746466082947
127,50,20,4,100,0,False,False,True,True,0.9930137967705936,43410796.00000045,33249333.333333693,0.0,0.0,0.0,25.334711669419484,0.4222451944903247,1.4152589912609184
128,50,20,4,100,0,False,False,True,True,0.9855093078898224,39024377.33333364,29890666.6666669,0.0,0.0,0.0,28.18238432367193,0.469706405394532,1.4552157132843546
129,50,20,4,100,0,False,False,True,True,0.985614087606383,46403712.66666719,35541000.0000004,0.0,0.0,0.0,23.700689811184237,0.3950114968530706,1.3806255844594535
130,50,20,4,100,0,False,False,True,False,0.574502624568414,29509296.66666639,22604999.999999795,0.0,0.0,0.0,37.26961074075109,0.6211601790125182,1.1956628035809322
131,50,20,4,100,0,False,False,True,False,1.0,26830037.666666288,20553499.999999706,0.0,0.0,0.0,40.99136995869352,0.6831894993115586,1.6831894993115586
132,50,20,4,100,0,False,False,True,False,0.6316931260128379,33469524.00000004,25637333.33333337,0.0,0.0,0.0,32.85974428557749,0.5476624047596249,1.1793555307724628
133,50,20,4,100,0,False,False,True,False,0.8855006861123556,39742677.333333366,30440666.666666698,0.0,0.0,0.0,27.673022397954178,0.4612170399659029,1.3467177260782586
134,50,20,4,100,0,False,False,True,False,0.8457341433719378,35315555.00000006,27050833.333333384,0.0,0.0,0.0,31.14208455735718,0.5190347426226196,1.3647688859945577
135,50,20,4,100,0,False,False,True,False,1.0,36627649.66666658,28055499.99999994,0.0,0.0,0.0,30.026496649630396,0.5004416108271733,1.5004416108271732
136,50,20,4,100,0,False,False,True,False,0.7365771287326119,38401850.66666702,29414000.00000027,0.0,0.0,0.0,28.63924474750982,0.4773207457918303,1.2138978745244424
137,50,20,4,100,0,False,False,True,False,1.0,29681688.666666336,22736999.999999743,0.0,0.0,0.0,37.053147897043914,0.6175524649507319,1.617552464950732
138,50,20,4,100,0,False,False,True,False,0.8723418950742227,38183966.33333349,29247166.66666679,0.0,0.0,0.0,28.802665244335987,0.4800444207389331,1.3523863158131555
139,50,20,4,100,0,False,False,True,False,1.0,31803067.99999989,24361333.333333258,0.0,0.0,0.0,34.58156930016953,0.5763594883361588,1.576359488336159
140,50,20,4,100,0,False,False,False,True,0.9614020752077428,20276747.33333319,15535666.666666558,0.0,0.0,0.0,54.239468585379335,0.9039911430896556,1.8653932182973985
141,50,20,4,100,0,False,False,False,True,0.9642049523463048,25544280.666666377,19568999.999999784,0.0,0.0,0.0,43.05464751000671,0.7175774585001118,1.6817824108464166
142,50,20,4,100,0,False,False,False,True,0.887796650734754,23980780.99999986,18371833.33333322,0.0,0.0,0.0,45.861725687749974,0.764362094795833,1.652158745530587
143,50,20,4,100,0,False,False,False,True,0.9111609429809516,33201358.66666649,25431999.999999862,0.0,0.0,0.0,33.12515042055124,0.5520858403425207,1.463246783323472
144,50,20,4,100,0,False,False,False,True,0.7083118775355924,27442986.999999676,21022833.33333309,0.0,0.0,0.0,40.07581244709306,0.667930207451551,1.3762420849871435
145,50,20,4,100,0,False,False,False,True,0.8747821830027681,29123808.99999965,22309833.333333064,0.0,0.0,0.0,37.76291761836555,0.6293819603060925,1.5041641433088606
146,50,20,4,100,0,False,False,False,True,0.8022490627465269,30929136.33333298,23692166.666666396,0.0,0.0,0.0,35.558703875436784,0.5926450645906131,1.3948941273371398
147,50,20,4,100,0,False,False,False,True,0.9519529225218066,30615478.66666647,23451999.999999847,0.0,0.0,0.0,35.92300522145488,0.5987167536909147,1.5506696762127214
148,50,20,4,100,0,False,False,False,True,0.8620241321438763,39208741.000000305,30031833.333333574,0.0,0.0,0.0,28.049867757804098,0.4674977959634016,1.329521928107278
149,50,20,4,100,0,False,False,False,True,0.7779891755147638,36462440.66666664,27928999.99999999,0.0,0.0,0.0,30.162544796553316,0.5027090799425553,1.280698255457319
150,50,20,4,100,0,False,False,False,False,0.9614020752077428,20276747.33333319,15535666.666666558,0.0,0.0,0.0,54.239468585379335,0.9039911430896556,1.8653932182973985
151,50,20,4,100,0,False,False,False,False,0.9642049523463048,25544280.666666377,19568999.999999784,0.0,0.0,0.0,43.05464751000671,0.7175774585001118,1.6817824108464166
152,50,20,4,100,0,False,False,False,False,0.887796650734754,23980780.99999986,18371833.33333322,0.0,0.0,0.0,45.861725687749974,0.764362094795833,1.652158745530587
153,50,20,4,100,0,False,False,False,False,0.9111609429809516,33201358.66666649,25431999.999999862,0.0,0.0,0.0,33.12515042055124,0.5520858403425207,1.463246783323472
154,50,20,4,100,0,False,False,False,False,0.7083118775355924,27442986.999999676,21022833.33333309,0.0,0.0,0.0,40.07581244709306,0.667930207451551,1.3762420849871435
155,50,20,4,100,0,False,False,False,False,0.8747821830027681,29123808.99999965,22309833.333333064,0.0,0.0,0.0,37.76291761836555,0.6293819603060925,1.5041641433088606
156,50,20,4,100,0,False,False,False,False,0.8022490627465269,30929136.33333298,23692166.666666396,0.0,0.0,0.0,35.558703875436784,0.5926450645906131,1.3948941273371398
157,50,20,4,100,0,False,False,False,False,0.9519529225218066,30615478.66666647,23451999.999999847,0.0,0.0,0.0,35.92300522145488,0.5987167536909147,1.5506696762127214
158,50,20,4,100,0,False,False,False,False,0.8620241321438763,39208741.000000305,30031833.333333574,0.0,0.0,0.0,28.049867757804098,0.4674977959634016,1.329521928107278
159,50,20,4,100,0,False,False,False,False,0.7779891755147638,36462440.66666664,27928999.99999999,0.0,0.0,0.0,30.162544796553316,0.5027090799425553,1.280698255457319
160,100,20,4,100,0,True,True,True,True,0.9497306287450228,80029729.9999988,61288333.3333324,0.0,0.0,0.0,13.742392983207823,0.2290398830534637,1.1787705117984866
161,100,20,4,100,0,True,True,True,True,0.9656080387666508,78875661.33333234,60404666.66666588,0.0,0.0,0.0,13.943464706459856,0.2323910784409976,1.1979991172076483
162,100,20,4,100,0,True,True,True,True,0.9813212642397036,95379800.9999969,73041833.33333096,0.0,0.0,0.0,11.530743285992342,0.192179054766539,1.1735003190062423
163,100,20,4,100,0,True,True,True,True,0.9649068816560832,93354194.99999703,71490833.33333106,0.0,0.0,0.0,11.780938178515006,0.1963489696419167,1.161255851298
164,100,20,4,100,0,True,True,True,True,0.9353970850551124,81042532.99999867,62063833.333332315,0.0,0.0,0.0,13.570651845247951,0.2261775307541325,1.161574615809245
165,100,20,4,100,0,True,True,True,True,0.9509865930630076,91326194.66666365,69937999.99999768,0.0,0.0,0.0,12.042547091929306,0.2007091181988217,1.1516957112618291
166,100,20,4,100,0,True,True,True,True,0.9737252790830688,83654750.66666536,64063999.999998994,0.0,0.0,0.0,13.146892331104,0.2191148721850666,1.1928401512681353
167,100,20,4,100,0,True,True,True,True,0.9547542115478256,92999833.66666336,71219499.99999747,0.0,0.0,0.0,11.825827602466278,0.1970971267077713,1.1518513382555968
168,100,20,4,100,0,True,True,True,True,0.9318059053739126,94228126.66666403,72159999.99999797,0.0,0.0,0.0,11.671674253809469,0.1945279042301578,1.1263338096040705
169,100,20,4,100,0,True,True,True,True,0.9170932731048728,100893950.66666278,77263999.99999702,0.0,0.0,0.0,10.900554421082791,0.1816759070180465,1.0987691801229191
170,100,20,4,100,0,True,True,True,False,0.7076654374251945,75758239.33333273,58017666.66666621,0.0,0.0,0.0,14.517232840654218,0.2419538806775703,0.9496193181027648
171,100,20,4,100,0,True,True,True,False,0.6864894930236508,67871305.33333392,51978666.666667104,0.0,0.0,0.0,16.204196966576543,0.2700699494429424,0.9565594424665932
172,100,20,4,100,0,True,True,True,False,0.5937341084065547,71201823.00000001,54528833.333333336,0.0,0.0,0.0,15.44623372915606,0.2574372288192676,0.8511713372258224
173,100,20,4,100,0,True,True,True,False,0.60271094280406,68156230.99999973,52196833.33333311,0.0,0.0,0.0,16.136455667567713,0.2689409277927952,0.8716518705968552
174,100,20,4,100,0,True,True,True,False,0.8876052285934832,53852483.666667536,41244500.000000656,0.0,0.0,0.0,20.422456405306537,0.3403742734217756,1.2279795020152589
175,100,20,4,100,0,True,True,True,False,0.7077431777061162,66307805.66666739,50781500.000000544,0.0,0.0,0.0,16.58628254912776,0.2764380424854626,0.9841812201915788
176,100,20,4,100,0,True,True,True,False,0.6650075403817727,61483224.00000178,47087333.33333469,0.0,0.0,0.0,17.887806273788897,0.2981301045631482,0.9631376449449208
177,100,20,4,100,0,True,True,True,False,0.8221421425765446,71029430.99999973,54396833.333333135,0.0,0.0,0.0,15.483722514967129,0.2580620419161188,1.0802041844926635
178,100,20,4,100,0,True,True,True,False,0.557402273815673,71381398.00000016,54666333.33333345,0.0,0.0,0.0,15.407375462161689,0.2567895910360281,0.8141918648517011
179,100,20,4,100,0,True,True,True,False,0.5652315087851458,71165907.99999973,54501333.33333312,0.0,0.0,0.0,15.45402891508114,0.2575671485846856,0.8227986573698315
180,100,20,4,100,0,True,True,False,True,0.9655524684417524,88512852.99999785,67783833.33333167,0.0,0.0,0.0,12.425314095344172,0.2070885682557362,1.1726410366974886
181,100,20,4,100,0,True,True,False,True,0.9622902273680074,83139968.99999799,63669833.33333177,0.0,0.0,0.0,13.228294564315108,0.2204715760719184,1.182761803439926
182,100,20,4,100,0,True,True,False,True,0.9619781217546516,90868876.99999696,69587833.333331,0.0,0.0,0.0,12.103153866422678,0.2017192311070446,1.1636973528616965
183,100,20,4,100,0,True,True,False,True,0.946994402675938,89856073.99999747,68812333.33333139,0.0,0.0,0.0,12.239573253556916,0.2039928875592819,1.15098729023522
184,100,20,4,100,0,True,True,False,True,0.9447240083806716,76043164.99999912,58235833.33333262,0.0,0.0,0.0,14.462838310320365,0.241047305172006,1.1857713135526775
185,100,20,4,100,0,True,True,False,True,0.9404474200836,88828904.99999747,68025833.33333138,0.0,0.0,0.0,12.381105001801288,0.2063517500300214,1.1467991701136215
186,100,20,4,100,0,True,True,False,True,0.9545346530408834,80958731.33333212,61999666.66666575,0.0,0.0,0.0,13.584699042179691,0.2264116507029948,1.1809463037438783
187,100,20,4,100,0,True,True,False,True,0.922705643598264,87136111.33333117,66729666.66666502,0.0,0.0,0.0,12.621632790024522,0.2103605465004087,1.1330661900986727
188,100,20,4,100,0,True,True,False,True,0.9684374236250688,88532007.66666466,67798499.99999847,0.0,0.0,0.0,12.422625771019453,0.2070437628503242,1.175481186475393
189,100,20,4,100,0,True,True,False,True,0.7498767489181167,101494928.3333299,77724166.66666403,0.0,0.0,0.0,10.8360094249048,0.1806001570817466,0.9304769059998634
190,100,20,4,100,0,True,True,False,False,0.7965328333374679,75327259.33333261,57687666.66666611,0.0,0.0,0.0,14.600292241262176,0.2433382040210362,1.0398710373585045
191,100,20,4,100,0,True,True,False,False,0.7290934785514298,65591900.000000775,50233333.33333392,0.0,0.0,0.0,16.767314256790655,0.2794552376131776,1.0085487161646074
192,100,20,4,100,0,True,True,False,False,0.6919859237048587,73897842.33333263,56593166.66666612,0.0,0.0,0.0,14.882707874461447,0.2480451312410241,0.9400310549458828
193,100,20,4,100,0,True,True,False,False,0.6359119884264455,67576802.33333345,51753166.66666675,0.0,0.0,0.0,16.27481564716631,0.2712469274527718,0.9071589158792172
194,100,20,4,100,0,True,True,False,False,0.8448822412968453,60860697.333334416,46610666.66666749,0.0,0.0,0.0,18.07077552819332,0.3011795921365553,1.1460618334334003
195,100,20,4,100,0,True,True,False,False,0.7661287956256293,67988627.66666687,52068500.000000134,0.0,0.0,0.0,16.17623472843245,0.2696039121405408,1.0357327077661702
196,100,20,4,100,0,True,True,False,False,0.7690002847778317,66482592.0000007,50915333.33333385,0.0,0.0,0.0,16.542676314425112,0.2757112719070852,1.0447115566849168
197,100,20,4,100,0,True,True,False,False,0.8562995081270244,62821656.33333402,48112166.666667186,0.0,0.0,0.0,17.506701736172328,0.2917783622695388,1.148077870396563
198,100,20,4,100,0,True,True,False,False,0.5915551605184824,76265837.99999933,58406333.333332814,0.0,0.0,0.0,14.420611230942086,0.2403435205157014,0.8318986810341839
199,100,20,4,100,0,True,True,False,False,0.6067601876301367,74261890.99999966,56871833.33333306,0.0,0.0,0.0,14.809749458171016,0.2468291576361836,0.8535893452663204
200,100,20,4,100,0,True,False,True,True,0.9497306287450228,80029729.9999988,61288333.3333324,0.0,0.0,0.0,13.742392983207823,0.2290398830534637,1.1787705117984866
201,100,20,4,100,0,True,False,True,True,0.9656080387666508,78875661.33333234,60404666.66666588,0.0,0.0,0.0,13.943464706459856,0.2323910784409976,1.1979991172076483
202,100,20,4,100,0,True,False,True,True,0.9813212642397036,95379800.9999969,73041833.33333096,0.0,0.0,0.0,11.530743285992342,0.192179054766539,1.1735003190062423
203,100,20,4,100,0,True,False,True,True,0.9649068816560832,93354194.99999703,71490833.33333106,0.0,0.0,0.0,11.780938178515006,0.1963489696419167,1.161255851298
204,100,20,4,100,0,True,False,True,True,0.9353970850551124,81042532.99999867,62063833.333332315,0.0,0.0,0.0,13.570651845247951,0.2261775307541325,1.161574615809245
205,100,20,4,100,0,True,False,True,True,0.9509865930630076,91326194.66666365,69937999.99999768,0.0,0.0,0.0,12.042547091929306,0.2007091181988217,1.1516957112618291
206,100,20,4,100,0,True,False,True,True,0.9737252790830688,83654750.66666536,64063999.999998994,0.0,0.0,0.0,13.146892331104,0.2191148721850666,1.1928401512681353
207,100,20,4,100,0,True,False,True,True,0.9547542115478256,92999833.66666336,71219499.99999747,0.0,0.0,0.0,11.825827602466278,0.1970971267077713,1.1518513382555968
208,100,20,4,100,0,True,False,True,True,0.9318059053739126,94228126.66666403,72159999.99999797,0.0,0.0,0.0,11.671674253809469,0.1945279042301578,1.1263338096040705
209,100,20,4,100,0,True,False,True,True,0.9170932731048728,100893950.66666278,77263999.99999702,0.0,0.0,0.0,10.900554421082791,0.1816759070180465,1.0987691801229191
210,100,20,4,100,0,True,False,True,False,0.7076654374251945,75758239.33333273,58017666.66666621,0.0,0.0,0.0,14.517232840654218,0.2419538806775703,0.9496193181027648
211,100,20,4,100,0,True,False,True,False,0.6864894930236508,67871305.33333392,51978666.666667104,0.0,0.0,0.0,16.204196966576543,0.2700699494429424,0.9565594424665932
212,100,20,4,100,0,True,False,True,False,0.5937341084065547,71201823.00000001,54528833.333333336,0.0,0.0,0.0,15.44623372915606,0.2574372288192676,0.8511713372258224
213,100,20,4,100,0,True,False,True,False,0.60271094280406,68156230.99999973,52196833.33333311,0.0,0.0,0.0,16.136455667567713,0.2689409277927952,0.8716518705968552
214,100,20,4,100,0,True,False,True,False,0.8876052285934832,53852483.666667536,41244500.000000656,0.0,0.0,0.0,20.422456405306537,0.3403742734217756,1.2279795020152589
215,100,20,4,100,0,True,False,True,False,0.7077431777061162,66307805.66666739,50781500.000000544,0.0,0.0,0.0,16.58628254912776,0.2764380424854626,0.9841812201915788
216,100,20,4,100,0,True,False,True,False,0.6650075403817727,61483224.00000178,47087333.33333469,0.0,0.0,0.0,17.887806273788897,0.2981301045631482,0.9631376449449208
217,100,20,4,100,0,True,False,True,False,0.8221421425765446,71029430.99999973,54396833.333333135,0.0,0.0,0.0,15.483722514967129,0.2580620419161188,1.0802041844926635
218,100,20,4,100,0,True,False,True,False,0.557402273815673,71381398.00000016,54666333.33333345,0.0,0.0,0.0,15.407375462161689,0.2567895910360281,0.8141918648517011
219,100,20,4,100,0,True,False,True,False,0.5652315087851458,71165907.99999973,54501333.33333312,0.0,0.0,0.0,15.45402891508114,0.2575671485846856,0.8227986573698315
220,100,20,4,100,0,True,False,False,True,0.6653293528042064,54357688.00000142,41631333.33333442,0.0,0.0,0.0,20.232648599770673,0.3372108099961778,1.0025401628003845
221,100,20,4,100,0,True,False,False,True,0.7676456860816806,54214028.000001445,41521333.333334446,0.0,0.0,0.0,20.286262441152143,0.3381043740192024,1.105750060100883
222,100,20,4,100,0,True,False,False,True,0.7359101919384067,52269829.33333451,40032666.66666757,0.0,0.0,0.0,21.04081865250351,0.3506803108750585,1.0865905028134653
223,100,20,4,100,0,True,False,False,True,0.6756826526439833,51288152.66666767,39281000.00000077,0.0,0.0,0.0,21.443548710904604,0.3573924785150767,1.03307513115906
224,100,20,4,100,0,True,False,False,True,0.8757527523470542,46928071.666667245,35942500.00000045,0.0,0.0,0.0,23.43586601665506,0.3905977669442509,1.2663505192913052
225,100,20,4,100,0,True,False,False,True,0.7107215186056894,56701740.33333476,43426166.66666775,0.0,0.0,0.0,19.396230054572616,0.3232705009095436,1.033992019515233
226,100,20,4,100,0,True,False,False,True,0.7770857130603707,53634599.333334595,41077666.666667625,0.0,0.0,0.0,20.50542026360324,0.3417570043933873,1.118842717453758
227,100,20,4,100,0,True,False,False,True,0.6901547699180416,62915035.333334416,48183666.666667506,0.0,0.0,0.0,17.480718149057296,0.2913453024842882,0.9815000724023298
228,100,20,4,100,0,True,False,False,True,0.6815442787401434,53847695.000001505,41240833.33333449,0.0,0.0,0.0,20.424272570998056,0.3404045428499676,1.0219488215901111
229,100,20,4,100,0,True,False,False,True,0.6455053752190223,57317084.00000153,43897333.33333451,0.0,0.0,0.0,19.18799637469294,0.3197999395782157,0.965305314797238
230,100,20,4,100,0,True,False,False,False,0.6653293528042064,54357688.00000142,41631333.33333442,0.0,0.0,0.0,20.232648599770673,0.3372108099961778,1.0025401628003845
231,100,20,4,100,0,True,False,False,False,0.7676456860816806,54214028.000001445,41521333.333334446,0.0,0.0,0.0,20.286262441152143,0.3381043740192024,1.105750060100883
232,100,20,4,100,0,True,False,False,False,0.7359101919384067,52269829.33333451,40032666.66666757,0.0,0.0,0.0,21.04081865250351,0.3506803108750585,1.0865905028134653
233,100,20,4,100,0,True,False,False,False,0.6756826526439833,51288152.66666767,39281000.00000077,0.0,0.0,0.0,21.443548710904604,0.3573924785150767,1.03307513115906
234,100,20,4,100,0,True,False,False,False,0.8757527523470542,46928071.666667245,35942500.00000045,0.0,0.0,0.0,23.43586601665506,0.3905977669442509,1.2663505192913052
235,100,20,4,100,0,True,False,False,False,0.7107215186056894,56701740.33333476,43426166.66666775,0.0,0.0,0.0,19.396230054572616,0.3232705009095436,1.033992019515233
236,100,20,4,100,0,True,False,False,False,0.7770857130603707,53634599.333334595,41077666.666667625,0.0,0.0,0.0,20.50542026360324,0.3417570043933873,1.118842717453758
237,100,20,4,100,0,True,False,False,False,0.6901547699180416,62915035.333334416,48183666.666667506,0.0,0.0,0.0,17.480718149057296,0.2913453024842882,0.9815000724023298
238,100,20,4,100,0,True,False,False,False,0.6815442787401434,53847695.000001505,41240833.33333449,0.0,0.0,0.0,20.424272570998056,0.3404045428499676,1.0219488215901111
239,100,20,4,100,0,True,False,False,False,0.6455053752190223,57317084.00000153,43897333.33333451,0.0,0.0,0.0,19.18799637469294,0.3197999395782157,0.965305314797238
240,100,20,4,100,0,False,True,True,True,0.930967035680437,83451232.33333157,63908166.66666532,0.0,0.0,0.0,13.178954573217544,0.219649242886959,1.150616278567396
241,100,20,4,100,0,False,True,True,True,0.8299811124235789,72916165.66666579,55841499.999999315,0.0,0.0,0.0,15.083075062225635,0.2513845843704272,1.0813656967940062
242,100,20,4,100,0,False,True,True,True,0.9224224857540904,92494629.33333065,70832666.6666646,0.0,0.0,0.0,11.890420102518153,0.1981736683753025,1.120596154129393
243,100,20,4,100,0,False,True,True,True,0.8922048682918723,82953210.99999842,63526833.33333212,0.0,0.0,0.0,13.25807629074203,0.2209679381790338,1.113172806470906
244,100,20,4,100,0,False,True,True,True,0.837547441734241,73888264.99999936,56585833.33333284,0.0,0.0,0.0,14.884636958250535,0.2480772826375089,1.0856247243717498
245,100,20,4,100,0,False,True,True,True,0.7967659459817096,83465598.33333157,63919166.666665345,0.0,0.0,0.0,13.176686227154264,0.2196114371192377,1.0163773831009473
246,100,20,4,100,0,False,True,True,True,0.8797975742870229,72387017.9999995,55436333.33333292,0.0,0.0,0.0,15.19333204194166,0.2532222006990277,1.1330197749860504
247,100,20,4,100,0,False,True,True,True,0.8491917269538833,83300389.33333169,63792666.66666538,0.0,0.0,0.0,13.2028194442055,0.2200469907367583,1.0692387176906415
248,100,20,4,100,0,False,True,True,True,0.8318627421318848,93342223.33333012,71481666.66666423,0.0,0.0,0.0,11.782449150290269,0.1963741525048378,1.0282368946367226
249,100,20,4,100,0,False,True,True,True,0.7866449277967076,84547836.99999857,64747833.33333221,0.0,0.0,0.0,13.008020536350546,0.2168003422725091,1.003445270069217
250,100,20,4,100,0,False,True,True,False,0.7517555616789204,62213495.66666813,47646500.000001125,0.0,0.0,0.0,17.677836427848167,0.2946306071308028,1.0463861688097231
251,100,20,4,100,0,False,True,True,False,0.9150834095345822,49257758.000001095,37726333.333334185,0.0,0.0,0.0,22.327447384023763,0.3721241230670627,1.287207532601645
252,100,20,4,100,0,False,True,True,False,0.7058598569739112,58047355.666668035,44456500.00000105,0.0,0.0,0.0,18.94659950257695,0.3157766583762825,1.0216365153501936
253,100,20,4,100,0,False,True,True,False,0.559751720216918,66506535.33333353,50933666.666666806,0.0,0.0,0.0,16.536720707036633,0.2756120117839439,0.8353637320008619
254,100,20,4,100,0,False,True,True,False,0.7158350225390147,57817499.66666757,44280500.000000685,0.0,0.0,0.0,19.02192253799669,0.3170320422999448,1.0328670648389595
255,100,20,4,100,0,False,True,True,False,0.7220422310844344,50464502.000000656,38650333.33333383,0.0,0.0,0.0,21.79353716796781,0.3632256194661301,1.0852678505505646
256,100,20,4,100,0,False,True,True,False,0.7560145269011334,49015930.33333389,37541166.66666709,0.0,0.0,0.0,22.43760329592413,0.3739600549320688,1.1299745818332023
257,100,20,4,100,0,False,True,True,False,0.666853121821733,56376111.00000131,43176833.333334334,0.0,0.0,0.0,19.50826299458603,0.3251377165764338,0.9919908383981668
258,100,20,4,100,0,False,True,True,False,0.5308897883942814,63688405.0000011,48775833.33333416,0.0,0.0,0.0,17.26844941398644,0.2878074902331073,0.8186972786273887
259,100,20,4,100,0,False,True,True,False,0.3959877779290557,58976357.00000115,45167833.33333423,0.0,0.0,0.0,18.648150817453487,0.3108025136242248,0.7067902915532805
260,100,20,4,100,0,False,True,False,True,0.916975117124402,83503907.66666463,63948499.99999842,0.0,0.0,0.0,13.170641120056809,0.2195106853342801,1.136485802458682
261,100,20,4,100,0,False,True,False,True,0.8405873970206688,70399721.33333339,53914666.6666667,0.0,0.0,0.0,15.622220928866922,0.2603703488144487,1.1009577458351174
262,100,20,4,100,0,False,True,False,True,0.9236705845884416,89250307.66666444,68348499.99999827,0.0,0.0,0.0,12.322646596441732,0.2053774432740288,1.1290480278624706
263,100,20,4,100,0,False,True,False,True,0.903925865443759,82534202.66666512,63205999.9999988,0.0,0.0,0.0,13.32538468253962,0.2220897447089936,1.1260156101527523
264,100,20,4,100,0,False,True,False,True,0.8890450154378933,75150078.66666584,57551999.99999934,0.0,0.0,0.0,14.634715219371234,0.2439119203228539,1.1329569357607472
265,100,20,4,100,0,False,True,False,True,0.8433341094995966,82218150.66666558,62963999.99999917,0.0,0.0,0.0,13.376608341129977,0.2229434723521662,1.066277581851763
266,100,20,4,100,0,False,True,False,True,0.8105190940389275,66681321.66666692,51067500.000000186,0.0,0.0,0.0,16.493374343984772,0.2748895723997462,1.0854086664386735
267,100,20,4,100,0,False,True,False,True,0.866404760379448,88484120.99999812,67761833.33333188,0.0,0.0,0.0,12.429348764170053,0.2071558127361675,1.0735605731156157
268,100,20,4,100,0,False,True,False,True,0.8994046460811854,90390010.3333312,69221166.66666503,0.0,0.0,0.0,12.167273750099906,0.2027878958349984,1.1021925419161838
269,100,20,4,100,0,False,True,False,True,0.8016032793450762,78047221.9999993,59770333.33333281,0.0,0.0,0.0,14.09146888021216,0.2348578146702026,1.036461094015279
270,100,20,4,100,0,False,True,False,False,0.5740420254729651,64282199.66666727,49230500.00000045,0.0,0.0,0.0,17.108935377180124,0.2851489229530021,0.8591909484259672
271,100,20,4,100,0,False,True,False,False,0.9429752816501572,52526023.00000125,40228833.3333343,0.0,0.0,0.0,20.9381928648962,0.3489698810816034,1.2919451627317604
272,100,20,4,100,0,False,True,False,False,0.7463946036918866,66391607.33333376,50845666.66666699,0.0,0.0,0.0,16.565346798703196,0.2760891133117199,1.0224837170036063
273,100,20,4,100,0,False,True,False,False,0.7605418576874412,65175286.000000246,49914333.3333335,0.0,0.0,0.0,16.874494421090777,0.2812415736848462,1.0417834313722871
274,100,20,4,100,0,False,True,False,False,0.9117002613823524,56268366.00000088,43094333.33333401,0.0,0.0,0.0,19.545618225345,0.32576030375575,1.2374605651381023
275,100,20,4,100,0,False,True,False,False,0.8811450882397958,54961060.0000012,42093333.33333425,0.0,0.0,0.0,20.010531092376603,0.33350885153961,1.2146539397794058
276,100,20,4,100,0,False,True,False,False,0.7278683726265585,43015731.00000033,32946833.33333359,0.0,0.0,0.0,25.567390683189636,0.4261231780531606,1.1539915506797191
277,100,20,4,100,0,False,True,False,False,0.6953301636732211,62563068.33333421,47914166.66666734,0.0,0.0,0.0,17.579061086650956,0.2929843514441826,0.9883145151174038
278,100,20,4,100,0,False,True,False,False,0.7842101621302777,61222241.666668065,46887500.00000106,0.0,0.0,0.0,17.96405963028918,0.299400993838153,1.0836111559684307
279,100,20,4,100,0,False,True,False,False,0.4374828395566013,58152706.333334416,44537166.66666749,0.0,0.0,0.0,18.912275444170863,0.315204590736181,0.7526874302927824
280,100,20,4,100,0,False,False,True,True,0.930967035680437,83451232.33333157,63908166.66666532,0.0,0.0,0.0,13.178954573217544,0.219649242886959,1.150616278567396
281,100,20,4,100,0,False,False,True,True,0.8299811124235789,72916165.66666579,55841499.999999315,0.0,0.0,0.0,15.083075062225635,0.2513845843704272,1.0813656967940062
282,100,20,4,100,0,False,False,True,True,0.9224224857540904,92494629.33333065,70832666.6666646,0.0,0.0,0.0,11.890420102518153,0.1981736683753025,1.120596154129393
283,100,20,4,100,0,False,False,True,True,0.8922048682918723,82953210.99999842,63526833.33333212,0.0,0.0,0.0,13.25807629074203,0.2209679381790338,1.113172806470906
284,100,20,4,100,0,False,False,True,True,0.837547441734241,73888264.99999936,56585833.33333284,0.0,0.0,0.0,14.884636958250535,0.2480772826375089,1.0856247243717498
285,100,20,4,100,0,False,False,True,True,0.7967659459817096,83465598.33333157,63919166.666665345,0.0,0.0,0.0,13.176686227154264,0.2196114371192377,1.0163773831009473
286,100,20,4,100,0,False,False,True,True,0.8797975742870229,72387017.9999995,55436333.33333292,0.0,0.0,0.0,15.19333204194166,0.2532222006990277,1.1330197749860504
287,100,20,4,100,0,False,False,True,True,0.8491917269538833,83300389.33333169,63792666.66666538,0.0,0.0,0.0,13.2028194442055,0.2200469907367583,1.0692387176906415
288,100,20,4,100,0,False,False,True,True,0.8318627421318848,93342223.33333012,71481666.66666423,0.0,0.0,0.0,11.782449150290269,0.1963741525048378,1.0282368946367226
289,100,20,4,100,0,False,False,True,True,0.7866449277967076,84547836.99999857,64747833.33333221,0.0,0.0,0.0,13.008020536350546,0.2168003422725091,1.003445270069217
290,100,20,4,100,0,False,False,True,False,0.7517555616789204,62213495.66666813,47646500.000001125,0.0,0.0,0.0,17.677836427848167,0.2946306071308028,1.0463861688097231
291,100,20,4,100,0,False,False,True,False,0.9150834095345822,49257758.000001095,37726333.333334185,0.0,0.0,0.0,22.327447384023763,0.3721241230670627,1.287207532601645
292,100,20,4,100,0,False,False,True,False,0.7058598569739112,58047355.666668035,44456500.00000105,0.0,0.0,0.0,18.94659950257695,0.3157766583762825,1.0216365153501936
293,100,20,4,100,0,False,False,True,False,0.559751720216918,66506535.33333353,50933666.666666806,0.0,0.0,0.0,16.536720707036633,0.2756120117839439,0.8353637320008619
294,100,20,4,100,0,False,False,True,False,0.7158350225390147,57817499.66666757,44280500.000000685,0.0,0.0,0.0,19.02192253799669,0.3170320422999448,1.0328670648389595
295,100,20,4,100,0,False,False,True,False,0.7220422310844344,50464502.000000656,38650333.33333383,0.0,0.0,0.0,21.79353716796781,0.3632256194661301,1.0852678505505646
296,100,20,4,100,0,False,False,True,False,0.7560145269011334,49015930.33333389,37541166.66666709,0.0,0.0,0.0,22.43760329592413,0.3739600549320688,1.1299745818332023
297,100,20,4,100,0,False,False,True,False,0.666853121821733,56376111.00000131,43176833.333334334,0.0,0.0,0.0,19.50826299458603,0.3251377165764338,0.9919908383981668
298,100,20,4,100,0,False,False,True,False,0.5308897883942814,63688405.0000011,48775833.33333416,0.0,0.0,0.0,17.26844941398644,0.2878074902331073,0.8186972786273887
299,100,20,4,100,0,False,False,True,False,0.3959877779290557,58976357.00000115,45167833.33333423,0.0,0.0,0.0,18.648150817453487,0.3108025136242248,0.7067902915532805
300,100,20,4,100,0,False,False,False,True,0.6146517197855785,46592865.00000087,35685833.333334,0.0,0.0,0.0,23.60447248736431,0.3934078747894051,1.0080595945749835
301,100,20,4,100,0,False,False,False,True,0.8806631063469125,40128165.00000035,30735833.333333597,0.0,0.0,0.0,27.407183956704483,0.456786399278408,1.3374495056253206
302,100,20,4,100,0,False,False,False,True,0.8898279026598507,43753185.66666726,33511500.00000045,0.0,0.0,0.0,25.136455397300747,0.4189409232883457,1.3087688259481964
303,100,20,4,100,0,False,False,False,True,0.5907086478808522,46485120.00000079,35603333.33333394,0.0,0.0,0.0,23.659183842054865,0.3943197307009143,0.9850283785817666
304,100,20,4,100,0,False,False,False,True,0.862318037121562,35351470.00000002,27078333.33333336,0.0,0.0,0.0,31.110446043686423,0.5185074340614404,1.3808254711830024
305,100,20,4,100,0,False,False,False,True,0.8175546129764115,40279008.00000045,30851333.333333693,0.0,0.0,0.0,27.30454533537638,0.4550757555896063,1.272630368566018
306,100,20,4,100,0,False,False,False,True,0.8972572696997249,40575905.33333361,31078666.666666873,0.0,0.0,0.0,27.104755666326454,0.4517459277721076,1.3490031974718324
307,100,20,4,100,0,False,False,False,True,0.5632117496538835,45184997.00000068,34607833.33333385,0.0,0.0,0.0,24.339937435427593,0.4056656239237932,0.9688773735776768
308,100,20,4,100,0,False,False,False,True,0.5723327402941345,51290547.00000103,39282833.333334126,0.0,0.0,0.0,21.442547688172983,0.3573757948028831,0.9297085350970176
309,100,20,4,100,0,False,False,False,True,0.5657648945673461,50763793.666667946,38879500.000000976,0.0,0.0,0.0,21.66504747895035,0.3610841246491725,0.9268490192165186
310,100,20,4,100,0,False,False,False,False,0.6146517197855785,46592865.00000087,35685833.333334,0.0,0.0,0.0,23.60447248736431,0.3934078747894051,1.0080595945749835
311,100,20,4,100,0,False,False,False,False,0.8806631063469125,40128165.00000035,30735833.333333597,0.0,0.0,0.0,27.407183956704483,0.456786399278408,1.3374495056253206
312,100,20,4,100,0,False,False,False,False,0.8898279026598507,43753185.66666726,33511500.00000045,0.0,0.0,0.0,25.136455397300747,0.4189409232883457,1.3087688259481964
313,100,20,4,100,0,False,False,False,False,0.5907086478808522,46485120.00000079,35603333.33333394,0.0,0.0,0.0,23.659183842054865,0.3943197307009143,0.9850283785817666
314,100,20,4,100,0,False,False,False,False,0.862318037121562,35351470.00000002,27078333.33333336,0.0,0.0,0.0,31.110446043686423,0.5185074340614404,1.3808254711830024
315,100,20,4,100,0,False,False,False,False,0.8175546129764115,40279008.00000045,30851333.333333693,0.0,0.0,0.0,27.30454533537638,0.4550757555896063,1.272630368566018
316,100,20,4,100,0,False,False,False,False,0.8972572696997249,40575905.33333361,31078666.666666873,0.0,0.0,0.0,27.104755666326454,0.4517459277721076,1.3490031974718324
317,100,20,4,100,0,False,False,False,False,0.5632117496538835,45184997.00000068,34607833.33333385,0.0,0.0,0.0,24.339937435427593,0.4056656239237932,0.9688773735776768
318,100,20,4,100,0,False,False,False,False,0.5723327402941345,51290547.00000103,39282833.333334126,0.0,0.0,0.0,21.442547688172983,0.3573757948028831,0.9297085350970176
319,100,20,4,100,0,False,False,False,False,0.5657648945673461,50763793.666667946,38879500.000000976,0.0,0.0,0.0,21.66504747895035,0.3610841246491725,0.9268490192165186
320,150,20,4,100,0,True,True,True,True,0.8176778514131513,107363439.33332908,82217666.66666341,0.0,0.0,0.0,10.243710585551131,0.1707285097591855,0.9884063611723368
321,150,20,4,100,0,True,True,True,True,0.7498678466420101,123616173.99999496,94662333.3333295,0.0,0.0,0.0,8.896894026181759,0.1482815671030293,0.8981494137450394
322,150,20,4,100,0,True,True,True,True,0.8844238840445121,120434104.99999404,92225833.3333288,0.0,0.0,0.0,9.131964737065587,0.1521994122844264,1.0366232963289386
323,150,20,4,100,0,True,True,True,True,0.8086188541391238,107396959.99999526,82243333.33332968,0.0,0.0,0.0,10.2405133255173,0.170675222091955,0.9792940762310788
324,150,20,4,100,0,True,True,True,True,0.7175767352903718,127767947.99999648,97841333.33333066,0.0,0.0,0.0,8.607792621041627,0.1434632103506938,0.8610399456410656
325,150,20,4,100,0,True,True,True,True,0.6919881789654736,122268164.33332787,93630166.6666625,0.0,0.0,0.0,8.994982512387455,0.1499163752064576,0.8419045541719312
326,150,20,4,100,0,True,True,True,True,0.7789413644951998,119122010.33332735,91221166.66666208,0.0,0.0,0.0,9.232550700937116,0.1538758450156186,0.9328172095108184
327,150,20,4,100,0,True,True,True,True,0.7048710603700554,117905688.99999386,90289833.33332862,0.0,0.0,0.0,9.327794183027564,0.1554632363837927,0.8603342967538482
328,150,20,4,100,0,True,True,True,True,0.8482531399205512,132369856.66666552,101364999.99999912,0.0,0.0,0.0,8.308538119592606,0.1384756353265434,0.9867287752470946
329,150,20,4,100,0,True,True,True,True,0.7836960222202185,116727676.99999382,89387833.33332859,0.0,0.0,0.0,9.421929984951712,0.1570321664158618,0.9407281886360804
330,150,20,4,100,0,True,True,True,False,0.5708112502912807,75200359.66666588,57590499.99999941,0.0,0.0,0.0,14.624930051863956,0.2437488341977326,0.8145600844890133
331,150,20,4,100,0,True,True,True,False,0.6109950102006082,80606764.33333226,61730166.66666587,0.0,0.0,0.0,13.644016219929252,0.2274002703321542,0.8383952805327624
332,150,20,4,100,0,True,True,True,False,0.8057735974229274,91390841.666664,69987499.99999796,0.0,0.0,0.0,12.034028573797087,0.2005671428966181,1.0063407403195457
333,150,20,4,100,0,True,True,True,False,0.5767422404851744,76785408.33333263,58804166.66666612,0.0,0.0,0.0,14.323033814258896,0.2387172302376482,0.8154594707228227
334,150,20,4,100,0,True,True,True,False,0.3449210788028025,81590835.33333218,62483666.6666658,0.0,0.0,0.0,13.479455082263392,0.2246575847043898,0.5695786635071923
335,150,20,4,100,0,True,True,True,False,0.4343781319868632,85603737.99999824,65556333.333332,0.0,0.0,0.0,12.847569810561572,0.2141261635093595,0.6485042954962228
336,150,20,4,100,0,True,True,True,False,0.6277597558110696,81782381.99999885,62630333.333332464,0.0,0.0,0.0,13.44788416654354,0.2241314027757256,0.8518911585867952
337,150,20,4,100,0,True,True,True,False,0.4129863372302112,81892521.33333234,62714666.66666588,0.0,0.0,0.0,13.429797765334566,0.2238299627555761,0.6368162999857874
338,150,20,4,100,0,True,True,True,False,0.8414367339862031,94015030.999997,71996833.33333102,0.0,0.0,0.0,11.698129419326948,0.1949688236554491,1.0364055576416522
339,150,20,4,100,0,True,True,True,False,0.4629940947127981,77838914.9999993,59610833.33333281,0.0,0.0,0.0,14.129179472761278,0.2354863245460213,0.6984804192588194
340,150,20,4,100,0,True,True,False,True,0.7725387389151978,114903194.99999472,87990833.3333293,0.0,0.0,0.0,9.571535412919117,0.1595255902153186,0.9320643291305164
341,150,20,4,100,0,True,True,False,True,0.8014344134421759,120130024.66666108,91992999.9999957,0.0,0.0,0.0,9.155080114665292,0.1525846685777548,0.9540190820199308
342,150,20,4,100,0,True,True,False,True,0.8257600478180112,124887564.99999584,95635833.33333012,0.0,0.0,0.0,8.806321109712059,0.1467720184952009,0.972532066313212
343,150,20,4,100,0,True,True,False,True,0.8411322533800137,110873531.99999526,84905333.33332968,0.0,0.0,0.0,9.919409801069987,0.1653234966844998,1.0064557500645137
344,150,20,4,100,0,True,True,False,True,0.7797925702042927,118774831.99999352,90955333.33332837,0.0,0.0,0.0,9.25953740772338,0.1543256234620563,0.934118193666349
345,150,20,4,100,0,True,True,False,True,0.7089148894669856,125342488.33332938,95984166.66666362,0.0,0.0,0.0,8.774359075074752,0.1462393179179125,0.8551542073848981
346,150,20,4,100,0,True,True,False,True,0.8097661474854856,114711648.3333272,87844166.66666196,0.0,0.0,0.0,9.58751805923161,0.1597919676538601,0.9695581151393458
347,150,20,4,100,0,True,True,False,True,0.6773224347086796,115978250.66666086,88813999.99999556,0.0,0.0,0.0,9.482812455595598,0.1580468742599266,0.8353693089686063
348,150,20,4,100,0,True,True,False,True,0.810640241769682,132398588.66666514,101386999.99999884,0.0,0.0,0.0,8.306735072296913,0.1384455845382818,0.9490858263079638
349,150,20,4,100,0,True,True,False,True,0.7649460659495957,110073824.6666611,84292999.99999572,0.0,0.0,0.0,9.991476205451638,0.1665246034241939,0.9314706693737896
350,150,20,4,100,0,True,True,False,False,0.577223984401035,74197133.9999995,56822333.33333294,0.0,0.0,0.0,14.822674956690475,0.2470445826115079,0.8242685670125429
351,150,20,4,100,0,True,True,False,False,0.463644102129613,81044927.33333203,62065666.66666567,0.0,0.0,0.0,13.570250923621668,0.2261708487270278,0.6898149508566409
352,150,20,4,100,0,True,True,False,False,0.8295069117763042,89188054.99999776,68300833.33333161,0.0,0.0,0.0,12.331247721458077,0.2055207953576346,1.0350277071339389
353,150,20,4,100,0,True,True,False,False,0.5922123508604659,71422101.66666627,54697499.99999967,0.0,0.0,0.0,15.3985947533842,0.2566432458897366,0.8488555967502025
354,150,20,4,100,0,True,True,False,False,0.4036247604321827,85081773.33333167,65156666.66666539,0.0,0.0,0.0,12.926387837395271,0.2154397972899212,0.619064557722104
355,150,20,4,100,0,True,True,False,False,0.3562035094099515,78801436.99999918,60347833.33333267,0.0,0.0,0.0,13.95659827878534,0.232609971313089,0.5888134807230405
356,150,20,4,100,0,True,True,False,False,0.6665111850673823,75415849.66666606,57755499.99999954,0.0,0.0,0.0,14.583141406760728,0.2430523567793454,0.9095635418467276
357,150,20,4,100,0,True,True,False,False,0.4123965861319775,84808819.33333191,64947666.66666558,0.0,0.0,0.0,12.96799093119496,0.2161331821865826,0.6285297683185602
358,150,20,4,100,0,True,True,False,False,0.455781801688469,90835356.33333103,69562166.66666491,0.0,0.0,0.0,12.107620252670714,0.2017936708778452,0.6575754725663142
359,150,20,4,100,0,True,True,False,False,0.394917025139067,70921686.00000045,54314333.33333367,0.0,0.0,0.0,15.507245555329764,0.2584540925888294,0.6533711177278965
360,150,20,4,100,0,True,False,True,True,0.8176778514131513,107363439.33332908,82217666.66666341,0.0,0.0,0.0,10.243710585551131,0.1707285097591855,0.9884063611723368
361,150,20,4,100,0,True,False,True,True,0.7498678466420101,123616173.99999496,94662333.3333295,0.0,0.0,0.0,8.896894026181759,0.1482815671030293,0.8981494137450394
362,150,20,4,100,0,True,False,True,True,0.8844238840445121,120434104.99999404,92225833.3333288,0.0,0.0,0.0,9.131964737065587,0.1521994122844264,1.0366232963289386
363,150,20,4,100,0,True,False,True,True,0.8086188541391238,107396959.99999526,82243333.33332968,0.0,0.0,0.0,10.2405133255173,0.170675222091955,0.9792940762310788
364,150,20,4,100,0,True,False,True,True,0.7175767352903718,127767947.99999648,97841333.33333066,0.0,0.0,0.0,8.607792621041627,0.1434632103506938,0.8610399456410656
365,150,20,4,100,0,True,False,True,True,0.6919881789654736,122268164.33332787,93630166.6666625,0.0,0.0,0.0,8.994982512387455,0.1499163752064576,0.8419045541719312
366,150,20,4,100,0,True,False,True,True,0.7789413644951998,119122010.33332735,91221166.66666208,0.0,0.0,0.0,9.232550700937116,0.1538758450156186,0.9328172095108184
367,150,20,4,100,0,True,False,True,True,0.7048710603700554,117905688.99999386,90289833.33332862,0.0,0.0,0.0,9.327794183027564,0.1554632363837927,0.8603342967538482
368,150,20,4,100,0,True,False,True,True,0.8482531399205512,132369856.66666552,101364999.99999912,0.0,0.0,0.0,8.308538119592606,0.1384756353265434,0.9867287752470946
369,150,20,4,100,0,True,False,True,True,0.7836960222202185,116727676.99999382,89387833.33332859,0.0,0.0,0.0,9.421929984951712,0.1570321664158618,0.9407281886360804
370,150,20,4,100,0,True,False,True,False,0.5708112502912807,75200359.66666588,57590499.99999941,0.0,0.0,0.0,14.624930051863956,0.2437488341977326,0.8145600844890133
371,150,20,4,100,0,True,False,True,False,0.6109950102006082,80606764.33333226,61730166.66666587,0.0,0.0,0.0,13.644016219929252,0.2274002703321542,0.8383952805327624
372,150,20,4,100,0,True,False,True,False,0.8057735974229274,91390841.666664,69987499.99999796,0.0,0.0,0.0,12.034028573797087,0.2005671428966181,1.0063407403195457
373,150,20,4,100,0,True,False,True,False,0.5767422404851744,76785408.33333263,58804166.66666612,0.0,0.0,0.0,14.323033814258896,0.2387172302376482,0.8154594707228227
374,150,20,4,100,0,True,False,True,False,0.3449210788028025,81590835.33333218,62483666.6666658,0.0,0.0,0.0,13.479455082263392,0.2246575847043898,0.5695786635071923
375,150,20,4,100,0,True,False,True,False,0.4343781319868632,85603737.99999824,65556333.333332,0.0,0.0,0.0,12.847569810561572,0.2141261635093595,0.6485042954962228
376,150,20,4,100,0,True,False,True,False,0.6277597558110696,81782381.99999885,62630333.333332464,0.0,0.0,0.0,13.44788416654354,0.2241314027757256,0.8518911585867952
377,150,20,4,100,0,True,False,True,False,0.4129863372302112,81892521.33333234,62714666.66666588,0.0,0.0,0.0,13.429797765334566,0.2238299627555761,0.6368162999857874
378,150,20,4,100,0,True,False,True,False,0.8414367339862031,94015030.999997,71996833.33333102,0.0,0.0,0.0,11.698129419326948,0.1949688236554491,1.0364055576416522
379,150,20,4,100,0,True,False,True,False,0.4629940947127981,77838914.9999993,59610833.33333281,0.0,0.0,0.0,14.129179472761278,0.2354863245460213,0.6984804192588194
380,150,20,4,100,0,True,False,False,True,0.493288279203435,55686543.000001386,42648833.3333344,0.0,0.0,0.0,19.74983435405521,0.3291639059009201,0.8224521851043551
381,150,20,4,100,0,True,False,False,True,0.5096289220249268,51192379.333334394,39207666.66666748,0.0,0.0,0.0,21.483666403523756,0.3580611067253959,0.8676900287503228
382,150,20,4,100,0,True,False,False,True,0.5500839991229398,52518840.00000117,40223333.33333424,0.0,0.0,0.0,20.94105658083795,0.3490176096806325,0.8991016088035724
383,150,20,4,100,0,True,False,False,True,0.497535960155556,52997706.66666822,40590000.00000119,0.0,0.0,0.0,20.75184133753651,0.3458640222922752,0.8433999824478312
384,150,20,4,100,0,True,False,False,True,0.4518441163260108,59890992.33333525,45868166.66666813,0.0,0.0,0.0,18.363362454888776,0.3060560409148129,0.7579001572408237
385,150,20,4,100,0,True,False,False,True,0.4451963110247066,53543614.66666818,41008000.00000116,0.0,0.0,0.0,20.540264359190612,0.3423377393198435,0.78753405034455
386,150,20,4,100,0,True,False,False,True,0.5060749204923578,52439827.000001475,40162833.33333447,0.0,0.0,0.0,20.97260923457984,0.3495434872429973,0.8556184077353551
387,150,20,4,100,0,True,False,False,True,0.5180446891423036,65541619.00000123,50194833.33333425,0.0,0.0,0.0,16.780177493021334,0.2796696248836889,0.7977143140259926
388,150,20,4,100,0,True,False,False,True,0.4870575296584625,69420439.00000033,53164833.33333358,0.0,0.0,0.0,15.842596443390322,0.2640432740565053,0.7511008037149679
389,150,20,4,100,0,True,False,False,True,0.4932845310949664,55605135.666668355,42586500.00000129,0.0,0.0,0.0,19.778748614028796,0.3296458102338133,0.8229303413287797
390,150,20,4,100,0,True,False,False,False,0.493288279203435,55686543.000001386,42648833.3333344,0.0,0.0,0.0,19.74983435405521,0.3291639059009201,0.8224521851043551
391,150,20,4,100,0,True,False,False,False,0.5096289220249268,51192379.333334394,39207666.66666748,0.0,0.0,0.0,21.483666403523756,0.3580611067253959,0.8676900287503228
392,150,20,4,100,0,True,False,False,False,0.5500839991229398,52518840.00000117,40223333.33333424,0.0,0.0,0.0,20.94105658083795,0.3490176096806325,0.8991016088035724
393,150,20,4,100,0,True,False,False,False,0.497535960155556,52997706.66666822,40590000.00000119,0.0,0.0,0.0,20.75184133753651,0.3458640222922752,0.8433999824478312
394,150,20,4,100,0,True,False,False,False,0.4518441163260108,59890992.33333525,45868166.66666813,0.0,0.0,0.0,18.363362454888776,0.3060560409148129,0.7579001572408237
395,150,20,4,100,0,True,False,False,False,0.4451963110247066,53543614.66666818,41008000.00000116,0.0,0.0,0.0,20.540264359190612,0.3423377393198435,0.78753405034455
396,150,20,4,100,0,True,False,False,False,0.5060749204923578,52439827.000001475,40162833.33333447,0.0,0.0,0.0,20.97260923457984,0.3495434872429973,0.8556184077353551
397,150,20,4,100,0,True,False,False,False,0.5180446891423036,65541619.00000123,50194833.33333425,0.0,0.0,0.0,16.780177493021334,0.2796696248836889,0.7977143140259926
398,150,20,4,100,0,True,False,False,False,0.4870575296584625,69420439.00000033,53164833.33333358,0.0,0.0,0.0,15.842596443390322,0.2640432740565053,0.7511008037149679
399,150,20,4,100,0,True,False,False,False,0.4932845310949664,55605135.666668355,42586500.00000129,0.0,0.0,0.0,19.778748614028796,0.3296458102338133,0.8229303413287797
400,150,20,4,100,0,False,True,True,True,0.7925831200925286,92315054.3333312,70695166.66666503,0.0,0.0,0.0,11.913549831524142,0.1985591638587357,0.9911422839512644
401,150,20,4,100,0,False,True,True,True,0.7348222562643475,118681452.99999468,90883833.33332925,0.0,0.0,0.0,9.26682284552119,0.1544470474253531,0.8892693036897007
402,150,20,4,100,0,False,True,True,True,0.8356246040322395,109314820.99999572,83711833.33333002,0.0,0.0,0.0,10.06084984578663,0.1676808307631105,1.00330543479535
403,150,20,4,100,0,False,True,True,True,0.7321377976260025,104681785.99999596,80164333.33333023,0.0,0.0,0.0,10.506125678826711,0.1751020946471118,0.9072398922731144
404,150,20,4,100,0,False,True,True,True,0.6694995674347791,124813340.6666628,95578999.9999971,0.0,0.0,0.0,8.811558076449698,0.1468593012741616,0.8163588687089407
405,150,20,4,100,0,False,True,True,True,0.5840238919865525,106499084.99999665,81555833.33333077,0.0,0.0,0.0,10.326849287015328,0.1721141547835888,0.7561380467701413
406,150,20,4,100,0,False,True,True,True,0.6956396785961155,115075586.99999458,88122833.33332917,0.0,0.0,0.0,9.557196523360354,0.1592866087226725,0.8549262873187881
407,150,20,4,100,0,False,True,True,True,0.5807769918359813,118743705.66666137,90931499.99999596,0.0,0.0,0.0,9.261964613832845,0.154366076897214,0.7351430687331953
408,150,20,4,100,0,False,True,True,True,0.6469038545547982,109154400.66666242,83588999.99999674,0.0,0.0,0.0,10.075635918322597,0.1679272653053766,0.8148311198601748
409,150,20,4,100,0,False,True,True,True,0.8733066438147198,96229789.33333018,73692666.66666427,0.0,0.0,0.0,11.42889335640552,0.1904815559400919,1.0637881997548118
410,150,20,4,100,0,False,True,True,False,0.939614526309166,61334775.33333458,46973666.6666676,0.0,0.0,0.0,17.931100163372967,0.2988516693895494,1.2384661956987155
411,150,20,4,100,0,False,True,True,False,0.6789478398328119,77980180.66666551,59718999.999999106,0.0,0.0,0.0,14.103583636221758,0.2350597272703626,0.9140075671031744
412,150,20,4,100,0,False,True,True,False,0.7908814968012325,83441654.99999787,63900833.33333169,0.0,0.0,0.0,13.180467237856536,0.2196744539642756,1.0105559507655082
413,150,20,4,100,0,False,True,True,False,0.4835711234603499,64959796.000000715,49749333.33333387,0.0,0.0,0.0,16.93047188756547,0.2821745314594245,0.7657456549197745
414,150,20,4,100,0,False,True,True,False,0.3552864473764086,78614678.99999857,60204833.33333221,0.0,0.0,0.0,13.989753745607992,0.2331625624267999,0.5884490098032085
415,150,20,4,100,0,False,True,True,False,0.5002754836073067,69394101.33333355,53144666.66666682,0.0,0.0,0.0,15.848609303507322,0.2641434883917887,0.7644189719990954
416,150,20,4,100,0,False,True,True,False,0.4815760084446512,70339863.00000006,53868833.333333366,0.0,0.0,0.0,15.635515241194016,0.2605919206865669,0.7421679291312182
417,150,20,4,100,0,False,True,True,False,0.3335384090814598,70938446.33333324,54327166.666666605,0.0,0.0,0.0,15.503581722556213,0.2583930287092702,0.5919314377907301
418,150,20,4,100,0,False,True,True,False,0.6018195272799116,74144458.666666,56781999.999999486,0.0,0.0,0.0,14.833205606698291,0.2472200934449715,0.8490396207248831
419,150,20,4,100,0,False,True,True,False,1.0,56670614.000001475,43402333.33333447,0.0,0.0,0.0,19.40688343344879,0.3234480572241465,1.3234480572241465
420,150,20,4,100,0,False,True,False,True,0.7802748342209709,94094043.99999727,72057333.33333124,0.0,0.0,0.0,11.68830622265562,0.194805103710927,0.9750799379318978
421,150,20,4,100,0,False,True,False,True,0.7398545347767078,121166770.99999484,92786833.3333294,0.0,0.0,0.0,9.076745966928891,0.1512790994488148,0.8911336342255227
422,150,20,4,100,0,False,True,False,True,0.793268820616689,112394043.66666172,86069499.9999962,0.0,0.0,0.0,9.785216049898402,0.1630869341649733,0.9563557547816623
423,150,20,4,100,0,False,True,False,True,0.7509399367155718,102402380.66666262,78418999.99999692,0.0,0.0,0.0,10.739984684340868,0.1789997447390144,0.9299396814545864
424,150,20,4,100,0,False,True,False,True,0.6707920103123814,120587342.3333268,92343166.66666168,0.0,0.0,0.0,9.120360219565496,0.1520060036594249,0.8227980139718064
425,150,20,4,100,0,False,True,False,True,0.5832792203662565,101339516.66666296,77604999.99999714,0.0,0.0,0.0,10.852627249225812,0.1808771208204302,0.7641563411866867
426,150,20,4,100,0,False,True,False,True,0.6231478317941067,108598915.33332914,83163666.66666345,0.0,0.0,0.0,10.127172970598446,0.1687862161766407,0.7919340479707475
427,150,20,4,100,0,False,True,False,True,0.498622223699333,105084033.99999604,80472333.33333032,0.0,0.0,0.0,10.465909597646789,0.1744318266274464,0.6730540503267795
428,150,20,4,100,0,False,True,False,True,0.643630222739324,112152105.99999537,85884333.33332978,0.0,0.0,0.0,9.806324992239071,0.1634387498706511,0.8070689726099752
429,150,20,4,100,0,False,True,False,True,0.8729524255622069,81449569.66666557,62375499.99999918,0.0,0.0,0.0,13.502833771878224,0.2250472295313037,1.0979996550935107
430,150,20,4,100,0,False,True,False,False,0.9159208944639566,63573477.000000775,48687833.33333391,0.0,0.0,0.0,17.299667281057893,0.2883277880176315,1.204248682481588
431,150,20,4,100,0,False,True,False,False,0.5664169246241713,71716604.66666645,54922999.99999984,0.0,0.0,0.0,15.335360689644892,0.2555893448274148,0.8220062694515862
432,150,20,4,100,0,False,True,False,False,0.7349460881742211,81169432.66666557,62160999.99999916,0.0,0.0,0.0,13.549435592540032,0.2258239265423338,0.960770014716555
433,150,20,4,100,0,False,True,False,False,0.4630715856255362,70323102.66666682,53856000.00000011,0.0,0.0,0.0,15.639241704295644,0.2606540284049274,0.7237256140304636
434,150,20,4,100,0,False,True,False,False,0.36801514172111,83341092.99999836,63823833.33333205,0.0,0.0,0.0,13.196371206698975,0.2199395201116496,0.5879546618327597
435,150,20,4,100,0,False,True,False,False,0.5082219528190645,63439394.33333437,48585166.66666746,0.0,0.0,0.0,17.33623108413107,0.2889371847355179,0.7971591375545823
436,150,20,4,100,0,False,True,False,False,0.5031936306876041,71893785.33333306,55058666.66666647,0.0,0.0,0.0,15.297567027536736,0.2549594504589456,0.7581530811465498
437,150,20,4,100,0,False,True,False,False,0.3410776075145788,79167769.99999864,60628333.33333227,0.0,0.0,0.0,13.892016915469751,0.2315336152578292,0.5726112227724081
438,150,20,4,100,0,False,True,False,False,0.366120879920976,77163712.99999884,59093833.33333246,0.0,0.0,0.0,14.252813365785244,0.237546889429754,0.60366776935073
439,150,20,4,100,0,False,True,False,False,1.0,58305943.66666825,44654500.000001214,0.0,0.0,0.0,18.862570963390866,0.3143761827231811,1.314376182723181
440,150,20,4,100,0,False,False,True,True,0.7925831200925286,92315054.3333312,70695166.66666503,0.0,0.0,0.0,11.913549831524142,0.1985591638587357,0.9911422839512644
441,150,20,4,100,0,False,False,True,True,0.7348222562643475,118681452.99999468,90883833.33332925,0.0,0.0,0.0,9.26682284552119,0.1544470474253531,0.8892693036897007
442,150,20,4,100,0,False,False,True,True,0.8356246040322395,109314820.99999572,83711833.33333002,0.0,0.0,0.0,10.06084984578663,0.1676808307631105,1.00330543479535
443,150,20,4,100,0,False,False,True,True,0.7321377976260025,104681785.99999596,80164333.33333023,0.0,0.0,0.0,10.506125678826711,0.1751020946471118,0.9072398922731144
444,150,20,4,100,0,False,False,True,True,0.6694995674347791,124813340.6666628,95578999.9999971,0.0,0.0,0.0,8.811558076449698,0.1468593012741616,0.8163588687089407
445,150,20,4,100,0,False,False,True,True,0.5840238919865525,106499084.99999665,81555833.33333077,0.0,0.0,0.0,10.326849287015328,0.1721141547835888,0.7561380467701413
446,150,20,4,100,0,False,False,True,True,0.6956396785961155,115075586.99999458,88122833.33332917,0.0,0.0,0.0,9.557196523360354,0.1592866087226725,0.8549262873187881
447,150,20,4,100,0,False,False,True,True,0.5807769918359813,118743705.66666137,90931499.99999596,0.0,0.0,0.0,9.261964613832845,0.154366076897214,0.7351430687331953
448,150,20,4,100,0,False,False,True,True,0.6469038545547982,109154400.66666242,83588999.99999674,0.0,0.0,0.0,10.075635918322597,0.1679272653053766,0.8148311198601748
449,150,20,4,100,0,False,False,True,True,0.8733066438147198,96229789.33333018,73692666.66666427,0.0,0.0,0.0,11.42889335640552,0.1904815559400919,1.0637881997548118
450,150,20,4,100,0,False,False,True,False,0.939614526309166,61334775.33333458,46973666.6666676,0.0,0.0,0.0,17.931100163372967,0.2988516693895494,1.2384661956987155
451,150,20,4,100,0,False,False,True,False,0.6789478398328119,77980180.66666551,59718999.999999106,0.0,0.0,0.0,14.103583636221758,0.2350597272703626,0.9140075671031744
452,150,20,4,100,0,False,False,True,False,0.7908814968012325,83441654.99999787,63900833.33333169,0.0,0.0,0.0,13.180467237856536,0.2196744539642756,1.0105559507655082
453,150,20,4,100,0,False,False,True,False,0.4835711234603499,64959796.000000715,49749333.33333387,0.0,0.0,0.0,16.93047188756547,0.2821745314594245,0.7657456549197745
454,150,20,4,100,0,False,False,True,False,0.3552864473764086,78614678.99999857,60204833.33333221,0.0,0.0,0.0,13.989753745607992,0.2331625624267999,0.5884490098032085
455,150,20,4,100,0,False,False,True,False,0.5002754836073067,69394101.33333355,53144666.66666682,0.0,0.0,0.0,15.848609303507322,0.2641434883917887,0.7644189719990954
456,150,20,4,100,0,False,False,True,False,0.4815760084446512,70339863.00000006,53868833.333333366,0.0,0.0,0.0,15.635515241194016,0.2605919206865669,0.7421679291312182
457,150,20,4,100,0,False,False,True,False,0.3335384090814598,70938446.33333324,54327166.666666605,0.0,0.0,0.0,15.503581722556213,0.2583930287092702,0.5919314377907301
458,150,20,4,100,0,False,False,True,False,0.6018195272799116,74144458.666666,56781999.999999486,0.0,0.0,0.0,14.833205606698291,0.2472200934449715,0.8490396207248831
459,150,20,4,100,0,False,False,True,False,1.0,56670614.000001475,43402333.33333447,0.0,0.0,0.0,19.40688343344879,0.3234480572241465,1.3234480572241465
460,150,20,4,100,0,False,False,False,True,0.8332331950907795,47014267.66666749,36008500.00000065,0.0,0.0,0.0,23.392898679133182,0.3898816446522197,1.2231148397429994
461,150,20,4,100,0,False,False,False,True,0.4978950770457983,52176450.33333431,39961166.66666741,0.0,0.0,0.0,21.07847492448837,0.3513079154081395,0.8492029924539378
462,150,20,4,100,0,False,False,False,True,0.5265097750622472,47555387.000000715,36422833.33333389,0.0,0.0,0.0,23.126717484182883,0.385445291403048,0.9119550664652952
463,150,20,4,100,0,False,False,False,True,0.4641032980711272,53119817.66666749,40683500.00000064,0.0,0.0,0.0,20.704137331595568,0.3450689555265928,0.80917225359772
464,150,20,4,100,0,False,False,False,True,0.4160909969230557,55080776.66666821,42185000.00000117,0.0,0.0,0.0,19.967038712174464,0.3327839785362411,0.7488749754592968
465,150,20,4,100,0,False,False,False,True,0.8171130946343559,35729774.66666677,27368000.00000007,0.0,0.0,0.0,30.781050545668062,0.5130175090944677,1.3301306037288236
466,150,20,4,100,0,False,False,False,True,0.4377416746013933,54024875.66666798,41376500.00000101,0.0,0.0,0.0,20.35728886792329,0.3392881477987215,0.7770298224001149
467,150,20,4,100,0,False,False,False,True,0.428700771799575,58997906.0000015,45184333.33333449,0.0,0.0,0.0,18.641339575678703,0.3106889929279784,0.7393897647275535
468,150,20,4,100,0,False,False,False,True,0.4689837351354682,55066410.66666815,42174000.00000114,0.0,0.0,0.0,19.972247812870652,0.3328707968811775,0.8018545320166457
469,150,20,4,100,0,False,False,False,True,0.8468866053681294,46269630.00000094,35438333.33333405,0.0,0.0,0.0,23.769370967521844,0.3961561827920307,1.2430427881601602
470,150,20,4,100,0,False,False,False,False,0.8332331950907795,47014267.66666749,36008500.00000065,0.0,0.0,0.0,23.392898679133182,0.3898816446522197,1.2231148397429994
471,150,20,4,100,0,False,False,False,False,0.4978950770457983,52176450.33333431,39961166.66666741,0.0,0.0,0.0,21.07847492448837,0.3513079154081395,0.8492029924539378
472,150,20,4,100,0,False,False,False,False,0.5265097750622472,47555387.000000715,36422833.33333389,0.0,0.0,0.0,23.126717484182883,0.385445291403048,0.9119550664652952
473,150,20,4,100,0,False,False,False,False,0.4641032980711272,53119817.66666749,40683500.00000064,0.0,0.0,0.0,20.704137331595568,0.3450689555265928,0.80917225359772
474,150,20,4,100,0,False,False,False,False,0.4160909969230557,55080776.66666821,42185000.00000117,0.0,0.0,0.0,19.967038712174464,0.3327839785362411,0.7488749754592968
475,150,20,4,100,0,False,False,False,False,0.8171130946343559,35729774.66666677,27368000.00000007,0.0,0.0,0.0,30.781050545668062,0.5130175090944677,1.3301306037288236
476,150,20,4,100,0,False,False,False,False,0.4377416746013933,54024875.66666798,41376500.00000101,0.0,0.0,0.0,20.35728886792329,0.3392881477987215,0.7770298224001149
477,150,20,4,100,0,False,False,False,False,0.428700771799575,58997906.0000015,45184333.33333449,0.0,0.0,0.0,18.641339575678703,0.3106889929279784,0.7393897647275535
478,150,20,4,100,0,False,False,False,False,0.4689837351354682,55066410.66666815,42174000.00000114,0.0,0.0,0.0,19.972247812870652,0.3328707968811775,0.8018545320166457
479,150,20,4,100,0,False,False,False,False,0.8468866053681294,46269630.00000094,35438333.33333405,0.0,0.0,0.0,23.769370967521844,0.3961561827920307,1.2430427881601602
0,200,20,4,100,0,True,True,True,True,0.58768078535715,133768147.3333318,102435666.66666548,0.0,0.0,0.0,8.221688211465244,0.137028136857754,0.724708922214904
1,200,20,4,100,0,True,True,True,True,0.6464171644189026,133119282.99999864,101938833.33333232,0.0,0.0,0.0,8.261763248830082,0.137696054147168,0.7841132185660706
2,200,20,4,100,0,True,True,True,True,0.5999171948247933,136868808.9999989,104809833.33333252,0.0,0.0,0.0,8.035431944176622,0.133923865736277,0.7338410605610703
3,200,20,4,100,0,True,True,True,True,0.559586435333357,145428550.66666687,111364000.00000016,0.0,0.0,0.0,7.5624765216895,0.1260412753614916,0.6856277106948486
4,200,20,4,100,0,True,True,True,True,0.5868548202095436,146364735.00000095,112080833.33333407,0.0,0.0,0.0,7.514105088223559,0.1252350848037259,0.7120899050132696
5,200,20,4,100,0,True,True,True,True,0.7152888055584059,132403377.33333205,101390666.66666567,0.0,0.0,0.0,8.306434640494096,0.1384405773415682,0.8537293828999741
6,200,20,4,100,0,True,True,True,True,0.6898230591098292,141451563.00000024,108318833.33333357,0.0,0.0,0.0,7.775099664328192,0.1295849944054698,0.8194080535152991
7,200,20,4,100,0,True,True,True,True,0.533895518736177,139040469.3333329,106472666.66666634,0.0,0.0,0.0,7.909927269904139,0.1318321211650689,0.665727639901246
8,200,20,4,100,0,True,True,True,True,0.5802150179520443,129848623.66666338,99434499.9999975,0.0,0.0,0.0,8.469862590329146,0.1411643765054857,0.7213793944575301
9,200,20,4,100,0,True,True,True,True,0.5926634216911444,135999665.99999905,104144333.3333326,0.0,0.0,0.0,8.086784566073918,0.1347797427678986,0.727443164459043
10,200,20,4,100,0,True,True,True,False,0.4208182098432041,88747497.66666459,67963499.99999838,0.0,0.0,0.0,12.39246208530686,0.2065410347551143,0.6273592445983185
11,200,20,4,100,0,True,True,True,False,0.6838576616280906,84011506.33333144,64337166.66666522,0.0,0.0,0.0,13.091063926842793,0.2181843987807132,0.9020420604088036
12,200,20,4,100,0,True,True,True,False,0.3235043546759857,92166605.66666465,70581499.99999842,0.0,0.0,0.0,11.93273845819606,0.1988789743032676,0.5223833289792534
13,200,20,4,100,0,True,True,True,False,0.4808778946385424,95990355.99999766,73509333.33333153,0.0,0.0,0.0,11.457400991408209,0.1909566831901367,0.6718345778286793
14,200,20,4,100,0,True,True,True,False,0.4611739403827792,101423098.33332968,77669166.66666384,0.0,0.0,0.0,10.843683717741282,0.1807280619623547,0.641902002345134
15,200,20,4,100,0,True,True,True,False,0.5207222427123073,80075222.33333257,61323166.66666609,0.0,0.0,0.0,13.734585655245706,0.2289097609207617,0.749632003633069
16,200,20,4,100,0,True,True,True,False,0.5880315373574492,98104552.3333307,75128166.66666465,0.0,0.0,0.0,11.210488951248662,0.186841482520811,0.7748730198782602
17,200,20,4,100,0,True,True,True,False,0.5566896991658485,89765089.33333103,68742666.66666488,0.0,0.0,0.0,12.25197911758362,0.204199651959727,0.7608893511255755
18,200,20,4,100,0,True,True,True,False,0.3311016423589061,96972032.66666344,74260999.99999756,0.0,0.0,0.0,11.341414320771309,0.1890235720128551,0.5201252143717613
19,200,20,4,100,0,True,True,True,False,0.5338767359726745,88991719.66666463,68150499.99999842,0.0,0.0,0.0,12.358453169795006,0.2059742194965834,0.7398509554692579
20,200,20,4,100,0,True,True,False,True,0.5628126854195893,129597218.66666378,99241999.9999978,0.0,0.0,0.0,8.48629323464718,0.141438220577453,0.7042509059970423
21,200,20,4,100,0,True,True,False,True,0.6191513682795451,127806257.33333056,97870666.66666456,0.0,0.0,0.0,8.605212475095172,0.1434202079182528,0.7625715761977979
22,200,20,4,100,0,True,True,False,True,0.6042291628385115,127471050.66666374,97613999.99999776,0.0,0.0,0.0,8.627841335331677,0.1437973555888612,0.7480265184273728
23,200,20,4,100,0,True,True,False,True,0.5618468157155332,142040569.0000003,108769833.3333336,0.0,0.0,0.0,7.742858309726975,0.1290476384954496,0.6908944542109827
24,200,20,4,100,0,True,True,False,True,0.5943623337495216,141322269.00000095,108219833.3333341,0.0,0.0,0.0,7.782213007066796,0.1297035501177799,0.7240658838673015
25,200,20,4,100,0,True,True,False,True,0.6898300371012737,129348207.99999689,99051333.33333096,0.0,0.0,0.0,8.502630357275816,0.1417105059545969,0.8315405430558707
26,200,20,4,100,0,True,True,False,True,0.7130365355204719,136933455.9999986,104859333.33333229,0.0,0.0,0.0,8.031638374773884,0.1338606395795647,0.8468971751000366
27,200,20,4,100,0,True,True,False,True,0.546565528833631,132374645.33333068,101368666.66666465,0.0,0.0,0.0,8.308237557355561,0.138470625955926,0.6850361547895569
28,200,20,4,100,0,True,True,False,True,0.5781113748204263,133974059.99999832,102593333.33333205,0.0,0.0,0.0,8.209051811970271,0.1368175301995045,0.7149289050199308
29,200,20,4,100,0,True,True,False,True,0.5816333188661692,138937512.99999976,106393833.33333316,0.0,0.0,0.0,7.91578873302563,0.1319298122170938,0.7135631310832631
30,200,20,4,100,0,True,True,False,False,0.3603237180209595,93979115.9999972,71969333.33333118,0.0,0.0,0.0,11.702599969125403,0.1950433328187567,0.5553670508397163
31,200,20,4,100,0,True,True,False,False,0.6900183189157796,89903960.66666399,68848999.99999793,0.0,0.0,0.0,12.23305393716432,0.203884232286072,0.8939025512018516
32,200,20,4,100,0,True,True,False,False,0.3045445483862011,88112999.33333191,67477666.66666555,0.0,0.0,0.0,12.48169973013234,0.2080283288355389,0.51257287722174
33,200,20,4,100,0,True,True,False,False,0.4619549987317275,96699078.6666637,74051999.99999772,0.0,0.0,0.0,11.373427908151807,0.1895571318025301,0.6515121305342576
34,200,20,4,100,0,True,True,False,False,0.4548015760375096,107710617.66666244,82483499.99999677,0.0,0.0,0.0,10.210692537328187,0.1701782089554697,0.6249797849929795
35,200,20,4,100,0,True,True,False,False,0.5607008184316707,84054604.33333234,64370166.66666588,0.0,0.0,0.0,13.084351639305352,0.2180725273217559,0.7787733457534266
36,200,20,4,100,0,True,True,False,False,0.5460820463947202,90064380.99999805,68971833.33333185,0.0,0.0,0.0,12.211264739609144,0.2035210789934857,0.7496031253882061
37,200,20,4,100,0,True,True,False,False,0.5487501858997547,93253632.99999776,71413833.33333158,0.0,0.0,0.0,11.793642398897497,0.1965607066482916,0.7453108925480463
38,200,20,4,100,0,True,True,False,False,0.3050530512493016,93457151.33333084,71569666.66666476,0.0,0.0,0.0,11.767959800929264,0.196132663348821,0.5011857145981227
39,200,20,4,100,0,True,True,False,False,0.5513189145974946,84772904.33333148,64920166.666665256,0.0,0.0,0.0,12.973484967266534,0.2162247494544422,0.7675436640519369
40,200,20,4,100,0,True,False,True,True,0.58768078535715,133768147.3333318,102435666.66666548,0.0,0.0,0.0,8.221688211465244,0.137028136857754,0.724708922214904
41,200,20,4,100,0,True,False,True,True,0.6464171644189026,133119282.99999864,101938833.33333232,0.0,0.0,0.0,8.261763248830082,0.137696054147168,0.7841132185660706
42,200,20,4,100,0,True,False,True,True,0.5999171948247933,136868808.9999989,104809833.33333252,0.0,0.0,0.0,8.035431944176622,0.133923865736277,0.7338410605610703
43,200,20,4,100,0,True,False,True,True,0.559586435333357,145428550.66666687,111364000.00000016,0.0,0.0,0.0,7.5624765216895,0.1260412753614916,0.6856277106948486
44,200,20,4,100,0,True,False,True,True,0.5868548202095436,146364735.00000095,112080833.33333407,0.0,0.0,0.0,7.514105088223559,0.1252350848037259,0.7120899050132696
45,200,20,4,100,0,True,False,True,True,0.7152888055584059,132403377.33333205,101390666.66666567,0.0,0.0,0.0,8.306434640494096,0.1384405773415682,0.8537293828999741
46,200,20,4,100,0,True,False,True,True,0.6898230591098292,141451563.00000024,108318833.33333357,0.0,0.0,0.0,7.775099664328192,0.1295849944054698,0.8194080535152991
47,200,20,4,100,0,True,False,True,True,0.533895518736177,139040469.3333329,106472666.66666634,0.0,0.0,0.0,7.909927269904139,0.1318321211650689,0.665727639901246
48,200,20,4,100,0,True,False,True,True,0.5802150179520443,129848623.66666338,99434499.9999975,0.0,0.0,0.0,8.469862590329146,0.1411643765054857,0.7213793944575301
49,200,20,4,100,0,True,False,True,True,0.5926634216911444,135999665.99999905,104144333.3333326,0.0,0.0,0.0,8.086784566073918,0.1347797427678986,0.727443164459043
50,200,20,4,100,0,True,False,True,False,0.4208182098432041,88747497.66666459,67963499.99999838,0.0,0.0,0.0,12.39246208530686,0.2065410347551143,0.6273592445983185
51,200,20,4,100,0,True,False,True,False,0.6838576616280906,84011506.33333144,64337166.66666522,0.0,0.0,0.0,13.091063926842793,0.2181843987807132,0.9020420604088036
52,200,20,4,100,0,True,False,True,False,0.3235043546759857,92166605.66666465,70581499.99999842,0.0,0.0,0.0,11.93273845819606,0.1988789743032676,0.5223833289792534
53,200,20,4,100,0,True,False,True,False,0.4808778946385424,95990355.99999766,73509333.33333153,0.0,0.0,0.0,11.457400991408209,0.1909566831901367,0.6718345778286793
54,200,20,4,100,0,True,False,True,False,0.4611739403827792,101423098.33332968,77669166.66666384,0.0,0.0,0.0,10.843683717741282,0.1807280619623547,0.641902002345134
55,200,20,4,100,0,True,False,True,False,0.5207222427123073,80075222.33333257,61323166.66666609,0.0,0.0,0.0,13.734585655245706,0.2289097609207617,0.749632003633069
56,200,20,4,100,0,True,False,True,False,0.5880315373574492,98104552.3333307,75128166.66666465,0.0,0.0,0.0,11.210488951248662,0.186841482520811,0.7748730198782602
57,200,20,4,100,0,True,False,True,False,0.5566896991658485,89765089.33333103,68742666.66666488,0.0,0.0,0.0,12.25197911758362,0.204199651959727,0.7608893511255755
58,200,20,4,100,0,True,False,True,False,0.3311016423589061,96972032.66666344,74260999.99999756,0.0,0.0,0.0,11.341414320771309,0.1890235720128551,0.5201252143717613
59,200,20,4,100,0,True,False,True,False,0.5338767359726745,88991719.66666463,68150499.99999842,0.0,0.0,0.0,12.358453169795006,0.2059742194965834,0.7398509554692579
60,200,20,4,100,0,True,False,False,True,0.4297739154694967,49621696.66666765,38005000.000000745,0.0,0.0,0.0,22.163691971031856,0.3693948661838642,0.799168781653361
61,200,20,4,100,0,True,False,False,True,0.4055007773368257,54178113.00000136,41493833.33333437,0.0,0.0,0.0,20.299710327673697,0.3383285054612282,0.7438292827980539
62,200,20,4,100,0,True,False,False,True,0.3907037209543568,64507267.00000094,49402833.33333404,0.0,0.0,0.0,17.049241909442294,0.2841540318240382,0.674857752778395
63,200,20,4,100,0,True,False,False,True,0.400481341065649,58818331.00000166,45046833.33333461,0.0,0.0,0.0,18.698252420660644,0.311637540344344,0.712118881409993
64,200,20,4,100,0,True,False,False,True,0.3680414204547901,64976556.333334416,49762166.66666749,0.0,0.0,0.0,16.926104768586793,0.2821017461431132,0.6501431665979034
65,200,20,4,100,0,True,False,False,True,0.3847565027729113,56158226.66666803,43010000.00000104,0.0,0.0,0.0,19.5839517249709,0.3263991954161816,0.711155698189093
66,200,20,4,100,0,True,False,False,True,0.4008417978783883,61104919.3333348,46797666.66666781,0.0,0.0,0.0,17.9985508859026,0.2999758480983766,0.700817645976765
67,200,20,4,100,0,True,False,False,True,0.4843349518113796,51082240.000001155,39123333.33333423,0.0,0.0,0.0,21.52998772175956,0.3588331286959926,0.8431680805073722
68,200,20,4,100,0,True,False,False,True,0.3967548819588096,70450002.33333382,53953166.66666704,0.0,0.0,0.0,15.611071164998718,0.2601845194166453,0.6569394013754549
69,200,20,4,100,0,True,False,False,True,0.3724381471429357,66085132.66666757,50611000.0000007,0.0,0.0,0.0,16.642169813706435,0.2773694968951072,0.649807644038043
70,200,20,4,100,0,True,False,False,False,0.4297739154694967,49621696.66666765,38005000.000000745,0.0,0.0,0.0,22.163691971031856,0.3693948661838642,0.799168781653361
71,200,20,4,100,0,True,False,False,False,0.4055007773368257,54178113.00000136,41493833.33333437,0.0,0.0,0.0,20.299710327673697,0.3383285054612282,0.7438292827980539
72,200,20,4,100,0,True,False,False,False,0.3907037209543568,64507267.00000094,49402833.33333404,0.0,0.0,0.0,17.049241909442294,0.2841540318240382,0.674857752778395
73,200,20,4,100,0,True,False,False,False,0.400481341065649,58818331.00000166,45046833.33333461,0.0,0.0,0.0,18.698252420660644,0.311637540344344,0.712118881409993
74,200,20,4,100,0,True,False,False,False,0.3680414204547901,64976556.333334416,49762166.66666749,0.0,0.0,0.0,16.926104768586793,0.2821017461431132,0.6501431665979034
75,200,20,4,100,0,True,False,False,False,0.3847565027729113,56158226.66666803,43010000.00000104,0.0,0.0,0.0,19.5839517249709,0.3263991954161816,0.711155698189093
76,200,20,4,100,0,True,False,False,False,0.4008417978783883,61104919.3333348,46797666.66666781,0.0,0.0,0.0,17.9985508859026,0.2999758480983766,0.700817645976765
77,200,20,4,100,0,True,False,False,False,0.4843349518113796,51082240.000001155,39123333.33333423,0.0,0.0,0.0,21.52998772175956,0.3588331286959926,0.8431680805073722
78,200,20,4,100,0,True,False,False,False,0.3967548819588096,70450002.33333382,53953166.66666704,0.0,0.0,0.0,15.611071164998718,0.2601845194166453,0.6569394013754549
79,200,20,4,100,0,True,False,False,False,0.3724381471429357,66085132.66666757,50611000.0000007,0.0,0.0,0.0,16.642169813706435,0.2773694968951072,0.649807644038043
80,200,20,4,100,0,False,True,True,True,0.454670076286877,115312625.99999568,88304333.33332999,0.0,0.0,0.0,9.537550554091458,0.1589591759015243,0.6136292521884013
81,200,20,4,100,0,False,True,True,True,0.565410069285719,120414950.33332752,92211166.66666222,0.0,0.0,0.0,9.13341737845326,0.152223622974221,0.71763369225994
82,200,20,4,100,0,False,True,True,True,0.4399848658715443,123000830.3333294,94191166.66666368,0.0,0.0,0.0,8.941403054105955,0.1490233842350992,0.5890082501066436
83,200,20,4,100,0,False,True,True,True,0.4947459307796951,113227161.66666256,86707499.99999684,0.0,0.0,0.0,9.71321707451944,0.1618869512419906,0.6566328820216858
84,200,20,4,100,0,False,True,True,True,0.5185236267164349,126599513.33333012,96946666.6666642,0.0,0.0,0.0,8.68723718632537,0.1447872864387561,0.6633109131551911
85,200,20,4,100,0,False,True,True,True,0.5565900021034104,124435035.99999596,95289333.33333024,0.0,0.0,0.0,8.838346782011104,0.147305779700185,0.7038957818035955
86,200,20,4,100,0,False,True,True,True,0.5504025833056939,129776793.6666646,99379499.99999844,0.0,0.0,0.0,8.47455056429324,0.1412425094048873,0.6916450927105813
87,200,20,4,100,0,False,True,True,True,0.4932093733837412,127949917.33332932,97980666.6666636,0.0,0.0,0.0,8.595550688281032,0.1432591781380172,0.6364685515217584
88,200,20,4,100,0,False,True,True,True,0.4954082180827344,104205313.66666278,79799499.99999702,0.0,0.0,0.0,10.554164286843337,0.1759027381140555,0.67131095619679
89,200,20,4,100,0,False,True,True,True,0.5087870813995303,129975523.33332966,99531666.66666384,0.0,0.0,0.0,8.46159316611867,0.1410265527686444,0.6498136341681748
90,200,20,4,100,0,False,True,True,False,0.4071835217687788,83793621.99999873,64170333.33333236,0.0,0.0,0.0,13.125103960776592,0.2187517326796098,0.6259352544483887
91,200,20,4,100,0,False,True,True,False,0.3393061537154395,80669016.99999824,61777833.33333199,0.0,0.0,0.0,13.633487067284134,0.2272247844547355,0.5665309381701751
92,200,20,4,100,0,False,True,True,False,0.2356577807791046,74850786.9999993,57322833.333332784,0.0,0.0,0.0,14.693232283583209,0.2448872047263868,0.4805449855054914
93,200,20,4,100,0,False,True,True,False,0.6630247820489762,76244288.99999952,58389833.33333296,0.0,0.0,0.0,14.424686942782126,0.2404114490463687,0.903436231095345
94,200,20,4,100,0,False,True,True,False,0.3784687394042184,89935086.99999858,68872833.33333223,0.0,0.0,0.0,12.228820104438409,0.2038136684073068,0.5822824078115252
95,200,20,4,100,0,False,True,True,False,0.4097002775992359,68900868.66666676,52767000.00000006,0.0,0.0,0.0,15.96206290693788,0.266034381782298,0.6757346593815339
96,200,20,4,100,0,False,True,True,False,0.5160930649069382,85273319.99999827,65303333.333332025,0.0,0.0,0.0,12.897351715636525,0.2149558619272754,0.7310489268342135
97,200,20,4,100,0,False,True,True,False,0.4472352608229338,76864421.33333261,58864666.66666611,0.0,0.0,0.0,14.308310411010233,0.2384718401835038,0.6857071010064377
98,200,20,4,100,0,False,True,True,False,0.4194690199977353,79289880.99999875,60721833.333332375,0.0,0.0,0.0,13.870622406407916,0.2311770401067986,0.6506460601045339
99,200,20,4,100,0,False,True,True,False,0.4383758945753381,80453526.99999884,61612833.33333246,0.0,0.0,0.0,13.6700035537288,0.2278333925621466,0.6662092871374847
100,200,20,4,100,0,False,True,False,True,0.4710714742309299,118279204.99999551,90575833.33332992,0.0,0.0,0.0,9.298337776281482,0.154972296271358,0.626043770502288
101,200,20,4,100,0,False,True,False,True,0.5881184929558576,106441620.9999954,81511833.33332981,0.0,0.0,0.0,10.332424381248831,0.1722070730208138,0.7603255659766714
102,200,20,4,100,0,False,True,False,True,0.4204238964247055,127612316.33333015,97722166.66666424,0.0,0.0,0.0,8.618290393908875,0.1436381732318145,0.5640620696565202
103,200,20,4,100,0,False,True,False,True,0.4896987997888966,116835421.9999946,89470333.33332917,0.0,0.0,0.0,9.41324113161547,0.1568873521935911,0.6465861519824878
104,200,20,4,100,0,False,True,False,True,0.5256774889892205,130021015.66666432,99566499.9999982,0.0,0.0,0.0,8.458632586131799,0.1409772097688633,0.6666546987580838
105,200,20,4,100,0,False,True,False,True,0.4930035206254343,119787634.99999532,91730833.33332977,0.0,0.0,0.0,9.181248131328772,0.1530208021888128,0.6460243228142473
106,200,20,4,100,0,False,True,False,True,0.5318509286925787,119378203.99999464,91417333.3333292,0.0,0.0,0.0,9.212737025261742,0.1535456170876957,0.6853965457802744
107,200,20,4,100,0,False,True,False,True,0.5470583101931662,125332910.99999689,95976833.333331,0.0,0.0,0.0,8.775029569049325,0.1462504928174887,0.6933088030106549
108,200,20,4,100,0,False,True,False,True,0.4858498463444341,109058627.33332852,83515666.66666298,0.0,0.0,0.0,10.084484161336029,0.1680747360222671,0.6539245823667013
109,200,20,4,100,0,False,True,False,True,0.4386388006170703,120120447.33332752,91985666.66666225,0.0,0.0,0.0,9.155810059116051,0.1525968343186008,0.5912356349356711
110,200,20,4,100,0,False,True,False,False,0.4187231696708119,84191081.33333148,64474666.66666528,0.0,0.0,0.0,13.063141399094802,0.2177190233182467,0.6364421929890587
111,200,20,4,100,0,False,True,False,False,0.3186446918286555,80963519.99999858,62003333.33333224,0.0,0.0,0.0,13.58389556185328,0.2263982593642213,0.5450429511928769
112,200,20,4,100,0,False,True,False,False,0.2168884072918606,71697449.99999976,54908333.33333315,0.0,0.0,0.0,15.33945767945727,0.2556576279909545,0.4725460352828151
113,200,20,4,100,0,False,True,False,False,0.7782445888545909,80178178.66666526,61401999.9999989,0.0,0.0,0.0,13.716949153613674,0.2286158192268945,1.0068604080814856
114,200,20,4,100,0,False,True,False,False,0.4279413089804092,88268630.9999978,67596833.3333316,0.0,0.0,0.0,12.459692503897871,0.2076615417316312,0.6356028507120405
115,200,20,4,100,0,False,True,False,False,0.3954071148544903,70409298.66666666,53921999.99999999,0.0,0.0,0.0,15.620095936570804,0.26033493227618,0.6557420471306703
116,200,20,4,100,0,False,True,False,False,0.5022436574681352,82792790.66666482,63403999.9999986,0.0,0.0,0.0,13.28376530304367,0.2213960883840612,0.7236397458521964
117,200,20,4,100,0,False,True,False,False,0.3894265248854271,75281766.99999952,57652833.33333296,0.0,0.0,0.0,14.609115112826814,0.2434852518804469,0.6329117767658741
118,200,20,4,100,0,False,True,False,False,0.4131686993373722,78401583.33333215,60041666.66666577,0.0,0.0,0.0,14.027777925403504,0.233796298756725,0.6469649980940972
119,200,20,4,100,0,False,True,False,False,0.5223246380886217,82713777.66666482,63343499.999998614,0.0,0.0,0.0,13.29645472646862,0.2216075787744769,0.7439322168630987
120,200,20,4,100,0,False,False,True,True,0.454670076286877,115312625.99999568,88304333.33332999,0.0,0.0,0.0,9.537550554091458,0.1589591759015243,0.6136292521884013
121,200,20,4,100,0,False,False,True,True,0.565410069285719,120414950.33332752,92211166.66666222,0.0,0.0,0.0,9.13341737845326,0.152223622974221,0.71763369225994
122,200,20,4,100,0,False,False,True,True,0.4399848658715443,123000830.3333294,94191166.66666368,0.0,0.0,0.0,8.941403054105955,0.1490233842350992,0.5890082501066436
123,200,20,4,100,0,False,False,True,True,0.4947459307796951,113227161.66666256,86707499.99999684,0.0,0.0,0.0,9.71321707451944,0.1618869512419906,0.6566328820216858
124,200,20,4,100,0,False,False,True,True,0.5185236267164349,126599513.33333012,96946666.6666642,0.0,0.0,0.0,8.68723718632537,0.1447872864387561,0.6633109131551911
125,200,20,4,100,0,False,False,True,True,0.5565900021034104,124435035.99999596,95289333.33333024,0.0,0.0,0.0,8.838346782011104,0.147305779700185,0.7038957818035955
126,200,20,4,100,0,False,False,True,True,0.5504025833056939,129776793.6666646,99379499.99999844,0.0,0.0,0.0,8.47455056429324,0.1412425094048873,0.6916450927105813
127,200,20,4,100,0,False,False,True,True,0.4932093733837412,127949917.33332932,97980666.6666636,0.0,0.0,0.0,8.595550688281032,0.1432591781380172,0.6364685515217584
128,200,20,4,100,0,False,False,True,True,0.4954082180827344,104205313.66666278,79799499.99999702,0.0,0.0,0.0,10.554164286843337,0.1759027381140555,0.67131095619679
129,200,20,4,100,0,False,False,True,True,0.5087870813995303,129975523.33332966,99531666.66666384,0.0,0.0,0.0,8.46159316611867,0.1410265527686444,0.6498136341681748
130,200,20,4,100,0,False,False,True,False,0.4071835217687788,83793621.99999873,64170333.33333236,0.0,0.0,0.0,13.125103960776592,0.2187517326796098,0.6259352544483887
131,200,20,4,100,0,False,False,True,False,0.3393061537154395,80669016.99999824,61777833.33333199,0.0,0.0,0.0,13.633487067284134,0.2272247844547355,0.5665309381701751
132,200,20,4,100,0,False,False,True,False,0.2356577807791046,74850786.9999993,57322833.333332784,0.0,0.0,0.0,14.693232283583209,0.2448872047263868,0.4805449855054914
133,200,20,4,100,0,False,False,True,False,0.6630247820489762,76244288.99999952,58389833.33333296,0.0,0.0,0.0,14.424686942782126,0.2404114490463687,0.903436231095345
134,200,20,4,100,0,False,False,True,False,0.3784687394042184,89935086.99999858,68872833.33333223,0.0,0.0,0.0,12.228820104438409,0.2038136684073068,0.5822824078115252
135,200,20,4,100,0,False,False,True,False,0.4097002775992359,68900868.66666676,52767000.00000006,0.0,0.0,0.0,15.96206290693788,0.266034381782298,0.6757346593815339
136,200,20,4,100,0,False,False,True,False,0.5160930649069382,85273319.99999827,65303333.333332025,0.0,0.0,0.0,12.897351715636525,0.2149558619272754,0.7310489268342135
137,200,20,4,100,0,False,False,True,False,0.4472352608229338,76864421.33333261,58864666.66666611,0.0,0.0,0.0,14.308310411010233,0.2384718401835038,0.6857071010064377
138,200,20,4,100,0,False,False,True,False,0.4194690199977353,79289880.99999875,60721833.333332375,0.0,0.0,0.0,13.870622406407916,0.2311770401067986,0.6506460601045339
139,200,20,4,100,0,False,False,True,False,0.4383758945753381,80453526.99999884,61612833.33333246,0.0,0.0,0.0,13.6700035537288,0.2278333925621466,0.6662092871374847
140,200,20,4,100,0,False,False,False,True,0.4164048854547761,49092549.000000685,37599833.33333386,0.0,0.0,0.0,22.402584962536466,0.3733764160422744,0.7897813014970505
141,200,20,4,100,0,False,False,False,True,0.3539820985955999,44339797.33333405,33960666.66666722,0.0,0.0,0.0,24.803902276142914,0.4133983712690485,0.7673804698646485
142,200,20,4,100,0,False,False,False,True,0.3727843724776581,47438064.66666738,36333000.00000056,0.0,0.0,0.0,23.1839137563464,0.3863985626057733,0.7591829350834315
143,200,20,4,100,0,False,False,False,True,0.791277883405145,44560076.00000057,34129333.33333377,0.0,0.0,0.0,24.681286450229255,0.4113547741704876,1.2026326575756323
144,200,20,4,100,0,False,False,False,True,0.3278485676692488,58911710.00000164,45118333.33333459,0.0,0.0,0.0,18.668614440150684,0.3111435740025114,0.6389921416717603
145,200,20,4,100,0,False,False,False,True,0.3190314176708626,48359883.00000073,37038833.3333339,0.0,0.0,0.0,22.74199050481539,0.3790331750802566,0.6980645927511192
146,200,20,4,100,0,False,False,False,True,0.3624391073815545,55724852.33333448,42678166.66666755,0.0,0.0,0.0,19.736256875500093,0.3289376145916682,0.6913767219732228
147,200,20,4,100,0,False,False,False,True,0.3420711268179824,46540189.66666735,35645500.00000053,0.0,0.0,0.0,23.63118861089838,0.393853143514973,0.7359242703329555
148,200,20,4,100,0,False,False,False,True,0.7023918374695141,49300856.00000093,37759333.33333403,0.0,0.0,0.0,22.307929095591756,0.3717988182598626,1.0741906557293768
149,200,20,4,100,0,False,False,False,True,0.3161556070803549,55404011.66666824,42432500.00000121,0.0,0.0,0.0,19.850548126673896,0.3308424687778982,0.6469980758582532
150,200,20,4,100,0,False,False,False,False,0.4164048854547761,49092549.000000685,37599833.33333386,0.0,0.0,0.0,22.402584962536466,0.3733764160422744,0.7897813014970505
151,200,20,4,100,0,False,False,False,False,0.3539820985955999,44339797.33333405,33960666.66666722,0.0,0.0,0.0,24.803902276142914,0.4133983712690485,0.7673804698646485
152,200,20,4,100,0,False,False,False,False,0.3727843724776581,47438064.66666738,36333000.00000056,0.0,0.0,0.0,23.1839137563464,0.3863985626057733,0.7591829350834315
153,200,20,4,100,0,False,False,False,False,0.791277883405145,44560076.00000057,34129333.33333377,0.0,0.0,0.0,24.681286450229255,0.4113547741704876,1.2026326575756323
154,200,20,4,100,0,False,False,False,False,0.3278485676692488,58911710.00000164,45118333.33333459,0.0,0.0,0.0,18.668614440150684,0.3111435740025114,0.6389921416717603
155,200,20,4,100,0,False,False,False,False,0.3190314176708626,48359883.00000073,37038833.3333339,0.0,0.0,0.0,22.74199050481539,0.3790331750802566,0.6980645927511192
156,200,20,4,100,0,False,False,False,False,0.3624391073815545,55724852.33333448,42678166.66666755,0.0,0.0,0.0,19.736256875500093,0.3289376145916682,0.6913767219732228
157,200,20,4,100,0,False,False,False,False,0.3420711268179824,46540189.66666735,35645500.00000053,0.0,0.0,0.0,23.63118861089838,0.393853143514973,0.7359242703329555
158,200,20,4,100,0,False,False,False,False,0.7023918374695141,49300856.00000093,37759333.33333403,0.0,0.0,0.0,22.307929095591756,0.3717988182598626,1.0741906557293768
159,200,20,4,100,0,False,False,False,False,0.3161556070803549,55404011.66666824,42432500.00000121,0.0,0.0,0.0,19.850548126673896,0.3308424687778982,0.6469980758582532
