air_temp,ghi,wind_speed_100m,time,day
23.0,0.0,4.2250000000000005,00:00,1
22.916666666666668,0.0,4.233333333333333,00:05,1
22.916666666666668,0.0,4.191666666666666,00:10,1
22.916666666666668,0.0,4.158333333333333,00:15,1
22.916666666666668,0.0,4.133333333333334,00:20,1
22.916666666666668,0.0,4.108333333333333,00:25,1
22.916666666666668,0.0,4.066666666666666,00:30,1
22.916666666666668,0.0,4.0249999999999995,00:35,1
22.833333333333332,0.0,4.008333333333334,00:40,1
22.833333333333332,0.0,3.975,00:45,1
22.833333333333332,0.0,3.9499999999999997,00:50,1
22.833333333333332,0.0,3.9416666666666664,00:55,1
22.833333333333332,0.0,3.908333333333333,01:00,1
22.833333333333332,0.0,3.8833333333333333,01:05,1
22.833333333333332,0.0,3.85,01:10,1
22.833333333333332,0.0,3.8166666666666664,01:15,1
22.833333333333332,0.0,3.7916666666666665,01:20,1
22.75,0.0,3.7583333333333333,01:25,1
22.75,0.0,3.725,01:30,1
22.666666666666668,0.0,3.6999999999999997,01:35,1
22.666666666666668,0.0,3.6750000000000003,01:40,1
22.666666666666668,0.0,3.658333333333333,01:45,1
22.666666666666668,0.0,3.625,01:50,1
22.666666666666668,0.0,3.6,01:55,1
22.666666666666668,0.0,3.5583333333333336,02:00,1
22.666666666666668,0.0,3.5500000000000003,02:05,1
22.583333333333332,0.0,3.516666666666667,02:10,1
22.5,0.0,3.516666666666667,02:15,1
22.5,0.0,3.483333333333333,02:20,1
22.5,0.0,3.4499999999999997,02:25,1
22.5,0.0,3.4166666666666665,02:30,1
22.5,0.0,3.4,02:35,1
22.416666666666668,0.0,3.375,02:40,1
22.333333333333332,0.0,3.358333333333333,02:45,1
22.333333333333332,0.0,3.35,02:50,1
22.333333333333332,0.0,3.3166666666666664,02:55,1
22.25,0.0,3.3249999999999997,03:00,1
22.25,0.0,3.2916666666666665,03:05,1
22.25,0.0,3.266666666666667,03:10,1
22.166666666666668,0.0,3.2583333333333333,03:15,1
22.166666666666668,0.0,3.2416666666666667,03:20,1
22.166666666666668,0.0,3.216666666666667,03:25,1
22.166666666666668,0.0,3.216666666666667,03:30,1
22.083333333333332,0.0,3.2083333333333335,03:35,1
22.083333333333332,0.0,3.2083333333333335,03:40,1
22.083333333333332,0.0,3.1833333333333336,03:45,1
22.083333333333332,0.0,3.2083333333333335,03:50,1
22.0,0.0,3.1916666666666664,03:55,1
22.0,0.0,3.1999999999999997,04:00,1
22.0,0.0,3.1833333333333336,04:05,1
22.083333333333332,0.0,3.1666666666666665,04:10,1
22.0,0.0,3.1666666666666665,04:15,1
22.083333333333332,0.0,3.15,04:20,1
22.083333333333332,0.0,3.141666666666667,04:25,1
22.166666666666668,0.0,3.125,04:30,1
22.25,0.0,3.125,04:35,1
22.25,0.0,3.125,04:40,1
22.333333333333332,0.0,3.1166666666666667,04:45,1
22.25,0.0,3.1166666666666667,04:50,1
22.25,0.0,3.1166666666666667,04:55,1
22.333333333333332,0.0,3.108333333333333,05:00,1
22.333333333333332,0.0,3.108333333333333,05:05,1
22.416666666666668,0.0,3.108333333333333,05:10,1
22.416666666666668,0.0,3.1,05:15,1
22.5,0.0,3.108333333333333,05:20,1
22.5,0.25,3.0666666666666664,05:25,1
22.5,1.1666666666666667,3.0749999999999997,05:30,1
22.416666666666668,2.6666666666666665,3.0749999999999997,05:35,1
22.416666666666668,4.5,3.0833333333333335,05:40,1
22.416666666666668,7.416666666666667,3.0666666666666664,05:45,1
22.416666666666668,9.25,3.0666666666666664,05:50,1
22.416666666666668,9.916666666666666,3.0749999999999997,05:55,1
22.416666666666668,14.25,3.0666666666666664,06:00,1
22.416666666666668,16.916666666666668,3.033333333333333,06:05,1
22.416666666666668,21.083333333333332,3.016666666666667,06:10,1
22.416666666666668,27.833333333333332,2.983333333333333,06:15,1
22.416666666666668,34.916666666666664,2.966666666666667,06:20,1
22.416666666666668,42.5,2.9333333333333336,06:25,1
22.416666666666668,49.666666666666664,2.908333333333333,06:30,1
22.416666666666668,56.833333333333336,2.875,06:35,1
22.416666666666668,71.66666666666667,2.858333333333333,06:40,1
22.333333333333332,83.83333333333333,2.8249999999999997,06:45,1
22.416666666666668,93.33333333333333,2.8000000000000003,06:50,1
22.5,104.33333333333333,2.783333333333333,06:55,1
22.416666666666668,113.33333333333333,2.75,07:00,1
22.416666666666668,120.5,2.725,07:05,1
22.416666666666668,129.58333333333334,2.6916666666666664,07:10,1
22.416666666666668,135.16666666666666,2.6166666666666667,07:15,1
22.416666666666668,144.91666666666666,2.5749999999999997,07:20,1
22.416666666666668,155.5,2.5416666666666665,07:25,1
22.416666666666668,171.5,2.475,07:30,1
22.5,185.75,2.4499999999999997,07:35,1
22.5,203.66666666666666,2.4166666666666665,07:40,1
22.5,218.66666666666666,2.3666666666666667,07:45,1
22.583333333333332,231.66666666666666,2.3249999999999997,07:50,1
22.583333333333332,237.58333333333334,2.275,07:55,1
22.583333333333332,243.16666666666666,2.2583333333333333,08:00,1
22.666666666666668,245.25,2.225,08:05,1
22.75,265.5833333333333,2.1750000000000003,08:10,1
23.0,281.6666666666667,2.15,08:15,1
23.166666666666668,296.0,2.1416666666666666,08:20,1
23.416666666666668,306.8333333333333,2.1,08:25,1
23.416666666666668,316.5833333333333,2.0749999999999997,08:30,1
23.666666666666668,331.5,2.0500000000000003,08:35,1
23.833333333333332,340.75,2.0083333333333333,08:40,1
24.166666666666668,351.9166666666667,2.0083333333333333,08:45,1
24.333333333333332,364.75,2.0,08:50,1
24.583333333333332,372.9166666666667,1.9666666666666668,08:55,1
24.583333333333332,387.4166666666667,1.9666666666666668,09:00,1
24.75,399.1666666666667,1.9583333333333333,09:05,1
24.75,408.0,1.9666666666666668,09:10,1
24.916666666666668,415.0,1.9749999999999999,09:15,1
25.083333333333332,429.0,1.9833333333333334,09:20,1
25.166666666666668,444.25,1.9916666666666665,09:25,1
25.333333333333332,450.5,2.0,09:30,1
25.333333333333332,460.0,2.0083333333333333,09:35,1
25.333333333333332,470.5,2.0166666666666666,09:40,1
25.5,475.6666666666667,2.033333333333333,09:45,1
25.666666666666668,482.9166666666667,2.033333333333333,09:50,1
25.916666666666668,494.0,2.0500000000000003,09:55,1
25.916666666666668,498.9166666666667,2.0749999999999997,10:00,1
25.916666666666668,509.5833333333333,2.066666666666667,10:05,1
25.916666666666668,516.4166666666666,2.066666666666667,10:10,1
25.916666666666668,519.6666666666666,2.0583333333333336,10:15,1
25.916666666666668,528.9166666666666,2.0833333333333335,10:20,1
25.916666666666668,535.0,2.0833333333333335,10:25,1
26.0,543.1666666666666,2.066666666666667,10:30,1
25.916666666666668,544.25,2.0749999999999997,10:35,1
25.916666666666668,550.0,2.0749999999999997,10:40,1
25.916666666666668,559.1666666666666,2.0500000000000003,10:45,1
26.0,562.75,2.0749999999999997,10:50,1
26.0,569.5,2.0749999999999997,10:55,1
25.916666666666668,575.9166666666666,2.058333333333333,11:00,1
26.0,582.8333333333334,2.0833333333333335,11:05,1
26.083333333333332,584.0833333333334,2.091666666666667,11:10,1
26.416666666666668,582.5833333333334,2.058333333333333,11:15,1
26.5,571.9166666666666,2.0749999999999997,11:20,1
26.666666666666668,567.25,2.0749999999999997,11:25,1
26.75,576.75,2.0833333333333335,11:30,1
26.75,585.1666666666666,2.091666666666667,11:35,1
26.916666666666668,590.3333333333334,2.091666666666667,11:40,1
27.416666666666668,588.75,2.1083333333333334,11:45,1
27.416666666666668,599.6666666666666,2.1333333333333333,11:50,1
27.5,617.9166666666666,2.125,11:55,1
27.5,622.0,2.158333333333333,12:00,1
27.583333333333332,625.0,2.1666666666666665,12:05,1
27.666666666666668,621.1666666666666,2.15,12:10,1
27.666666666666668,615.6666666666666,2.15,12:15,1
27.75,626.6666666666666,2.158333333333333,12:20,1
27.75,633.5,2.158333333333333,12:25,1
27.75,645.5833333333334,2.1666666666666665,12:30,1
27.916666666666668,639.5,2.175,12:35,1
27.916666666666668,637.1666666666666,2.1999999999999997,12:40,1
27.916666666666668,633.25,2.191666666666667,12:45,1
27.916666666666668,628.3333333333334,2.191666666666667,12:50,1
28.083333333333332,618.6666666666666,2.1999999999999997,12:55,1
28.25,606.3333333333334,2.225,13:00,1
28.25,593.1666666666666,2.216666666666667,13:05,1
28.25,594.8333333333334,2.225,13:10,1
28.416666666666668,589.0,2.266666666666667,13:15,1
28.416666666666668,587.6666666666666,2.2583333333333333,13:20,1
28.416666666666668,584.75,2.2666666666666666,13:25,1
28.5,578.25,2.275,13:30,1
28.333333333333332,569.25,2.2916666666666665,13:35,1
28.333333333333332,558.0833333333334,2.308333333333333,13:40,1
28.333333333333332,554.5833333333334,2.3000000000000003,13:45,1
28.333333333333332,554.1666666666666,2.316666666666667,13:50,1
28.333333333333332,544.5,2.341666666666667,13:55,1
28.333333333333332,538.9166666666666,2.341666666666667,14:00,1
28.333333333333332,531.5,2.3583333333333334,14:05,1
28.333333333333332,523.3333333333334,2.3666666666666667,14:10,1
28.416666666666668,514.75,2.3833333333333333,14:15,1
28.416666666666668,510.3333333333333,2.3916666666666666,14:20,1
28.416666666666668,485.25,2.4,14:25,1
28.416666666666668,470.4166666666667,2.408333333333333,14:30,1
28.333333333333332,461.5,2.433333333333333,14:35,1
28.25,448.9166666666667,2.441666666666667,14:40,1
28.25,429.75,2.466666666666667,14:45,1
28.25,423.6666666666667,2.4833333333333334,14:50,1
28.166666666666668,413.0,2.5,14:55,1
28.333333333333332,406.75,2.525,15:00,1
28.333333333333332,392.6666666666667,2.55,15:05,1
28.416666666666668,380.0,2.566666666666667,15:10,1
28.416666666666668,368.3333333333333,2.6,15:15,1
28.5,357.5,2.6333333333333333,15:20,1
28.5,340.1666666666667,2.6750000000000003,15:25,1
28.5,326.1666666666667,2.716666666666667,15:30,1
28.5,311.3333333333333,2.7583333333333333,15:35,1
28.5,288.75,2.7916666666666665,15:40,1
28.5,261.25,2.8333333333333335,15:45,1
28.5,247.75,2.8666666666666667,15:50,1
28.5,233.5,2.908333333333333,15:55,1
28.5,227.0,2.9499999999999997,16:00,1
28.416666666666668,217.25,2.983333333333333,16:05,1
28.25,199.75,3.0083333333333333,16:10,1
28.25,179.83333333333334,3.025,16:15,1
28.0,169.83333333333334,3.0500000000000003,16:20,1
27.666666666666668,157.25,3.0666666666666664,16:25,1
27.5,148.5,3.1166666666666667,16:30,1
27.333333333333332,137.0,3.1333333333333333,16:35,1
27.25,126.16666666666667,3.1666666666666665,16:40,1
27.0,117.33333333333333,3.2083333333333335,16:45,1
26.75,108.91666666666667,3.2416666666666667,16:50,1
26.583333333333332,93.16666666666667,3.2916666666666665,16:55,1
26.416666666666668,85.91666666666667,3.3249999999999997,17:00,1
26.333333333333332,72.08333333333333,3.3833333333333333,17:05,1
26.25,63.583333333333336,3.4416666666666664,17:10,1
26.25,54.583333333333336,3.516666666666667,17:15,1
26.25,47.0,3.5749999999999997,17:20,1
26.25,40.666666666666664,3.658333333333333,17:25,1
26.25,33.916666666666664,3.716666666666667,17:30,1
26.333333333333332,28.916666666666668,3.8083333333333336,17:35,1
26.333333333333332,24.0,3.8666666666666667,17:40,1
26.25,18.5,3.9499999999999997,17:45,1
26.25,15.333333333333334,4.008333333333334,17:50,1
26.166666666666668,13.0,4.108333333333333,17:55,1
26.166666666666668,9.333333333333334,4.183333333333334,18:00,1
26.166666666666668,7.666666666666667,4.233333333333333,18:05,1
26.166666666666668,5.666666666666667,4.2749999999999995,18:10,1
26.166666666666668,3.8333333333333335,4.308333333333333,18:15,1
26.166666666666668,2.75,4.3500000000000005,18:20,1
26.166666666666668,2.25,4.3999999999999995,18:25,1
26.166666666666668,0.8333333333333334,4.45,18:30,1
26.166666666666668,0.16666666666666666,4.5,18:35,1
26.166666666666668,0.0,4.5249999999999995,18:40,1
26.166666666666668,0.0,4.575,18:45,1
26.166666666666668,0.0,4.616666666666666,18:50,1
26.083333333333332,0.0,4.658333333333333,18:55,1
26.083333333333332,0.0,4.7,19:00,1
26.083333333333332,0.0,4.733333333333333,19:05,1
26.083333333333332,0.0,4.758333333333334,19:10,1
26.083333333333332,0.0,4.741666666666666,19:15,1
26.0,0.0,4.75,19:20,1
26.0,0.0,4.775,19:25,1
26.0,0.0,4.7749999999999995,19:30,1
25.916666666666668,0.0,4.8,19:35,1
25.916666666666668,0.0,4.808333333333334,19:40,1
25.916666666666668,0.0,4.816666666666666,19:45,1
25.916666666666668,0.0,4.808333333333334,19:50,1
25.916666666666668,0.0,4.833333333333333,19:55,1
25.916666666666668,0.0,4.8500000000000005,20:00,1
25.916666666666668,0.0,4.8500000000000005,20:05,1
25.833333333333332,0.0,4.808333333333334,20:10,1
25.75,0.0,4.8,20:15,1
25.666666666666668,0.0,4.808333333333334,20:20,1
25.5,0.0,4.7749999999999995,20:25,1
25.5,0.0,4.758333333333334,20:30,1
25.416666666666668,0.0,4.741666666666666,20:35,1
25.333333333333332,0.0,4.7250000000000005,20:40,1
25.25,0.0,4.708333333333333,20:45,1
25.25,0.0,4.708333333333333,20:50,1
25.166666666666668,0.0,4.683333333333334,20:55,1
25.083333333333332,0.0,4.675,21:00,1
25.0,0.0,4.658333333333333,21:05,1
25.0,0.0,4.633333333333334,21:10,1
24.833333333333332,0.0,4.608333333333333,21:15,1
24.833333333333332,0.0,4.583333333333333,21:20,1
24.666666666666668,0.0,4.558333333333334,21:25,1
24.666666666666668,0.0,4.533333333333333,21:30,1
24.666666666666668,0.0,4.5249999999999995,21:35,1
24.666666666666668,0.0,4.5,21:40,1
24.666666666666668,0.0,4.491666666666666,21:45,1
24.583333333333332,0.0,4.45,21:50,1
24.333333333333332,0.0,4.441666666666666,21:55,1
24.333333333333332,0.0,4.416666666666667,22:00,1
24.333333333333332,0.0,4.4,22:05,1
24.333333333333332,0.0,4.383333333333334,22:10,1
24.333333333333332,0.0,4.3500000000000005,22:15,1
24.333333333333332,0.0,4.358333333333333,22:20,1
24.333333333333332,0.0,4.341666666666667,22:25,1
24.333333333333332,0.0,4.308333333333334,22:30,1
24.333333333333332,0.0,4.3,22:35,1
24.333333333333332,0.0,4.291666666666667,22:40,1
24.25,0.0,4.283333333333333,22:45,1
24.166666666666668,0.0,4.2749999999999995,22:50,1
24.166666666666668,0.0,4.258333333333333,22:55,1
24.166666666666668,0.0,4.258333333333333,23:00,1
24.166666666666668,0.0,4.233333333333333,23:05,1
24.166666666666668,0.0,4.191666666666666,23:10,1
24.25,0.0,4.175,23:15,1
24.166666666666668,0.0,4.158333333333333,23:20,1
24.166666666666668,0.0,4.1499999999999995,23:25,1
24.166666666666668,0.0,4.108333333333333,23:30,1
24.0,0.0,4.091666666666667,23:35,1
23.916666666666668,0.0,4.083333333333333,23:40,1
23.833333333333332,0.0,4.058333333333334,23:45,1
23.833333333333332,0.0,4.033333333333333,23:50,1
23.833333333333332,0.0,4.016666666666667,23:55,1
23.75,0.0,4.033333333333333,00:00,2
23.75,0.0,4.0,00:05,2
23.75,0.0,3.975,00:10,2
23.666666666666668,0.0,3.9499999999999997,00:15,2
23.666666666666668,0.0,3.9166666666666665,00:20,2
23.666666666666668,0.0,3.891666666666667,00:25,2
23.666666666666668,0.0,3.875,00:30,2
23.75,0.0,3.875,00:35,2
23.75,0.0,3.8499999999999996,00:40,2
23.75,0.0,3.841666666666667,00:45,2
23.75,0.0,3.8249999999999997,00:50,2
23.75,0.0,3.808333333333333,00:55,2
23.75,0.0,3.8000000000000003,01:00,2
23.75,0.0,3.7916666666666665,01:05,2
23.75,0.0,3.775,01:10,2
23.75,0.0,3.783333333333333,01:15,2
23.75,0.0,3.775,01:20,2
23.75,0.0,3.783333333333333,01:25,2
23.75,0.0,3.775,01:30,2
23.666666666666668,0.0,3.766666666666667,01:35,2
23.666666666666668,0.0,3.7583333333333333,01:40,2
23.666666666666668,0.0,3.766666666666667,01:45,2
23.666666666666668,0.0,3.775,01:50,2
23.666666666666668,0.0,3.7583333333333333,01:55,2
23.666666666666668,0.0,3.766666666666667,02:00,2
23.666666666666668,0.0,3.766666666666667,02:05,2
23.666666666666668,0.0,3.783333333333333,02:10,2
23.666666666666668,0.0,3.7916666666666665,02:15,2
23.666666666666668,0.0,3.7916666666666665,02:20,2
23.666666666666668,0.0,3.8083333333333336,02:25,2
23.666666666666668,0.0,3.8249999999999997,02:30,2
23.666666666666668,0.0,3.8249999999999997,02:35,2
23.666666666666668,0.0,3.841666666666667,02:40,2
23.666666666666668,0.0,3.8666666666666667,02:45,2
23.416666666666668,0.0,3.875,02:50,2
23.416666666666668,0.0,3.891666666666667,02:55,2
23.416666666666668,0.0,3.9166666666666665,03:00,2
23.416666666666668,0.0,3.9166666666666665,03:05,2
23.416666666666668,0.0,3.9,03:10,2
23.416666666666668,0.0,3.9,03:15,2
23.416666666666668,0.0,3.9,03:20,2
23.416666666666668,0.0,3.9,03:25,2
23.416666666666668,0.0,3.891666666666667,03:30,2
23.333333333333332,0.0,3.908333333333333,03:35,2
23.333333333333332,0.0,3.8833333333333333,03:40,2
23.333333333333332,0.0,3.8833333333333333,03:45,2
23.333333333333332,0.0,3.9,03:50,2
23.333333333333332,0.0,3.891666666666667,03:55,2
23.333333333333332,0.0,3.891666666666667,04:00,2
23.333333333333332,0.0,3.891666666666667,04:05,2
23.416666666666668,0.0,3.858333333333333,04:10,2
23.416666666666668,0.0,3.858333333333333,04:15,2
23.416666666666668,0.0,3.8166666666666664,04:20,2
23.416666666666668,0.0,3.775,04:25,2
23.416666666666668,0.0,3.775,04:30,2
23.5,0.0,3.75,04:35,2
23.5,0.0,3.716666666666667,04:40,2
23.5,0.0,3.6999999999999997,04:45,2
23.583333333333332,0.0,3.6833333333333336,04:50,2
23.583333333333332,0.0,3.658333333333333,04:55,2
23.583333333333332,0.0,3.641666666666667,05:00,2
23.583333333333332,0.0,3.625,05:05,2
23.583333333333332,0.0,3.6166666666666667,05:10,2
23.583333333333332,0.0,3.5833333333333335,05:15,2
23.583333333333332,0.0,3.5666666666666664,05:20,2
23.583333333333332,0.25,3.5583333333333336,05:25,2
23.583333333333332,1.0,3.5666666666666664,05:30,2
23.583333333333332,2.5833333333333335,3.5500000000000003,05:35,2
23.583333333333332,4.333333333333333,3.533333333333333,05:40,2
23.583333333333332,7.083333333333333,3.5416666666666665,05:45,2
23.5,10.416666666666666,3.525,05:50,2
23.5,13.75,3.5,05:55,2
23.5,18.416666666666668,3.516666666666667,06:00,2
23.5,22.583333333333332,3.483333333333333,06:05,2
23.5,29.25,3.475,06:10,2
23.666666666666668,37.666666666666664,3.4499999999999997,06:15,2
23.75,43.083333333333336,3.4333333333333336,06:20,2
23.75,48.416666666666664,3.391666666666667,06:25,2
23.75,55.5,3.358333333333333,06:30,2
23.75,62.75,3.341666666666667,06:35,2
23.75,72.0,3.316666666666667,06:40,2
23.75,82.83333333333333,3.2916666666666665,06:45,2
23.75,94.41666666666667,3.2583333333333333,06:50,2
23.75,107.16666666666667,3.2583333333333333,06:55,2
23.75,115.5,3.233333333333333,07:00,2
23.75,123.75,3.216666666666667,07:05,2
23.75,133.25,3.1750000000000003,07:10,2
23.75,143.75,3.158333333333333,07:15,2
23.75,154.0,3.125,07:20,2
23.75,163.08333333333334,3.1,07:25,2
23.75,173.58333333333334,3.0666666666666664,07:30,2
23.833333333333332,185.33333333333334,3.033333333333333,07:35,2
23.833333333333332,199.08333333333334,3.025,07:40,2
23.833333333333332,211.58333333333334,3.0083333333333333,07:45,2
23.833333333333332,223.0,2.9916666666666667,07:50,2
23.833333333333332,235.25,2.966666666666667,07:55,2
23.75,243.83333333333334,2.9333333333333336,08:00,2
23.75,247.91666666666666,2.9333333333333336,08:05,2
24.083333333333332,258.4166666666667,2.9416666666666664,08:10,2
24.416666666666668,268.8333333333333,2.9,08:15,2
24.583333333333332,276.5833333333333,2.908333333333333,08:20,2
24.583333333333332,288.6666666666667,2.9,08:25,2
24.833333333333332,296.75,2.9250000000000003,08:30,2
25.083333333333332,305.8333333333333,2.891666666666667,08:35,2
25.25,319.0833333333333,2.908333333333333,08:40,2
25.25,330.5833333333333,2.9,08:45,2
25.5,345.4166666666667,2.9166666666666665,08:50,2
25.75,361.0833333333333,2.9,08:55,2
25.916666666666668,372.5,2.908333333333333,09:00,2
26.0,383.1666666666667,2.9166666666666665,09:05,2
26.166666666666668,391.0,2.9166666666666665,09:10,2
26.25,397.0,2.908333333333333,09:15,2
26.333333333333332,406.3333333333333,2.9166666666666665,09:20,2
26.416666666666668,420.5,2.9250000000000003,09:25,2
26.5,437.0833333333333,2.9250000000000003,09:30,2
26.666666666666668,446.0833333333333,2.9333333333333336,09:35,2
26.833333333333332,451.9166666666667,2.9166666666666665,09:40,2
27.0,457.5,2.9250000000000003,09:45,2
27.0,469.1666666666667,2.9416666666666664,09:50,2
27.0,482.8333333333333,2.9250000000000003,09:55,2
27.0,493.1666666666667,2.9583333333333335,10:00,2
27.083333333333332,504.25,2.9416666666666664,10:05,2
27.083333333333332,505.6666666666667,2.9499999999999997,10:10,2
27.083333333333332,504.9166666666667,2.9583333333333335,10:15,2
27.083333333333332,505.1666666666667,2.9583333333333335,10:20,2
27.083333333333332,516.6666666666666,2.9583333333333335,10:25,2
27.166666666666668,527.6666666666666,2.9499999999999997,10:30,2
27.166666666666668,539.0833333333334,2.9499999999999997,10:35,2
27.166666666666668,545.25,2.9416666666666664,10:40,2
27.166666666666668,556.1666666666666,2.9416666666666664,10:45,2
27.166666666666668,561.5833333333334,2.9499999999999997,10:50,2
27.25,570.5833333333334,2.9416666666666664,10:55,2
27.333333333333332,574.3333333333334,2.9416666666666664,11:00,2
27.416666666666668,576.4166666666666,2.9499999999999997,11:05,2
27.666666666666668,567.9166666666666,2.9416666666666664,11:10,2
27.666666666666668,567.6666666666666,2.9250000000000003,11:15,2
27.666666666666668,553.0833333333334,2.9416666666666664,11:20,2
27.75,547.1666666666666,2.9250000000000003,11:25,2
27.916666666666668,533.3333333333334,2.9333333333333336,11:30,2
28.083333333333332,533.1666666666666,2.9250000000000003,11:35,2
28.333333333333332,527.9166666666666,2.9250000000000003,11:40,2
28.416666666666668,529.6666666666666,2.9333333333333336,11:45,2
28.416666666666668,530.0,2.9333333333333336,11:50,2
28.5,541.6666666666666,2.9250000000000003,11:55,2
28.583333333333332,539.6666666666666,2.9166666666666665,12:00,2
28.583333333333332,542.5,2.9250000000000003,12:05,2
28.583333333333332,533.25,2.9499999999999997,12:10,2
28.583333333333332,534.1666666666666,2.9499999999999997,12:15,2
28.583333333333332,524.3333333333334,2.966666666666667,12:20,2
28.583333333333332,535.6666666666666,2.966666666666667,12:25,2
28.583333333333332,515.75,2.975,12:30,2
28.75,514.9166666666666,2.983333333333333,12:35,2
28.833333333333332,513.5,3.0,12:40,2
28.833333333333332,519.0833333333334,3.0416666666666665,12:45,2
28.75,503.4166666666667,3.0416666666666665,12:50,2
28.75,497.25,3.0583333333333336,12:55,2
28.75,493.3333333333333,3.0666666666666664,13:00,2
28.75,483.5,3.0833333333333335,13:05,2
28.75,466.9166666666667,3.1166666666666667,13:10,2
28.75,464.5833333333333,3.1166666666666667,13:15,2
28.833333333333332,452.75,3.141666666666667,13:20,2
28.916666666666668,451.25,3.1833333333333336,13:25,2
28.916666666666668,441.1666666666667,3.1999999999999997,13:30,2
28.916666666666668,430.0833333333333,3.191666666666667,13:35,2
28.916666666666668,422.1666666666667,3.225,13:40,2
28.916666666666668,408.75,3.2583333333333333,13:45,2
29.0,401.25,3.283333333333333,13:50,2
29.0,398.25,3.2916666666666665,13:55,2
29.0,393.4166666666667,3.3166666666666664,14:00,2
29.0,396.5,3.341666666666667,14:05,2
29.0,392.3333333333333,3.3666666666666667,14:10,2
29.0,376.75,3.391666666666667,14:15,2
28.916666666666668,368.0,3.4250000000000003,14:20,2
28.833333333333332,359.4166666666667,3.4499999999999997,14:25,2
28.833333333333332,345.5833333333333,3.483333333333333,14:30,2
28.916666666666668,337.8333333333333,3.525,14:35,2
28.916666666666668,333.3333333333333,3.5500000000000003,14:40,2
28.916666666666668,318.8333333333333,3.5833333333333335,14:45,2
28.916666666666668,305.0833333333333,3.6333333333333333,14:50,2
28.916666666666668,297.6666666666667,3.65,14:55,2
28.833333333333332,294.0833333333333,3.683333333333333,15:00,2
28.75,286.75,3.733333333333333,15:05,2
28.75,273.5,3.75,15:10,2
28.75,258.0833333333333,3.766666666666667,15:15,2
28.75,250.5,3.775,15:20,2
28.75,239.58333333333334,3.8333333333333335,15:25,2
28.75,234.0,3.85,15:30,2
28.833333333333332,222.66666666666666,3.8666666666666667,15:35,2
28.916666666666668,213.16666666666666,3.9,15:40,2
28.916666666666668,200.66666666666666,3.9250000000000003,15:45,2
29.0,191.33333333333334,3.975,15:50,2
28.916666666666668,180.83333333333334,4.008333333333334,15:55,2
29.0,178.41666666666666,4.033333333333333,16:00,2
28.833333333333332,166.58333333333334,4.05,16:05,2
28.75,165.41666666666666,4.066666666666666,16:10,2
28.5,154.91666666666666,4.075,16:15,2
28.25,151.0,4.091666666666667,16:20,2
28.083333333333332,142.75,4.116666666666666,16:25,2
27.833333333333332,139.16666666666666,4.125,16:30,2
27.666666666666668,128.25,4.1499999999999995,16:35,2
27.583333333333332,120.66666666666667,4.158333333333333,16:40,2
27.333333333333332,110.91666666666667,4.183333333333333,16:45,2
27.25,103.16666666666667,4.183333333333334,16:50,2
27.0,96.66666666666667,4.2,16:55,2
26.666666666666668,90.91666666666667,4.233333333333333,17:00,2
26.583333333333332,78.25,4.258333333333334,17:05,2
26.583333333333332,67.91666666666667,4.308333333333334,17:10,2
26.583333333333332,58.75,4.375,17:15,2
26.583333333333332,50.166666666666664,4.425,17:20,2
26.583333333333332,42.083333333333336,4.5,17:25,2
26.583333333333332,35.583333333333336,4.541666666666667,17:30,2
26.583333333333332,30.5,4.6000000000000005,17:35,2
26.583333333333332,25.75,4.641666666666667,17:40,2
26.583333333333332,21.833333333333332,4.716666666666667,17:45,2
26.666666666666668,16.75,4.791666666666667,17:50,2
26.833333333333332,14.333333333333334,4.8500000000000005,17:55,2
26.833333333333332,11.25,4.916666666666667,18:00,2
26.833333333333332,9.0,4.966666666666667,18:05,2
26.833333333333332,7.583333333333333,5.0,18:10,2
26.833333333333332,6.25,4.991666666666666,18:15,2
26.833333333333332,3.6666666666666665,5.008333333333334,18:20,2
26.833333333333332,2.1666666666666665,5.041666666666667,18:25,2
26.833333333333332,0.6666666666666666,5.05,18:30,2
26.75,0.16666666666666666,5.075,18:35,2
26.75,0.0,5.1000000000000005,18:40,2
26.666666666666668,0.0,5.108333333333333,18:45,2
26.666666666666668,0.0,5.141666666666667,18:50,2
26.666666666666668,0.0,5.158333333333333,18:55,2
26.666666666666668,0.0,5.183333333333334,19:00,2
26.666666666666668,0.0,5.166666666666667,19:05,2
26.583333333333332,0.0,5.166666666666667,19:10,2
26.416666666666668,0.0,5.158333333333333,19:15,2
26.416666666666668,0.0,5.133333333333334,19:20,2
26.416666666666668,0.0,5.116666666666666,19:25,2
26.416666666666668,0.0,5.108333333333333,19:30,2
26.416666666666668,0.0,5.1000000000000005,19:35,2
26.416666666666668,0.0,5.091666666666667,19:40,2
26.416666666666668,0.0,5.083333333333333,19:45,2
26.416666666666668,0.0,5.083333333333333,19:50,2
26.416666666666668,0.0,5.066666666666666,19:55,2
26.416666666666668,0.0,5.066666666666666,20:00,2
26.416666666666668,0.0,5.0249999999999995,20:05,2
26.25,0.0,5.0,20:10,2
26.25,0.0,5.0,20:15,2
26.25,0.0,4.9750000000000005,20:20,2
26.166666666666668,0.0,4.958333333333333,20:25,2
26.083333333333332,0.0,4.941666666666666,20:30,2
26.0,0.0,4.8999999999999995,20:35,2
26.0,0.0,4.875,20:40,2
26.0,0.0,4.875,20:45,2
25.833333333333332,0.0,4.8500000000000005,20:50,2
25.75,0.0,4.808333333333334,20:55,2
25.666666666666668,0.0,4.816666666666666,21:00,2
25.583333333333332,0.0,4.8,21:05,2
25.416666666666668,0.0,4.75,21:10,2
25.416666666666668,0.0,4.7250000000000005,21:15,2
25.416666666666668,0.0,4.691666666666666,21:20,2
25.25,0.0,4.666666666666667,21:25,2
25.166666666666668,0.0,4.6499999999999995,21:30,2
25.083333333333332,0.0,4.608333333333333,21:35,2
25.0,0.0,4.591666666666667,21:40,2
25.0,0.0,4.575,21:45,2
24.916666666666668,0.0,4.533333333333333,21:50,2
24.916666666666668,0.0,4.516666666666667,21:55,2
24.916666666666668,0.0,4.516666666666667,22:00,2
24.916666666666668,0.0,4.491666666666666,22:05,2
24.916666666666668,0.0,4.466666666666667,22:10,2
24.916666666666668,0.0,4.45,22:15,2
24.833333333333332,0.0,4.441666666666666,22:20,2
24.833333333333332,0.0,4.408333333333333,22:25,2
24.833333333333332,0.0,4.3999999999999995,22:30,2
24.833333333333332,0.0,4.383333333333334,22:35,2
24.833333333333332,0.0,4.358333333333333,22:40,2
24.833333333333332,0.0,4.341666666666667,22:45,2
24.75,0.0,4.341666666666667,22:50,2
24.666666666666668,0.0,4.333333333333333,22:55,2
24.666666666666668,0.0,4.291666666666667,23:00,2
24.666666666666668,0.0,4.291666666666667,23:05,2
24.583333333333332,0.0,4.266666666666667,23:10,2
24.583333333333332,0.0,4.241666666666666,23:15,2
24.416666666666668,0.0,4.208333333333333,23:20,2
24.416666666666668,0.0,4.208333333333333,23:25,2
24.416666666666668,0.0,4.191666666666666,23:30,2
24.333333333333332,0.0,4.175,23:35,2
24.333333333333332,0.0,4.1499999999999995,23:40,2
24.25,0.0,4.141666666666667,23:45,2
24.25,0.0,4.125,23:50,2
24.25,0.0,4.133333333333334,23:55,2
24.25,0.0,4.1000000000000005,00:00,3
24.25,0.0,4.091666666666667,00:05,3
24.25,0.0,4.075,00:10,3
24.166666666666668,0.0,4.066666666666666,00:15,3
24.083333333333332,0.0,4.05,00:20,3
24.083333333333332,0.0,4.05,00:25,3
24.083333333333332,0.0,4.041666666666667,00:30,3
24.083333333333332,0.0,4.033333333333333,00:35,3
24.083333333333332,0.0,4.0249999999999995,00:40,3
24.083333333333332,0.0,4.008333333333334,00:45,3
24.083333333333332,0.0,4.008333333333334,00:50,3
24.083333333333332,0.0,3.983333333333333,00:55,3
24.083333333333332,0.0,3.9916666666666667,01:00,3
24.083333333333332,0.0,3.983333333333333,01:05,3
24.083333333333332,0.0,3.966666666666667,01:10,3
24.083333333333332,0.0,3.9416666666666664,01:15,3
24.083333333333332,0.0,3.9333333333333336,01:20,3
24.083333333333332,0.0,3.908333333333333,01:25,3
24.083333333333332,0.0,3.891666666666667,01:30,3
24.083333333333332,0.0,3.8666666666666667,01:35,3
24.083333333333332,0.0,3.85,01:40,3
24.083333333333332,0.0,3.8333333333333335,01:45,3
24.0,0.0,3.8083333333333336,01:50,3
24.0,0.0,3.8083333333333336,01:55,3
24.0,0.0,3.8000000000000003,02:00,3
24.0,0.0,3.7583333333333333,02:05,3
23.916666666666668,0.0,3.7416666666666667,02:10,3
23.916666666666668,0.0,3.7083333333333335,02:15,3
23.916666666666668,0.0,3.6666666666666665,02:20,3
23.916666666666668,0.0,3.658333333333333,02:25,3
23.916666666666668,0.0,3.625,02:30,3
23.916666666666668,0.0,3.625,02:35,3
23.916666666666668,0.0,3.608333333333333,02:40,3
23.916666666666668,0.0,3.5833333333333335,02:45,3
23.833333333333332,0.0,3.5833333333333335,02:50,3
23.833333333333332,0.0,3.5666666666666664,02:55,3
23.75,0.0,3.5416666666666665,03:00,3
23.75,0.0,3.5500000000000003,03:05,3
23.75,0.0,3.525,03:10,3
23.75,0.0,3.5083333333333333,03:15,3
23.666666666666668,0.0,3.5083333333333333,03:20,3
23.666666666666668,0.0,3.5083333333333333,03:25,3
23.666666666666668,0.0,3.4916666666666667,03:30,3
23.666666666666668,0.0,3.5083333333333333,03:35,3
23.666666666666668,0.0,3.516666666666667,03:40,3
23.666666666666668,0.0,3.5083333333333333,03:45,3
23.666666666666668,0.0,3.5083333333333333,03:50,3
23.666666666666668,0.0,3.516666666666667,03:55,3
23.666666666666668,0.0,3.533333333333333,04:00,3
23.666666666666668,0.0,3.533333333333333,04:05,3
23.666666666666668,0.0,3.516666666666667,04:10,3
23.666666666666668,0.0,3.525,04:15,3
23.666666666666668,0.0,3.4916666666666667,04:20,3
23.75,0.0,3.5,04:25,3
23.75,0.0,3.5083333333333333,04:30,3
23.666666666666668,0.0,3.5,04:35,3
23.833333333333332,0.0,3.516666666666667,04:40,3
23.833333333333332,0.0,3.516666666666667,04:45,3
23.833333333333332,0.0,3.533333333333333,04:50,3
23.833333333333332,0.0,3.5500000000000003,04:55,3
23.833333333333332,0.0,3.5666666666666664,05:00,3
23.833333333333332,0.0,3.5749999999999997,05:05,3
23.833333333333332,0.0,3.591666666666667,05:10,3
23.833333333333332,0.0,3.6166666666666667,05:15,3
23.833333333333332,0.0,3.625,05:20,3
23.833333333333332,0.16666666666666666,3.641666666666667,05:25,3
23.833333333333332,0.75,3.658333333333333,05:30,3
23.833333333333332,2.4166666666666665,3.6750000000000003,05:35,3
23.833333333333332,3.3333333333333335,3.6916666666666664,05:40,3
23.833333333333332,4.916666666666667,3.7083333333333335,05:45,3
23.833333333333332,6.583333333333333,3.716666666666667,05:50,3
23.833333333333332,8.0,3.75,05:55,3
23.833333333333332,11.833333333333334,3.775,06:00,3
23.833333333333332,16.416666666666668,3.766666666666667,06:05,3
23.833333333333332,20.666666666666668,3.7583333333333333,06:10,3
23.833333333333332,26.416666666666668,3.733333333333333,06:15,3
23.833333333333332,31.916666666666668,3.7083333333333335,06:20,3
23.833333333333332,37.333333333333336,3.6833333333333336,06:25,3
23.75,43.666666666666664,3.6916666666666664,06:30,3
23.833333333333332,52.75,3.6833333333333336,06:35,3
23.833333333333332,61.416666666666664,3.658333333333333,06:40,3
23.916666666666668,72.33333333333333,3.658333333333333,06:45,3
24.083333333333332,82.75,3.625,06:50,3
24.083333333333332,91.5,3.6166666666666667,06:55,3
24.083333333333332,99.16666666666667,3.608333333333333,07:00,3
24.083333333333332,105.91666666666667,3.591666666666667,07:05,3
24.083333333333332,114.91666666666667,3.5666666666666664,07:10,3
24.166666666666668,122.16666666666667,3.5416666666666665,07:15,3
24.083333333333332,135.0,3.525,07:20,3
24.083333333333332,145.41666666666666,3.5,07:25,3
24.0,153.66666666666666,3.475,07:30,3
24.0,163.66666666666666,3.4583333333333335,07:35,3
24.0,175.08333333333334,3.4416666666666664,07:40,3
24.0,187.16666666666666,3.4250000000000003,07:45,3
24.0,203.0,3.408333333333333,07:50,3
24.0,215.25,3.375,07:55,3
24.0,226.25,3.3666666666666667,08:00,3
24.0,240.33333333333334,3.35,08:05,3
24.25,247.58333333333334,3.3333333333333335,08:10,3
24.5,258.5833333333333,3.3000000000000003,08:15,3
24.666666666666668,270.4166666666667,3.2916666666666665,08:20,3
24.666666666666668,275.1666666666667,3.283333333333333,08:25,3
24.833333333333332,284.6666666666667,3.2583333333333333,08:30,3
25.25,293.5,3.2416666666666667,08:35,3
25.333333333333332,309.5,3.233333333333333,08:40,3
25.333333333333332,321.4166666666667,3.25,08:45,3
25.583333333333332,327.3333333333333,3.2083333333333335,08:50,3
25.833333333333332,326.5,3.225,08:55,3
25.916666666666668,330.9166666666667,3.216666666666667,09:00,3
26.0,337.1666666666667,3.2083333333333335,09:05,3
26.0,348.8333333333333,3.225,09:10,3
26.166666666666668,359.8333333333333,3.216666666666667,09:15,3
26.25,368.75,3.216666666666667,09:20,3
26.25,374.5833333333333,3.2416666666666667,09:25,3
26.5,382.3333333333333,3.25,09:30,3
26.583333333333332,397.8333333333333,3.2416666666666667,09:35,3
26.583333333333332,410.4166666666667,3.2583333333333333,09:40,3
26.666666666666668,415.8333333333333,3.25,09:45,3
26.75,417.0,3.2583333333333333,09:50,3
26.833333333333332,411.0833333333333,3.3000000000000003,09:55,3
26.833333333333332,416.6666666666667,3.3000000000000003,10:00,3
26.916666666666668,424.5,3.3000000000000003,10:05,3
26.916666666666668,427.75,3.3083333333333336,10:10,3
26.916666666666668,442.5,3.3166666666666664,10:15,3
27.0,447.0833333333333,3.3166666666666664,10:20,3
27.083333333333332,456.4166666666667,3.3333333333333335,10:25,3
27.083333333333332,465.9166666666667,3.3249999999999997,10:30,3
27.166666666666668,462.9166666666667,3.35,10:35,3
27.166666666666668,461.75,3.358333333333333,10:40,3
27.25,461.0,3.341666666666667,10:45,3
27.333333333333332,461.75,3.341666666666667,10:50,3
27.333333333333332,457.8333333333333,3.3666666666666667,10:55,3
27.333333333333332,450.3333333333333,3.358333333333333,11:00,3
27.333333333333332,455.1666666666667,3.3666666666666667,11:05,3
27.416666666666668,444.75,3.3666666666666667,11:10,3
27.416666666666668,448.0833333333333,3.375,11:15,3
27.5,451.8333333333333,3.3833333333333333,11:20,3
27.583333333333332,455.0833333333333,3.375,11:25,3
27.833333333333332,468.75,3.3666666666666667,11:30,3
28.0,475.75,3.3833333333333333,11:35,3
28.0,489.3333333333333,3.391666666666667,11:40,3
28.083333333333332,479.5833333333333,3.391666666666667,11:45,3
28.083333333333332,470.5833333333333,3.4,11:50,3
28.25,464.5833333333333,3.391666666666667,11:55,3
28.333333333333332,469.75,3.391666666666667,12:00,3
28.333333333333332,466.8333333333333,3.391666666666667,12:05,3
28.333333333333332,471.4166666666667,3.391666666666667,12:10,3
28.333333333333332,468.0,3.391666666666667,12:15,3
28.333333333333332,477.1666666666667,3.408333333333333,12:20,3
28.333333333333332,471.0833333333333,3.4,12:25,3
28.333333333333332,485.5,3.4166666666666665,12:30,3
28.416666666666668,482.75,3.4,12:35,3
28.416666666666668,496.6666666666667,3.408333333333333,12:40,3
28.416666666666668,488.9166666666667,3.4250000000000003,12:45,3
28.5,496.25,3.408333333333333,12:50,3
28.5,483.9166666666667,3.4250000000000003,12:55,3
28.5,481.1666666666667,3.4166666666666665,13:00,3
28.5,474.0,3.4333333333333336,13:05,3
28.5,474.8333333333333,3.4333333333333336,13:10,3
28.5,466.1666666666667,3.4250000000000003,13:15,3
28.5,468.4166666666667,3.4499999999999997,13:20,3
28.583333333333332,468.1666666666667,3.466666666666667,13:25,3
28.5,461.25,3.466666666666667,13:30,3
28.5,454.1666666666667,3.4583333333333335,13:35,3
28.5,455.9166666666667,3.483333333333333,13:40,3
28.5,447.5833333333333,3.483333333333333,13:45,3
28.416666666666668,439.3333333333333,3.5,13:50,3
28.416666666666668,425.5833333333333,3.5,13:55,3
28.416666666666668,422.5833333333333,3.5083333333333333,14:00,3
28.416666666666668,419.0833333333333,3.5083333333333333,14:05,3
28.416666666666668,412.9166666666667,3.533333333333333,14:10,3
28.416666666666668,412.75,3.5500000000000003,14:15,3
28.5,400.4166666666667,3.5749999999999997,14:20,3
28.416666666666668,366.9166666666667,3.591666666666667,14:25,3
28.333333333333332,365.5833333333333,3.608333333333333,14:30,3
28.25,349.0,3.641666666666667,14:35,3
28.25,337.0833333333333,3.65,14:40,3
28.25,326.0833333333333,3.6750000000000003,14:45,3
28.25,319.9166666666667,3.6999999999999997,14:50,3
28.25,311.0,3.716666666666667,14:55,3
28.25,314.3333333333333,3.7416666666666667,15:00,3
28.166666666666668,298.8333333333333,3.75,15:05,3
28.166666666666668,290.1666666666667,3.7583333333333333,15:10,3
28.166666666666668,282.6666666666667,3.783333333333333,15:15,3
28.25,269.5,3.7916666666666665,15:20,3
28.25,259.75,3.7916666666666665,15:25,3
28.166666666666668,250.83333333333334,3.8166666666666664,15:30,3
28.166666666666668,243.25,3.8249999999999997,15:35,3
28.166666666666668,235.91666666666666,3.841666666666667,15:40,3
28.166666666666668,224.91666666666666,3.8666666666666667,15:45,3
28.166666666666668,210.33333333333334,3.8833333333333333,15:50,3
28.166666666666668,199.66666666666666,3.9166666666666665,15:55,3
28.083333333333332,185.75,3.9333333333333336,16:00,3
28.083333333333332,181.33333333333334,3.9250000000000003,16:05,3
28.0,173.0,3.8833333333333333,16:10,3
27.916666666666668,164.66666666666666,3.8666666666666667,16:15,3
27.5,158.58333333333334,3.858333333333334,16:20,3
27.333333333333332,145.91666666666666,3.8333333333333335,16:25,3
27.25,137.5,3.8333333333333335,16:30,3
27.166666666666668,129.0,3.8499999999999996,16:35,3
26.916666666666668,118.66666666666667,3.8666666666666667,16:40,3
26.833333333333332,108.58333333333333,3.891666666666667,16:45,3
26.583333333333332,97.5,3.9,16:50,3
26.333333333333332,87.25,3.9166666666666665,16:55,3
26.166666666666668,77.75,3.9250000000000003,17:00,3
26.166666666666668,65.75,3.9499999999999997,17:05,3
26.166666666666668,60.833333333333336,3.983333333333333,17:10,3
26.166666666666668,52.166666666666664,4.008333333333334,17:15,3
26.166666666666668,47.0,4.033333333333333,17:20,3
26.166666666666668,43.666666666666664,4.075,17:25,3
26.166666666666668,39.083333333333336,4.083333333333333,17:30,3
26.166666666666668,33.583333333333336,4.141666666666667,17:35,3
26.166666666666668,28.416666666666668,4.158333333333333,17:40,3
26.166666666666668,23.083333333333332,4.183333333333334,17:45,3
26.166666666666668,19.333333333333332,4.216666666666667,17:50,3
26.166666666666668,17.666666666666668,4.25,17:55,3
26.083333333333332,11.5,4.291666666666667,18:00,3
26.083333333333332,8.333333333333334,4.308333333333333,18:05,3
26.083333333333332,6.0,4.291666666666667,18:10,3
26.083333333333332,4.5,4.3,18:15,3
26.083333333333332,3.3333333333333335,4.308333333333334,18:20,3
26.083333333333332,2.0,4.316666666666666,18:25,3
26.083333333333332,0.6666666666666666,4.325,18:30,3
26.083333333333332,0.16666666666666666,4.341666666666667,18:35,3
26.083333333333332,0.0,4.3500000000000005,18:40,3
26.083333333333332,0.0,4.383333333333334,18:45,3
26.166666666666668,0.0,4.383333333333334,18:50,3
26.083333333333332,0.0,4.3999999999999995,18:55,3
26.083333333333332,0.0,4.416666666666667,19:00,3
26.083333333333332,0.0,4.425,19:05,3
26.083333333333332,0.0,4.458333333333333,19:10,3
26.083333333333332,0.0,4.45,19:15,3
26.0,0.0,4.466666666666667,19:20,3
26.0,0.0,4.45,19:25,3
26.0,0.0,4.491666666666666,19:30,3
26.0,0.0,4.491666666666666,19:35,3
26.0,0.0,4.5,19:40,3
26.0,0.0,4.525,19:45,3
26.0,0.0,4.533333333333333,19:50,3
26.0,0.0,4.558333333333333,19:55,3
25.916666666666668,0.0,4.575,20:00,3
25.916666666666668,0.0,4.558333333333334,20:05,3
25.75,0.0,4.533333333333333,20:10,3
25.75,0.0,4.5249999999999995,20:15,3
25.75,0.0,4.516666666666667,20:20,3
25.583333333333332,0.0,4.466666666666667,20:25,3
25.583333333333332,0.0,4.458333333333333,20:30,3
25.5,0.0,4.441666666666666,20:35,3
25.5,0.0,4.425,20:40,3
25.5,0.0,4.3999999999999995,20:45,3
25.416666666666668,0.0,4.391666666666667,20:50,3
25.416666666666668,0.0,4.383333333333334,20:55,3
25.333333333333332,0.0,4.375,21:00,3
25.333333333333332,0.0,4.366666666666666,21:05,3
25.166666666666668,0.0,4.333333333333333,21:10,3
25.166666666666668,0.0,4.325,21:15,3
25.083333333333332,0.0,4.308333333333334,21:20,3
25.0,0.0,4.291666666666667,21:25,3
25.0,0.0,4.2749999999999995,21:30,3
24.916666666666668,0.0,4.258333333333334,21:35,3
24.75,0.0,4.241666666666666,21:40,3
24.666666666666668,0.0,4.233333333333333,21:45,3
24.666666666666668,0.0,4.208333333333333,21:50,3
24.583333333333332,0.0,4.225,21:55,3
24.583333333333332,0.0,4.208333333333333,22:00,3
24.583333333333332,0.0,4.2,22:05,3
24.583333333333332,0.0,4.208333333333333,22:10,3
24.583333333333332,0.0,4.191666666666666,22:15,3
24.583333333333332,0.0,4.208333333333333,22:20,3
24.583333333333332,0.0,4.208333333333333,22:25,3
24.583333333333332,0.0,4.216666666666667,22:30,3
24.583333333333332,0.0,4.208333333333333,22:35,3
24.583333333333332,0.0,4.216666666666666,22:40,3
24.583333333333332,0.0,4.208333333333333,22:45,3
24.583333333333332,0.0,4.216666666666667,22:50,3
24.583333333333332,0.0,4.216666666666667,22:55,3
24.583333333333332,0.0,4.233333333333333,23:00,3
24.583333333333332,0.0,4.233333333333333,23:05,3
24.583333333333332,0.0,4.2250000000000005,23:10,3
24.583333333333332,0.0,4.233333333333333,23:15,3
24.583333333333332,0.0,4.2250000000000005,23:20,3
24.583333333333332,0.0,4.233333333333333,23:25,3
24.416666666666668,0.0,4.2250000000000005,23:30,3
24.333333333333332,0.0,4.208333333333333,23:35,3
24.333333333333332,0.0,4.233333333333333,23:40,3
24.333333333333332,0.0,4.233333333333333,23:45,3
24.083333333333332,0.0,4.25,23:50,3
24.083333333333332,0.0,4.258333333333333,23:55,3
24.0,0.0,4.266666666666667,00:00,4
24.0,0.0,4.283333333333333,00:05,4
24.0,0.0,4.266666666666667,00:10,4
24.0,0.0,4.2749999999999995,00:15,4
24.083333333333332,0.0,4.283333333333333,00:20,4
24.083333333333332,0.0,4.283333333333333,00:25,4
24.083333333333332,0.0,4.3,00:30,4
24.0,0.0,4.3,00:35,4
24.0,0.0,4.3,00:40,4
24.0,0.0,4.308333333333334,00:45,4
24.0,0.0,4.316666666666666,00:50,4
24.0,0.0,4.325,00:55,4
24.0,0.0,4.333333333333333,01:00,4
24.0,0.0,4.333333333333333,01:05,4
24.0,0.0,4.3500000000000005,01:10,4
24.0,0.0,4.341666666666667,01:15,4
24.0,0.0,4.333333333333333,01:20,4
24.0,0.0,4.366666666666666,01:25,4
24.0,0.0,4.358333333333333,01:30,4
24.0,0.0,4.358333333333333,01:35,4
24.083333333333332,0.0,4.366666666666666,01:40,4
24.083333333333332,0.0,4.375,01:45,4
24.0,0.0,4.366666666666666,01:50,4
24.0,0.0,4.383333333333334,01:55,4
24.0,0.0,4.391666666666667,02:00,4
24.0,0.0,4.408333333333333,02:05,4
24.0,0.0,4.3999999999999995,02:10,4
23.916666666666668,0.0,4.408333333333334,02:15,4
23.916666666666668,0.0,4.408333333333333,02:20,4
23.916666666666668,0.0,4.416666666666667,02:25,4
23.916666666666668,0.0,4.3999999999999995,02:30,4
23.916666666666668,0.0,4.3999999999999995,02:35,4
23.916666666666668,0.0,4.425,02:40,4
23.833333333333332,0.0,4.408333333333333,02:45,4
23.833333333333332,0.0,4.3999999999999995,02:50,4
23.833333333333332,0.0,4.4,02:55,4
23.75,0.0,4.433333333333334,03:00,4
23.75,0.0,4.433333333333334,03:05,4
23.75,0.0,4.416666666666667,03:10,4
23.75,0.0,4.3999999999999995,03:15,4
23.75,0.0,4.383333333333334,03:20,4
23.75,0.0,4.375,03:25,4
23.75,0.0,4.375,03:30,4
23.75,0.0,4.358333333333333,03:35,4
23.75,0.0,4.358333333333333,03:40,4
23.75,0.0,4.3500000000000005,03:45,4
23.75,0.0,4.3500000000000005,03:50,4
23.75,0.0,4.341666666666667,03:55,4
23.75,0.0,4.316666666666666,04:00,4
23.75,0.0,4.308333333333334,04:05,4
23.666666666666668,0.0,4.283333333333333,04:10,4
23.666666666666668,0.0,4.25,04:15,4
23.666666666666668,0.0,4.208333333333333,04:20,4
23.666666666666668,0.0,4.2,04:25,4
23.666666666666668,0.0,4.166666666666667,04:30,4
23.666666666666668,0.0,4.133333333333334,04:35,4
23.666666666666668,0.0,4.108333333333333,04:40,4
23.75,0.0,4.091666666666667,04:45,4
23.75,0.0,4.075,04:50,4
23.75,0.0,4.066666666666666,04:55,4
23.833333333333332,0.0,4.066666666666667,05:00,4
23.833333333333332,0.0,4.05,05:05,4
23.833333333333332,0.0,4.041666666666667,05:10,4
23.833333333333332,0.0,4.016666666666667,05:15,4
23.916666666666668,0.0,4.041666666666667,05:20,4
23.916666666666668,0.25,4.0249999999999995,05:25,4
23.916666666666668,1.0,4.033333333333333,05:30,4
23.916666666666668,2.5,4.008333333333334,05:35,4
23.916666666666668,4.083333333333333,4.008333333333334,05:40,4
23.916666666666668,6.916666666666667,4.0,05:45,4
23.916666666666668,7.916666666666667,4.0,05:50,4
23.916666666666668,9.25,4.0249999999999995,05:55,4
23.916666666666668,9.333333333333334,4.008333333333334,06:00,4
23.916666666666668,11.75,4.008333333333334,06:05,4
23.916666666666668,16.25,4.016666666666667,06:10,4
23.916666666666668,20.666666666666668,4.016666666666667,06:15,4
23.916666666666668,25.416666666666668,3.9916666666666667,06:20,4
23.916666666666668,30.916666666666668,4.008333333333334,06:25,4
23.916666666666668,37.166666666666664,4.008333333333334,06:30,4
23.916666666666668,42.583333333333336,4.0249999999999995,06:35,4
23.916666666666668,48.166666666666664,4.0249999999999995,06:40,4
23.916666666666668,54.666666666666664,4.0249999999999995,06:45,4
23.916666666666668,61.416666666666664,4.041666666666667,06:50,4
23.916666666666668,69.08333333333333,4.041666666666667,06:55,4
23.916666666666668,75.16666666666667,4.058333333333334,07:00,4
23.916666666666668,82.0,4.05,07:05,4
23.916666666666668,93.66666666666667,4.008333333333334,07:10,4
23.916666666666668,107.33333333333333,3.983333333333333,07:15,4
23.916666666666668,119.25,3.9416666666666664,07:20,4
23.916666666666668,129.91666666666666,3.9250000000000003,07:25,4
23.916666666666668,142.33333333333334,3.9,07:30,4
24.0,154.41666666666666,3.8833333333333333,07:35,4
24.0,160.75,3.841666666666667,07:40,4
24.083333333333332,166.41666666666666,3.8166666666666664,07:45,4
24.083333333333332,176.66666666666666,3.8166666666666664,07:50,4
24.083333333333332,184.0,3.808333333333333,07:55,4
24.083333333333332,199.41666666666666,3.8000000000000003,08:00,4
24.083333333333332,211.91666666666666,3.775,08:05,4
24.083333333333332,221.91666666666666,3.75,08:10,4
24.333333333333332,225.66666666666666,3.716666666666667,08:15,4
24.416666666666668,232.16666666666666,3.725,08:20,4
24.583333333333332,241.33333333333334,3.6916666666666664,08:25,4
24.916666666666668,254.5,3.6666666666666665,08:30,4
24.916666666666668,266.8333333333333,3.658333333333333,08:35,4
24.916666666666668,277.75,3.6333333333333333,08:40,4
25.083333333333332,290.0833333333333,3.625,08:45,4
25.166666666666668,305.3333333333333,3.6166666666666667,08:50,4
25.416666666666668,324.3333333333333,3.5833333333333335,08:55,4
25.5,339.4166666666667,3.5666666666666664,09:00,4
25.583333333333332,354.1666666666667,3.558333333333333,09:05,4
25.75,363.9166666666667,3.533333333333333,09:10,4
26.0,374.5833333333333,3.533333333333333,09:15,4
26.083333333333332,382.3333333333333,3.5083333333333333,09:20,4
26.083333333333332,392.9166666666667,3.5,09:25,4
26.25,397.6666666666667,3.4916666666666667,09:30,4
26.25,405.0,3.475,09:35,4
26.333333333333332,419.9166666666667,3.4499999999999997,09:40,4
26.333333333333332,430.1666666666667,3.4416666666666664,09:45,4
26.416666666666668,445.6666666666667,3.4250000000000003,09:50,4
26.583333333333332,444.5,3.4250000000000003,09:55,4
26.583333333333332,448.75,3.4,10:00,4
26.583333333333332,454.25,3.391666666666667,10:05,4
26.583333333333332,466.4166666666667,3.391666666666667,10:10,4
26.583333333333332,479.8333333333333,3.358333333333333,10:15,4
26.666666666666668,493.8333333333333,3.35,10:20,4
26.666666666666668,501.3333333333333,3.3249999999999997,10:25,4
26.666666666666668,502.0,3.3166666666666664,10:30,4
26.583333333333332,512.1666666666666,3.3083333333333336,10:35,4
26.583333333333332,504.75,3.3000000000000003,10:40,4
26.666666666666668,505.4166666666667,3.283333333333333,10:45,4
26.75,510.25,3.275,10:50,4
26.75,522.5833333333334,3.2916666666666665,10:55,4
26.75,529.0,3.2916666666666665,11:00,4
26.916666666666668,538.5833333333334,3.283333333333333,11:05,4
26.916666666666668,536.4166666666666,3.266666666666667,11:10,4
27.166666666666668,538.75,3.275,11:15,4
27.25,546.25,3.275,11:20,4
27.333333333333332,546.0,3.275,11:25,4
27.333333333333332,554.8333333333334,3.275,11:30,4
27.416666666666668,555.0,3.275,11:35,4
27.75,558.1666666666666,3.283333333333333,11:40,4
27.833333333333332,556.0833333333334,3.2916666666666665,11:45,4
27.916666666666668,555.6666666666666,3.275,11:50,4
28.0,557.25,3.2916666666666665,11:55,4
28.166666666666668,561.3333333333334,3.3083333333333336,12:00,4
28.333333333333332,564.5,3.3000000000000003,12:05,4
28.333333333333332,564.5833333333334,3.3000000000000003,12:10,4
28.25,566.75,3.2916666666666665,12:15,4
28.333333333333332,558.0,3.3000000000000003,12:20,4
28.333333333333332,553.1666666666666,3.2916666666666665,12:25,4
28.333333333333332,538.4166666666666,3.2916666666666665,12:30,4
28.333333333333332,532.5,3.2916666666666665,12:35,4
28.333333333333332,529.0833333333334,3.283333333333333,12:40,4
28.333333333333332,532.9166666666666,3.2583333333333333,12:45,4
28.333333333333332,526.3333333333334,3.266666666666667,12:50,4
28.333333333333332,525.5,3.266666666666667,12:55,4
28.416666666666668,519.4166666666666,3.2583333333333333,13:00,4
28.416666666666668,513.6666666666666,3.275,13:05,4
28.333333333333332,499.8333333333333,3.2916666666666665,13:10,4
28.333333333333332,497.6666666666667,3.3000000000000003,13:15,4
28.333333333333332,495.5,3.308333333333333,13:20,4
28.333333333333332,490.5833333333333,3.3249999999999997,13:25,4
28.333333333333332,479.6666666666667,3.341666666666667,13:30,4
28.416666666666668,464.6666666666667,3.3666666666666667,13:35,4
28.416666666666668,453.9166666666667,3.375,13:40,4
28.416666666666668,445.6666666666667,3.391666666666667,13:45,4
28.416666666666668,444.9166666666667,3.4,13:50,4
28.416666666666668,443.1666666666667,3.408333333333333,13:55,4
28.333333333333332,423.3333333333333,3.4250000000000003,14:00,4
28.333333333333332,413.8333333333333,3.4583333333333335,14:05,4
28.333333333333332,398.5833333333333,3.4583333333333335,14:10,4
28.416666666666668,393.1666666666667,3.4916666666666667,14:15,4
28.416666666666668,384.25,3.5083333333333333,14:20,4
28.416666666666668,373.4166666666667,3.533333333333333,14:25,4
28.416666666666668,374.5833333333333,3.5749999999999997,14:30,4
28.333333333333332,370.3333333333333,3.5749999999999997,14:35,4
28.333333333333332,359.1666666666667,3.608333333333333,14:40,4
28.333333333333332,349.4166666666667,3.625,14:45,4
28.166666666666668,335.9166666666667,3.65,14:50,4
28.166666666666668,327.9166666666667,3.6750000000000003,14:55,4
28.166666666666668,311.0,3.716666666666667,15:00,4
28.166666666666668,303.4166666666667,3.733333333333333,15:05,4
28.166666666666668,294.5,3.7416666666666667,15:10,4
28.25,292.0,3.775,15:15,4
28.416666666666668,283.1666666666667,3.7916666666666665,15:20,4
28.333333333333332,270.9166666666667,3.8166666666666664,15:25,4
28.333333333333332,264.0833333333333,3.8333333333333335,15:30,4
28.333333333333332,256.9166666666667,3.8666666666666667,15:35,4
28.333333333333332,250.75,3.8833333333333333,15:40,4
28.333333333333332,249.41666666666666,3.9166666666666665,15:45,4
28.333333333333332,240.91666666666666,3.9333333333333336,15:50,4
28.333333333333332,220.41666666666666,3.975,15:55,4
28.333333333333332,213.75,3.983333333333333,16:00,4
28.25,189.83333333333334,4.0,16:05,4
28.0,188.41666666666666,4.016666666666667,16:10,4
27.75,180.66666666666666,4.033333333333333,16:15,4
27.666666666666668,168.0,4.066666666666666,16:20,4
27.583333333333332,151.0,4.058333333333333,16:25,4
27.5,137.58333333333334,4.083333333333333,16:30,4
27.25,127.25,4.1000000000000005,16:35,4
27.0,119.91666666666667,4.141666666666667,16:40,4
26.666666666666668,107.41666666666667,4.158333333333333,16:45,4
26.583333333333332,98.25,4.166666666666667,16:50,4
26.5,86.66666666666667,4.183333333333334,16:55,4
26.416666666666668,77.58333333333333,4.233333333333333,17:00,4
26.25,68.41666666666667,4.241666666666666,17:05,4
26.25,59.083333333333336,4.2749999999999995,17:10,4
26.25,53.0,4.316666666666666,17:15,4
26.25,44.25,4.35,17:20,4
26.25,40.416666666666664,4.4,17:25,4
26.25,35.666666666666664,4.416666666666667,17:30,4
26.166666666666668,32.25,4.45,17:35,4
26.166666666666668,27.916666666666668,4.491666666666666,17:40,4
26.166666666666668,24.583333333333332,4.55,17:45,4
26.166666666666668,21.416666666666668,4.583333333333333,17:50,4
26.166666666666668,17.833333333333332,4.608333333333333,17:55,4
26.166666666666668,13.416666666666666,4.666666666666667,18:00,4
26.166666666666668,9.583333333333334,4.683333333333333,18:05,4
26.166666666666668,6.75,4.691666666666666,18:10,4
26.166666666666668,4.666666666666667,4.683333333333334,18:15,4
26.166666666666668,3.0,4.675,18:20,4
26.083333333333332,2.0,4.691666666666666,18:25,4
26.083333333333332,0.6666666666666666,4.683333333333334,18:30,4
26.083333333333332,0.16666666666666666,4.691666666666666,18:35,4
26.083333333333332,0.0,4.691666666666666,18:40,4
26.083333333333332,0.0,4.691666666666666,18:45,4
26.083333333333332,0.0,4.7,18:50,4
26.083333333333332,0.0,4.7,18:55,4
26.083333333333332,0.0,4.708333333333333,19:00,4
26.083333333333332,0.0,4.691666666666666,19:05,4
26.083333333333332,0.0,4.675,19:10,4
26.083333333333332,0.0,4.666666666666667,19:15,4
26.0,0.0,4.6499999999999995,19:20,4
26.0,0.0,4.65,19:25,4
26.0,0.0,4.641666666666667,19:30,4
25.916666666666668,0.0,4.633333333333334,19:35,4
25.916666666666668,0.0,4.633333333333334,19:40,4
25.916666666666668,0.0,4.633333333333334,19:45,4
25.916666666666668,0.0,4.6000000000000005,19:50,4
25.916666666666668,0.0,4.6000000000000005,19:55,4
25.916666666666668,0.0,4.6000000000000005,20:00,4
25.916666666666668,0.0,4.6000000000000005,20:05,4
25.833333333333332,0.0,4.591666666666667,20:10,4
25.833333333333332,0.0,4.566666666666666,20:15,4
25.833333333333332,0.0,4.575,20:20,4
25.666666666666668,0.0,4.566666666666666,20:25,4
25.5,0.0,4.55,20:30,4
25.5,0.0,4.541666666666667,20:35,4
25.5,0.0,4.533333333333333,20:40,4
25.5,0.0,4.5249999999999995,20:45,4
25.5,0.0,4.533333333333333,20:50,4
25.5,0.0,4.5249999999999995,20:55,4
25.416666666666668,0.0,4.541666666666667,21:00,4
25.416666666666668,0.0,4.5249999999999995,21:05,4
25.416666666666668,0.0,4.516666666666667,21:10,4
25.333333333333332,0.0,4.5,21:15,4
25.25,0.0,4.483333333333333,21:20,4
25.166666666666668,0.0,4.5,21:25,4
25.083333333333332,0.0,4.483333333333333,21:30,4
25.083333333333332,0.0,4.483333333333333,21:35,4
24.833333333333332,0.0,4.466666666666667,21:40,4
24.833333333333332,0.0,4.466666666666667,21:45,4
24.833333333333332,0.0,4.458333333333333,21:50,4
24.833333333333332,0.0,4.441666666666666,21:55,4
24.833333333333332,0.0,4.45,22:00,4
24.75,0.0,4.45,22:05,4
24.75,0.0,4.416666666666667,22:10,4
24.75,0.0,4.425,22:15,4
24.666666666666668,0.0,4.425,22:20,4
24.666666666666668,0.0,4.425,22:25,4
24.666666666666668,0.0,4.433333333333334,22:30,4
24.583333333333332,0.0,4.408333333333333,22:35,4
24.583333333333332,0.0,4.433333333333334,22:40,4
24.583333333333332,0.0,4.416666666666667,22:45,4
24.583333333333332,0.0,4.416666666666667,22:50,4
24.583333333333332,0.0,4.416666666666667,22:55,4
24.583333333333332,0.0,4.433333333333334,23:00,4
24.583333333333332,0.0,4.3999999999999995,23:05,4
24.583333333333332,0.0,4.416666666666667,23:10,4
24.583333333333332,0.0,4.391666666666667,23:15,4
24.5,0.0,4.3999999999999995,23:20,4
24.5,0.0,4.375,23:25,4
24.416666666666668,0.0,4.375,23:30,4
24.25,0.0,4.366666666666666,23:35,4
24.25,0.0,4.366666666666666,23:40,4
24.25,0.0,4.366666666666666,23:45,4
24.25,0.0,4.358333333333333,23:50,4
24.25,0.0,4.358333333333333,23:55,4
24.166666666666668,0.0,4.3500000000000005,00:00,5
24.166666666666668,0.0,4.333333333333333,00:05,5
24.166666666666668,0.0,4.316666666666666,00:10,5
24.166666666666668,0.0,4.3,00:15,5
24.166666666666668,0.0,4.266666666666667,00:20,5
24.083333333333332,0.0,4.241666666666666,00:25,5
24.083333333333332,0.0,4.216666666666667,00:30,5
24.083333333333332,0.0,4.191666666666666,00:35,5
24.083333333333332,0.0,4.183333333333334,00:40,5
24.083333333333332,0.0,4.158333333333333,00:45,5
24.083333333333332,0.0,4.133333333333334,00:50,5
24.166666666666668,0.0,4.116666666666666,00:55,5
24.166666666666668,0.0,4.1000000000000005,01:00,5
24.166666666666668,0.0,4.075,01:05,5
24.083333333333332,0.0,4.05,01:10,5
24.083333333333332,0.0,4.016666666666667,01:15,5
24.083333333333332,0.0,3.9916666666666667,01:20,5
24.083333333333332,0.0,3.933333333333333,01:25,5
24.083333333333332,0.0,3.9166666666666665,01:30,5
24.083333333333332,0.0,3.9,01:35,5
24.083333333333332,0.0,3.858333333333333,01:40,5
24.083333333333332,0.0,3.8333333333333335,01:45,5
24.083333333333332,0.0,3.7916666666666665,01:50,5
24.083333333333332,0.0,3.7583333333333333,01:55,5
24.083333333333332,0.0,3.7416666666666667,02:00,5
24.083333333333332,0.0,3.6916666666666664,02:05,5
24.083333333333332,0.0,3.6666666666666665,02:10,5
24.083333333333332,0.0,3.625,02:15,5
24.083333333333332,0.0,3.5833333333333335,02:20,5
24.0,0.0,3.5666666666666664,02:25,5
24.0,0.0,3.5250000000000004,02:30,5
24.0,0.0,3.483333333333333,02:35,5
24.0,0.0,3.4499999999999997,02:40,5
24.0,0.0,3.4250000000000003,02:45,5
23.916666666666668,0.0,3.4,02:50,5
23.916666666666668,0.0,3.3833333333333333,02:55,5
23.916666666666668,0.0,3.3333333333333335,03:00,5
23.916666666666668,0.0,3.316666666666667,03:05,5
23.916666666666668,0.0,3.275,03:10,5
23.916666666666668,0.0,3.233333333333333,03:15,5
23.833333333333332,0.0,3.216666666666667,03:20,5
23.75,0.0,3.1666666666666665,03:25,5
23.666666666666668,0.0,3.125,03:30,5
23.666666666666668,0.0,3.1166666666666667,03:35,5
23.666666666666668,0.0,3.1166666666666667,03:40,5
23.666666666666668,0.0,3.0583333333333336,03:45,5
23.666666666666668,0.0,3.033333333333333,03:50,5
23.666666666666668,0.0,2.9916666666666667,03:55,5
23.666666666666668,0.0,2.983333333333333,04:00,5
23.666666666666668,0.0,2.9499999999999997,04:05,5
23.666666666666668,0.0,2.908333333333333,04:10,5
23.666666666666668,0.0,2.8666666666666667,04:15,5
23.666666666666668,0.0,2.8333333333333335,04:20,5
23.75,0.0,2.8000000000000003,04:25,5
23.75,0.0,2.7583333333333333,04:30,5
23.75,0.0,2.766666666666667,04:35,5
23.75,0.0,2.7249999999999996,04:40,5
23.75,0.0,2.725,04:45,5
23.833333333333332,0.0,2.725,04:50,5
23.833333333333332,0.0,2.75,04:55,5
23.833333333333332,0.0,2.7583333333333333,05:00,5
23.833333333333332,0.0,2.7583333333333333,05:05,5
23.833333333333332,0.0,2.7583333333333333,05:10,5
23.833333333333332,0.0,2.775,05:15,5
23.833333333333332,0.0,2.783333333333333,05:20,5
23.833333333333332,0.25,2.783333333333333,05:25,5
23.833333333333332,1.0833333333333333,2.808333333333333,05:30,5
23.833333333333332,2.75,2.8249999999999997,05:35,5
23.833333333333332,5.0,2.841666666666667,05:40,5
23.833333333333332,7.916666666666667,2.858333333333333,05:45,5
23.833333333333332,11.666666666666666,2.875,05:50,5
23.833333333333332,13.0,2.9,05:55,5
23.833333333333332,15.083333333333334,2.908333333333333,06:00,5
23.833333333333332,18.0,2.9,06:05,5
23.833333333333332,20.833333333333332,2.8833333333333333,06:10,5
23.916666666666668,26.083333333333332,2.875,06:15,5
23.916666666666668,33.75,2.858333333333333,06:20,5
23.916666666666668,40.5,2.8333333333333335,06:25,5
23.916666666666668,47.416666666666664,2.8333333333333335,06:30,5
23.916666666666668,54.333333333333336,2.8083333333333336,06:35,5
23.916666666666668,62.833333333333336,2.8083333333333336,06:40,5
23.916666666666668,70.41666666666667,2.7916666666666665,06:45,5
24.0,78.33333333333333,2.775,06:50,5
24.0,86.25,2.766666666666667,06:55,5
24.0,87.91666666666667,2.75,07:00,5
24.0,93.75,2.725,07:05,5
24.0,100.16666666666667,2.6833333333333336,07:10,5
24.0,107.66666666666667,2.6416666666666666,07:15,5
24.0,116.16666666666667,2.6083333333333334,07:20,5
24.0,126.58333333333333,2.5416666666666665,07:25,5
24.0,133.08333333333334,2.533333333333333,07:30,5
24.0,140.58333333333334,2.4833333333333334,07:35,5
24.0,153.91666666666666,2.4666666666666663,07:40,5
24.0,161.41666666666666,2.4,07:45,5
24.0,177.25,2.3916666666666666,07:50,5
24.0,192.08333333333334,2.3583333333333334,07:55,5
24.0,205.25,2.308333333333333,08:00,5
24.083333333333332,215.5,2.2916666666666665,08:05,5
24.25,223.25,2.2666666666666666,08:10,5
24.416666666666668,230.33333333333334,2.2333333333333334,08:15,5
24.666666666666668,247.5,2.216666666666667,08:20,5
24.75,254.33333333333334,2.2083333333333335,08:25,5
24.833333333333332,257.8333333333333,2.191666666666667,08:30,5
25.0,263.5,2.1666666666666665,08:35,5
25.333333333333332,284.4166666666667,2.15,08:40,5
25.5,296.75,2.15,08:45,5
25.666666666666668,294.4166666666667,2.1166666666666667,08:50,5
25.75,302.25,2.1083333333333334,08:55,5
26.166666666666668,319.0,2.1083333333333334,09:00,5
26.25,326.8333333333333,2.091666666666667,09:05,5
26.25,339.6666666666667,2.091666666666667,09:10,5
26.25,351.6666666666667,2.075,09:15,5
26.333333333333332,360.8333333333333,2.075,09:20,5
26.333333333333332,376.75,2.066666666666667,09:25,5
26.666666666666668,383.1666666666667,2.0833333333333335,09:30,5
26.666666666666668,387.3333333333333,2.066666666666667,09:35,5
26.75,392.0,2.0749999999999997,09:40,5
26.75,402.5,2.058333333333333,09:45,5
26.833333333333332,410.75,2.066666666666667,09:50,5
26.833333333333332,419.0,2.066666666666667,09:55,5
27.0,431.75,2.0833333333333335,10:00,5
27.25,434.5833333333333,2.075,10:05,5
27.25,437.25,2.066666666666667,10:10,5
27.25,448.75,2.058333333333333,10:15,5
27.25,462.75,2.0500000000000003,10:20,5
27.25,469.1666666666667,2.0416666666666665,10:25,5
27.25,475.25,2.0416666666666665,10:30,5
27.416666666666668,469.5,2.0,10:35,5
27.416666666666668,481.0,2.0083333333333333,10:40,5
27.416666666666668,482.3333333333333,2.0083333333333333,10:45,5
27.5,503.3333333333333,2.0083333333333333,10:50,5
27.583333333333332,534.8333333333334,2.0083333333333333,10:55,5
27.583333333333332,545.75,2.0,11:00,5
27.583333333333332,553.75,2.025,11:05,5
27.583333333333332,557.4166666666666,2.025,11:10,5
27.916666666666668,558.1666666666666,2.0416666666666665,11:15,5
28.166666666666668,561.4166666666666,2.0416666666666665,11:20,5
28.166666666666668,556.4166666666666,2.05,11:25,5
28.166666666666668,552.1666666666666,2.058333333333333,11:30,5
28.333333333333332,542.4166666666666,2.066666666666667,11:35,5
28.5,532.25,2.075,11:40,5
28.75,522.9166666666666,2.1166666666666667,11:45,5
28.833333333333332,530.8333333333334,2.158333333333333,11:50,5
29.083333333333332,527.9166666666666,2.1750000000000003,11:55,5
29.25,532.75,2.1999999999999997,12:00,5
29.416666666666668,532.4166666666666,2.225,12:05,5
29.416666666666668,536.6666666666666,2.2583333333333333,12:10,5
29.416666666666668,537.5833333333334,2.2666666666666666,12:15,5
29.416666666666668,542.75,2.2916666666666665,12:20,5
29.416666666666668,539.0,2.3249999999999997,12:25,5
29.416666666666668,536.5,2.35,12:30,5
29.416666666666668,538.5,2.375,12:35,5
29.416666666666668,541.25,2.3916666666666666,12:40,5
29.583333333333332,535.6666666666666,2.4250000000000003,12:45,5
29.583333333333332,529.8333333333334,2.4499999999999997,12:50,5
29.583333333333332,524.0,2.4833333333333334,12:55,5
29.583333333333332,512.9166666666666,2.5,13:00,5
29.583333333333332,495.5,2.525,13:05,5
29.666666666666668,488.75,2.575,13:10,5
29.666666666666668,476.0,2.591666666666667,13:15,5
29.666666666666668,459.4166666666667,2.6083333333333334,13:20,5
29.666666666666668,448.0,2.625,13:25,5
29.666666666666668,439.0833333333333,2.65,13:30,5
29.666666666666668,436.0833333333333,2.6750000000000003,13:35,5
29.666666666666668,436.5833333333333,2.716666666666667,13:40,5
29.583333333333332,433.5833333333333,2.725,13:45,5
29.583333333333332,429.4166666666667,2.7583333333333333,13:50,5
29.583333333333332,422.4166666666667,2.783333333333333,13:55,5
29.583333333333332,421.25,2.816666666666667,14:00,5
29.583333333333332,421.5,2.8166666666666664,14:05,5
29.583333333333332,425.1666666666667,2.8666666666666667,14:10,5
29.583333333333332,427.4166666666667,2.8833333333333333,14:15,5
29.583333333333332,426.3333333333333,2.9166666666666665,14:20,5
29.666666666666668,422.3333333333333,2.9499999999999997,14:25,5
29.5,415.9166666666667,2.966666666666667,14:30,5
29.416666666666668,411.1666666666667,3.0083333333333333,14:35,5
29.416666666666668,401.0833333333333,3.033333333333333,14:40,5
29.5,392.9166666666667,3.0583333333333336,14:45,5
29.5,382.0,3.1,14:50,5
29.583333333333332,375.4166666666667,3.125,14:55,5
29.583333333333332,364.3333333333333,3.15,15:00,5
29.583333333333332,357.6666666666667,3.183333333333333,15:05,5
29.583333333333332,341.5,3.233333333333333,15:10,5
29.666666666666668,335.25,3.2583333333333333,15:15,5
29.666666666666668,327.8333333333333,3.3000000000000003,15:20,5
29.583333333333332,320.6666666666667,3.341666666666667,15:25,5
29.583333333333332,313.25,3.391666666666667,15:30,5
29.583333333333332,300.5,3.4333333333333336,15:35,5
29.583333333333332,287.9166666666667,3.4916666666666667,15:40,5
29.583333333333332,269.8333333333333,3.533333333333333,15:45,5
29.583333333333332,259.0,3.5749999999999997,15:50,5
29.666666666666668,238.75,3.608333333333333,15:55,5
29.666666666666668,230.58333333333334,3.6666666666666665,16:00,5
29.5,234.16666666666666,3.6999999999999997,16:05,5
29.333333333333332,221.83333333333334,3.6916666666666664,16:10,5
29.083333333333332,215.58333333333334,3.716666666666667,16:15,5
29.0,202.16666666666666,3.7416666666666667,16:20,5
28.916666666666668,195.5,3.7583333333333333,16:25,5
28.583333333333332,180.5,3.7750000000000004,16:30,5
28.416666666666668,167.08333333333334,3.8083333333333336,16:35,5
28.25,155.41666666666666,3.841666666666667,16:40,5
27.916666666666668,142.33333333333334,3.8666666666666667,16:45,5
27.75,131.41666666666666,3.891666666666667,16:50,5
27.666666666666668,119.25,3.9333333333333336,16:55,5
27.416666666666668,106.91666666666667,3.983333333333333,17:00,5
27.333333333333332,94.75,4.008333333333334,17:05,5
27.333333333333332,83.58333333333333,4.0249999999999995,17:10,5
27.25,74.0,4.033333333333333,17:15,5
27.25,66.33333333333333,4.066666666666666,17:20,5
27.25,58.75,4.083333333333333,17:25,5
27.333333333333332,52.0,4.116666666666666,17:30,5
27.333333333333332,43.166666666666664,4.133333333333334,17:35,5
27.333333333333332,32.666666666666664,4.175,17:40,5
27.333333333333332,24.75,4.191666666666666,17:45,5
27.333333333333332,22.75,4.216666666666667,17:50,5
27.333333333333332,18.5,4.25,17:55,5
27.333333333333332,14.5,4.283333333333333,18:00,5
27.333333333333332,11.166666666666666,4.308333333333333,18:05,5
27.333333333333332,7.833333333333333,4.35,18:10,5
27.25,5.666666666666667,4.375,18:15,5
27.166666666666668,3.5833333333333335,4.383333333333334,18:20,5
27.166666666666668,2.0,4.433333333333334,18:25,5
27.083333333333332,0.5833333333333334,4.458333333333333,18:30,5
27.083333333333332,0.08333333333333333,4.491666666666666,18:35,5
27.0,0.0,4.5249999999999995,18:40,5
27.0,0.0,4.575,18:45,5
27.0,0.0,4.608333333333333,18:50,5
27.083333333333332,0.0,4.633333333333334,18:55,5
27.083333333333332,0.0,4.683333333333334,19:00,5
27.083333333333332,0.0,4.7,19:05,5
27.083333333333332,0.0,4.741666666666666,19:10,5
27.083333333333332,0.0,4.766666666666667,19:15,5
27.0,0.0,4.783333333333333,19:20,5
27.0,0.0,4.816666666666666,19:25,5
27.0,0.0,4.833333333333333,19:30,5
26.916666666666668,0.0,4.883333333333334,19:35,5
26.833333333333332,0.0,4.908333333333333,19:40,5
26.833333333333332,0.0,4.925,19:45,5
26.75,0.0,4.95,19:50,5
26.75,0.0,4.983333333333333,19:55,5
26.75,0.0,5.0,20:00,5
26.75,0.0,5.016666666666667,20:05,5
26.666666666666668,0.0,5.008333333333334,20:10,5
26.666666666666668,0.0,5.0,20:15,5
26.666666666666668,0.0,5.016666666666667,20:20,5
26.666666666666668,0.0,5.008333333333334,20:25,5
26.666666666666668,0.0,5.0,20:30,5
26.583333333333332,0.0,5.0,20:35,5
26.5,0.0,5.008333333333334,20:40,5
26.416666666666668,0.0,5.016666666666667,20:45,5
26.416666666666668,0.0,5.008333333333334,20:50,5
26.083333333333332,0.0,5.008333333333334,20:55,5
26.083333333333332,0.0,5.008333333333334,21:00,5
26.083333333333332,0.0,5.016666666666667,21:05,5
26.0,0.0,4.983333333333333,21:10,5
26.0,0.0,4.958333333333333,21:15,5
26.0,0.0,4.933333333333334,21:20,5
25.833333333333332,0.0,4.908333333333333,21:25,5
25.833333333333332,0.0,4.883333333333334,21:30,5
25.75,0.0,4.858333333333333,21:35,5
25.75,0.0,4.816666666666667,21:40,5
25.75,0.0,4.816666666666666,21:45,5
25.666666666666668,0.0,4.791666666666667,21:50,5
25.583333333333332,0.0,4.7749999999999995,21:55,5
25.5,0.0,4.75,22:00,5
25.416666666666668,0.0,4.7250000000000005,22:05,5
25.416666666666668,0.0,4.708333333333333,22:10,5
25.416666666666668,0.0,4.7,22:15,5
25.416666666666668,0.0,4.691666666666666,22:20,5
25.416666666666668,0.0,4.675,22:25,5
25.416666666666668,0.0,4.666666666666667,22:30,5
25.333333333333332,0.0,4.633333333333334,22:35,5
25.333333333333332,0.0,4.625,22:40,5
25.333333333333332,0.0,4.616666666666666,22:45,5
25.333333333333332,0.0,4.591666666666667,22:50,5
25.333333333333332,0.0,4.6000000000000005,22:55,5
25.333333333333332,0.0,4.575,23:00,5
25.333333333333332,0.0,4.566666666666666,23:05,5
25.333333333333332,0.0,4.558333333333334,23:10,5
25.333333333333332,0.0,4.55,23:15,5
25.25,0.0,4.55,23:20,5
25.166666666666668,0.0,4.541666666666667,23:25,5
25.083333333333332,0.0,4.533333333333333,23:30,5
25.083333333333332,0.0,4.525,23:35,5
25.083333333333332,0.0,4.533333333333333,23:40,5
25.083333333333332,0.0,4.5249999999999995,23:45,5
25.083333333333332,0.0,4.5249999999999995,23:50,5
25.083333333333332,0.0,4.516666666666667,23:55,5
24.916666666666668,0.0,4.508333333333334,00:00,6
24.916666666666668,0.0,4.5249999999999995,00:05,6
24.916666666666668,0.0,4.516666666666667,00:10,6
24.916666666666668,0.0,4.541666666666667,00:15,6
24.916666666666668,0.0,4.508333333333334,00:20,6
24.916666666666668,0.0,4.533333333333333,00:25,6
24.916666666666668,0.0,4.533333333333333,00:30,6
25.0,0.0,4.55,00:35,6
25.0,0.0,4.55,00:40,6
25.0,0.0,4.55,00:45,6
25.0,0.0,4.55,00:50,6
25.0,0.0,4.575,00:55,6
25.0,0.0,4.583333333333333,01:00,6
25.0,0.0,4.6000000000000005,01:05,6
25.0,0.0,4.591666666666667,01:10,6
25.0,0.0,4.583333333333333,01:15,6
25.0,0.0,4.591666666666667,01:20,6
25.0,0.0,4.575,01:25,6
25.0,0.0,4.575,01:30,6
24.833333333333332,0.0,4.591666666666667,01:35,6
24.833333333333332,0.0,4.6000000000000005,01:40,6
24.833333333333332,0.0,4.591666666666667,01:45,6
24.833333333333332,0.0,4.591666666666667,01:50,6
24.833333333333332,0.0,4.591666666666667,01:55,6
24.833333333333332,0.0,4.591666666666667,02:00,6
24.833333333333332,0.0,4.591666666666667,02:05,6
24.833333333333332,0.0,4.583333333333333,02:10,6
24.833333333333332,0.0,4.566666666666666,02:15,6
24.833333333333332,0.0,4.55,02:20,6
24.75,0.0,4.55,02:25,6
24.75,0.0,4.533333333333333,02:30,6
24.75,0.0,4.533333333333333,02:35,6
24.666666666666668,0.0,4.541666666666667,02:40,6
24.666666666666668,0.0,4.533333333333333,02:45,6
24.583333333333332,0.0,4.533333333333333,02:50,6
24.583333333333332,0.0,4.558333333333334,02:55,6
24.583333333333332,0.0,4.558333333333334,03:00,6
24.583333333333332,0.0,4.566666666666666,03:05,6
24.583333333333332,0.0,4.566666666666666,03:10,6
24.583333333333332,0.0,4.566666666666667,03:15,6
24.583333333333332,0.0,4.583333333333333,03:20,6
24.583333333333332,0.0,4.583333333333333,03:25,6
24.583333333333332,0.0,4.6000000000000005,03:30,6
24.5,0.0,4.6000000000000005,03:35,6
24.5,0.0,4.6000000000000005,03:40,6
24.5,0.0,4.608333333333333,03:45,6
24.5,0.0,4.633333333333334,03:50,6
24.5,0.0,4.633333333333334,03:55,6
24.5,0.0,4.641666666666667,04:00,6
24.5,0.0,4.625,04:05,6
24.5,0.0,4.575,04:10,6
24.5,0.0,4.5249999999999995,04:15,6
24.5,0.0,4.491666666666666,04:20,6
24.5,0.0,4.458333333333333,04:25,6
24.5,0.0,4.408333333333333,04:30,6
24.5,0.0,4.375,04:35,6
24.5,0.0,4.341666666666667,04:40,6
24.5,0.0,4.325,04:45,6
24.5,0.0,4.2749999999999995,04:50,6
24.5,0.0,4.258333333333334,04:55,6
24.666666666666668,0.0,4.208333333333333,05:00,6
24.666666666666668,0.0,4.2250000000000005,05:05,6
24.666666666666668,0.0,4.216666666666667,05:10,6
24.666666666666668,0.0,4.208333333333333,05:15,6
24.583333333333332,0.0,4.2250000000000005,05:20,6
24.583333333333332,0.25,4.233333333333333,05:25,6
24.583333333333332,0.75,4.258333333333334,05:30,6
24.583333333333332,2.0,4.258333333333334,05:35,6
24.583333333333332,4.5,4.2749999999999995,05:40,6
24.583333333333332,7.333333333333333,4.275,05:45,6
24.583333333333332,10.333333333333334,4.3,05:50,6
24.583333333333332,13.25,4.325,05:55,6
24.583333333333332,15.583333333333334,4.325,06:00,6
24.583333333333332,19.916666666666668,4.316666666666666,06:05,6
24.583333333333332,24.333333333333332,4.291666666666667,06:10,6
24.583333333333332,31.666666666666668,4.283333333333333,06:15,6
24.583333333333332,39.0,4.266666666666667,06:20,6
24.583333333333332,43.916666666666664,4.2250000000000005,06:25,6
24.583333333333332,52.166666666666664,4.2250000000000005,06:30,6
24.583333333333332,59.0,4.2,06:35,6
24.583333333333332,68.25,4.166666666666667,06:40,6
24.583333333333332,76.5,4.158333333333333,06:45,6
24.666666666666668,86.08333333333333,4.141666666666667,06:50,6
24.666666666666668,94.33333333333333,4.125,06:55,6
24.666666666666668,106.58333333333333,4.116666666666666,07:00,6
24.666666666666668,116.16666666666667,4.083333333333333,07:05,6
24.75,126.83333333333333,4.058333333333334,07:10,6
24.75,139.08333333333334,4.033333333333333,07:15,6
24.833333333333332,151.33333333333334,4.016666666666667,07:20,6
24.833333333333332,162.0,3.983333333333333,07:25,6
24.75,175.75,3.9749999999999996,07:30,6
24.75,192.33333333333334,3.9499999999999997,07:35,6
24.75,203.83333333333334,3.9333333333333336,07:40,6
24.75,215.91666666666666,3.908333333333333,07:45,6
24.75,223.91666666666666,3.891666666666666,07:50,6
24.75,236.41666666666666,3.891666666666667,07:55,6
24.75,237.83333333333334,3.875,08:00,6
25.0,245.75,3.858333333333333,08:05,6
25.25,257.6666666666667,3.85,08:10,6
25.416666666666668,268.5,3.858333333333333,08:15,6
25.416666666666668,277.0,3.841666666666667,08:20,6
25.666666666666668,289.8333333333333,3.841666666666667,08:25,6
25.916666666666668,297.0833333333333,3.841666666666667,08:30,6
26.083333333333332,309.5833333333333,3.858333333333333,08:35,6
26.166666666666668,328.9166666666667,3.8666666666666667,08:40,6
26.333333333333332,340.0833333333333,3.858333333333333,08:45,6
26.5,350.5,3.85,08:50,6
26.833333333333332,367.5,3.858333333333333,08:55,6
27.0,373.9166666666667,3.8666666666666667,09:00,6
27.083333333333332,386.9166666666667,3.8666666666666667,09:05,6
27.166666666666668,382.4166666666667,3.8833333333333333,09:10,6
27.25,383.1666666666667,3.8833333333333333,09:15,6
27.333333333333332,386.3333333333333,3.891666666666667,09:20,6
27.5,386.75,3.891666666666667,09:25,6
27.666666666666668,388.4166666666667,3.9,09:30,6
27.833333333333332,391.5,3.908333333333333,09:35,6
27.916666666666668,397.5833333333333,3.9166666666666665,09:40,6
27.916666666666668,408.0833333333333,3.9166666666666665,09:45,6
27.916666666666668,417.0833333333333,3.9166666666666665,09:50,6
28.083333333333332,426.0833333333333,3.9416666666666664,09:55,6
28.333333333333332,443.0,3.9583333333333335,10:00,6
28.333333333333332,461.0833333333333,3.9499999999999997,10:05,6
28.333333333333332,472.6666666666667,3.9499999999999997,10:10,6
28.333333333333332,474.5833333333333,3.9499999999999997,10:15,6
28.333333333333332,482.9166666666667,3.9583333333333335,10:20,6
28.333333333333332,489.5,3.966666666666667,10:25,6
28.333333333333332,502.6666666666667,3.966666666666667,10:30,6
28.416666666666668,516.9166666666666,3.966666666666667,10:35,6
28.416666666666668,531.8333333333334,3.9583333333333335,10:40,6
28.416666666666668,551.4166666666666,3.9583333333333335,10:45,6
28.416666666666668,548.9166666666666,3.983333333333333,10:50,6
28.416666666666668,559.0,3.9749999999999996,10:55,6
28.5,551.5833333333334,3.983333333333333,11:00,6
28.583333333333332,557.5833333333334,3.983333333333333,11:05,6
28.583333333333332,558.5833333333334,3.983333333333333,11:10,6
28.916666666666668,563.9166666666666,3.9916666666666667,11:15,6
29.0,559.9166666666666,3.9916666666666667,11:20,6
29.083333333333332,570.3333333333334,4.008333333333334,11:25,6
29.083333333333332,564.0,4.008333333333334,11:30,6
29.25,566.4166666666666,4.0,11:35,6
29.333333333333332,570.5,4.016666666666667,11:40,6
29.5,580.3333333333334,4.0249999999999995,11:45,6
29.75,583.1666666666666,4.033333333333333,11:50,6
29.916666666666668,588.6666666666666,4.05,11:55,6
29.916666666666668,587.1666666666666,4.05,12:00,6
29.916666666666668,595.9166666666666,4.075,12:05,6
29.916666666666668,592.5,4.1000000000000005,12:10,6
29.916666666666668,608.6666666666666,4.116666666666667,12:15,6
29.916666666666668,605.25,4.141666666666667,12:20,6
29.916666666666668,614.1666666666666,4.158333333333334,12:25,6
29.916666666666668,629.8333333333334,4.191666666666667,12:30,6
29.916666666666668,632.4166666666666,4.208333333333333,12:35,6
29.833333333333332,624.9166666666666,4.216666666666667,12:40,6
29.833333333333332,610.4166666666666,4.258333333333334,12:45,6
29.75,600.5833333333334,4.266666666666667,12:50,6
29.666666666666668,589.1666666666666,4.308333333333334,12:55,6
29.75,585.1666666666666,4.316666666666666,13:00,6
29.75,580.9166666666666,4.3500000000000005,13:05,6
29.75,565.1666666666666,4.333333333333333,13:10,6
29.75,555.75,4.3500000000000005,13:15,6
29.75,549.3333333333334,4.3500000000000005,13:20,6
29.75,538.75,4.3500000000000005,13:25,6
29.75,534.0,4.358333333333333,13:30,6
29.916666666666668,527.0833333333334,4.358333333333333,13:35,6
29.916666666666668,520.4166666666666,4.358333333333333,13:40,6
30.0,520.3333333333334,4.358333333333333,13:45,6
30.0,504.3333333333333,4.366666666666666,13:50,6
30.0,497.6666666666667,4.375,13:55,6
30.0,475.6666666666667,4.391666666666667,14:00,6
30.0,457.5,4.366666666666666,14:05,6
30.0,457.6666666666667,4.375,14:10,6
29.916666666666668,446.1666666666667,4.3500000000000005,14:15,6
29.833333333333332,432.5833333333333,4.366666666666666,14:20,6
29.833333333333332,424.1666666666667,4.3500000000000005,14:25,6
29.833333333333332,402.4166666666667,4.341666666666667,14:30,6
29.75,407.3333333333333,4.3500000000000005,14:35,6
29.75,393.6666666666667,4.333333333333333,14:40,6
29.75,402.5833333333333,4.325,14:45,6
29.75,394.25,4.3500000000000005,14:50,6
29.75,397.25,4.3500000000000005,14:55,6
29.75,382.9166666666667,4.366666666666666,15:00,6
29.75,388.6666666666667,4.366666666666667,15:05,6
29.666666666666668,373.3333333333333,4.341666666666667,15:10,6
29.666666666666668,363.5,4.3500000000000005,15:15,6
29.583333333333332,349.4166666666667,4.3500000000000005,15:20,6
29.583333333333332,343.0,4.3500000000000005,15:25,6
29.583333333333332,322.0,4.366666666666666,15:30,6
29.583333333333332,312.1666666666667,4.391666666666667,15:35,6
29.583333333333332,296.75,4.383333333333334,15:40,6
29.583333333333332,284.4166666666667,4.425,15:45,6
29.583333333333332,268.5,4.45,15:50,6
29.5,257.0,4.4750000000000005,15:55,6
29.416666666666668,238.58333333333334,4.5,16:00,6
29.333333333333332,228.58333333333334,4.5249999999999995,16:05,6
29.25,209.83333333333334,4.508333333333334,16:10,6
28.833333333333332,194.33333333333334,4.516666666666667,16:15,6
28.75,181.91666666666666,4.5,16:20,6
28.583333333333332,171.16666666666666,4.508333333333334,16:25,6
28.25,156.33333333333334,4.516666666666667,16:30,6
28.25,145.0,4.516666666666667,16:35,6
28.083333333333332,134.08333333333334,4.516666666666667,16:40,6
27.75,123.58333333333333,4.541666666666667,16:45,6
27.666666666666668,115.33333333333333,4.508333333333334,16:50,6
27.583333333333332,106.75,4.516666666666667,16:55,6
27.333333333333332,96.0,4.533333333333333,17:00,6
27.166666666666668,85.91666666666667,4.541666666666667,17:05,6
27.166666666666668,77.75,4.558333333333333,17:10,6
27.166666666666668,68.75,4.591666666666667,17:15,6
27.166666666666668,62.583333333333336,4.6499999999999995,17:20,6
27.083333333333332,56.5,4.716666666666667,17:25,6
27.083333333333332,49.083333333333336,4.766666666666667,17:30,6
27.083333333333332,40.916666666666664,4.825,17:35,6
27.083333333333332,33.833333333333336,4.9,17:40,6
27.083333333333332,27.166666666666668,4.983333333333333,17:45,6
27.166666666666668,22.833333333333332,5.0249999999999995,17:50,6
27.166666666666668,18.75,5.116666666666666,17:55,6
27.166666666666668,14.166666666666666,5.191666666666666,18:00,6
27.166666666666668,11.416666666666666,5.233333333333333,18:05,6
27.166666666666668,8.0,5.2749999999999995,18:10,6
27.166666666666668,6.583333333333333,5.325,18:15,6
27.166666666666668,4.166666666666667,5.375,18:20,6
27.166666666666668,2.5833333333333335,5.416666666666667,18:25,6
27.166666666666668,1.0,5.466666666666666,18:30,6
27.166666666666668,0.3333333333333333,5.541666666666667,18:35,6
27.166666666666668,0.0,5.583333333333333,18:40,6
27.083333333333332,0.0,5.6499999999999995,18:45,6
27.0,0.0,5.7,18:50,6
27.0,0.0,5.75,18:55,6
27.0,0.0,5.816666666666666,19:00,6
27.0,0.0,5.8500000000000005,19:05,6
27.0,0.0,5.841666666666666,19:10,6
27.0,0.0,5.841666666666666,19:15,6
27.0,0.0,5.866666666666667,19:20,6
26.916666666666668,0.0,5.875,19:25,6
26.916666666666668,0.0,5.875,19:30,6
26.833333333333332,0.0,5.883333333333333,19:35,6
26.833333333333332,0.0,5.883333333333334,19:40,6
26.833333333333332,0.0,5.8999999999999995,19:45,6
26.833333333333332,0.0,5.891666666666667,19:50,6
26.833333333333332,0.0,5.916666666666667,19:55,6
26.833333333333332,0.0,5.925,20:00,6
26.833333333333332,0.0,5.8999999999999995,20:05,6
26.583333333333332,0.0,5.875,20:10,6
26.583333333333332,0.0,5.858333333333333,20:15,6
26.5,0.0,5.833333333333333,20:20,6
26.5,0.0,5.816666666666666,20:25,6
26.416666666666668,0.0,5.7749999999999995,20:30,6
26.333333333333332,0.0,5.75,20:35,6
26.25,0.0,5.733333333333333,20:40,6
26.25,0.0,5.699999999999999,20:45,6
26.166666666666668,0.0,5.691666666666666,20:50,6
26.0,0.0,5.658333333333334,20:55,6
25.75,0.0,5.641666666666667,21:00,6
25.75,0.0,5.608333333333333,21:05,6
25.75,0.0,5.583333333333333,21:10,6
25.75,0.0,5.558333333333334,21:15,6
25.75,0.0,5.533333333333334,21:20,6
25.75,0.0,5.491666666666667,21:25,6
25.666666666666668,0.0,5.458333333333333,21:30,6
25.416666666666668,0.0,5.416666666666667,21:35,6
25.25,0.0,5.391666666666667,21:40,6
25.166666666666668,0.0,5.375,21:45,6
25.166666666666668,0.0,5.341666666666668,21:50,6
25.166666666666668,0.0,5.316666666666666,21:55,6
25.083333333333332,0.0,5.283333333333333,22:00,6
25.083333333333332,0.0,5.266666666666667,22:05,6
25.083333333333332,0.0,5.241666666666666,22:10,6
25.083333333333332,0.0,5.2,22:15,6
25.083333333333332,0.0,5.175,22:20,6
25.083333333333332,0.0,5.1499999999999995,22:25,6
25.083333333333332,0.0,5.125,22:30,6
25.166666666666668,0.0,5.108333333333333,22:35,6
25.166666666666668,0.0,5.091666666666667,22:40,6
25.166666666666668,0.0,5.05,22:45,6
25.166666666666668,0.0,5.033333333333333,22:50,6
25.166666666666668,0.0,4.991666666666666,22:55,6
25.083333333333332,0.0,4.983333333333333,23:00,6
25.083333333333332,0.0,4.966666666666666,23:05,6
24.75,0.0,4.925,23:10,6
24.666666666666668,0.0,4.891666666666667,23:15,6
24.666666666666668,0.0,4.883333333333334,23:20,6
24.666666666666668,0.0,4.841666666666667,23:25,6
24.666666666666668,0.0,4.808333333333333,23:30,6
24.666666666666668,0.0,4.808333333333334,23:35,6
24.666666666666668,0.0,4.766666666666667,23:40,6
24.583333333333332,0.0,4.741666666666666,23:45,6
24.416666666666668,0.0,4.733333333333333,23:50,6
24.416666666666668,0.0,4.7,23:55,6
24.416666666666668,0.0,4.675,00:00,7
24.416666666666668,0.0,4.675,00:05,7
24.416666666666668,0.0,4.658333333333333,00:10,7
24.416666666666668,0.0,4.641666666666667,00:15,7
24.416666666666668,0.0,4.6499999999999995,00:20,7
24.416666666666668,0.0,4.641666666666667,00:25,7
24.416666666666668,0.0,4.641666666666667,00:30,7
24.416666666666668,0.0,4.616666666666666,00:35,7
24.416666666666668,0.0,4.641666666666667,00:40,7
24.416666666666668,0.0,4.6499999999999995,00:45,7
24.416666666666668,0.0,4.666666666666667,00:50,7
24.416666666666668,0.0,4.658333333333333,00:55,7
24.416666666666668,0.0,4.675,01:00,7
24.416666666666668,0.0,4.675,01:05,7
24.416666666666668,0.0,4.683333333333334,01:10,7
24.416666666666668,0.0,4.7,01:15,7
24.333333333333332,0.0,4.7,01:20,7
24.333333333333332,0.0,4.716666666666667,01:25,7
24.25,0.0,4.716666666666667,01:30,7
24.25,0.0,4.7250000000000005,01:35,7
24.25,0.0,4.733333333333333,01:40,7
24.25,0.0,4.75,01:45,7
24.25,0.0,4.775,01:50,7
24.25,0.0,4.783333333333333,01:55,7
24.25,0.0,4.791666666666667,02:00,7
24.25,0.0,4.8,02:05,7
24.0,0.0,4.808333333333334,02:10,7
24.0,0.0,4.8,02:15,7
24.0,0.0,4.791666666666667,02:20,7
24.0,0.0,4.808333333333334,02:25,7
24.0,0.0,4.808333333333334,02:30,7
23.833333333333332,0.0,4.816666666666666,02:35,7
23.833333333333332,0.0,4.816666666666666,02:40,7
23.833333333333332,0.0,4.825,02:45,7
23.75,0.0,4.833333333333333,02:50,7
23.75,0.0,4.825,02:55,7
23.75,0.0,4.8500000000000005,03:00,7
23.75,0.0,4.8500000000000005,03:05,7
23.75,0.0,4.833333333333333,03:10,7
23.666666666666668,0.0,4.791666666666667,03:15,7
23.666666666666668,0.0,4.783333333333333,03:20,7
23.666666666666668,0.0,4.766666666666667,03:25,7
23.666666666666668,0.0,4.741666666666666,03:30,7
23.666666666666668,0.0,4.741666666666666,03:35,7
23.666666666666668,0.0,4.733333333333333,03:40,7
23.666666666666668,0.0,4.708333333333333,03:45,7
23.5,0.0,4.683333333333334,03:50,7
23.5,0.0,4.683333333333334,03:55,7
23.5,0.0,4.6499999999999995,04:00,7
23.5,0.0,4.641666666666667,04:05,7
23.666666666666668,0.0,4.6000000000000005,04:10,7
23.666666666666668,0.0,4.55,04:15,7
23.666666666666668,0.0,4.516666666666667,04:20,7
23.583333333333332,0.0,4.491666666666666,04:25,7
23.583333333333332,0.0,4.433333333333334,04:30,7
23.666666666666668,0.0,4.3999999999999995,04:35,7
23.666666666666668,0.0,4.391666666666667,04:40,7
23.666666666666668,0.0,4.3500000000000005,04:45,7
23.666666666666668,0.0,4.308333333333334,04:50,7
23.75,0.0,4.2749999999999995,04:55,7
23.75,0.0,4.258333333333334,05:00,7
23.75,0.0,4.258333333333334,05:05,7
23.75,0.0,4.275,05:10,7
23.833333333333332,0.0,4.291666666666667,05:15,7
23.75,0.0,4.308333333333334,05:20,7
23.75,0.25,4.333333333333333,05:25,7
23.75,0.9166666666666666,4.3500000000000005,05:30,7
23.75,2.75,4.375,05:35,7
23.75,3.3333333333333335,4.391666666666667,05:40,7
23.75,5.833333333333333,4.416666666666667,05:45,7
23.75,8.166666666666666,4.441666666666666,05:50,7
23.75,11.25,4.458333333333333,05:55,7
23.75,15.75,4.491666666666666,06:00,7
23.75,18.75,4.5,06:05,7
23.75,23.083333333333332,4.508333333333334,06:10,7
23.75,27.416666666666668,4.5,06:15,7
23.75,31.833333333333332,4.5,06:20,7
23.75,37.666666666666664,4.5249999999999995,06:25,7
23.75,44.25,4.508333333333334,06:30,7
23.75,52.166666666666664,4.516666666666667,06:35,7
23.75,59.0,4.516666666666667,06:40,7
23.833333333333332,67.91666666666667,4.516666666666667,06:45,7
23.833333333333332,76.41666666666667,4.5249999999999995,06:50,7
23.833333333333332,86.41666666666667,4.55,06:55,7
23.833333333333332,94.91666666666667,4.541666666666667,07:00,7
23.833333333333332,101.66666666666667,4.533333333333333,07:05,7
23.916666666666668,108.58333333333333,4.516666666666667,07:10,7
23.916666666666668,115.5,4.483333333333333,07:15,7
23.916666666666668,123.25,4.45,07:20,7
23.833333333333332,133.75,4.433333333333334,07:25,7
23.833333333333332,143.33333333333334,4.3999999999999995,07:30,7
23.833333333333332,151.58333333333334,4.391666666666667,07:35,7
23.833333333333332,166.16666666666666,4.358333333333333,07:40,7
23.833333333333332,180.41666666666666,4.316666666666666,07:45,7
23.833333333333332,196.5,4.308333333333334,07:50,7
23.833333333333332,209.75,4.283333333333333,07:55,7
23.833333333333332,223.41666666666666,4.25,08:00,7
23.833333333333332,237.83333333333334,4.191666666666666,08:05,7
24.25,246.41666666666666,4.183333333333334,08:10,7
24.416666666666668,253.75,4.1499999999999995,08:15,7
24.5,263.9166666666667,4.116666666666666,08:20,7
24.583333333333332,272.8333333333333,4.075,08:25,7
25.0,276.4166666666667,4.041666666666667,08:30,7
25.166666666666668,285.3333333333333,4.0249999999999995,08:35,7
25.25,293.9166666666667,3.975,08:40,7
25.333333333333332,304.1666666666667,3.9499999999999997,08:45,7
25.5,315.1666666666667,3.9166666666666665,08:50,7
25.666666666666668,330.6666666666667,3.9,08:55,7
25.833333333333332,338.0833333333333,3.8666666666666667,09:00,7
26.0,348.0833333333333,3.85,09:05,7
26.0,363.9166666666667,3.8333333333333335,09:10,7
26.166666666666668,375.0,3.8249999999999997,09:15,7
26.25,391.8333333333333,3.8083333333333336,09:20,7
26.333333333333332,402.4166666666667,3.8000000000000003,09:25,7
26.583333333333332,413.5833333333333,3.783333333333333,09:30,7
26.833333333333332,430.9166666666667,3.766666666666667,09:35,7
26.916666666666668,441.1666666666667,3.75,09:40,7
26.916666666666668,450.5833333333333,3.75,09:45,7
26.916666666666668,455.8333333333333,3.75,09:50,7
27.166666666666668,473.5833333333333,3.7416666666666667,09:55,7
27.25,481.0,3.716666666666667,10:00,7
27.25,498.5,3.7083333333333335,10:05,7
27.166666666666668,502.5,3.6833333333333336,10:10,7
27.166666666666668,510.5,3.6666666666666665,10:15,7
27.25,502.25,3.6333333333333333,10:20,7
27.25,506.6666666666667,3.608333333333333,10:25,7
27.25,513.9166666666666,3.5833333333333335,10:30,7
27.333333333333332,524.3333333333334,3.5833333333333335,10:35,7
27.333333333333332,532.5833333333334,3.5583333333333336,10:40,7
27.25,541.8333333333334,3.533333333333333,10:45,7
27.25,549.0833333333334,3.5083333333333333,10:50,7
27.25,541.3333333333334,3.4916666666666667,10:55,7
27.25,554.75,3.475,11:00,7
27.25,551.5,3.466666666666667,11:05,7
27.333333333333332,548.0,3.4416666666666664,11:10,7
27.583333333333332,540.3333333333334,3.4166666666666665,11:15,7
27.666666666666668,529.3333333333334,3.4,11:20,7
27.666666666666668,534.0,3.3833333333333333,11:25,7
27.75,530.1666666666666,3.358333333333333,11:30,7
28.0,536.4166666666666,3.341666666666667,11:35,7
28.083333333333332,531.4166666666666,3.3166666666666664,11:40,7
28.25,537.9166666666666,3.275,11:45,7
28.416666666666668,541.4166666666666,3.275,11:50,7
28.5,550.5833333333334,3.2583333333333333,11:55,7
28.5,553.75,3.233333333333333,12:00,7
28.583333333333332,561.5833333333334,3.2416666666666667,12:05,7
28.583333333333332,559.5833333333334,3.2416666666666667,12:10,7
28.583333333333332,561.75,3.233333333333333,12:15,7
28.5,555.4166666666666,3.2249999999999996,12:20,7
28.5,563.5833333333334,3.2249999999999996,12:25,7
28.5,556.3333333333334,3.216666666666667,12:30,7
28.5,565.0833333333334,3.233333333333333,12:35,7
28.5,559.8333333333334,3.225,12:40,7
28.583333333333332,566.75,3.2083333333333335,12:45,7
28.583333333333332,559.9166666666666,3.225,12:50,7
28.583333333333332,569.5833333333334,3.225,12:55,7
28.583333333333332,570.9166666666666,3.225,13:00,7
28.583333333333332,574.4166666666666,3.2249999999999996,13:05,7
28.583333333333332,559.6666666666666,3.216666666666667,13:10,7
28.666666666666668,557.8333333333334,3.2083333333333335,13:15,7
28.833333333333332,548.75,3.225,13:20,7
28.833333333333332,538.5833333333334,3.233333333333333,13:25,7
28.833333333333332,523.8333333333334,3.225,13:30,7
28.916666666666668,515.0,3.233333333333333,13:35,7
29.0,505.5,3.233333333333333,13:40,7
29.0,503.3333333333333,3.225,13:45,7
29.083333333333332,492.0,3.225,13:50,7
29.083333333333332,490.9166666666667,3.225,13:55,7
29.083333333333332,476.6666666666667,3.216666666666667,14:00,7
29.083333333333332,468.0,3.225,14:05,7
29.083333333333332,450.8333333333333,3.2083333333333335,14:10,7
29.083333333333332,439.0833333333333,3.2083333333333335,14:15,7
29.0,436.1666666666667,3.1999999999999997,14:20,7
28.916666666666668,432.6666666666667,3.216666666666667,14:25,7
28.916666666666668,429.75,3.2083333333333335,14:30,7
28.833333333333332,421.9166666666667,3.216666666666667,14:35,7
28.75,414.3333333333333,3.2083333333333335,14:40,7
28.75,402.75,3.225,14:45,7
28.75,392.5833333333333,3.225,14:50,7
28.75,385.0833333333333,3.2583333333333333,14:55,7
28.666666666666668,372.0833333333333,3.266666666666667,15:00,7
28.666666666666668,359.25,3.2750000000000004,15:05,7
28.583333333333332,350.8333333333333,3.3083333333333336,15:10,7
28.583333333333332,340.5833333333333,3.3166666666666664,15:15,7
28.666666666666668,325.4166666666667,3.35,15:20,7
28.666666666666668,314.8333333333333,3.358333333333333,15:25,7
28.583333333333332,299.9166666666667,3.375,15:30,7
28.583333333333332,290.0833333333333,3.4166666666666665,15:35,7
28.583333333333332,272.6666666666667,3.4416666666666664,15:40,7
28.583333333333332,261.4166666666667,3.4583333333333335,15:45,7
28.583333333333332,250.16666666666666,3.4916666666666667,15:50,7
28.583333333333332,236.16666666666666,3.5083333333333333,15:55,7
28.583333333333332,227.16666666666666,3.533333333333333,16:00,7
28.583333333333332,213.16666666666666,3.5416666666666665,16:05,7
28.333333333333332,202.25,3.533333333333333,16:10,7
28.166666666666668,186.08333333333334,3.533333333333333,16:15,7
28.083333333333332,172.08333333333334,3.533333333333333,16:20,7
27.916666666666668,158.83333333333334,3.566666666666667,16:25,7
27.583333333333332,149.08333333333334,3.5666666666666664,16:30,7
27.5,140.75,3.5833333333333335,16:35,7
27.333333333333332,126.25,3.625,16:40,7
27.25,116.08333333333333,3.6333333333333333,16:45,7
27.083333333333332,102.16666666666667,3.641666666666667,16:50,7
26.916666666666668,92.91666666666667,3.6916666666666664,16:55,7
26.583333333333332,84.58333333333333,3.725,17:00,7
26.583333333333332,72.41666666666667,3.75,17:05,7
26.583333333333332,65.33333333333333,3.775,17:10,7
26.5,56.75,3.8083333333333336,17:15,7
26.5,49.75,3.8333333333333335,17:20,7
26.5,43.0,3.8833333333333333,17:25,7
26.5,39.083333333333336,3.908333333333333,17:30,7
26.5,33.5,3.9250000000000003,17:35,7
26.5,30.25,3.983333333333333,17:40,7
26.5,26.916666666666668,4.008333333333334,17:45,7
26.583333333333332,21.5,4.058333333333334,17:50,7
26.666666666666668,18.166666666666668,4.1,17:55,7
26.583333333333332,13.583333333333334,4.1499999999999995,18:00,7
26.583333333333332,8.916666666666666,4.191666666666666,18:05,7
26.5,6.916666666666667,4.25,18:10,7
26.5,6.083333333333333,4.291666666666667,18:15,7
26.5,4.166666666666667,4.341666666666667,18:20,7
26.416666666666668,2.25,4.383333333333334,18:25,7
26.416666666666668,1.0,4.466666666666667,18:30,7
26.333333333333332,0.4166666666666667,4.508333333333334,18:35,7
26.333333333333332,0.0,4.55,18:40,7
26.333333333333332,0.0,4.608333333333333,18:45,7
26.333333333333332,0.0,4.666666666666667,18:50,7
26.333333333333332,0.0,4.716666666666667,18:55,7
26.333333333333332,0.0,4.775,19:00,7
26.333333333333332,0.0,4.808333333333334,19:05,7
26.333333333333332,0.0,4.816666666666666,19:10,7
26.333333333333332,0.0,4.816666666666666,19:15,7
26.333333333333332,0.0,4.825,19:20,7
26.333333333333332,0.0,4.85,19:25,7
26.333333333333332,0.0,4.8500000000000005,19:30,7
26.333333333333332,0.0,4.8500000000000005,19:35,7
26.333333333333332,0.0,4.875,19:40,7
26.333333333333332,0.0,4.8999999999999995,19:45,7
26.333333333333332,0.0,4.891666666666667,19:50,7
26.25,0.0,4.908333333333333,19:55,7
26.25,0.0,4.916666666666667,20:00,7
26.166666666666668,0.0,4.908333333333333,20:05,7
25.916666666666668,0.0,4.916666666666667,20:10,7
25.833333333333332,0.0,4.875,20:15,7
25.833333333333332,0.0,4.8500000000000005,20:20,7
25.833333333333332,0.0,4.8500000000000005,20:25,7
25.583333333333332,0.0,4.833333333333333,20:30,7
25.5,0.0,4.808333333333334,20:35,7
25.5,0.0,4.816666666666666,20:40,7
25.416666666666668,0.0,4.791666666666667,20:45,7
25.416666666666668,0.0,4.791666666666667,20:50,7
25.25,0.0,4.8,20:55,7
25.166666666666668,0.0,4.783333333333333,21:00,7
25.083333333333332,0.0,4.783333333333333,21:05,7
24.916666666666668,0.0,4.741666666666666,21:10,7
24.916666666666668,0.0,4.733333333333333,21:15,7
24.833333333333332,0.0,4.7,21:20,7
24.833333333333332,0.0,4.691666666666666,21:25,7
24.75,0.0,4.666666666666667,21:30,7
24.75,0.0,4.658333333333333,21:35,7
24.75,0.0,4.633333333333334,21:40,7
24.666666666666668,0.0,4.625,21:45,7
24.666666666666668,0.0,4.608333333333333,21:50,7
24.5,0.0,4.616666666666666,21:55,7
24.416666666666668,0.0,4.608333333333333,22:00,7
24.416666666666668,0.0,4.6000000000000005,22:05,7
24.416666666666668,0.0,4.583333333333333,22:10,7
24.416666666666668,0.0,4.541666666666667,22:15,7
24.416666666666668,0.0,4.541666666666667,22:20,7
24.416666666666668,0.0,4.533333333333333,22:25,7
24.416666666666668,0.0,4.516666666666667,22:30,7
24.416666666666668,0.0,4.508333333333334,22:35,7
24.416666666666668,0.0,4.5,22:40,7
24.416666666666668,0.0,4.5,22:45,7
24.416666666666668,0.0,4.5,22:50,7
24.416666666666668,0.0,4.491666666666666,22:55,7
24.416666666666668,0.0,4.5,23:00,7
24.416666666666668,0.0,4.491666666666666,23:05,7
24.333333333333332,0.0,4.475,23:10,7
24.333333333333332,0.0,4.4750000000000005,23:15,7
24.25,0.0,4.466666666666667,23:20,7
24.25,0.0,4.458333333333333,23:25,7
24.0,0.0,4.441666666666666,23:30,7
24.0,0.0,4.441666666666667,23:35,7
23.916666666666668,0.0,4.441666666666666,23:40,7
23.916666666666668,0.0,4.458333333333333,23:45,7
23.833333333333332,0.0,4.433333333333333,23:50,7
23.666666666666668,0.0,4.466666666666667,23:55,7
23.666666666666668,0.0,4.483333333333333,00:00,8
23.666666666666668,0.0,4.475,00:05,8
23.666666666666668,0.0,4.466666666666667,00:10,8
23.666666666666668,0.0,4.458333333333333,00:15,8
23.583333333333332,0.0,4.45,00:20,8
23.583333333333332,0.0,4.433333333333334,00:25,8
23.583333333333332,0.0,4.433333333333333,00:30,8
23.5,0.0,4.425,00:35,8
23.5,0.0,4.3999999999999995,00:40,8
23.5,0.0,4.4,00:45,8
23.5,0.0,4.3999999999999995,00:50,8
23.5,0.0,4.4,00:55,8
23.583333333333332,0.0,4.391666666666667,01:00,8
23.583333333333332,0.0,4.4,01:05,8
23.583333333333332,0.0,4.4,01:10,8
23.583333333333332,0.0,4.3999999999999995,01:15,8
23.583333333333332,0.0,4.375,01:20,8
23.583333333333332,0.0,4.391666666666667,01:25,8
23.583333333333332,0.0,4.375,01:30,8
23.583333333333332,0.0,4.375,01:35,8
23.583333333333332,0.0,4.383333333333334,01:40,8
23.583333333333332,0.0,4.383333333333334,01:45,8
23.5,0.0,4.383333333333334,01:50,8
23.5,0.0,4.391666666666667,01:55,8
23.5,0.0,4.391666666666667,02:00,8
23.5,0.0,4.391666666666667,02:05,8
23.5,0.0,4.366666666666666,02:10,8
23.5,0.0,4.383333333333334,02:15,8
23.5,0.0,4.375,02:20,8
23.5,0.0,4.375,02:25,8
23.5,0.0,4.366666666666666,02:30,8
23.416666666666668,0.0,4.366666666666666,02:35,8
23.416666666666668,0.0,4.358333333333333,02:40,8
23.416666666666668,0.0,4.358333333333333,02:45,8
23.416666666666668,0.0,4.358333333333333,02:50,8
23.333333333333332,0.0,4.358333333333333,02:55,8
23.333333333333332,0.0,4.366666666666666,03:00,8
23.333333333333332,0.0,4.3500000000000005,03:05,8
23.333333333333332,0.0,4.358333333333333,03:10,8
23.333333333333332,0.0,4.333333333333333,03:15,8
23.333333333333332,0.0,4.325,03:20,8
23.25,0.0,4.325,03:25,8
23.25,0.0,4.325,03:30,8
23.25,0.0,4.316666666666666,03:35,8
23.25,0.0,4.333333333333333,03:40,8
23.25,0.0,4.325,03:45,8
23.25,0.0,4.316666666666667,03:50,8
23.25,0.0,4.333333333333333,03:55,8
23.166666666666668,0.0,4.341666666666667,04:00,8
23.166666666666668,0.0,4.291666666666667,04:05,8
23.166666666666668,0.0,4.283333333333333,04:10,8
23.083333333333332,0.0,4.25,04:15,8
23.083333333333332,0.0,4.216666666666667,04:20,8
23.083333333333332,0.0,4.2,04:25,8
23.083333333333332,0.0,4.166666666666667,04:30,8
23.083333333333332,0.0,4.133333333333334,04:35,8
23.083333333333332,0.0,4.125,04:40,8
23.166666666666668,0.0,4.091666666666667,04:45,8
23.166666666666668,0.0,4.075,04:50,8
23.166666666666668,0.0,4.058333333333333,04:55,8
23.25,0.0,4.033333333333333,05:00,8
23.25,0.0,4.041666666666667,05:05,8
23.25,0.0,4.05,05:10,8
23.25,0.0,4.058333333333334,05:15,8
23.25,0.0,4.058333333333334,05:20,8
23.25,0.25,4.083333333333333,05:25,8
23.25,0.8333333333333334,4.066666666666666,05:30,8
23.166666666666668,2.1666666666666665,4.083333333333333,05:35,8
23.166666666666668,3.3333333333333335,4.1000000000000005,05:40,8
23.166666666666668,3.8333333333333335,4.116666666666666,05:45,8
23.166666666666668,5.416666666666667,4.116666666666666,05:50,8
23.166666666666668,6.5,4.158333333333333,05:55,8
23.166666666666668,7.916666666666667,4.158333333333333,06:00,8
23.166666666666668,10.166666666666666,4.15,06:05,8
23.25,12.0,4.175,06:10,8
23.25,14.833333333333334,4.166666666666667,06:15,8
23.25,18.0,4.166666666666667,06:20,8
23.333333333333332,17.75,4.166666666666667,06:25,8
23.333333333333332,24.083333333333332,4.166666666666667,06:30,8
23.333333333333332,32.833333333333336,4.183333333333334,06:35,8
23.333333333333332,38.75,4.183333333333334,06:40,8
23.416666666666668,46.166666666666664,4.208333333333333,06:45,8
23.416666666666668,54.666666666666664,4.191666666666666,06:50,8
23.416666666666668,64.25,4.208333333333333,06:55,8
23.416666666666668,69.5,4.233333333333333,07:00,8
23.416666666666668,74.33333333333333,4.216666666666667,07:05,8
23.416666666666668,81.75,4.208333333333333,07:10,8
23.416666666666668,87.58333333333333,4.2,07:15,8
23.416666666666668,96.33333333333333,4.2,07:20,8
23.416666666666668,106.91666666666667,4.166666666666667,07:25,8
23.416666666666668,118.0,4.158333333333333,07:30,8
23.416666666666668,126.33333333333333,4.141666666666667,07:35,8
23.416666666666668,139.41666666666666,4.133333333333334,07:40,8
23.333333333333332,147.41666666666666,4.125,07:45,8
23.416666666666668,149.0,4.108333333333333,07:50,8
23.416666666666668,152.91666666666666,4.108333333333333,07:55,8
23.416666666666668,158.25,4.091666666666667,08:00,8
23.5,164.5,4.083333333333333,08:05,8
23.666666666666668,174.83333333333334,4.066666666666666,08:10,8
23.916666666666668,185.41666666666666,4.066666666666666,08:15,8
24.0,194.25,4.033333333333333,08:20,8
24.083333333333332,204.58333333333334,4.033333333333333,08:25,8
24.25,215.75,4.008333333333334,08:30,8
24.5,227.25,3.9916666666666667,08:35,8
24.583333333333332,247.41666666666666,3.983333333333333,08:40,8
24.75,261.9166666666667,3.975,08:45,8
25.0,278.0,3.983333333333333,08:50,8
25.083333333333332,285.3333333333333,3.966666666666667,08:55,8
25.25,304.1666666666667,3.9583333333333335,09:00,8
25.333333333333332,318.25,3.9583333333333335,09:05,8
25.333333333333332,326.5833333333333,3.9499999999999997,09:10,8
25.5,334.0833333333333,3.9250000000000003,09:15,8
25.583333333333332,340.8333333333333,3.941666666666667,09:20,8
25.666666666666668,337.4166666666667,3.9250000000000003,09:25,8
25.916666666666668,343.5,3.9250000000000003,09:30,8
25.916666666666668,345.0,3.9166666666666665,09:35,8
26.0,352.75,3.9250000000000003,09:40,8
26.083333333333332,368.0,3.9166666666666665,09:45,8
26.083333333333332,377.5,3.9250000000000003,09:50,8
26.25,381.75,3.9166666666666665,09:55,8
26.333333333333332,390.4166666666667,3.908333333333333,10:00,8
26.416666666666668,390.75,3.9166666666666665,10:05,8
26.416666666666668,402.5833333333333,3.9,10:10,8
26.416666666666668,403.9166666666667,3.875,10:15,8
26.416666666666668,411.5,3.85,10:20,8
26.416666666666668,414.25,3.841666666666667,10:25,8
26.416666666666668,422.5,3.8166666666666664,10:30,8
26.25,427.1666666666667,3.8333333333333335,10:35,8
26.25,441.4166666666667,3.816666666666667,10:40,8
26.25,449.75,3.8000000000000003,10:45,8
26.25,458.8333333333333,3.775,10:50,8
26.25,460.9166666666667,3.7583333333333333,10:55,8
26.25,454.0,3.775,11:00,8
26.333333333333332,439.5833333333333,3.75,11:05,8
26.5,447.6666666666667,3.733333333333333,11:10,8
26.75,446.0,3.7083333333333335,11:15,8
26.916666666666668,452.5833333333333,3.6833333333333336,11:20,8
26.916666666666668,450.0,3.641666666666667,11:25,8
27.0,435.9166666666667,3.658333333333333,11:30,8
27.083333333333332,437.3333333333333,3.625,11:35,8
27.166666666666668,428.0833333333333,3.5999999999999996,11:40,8
27.416666666666668,435.6666666666667,3.591666666666667,11:45,8
27.5,436.0833333333333,3.5666666666666664,11:50,8
27.583333333333332,451.75,3.5416666666666665,11:55,8
27.666666666666668,458.0,3.516666666666666,12:00,8
27.666666666666668,468.9166666666667,3.516666666666667,12:05,8
27.666666666666668,465.5833333333333,3.5083333333333333,12:10,8
27.666666666666668,480.4166666666667,3.483333333333333,12:15,8
27.666666666666668,477.5,3.483333333333333,12:20,8
27.666666666666668,492.0,3.475,12:25,8
27.666666666666668,493.8333333333333,3.466666666666667,12:30,8
27.666666666666668,497.8333333333333,3.4499999999999997,12:35,8
27.666666666666668,507.25,3.4333333333333336,12:40,8
27.666666666666668,520.9166666666666,3.4166666666666665,12:45,8
27.666666666666668,506.6666666666667,3.4166666666666665,12:50,8
27.666666666666668,504.25,3.4250000000000003,12:55,8
27.75,492.0,3.4,13:00,8
27.75,484.5,3.4000000000000004,13:05,8
27.75,489.0,3.391666666666667,13:10,8
27.75,494.0,3.375,13:15,8
27.75,491.4166666666667,3.375,13:20,8
27.75,483.4166666666667,3.375,13:25,8
27.75,467.5833333333333,3.375,13:30,8
27.75,458.1666666666667,3.391666666666666,13:35,8
27.75,452.5833333333333,3.3833333333333333,13:40,8
27.75,441.5,3.3833333333333333,13:45,8
27.75,431.6666666666667,3.4,13:50,8
27.75,433.5833333333333,3.408333333333333,13:55,8
27.75,424.8333333333333,3.408333333333333,14:00,8
27.75,419.25,3.4166666666666665,14:05,8
27.666666666666668,414.0833333333333,3.4333333333333336,14:10,8
27.75,395.25,3.4333333333333336,14:15,8
27.75,390.0833333333333,3.4333333333333336,14:20,8
27.75,383.9166666666667,3.4499999999999997,14:25,8
27.666666666666668,384.8333333333333,3.4583333333333335,14:30,8
27.75,379.8333333333333,3.4583333333333335,14:35,8
27.833333333333332,365.75,3.466666666666667,14:40,8
27.833333333333332,360.4166666666667,3.475,14:45,8
27.916666666666668,345.9166666666667,3.4916666666666667,14:50,8
27.833333333333332,340.25,3.5,14:55,8
27.833333333333332,326.25,3.516666666666667,15:00,8
27.75,314.75,3.525,15:05,8
27.75,303.9166666666667,3.516666666666666,15:10,8
27.833333333333332,293.3333333333333,3.5416666666666665,15:15,8
27.916666666666668,280.0,3.5416666666666665,15:20,8
27.916666666666668,271.5833333333333,3.5416666666666665,15:25,8
27.916666666666668,253.0,3.5500000000000003,15:30,8
27.916666666666668,246.66666666666666,3.5583333333333336,15:35,8
27.833333333333332,240.66666666666666,3.5583333333333336,15:40,8
27.833333333333332,235.25,3.591666666666667,15:45,8
27.833333333333332,231.41666666666666,3.591666666666667,15:50,8
27.833333333333332,229.08333333333334,3.591666666666667,15:55,8
27.833333333333332,215.0,3.6333333333333333,16:00,8
27.833333333333332,204.66666666666666,3.6166666666666667,16:05,8
27.75,190.33333333333334,3.608333333333333,16:10,8
27.416666666666668,173.16666666666666,3.6,16:15,8
27.25,157.16666666666666,3.6,16:20,8
27.083333333333332,146.66666666666666,3.5833333333333335,16:25,8
26.833333333333332,136.5,3.591666666666667,16:30,8
26.666666666666668,131.5,3.5999999999999996,16:35,8
26.5,121.5,3.6,16:40,8
26.416666666666668,109.75,3.625,16:45,8
26.166666666666668,98.0,3.6166666666666667,16:50,8
26.166666666666668,90.16666666666667,3.6333333333333333,16:55,8
25.833333333333332,79.33333333333333,3.641666666666667,17:00,8
25.75,69.75,3.6916666666666664,17:05,8
25.833333333333332,61.75,3.7416666666666667,17:10,8
25.75,53.166666666666664,3.8000000000000003,17:15,8
25.75,43.666666666666664,3.8666666666666667,17:20,8
25.75,39.416666666666664,3.9333333333333336,17:25,8
25.75,33.75,4.0,17:30,8
25.666666666666668,28.833333333333332,4.075,17:35,8
25.666666666666668,25.583333333333332,4.1499999999999995,17:40,8
25.666666666666668,23.166666666666668,4.233333333333333,17:45,8
25.583333333333332,18.25,4.316666666666666,17:50,8
25.583333333333332,14.416666666666666,4.3999999999999995,17:55,8
25.583333333333332,12.0,4.483333333333333,18:00,8
25.583333333333332,10.333333333333334,4.566666666666666,18:05,8
25.583333333333332,7.666666666666667,4.6000000000000005,18:10,8
25.583333333333332,5.916666666666667,4.6499999999999995,18:15,8
25.583333333333332,3.75,4.691666666666666,18:20,8
25.583333333333332,2.3333333333333335,4.733333333333333,18:25,8
25.583333333333332,0.6666666666666666,4.8,18:30,8
25.583333333333332,0.16666666666666666,4.85,18:35,8
25.583333333333332,0.0,4.908333333333333,18:40,8
25.583333333333332,0.0,4.958333333333333,18:45,8
25.583333333333332,0.0,5.016666666666667,18:50,8
25.583333333333332,0.0,5.066666666666666,18:55,8
25.583333333333332,0.0,5.133333333333334,19:00,8
25.583333333333332,0.0,5.166666666666667,19:05,8
25.583333333333332,0.0,5.158333333333333,19:10,8
25.583333333333332,0.0,5.166666666666667,19:15,8
25.583333333333332,0.0,5.158333333333333,19:20,8
25.5,0.0,5.1499999999999995,19:25,8
25.5,0.0,5.158333333333333,19:30,8
25.583333333333332,0.0,5.1499999999999995,19:35,8
25.5,0.0,5.166666666666667,19:40,8
25.5,0.0,5.166666666666667,19:45,8
25.5,0.0,5.183333333333334,19:50,8
25.5,0.0,5.2,19:55,8
25.5,0.0,5.191666666666667,20:00,8
25.5,0.0,5.175,20:05,8
25.416666666666668,0.0,5.133333333333334,20:10,8
25.416666666666668,0.0,5.091666666666667,20:15,8
25.416666666666668,0.0,5.041666666666667,20:20,8
25.25,0.0,4.983333333333333,20:25,8
25.083333333333332,0.0,4.933333333333334,20:30,8
25.0,0.0,4.875,20:35,8
25.0,0.0,4.8500000000000005,20:40,8
25.0,0.0,4.783333333333333,20:45,8
24.833333333333332,0.0,4.741666666666666,20:50,8
24.833333333333332,0.0,4.691666666666666,20:55,8
24.75,0.0,4.6499999999999995,21:00,8
24.75,0.0,4.6000000000000005,21:05,8
24.666666666666668,0.0,4.533333333333333,21:10,8
24.583333333333332,0.0,4.4750000000000005,21:15,8
24.583333333333332,0.0,4.3999999999999995,21:20,8
24.583333333333332,0.0,4.366666666666666,21:25,8
24.5,0.0,4.291666666666667,21:30,8
24.5,0.0,4.2749999999999995,21:35,8
24.5,0.0,4.2250000000000005,21:40,8
24.416666666666668,0.0,4.175,21:45,8
24.25,0.0,4.158333333333333,21:50,8
24.166666666666668,0.0,4.108333333333333,21:55,8
24.166666666666668,0.0,4.075,22:00,8
24.166666666666668,0.0,4.066666666666666,22:05,8
24.166666666666668,0.0,4.033333333333333,22:10,8
24.166666666666668,0.0,4.033333333333333,22:15,8
24.083333333333332,0.0,4.041666666666667,22:20,8
24.083333333333332,0.0,4.041666666666667,22:25,8
24.083333333333332,0.0,4.05,22:30,8
24.083333333333332,0.0,4.05,22:35,8
24.083333333333332,0.0,4.083333333333333,22:40,8
24.083333333333332,0.0,4.075,22:45,8
24.083333333333332,0.0,4.1000000000000005,22:50,8
24.083333333333332,0.0,4.133333333333334,22:55,8
24.083333333333332,0.0,4.1499999999999995,23:00,8
24.083333333333332,0.0,4.158333333333333,23:05,8
23.833333333333332,0.0,4.158333333333333,23:10,8
23.833333333333332,0.0,4.1499999999999995,23:15,8
23.75,0.0,4.133333333333334,23:20,8
23.75,0.0,4.1499999999999995,23:25,8
23.75,0.0,4.141666666666667,23:30,8
23.666666666666668,0.0,4.158333333333333,23:35,8
23.666666666666668,0.0,4.141666666666667,23:40,8
23.583333333333332,0.0,4.133333333333334,23:45,8
23.583333333333332,0.0,4.141666666666667,23:50,8
23.583333333333332,0.0,4.133333333333334,23:55,8
23.5,0.0,4.158333333333333,00:00,9
23.5,0.0,4.1499999999999995,00:05,9
23.5,0.0,4.125,00:10,9
23.5,0.0,4.108333333333333,00:15,9
23.5,0.0,4.091666666666667,00:20,9
23.5,0.0,4.075,00:25,9
23.5,0.0,4.041666666666667,00:30,9
23.5,0.0,4.0249999999999995,00:35,9
23.5,0.0,4.033333333333333,00:40,9
23.5,0.0,3.9916666666666667,00:45,9
23.5,0.0,3.9916666666666667,00:50,9
23.5,0.0,3.983333333333333,00:55,9
23.5,0.0,3.966666666666667,01:00,9
23.5,0.0,3.9583333333333335,01:05,9
23.5,0.0,3.9499999999999997,01:10,9
23.5,0.0,3.9249999999999994,01:15,9
23.416666666666668,0.0,3.9166666666666665,01:20,9
23.416666666666668,0.0,3.9166666666666665,01:25,9
23.416666666666668,0.0,3.908333333333333,01:30,9
23.333333333333332,0.0,3.8833333333333333,01:35,9
23.333333333333332,0.0,3.858333333333333,01:40,9
23.333333333333332,0.0,3.85,01:45,9
23.333333333333332,0.0,3.841666666666667,01:50,9
23.333333333333332,0.0,3.8333333333333335,01:55,9
23.333333333333332,0.0,3.8333333333333335,02:00,9
23.333333333333332,0.0,3.8249999999999997,02:05,9
23.333333333333332,0.0,3.775,02:10,9
23.25,0.0,3.7416666666666667,02:15,9
23.25,0.0,3.7083333333333335,02:20,9
23.25,0.0,3.6750000000000003,02:25,9
23.166666666666668,0.0,3.65,02:30,9
23.166666666666668,0.0,3.641666666666667,02:35,9
23.083333333333332,0.0,3.608333333333333,02:40,9
23.083333333333332,0.0,3.591666666666667,02:45,9
23.083333333333332,0.0,3.5500000000000003,02:50,9
23.083333333333332,0.0,3.5500000000000003,02:55,9
23.083333333333332,0.0,3.525,03:00,9
23.083333333333332,0.0,3.4916666666666667,03:05,9
23.083333333333332,0.0,3.466666666666667,03:10,9
23.0,0.0,3.4250000000000003,03:15,9
23.0,0.0,3.4,03:20,9
22.916666666666668,0.0,3.3666666666666667,03:25,9
22.916666666666668,0.0,3.341666666666667,03:30,9
22.833333333333332,0.0,3.3083333333333336,03:35,9
22.833333333333332,0.0,3.3000000000000003,03:40,9
22.833333333333332,0.0,3.3000000000000003,03:45,9
22.833333333333332,0.0,3.283333333333333,03:50,9
22.75,0.0,3.2583333333333333,03:55,9
22.75,0.0,3.2583333333333333,04:00,9
22.75,0.0,3.225,04:05,9
22.75,0.0,3.1750000000000003,04:10,9
22.75,0.0,3.1166666666666667,04:15,9
22.75,0.0,3.091666666666667,04:20,9
22.75,0.0,3.0416666666666665,04:25,9
22.833333333333332,0.0,3.0,04:30,9
22.833333333333332,0.0,2.9583333333333335,04:35,9
22.916666666666668,0.0,2.9250000000000003,04:40,9
22.916666666666668,0.0,2.891666666666667,04:45,9
23.0,0.0,2.858333333333334,04:50,9
23.0,0.0,2.8333333333333335,04:55,9
23.166666666666668,0.0,2.8166666666666664,05:00,9
23.166666666666668,0.0,2.8000000000000003,05:05,9
23.166666666666668,0.0,2.8249999999999997,05:10,9
23.166666666666668,0.0,2.8333333333333335,05:15,9
23.25,0.0,2.841666666666667,05:20,9
23.25,0.16666666666666666,2.8666666666666667,05:25,9
23.25,0.9166666666666666,2.875,05:30,9
23.25,2.3333333333333335,2.9,05:35,9
23.25,3.1666666666666665,2.9250000000000003,05:40,9
23.25,5.083333333333333,2.9416666666666664,05:45,9
23.25,7.166666666666667,2.966666666666667,05:50,9
23.25,8.416666666666666,2.9916666666666667,05:55,9
23.25,11.75,3.025,06:00,9
23.25,15.583333333333334,3.033333333333333,06:05,9
23.25,19.916666666666668,3.0416666666666665,06:10,9
23.25,25.333333333333332,3.033333333333333,06:15,9
23.25,32.0,3.0500000000000003,06:20,9
23.333333333333332,38.833333333333336,3.0500000000000003,06:25,9
23.333333333333332,46.416666666666664,3.0749999999999997,06:30,9
23.416666666666668,55.583333333333336,3.0583333333333336,06:35,9
23.416666666666668,64.58333333333333,3.0583333333333336,06:40,9
23.416666666666668,73.33333333333333,3.0833333333333335,06:45,9
23.416666666666668,83.0,3.1,06:50,9
23.416666666666668,93.25,3.1166666666666667,06:55,9
23.5,103.0,3.1166666666666667,07:00,9
23.5,110.33333333333333,3.108333333333333,07:05,9
23.5,120.33333333333333,3.0583333333333336,07:10,9
23.5,129.16666666666666,3.025,07:15,9
23.5,139.91666666666666,3.016666666666666,07:20,9
23.5,150.83333333333334,2.966666666666667,07:25,9
23.5,163.66666666666666,2.9416666666666664,07:30,9
23.5,173.41666666666666,2.9333333333333336,07:35,9
23.5,181.25,2.875,07:40,9
23.5,187.5,2.85,07:45,9
23.5,197.66666666666666,2.8333333333333335,07:50,9
23.5,208.75,2.816666666666667,07:55,9
23.583333333333332,221.83333333333334,2.775,08:00,9
23.583333333333332,233.5,2.783333333333333,08:05,9
23.75,244.08333333333334,2.8166666666666664,08:10,9
23.833333333333332,249.0,2.8166666666666664,08:15,9
24.0,260.9166666666667,2.858333333333333,08:20,9
24.25,269.75,2.875,08:25,9
24.5,276.6666666666667,2.8833333333333333,08:30,9
24.583333333333332,286.75,2.9250000000000003,08:35,9
24.583333333333332,298.3333333333333,2.9583333333333335,08:40,9
24.75,307.8333333333333,2.975,08:45,9
25.083333333333332,320.8333333333333,2.9916666666666667,08:50,9
25.166666666666668,329.5833333333333,3.025,08:55,9
25.25,340.4166666666667,3.0500000000000003,09:00,9
25.333333333333332,353.0,3.0749999999999997,09:05,9
25.416666666666668,367.6666666666667,3.0833333333333335,09:10,9
25.5,381.4166666666667,3.108333333333333,09:15,9
25.666666666666668,396.25,3.1166666666666667,09:20,9
25.75,407.25,3.125,09:25,9
25.833333333333332,421.75,3.15,09:30,9
25.833333333333332,422.6666666666667,3.158333333333333,09:35,9
26.166666666666668,428.3333333333333,3.1750000000000003,09:40,9
26.166666666666668,437.9166666666667,3.1999999999999997,09:45,9
26.166666666666668,447.4166666666667,3.2083333333333335,09:50,9
26.25,448.6666666666667,3.225,09:55,9
26.416666666666668,463.4166666666667,3.25,10:00,9
26.5,462.0,3.2583333333333333,10:05,9
26.583333333333332,463.4166666666667,3.275,10:10,9
26.666666666666668,461.4166666666667,3.275,10:15,9
26.666666666666668,466.3333333333333,3.283333333333333,10:20,9
26.666666666666668,459.9166666666667,3.266666666666667,10:25,9
26.75,451.4166666666667,3.275,10:30,9
26.666666666666668,436.8333333333333,3.275,10:35,9
26.666666666666668,439.5,3.2750000000000004,10:40,9
26.666666666666668,439.8333333333333,3.2916666666666665,10:45,9
26.75,450.8333333333333,3.3249999999999997,10:50,9
26.75,456.3333333333333,3.3333333333333335,10:55,9
26.833333333333332,455.0,3.341666666666667,11:00,9
27.0,458.5,3.341666666666667,11:05,9
27.0,466.3333333333333,3.3249999999999997,11:10,9
27.083333333333332,468.6666666666667,3.3166666666666664,11:15,9
27.333333333333332,467.5,3.3166666666666664,11:20,9
27.333333333333332,470.5833333333333,3.3166666666666664,11:25,9
27.5,473.4166666666667,3.3166666666666664,11:30,9
27.5,466.4166666666667,3.2916666666666665,11:35,9
27.833333333333332,469.3333333333333,3.3000000000000003,11:40,9
28.0,483.5,3.283333333333333,11:45,9
28.083333333333332,500.0833333333333,3.2916666666666665,11:50,9
28.25,514.25,3.3000000000000003,11:55,9
28.333333333333332,521.6666666666666,3.2916666666666665,12:00,9
28.333333333333332,523.1666666666666,3.3000000000000003,12:05,9
28.333333333333332,529.1666666666666,3.266666666666666,12:10,9
28.333333333333332,536.25,3.266666666666667,12:15,9
28.333333333333332,534.4166666666666,3.2583333333333333,12:20,9
28.333333333333332,539.5833333333334,3.2416666666666667,12:25,9
28.333333333333332,538.5833333333334,3.2416666666666667,12:30,9
28.416666666666668,528.8333333333334,3.2416666666666667,12:35,9
28.333333333333332,528.3333333333334,3.216666666666667,12:40,9
28.333333333333332,527.5,3.216666666666667,12:45,9
28.416666666666668,515.9166666666666,3.2083333333333335,12:50,9
28.416666666666668,523.6666666666666,3.1916666666666664,12:55,9
28.416666666666668,518.0833333333334,3.1916666666666664,13:00,9
28.416666666666668,520.1666666666666,3.1833333333333336,13:05,9
28.416666666666668,513.6666666666666,3.1666666666666665,13:10,9
28.5,503.1666666666667,3.15,13:15,9
28.583333333333332,492.5833333333333,3.15,13:20,9
28.666666666666668,484.3333333333333,3.141666666666667,13:25,9
28.666666666666668,479.1666666666667,3.125,13:30,9
28.666666666666668,456.4166666666667,3.1166666666666667,13:35,9
28.666666666666668,439.75,3.125,13:40,9
28.666666666666668,437.0833333333333,3.091666666666667,13:45,9
28.666666666666668,441.0,3.108333333333333,13:50,9
28.666666666666668,443.5,3.1,13:55,9
28.666666666666668,441.75,3.091666666666667,14:00,9
28.666666666666668,439.75,3.0749999999999997,14:05,9
28.75,434.3333333333333,3.0416666666666665,14:10,9
28.666666666666668,430.1666666666667,3.0416666666666665,14:15,9
28.666666666666668,426.75,3.016666666666667,14:20,9
28.583333333333332,423.8333333333333,2.975,14:25,9
28.583333333333332,399.5,2.9583333333333335,14:30,9
28.666666666666668,384.6666666666667,2.9250000000000003,14:35,9
28.666666666666668,369.5833333333333,2.9166666666666665,14:40,9
28.666666666666668,356.5,2.891666666666667,14:45,9
28.75,338.3333333333333,2.875,14:50,9
28.666666666666668,321.0,2.8666666666666667,14:55,9
28.666666666666668,311.1666666666667,2.841666666666667,15:00,9
28.666666666666668,300.1666666666667,2.8333333333333335,15:05,9
28.666666666666668,285.9166666666667,2.8333333333333335,15:10,9
28.833333333333332,269.0,2.8249999999999997,15:15,9
28.833333333333332,261.5,2.841666666666667,15:20,9
28.75,251.08333333333334,2.85,15:25,9
28.75,246.91666666666666,2.858333333333333,15:30,9
29.0,250.5,2.891666666666666,15:35,9
29.0,246.16666666666666,2.9166666666666665,15:40,9
29.0,233.58333333333334,2.9250000000000003,15:45,9
29.0,221.16666666666666,2.9583333333333335,15:50,9
29.0,209.25,3.0083333333333333,15:55,9
29.0,199.83333333333334,3.0416666666666665,16:00,9
29.0,191.91666666666666,3.0749999999999997,16:05,9
28.583333333333332,183.08333333333334,3.1166666666666667,16:10,9
28.333333333333332,177.33333333333334,3.141666666666667,16:15,9
28.333333333333332,163.66666666666666,3.1999999999999997,16:20,9
28.166666666666668,150.83333333333334,3.216666666666667,16:25,9
27.916666666666668,138.58333333333334,3.283333333333333,16:30,9
27.666666666666668,132.0,3.3083333333333336,16:35,9
27.666666666666668,121.08333333333333,3.35,16:40,9
27.416666666666668,108.33333333333333,3.408333333333333,16:45,9
27.333333333333332,97.25,3.466666666666667,16:50,9
27.0,85.5,3.525,16:55,9
26.833333333333332,76.33333333333333,3.5749999999999997,17:00,9
26.75,68.75,3.6333333333333333,17:05,9
26.75,60.0,3.6916666666666664,17:10,9
26.75,55.583333333333336,3.766666666666667,17:15,9
26.75,49.5,3.841666666666667,17:20,9
26.666666666666668,41.833333333333336,3.908333333333333,17:25,9
26.666666666666668,35.416666666666664,4.0,17:30,9
26.666666666666668,28.583333333333332,4.083333333333333,17:35,9
26.666666666666668,23.916666666666668,4.166666666666667,17:40,9
26.666666666666668,20.25,4.266666666666667,17:45,9
26.75,15.833333333333334,4.341666666666667,17:50,9
26.666666666666668,11.75,4.45,17:55,9
26.666666666666668,10.583333333333334,4.55,18:00,9
26.666666666666668,8.75,4.591666666666667,18:05,9
26.666666666666668,7.416666666666667,4.616666666666666,18:10,9
26.666666666666668,5.333333333333333,4.633333333333334,18:15,9
26.666666666666668,3.5,4.666666666666667,18:20,9
26.666666666666668,2.0833333333333335,4.683333333333334,18:25,9
26.666666666666668,0.75,4.708333333333333,18:30,9
26.5,0.25,4.733333333333333,18:35,9
26.5,0.0,4.75,18:40,9
26.5,0.0,4.758333333333334,18:45,9
26.5,0.0,4.791666666666667,18:50,9
26.5,0.0,4.825,18:55,9
26.416666666666668,0.0,4.8500000000000005,19:00,9
26.416666666666668,0.0,4.858333333333333,19:05,9
26.416666666666668,0.0,4.883333333333334,19:10,9
26.416666666666668,0.0,4.8999999999999995,19:15,9
26.5,0.0,4.916666666666667,19:20,9
26.5,0.0,4.916666666666667,19:25,9
26.5,0.0,4.925,19:30,9
26.5,0.0,4.95,19:35,9
26.5,0.0,4.958333333333333,19:40,9
26.5,0.0,4.991666666666666,19:45,9
26.5,0.0,5.0,19:50,9
26.416666666666668,0.0,5.008333333333334,19:55,9
26.416666666666668,0.0,5.041666666666667,20:00,9
26.333333333333332,0.0,5.05,20:05,9
26.166666666666668,0.0,5.05,20:10,9
26.083333333333332,0.0,5.041666666666667,20:15,9
26.083333333333332,0.0,5.05,20:20,9
25.916666666666668,0.0,5.041666666666667,20:25,9
25.916666666666668,0.0,5.041666666666667,20:30,9
25.916666666666668,0.0,5.016666666666667,20:35,9
25.833333333333332,0.0,5.033333333333333,20:40,9
25.75,0.0,5.016666666666667,20:45,9
25.666666666666668,0.0,5.016666666666667,20:50,9
25.666666666666668,0.0,5.0249999999999995,20:55,9
25.666666666666668,0.0,5.033333333333333,21:00,9
25.666666666666668,0.0,5.008333333333334,21:05,9
25.583333333333332,0.0,4.9750000000000005,21:10,9
25.5,0.0,4.933333333333334,21:15,9
25.5,0.0,4.8999999999999995,21:20,9
25.5,0.0,4.883333333333334,21:25,9
25.333333333333332,0.0,4.833333333333333,21:30,9
25.25,0.0,4.816666666666666,21:35,9
25.166666666666668,0.0,4.7749999999999995,21:40,9
25.166666666666668,0.0,4.741666666666666,21:45,9
25.0,0.0,4.741666666666666,21:50,9
25.0,0.0,4.683333333333334,21:55,9
25.0,0.0,4.658333333333333,22:00,9
25.0,0.0,4.633333333333334,22:05,9
25.0,0.0,4.583333333333333,22:10,9
25.0,0.0,4.533333333333333,22:15,9
25.0,0.0,4.5,22:20,9
25.0,0.0,4.491666666666666,22:25,9
25.0,0.0,4.425,22:30,9
24.916666666666668,0.0,4.391666666666667,22:35,9
24.916666666666668,0.0,4.341666666666667,22:40,9
24.916666666666668,0.0,4.316666666666666,22:45,9
24.916666666666668,0.0,4.2749999999999995,22:50,9
24.916666666666668,0.0,4.266666666666667,22:55,9
24.916666666666668,0.0,4.208333333333333,23:00,9
24.916666666666668,0.0,4.2,23:05,9
24.916666666666668,0.0,4.1499999999999995,23:10,9
24.833333333333332,0.0,4.108333333333333,23:15,9
24.75,0.0,4.083333333333333,23:20,9
24.75,0.0,4.05,23:25,9
24.75,0.0,4.016666666666667,23:30,9
24.5,0.0,3.975,23:35,9
24.5,0.0,3.9583333333333335,23:40,9
24.5,0.0,3.9249999999999994,23:45,9
24.333333333333332,0.0,3.9,23:50,9
24.333333333333332,0.0,3.8666666666666667,23:55,9
24.333333333333332,0.0,3.8249999999999997,00:00,10
24.333333333333332,0.0,3.8000000000000003,00:05,10
24.333333333333332,0.0,3.8000000000000003,00:10,10
24.333333333333332,0.0,3.75,00:15,10
24.333333333333332,0.0,3.7416666666666667,00:20,10
24.333333333333332,0.0,3.716666666666667,00:25,10
24.333333333333332,0.0,3.6999999999999997,00:30,10
24.333333333333332,0.0,3.6833333333333336,00:35,10
24.333333333333332,0.0,3.6666666666666665,00:40,10
24.333333333333332,0.0,3.65,00:45,10
24.333333333333332,0.0,3.625,00:50,10
24.333333333333332,0.0,3.6,00:55,10
24.333333333333332,0.0,3.5833333333333335,01:00,10
24.333333333333332,0.0,3.5583333333333336,01:05,10
24.333333333333332,0.0,3.5500000000000003,01:10,10
24.333333333333332,0.0,3.533333333333333,01:15,10
24.333333333333332,0.0,3.4916666666666667,01:20,10
24.333333333333332,0.0,3.475,01:25,10
24.333333333333332,0.0,3.475,01:30,10
24.25,0.0,3.4583333333333335,01:35,10
24.25,0.0,3.4333333333333336,01:40,10
24.25,0.0,3.4499999999999997,01:45,10
24.25,0.0,3.4166666666666665,01:50,10
24.25,0.0,3.4,01:55,10
24.25,0.0,3.4,02:00,10
24.25,0.0,3.391666666666667,02:05,10
24.25,0.0,3.391666666666667,02:10,10
24.25,0.0,3.35,02:15,10
24.25,0.0,3.35,02:20,10
24.25,0.0,3.35,02:25,10
24.25,0.0,3.3249999999999997,02:30,10
24.25,0.0,3.3083333333333336,02:35,10
24.25,0.0,3.3083333333333336,02:40,10
24.25,0.0,3.3083333333333336,02:45,10
24.25,0.0,3.3000000000000003,02:50,10
24.166666666666668,0.0,3.3083333333333336,02:55,10
24.166666666666668,0.0,3.2916666666666665,03:00,10
24.166666666666668,0.0,3.3000000000000003,03:05,10
24.166666666666668,0.0,3.2916666666666665,03:10,10
24.166666666666668,0.0,3.3083333333333336,03:15,10
24.083333333333332,0.0,3.2916666666666665,03:20,10
24.083333333333332,0.0,3.3166666666666664,03:25,10
24.083333333333332,0.0,3.3166666666666664,03:30,10
24.083333333333332,0.0,3.341666666666667,03:35,10
24.083333333333332,0.0,3.341666666666667,03:40,10
24.0,0.0,3.341666666666667,03:45,10
24.0,0.0,3.3666666666666667,03:50,10
24.0,0.0,3.375,03:55,10
24.0,0.0,3.391666666666667,04:00,10
24.0,0.0,3.3833333333333333,04:05,10
24.0,0.0,3.391666666666667,04:10,10
24.0,0.0,3.3666666666666667,04:15,10
24.0,0.0,3.3666666666666667,04:20,10
24.083333333333332,0.0,3.375,04:25,10
24.166666666666668,0.0,3.358333333333333,04:30,10
24.166666666666668,0.0,3.358333333333333,04:35,10
24.166666666666668,0.0,3.3333333333333335,04:40,10
24.166666666666668,0.0,3.35,04:45,10
24.25,0.0,3.35,04:50,10
24.25,0.0,3.358333333333333,04:55,10
24.25,0.0,3.341666666666667,05:00,10
24.25,0.0,3.3666666666666667,05:05,10
24.25,0.0,3.3833333333333333,05:10,10
24.25,0.0,3.3833333333333333,05:15,10
24.25,0.0,3.4,05:20,10
24.25,0.25,3.4166666666666665,05:25,10
24.25,1.0,3.4166666666666665,05:30,10
24.25,2.5833333333333335,3.4416666666666664,05:35,10
24.25,4.333333333333333,3.4583333333333335,05:40,10
24.25,6.5,3.466666666666667,05:45,10
24.25,8.833333333333334,3.483333333333333,05:50,10
24.25,11.75,3.483333333333333,05:55,10
24.25,14.25,3.516666666666667,06:00,10
24.25,17.5,3.516666666666667,06:05,10
24.25,22.166666666666668,3.5,06:10,10
24.25,25.916666666666668,3.4916666666666667,06:15,10
24.25,30.083333333333332,3.466666666666667,06:20,10
24.333333333333332,36.0,3.4583333333333335,06:25,10
24.333333333333332,43.5,3.466666666666667,06:30,10
24.5,51.833333333333336,3.4499999999999997,06:35,10
24.5,61.0,3.4416666666666664,06:40,10
24.5,70.33333333333333,3.4166666666666665,06:45,10
24.5,82.66666666666667,3.4,06:50,10
24.5,92.58333333333333,3.391666666666667,06:55,10
24.5,101.33333333333333,3.375,07:00,10
24.5,109.33333333333333,3.3666666666666667,07:05,10
24.5,119.33333333333333,3.358333333333333,07:10,10
24.5,128.83333333333334,3.358333333333333,07:15,10
24.416666666666668,139.0,3.341666666666667,07:20,10
24.416666666666668,148.16666666666666,3.3166666666666664,07:25,10
24.416666666666668,159.75,3.2916666666666665,07:30,10
24.416666666666668,170.75,3.2916666666666665,07:35,10
24.5,180.0,3.275,07:40,10
24.5,188.16666666666666,3.2583333333333333,07:45,10
24.5,200.0,3.266666666666667,07:50,10
24.416666666666668,215.33333333333334,3.2416666666666667,07:55,10
24.416666666666668,222.91666666666666,3.225,08:00,10
24.416666666666668,233.83333333333334,3.233333333333333,08:05,10
24.5,246.33333333333334,3.2416666666666667,08:10,10
24.916666666666668,257.6666666666667,3.233333333333333,08:15,10
25.0,270.9166666666667,3.233333333333333,08:20,10
25.25,283.5,3.25,08:25,10
25.25,298.3333333333333,3.266666666666667,08:30,10
25.416666666666668,315.25,3.275,08:35,10
25.583333333333332,323.0,3.275,08:40,10
25.75,337.9166666666667,3.3000000000000003,08:45,10
25.916666666666668,346.75,3.3083333333333336,08:50,10
26.0,357.6666666666667,3.3249999999999997,08:55,10
26.25,369.4166666666667,3.3333333333333335,09:00,10
26.333333333333332,374.3333333333333,3.341666666666667,09:05,10
26.416666666666668,386.5833333333333,3.341666666666667,09:10,10
26.5,391.4166666666667,3.3083333333333336,09:15,10
26.583333333333332,393.25,3.3166666666666664,09:20,10
26.666666666666668,388.9166666666667,3.3249999999999997,09:25,10
26.666666666666668,399.3333333333333,3.3083333333333336,09:30,10
26.916666666666668,393.9166666666667,3.3083333333333336,09:35,10
27.0,397.9166666666667,3.3333333333333335,09:40,10
27.083333333333332,405.5,3.3333333333333335,09:45,10
27.166666666666668,405.4166666666667,3.3333333333333335,09:50,10
27.333333333333332,400.3333333333333,3.3249999999999997,09:55,10
27.416666666666668,404.9166666666667,3.3333333333333335,10:00,10
27.5,405.6666666666667,3.3499999999999996,10:05,10
27.5,399.6666666666667,3.341666666666667,10:10,10
27.5,392.8333333333333,3.375,10:15,10
27.5,400.3333333333333,3.408333333333333,10:20,10
27.5,413.3333333333333,3.4166666666666665,10:25,10
27.5,430.8333333333333,3.4333333333333336,10:30,10
27.5,449.1666666666667,3.466666666666667,10:35,10
27.416666666666668,459.6666666666667,3.483333333333333,10:40,10
27.416666666666668,463.5833333333333,3.4916666666666667,10:45,10
27.416666666666668,475.3333333333333,3.533333333333333,10:50,10
27.416666666666668,480.6666666666667,3.5500000000000003,10:55,10
27.416666666666668,489.4166666666667,3.5749999999999997,11:00,10
27.666666666666668,490.4166666666667,3.591666666666667,11:05,10
27.75,491.3333333333333,3.6,11:10,10
27.833333333333332,484.1666666666667,3.608333333333333,11:15,10
27.916666666666668,467.4166666666667,3.6166666666666667,11:20,10
28.0,451.4166666666667,3.625,11:25,10
28.083333333333332,445.5,3.625,11:30,10
28.25,439.25,3.65,11:35,10
28.5,439.1666666666667,3.65,11:40,10
28.583333333333332,434.4166666666667,3.6666666666666665,11:45,10
28.75,440.4166666666667,3.6750000000000003,11:50,10
28.833333333333332,445.0,3.6833333333333336,11:55,10
28.916666666666668,433.25,3.6999999999999997,12:00,10
29.0,427.0833333333333,3.6916666666666664,12:05,10
29.0,424.3333333333333,3.6750000000000003,12:10,10
29.0,421.0,3.6750000000000003,12:15,10
29.0,410.3333333333333,3.6666666666666665,12:20,10
29.0,409.25,3.6666666666666665,12:25,10
29.0,408.1666666666667,3.6666666666666665,12:30,10
29.0,416.1666666666667,3.6750000000000003,12:35,10
29.0,417.0833333333333,3.65,12:40,10
29.0,427.5833333333333,3.6666666666666665,12:45,10
29.0,428.6666666666667,3.65,12:50,10
29.083333333333332,436.5,3.641666666666667,12:55,10
29.083333333333332,435.0,3.6333333333333333,13:00,10
29.083333333333332,446.6666666666667,3.641666666666667,13:05,10
29.166666666666668,441.6666666666667,3.65,13:10,10
29.166666666666668,442.9166666666667,3.65,13:15,10
29.25,428.0833333333333,3.65,13:20,10
29.25,435.1666666666667,3.641666666666667,13:25,10
29.083333333333332,432.5,3.641666666666667,13:30,10
29.083333333333332,440.5833333333333,3.641666666666667,13:35,10
29.083333333333332,439.5833333333333,3.65,13:40,10
29.083333333333332,441.1666666666667,3.641666666666667,13:45,10
29.083333333333332,433.8333333333333,3.6333333333333333,13:50,10
29.166666666666668,425.5,3.658333333333333,13:55,10
29.166666666666668,420.1666666666667,3.658333333333333,14:00,10
29.083333333333332,417.0,3.641666666666667,14:05,10
29.0,411.75,3.641666666666667,14:10,10
29.083333333333332,402.25,3.65,14:15,10
29.0,398.0,3.641666666666667,14:20,10
29.0,385.9166666666667,3.6166666666666667,14:25,10
29.0,376.0833333333333,3.6333333333333333,14:30,10
28.916666666666668,368.1666666666667,3.641666666666667,14:35,10
28.833333333333332,356.25,3.658333333333333,14:40,10
28.75,340.6666666666667,3.6750000000000003,14:45,10
28.833333333333332,331.3333333333333,3.6750000000000003,14:50,10
28.833333333333332,318.6666666666667,3.6833333333333336,14:55,10
28.833333333333332,312.3333333333333,3.6999999999999997,15:00,10
28.833333333333332,301.0,3.6999999999999997,15:05,10
28.75,291.0833333333333,3.6916666666666664,15:10,10
28.75,287.0,3.6916666666666664,15:15,10
28.833333333333332,274.25,3.6916666666666664,15:20,10
28.833333333333332,263.25,3.6833333333333336,15:25,10
28.833333333333332,252.66666666666666,3.725,15:30,10
28.75,241.16666666666666,3.75,15:35,10
28.75,234.33333333333334,3.7583333333333333,15:40,10
28.75,225.83333333333334,3.7999999999999994,15:45,10
28.75,215.66666666666666,3.8333333333333335,15:50,10
28.75,203.5,3.875,15:55,10
28.833333333333332,188.91666666666666,3.9166666666666665,16:00,10
28.75,180.91666666666666,3.9416666666666664,16:05,10
28.583333333333332,175.33333333333334,3.9250000000000003,16:10,10
28.416666666666668,166.91666666666666,3.9,16:15,10
28.166666666666668,154.08333333333334,3.908333333333333,16:20,10
28.083333333333332,147.08333333333334,3.9,16:25,10
28.083333333333332,134.25,3.9166666666666665,16:30,10
27.666666666666668,124.66666666666667,3.9416666666666664,16:35,10
27.583333333333332,114.08333333333333,3.966666666666667,16:40,10
27.25,103.16666666666667,4.008333333333334,16:45,10
27.166666666666668,90.08333333333333,4.05,16:50,10
27.0,78.08333333333333,4.091666666666667,16:55,10
27.0,70.33333333333333,4.141666666666667,17:00,10
27.0,60.333333333333336,4.166666666666667,17:05,10
27.0,53.333333333333336,4.241666666666667,17:10,10
27.0,48.0,4.2749999999999995,17:15,10
26.916666666666668,42.75,4.341666666666667,17:20,10
26.916666666666668,38.0,4.391666666666667,17:25,10
26.916666666666668,34.0,4.45,17:30,10
26.833333333333332,28.166666666666668,4.516666666666667,17:35,10
26.833333333333332,22.916666666666668,4.558333333333334,17:40,10
26.833333333333332,18.333333333333332,4.608333333333333,17:45,10
26.833333333333332,15.416666666666666,4.666666666666667,17:50,10
26.833333333333332,11.833333333333334,4.716666666666667,17:55,10
26.833333333333332,9.5,4.783333333333333,18:00,10
26.833333333333332,8.0,4.816666666666666,18:05,10
26.833333333333332,6.75,4.8,18:10,10
26.833333333333332,5.333333333333333,4.783333333333333,18:15,10
26.833333333333332,3.5833333333333335,4.791666666666667,18:20,10
26.833333333333332,2.4166666666666665,4.766666666666667,18:25,10
26.833333333333332,1.0,4.766666666666667,18:30,10
26.833333333333332,0.25,4.775,18:35,10
26.833333333333332,0.0,4.758333333333334,18:40,10
26.833333333333332,0.0,4.75,18:45,10
26.75,0.0,4.758333333333334,18:50,10
26.75,0.0,4.766666666666667,18:55,10
26.75,0.0,4.791666666666667,19:00,10
26.75,0.0,4.783333333333333,19:05,10
26.75,0.0,4.8,19:10,10
26.75,0.0,4.791666666666667,19:15,10
26.583333333333332,0.0,4.8,19:20,10
26.583333333333332,0.0,4.8,19:25,10
26.583333333333332,0.0,4.8,19:30,10
26.583333333333332,0.0,4.8,19:35,10
26.583333333333332,0.0,4.816666666666666,19:40,10
26.583333333333332,0.0,4.816666666666666,19:45,10
26.5,0.0,4.808333333333334,19:50,10
26.5,0.0,4.825,19:55,10
26.5,0.0,4.841666666666667,20:00,10
26.5,0.0,4.808333333333334,20:05,10
26.333333333333332,0.0,4.808333333333334,20:10,10
26.333333333333332,0.0,4.783333333333333,20:15,10
26.25,0.0,4.7749999999999995,20:20,10
26.25,0.0,4.758333333333334,20:25,10
26.166666666666668,0.0,4.741666666666666,20:30,10
26.166666666666668,0.0,4.7250000000000005,20:35,10
26.083333333333332,0.0,4.708333333333333,20:40,10
26.083333333333332,0.0,4.708333333333333,20:45,10
26.083333333333332,0.0,4.683333333333334,20:50,10
26.0,0.0,4.683333333333334,20:55,10
25.916666666666668,0.0,4.683333333333334,21:00,10
25.916666666666668,0.0,4.675,21:05,10
25.833333333333332,0.0,4.633333333333334,21:10,10
25.833333333333332,0.0,4.6000000000000005,21:15,10
25.833333333333332,0.0,4.583333333333333,21:20,10
25.666666666666668,0.0,4.575,21:25,10
25.583333333333332,0.0,4.533333333333333,21:30,10
25.5,0.0,4.508333333333334,21:35,10
25.5,0.0,4.491666666666666,21:40,10
25.333333333333332,0.0,4.483333333333333,21:45,10
25.25,0.0,4.458333333333333,21:50,10
25.166666666666668,0.0,4.433333333333334,21:55,10
25.166666666666668,0.0,4.408333333333333,22:00,10
25.166666666666668,0.0,4.408333333333333,22:05,10
25.166666666666668,0.0,4.391666666666667,22:10,10
25.166666666666668,0.0,4.391666666666667,22:15,10
25.166666666666668,0.0,4.3500000000000005,22:20,10
25.166666666666668,0.0,4.3500000000000005,22:25,10
25.166666666666668,0.0,4.358333333333333,22:30,10
25.25,0.0,4.341666666666667,22:35,10
25.25,0.0,4.341666666666667,22:40,10
25.25,0.0,4.316666666666666,22:45,10
25.25,0.0,4.308333333333334,22:50,10
25.25,0.0,4.316666666666667,22:55,10
25.25,0.0,4.291666666666667,23:00,10
25.25,0.0,4.283333333333333,23:05,10
25.25,0.0,4.25,23:10,10
25.166666666666668,0.0,4.258333333333334,23:15,10
25.083333333333332,0.0,4.233333333333333,23:20,10
25.083333333333332,0.0,4.2,23:25,10
25.083333333333332,0.0,4.191666666666666,23:30,10
25.083333333333332,0.0,4.175,23:35,10
24.916666666666668,0.0,4.166666666666667,23:40,10
24.916666666666668,0.0,4.1499999999999995,23:45,10
24.833333333333332,0.0,4.116666666666666,23:50,10
24.833333333333332,0.0,4.1,23:55,10
24.833333333333332,0.0,4.091666666666667,00:00,11
24.833333333333332,0.0,4.075,00:05,11
24.833333333333332,0.0,4.05,00:10,11
24.833333333333332,0.0,4.033333333333333,00:15,11
24.833333333333332,0.0,4.016666666666667,00:20,11
24.916666666666668,0.0,3.9916666666666667,00:25,11
24.916666666666668,0.0,3.975,00:30,11
25.0,0.0,3.9416666666666664,00:35,11
25.0,0.0,3.9333333333333336,00:40,11
25.0,0.0,3.9166666666666665,00:45,11
25.0,0.0,3.9,00:50,11
25.0,0.0,3.8833333333333333,00:55,11
25.0,0.0,3.8666666666666667,01:00,11
25.0,0.0,3.841666666666667,01:05,11
25.0,0.0,3.8249999999999997,01:10,11
25.0,0.0,3.8166666666666664,01:15,11
24.916666666666668,0.0,3.783333333333333,01:20,11
24.916666666666668,0.0,3.766666666666667,01:25,11
24.916666666666668,0.0,3.7416666666666667,01:30,11
24.916666666666668,0.0,3.725,01:35,11
24.916666666666668,0.0,3.716666666666667,01:40,11
24.916666666666668,0.0,3.6833333333333336,01:45,11
24.916666666666668,0.0,3.658333333333333,01:50,11
24.916666666666668,0.0,3.65,01:55,11
24.916666666666668,0.0,3.641666666666667,02:00,11
24.916666666666668,0.0,3.625,02:05,11
24.833333333333332,0.0,3.625,02:10,11
24.833333333333332,0.0,3.6166666666666667,02:15,11
24.75,0.0,3.591666666666667,02:20,11
24.75,0.0,3.591666666666667,02:25,11
24.75,0.0,3.5749999999999997,02:30,11
24.75,0.0,3.5833333333333335,02:35,11
24.75,0.0,3.591666666666667,02:40,11
24.666666666666668,0.0,3.5749999999999997,02:45,11
24.666666666666668,0.0,3.5833333333333335,02:50,11
24.666666666666668,0.0,3.5833333333333335,02:55,11
24.583333333333332,0.0,3.6,03:00,11
24.583333333333332,0.0,3.5833333333333335,03:05,11
24.583333333333332,0.0,3.591666666666667,03:10,11
24.583333333333332,0.0,3.5833333333333335,03:15,11
24.583333333333332,0.0,3.5833333333333335,03:20,11
24.583333333333332,0.0,3.5666666666666664,03:25,11
24.583333333333332,0.0,3.5583333333333336,03:30,11
24.583333333333332,0.0,3.5833333333333335,03:35,11
24.583333333333332,0.0,3.5833333333333335,03:40,11
24.583333333333332,0.0,3.5833333333333335,03:45,11
24.583333333333332,0.0,3.591666666666667,03:50,11
24.583333333333332,0.0,3.5833333333333335,03:55,11
24.583333333333332,0.0,3.591666666666667,04:00,11
24.583333333333332,0.0,3.5833333333333335,04:05,11
24.583333333333332,0.0,3.5666666666666664,04:10,11
24.583333333333332,0.0,3.5500000000000003,04:15,11
24.583333333333332,0.0,3.5416666666666665,04:20,11
24.583333333333332,0.0,3.525,04:25,11
24.666666666666668,0.0,3.5083333333333333,04:30,11
24.75,0.0,3.5083333333333333,04:35,11
24.75,0.0,3.5,04:40,11
24.75,0.0,3.4916666666666667,04:45,11
24.75,0.0,3.483333333333333,04:50,11
24.75,0.0,3.475,04:55,11
24.75,0.0,3.4583333333333335,05:00,11
24.75,0.0,3.4499999999999997,05:05,11
24.75,0.0,3.4416666666666664,05:10,11
24.75,0.0,3.4250000000000003,05:15,11
24.75,0.0,3.4,05:20,11
24.75,0.25,3.4250000000000003,05:25,11
24.75,0.9166666666666666,3.408333333333333,05:30,11
24.833333333333332,2.5,3.3833333333333333,05:35,11
24.833333333333332,4.25,3.391666666666666,05:40,11
24.833333333333332,7.0,3.375,05:45,11
24.833333333333332,9.5,3.3833333333333333,05:50,11
24.833333333333332,12.166666666666666,3.375,05:55,11
24.833333333333332,15.5,3.3666666666666667,06:00,11
24.833333333333332,19.416666666666668,3.375,06:05,11
24.833333333333332,24.0,3.35,06:10,11
24.833333333333332,29.083333333333332,3.341666666666667,06:15,11
24.833333333333332,33.083333333333336,3.3333333333333335,06:20,11
24.833333333333332,37.833333333333336,3.3333333333333335,06:25,11
24.833333333333332,45.916666666666664,3.35,06:30,11
24.833333333333332,53.166666666666664,3.35,06:35,11
24.833333333333332,61.0,3.358333333333333,06:40,11
24.833333333333332,67.83333333333333,3.375,06:45,11
24.916666666666668,77.41666666666667,3.375,06:50,11
24.916666666666668,87.83333333333333,3.3833333333333333,06:55,11
24.916666666666668,97.75,3.4166666666666665,07:00,11
24.916666666666668,106.5,3.4166666666666665,07:05,11
24.916666666666668,116.91666666666667,3.4,07:10,11
24.916666666666668,124.75,3.3833333333333333,07:15,11
24.916666666666668,133.91666666666666,3.375,07:20,11
24.833333333333332,144.91666666666666,3.375,07:25,11
24.833333333333332,152.41666666666666,3.35,07:30,11
24.833333333333332,159.0,3.375,07:35,11
24.833333333333332,166.0,3.358333333333333,07:40,11
24.833333333333332,174.5,3.358333333333333,07:45,11
24.833333333333332,187.16666666666666,3.341666666666667,07:50,11
24.75,198.91666666666666,3.341666666666667,07:55,11
24.75,207.33333333333334,3.341666666666667,08:00,11
24.916666666666668,217.91666666666666,3.3333333333333335,08:05,11
25.083333333333332,226.25,3.341666666666667,08:10,11
25.166666666666668,236.25,3.341666666666667,08:15,11
25.5,239.41666666666666,3.341666666666667,08:20,11
25.583333333333332,242.25,3.3249999999999997,08:25,11
25.75,250.91666666666666,3.3333333333333335,08:30,11
25.75,258.5,3.3333333333333335,08:35,11
25.833333333333332,268.0,3.341666666666667,08:40,11
25.916666666666668,277.8333333333333,3.35,08:45,11
26.166666666666668,282.5833333333333,3.3166666666666664,08:50,11
26.416666666666668,294.3333333333333,3.35,08:55,11
26.583333333333332,289.0,3.341666666666667,09:00,11
26.583333333333332,292.9166666666667,3.341666666666667,09:05,11
26.75,300.75,3.341666666666667,09:10,11
26.833333333333332,309.5833333333333,3.3166666666666664,09:15,11
26.916666666666668,321.75,3.3166666666666664,09:20,11
27.0,327.6666666666667,3.3249999999999997,09:25,11
27.083333333333332,348.3333333333333,3.3249999999999997,09:30,11
27.166666666666668,351.0833333333333,3.3000000000000003,09:35,11
27.166666666666668,361.5833333333333,3.3083333333333336,09:40,11
27.333333333333332,372.8333333333333,3.3000000000000003,09:45,11
27.416666666666668,384.4166666666667,3.2999999999999994,09:50,11
27.416666666666668,383.0,3.2916666666666665,09:55,11
27.833333333333332,386.8333333333333,3.275,10:00,11
27.916666666666668,389.5833333333333,3.283333333333333,10:05,11
27.833333333333332,392.75,3.266666666666667,10:10,11
27.75,398.25,3.2583333333333333,10:15,11
27.75,396.4166666666667,3.2583333333333333,10:20,11
27.75,394.6666666666667,3.25,10:25,11
27.75,399.75,3.233333333333333,10:30,11
27.583333333333332,402.3333333333333,3.2416666666666667,10:35,11
27.583333333333332,416.4166666666667,3.216666666666667,10:40,11
27.583333333333332,424.6666666666667,3.216666666666667,10:45,11
27.583333333333332,423.25,3.2083333333333335,10:50,11
27.583333333333332,435.0833333333333,3.2083333333333335,10:55,11
27.583333333333332,446.8333333333333,3.2083333333333335,11:00,11
27.583333333333332,457.6666666666667,3.1833333333333336,11:05,11
27.75,450.4166666666667,3.1833333333333336,11:10,11
27.916666666666668,438.1666666666667,3.1833333333333336,11:15,11
27.916666666666668,441.4166666666667,3.1916666666666664,11:20,11
28.083333333333332,432.9166666666667,3.1833333333333336,11:25,11
28.25,457.6666666666667,3.1916666666666664,11:30,11
28.333333333333332,465.0,3.1916666666666664,11:35,11
28.333333333333332,477.1666666666667,3.2083333333333335,11:40,11
28.5,485.5,3.225,11:45,11
28.583333333333332,493.6666666666667,3.233333333333333,11:50,11
28.583333333333332,492.0,3.25,11:55,11
28.75,496.1666666666667,3.275,12:00,11
28.833333333333332,494.1666666666667,3.2916666666666665,12:05,11
28.833333333333332,490.9166666666667,3.283333333333333,12:10,11
28.833333333333332,475.8333333333333,3.3166666666666664,12:15,11
28.833333333333332,471.4166666666667,3.3000000000000003,12:20,11
28.916666666666668,458.75,3.3083333333333336,12:25,11
28.916666666666668,460.8333333333333,3.3249999999999997,12:30,11
29.0,455.1666666666667,3.3333333333333335,12:35,11
29.0,464.6666666666667,3.3333333333333335,12:40,11
29.0,462.75,3.341666666666667,12:45,11
29.083333333333332,462.0833333333333,3.3666666666666667,12:50,11
29.083333333333332,457.5,3.391666666666667,12:55,11
29.083333333333332,451.8333333333333,3.4166666666666665,13:00,11
29.083333333333332,439.6666666666667,3.4249999999999994,13:05,11
29.083333333333332,440.5833333333333,3.408333333333333,13:10,11
29.083333333333332,432.5833333333333,3.4,13:15,11
29.083333333333332,425.8333333333333,3.375,13:20,11
29.083333333333332,419.4166666666667,3.383333333333333,13:25,11
29.083333333333332,413.4166666666667,3.4,13:30,11
29.083333333333332,406.5833333333333,3.375,13:35,11
29.083333333333332,404.25,3.391666666666667,13:40,11
29.0,396.1666666666667,3.375,13:45,11
29.0,392.8333333333333,3.391666666666667,13:50,11
29.0,386.6666666666667,3.4,13:55,11
29.0,385.5833333333333,3.408333333333333,14:00,11
29.0,382.25,3.4250000000000003,14:05,11
29.0,379.3333333333333,3.4416666666666664,14:10,11
28.916666666666668,369.3333333333333,3.483333333333333,14:15,11
28.916666666666668,357.1666666666667,3.5083333333333333,14:20,11
28.916666666666668,348.0,3.5416666666666665,14:25,11
28.833333333333332,344.75,3.591666666666667,14:30,11
28.833333333333332,339.9166666666667,3.6333333333333333,14:35,11
28.75,337.25,3.6666666666666665,14:40,11
28.833333333333332,324.8333333333333,3.716666666666667,14:45,11
28.833333333333332,308.25,3.7416666666666667,14:50,11
28.833333333333332,289.4166666666667,3.8000000000000003,14:55,11
28.833333333333332,277.4166666666667,3.858333333333333,15:00,11
28.75,262.9166666666667,3.875,15:05,11
28.75,254.83333333333334,3.9250000000000003,15:10,11
28.75,241.58333333333334,3.9250000000000003,15:15,11
28.75,232.58333333333334,3.983333333333333,15:20,11
28.583333333333332,225.58333333333334,4.0,15:25,11
28.583333333333332,218.0,4.0249999999999995,15:30,11
28.583333333333332,214.08333333333334,4.066666666666666,15:35,11
28.5,200.16666666666666,4.108333333333333,15:40,11
28.5,187.16666666666666,4.1499999999999995,15:45,11
28.5,173.33333333333334,4.191666666666666,15:50,11
28.5,160.83333333333334,4.241666666666666,15:55,11
28.5,152.66666666666666,4.291666666666667,16:00,11
28.416666666666668,144.83333333333334,4.325,16:05,11
28.416666666666668,140.83333333333334,4.358333333333333,16:10,11
28.166666666666668,126.5,4.383333333333334,16:15,11
28.0,119.83333333333333,4.408333333333333,16:20,11
27.833333333333332,119.08333333333333,4.441666666666666,16:25,11
27.583333333333332,110.75,4.4750000000000005,16:30,11
27.5,100.08333333333333,4.508333333333334,16:35,11
27.416666666666668,95.66666666666667,4.55,16:40,11
27.166666666666668,89.25,4.591666666666667,16:45,11
26.916666666666668,76.91666666666667,4.616666666666666,16:50,11
26.75,63.083333333333336,4.658333333333333,16:55,11
26.583333333333332,62.75,4.7,17:00,11
26.583333333333332,58.083333333333336,4.741666666666666,17:05,11
26.583333333333332,56.666666666666664,4.791666666666667,17:10,11
26.583333333333332,51.75,4.825,17:15,11
26.583333333333332,42.5,4.8500000000000005,17:20,11
26.583333333333332,37.416666666666664,4.883333333333334,17:25,11
26.583333333333332,31.166666666666668,4.933333333333334,17:30,11
26.5,26.5,4.966666666666667,17:35,11
26.5,21.333333333333332,5.041666666666667,17:40,11
26.5,17.583333333333332,5.075,17:45,11
26.5,14.166666666666666,5.1000000000000005,17:50,11
26.5,12.166666666666666,5.1499999999999995,17:55,11
26.416666666666668,10.083333333333334,5.191666666666666,18:00,11
26.416666666666668,7.916666666666667,5.233333333333333,18:05,11
26.416666666666668,6.75,5.2250000000000005,18:10,11
26.416666666666668,4.833333333333333,5.233333333333333,18:15,11
26.5,3.5833333333333335,5.241666666666666,18:20,11
26.5,2.4166666666666665,5.25,18:25,11
26.5,0.9166666666666666,5.258333333333334,18:30,11
26.5,0.16666666666666666,5.283333333333333,18:35,11
26.5,0.0,5.283333333333333,18:40,11
26.5,0.0,5.308333333333334,18:45,11
26.5,0.0,5.308333333333334,18:50,11
26.5,0.0,5.316666666666666,18:55,11
26.5,0.0,5.333333333333333,19:00,11
26.5,0.0,5.341666666666666,19:05,11
26.5,0.0,5.341666666666666,19:10,11
26.416666666666668,0.0,5.333333333333333,19:15,11
26.416666666666668,0.0,5.3500000000000005,19:20,11
26.416666666666668,0.0,5.333333333333333,19:25,11
26.416666666666668,0.0,5.341666666666666,19:30,11
26.416666666666668,0.0,5.341666666666666,19:35,11
26.416666666666668,0.0,5.3500000000000005,19:40,11
26.416666666666668,0.0,5.3500000000000005,19:45,11
26.416666666666668,0.0,5.375,19:50,11
26.416666666666668,0.0,5.375,19:55,11
26.416666666666668,0.0,5.391666666666667,20:00,11
26.333333333333332,0.0,5.383333333333334,20:05,11
26.25,0.0,5.333333333333333,20:10,11
26.25,0.0,5.325,20:15,11
26.25,0.0,5.291666666666667,20:20,11
26.25,0.0,5.266666666666667,20:25,11
26.25,0.0,5.241666666666666,20:30,11
26.25,0.0,5.2,20:35,11
26.25,0.0,5.166666666666667,20:40,11
26.166666666666668,0.0,5.15,20:45,11
26.083333333333332,0.0,5.108333333333333,20:50,11
26.0,0.0,5.083333333333333,20:55,11
25.916666666666668,0.0,5.075,21:00,11
25.916666666666668,0.0,5.033333333333333,21:05,11
25.833333333333332,0.0,5.016666666666667,21:10,11
25.75,0.0,4.991666666666666,21:15,11
25.75,0.0,4.966666666666667,21:20,11
25.75,0.0,4.941666666666666,21:25,11
25.666666666666668,0.0,4.925,21:30,11
25.583333333333332,0.0,4.908333333333333,21:35,11
25.583333333333332,0.0,4.883333333333334,21:40,11
25.583333333333332,0.0,4.875,21:45,11
25.5,0.0,4.841666666666667,21:50,11
25.5,0.0,4.825,21:55,11
25.5,0.0,4.825,22:00,11
25.5,0.0,4.791666666666667,22:05,11
25.5,0.0,4.783333333333333,22:10,11
25.5,0.0,4.758333333333333,22:15,11
25.5,0.0,4.758333333333333,22:20,11
25.5,0.0,4.758333333333334,22:25,11
25.416666666666668,0.0,4.758333333333333,22:30,11
25.333333333333332,0.0,4.733333333333333,22:35,11
25.333333333333332,0.0,4.733333333333333,22:40,11
25.333333333333332,0.0,4.7250000000000005,22:45,11
25.333333333333332,0.0,4.725,22:50,11
25.333333333333332,0.0,4.716666666666666,22:55,11
25.333333333333332,0.0,4.716666666666666,23:00,11
25.333333333333332,0.0,4.7,23:05,11
25.333333333333332,0.0,4.675,23:10,11
25.25,0.0,4.658333333333333,23:15,11
25.25,0.0,4.641666666666667,23:20,11
25.083333333333332,0.0,4.625,23:25,11
25.083333333333332,0.0,4.6,23:30,11
25.083333333333332,0.0,4.583333333333333,23:35,11
25.083333333333332,0.0,4.55,23:40,11
25.083333333333332,0.0,4.541666666666667,23:45,11
25.083333333333332,0.0,4.5249999999999995,23:50,11
25.083333333333332,0.0,4.491666666666666,23:55,11
25.0,0.0,4.483333333333333,00:00,12
25.0,0.0,4.45,00:05,12
25.0,0.0,4.433333333333334,00:10,12
25.0,0.0,4.383333333333334,00:15,12
25.0,0.0,4.375,00:20,12
25.0,0.0,4.341666666666667,00:25,12
25.0,0.0,4.316666666666666,00:30,12
24.916666666666668,0.0,4.291666666666667,00:35,12
24.916666666666668,0.0,4.258333333333334,00:40,12
24.916666666666668,0.0,4.241666666666666,00:45,12
24.916666666666668,0.0,4.216666666666666,00:50,12
24.916666666666668,0.0,4.183333333333333,00:55,12
24.916666666666668,0.0,4.166666666666667,01:00,12
24.916666666666668,0.0,4.1499999999999995,01:05,12
24.916666666666668,0.0,4.133333333333334,01:10,12
24.916666666666668,0.0,4.091666666666667,01:15,12
24.916666666666668,0.0,4.091666666666667,01:20,12
24.916666666666668,0.0,4.058333333333333,01:25,12
24.916666666666668,0.0,4.041666666666667,01:30,12
24.916666666666668,0.0,4.033333333333333,01:35,12
24.916666666666668,0.0,4.008333333333334,01:40,12
24.916666666666668,0.0,3.9916666666666667,01:45,12
24.916666666666668,0.0,3.9916666666666667,01:50,12
24.916666666666668,0.0,3.983333333333333,01:55,12
24.916666666666668,0.0,3.983333333333333,02:00,12
24.916666666666668,0.0,3.966666666666667,02:05,12
24.833333333333332,0.0,3.9499999999999997,02:10,12
24.833333333333332,0.0,3.9250000000000003,02:15,12
24.75,0.0,3.908333333333333,02:20,12
24.75,0.0,3.891666666666667,02:25,12
24.666666666666668,0.0,3.8666666666666667,02:30,12
24.666666666666668,0.0,3.8333333333333335,02:35,12
24.666666666666668,0.0,3.8333333333333335,02:40,12
24.583333333333332,0.0,3.8249999999999997,02:45,12
24.583333333333332,0.0,3.8083333333333336,02:50,12
24.583333333333332,0.0,3.7916666666666665,02:55,12
24.5,0.0,3.7583333333333333,03:00,12
24.5,0.0,3.766666666666667,03:05,12
24.5,0.0,3.75,03:10,12
24.5,0.0,3.7583333333333333,03:15,12
24.5,0.0,3.7583333333333333,03:20,12
24.5,0.0,3.7583333333333333,03:25,12
24.5,0.0,3.75,03:30,12
24.5,0.0,3.7583333333333333,03:35,12
24.5,0.0,3.758333333333333,03:40,12
24.5,0.0,3.766666666666666,03:45,12
24.5,0.0,3.75,03:50,12
24.333333333333332,0.0,3.766666666666667,03:55,12
24.333333333333332,0.0,3.7416666666666667,04:00,12
24.333333333333332,0.0,3.733333333333333,04:05,12
24.416666666666668,0.0,3.6999999999999997,04:10,12
24.416666666666668,0.0,3.6833333333333336,04:15,12
24.416666666666668,0.0,3.6750000000000003,04:20,12
24.416666666666668,0.0,3.6666666666666665,04:25,12
24.5,0.0,3.641666666666667,04:30,12
24.583333333333332,0.0,3.641666666666667,04:35,12
24.583333333333332,0.0,3.65,04:40,12
24.666666666666668,0.0,3.65,04:45,12
24.666666666666668,0.0,3.641666666666667,04:50,12
24.666666666666668,0.0,3.625,04:55,12
24.583333333333332,0.0,3.641666666666666,05:00,12
24.583333333333332,0.0,3.6166666666666667,05:05,12
24.583333333333332,0.0,3.6,05:10,12
24.583333333333332,0.0,3.5583333333333336,05:15,12
24.583333333333332,0.0,3.533333333333333,05:20,12
24.583333333333332,0.25,3.533333333333333,05:25,12
24.583333333333332,0.8333333333333334,3.516666666666666,05:30,12
24.666666666666668,2.5,3.466666666666667,05:35,12
24.666666666666668,4.25,3.4499999999999997,05:40,12
24.666666666666668,6.666666666666667,3.4416666666666664,05:45,12
24.666666666666668,9.0,3.4333333333333336,05:50,12
24.666666666666668,12.083333333333334,3.4,05:55,12
24.666666666666668,14.916666666666666,3.391666666666667,06:00,12
24.666666666666668,18.916666666666668,3.3833333333333333,06:05,12
24.666666666666668,23.166666666666668,3.3666666666666667,06:10,12
24.666666666666668,28.333333333333332,3.3499999999999996,06:15,12
24.666666666666668,32.333333333333336,3.3166666666666664,06:20,12
24.666666666666668,39.5,3.3083333333333336,06:25,12
24.666666666666668,47.166666666666664,3.2916666666666665,06:30,12
24.666666666666668,53.75,3.275,06:35,12
24.666666666666668,59.833333333333336,3.266666666666667,06:40,12
24.666666666666668,69.83333333333333,3.266666666666667,06:45,12
24.75,75.16666666666667,3.266666666666667,06:50,12
24.75,79.5,3.2416666666666667,06:55,12
24.75,85.08333333333333,3.216666666666667,07:00,12
24.75,94.58333333333333,3.2083333333333335,07:05,12
24.75,104.16666666666667,3.2083333333333335,07:10,12
24.75,110.08333333333333,3.1916666666666664,07:15,12
24.75,117.75,3.158333333333333,07:20,12
24.75,127.41666666666667,3.15,07:25,12
24.75,138.33333333333334,3.141666666666667,07:30,12
24.75,151.16666666666666,3.1166666666666667,07:35,12
24.75,170.16666666666666,3.108333333333333,07:40,12
24.75,180.5,3.0749999999999997,07:45,12
24.75,191.16666666666666,3.0749999999999997,07:50,12
24.666666666666668,197.33333333333334,3.0749999999999997,07:55,12
24.75,207.33333333333334,3.0583333333333336,08:00,12
24.75,214.41666666666666,3.0416666666666665,08:05,12
24.916666666666668,217.91666666666666,3.0333333333333337,08:10,12
25.0,218.58333333333334,3.0500000000000003,08:15,12
25.333333333333332,222.58333333333334,3.0250000000000004,08:20,12
25.416666666666668,222.66666666666666,3.016666666666667,08:25,12
25.5,230.75,3.0,08:30,12
25.666666666666668,236.08333333333334,3.0,08:35,12
25.75,246.83333333333334,3.0,08:40,12
26.083333333333332,251.91666666666666,2.9916666666666667,08:45,12
26.166666666666668,266.8333333333333,2.9916666666666667,08:50,12
26.25,284.1666666666667,2.9916666666666667,08:55,12
26.333333333333332,305.3333333333333,2.983333333333333,09:00,12
26.416666666666668,320.25,2.983333333333333,09:05,12
26.583333333333332,330.0833333333333,3.0,09:10,12
26.75,343.6666666666667,3.0083333333333333,09:15,12
26.75,350.9166666666667,3.0,09:20,12
27.0,354.75,3.025,09:25,12
27.166666666666668,355.0,3.0416666666666665,09:30,12
27.166666666666668,356.5,3.0416666666666665,09:35,12
27.166666666666668,353.0833333333333,3.0666666666666664,09:40,12
27.333333333333332,348.3333333333333,3.0749999999999997,09:45,12
27.333333333333332,352.25,3.0833333333333335,09:50,12
27.416666666666668,348.75,3.1,09:55,12
27.416666666666668,357.5,3.125,10:00,12
27.416666666666668,359.25,3.125,10:05,12
27.583333333333332,371.3333333333333,3.141666666666667,10:10,12
27.583333333333332,384.0,3.15,10:15,12
27.583333333333332,387.0,3.158333333333333,10:20,12
27.583333333333332,404.0833333333333,3.158333333333333,10:25,12
27.666666666666668,405.1666666666667,3.191666666666667,10:30,12
27.666666666666668,411.0833333333333,3.2083333333333335,10:35,12
27.75,406.1666666666667,3.225,10:40,12
27.833333333333332,396.9166666666667,3.233333333333333,10:45,12
27.916666666666668,393.5833333333333,3.25,10:50,12
27.916666666666668,387.8333333333333,3.275,10:55,12
27.916666666666668,383.6666666666667,3.2916666666666665,11:00,12
27.916666666666668,388.3333333333333,3.283333333333333,11:05,12
28.0,386.0833333333333,3.283333333333333,11:10,12
28.0,390.0833333333333,3.266666666666667,11:15,12
28.083333333333332,388.3333333333333,3.275,11:20,12
28.083333333333332,388.8333333333333,3.266666666666667,11:25,12
28.166666666666668,389.25,3.25,11:30,12
28.166666666666668,399.9166666666667,3.2583333333333333,11:35,12
28.416666666666668,405.25,3.25,11:40,12
28.5,411.4166666666667,3.2583333333333333,11:45,12
28.5,425.5,3.25,11:50,12
28.666666666666668,432.4166666666667,3.25,11:55,12
28.75,429.0833333333333,3.25,12:00,12
28.75,425.25,3.25,12:05,12
28.75,427.75,3.275,12:10,12
28.75,453.5833333333333,3.283333333333333,12:15,12
28.75,429.3333333333333,3.283333333333333,12:20,12
28.75,419.75,3.3166666666666664,12:25,12
28.75,414.0833333333333,3.341666666666667,12:30,12
28.75,429.25,3.375,12:35,12
28.583333333333332,430.5,3.391666666666666,12:40,12
28.666666666666668,439.1666666666667,3.408333333333333,12:45,12
28.583333333333332,434.1666666666667,3.4250000000000003,12:50,12
28.583333333333332,437.9166666666667,3.4499999999999997,12:55,12
28.583333333333332,444.25,3.4916666666666667,13:00,12
28.583333333333332,442.75,3.516666666666667,13:05,12
28.666666666666668,435.5,3.5083333333333333,13:10,12
28.666666666666668,434.1666666666667,3.516666666666666,13:15,12
28.666666666666668,421.75,3.516666666666667,13:20,12
28.75,417.25,3.525,13:25,12
28.75,408.75,3.5416666666666665,13:30,12
28.75,402.1666666666667,3.5583333333333336,13:35,12
28.75,396.3333333333333,3.5583333333333336,13:40,12
28.75,385.3333333333333,3.5833333333333335,13:45,12
28.75,374.5,3.5666666666666664,13:50,12
28.75,355.5,3.6,13:55,12
28.75,354.3333333333333,3.6166666666666667,14:00,12
28.75,344.9166666666667,3.6166666666666667,14:05,12
28.75,345.9166666666667,3.6166666666666667,14:10,12
28.75,341.4166666666667,3.6166666666666667,14:15,12
28.75,341.4166666666667,3.6,14:20,12
28.666666666666668,337.9166666666667,3.608333333333333,14:25,12
28.666666666666668,338.6666666666667,3.6166666666666667,14:30,12
28.666666666666668,327.9166666666667,3.608333333333333,14:35,12
28.666666666666668,325.75,3.6166666666666667,14:40,12
28.666666666666668,315.5833333333333,3.608333333333333,14:45,12
28.75,306.4166666666667,3.6,14:50,12
28.833333333333332,286.25,3.6,14:55,12
28.75,273.9166666666667,3.625,15:00,12
28.666666666666668,258.0833333333333,3.641666666666667,15:05,12
28.666666666666668,249.58333333333334,3.6916666666666664,15:10,12
28.75,239.66666666666666,3.733333333333333,15:15,12
28.833333333333332,230.58333333333334,3.7583333333333333,15:20,12
28.833333333333332,225.33333333333334,3.816666666666667,15:25,12
28.833333333333332,226.25,3.85,15:30,12
28.833333333333332,221.0,3.9,15:35,12
28.75,214.25,3.9333333333333336,15:40,12
28.75,203.41666666666666,3.966666666666667,15:45,12
28.75,195.75,4.0249999999999995,15:50,12
28.75,183.08333333333334,4.075,15:55,12
28.833333333333332,172.33333333333334,4.125,16:00,12
28.75,160.25,4.133333333333334,16:05,12
28.416666666666668,153.41666666666666,4.133333333333334,16:10,12
28.333333333333332,145.83333333333334,4.125,16:15,12
28.083333333333332,136.91666666666666,4.116666666666666,16:20,12
27.833333333333332,125.66666666666667,4.1000000000000005,16:25,12
27.833333333333332,115.83333333333333,4.108333333333333,16:30,12
27.833333333333332,108.33333333333333,4.083333333333333,16:35,12
27.5,102.25,4.1000000000000005,16:40,12
27.416666666666668,93.66666666666667,4.083333333333333,16:45,12
27.333333333333332,84.66666666666667,4.1000000000000005,16:50,12
27.166666666666668,75.83333333333333,4.1000000000000005,16:55,12
27.0,65.66666666666667,4.108333333333333,17:00,12
26.916666666666668,61.5,4.116666666666666,17:05,12
26.916666666666668,55.0,4.166666666666667,17:10,12
27.0,48.083333333333336,4.2,17:15,12
27.0,42.833333333333336,4.25,17:20,12
27.0,37.25,4.291666666666667,17:25,12
27.0,33.416666666666664,4.341666666666667,17:30,12
26.916666666666668,27.583333333333332,4.383333333333334,17:35,12
26.916666666666668,22.666666666666668,4.441666666666666,17:40,12
26.916666666666668,18.833333333333332,4.491666666666666,17:45,12
26.916666666666668,14.833333333333334,4.541666666666667,17:50,12
26.916666666666668,12.416666666666666,4.583333333333333,17:55,12
26.833333333333332,10.583333333333334,4.641666666666667,18:00,12
26.833333333333332,8.75,4.666666666666667,18:05,12
26.75,7.333333333333333,4.716666666666667,18:10,12
26.666666666666668,5.416666666666667,4.75,18:15,12
26.666666666666668,3.5,4.8,18:20,12
26.666666666666668,2.5833333333333335,4.816666666666666,18:25,12
26.666666666666668,1.0,4.858333333333333,18:30,12
26.75,0.3333333333333333,4.891666666666667,18:35,12
26.75,0.0,4.916666666666667,18:40,12
26.75,0.0,4.958333333333333,18:45,12
26.666666666666668,0.0,5.0,18:50,12
26.666666666666668,0.0,5.058333333333334,18:55,12
26.583333333333332,0.0,5.083333333333333,19:00,12
26.583333333333332,0.0,5.125,19:05,12
26.583333333333332,0.0,5.116666666666666,19:10,12
26.583333333333332,0.0,5.116666666666666,19:15,12
26.5,0.0,5.133333333333334,19:20,12
26.5,0.0,5.133333333333334,19:25,12
26.5,0.0,5.1499999999999995,19:30,12
26.5,0.0,5.141666666666667,19:35,12
26.5,0.0,5.175,19:40,12
26.5,0.0,5.183333333333334,19:45,12
26.416666666666668,0.0,5.175,19:50,12
26.333333333333332,0.0,5.2,19:55,12
26.333333333333332,0.0,5.208333333333333,20:00,12
26.333333333333332,0.0,5.216666666666667,20:05,12
26.25,0.0,5.216666666666666,20:10,12
26.25,0.0,5.216666666666667,20:15,12
26.166666666666668,0.0,5.225,20:20,12
26.0,0.0,5.216666666666667,20:25,12
26.0,0.0,5.208333333333333,20:30,12
25.75,0.0,5.241666666666666,20:35,12
25.583333333333332,0.0,5.2250000000000005,20:40,12
25.583333333333332,0.0,5.233333333333333,20:45,12
25.583333333333332,0.0,5.216666666666667,20:50,12
25.583333333333332,0.0,5.241666666666666,20:55,12
25.583333333333332,0.0,5.266666666666667,21:00,12
25.5,0.0,5.25,21:05,12
25.5,0.0,5.266666666666667,21:10,12
25.416666666666668,0.0,5.25,21:15,12
25.416666666666668,0.0,5.233333333333333,21:20,12
25.416666666666668,0.0,5.241666666666666,21:25,12
25.25,0.0,5.241666666666666,21:30,12
25.166666666666668,0.0,5.258333333333334,21:35,12
25.083333333333332,0.0,5.25,21:40,12
25.083333333333332,0.0,5.25,21:45,12
25.083333333333332,0.0,5.25,21:50,12
25.0,0.0,5.258333333333334,21:55,12
24.916666666666668,0.0,5.258333333333334,22:00,12
24.916666666666668,0.0,5.258333333333334,22:05,12
24.916666666666668,0.0,5.241666666666666,22:10,12
24.916666666666668,0.0,5.208333333333333,22:15,12
24.916666666666668,0.0,5.2,22:20,12
24.916666666666668,0.0,5.191666666666666,22:25,12
24.916666666666668,0.0,5.166666666666667,22:30,12
24.75,0.0,5.166666666666667,22:35,12
24.75,0.0,5.1499999999999995,22:40,12
24.666666666666668,0.0,5.133333333333334,22:45,12
24.666666666666668,0.0,5.108333333333333,22:50,12
24.666666666666668,0.0,5.108333333333333,22:55,12
24.666666666666668,0.0,5.116666666666667,23:00,12
24.666666666666668,0.0,5.083333333333333,23:05,12
24.583333333333332,0.0,5.058333333333334,23:10,12
24.5,0.0,5.058333333333334,23:15,12
24.416666666666668,0.0,5.05,23:20,12
24.416666666666668,0.0,5.041666666666667,23:25,12
24.416666666666668,0.0,5.033333333333333,23:30,12
24.333333333333332,0.0,5.0249999999999995,23:35,12
24.25,0.0,5.016666666666667,23:40,12
24.25,0.0,5.016666666666667,23:45,12
24.25,0.0,5.008333333333333,23:50,12
24.25,0.0,5.016666666666667,23:55,12
24.166666666666668,0.0,5.008333333333333,00:00,13
24.166666666666668,0.0,4.991666666666666,00:05,13
24.166666666666668,0.0,4.983333333333333,00:10,13
24.166666666666668,0.0,4.9750000000000005,00:15,13
24.166666666666668,0.0,4.958333333333333,00:20,13
24.166666666666668,0.0,4.958333333333333,00:25,13
24.166666666666668,0.0,4.941666666666666,00:30,13
24.083333333333332,0.0,4.933333333333333,00:35,13
24.083333333333332,0.0,4.916666666666667,00:40,13
24.083333333333332,0.0,4.8999999999999995,00:45,13
24.083333333333332,0.0,4.891666666666667,00:50,13
24.083333333333332,0.0,4.891666666666667,00:55,13
24.083333333333332,0.0,4.875,01:00,13
24.083333333333332,0.0,4.866666666666666,01:05,13
24.083333333333332,0.0,4.841666666666667,01:10,13
24.083333333333332,0.0,4.833333333333333,01:15,13
24.083333333333332,0.0,4.816666666666666,01:20,13
24.083333333333332,0.0,4.791666666666667,01:25,13
24.0,0.0,4.766666666666667,01:30,13
23.916666666666668,0.0,4.758333333333334,01:35,13
23.916666666666668,0.0,4.733333333333333,01:40,13
23.916666666666668,0.0,4.7250000000000005,01:45,13
23.916666666666668,0.0,4.708333333333333,01:50,13
23.916666666666668,0.0,4.708333333333333,01:55,13
23.916666666666668,0.0,4.691666666666666,02:00,13
23.916666666666668,0.0,4.658333333333333,02:05,13
23.916666666666668,0.0,4.666666666666667,02:10,13
23.916666666666668,0.0,4.641666666666667,02:15,13
23.916666666666668,0.0,4.633333333333334,02:20,13
23.916666666666668,0.0,4.616666666666667,02:25,13
23.916666666666668,0.0,4.591666666666667,02:30,13
23.75,0.0,4.575,02:35,13
23.75,0.0,4.575,02:40,13
23.583333333333332,0.0,4.566666666666666,02:45,13
23.583333333333332,0.0,4.566666666666666,02:50,13
23.5,0.0,4.558333333333334,02:55,13
23.5,0.0,4.541666666666667,03:00,13
23.5,0.0,4.541666666666667,03:05,13
23.5,0.0,4.541666666666667,03:10,13
23.5,0.0,4.516666666666667,03:15,13
23.5,0.0,4.5249999999999995,03:20,13
23.5,0.0,4.508333333333334,03:25,13
23.5,0.0,4.516666666666667,03:30,13
23.5,0.0,4.491666666666666,03:35,13
23.5,0.0,4.491666666666666,03:40,13
23.5,0.0,4.5,03:45,13
23.416666666666668,0.0,4.508333333333334,03:50,13
23.416666666666668,0.0,4.491666666666666,03:55,13
23.416666666666668,0.0,4.483333333333333,04:00,13
23.416666666666668,0.0,4.458333333333333,04:05,13
23.416666666666668,0.0,4.3999999999999995,04:10,13
23.416666666666668,0.0,4.3500000000000005,04:15,13
23.416666666666668,0.0,4.3,04:20,13
23.416666666666668,0.0,4.241666666666666,04:25,13
23.416666666666668,0.0,4.175,04:30,13
23.416666666666668,0.0,4.133333333333334,04:35,13
23.5,0.0,4.1,04:40,13
23.5,0.0,4.091666666666667,04:45,13
23.5,0.0,4.058333333333334,04:50,13
23.5,0.0,4.066666666666666,04:55,13
23.5,0.0,4.058333333333334,05:00,13
23.5,0.0,4.05,05:05,13
23.5,0.0,4.083333333333333,05:10,13
23.5,0.0,4.108333333333333,05:15,13
23.5,0.0,4.125,05:20,13
23.5,0.16666666666666666,4.158333333333333,05:25,13
23.5,0.75,4.175,05:30,13
23.416666666666668,2.0833333333333335,4.191666666666666,05:35,13
23.416666666666668,3.4166666666666665,4.241666666666666,05:40,13
23.416666666666668,5.583333333333333,4.25,05:45,13
23.416666666666668,7.583333333333333,4.2749999999999995,05:50,13
23.416666666666668,9.666666666666666,4.291666666666667,05:55,13
23.416666666666668,13.75,4.316666666666666,06:00,13
23.416666666666668,17.583333333333332,4.325,06:05,13
23.416666666666668,21.583333333333332,4.325,06:10,13
23.416666666666668,27.25,4.325,06:15,13
23.5,32.5,4.3500000000000005,06:20,13
23.5,42.25,4.3500000000000005,06:25,13
23.5,49.833333333333336,4.358333333333333,06:30,13
23.5,56.583333333333336,4.341666666666667,06:35,13
23.5,63.166666666666664,4.358333333333333,06:40,13
23.5,73.08333333333333,4.375,06:45,13
23.5,81.25,4.383333333333334,06:50,13
23.5,91.58333333333333,4.3999999999999995,06:55,13
23.5,99.0,4.416666666666667,07:00,13
23.5,107.25,4.391666666666667,07:05,13
23.583333333333332,120.5,4.391666666666667,07:10,13
23.583333333333332,128.5,4.366666666666666,07:15,13
23.583333333333332,138.33333333333334,4.383333333333334,07:20,13
23.583333333333332,149.75,4.341666666666667,07:25,13
23.583333333333332,159.41666666666666,4.341666666666667,07:30,13
23.583333333333332,170.75,4.341666666666667,07:35,13
23.583333333333332,180.5,4.333333333333333,07:40,13
23.583333333333332,189.5,4.325,07:45,13
23.583333333333332,203.25,4.308333333333334,07:50,13
23.583333333333332,214.58333333333334,4.291666666666667,07:55,13
23.583333333333332,230.33333333333334,4.3,08:00,13
23.666666666666668,236.16666666666666,4.291666666666667,08:05,13
23.75,242.91666666666666,4.308333333333334,08:10,13
24.0,248.66666666666666,4.316666666666666,08:15,13
24.25,261.4166666666667,4.316666666666666,08:20,13
24.25,269.6666666666667,4.333333333333333,08:25,13
24.333333333333332,274.75,4.333333333333333,08:30,13
24.416666666666668,283.75,4.3500000000000005,08:35,13
24.583333333333332,290.3333333333333,4.366666666666666,08:40,13
24.666666666666668,294.6666666666667,4.383333333333334,08:45,13
24.916666666666668,300.5833333333333,4.383333333333334,08:50,13
25.0,309.75,4.408333333333333,08:55,13
25.166666666666668,317.4166666666667,4.441666666666666,09:00,13
25.166666666666668,326.0833333333333,4.441666666666666,09:05,13
25.166666666666668,335.1666666666667,4.433333333333334,09:10,13
25.083333333333332,342.0,4.416666666666667,09:15,13
25.166666666666668,352.0833333333333,4.416666666666667,09:20,13
25.25,356.5,4.416666666666667,09:25,13
25.416666666666668,368.0833333333333,4.391666666666667,09:30,13
25.583333333333332,374.5833333333333,4.391666666666667,09:35,13
25.583333333333332,380.0833333333333,4.383333333333334,09:40,13
25.666666666666668,379.6666666666667,4.366666666666666,09:45,13
25.666666666666668,379.5,4.366666666666667,09:50,13
25.833333333333332,381.5,4.358333333333333,09:55,13
25.833333333333332,387.6666666666667,4.3500000000000005,10:00,13
25.833333333333332,390.8333333333333,4.3500000000000005,10:05,13
26.0,394.5,4.341666666666667,10:10,13
26.0,396.9166666666667,4.325,10:15,13
25.916666666666668,403.1666666666667,4.333333333333333,10:20,13
25.916666666666668,405.1666666666667,4.333333333333333,10:25,13
25.916666666666668,411.6666666666667,4.333333333333333,10:30,13
25.916666666666668,417.5833333333333,4.333333333333333,10:35,13
25.916666666666668,425.5833333333333,4.341666666666667,10:40,13
25.916666666666668,434.8333333333333,4.341666666666667,10:45,13
26.0,432.25,4.341666666666667,10:50,13
26.083333333333332,439.9166666666667,4.333333333333333,10:55,13
26.083333333333332,447.25,4.333333333333333,11:00,13
26.083333333333332,445.0833333333333,4.341666666666667,11:05,13
26.083333333333332,445.8333333333333,4.333333333333333,11:10,13
26.333333333333332,440.8333333333333,4.3500000000000005,11:15,13
26.416666666666668,441.3333333333333,4.333333333333333,11:20,13
26.5,446.25,4.333333333333333,11:25,13
26.75,455.1666666666667,4.333333333333333,11:30,13
26.75,464.4166666666667,4.341666666666667,11:35,13
26.833333333333332,468.75,4.358333333333333,11:40,13
27.0,478.4166666666667,4.3500000000000005,11:45,13
27.083333333333332,484.9166666666667,4.358333333333333,11:50,13
27.083333333333332,487.75,4.375,11:55,13
27.333333333333332,492.0833333333333,4.383333333333334,12:00,13
27.416666666666668,497.6666666666667,4.358333333333333,12:05,13
27.416666666666668,504.4166666666667,4.366666666666667,12:10,13
27.416666666666668,506.4166666666667,4.358333333333333,12:15,13
27.416666666666668,501.5,4.35,12:20,13
27.416666666666668,504.8333333333333,4.341666666666667,12:25,13
27.416666666666668,501.4166666666667,4.3500000000000005,12:30,13
27.5,499.75,4.325,12:35,13
27.583333333333332,500.6666666666667,4.316666666666666,12:40,13
27.583333333333332,503.5,4.325,12:45,13
27.583333333333332,506.75,4.325,12:50,13
27.583333333333332,505.0,4.325,12:55,13
27.666666666666668,493.0833333333333,4.3500000000000005,13:00,13
27.666666666666668,484.6666666666667,4.333333333333333,13:05,13
27.583333333333332,475.3333333333333,4.341666666666667,13:10,13
27.583333333333332,471.8333333333333,4.333333333333333,13:15,13
27.583333333333332,468.0,4.325,13:20,13
27.583333333333332,469.6666666666667,4.341666666666667,13:25,13
27.583333333333332,454.5,4.333333333333333,13:30,13
27.583333333333332,444.3333333333333,4.325,13:35,13
27.5,439.1666666666667,4.325,13:40,13
27.583333333333332,445.5,4.325,13:45,13
27.666666666666668,444.75,4.333333333333333,13:50,13
27.666666666666668,445.5,4.316666666666666,13:55,13
27.75,439.4166666666667,4.333333333333333,14:00,13
27.75,447.5,4.333333333333333,14:05,13
27.75,436.5,4.341666666666667,14:10,13
27.666666666666668,424.5,4.333333333333333,14:15,13
27.666666666666668,412.25,4.333333333333333,14:20,13
27.666666666666668,398.8333333333333,4.341666666666667,14:25,13
27.666666666666668,390.0833333333333,4.341666666666667,14:30,13
27.666666666666668,378.9166666666667,4.341666666666667,14:35,13
27.583333333333332,370.8333333333333,4.333333333333333,14:40,13
27.583333333333332,363.25,4.3500000000000005,14:45,13
27.583333333333332,356.0,4.333333333333333,14:50,13
27.583333333333332,349.5,4.3500000000000005,14:55,13
27.583333333333332,345.4166666666667,4.3500000000000005,15:00,13
27.583333333333332,337.6666666666667,4.333333333333333,15:05,13
27.583333333333332,337.1666666666667,4.333333333333333,15:10,13
27.583333333333332,320.5,4.308333333333334,15:15,13
27.583333333333332,308.4166666666667,4.2749999999999995,15:20,13
27.583333333333332,293.25,4.2749999999999995,15:25,13
27.5,283.8333333333333,4.258333333333334,15:30,13
27.5,275.6666666666667,4.25,15:35,13
27.416666666666668,267.4166666666667,4.2250000000000005,15:40,13
27.583333333333332,255.58333333333334,4.2250000000000005,15:45,13
27.5,237.75,4.208333333333333,15:50,13
27.5,226.58333333333334,4.2,15:55,13
27.5,216.58333333333334,4.191666666666666,16:00,13
27.5,202.33333333333334,4.183333333333334,16:05,13
27.25,195.0,4.158333333333333,16:10,13
27.166666666666668,184.5,4.141666666666667,16:15,13
26.916666666666668,172.91666666666666,4.1499999999999995,16:20,13
26.75,160.41666666666666,4.1499999999999995,16:25,13
26.583333333333332,148.91666666666666,4.158333333333333,16:30,13
26.5,132.16666666666666,4.166666666666667,16:35,13
26.333333333333332,117.66666666666667,4.175,16:40,13
26.166666666666668,105.25,4.183333333333334,16:45,13
26.166666666666668,95.83333333333333,4.2,16:50,13
26.083333333333332,84.83333333333333,4.2250000000000005,16:55,13
25.833333333333332,76.75,4.258333333333334,17:00,13
25.666666666666668,66.91666666666667,4.283333333333333,17:05,13
25.666666666666668,57.583333333333336,4.341666666666667,17:10,13
25.666666666666668,50.416666666666664,4.383333333333334,17:15,13
25.666666666666668,44.416666666666664,4.433333333333334,17:20,13
25.666666666666668,37.166666666666664,4.491666666666666,17:25,13
25.666666666666668,31.75,4.558333333333334,17:30,13
25.75,26.0,4.6000000000000005,17:35,13
25.75,22.0,4.658333333333333,17:40,13
25.75,18.583333333333332,4.716666666666667,17:45,13
25.666666666666668,13.833333333333334,4.7749999999999995,17:50,13
25.666666666666668,11.25,4.825,17:55,13
25.666666666666668,8.583333333333334,4.883333333333333,18:00,13
25.666666666666668,7.083333333333333,4.916666666666667,18:05,13
25.666666666666668,6.0,4.958333333333333,18:10,13
25.666666666666668,5.333333333333333,4.991666666666666,18:15,13
25.583333333333332,3.4166666666666665,4.991666666666666,18:20,13
25.583333333333332,2.1666666666666665,5.0249999999999995,18:25,13
25.583333333333332,0.75,5.058333333333334,18:30,13
25.583333333333332,0.16666666666666666,5.091666666666667,18:35,13
25.583333333333332,0.0,5.125,18:40,13
25.583333333333332,0.0,5.166666666666667,18:45,13
25.583333333333332,0.0,5.216666666666667,18:50,13
25.583333333333332,0.0,5.241666666666666,18:55,13
25.5,0.0,5.283333333333333,19:00,13
25.416666666666668,0.0,5.3,19:05,13
25.416666666666668,0.0,5.3,19:10,13
25.416666666666668,0.0,5.3,19:15,13
25.416666666666668,0.0,5.316666666666666,19:20,13
25.416666666666668,0.0,5.325,19:25,13
25.416666666666668,0.0,5.316666666666666,19:30,13
25.416666666666668,0.0,5.3500000000000005,19:35,13
25.416666666666668,0.0,5.325,19:40,13
25.416666666666668,0.0,5.333333333333333,19:45,13
25.416666666666668,0.0,5.358333333333333,19:50,13
25.416666666666668,0.0,5.3500000000000005,19:55,13
25.416666666666668,0.0,5.3500000000000005,20:00,13
25.416666666666668,0.0,5.3500000000000005,20:05,13
25.166666666666668,0.0,5.341666666666666,20:10,13
24.916666666666668,0.0,5.325,20:15,13
24.916666666666668,0.0,5.325,20:20,13
24.833333333333332,0.0,5.308333333333334,20:25,13
24.833333333333332,0.0,5.3,20:30,13
24.75,0.0,5.291666666666667,20:35,13
24.666666666666668,0.0,5.291666666666667,20:40,13
24.666666666666668,0.0,5.2749999999999995,20:45,13
24.666666666666668,0.0,5.258333333333334,20:50,13
24.666666666666668,0.0,5.258333333333334,20:55,13
24.416666666666668,0.0,5.25,21:00,13
24.25,0.0,5.2250000000000005,21:05,13
24.083333333333332,0.0,5.208333333333333,21:10,13
24.083333333333332,0.0,5.191666666666666,21:15,13
24.083333333333332,0.0,5.1499999999999995,21:20,13
23.916666666666668,0.0,5.125,21:25,13
23.916666666666668,0.0,5.091666666666667,21:30,13
23.833333333333332,0.0,5.066666666666666,21:35,13
23.833333333333332,0.0,5.041666666666667,21:40,13
23.75,0.0,5.008333333333334,21:45,13
23.75,0.0,4.991666666666666,21:50,13
23.666666666666668,0.0,4.958333333333333,21:55,13
23.666666666666668,0.0,4.933333333333333,22:00,13
23.666666666666668,0.0,4.8999999999999995,22:05,13
23.666666666666668,0.0,4.883333333333334,22:10,13
23.666666666666668,0.0,4.8500000000000005,22:15,13
23.583333333333332,0.0,4.816666666666666,22:20,13
23.583333333333332,0.0,4.8,22:25,13
23.583333333333332,0.0,4.766666666666667,22:30,13
23.416666666666668,0.0,4.758333333333334,22:35,13
23.416666666666668,0.0,4.75,22:40,13
23.416666666666668,0.0,4.716666666666667,22:45,13
23.416666666666668,0.0,4.716666666666667,22:50,13
23.416666666666668,0.0,4.683333333333334,22:55,13
23.416666666666668,0.0,4.675,23:00,13
23.416666666666668,0.0,4.658333333333333,23:05,13
23.416666666666668,0.0,4.6499999999999995,23:10,13
23.416666666666668,0.0,4.633333333333334,23:15,13
23.416666666666668,0.0,4.616666666666666,23:20,13
23.416666666666668,0.0,4.6000000000000005,23:25,13
23.333333333333332,0.0,4.591666666666667,23:30,13
23.333333333333332,0.0,4.583333333333333,23:35,13
23.25,0.0,4.575,23:40,13
23.25,0.0,4.55,23:45,13
23.166666666666668,0.0,4.558333333333333,23:50,13
23.083333333333332,0.0,4.541666666666667,23:55,13
23.083333333333332,0.0,4.55,00:00,14
23.083333333333332,0.0,4.541666666666667,00:05,14
23.083333333333332,0.0,4.533333333333333,00:10,14
23.083333333333332,0.0,4.5249999999999995,00:15,14
23.083333333333332,0.0,4.508333333333334,00:20,14
23.083333333333332,0.0,4.508333333333334,00:25,14
23.0,0.0,4.516666666666667,00:30,14
23.083333333333332,0.0,4.516666666666667,00:35,14
23.083333333333332,0.0,4.508333333333334,00:40,14
23.083333333333332,0.0,4.508333333333334,00:45,14
23.083333333333332,0.0,4.508333333333334,00:50,14
23.083333333333332,0.0,4.508333333333334,00:55,14
23.083333333333332,0.0,4.508333333333334,01:00,14
23.083333333333332,0.0,4.516666666666667,01:05,14
23.083333333333332,0.0,4.533333333333333,01:10,14
23.083333333333332,0.0,4.533333333333333,01:15,14
23.0,0.0,4.55,01:20,14
23.0,0.0,4.591666666666667,01:25,14
23.0,0.0,4.591666666666667,01:30,14
23.0,0.0,4.608333333333333,01:35,14
23.0,0.0,4.625,01:40,14
23.0,0.0,4.641666666666667,01:45,14
23.0,0.0,4.6499999999999995,01:50,14
23.0,0.0,4.666666666666667,01:55,14
23.0,0.0,4.7,02:00,14
23.0,0.0,4.691666666666666,02:05,14
23.0,0.0,4.658333333333333,02:10,14
23.0,0.0,4.658333333333333,02:15,14
22.916666666666668,0.0,4.641666666666667,02:20,14
22.916666666666668,0.0,4.625,02:25,14
22.833333333333332,0.0,4.608333333333333,02:30,14
22.75,0.0,4.616666666666666,02:35,14
22.75,0.0,4.608333333333333,02:40,14
22.75,0.0,4.591666666666667,02:45,14
22.75,0.0,4.558333333333334,02:50,14
22.75,0.0,4.558333333333334,02:55,14
22.666666666666668,0.0,4.55,03:00,14
22.666666666666668,0.0,4.533333333333333,03:05,14
22.666666666666668,0.0,4.508333333333334,03:10,14
22.666666666666668,0.0,4.5,03:15,14
22.666666666666668,0.0,4.466666666666667,03:20,14
22.583333333333332,0.0,4.45,03:25,14
22.583333333333332,0.0,4.416666666666667,03:30,14
22.416666666666668,0.0,4.416666666666667,03:35,14
22.333333333333332,0.0,4.408333333333333,03:40,14
22.333333333333332,0.0,4.375,03:45,14
22.416666666666668,0.0,4.366666666666666,03:50,14
22.416666666666668,0.0,4.3500000000000005,03:55,14
22.416666666666668,0.0,4.333333333333333,04:00,14
22.416666666666668,0.0,4.3,04:05,14
22.416666666666668,0.0,4.258333333333334,04:10,14
22.416666666666668,0.0,4.216666666666667,04:15,14
22.583333333333332,0.0,4.175,04:20,14
22.583333333333332,0.0,4.125,04:25,14
22.75,0.0,4.091666666666667,04:30,14
22.666666666666668,0.0,4.016666666666667,04:35,14
22.666666666666668,0.0,3.9916666666666667,04:40,14
22.75,0.0,3.9416666666666664,04:45,14
22.666666666666668,0.0,3.9166666666666665,04:50,14
22.666666666666668,0.0,3.8666666666666667,04:55,14
22.666666666666668,0.0,3.8333333333333335,05:00,14
22.666666666666668,0.0,3.8166666666666664,05:05,14
22.666666666666668,0.0,3.8083333333333336,05:10,14
22.666666666666668,0.0,3.808333333333333,05:15,14
22.666666666666668,0.0,3.8333333333333335,05:20,14
22.666666666666668,0.16666666666666666,3.8333333333333335,05:25,14
22.666666666666668,0.9166666666666666,3.841666666666667,05:30,14
22.666666666666668,2.9166666666666665,3.841666666666667,05:35,14
22.666666666666668,3.6666666666666665,3.85,05:40,14
22.666666666666668,5.166666666666667,3.8666666666666667,05:45,14
22.583333333333332,8.0,3.8833333333333333,05:50,14
22.583333333333332,8.75,3.9,05:55,14
22.583333333333332,12.416666666666666,3.9,06:00,14
22.583333333333332,17.75,3.908333333333333,06:05,14
22.583333333333332,20.75,3.9,06:10,14
22.583333333333332,25.666666666666668,3.908333333333333,06:15,14
22.666666666666668,29.583333333333332,3.8833333333333333,06:20,14
22.666666666666668,34.666666666666664,3.8833333333333333,06:25,14
22.666666666666668,39.333333333333336,3.85,06:30,14
22.666666666666668,45.0,3.841666666666667,06:35,14
22.666666666666668,51.25,3.841666666666667,06:40,14
22.666666666666668,58.416666666666664,3.85,06:45,14
22.666666666666668,66.5,3.8333333333333335,06:50,14
22.666666666666668,72.75,3.8083333333333336,06:55,14
22.583333333333332,80.75,3.8249999999999997,07:00,14
22.583333333333332,91.0,3.8083333333333336,07:05,14
22.666666666666668,100.16666666666667,3.7916666666666665,07:10,14
22.666666666666668,106.41666666666667,3.775,07:15,14
22.666666666666668,112.33333333333333,3.75,07:20,14
22.666666666666668,123.08333333333333,3.716666666666667,07:25,14
22.666666666666668,128.25,3.716666666666667,07:30,14
22.583333333333332,135.91666666666666,3.6999999999999997,07:35,14
22.583333333333332,146.25,3.6750000000000003,07:40,14
22.583333333333332,158.83333333333334,3.658333333333333,07:45,14
22.583333333333332,171.91666666666666,3.641666666666667,07:50,14
22.583333333333332,180.25,3.641666666666667,07:55,14
22.583333333333332,192.16666666666666,3.625,08:00,14
22.666666666666668,196.58333333333334,3.6,08:05,14
22.833333333333332,207.08333333333334,3.6,08:10,14
23.166666666666668,216.33333333333334,3.591666666666667,08:15,14
23.25,230.75,3.5749999999999997,08:20,14
23.333333333333332,242.75,3.5749999999999997,08:25,14
23.5,253.16666666666666,3.5749999999999997,08:30,14
23.75,271.3333333333333,3.5500000000000003,08:35,14
23.833333333333332,281.1666666666667,3.5416666666666665,08:40,14
23.833333333333332,289.5,3.516666666666667,08:45,14
24.166666666666668,292.6666666666667,3.525,08:50,14
24.333333333333332,296.5,3.5,08:55,14
24.416666666666668,294.4166666666667,3.5083333333333333,09:00,14
24.583333333333332,293.1666666666667,3.4916666666666667,09:05,14
24.666666666666668,299.5833333333333,3.5083333333333333,09:10,14
24.583333333333332,307.3333333333333,3.5,09:15,14
24.75,319.75,3.516666666666667,09:20,14
24.833333333333332,329.25,3.533333333333333,09:25,14
24.833333333333332,331.75,3.533333333333333,09:30,14
24.833333333333332,336.25,3.5499999999999994,09:35,14
24.916666666666668,334.75,3.5500000000000003,09:40,14
25.0,342.0,3.5500000000000003,09:45,14
25.0,335.0833333333333,3.5833333333333335,09:50,14
25.083333333333332,343.0,3.591666666666667,09:55,14
25.083333333333332,363.8333333333333,3.625,10:00,14
25.166666666666668,377.0833333333333,3.608333333333333,10:05,14
25.166666666666668,373.5833333333333,3.608333333333333,10:10,14
25.25,380.9166666666667,3.6166666666666667,10:15,14
25.25,378.25,3.6166666666666667,10:20,14
25.25,374.3333333333333,3.608333333333333,10:25,14
25.25,378.1666666666667,3.6333333333333333,10:30,14
25.25,383.25,3.6333333333333333,10:35,14
25.25,383.9166666666667,3.641666666666667,10:40,14
25.25,384.1666666666667,3.6583333333333337,10:45,14
25.25,382.3333333333333,3.6500000000000004,10:50,14
25.25,385.8333333333333,3.6666666666666665,10:55,14
25.25,381.25,3.6666666666666665,11:00,14
25.416666666666668,370.25,3.6750000000000003,11:05,14
25.666666666666668,374.25,3.6999999999999997,11:10,14
25.75,371.8333333333333,3.6999999999999997,11:15,14
25.833333333333332,368.5833333333333,3.716666666666667,11:20,14
25.833333333333332,356.5833333333333,3.716666666666667,11:25,14
26.083333333333332,356.0,3.733333333333333,11:30,14
26.416666666666668,363.5833333333333,3.7416666666666667,11:35,14
26.5,392.1666666666667,3.75,11:40,14
26.666666666666668,427.4166666666667,3.766666666666667,11:45,14
26.666666666666668,445.0833333333333,3.766666666666667,11:50,14
26.75,452.5833333333333,3.7916666666666665,11:55,14
26.833333333333332,466.0833333333333,3.8166666666666664,12:00,14
26.833333333333332,476.9166666666667,3.8249999999999997,12:05,14
27.0,481.5833333333333,3.841666666666667,12:10,14
27.0,494.1666666666667,3.858333333333333,12:15,14
27.0,496.0833333333333,3.875,12:20,14
27.0,480.5833333333333,3.908333333333333,12:25,14
27.0,463.6666666666667,3.9333333333333336,12:30,14
27.0,472.1666666666667,3.9583333333333335,12:35,14
27.0,476.3333333333333,3.975,12:40,14
27.0,488.3333333333333,4.0,12:45,14
27.0,484.25,4.041666666666667,12:50,14
27.166666666666668,480.9166666666667,4.041666666666667,12:55,14
27.166666666666668,471.0,4.075,13:00,14
27.166666666666668,468.1666666666667,4.075,13:05,14
27.25,459.25,4.108333333333333,13:10,14
27.25,454.3333333333333,4.108333333333333,13:15,14
27.25,452.8333333333333,4.116666666666666,13:20,14
27.25,444.0833333333333,4.1499999999999995,13:25,14
27.25,440.9166666666667,4.1499999999999995,13:30,14
27.333333333333332,438.9166666666667,4.166666666666667,13:35,14
27.333333333333332,434.3333333333333,4.183333333333334,13:40,14
27.333333333333332,440.5,4.208333333333333,13:45,14
27.416666666666668,431.9166666666667,4.216666666666667,13:50,14
27.5,439.9166666666667,4.2250000000000005,13:55,14
27.5,440.6666666666667,4.241666666666666,14:00,14
27.5,439.9166666666667,4.241666666666666,14:05,14
27.5,424.8333333333333,4.233333333333333,14:10,14
27.5,418.1666666666667,4.233333333333333,14:15,14
27.5,412.5,4.216666666666667,14:20,14
27.583333333333332,407.1666666666667,4.216666666666667,14:25,14
27.583333333333332,389.6666666666667,4.208333333333333,14:30,14
27.583333333333332,372.5833333333333,4.2,14:35,14
27.583333333333332,367.75,4.208333333333333,14:40,14
27.666666666666668,360.8333333333333,4.208333333333333,14:45,14
27.666666666666668,360.3333333333333,4.2,14:50,14
27.75,353.9166666666667,4.2250000000000005,14:55,14
27.75,347.0833333333333,4.2250000000000005,15:00,14
27.75,348.0,4.2250000000000005,15:05,14
27.833333333333332,345.1666666666667,4.191666666666666,15:10,14
27.833333333333332,338.9166666666667,4.183333333333334,15:15,14
27.833333333333332,322.25,4.175,15:20,14
27.833333333333332,313.6666666666667,4.158333333333333,15:25,14
27.833333333333332,303.4166666666667,4.158333333333333,15:30,14
27.75,289.25,4.141666666666667,15:35,14
27.75,277.0,4.141666666666667,15:40,14
27.666666666666668,263.75,4.166666666666667,15:45,14
27.666666666666668,259.5,4.166666666666667,15:50,14
27.666666666666668,246.58333333333334,4.166666666666667,15:55,14
27.75,235.33333333333334,4.183333333333334,16:00,14
27.666666666666668,221.25,4.1499999999999995,16:05,14
27.5,211.41666666666666,4.091666666666667,16:10,14
27.416666666666668,199.58333333333334,4.058333333333334,16:15,14
27.166666666666668,181.08333333333334,4.0,16:20,14
26.833333333333332,169.33333333333334,3.9499999999999997,16:25,14
26.833333333333332,155.0,3.908333333333333,16:30,14
26.5,151.08333333333334,3.8666666666666667,16:35,14
26.333333333333332,143.25,3.8249999999999997,16:40,14
26.083333333333332,133.66666666666666,3.7916666666666665,16:45,14
25.833333333333332,121.25,3.7583333333333333,16:50,14
25.583333333333332,109.0,3.7249999999999996,16:55,14
25.416666666666668,90.66666666666667,3.7083333333333335,17:00,14
25.333333333333332,80.25,3.6916666666666664,17:05,14
25.333333333333332,73.41666666666667,3.7083333333333335,17:10,14
25.333333333333332,67.58333333333333,3.7416666666666667,17:15,14
25.333333333333332,61.916666666666664,3.7583333333333333,17:20,14
25.333333333333332,53.25,3.7916666666666665,17:25,14
25.333333333333332,44.333333333333336,3.8166666666666664,17:30,14
25.333333333333332,35.666666666666664,3.85,17:35,14
25.25,30.583333333333332,3.891666666666667,17:40,14
25.25,25.166666666666668,3.9333333333333336,17:45,14
25.25,21.75,3.975,17:50,14
25.25,17.0,4.016666666666667,17:55,14
25.25,13.25,4.058333333333334,18:00,14
25.25,9.833333333333334,4.066666666666666,18:05,14
25.25,7.666666666666667,4.091666666666667,18:10,14
25.166666666666668,5.666666666666667,4.125,18:15,14
24.916666666666668,3.3333333333333335,4.133333333333333,18:20,14
24.916666666666668,2.1666666666666665,4.1499999999999995,18:25,14
24.916666666666668,1.0833333333333333,4.175,18:30,14
24.916666666666668,0.3333333333333333,4.191666666666666,18:35,14
24.916666666666668,0.0,4.2,18:40,14
25.0,0.0,4.233333333333333,18:45,14
25.083333333333332,0.0,4.266666666666667,18:50,14
25.083333333333332,0.0,4.283333333333333,18:55,14
25.083333333333332,0.0,4.291666666666667,19:00,14
25.083333333333332,0.0,4.325,19:05,14
25.0,0.0,4.316666666666666,19:10,14
25.0,0.0,4.316666666666666,19:15,14
25.0,0.0,4.316666666666666,19:20,14
25.0,0.0,4.291666666666667,19:25,14
24.916666666666668,0.0,4.308333333333334,19:30,14
24.916666666666668,0.0,4.316666666666666,19:35,14
24.916666666666668,0.0,4.3,19:40,14
24.916666666666668,0.0,4.3,19:45,14
25.0,0.0,4.316666666666666,19:50,14
25.0,0.0,4.325,19:55,14
25.0,0.0,4.316666666666666,20:00,14
25.0,0.0,4.341666666666667,20:05,14
25.0,0.0,4.325,20:10,14
24.916666666666668,0.0,4.308333333333334,20:15,14
24.833333333333332,0.0,4.308333333333334,20:20,14
24.666666666666668,0.0,4.316666666666666,20:25,14
24.666666666666668,0.0,4.316666666666666,20:30,14
24.583333333333332,0.0,4.308333333333334,20:35,14
24.5,0.0,4.316666666666666,20:40,14
24.5,0.0,4.316666666666666,20:45,14
24.5,0.0,4.3,20:50,14
24.416666666666668,0.0,4.316666666666666,20:55,14
24.333333333333332,0.0,4.316666666666666,21:00,14
24.333333333333332,0.0,4.308333333333334,21:05,14
24.083333333333332,0.0,4.325,21:10,14
24.0,0.0,4.325,21:15,14
24.0,0.0,4.325,21:20,14
23.916666666666668,0.0,4.325,21:25,14
23.916666666666668,0.0,4.325,21:30,14
23.833333333333332,0.0,4.3500000000000005,21:35,14
23.833333333333332,0.0,4.341666666666667,21:40,14
23.833333333333332,0.0,4.358333333333333,21:45,14
23.75,0.0,4.358333333333333,21:50,14
23.75,0.0,4.358333333333333,21:55,14
23.583333333333332,0.0,4.366666666666666,22:00,14
23.583333333333332,0.0,4.366666666666666,22:05,14
23.583333333333332,0.0,4.366666666666666,22:10,14
23.583333333333332,0.0,4.341666666666667,22:15,14
23.666666666666668,0.0,4.325,22:20,14
23.666666666666668,0.0,4.325,22:25,14
23.666666666666668,0.0,4.316666666666666,22:30,14
23.666666666666668,0.0,4.308333333333334,22:35,14
23.666666666666668,0.0,4.291666666666667,22:40,14
23.666666666666668,0.0,4.3,22:45,14
23.666666666666668,0.0,4.2749999999999995,22:50,14
23.666666666666668,0.0,4.291666666666667,22:55,14
23.666666666666668,0.0,4.266666666666667,23:00,14
23.666666666666668,0.0,4.25,23:05,14
23.666666666666668,0.0,4.241666666666666,23:10,14
23.666666666666668,0.0,4.241666666666666,23:15,14
23.666666666666668,0.0,4.2250000000000005,23:20,14
23.583333333333332,0.0,4.2250000000000005,23:25,14
23.583333333333332,0.0,4.208333333333333,23:30,14
23.333333333333332,0.0,4.191666666666666,23:35,14
23.333333333333332,0.0,4.183333333333334,23:40,14
23.333333333333332,0.0,4.166666666666667,23:45,14
23.333333333333332,0.0,4.141666666666667,23:50,14
23.333333333333332,0.0,4.1499999999999995,23:55,14
23.25,0.0,4.1499999999999995,00:00,15
23.25,0.0,4.108333333333333,00:05,15
23.333333333333332,0.0,4.116666666666666,00:10,15
23.333333333333332,0.0,4.108333333333333,00:15,15
23.333333333333332,0.0,4.1,00:20,15
23.333333333333332,0.0,4.091666666666667,00:25,15
23.333333333333332,0.0,4.091666666666667,00:30,15
23.25,0.0,4.083333333333333,00:35,15
23.25,0.0,4.083333333333333,00:40,15
23.25,0.0,4.083333333333333,00:45,15
23.166666666666668,0.0,4.083333333333333,00:50,15
23.166666666666668,0.0,4.066666666666666,00:55,15
23.166666666666668,0.0,4.066666666666666,01:00,15
23.166666666666668,0.0,4.066666666666666,01:05,15
23.166666666666668,0.0,4.05,01:10,15
23.166666666666668,0.0,4.0249999999999995,01:15,15
23.166666666666668,0.0,4.0249999999999995,01:20,15
23.166666666666668,0.0,4.0249999999999995,01:25,15
23.166666666666668,0.0,4.008333333333334,01:30,15
23.083333333333332,0.0,3.9916666666666667,01:35,15
23.083333333333332,0.0,3.975,01:40,15
23.083333333333332,0.0,3.983333333333333,01:45,15
23.083333333333332,0.0,3.983333333333333,01:50,15
23.083333333333332,0.0,3.966666666666667,01:55,15
23.083333333333332,0.0,3.9583333333333335,02:00,15
23.083333333333332,0.0,3.9499999999999997,02:05,15
23.083333333333332,0.0,3.9333333333333336,02:10,15
23.083333333333332,0.0,3.891666666666667,02:15,15
23.083333333333332,0.0,3.8833333333333333,02:20,15
23.083333333333332,0.0,3.85,02:25,15
23.083333333333332,0.0,3.8333333333333335,02:30,15
23.083333333333332,0.0,3.8166666666666664,02:35,15
23.083333333333332,0.0,3.8000000000000003,02:40,15
23.083333333333332,0.0,3.8000000000000003,02:45,15
23.083333333333332,0.0,3.783333333333333,02:50,15
23.0,0.0,3.766666666666667,02:55,15
23.0,0.0,3.766666666666667,03:00,15
23.0,0.0,3.7583333333333333,03:05,15
23.0,0.0,3.7416666666666667,03:10,15
23.0,0.0,3.7416666666666667,03:15,15
23.0,0.0,3.7249999999999996,03:20,15
22.916666666666668,0.0,3.7083333333333335,03:25,15
22.833333333333332,0.0,3.7083333333333335,03:30,15
22.916666666666668,0.0,3.725,03:35,15
22.916666666666668,0.0,3.6916666666666664,03:40,15
22.916666666666668,0.0,3.7083333333333335,03:45,15
22.916666666666668,0.0,3.7083333333333335,03:50,15
22.916666666666668,0.0,3.716666666666667,03:55,15
22.833333333333332,0.0,3.725,04:00,15
22.833333333333332,0.0,3.7083333333333335,04:05,15
23.0,0.0,3.65,04:10,15
23.0,0.0,3.641666666666667,04:15,15
22.916666666666668,0.0,3.591666666666667,04:20,15
22.916666666666668,0.0,3.5666666666666664,04:25,15
23.0,0.0,3.5583333333333336,04:30,15
23.0,0.0,3.5833333333333335,04:35,15
23.0,0.0,3.5583333333333336,04:40,15
23.083333333333332,0.0,3.5666666666666664,04:45,15
23.083333333333332,0.0,3.5749999999999997,04:50,15
23.083333333333332,0.0,3.5833333333333335,04:55,15
23.083333333333332,0.0,3.5833333333333335,05:00,15
23.083333333333332,0.0,3.6,05:05,15
23.083333333333332,0.0,3.6,05:10,15
23.083333333333332,0.0,3.608333333333333,05:15,15
23.083333333333332,0.0,3.608333333333333,05:20,15
23.083333333333332,0.16666666666666666,3.65,05:25,15
23.083333333333332,0.9166666666666666,3.65,05:30,15
23.166666666666668,2.75,3.658333333333333,05:35,15
23.166666666666668,4.0,3.658333333333333,05:40,15
23.166666666666668,5.833333333333333,3.6833333333333336,05:45,15
23.166666666666668,7.583333333333333,3.6833333333333336,05:50,15
23.166666666666668,9.833333333333334,3.6999999999999997,05:55,15
23.166666666666668,13.916666666666666,3.7083333333333335,06:00,15
23.166666666666668,16.916666666666668,3.7083333333333335,06:05,15
23.166666666666668,21.833333333333332,3.7083333333333335,06:10,15
23.166666666666668,26.833333333333332,3.6750000000000003,06:15,15
23.166666666666668,31.833333333333332,3.65,06:20,15
23.166666666666668,37.75,3.65,06:25,15
23.083333333333332,44.916666666666664,3.641666666666667,06:30,15
23.083333333333332,51.416666666666664,3.65,06:35,15
23.083333333333332,60.166666666666664,3.641666666666667,06:40,15
23.083333333333332,65.83333333333333,3.6333333333333333,06:45,15
23.083333333333332,75.91666666666667,3.6333333333333333,06:50,15
23.083333333333332,84.08333333333333,3.608333333333333,06:55,15
23.166666666666668,91.16666666666667,3.6166666666666667,07:00,15
23.166666666666668,100.16666666666667,3.625,07:05,15
23.166666666666668,107.33333333333333,3.6333333333333333,07:10,15
23.166666666666668,119.75,3.625,07:15,15
23.083333333333332,124.5,3.608333333333333,07:20,15
23.083333333333332,135.66666666666666,3.6333333333333333,07:25,15
23.083333333333332,138.91666666666666,3.625,07:30,15
23.166666666666668,147.0,3.641666666666666,07:35,15
23.166666666666668,160.58333333333334,3.641666666666667,07:40,15
23.166666666666668,168.75,3.658333333333333,07:45,15
23.083333333333332,177.91666666666666,3.65,07:50,15
23.0,189.0,3.658333333333333,07:55,15
22.916666666666668,201.33333333333334,3.6750000000000003,08:00,15
23.083333333333332,210.66666666666666,3.6750000000000003,08:05,15
23.416666666666668,220.83333333333334,3.6750000000000003,08:10,15
23.5,234.0,3.6750000000000003,08:15,15
23.583333333333332,242.83333333333334,3.6666666666666665,08:20,15
23.75,255.83333333333334,3.6666666666666665,08:25,15
23.916666666666668,259.3333333333333,3.6750000000000003,08:30,15
23.916666666666668,262.0833333333333,3.6666666666666665,08:35,15
24.166666666666668,263.75,3.6666666666666665,08:40,15
24.5,271.5,3.6666666666666665,08:45,15
24.5,278.5,3.658333333333333,08:50,15
24.583333333333332,281.4166666666667,3.6916666666666664,08:55,15
24.583333333333332,292.1666666666667,3.6833333333333336,09:00,15
24.666666666666668,301.5,3.6916666666666664,09:05,15
24.75,310.3333333333333,3.6916666666666664,09:10,15
24.916666666666668,314.4166666666667,3.6833333333333336,09:15,15
24.916666666666668,314.4166666666667,3.6750000000000003,09:20,15
25.0,320.4166666666667,3.6833333333333336,09:25,15
25.0,316.5,3.6750000000000003,09:30,15
25.0,320.0833333333333,3.6750000000000003,09:35,15
25.166666666666668,327.8333333333333,3.6999999999999997,09:40,15
25.25,332.75,3.6916666666666664,09:45,15
25.25,339.75,3.6833333333333336,09:50,15
25.25,354.4166666666667,3.6916666666666664,09:55,15
25.416666666666668,363.5,3.6833333333333336,10:00,15
25.416666666666668,373.5833333333333,3.6999999999999997,10:05,15
25.416666666666668,374.9166666666667,3.7083333333333335,10:10,15
25.333333333333332,377.5833333333333,3.716666666666667,10:15,15
25.333333333333332,382.3333333333333,3.7166666666666663,10:20,15
25.333333333333332,385.75,3.725,10:25,15
25.333333333333332,387.0,3.75,10:30,15
25.333333333333332,397.6666666666667,3.75,10:35,15
25.333333333333332,392.5,3.783333333333333,10:40,15
25.5,400.5833333333333,3.775,10:45,15
25.5,414.3333333333333,3.8000000000000003,10:50,15
25.5,431.6666666666667,3.7916666666666665,10:55,15
25.416666666666668,436.9166666666667,3.8166666666666664,11:00,15
25.5,455.9166666666667,3.8083333333333336,11:05,15
25.583333333333332,458.0,3.8249999999999997,11:10,15
25.583333333333332,474.6666666666667,3.85,11:15,15
25.666666666666668,472.75,3.841666666666667,11:20,15
25.833333333333332,483.5833333333333,3.8333333333333335,11:25,15
25.916666666666668,476.5,3.85,11:30,15
26.0,486.3333333333333,3.841666666666667,11:35,15
26.25,488.1666666666667,3.85,11:40,15
26.25,507.75,3.858333333333333,11:45,15
26.333333333333332,499.0833333333333,3.875,11:50,15
26.583333333333332,497.6666666666667,3.8833333333333333,11:55,15
26.583333333333332,488.8333333333333,3.8833333333333333,12:00,15
26.583333333333332,486.4166666666667,3.8833333333333333,12:05,15
26.666666666666668,495.9166666666667,3.8833333333333333,12:10,15
26.666666666666668,493.6666666666667,3.8666666666666667,12:15,15
26.666666666666668,493.75,3.858333333333333,12:20,15
26.666666666666668,502.0,3.8666666666666667,12:25,15
26.666666666666668,501.75,3.841666666666667,12:30,15
26.666666666666668,509.25,3.841666666666667,12:35,15
26.666666666666668,515.0,3.85,12:40,15
26.666666666666668,515.6666666666666,3.8249999999999997,12:45,15
26.666666666666668,513.1666666666666,3.8333333333333335,12:50,15
26.666666666666668,509.75,3.8333333333333335,12:55,15
26.666666666666668,494.0833333333333,3.8333333333333335,13:00,15
26.666666666666668,497.9166666666667,3.8249999999999997,13:05,15
26.666666666666668,492.5,3.8333333333333335,13:10,15
26.666666666666668,493.9166666666667,3.8333333333333335,13:15,15
26.916666666666668,494.9166666666667,3.8333333333333335,13:20,15
26.916666666666668,498.0833333333333,3.8249999999999997,13:25,15
26.916666666666668,489.75,3.8333333333333335,13:30,15
26.916666666666668,481.3333333333333,3.8166666666666664,13:35,15
26.916666666666668,456.3333333333333,3.8333333333333335,13:40,15
26.916666666666668,437.0,3.8333333333333335,13:45,15
26.916666666666668,427.5833333333333,3.8333333333333335,13:50,15
26.916666666666668,423.5,3.8333333333333335,13:55,15
26.916666666666668,424.0833333333333,3.8333333333333335,14:00,15
26.916666666666668,413.8333333333333,3.8249999999999997,14:05,15
26.916666666666668,398.8333333333333,3.8499999999999996,14:10,15
26.916666666666668,389.0833333333333,3.85,14:15,15
27.0,380.8333333333333,3.85,14:20,15
27.0,387.0833333333333,3.8666666666666667,14:25,15
27.0,374.5833333333333,3.8833333333333333,14:30,15
27.0,355.0833333333333,3.875,14:35,15
27.0,346.0,3.8833333333333333,14:40,15
27.0,332.9166666666667,3.908333333333333,14:45,15
27.083333333333332,322.5,3.908333333333333,14:50,15
27.083333333333332,315.8333333333333,3.9333333333333336,14:55,15
27.083333333333332,307.5833333333333,3.9416666666666664,15:00,15
27.083333333333332,300.5833333333333,3.9499999999999997,15:05,15
27.166666666666668,295.25,3.9250000000000003,15:10,15
27.166666666666668,284.5833333333333,3.9333333333333336,15:15,15
27.166666666666668,270.8333333333333,3.908333333333333,15:20,15
27.166666666666668,251.66666666666666,3.875,15:25,15
27.166666666666668,246.25,3.8666666666666667,15:30,15
27.166666666666668,236.08333333333334,3.8833333333333333,15:35,15
27.166666666666668,233.83333333333334,3.858333333333333,15:40,15
27.166666666666668,231.25,3.841666666666667,15:45,15
27.166666666666668,234.08333333333334,3.8249999999999997,15:50,15
27.166666666666668,224.83333333333334,3.8166666666666664,15:55,15
27.166666666666668,213.91666666666666,3.7916666666666665,16:00,15
27.083333333333332,198.58333333333334,3.8000000000000003,16:05,15
27.083333333333332,187.41666666666666,3.775,16:10,15
26.916666666666668,175.66666666666666,3.75,16:15,15
26.583333333333332,165.08333333333334,3.725,16:20,15
26.5,158.91666666666666,3.7083333333333335,16:25,15
26.5,149.91666666666666,3.6833333333333336,16:30,15
26.333333333333332,138.66666666666666,3.6750000000000003,16:35,15
26.333333333333332,125.58333333333333,3.65,16:40,15
25.916666666666668,115.41666666666667,3.65,16:45,15
25.833333333333332,103.58333333333333,3.6166666666666667,16:50,15
25.833333333333332,94.41666666666667,3.6166666666666667,16:55,15
25.75,79.83333333333333,3.6166666666666667,17:00,15
25.75,71.58333333333333,3.608333333333333,17:05,15
25.75,63.083333333333336,3.641666666666667,17:10,15
25.666666666666668,54.25,3.6666666666666665,17:15,15
25.5,47.833333333333336,3.6833333333333336,17:20,15
25.5,44.25,3.6999999999999997,17:25,15
25.5,39.083333333333336,3.75,17:30,15
25.416666666666668,35.0,3.733333333333333,17:35,15
25.416666666666668,28.333333333333332,3.7916666666666665,17:40,15
25.333333333333332,22.166666666666668,3.816666666666667,17:45,15
25.333333333333332,16.666666666666668,3.841666666666667,17:50,15
25.333333333333332,13.583333333333334,3.8833333333333333,17:55,15
25.333333333333332,10.0,3.9250000000000003,18:00,15
25.333333333333332,7.333333333333333,3.9416666666666664,18:05,15
25.333333333333332,4.75,3.966666666666667,18:10,15
25.333333333333332,3.5833333333333335,3.975,18:15,15
25.333333333333332,3.25,4.008333333333334,18:20,15
25.333333333333332,2.0,4.033333333333333,18:25,15
25.333333333333332,0.9166666666666666,4.066666666666666,18:30,15
25.333333333333332,0.25,4.091666666666667,18:35,15
25.333333333333332,0.0,4.141666666666667,18:40,15
25.333333333333332,0.0,4.191666666666666,18:45,15
25.333333333333332,0.0,4.233333333333333,18:50,15
25.333333333333332,0.0,4.25,18:55,15
25.333333333333332,0.0,4.325,19:00,15
25.333333333333332,0.0,4.358333333333333,19:05,15
25.333333333333332,0.0,4.391666666666667,19:10,15
25.333333333333332,0.0,4.416666666666667,19:15,15
25.333333333333332,0.0,4.441666666666666,19:20,15
25.25,0.0,4.466666666666667,19:25,15
25.25,0.0,4.5,19:30,15
25.25,0.0,4.508333333333334,19:35,15
25.166666666666668,0.0,4.55,19:40,15
25.166666666666668,0.0,4.575,19:45,15
25.166666666666668,0.0,4.608333333333333,19:50,15
25.166666666666668,0.0,4.633333333333334,19:55,15
25.083333333333332,0.0,4.666666666666667,20:00,15
25.083333333333332,0.0,4.675,20:05,15
25.0,0.0,4.675,20:10,15
25.0,0.0,4.675,20:15,15
24.916666666666668,0.0,4.658333333333333,20:20,15
24.833333333333332,0.0,4.658333333333333,20:25,15
24.833333333333332,0.0,4.65,20:30,15
24.666666666666668,0.0,4.658333333333333,20:35,15
24.666666666666668,0.0,4.658333333333333,20:40,15
24.666666666666668,0.0,4.658333333333333,20:45,15
24.666666666666668,0.0,4.6499999999999995,20:50,15
24.583333333333332,0.0,4.666666666666667,20:55,15
24.5,0.0,4.658333333333333,21:00,15
24.5,0.0,4.6499999999999995,21:05,15
24.5,0.0,4.633333333333334,21:10,15
24.5,0.0,4.625,21:15,15
24.416666666666668,0.0,4.616666666666666,21:20,15
24.25,0.0,4.608333333333333,21:25,15
24.25,0.0,4.575,21:30,15
24.166666666666668,0.0,4.558333333333334,21:35,15
24.166666666666668,0.0,4.55,21:40,15
24.083333333333332,0.0,4.541666666666667,21:45,15
24.0,0.0,4.533333333333333,21:50,15
23.916666666666668,0.0,4.508333333333334,21:55,15
23.916666666666668,0.0,4.508333333333334,22:00,15
23.916666666666668,0.0,4.508333333333334,22:05,15
23.916666666666668,0.0,4.491666666666666,22:10,15
23.916666666666668,0.0,4.483333333333333,22:15,15
23.833333333333332,0.0,4.4750000000000005,22:20,15
23.833333333333332,0.0,4.441666666666666,22:25,15
23.833333333333332,0.0,4.433333333333334,22:30,15
23.833333333333332,0.0,4.433333333333334,22:35,15
23.833333333333332,0.0,4.408333333333333,22:40,15
23.833333333333332,0.0,4.3999999999999995,22:45,15
23.833333333333332,0.0,4.3999999999999995,22:50,15
23.833333333333332,0.0,4.383333333333334,22:55,15
23.833333333333332,0.0,4.375,23:00,15
23.833333333333332,0.0,4.375,23:05,15
23.75,0.0,4.375,23:10,15
23.75,0.0,4.375,23:15,15
23.75,0.0,4.358333333333333,23:20,15
23.75,0.0,4.358333333333333,23:25,15
23.75,0.0,4.358333333333333,23:30,15
23.75,0.0,4.366666666666666,23:35,15
23.75,0.0,4.366666666666666,23:40,15
23.666666666666668,0.0,4.375,23:45,15
23.666666666666668,0.0,4.375,23:50,15
23.583333333333332,0.0,4.358333333333333,23:55,15
23.583333333333332,0.0,4.375,00:00,16
23.583333333333332,0.0,4.366666666666666,00:05,16
23.583333333333332,0.0,4.391666666666667,00:10,16
23.583333333333332,0.0,4.391666666666667,00:15,16
23.583333333333332,0.0,4.416666666666667,00:20,16
23.583333333333332,0.0,4.425,00:25,16
23.583333333333332,0.0,4.433333333333334,00:30,16
23.5,0.0,4.441666666666666,00:35,16
23.5,0.0,4.458333333333333,00:40,16
23.5,0.0,4.458333333333333,00:45,16
23.5,0.0,4.483333333333333,00:50,16
23.5,0.0,4.508333333333334,00:55,16
23.5,0.0,4.508333333333334,01:00,16
23.5,0.0,4.516666666666667,01:05,16
23.5,0.0,4.516666666666667,01:10,16
23.5,0.0,4.533333333333333,01:15,16
23.5,0.0,4.558333333333333,01:20,16
23.5,0.0,4.558333333333334,01:25,16
23.5,0.0,4.583333333333333,01:30,16
23.5,0.0,4.558333333333334,01:35,16
23.5,0.0,4.583333333333333,01:40,16
23.5,0.0,4.591666666666667,01:45,16
23.5,0.0,4.616666666666666,01:50,16
23.583333333333332,0.0,4.633333333333334,01:55,16
23.5,0.0,4.6499999999999995,02:00,16
23.5,0.0,4.6499999999999995,02:05,16
23.583333333333332,0.0,4.633333333333334,02:10,16
23.5,0.0,4.633333333333334,02:15,16
23.416666666666668,0.0,4.616666666666666,02:20,16
23.416666666666668,0.0,4.608333333333333,02:25,16
23.416666666666668,0.0,4.591666666666667,02:30,16
23.416666666666668,0.0,4.591666666666667,02:35,16
23.416666666666668,0.0,4.566666666666666,02:40,16
23.416666666666668,0.0,4.566666666666666,02:45,16
23.416666666666668,0.0,4.575,02:50,16
23.25,0.0,4.566666666666667,02:55,16
23.166666666666668,0.0,4.566666666666666,03:00,16
23.166666666666668,0.0,4.55,03:05,16
23.166666666666668,0.0,4.533333333333333,03:10,16
23.166666666666668,0.0,4.5249999999999995,03:15,16
23.166666666666668,0.0,4.508333333333334,03:20,16
23.166666666666668,0.0,4.491666666666666,03:25,16
23.166666666666668,0.0,4.5,03:30,16
23.083333333333332,0.0,4.483333333333333,03:35,16
23.083333333333332,0.0,4.466666666666667,03:40,16
23.0,0.0,4.45,03:45,16
23.0,0.0,4.458333333333333,03:50,16
23.0,0.0,4.425,03:55,16
23.0,0.0,4.416666666666667,04:00,16
23.0,0.0,4.408333333333333,04:05,16
23.0,0.0,4.375,04:10,16
23.0,0.0,4.333333333333333,04:15,16
23.083333333333332,0.0,4.316666666666666,04:20,16
23.083333333333332,0.0,4.291666666666667,04:25,16
23.083333333333332,0.0,4.25,04:30,16
23.25,0.0,4.2250000000000005,04:35,16
23.333333333333332,0.0,4.191666666666667,04:40,16
23.333333333333332,0.0,4.183333333333334,04:45,16
23.333333333333332,0.0,4.141666666666667,04:50,16
23.333333333333332,0.0,4.133333333333334,04:55,16
23.416666666666668,0.0,4.116666666666666,05:00,16
23.416666666666668,0.0,4.108333333333333,05:05,16
23.416666666666668,0.0,4.158333333333333,05:10,16
23.333333333333332,0.0,4.233333333333333,05:15,16
23.333333333333332,0.0,4.325,05:20,16
23.333333333333332,0.16666666666666666,4.4,05:25,16
23.25,0.8333333333333334,4.483333333333333,05:30,16
23.166666666666668,2.5833333333333335,4.558333333333334,05:35,16
23.083333333333332,4.666666666666667,4.641666666666667,05:40,16
23.083333333333332,6.333333333333333,4.716666666666667,05:45,16
23.083333333333332,8.25,4.791666666666667,05:50,16
23.0,9.75,4.883333333333334,05:55,16
23.0,13.25,4.958333333333333,06:00,16
22.916666666666668,18.416666666666668,5.008333333333334,06:05,16
22.916666666666668,24.666666666666668,5.0,06:10,16
22.916666666666668,28.0,5.0,06:15,16
22.833333333333332,34.333333333333336,4.991666666666666,06:20,16
22.75,39.083333333333336,5.008333333333334,06:25,16
22.75,45.0,4.991666666666666,06:30,16
22.75,52.666666666666664,5.0,06:35,16
22.75,61.166666666666664,5.0,06:40,16
22.75,69.08333333333333,5.0249999999999995,06:45,16
22.666666666666668,78.41666666666667,5.033333333333333,06:50,16
22.666666666666668,88.0,5.033333333333333,06:55,16
22.583333333333332,99.33333333333333,5.041666666666667,07:00,16
22.583333333333332,107.25,5.0249999999999995,07:05,16
22.583333333333332,120.16666666666667,4.966666666666667,07:10,16
22.583333333333332,129.33333333333334,4.916666666666667,07:15,16
22.583333333333332,139.91666666666666,4.858333333333333,07:20,16
22.583333333333332,147.33333333333334,4.833333333333333,07:25,16
22.666666666666668,158.33333333333334,4.741666666666666,07:30,16
22.666666666666668,167.58333333333334,4.7,07:35,16
22.666666666666668,175.33333333333334,4.6499999999999995,07:40,16
22.75,184.08333333333334,4.583333333333333,07:45,16
22.75,198.58333333333334,4.5249999999999995,07:50,16
22.833333333333332,210.91666666666666,4.5,07:55,16
22.833333333333332,223.58333333333334,4.441666666666666,08:00,16
22.916666666666668,236.75,4.416666666666667,08:05,16
23.0,247.5,4.416666666666667,08:10,16
23.0,255.75,4.416666666666667,08:15,16
23.083333333333332,257.75,4.425,08:20,16
23.5,261.6666666666667,4.416666666666667,08:25,16
23.583333333333332,268.3333333333333,4.416666666666667,08:30,16
23.666666666666668,276.0,4.433333333333334,08:35,16
23.75,286.3333333333333,4.458333333333333,08:40,16
23.833333333333332,297.5,4.425,08:45,16
24.083333333333332,306.9166666666667,4.441666666666666,08:50,16
24.416666666666668,313.4166666666667,4.441666666666666,08:55,16
24.416666666666668,321.5833333333333,4.441666666666666,09:00,16
24.666666666666668,329.0,4.45,09:05,16
24.666666666666668,329.8333333333333,4.458333333333333,09:10,16
24.75,332.8333333333333,4.425,09:15,16
24.75,338.6666666666667,4.408333333333333,09:20,16
24.916666666666668,343.5833333333333,4.3999999999999995,09:25,16
25.0,358.9166666666667,4.391666666666667,09:30,16
25.0,357.25,4.383333333333334,09:35,16
25.0,363.25,4.375,09:40,16
25.333333333333332,372.4166666666667,4.333333333333333,09:45,16
25.416666666666668,381.0833333333333,4.341666666666666,09:50,16
25.583333333333332,387.1666666666667,4.341666666666667,09:55,16
25.583333333333332,388.0,4.3500000000000005,10:00,16
25.583333333333332,390.75,4.333333333333333,10:05,16
25.583333333333332,405.9166666666667,4.308333333333334,10:10,16
25.583333333333332,416.6666666666667,4.291666666666667,10:15,16
25.583333333333332,429.9166666666667,4.266666666666667,10:20,16
25.5,441.3333333333333,4.266666666666667,10:25,16
25.5,451.8333333333333,4.2250000000000005,10:30,16
25.583333333333332,456.3333333333333,4.208333333333333,10:35,16
25.5,468.4166666666667,4.191666666666666,10:40,16
25.5,463.5,4.183333333333334,10:45,16
25.5,477.6666666666667,4.158333333333333,10:50,16
25.5,483.9166666666667,4.141666666666667,10:55,16
25.5,499.6666666666667,4.125,11:00,16
25.583333333333332,502.0,4.125,11:05,16
25.833333333333332,517.9166666666666,4.125,11:10,16
25.833333333333332,512.5833333333334,4.133333333333334,11:15,16
25.916666666666668,521.4166666666666,4.133333333333334,11:20,16
26.0,523.25,4.133333333333334,11:25,16
26.25,524.1666666666666,4.133333333333334,11:30,16
26.416666666666668,529.1666666666666,4.1499999999999995,11:35,16
26.416666666666668,534.75,4.158333333333333,11:40,16
26.5,547.5833333333334,4.191666666666667,11:45,16
26.5,549.3333333333334,4.2,11:50,16
26.75,545.4166666666666,4.216666666666667,11:55,16
26.833333333333332,547.8333333333334,4.2250000000000005,12:00,16
27.083333333333332,543.1666666666666,4.233333333333333,12:05,16
27.083333333333332,542.1666666666666,4.2250000000000005,12:10,16
27.083333333333332,541.25,4.233333333333333,12:15,16
27.083333333333332,550.75,4.2,12:20,16
27.083333333333332,542.5833333333334,4.2,12:25,16
27.083333333333332,552.0833333333334,4.2,12:30,16
27.0,553.0,4.191666666666666,12:35,16
27.0,555.25,4.183333333333334,12:40,16
27.0,549.5833333333334,4.191666666666666,12:45,16
27.0,551.1666666666666,4.2,12:50,16
27.0,538.0,4.2,12:55,16
27.0,543.0833333333334,4.191666666666666,13:00,16
27.0,520.0,4.175,13:05,16
27.0,512.6666666666666,4.191666666666666,13:10,16
27.083333333333332,509.3333333333333,4.175,13:15,16
27.083333333333332,502.0833333333333,4.175,13:20,16
27.0,496.25,4.166666666666667,13:25,16
27.0,488.75,4.166666666666667,13:30,16
27.0,495.3333333333333,4.175,13:35,16
27.0,481.5833333333333,4.166666666666667,13:40,16
27.0,472.4166666666667,4.175,13:45,16
27.0,461.0,4.175,13:50,16
27.0,451.9166666666667,4.175,13:55,16
27.0,441.4166666666667,4.175,14:00,16
27.0,430.25,4.1499999999999995,14:05,16
27.083333333333332,424.0,4.141666666666667,14:10,16
27.166666666666668,422.75,4.125,14:15,16
27.166666666666668,422.9166666666667,4.133333333333334,14:20,16
27.166666666666668,420.0,4.133333333333334,14:25,16
27.083333333333332,414.1666666666667,4.1000000000000005,14:30,16
27.083333333333332,411.1666666666667,4.083333333333333,14:35,16
27.083333333333332,404.1666666666667,4.083333333333333,14:40,16
27.083333333333332,397.6666666666667,4.075,14:45,16
27.083333333333332,390.3333333333333,4.066666666666666,14:50,16
27.083333333333332,385.0,4.066666666666666,14:55,16
27.166666666666668,374.0,4.05,15:00,16
27.166666666666668,373.8333333333333,4.041666666666667,15:05,16
27.166666666666668,327.6666666666667,4.05,15:10,16
27.166666666666668,330.8333333333333,4.05,15:15,16
27.166666666666668,314.1666666666667,4.05,15:20,16
27.166666666666668,311.1666666666667,4.058333333333334,15:25,16
27.166666666666668,285.8333333333333,4.066666666666666,15:30,16
27.25,276.3333333333333,4.083333333333333,15:35,16
27.25,251.16666666666666,4.075,15:40,16
27.166666666666668,235.08333333333334,4.083333333333333,15:45,16
27.25,224.5,4.083333333333333,15:50,16
27.333333333333332,214.66666666666666,4.091666666666667,15:55,16
27.333333333333332,201.0,4.1000000000000005,16:00,16
27.25,192.58333333333334,4.091666666666667,16:05,16
26.833333333333332,185.08333333333334,4.033333333333333,16:10,16
26.666666666666668,174.83333333333334,3.975,16:15,16
26.583333333333332,167.33333333333334,3.9250000000000003,16:20,16
26.5,157.5,3.875,16:25,16
26.416666666666668,147.08333333333334,3.841666666666667,16:30,16
26.25,135.66666666666666,3.775,16:35,16
25.916666666666668,122.41666666666667,3.75,16:40,16
25.75,111.75,3.7083333333333335,16:45,16
25.666666666666668,101.33333333333333,3.658333333333333,16:50,16
25.5,91.75,3.6333333333333333,16:55,16
25.333333333333332,84.41666666666667,3.5833333333333335,17:00,16
25.333333333333332,76.16666666666667,3.591666666666667,17:05,16
25.333333333333332,68.91666666666667,3.625,17:10,16
25.166666666666668,64.16666666666667,3.6666666666666665,17:15,16
25.166666666666668,57.75,3.7083333333333335,17:20,16
25.166666666666668,49.583333333333336,3.775,17:25,16
25.166666666666668,43.416666666666664,3.7916666666666665,17:30,16
25.083333333333332,36.083333333333336,3.841666666666667,17:35,16
25.083333333333332,32.083333333333336,3.891666666666667,17:40,16
25.0,26.75,3.9499999999999997,17:45,16
25.0,20.166666666666668,3.9916666666666667,17:50,16
25.0,15.416666666666666,4.058333333333334,17:55,16
25.0,12.25,4.091666666666667,18:00,16
25.0,9.166666666666666,4.141666666666667,18:05,16
25.0,5.916666666666667,4.1499999999999995,18:10,16
25.0,3.9166666666666665,4.1499999999999995,18:15,16
25.0,3.1666666666666665,4.183333333333334,18:20,16
25.0,1.8333333333333333,4.183333333333333,18:25,16
25.0,0.8333333333333334,4.25,18:30,16
25.0,0.25,4.291666666666667,18:35,16
25.0,0.0,4.325,18:40,16
25.0,0.0,4.383333333333334,18:45,16
25.083333333333332,0.0,4.425,18:50,16
25.0,0.0,4.45,18:55,16
25.0,0.0,4.5,19:00,16
25.0,0.0,4.541666666666667,19:05,16
25.083333333333332,0.0,4.55,19:10,16
25.083333333333332,0.0,4.583333333333333,19:15,16
25.083333333333332,0.0,4.616666666666666,19:20,16
25.083333333333332,0.0,4.625,19:25,16
25.083333333333332,0.0,4.658333333333333,19:30,16
25.083333333333332,0.0,4.683333333333334,19:35,16
25.083333333333332,0.0,4.7250000000000005,19:40,16
25.083333333333332,0.0,4.741666666666666,19:45,16
25.083333333333332,0.0,4.766666666666667,19:50,16
25.083333333333332,0.0,4.8,19:55,16
25.083333333333332,0.0,4.841666666666667,20:00,16
25.083333333333332,0.0,4.841666666666667,20:05,16
24.916666666666668,0.0,4.8500000000000005,20:10,16
24.75,0.0,4.858333333333333,20:15,16
24.75,0.0,4.8500000000000005,20:20,16
24.75,0.0,4.8500000000000005,20:25,16
24.666666666666668,0.0,4.841666666666667,20:30,16
24.5,0.0,4.841666666666667,20:35,16
24.416666666666668,0.0,4.841666666666667,20:40,16
24.416666666666668,0.0,4.858333333333333,20:45,16
24.416666666666668,0.0,4.858333333333333,20:50,16
24.333333333333332,0.0,4.866666666666666,20:55,16
23.916666666666668,0.0,4.866666666666666,21:00,16
23.916666666666668,0.0,4.858333333333333,21:05,16
23.833333333333332,0.0,4.866666666666666,21:10,16
23.833333333333332,0.0,4.866666666666666,21:15,16
23.75,0.0,4.891666666666667,21:20,16
23.75,0.0,4.8999999999999995,21:25,16
23.75,0.0,4.9,21:30,16
23.666666666666668,0.0,4.891666666666667,21:35,16
23.666666666666668,0.0,4.908333333333333,21:40,16
23.583333333333332,0.0,4.908333333333333,21:45,16
23.583333333333332,0.0,4.925,21:50,16
23.583333333333332,0.0,4.925,21:55,16
23.5,0.0,4.95,22:00,16
23.5,0.0,4.925,22:05,16
23.5,0.0,4.8999999999999995,22:10,16
23.5,0.0,4.891666666666667,22:15,16
23.416666666666668,0.0,4.875,22:20,16
23.416666666666668,0.0,4.875,22:25,16
23.416666666666668,0.0,4.833333333333333,22:30,16
23.5,0.0,4.833333333333333,22:35,16
23.5,0.0,4.816666666666666,22:40,16
23.5,0.0,4.8,22:45,16
23.5,0.0,4.7749999999999995,22:50,16
23.5,0.0,4.766666666666667,22:55,16
23.583333333333332,0.0,4.75,23:00,16
23.583333333333332,0.0,4.75,23:05,16
23.333333333333332,0.0,4.733333333333333,23:10,16
23.166666666666668,0.0,4.708333333333333,23:15,16
23.166666666666668,0.0,4.683333333333334,23:20,16
23.166666666666668,0.0,4.666666666666667,23:25,16
23.0,0.0,4.641666666666667,23:30,16
23.0,0.0,4.633333333333334,23:35,16
23.0,0.0,4.608333333333333,23:40,16
23.0,0.0,4.608333333333333,23:45,16
23.0,0.0,4.575,23:50,16
22.916666666666668,0.0,4.583333333333333,23:55,16
22.833333333333332,0.0,4.575,00:00,17
22.833333333333332,0.0,4.558333333333334,00:05,17
22.833333333333332,0.0,4.5249999999999995,00:10,17
22.833333333333332,0.0,4.516666666666667,00:15,17
22.833333333333332,0.0,4.491666666666666,00:20,17
22.833333333333332,0.0,4.491666666666666,00:25,17
22.833333333333332,0.0,4.466666666666667,00:30,17
22.833333333333332,0.0,4.4750000000000005,00:35,17
22.833333333333332,0.0,4.466666666666667,00:40,17
22.833333333333332,0.0,4.483333333333333,00:45,17
22.833333333333332,0.0,4.466666666666667,00:50,17
22.833333333333332,0.0,4.458333333333333,00:55,17
22.833333333333332,0.0,4.466666666666667,01:00,17
22.833333333333332,0.0,4.458333333333333,01:05,17
22.833333333333332,0.0,4.458333333333333,01:10,17
22.833333333333332,0.0,4.458333333333333,01:15,17
22.833333333333332,0.0,4.458333333333333,01:20,17
22.833333333333332,0.0,4.45,01:25,17
22.833333333333332,0.0,4.45,01:30,17
22.75,0.0,4.441666666666666,01:35,17
22.75,0.0,4.441666666666666,01:40,17
22.75,0.0,4.441666666666666,01:45,17
22.75,0.0,4.458333333333333,01:50,17
22.75,0.0,4.45,01:55,17
22.75,0.0,4.45,02:00,17
22.75,0.0,4.45,02:05,17
22.666666666666668,0.0,4.45,02:10,17
22.583333333333332,0.0,4.458333333333333,02:15,17
22.583333333333332,0.0,4.4750000000000005,02:20,17
22.583333333333332,0.0,4.483333333333333,02:25,17
22.583333333333332,0.0,4.483333333333333,02:30,17
22.583333333333332,0.0,4.4750000000000005,02:35,17
22.583333333333332,0.0,4.508333333333334,02:40,17
22.5,0.0,4.516666666666667,02:45,17
22.5,0.0,4.508333333333334,02:50,17
22.416666666666668,0.0,4.516666666666667,02:55,17
22.333333333333332,0.0,4.5249999999999995,03:00,17
22.333333333333332,0.0,4.516666666666667,03:05,17
22.25,0.0,4.5249999999999995,03:10,17
22.25,0.0,4.516666666666667,03:15,17
22.25,0.0,4.508333333333334,03:20,17
22.25,0.0,4.5,03:25,17
22.25,0.0,4.5,03:30,17
22.083333333333332,0.0,4.491666666666666,03:35,17
22.083333333333332,0.0,4.483333333333333,03:40,17
22.0,0.0,4.4750000000000005,03:45,17
22.0,0.0,4.4750000000000005,03:50,17
22.0,0.0,4.441666666666666,03:55,17
22.0,0.0,4.458333333333333,04:00,17
22.0,0.0,4.441666666666666,04:05,17
22.166666666666668,0.0,4.416666666666667,04:10,17
22.166666666666668,0.0,4.408333333333333,04:15,17
22.25,0.0,4.391666666666667,04:20,17
22.25,0.0,4.375,04:25,17
22.25,0.0,4.366666666666666,04:30,17
22.333333333333332,0.0,4.3500000000000005,04:35,17
22.25,0.0,4.333333333333333,04:40,17
22.25,0.0,4.325,04:45,17
22.25,0.0,4.308333333333334,04:50,17
22.416666666666668,0.0,4.291666666666667,04:55,17
22.416666666666668,0.0,4.291666666666667,05:00,17
22.416666666666668,0.0,4.3,05:05,17
22.416666666666668,0.0,4.3,05:10,17
22.416666666666668,0.0,4.3,05:15,17
22.416666666666668,0.0,4.316666666666666,05:20,17
22.416666666666668,0.08333333333333333,4.325,05:25,17
22.416666666666668,0.8333333333333334,4.333333333333333,05:30,17
22.416666666666668,2.6666666666666665,4.3500000000000005,05:35,17
22.416666666666668,3.5,4.358333333333333,05:40,17
22.416666666666668,5.583333333333333,4.358333333333333,05:45,17
22.416666666666668,8.083333333333334,4.3500000000000005,05:50,17
22.333333333333332,10.333333333333334,4.366666666666666,05:55,17
22.333333333333332,14.25,4.366666666666666,06:00,17
22.333333333333332,19.0,4.358333333333333,06:05,17
22.333333333333332,24.75,4.341666666666667,06:10,17
22.416666666666668,30.916666666666668,4.316666666666666,06:15,17
22.5,39.333333333333336,4.291666666666667,06:20,17
22.5,47.75,4.258333333333333,06:25,17
22.5,56.916666666666664,4.2250000000000005,06:30,17
22.5,65.75,4.191666666666666,06:35,17
22.5,76.41666666666667,4.1499999999999995,06:40,17
22.5,86.83333333333333,4.1499999999999995,06:45,17
22.5,98.16666666666667,4.125,06:50,17
22.5,107.58333333333333,4.1000000000000005,06:55,17
22.5,116.91666666666667,4.066666666666666,07:00,17
22.5,125.66666666666667,4.041666666666667,07:05,17
22.5,138.83333333333334,4.0,07:10,17
22.583333333333332,148.58333333333334,3.975,07:15,17
22.583333333333332,162.16666666666666,3.9499999999999997,07:20,17
22.583333333333332,175.66666666666666,3.9166666666666665,07:25,17
22.583333333333332,186.66666666666666,3.891666666666667,07:30,17
22.666666666666668,196.5,3.891666666666667,07:35,17
22.666666666666668,207.91666666666666,3.8666666666666667,07:40,17
22.75,219.41666666666666,3.85,07:45,17
22.75,229.5,3.8333333333333335,07:50,17
22.75,240.75,3.8166666666666664,07:55,17
22.75,253.75,3.8333333333333335,08:00,17
22.75,264.8333333333333,3.8083333333333336,08:05,17
22.916666666666668,274.6666666666667,3.8166666666666664,08:10,17
23.25,285.5833333333333,3.8166666666666664,08:15,17
23.333333333333332,298.9166666666667,3.8166666666666664,08:20,17
23.583333333333332,307.9166666666667,3.8083333333333336,08:25,17
23.666666666666668,319.8333333333333,3.8166666666666664,08:30,17
24.0,334.5,3.8166666666666664,08:35,17
24.0,349.0833333333333,3.8083333333333336,08:40,17
24.083333333333332,357.4166666666667,3.8166666666666664,08:45,17
24.416666666666668,371.0,3.8249999999999997,08:50,17
24.583333333333332,384.5833333333333,3.8333333333333335,08:55,17
24.75,399.75,3.841666666666667,09:00,17
25.0,410.5833333333333,3.8249999999999997,09:05,17
25.083333333333332,422.6666666666667,3.8333333333333335,09:10,17
25.166666666666668,436.9166666666667,3.8249999999999997,09:15,17
25.25,446.0,3.8333333333333335,09:20,17
25.333333333333332,451.3333333333333,3.8249999999999997,09:25,17
25.416666666666668,457.8333333333333,3.816666666666667,09:30,17
25.583333333333332,458.3333333333333,3.816666666666667,09:35,17
25.666666666666668,468.75,3.8249999999999997,09:40,17
25.75,479.3333333333333,3.8083333333333336,09:45,17
25.833333333333332,491.8333333333333,3.8249999999999997,09:50,17
25.833333333333332,504.0,3.8333333333333335,09:55,17
26.0,515.0,3.8249999999999997,10:00,17
26.083333333333332,525.5833333333334,3.8166666666666664,10:05,17
26.083333333333332,530.25,3.8000000000000003,10:10,17
26.083333333333332,532.9166666666666,3.7916666666666665,10:15,17
26.166666666666668,545.0,3.783333333333333,10:20,17
26.166666666666668,540.9166666666666,3.75,10:25,17
26.166666666666668,545.4166666666666,3.75,10:30,17
26.333333333333332,545.6666666666666,3.716666666666667,10:35,17
26.333333333333332,553.9166666666666,3.733333333333333,10:40,17
26.333333333333332,560.4166666666666,3.7083333333333335,10:45,17
26.25,571.25,3.6916666666666664,10:50,17
26.416666666666668,573.4166666666666,3.6916666666666664,10:55,17
26.416666666666668,577.25,3.6916666666666664,11:00,17
26.583333333333332,584.25,3.6666666666666665,11:05,17
26.666666666666668,591.1666666666666,3.6666666666666665,11:10,17
26.75,604.8333333333334,3.6666666666666665,11:15,17
26.75,608.9166666666666,3.641666666666667,11:20,17
26.916666666666668,616.3333333333334,3.658333333333333,11:25,17
27.25,616.3333333333334,3.65,11:30,17
27.333333333333332,630.5833333333334,3.6666666666666665,11:35,17
27.5,629.0833333333334,3.6750000000000003,11:40,17
27.583333333333332,639.25,3.65,11:45,17
27.583333333333332,635.0,3.658333333333333,11:50,17
27.75,616.8333333333334,3.6750000000000003,11:55,17
28.083333333333332,607.6666666666666,3.6833333333333336,12:00,17
28.083333333333332,599.5833333333334,3.683333333333333,12:05,17
28.083333333333332,603.4166666666666,3.7083333333333335,12:10,17
28.083333333333332,620.9166666666666,3.7083333333333335,12:15,17
28.083333333333332,631.4166666666666,3.7083333333333335,12:20,17
28.083333333333332,635.1666666666666,3.725,12:25,17
28.083333333333332,629.1666666666666,3.75,12:30,17
28.083333333333332,625.5833333333334,3.7416666666666667,12:35,17
28.083333333333332,616.5833333333334,3.7583333333333333,12:40,17
28.083333333333332,605.25,3.75,12:45,17
28.166666666666668,598.25,3.7583333333333333,12:50,17
28.166666666666668,588.6666666666666,3.7916666666666665,12:55,17
28.166666666666668,580.0,3.8000000000000003,13:00,17
28.166666666666668,573.8333333333334,3.8166666666666664,13:05,17
28.166666666666668,559.5833333333334,3.8249999999999997,13:10,17
28.166666666666668,548.5,3.8333333333333335,13:15,17
28.166666666666668,540.3333333333334,3.8333333333333335,13:20,17
28.333333333333332,522.3333333333334,3.85,13:25,17
28.333333333333332,522.5833333333334,3.858333333333334,13:30,17
28.333333333333332,521.5833333333334,3.875,13:35,17
28.333333333333332,529.6666666666666,3.875,13:40,17
28.333333333333332,536.5833333333334,3.9,13:45,17
28.333333333333332,535.5833333333334,3.908333333333333,13:50,17
28.333333333333332,539.5833333333334,3.9333333333333336,13:55,17
28.333333333333332,519.3333333333334,3.9333333333333336,14:00,17
28.333333333333332,509.9166666666667,3.941666666666667,14:05,17
28.25,495.5,3.9333333333333336,14:10,17
28.333333333333332,474.6666666666667,3.9250000000000003,14:15,17
28.333333333333332,471.4166666666667,3.9250000000000003,14:20,17
28.333333333333332,460.0,3.9166666666666665,14:25,17
28.25,460.8333333333333,3.9250000000000003,14:30,17
28.333333333333332,446.3333333333333,3.9333333333333336,14:35,17
28.25,436.75,3.9333333333333336,14:40,17
28.416666666666668,429.1666666666667,3.9333333333333336,14:45,17
28.416666666666668,421.8333333333333,3.9416666666666664,14:50,17
28.333333333333332,416.1666666666667,3.9499999999999997,14:55,17
28.333333333333332,403.8333333333333,3.9499999999999997,15:00,17
28.333333333333332,388.5833333333333,3.9333333333333336,15:05,17
28.333333333333332,378.9166666666667,3.9250000000000003,15:10,17
28.333333333333332,361.0833333333333,3.9333333333333336,15:15,17
28.333333333333332,347.1666666666667,3.9166666666666665,15:20,17
28.25,328.3333333333333,3.908333333333333,15:25,17
28.25,316.1666666666667,3.891666666666666,15:30,17
28.333333333333332,298.8333333333333,3.891666666666667,15:35,17
28.333333333333332,285.3333333333333,3.875,15:40,17
28.416666666666668,262.9166666666667,3.875,15:45,17
28.333333333333332,248.83333333333334,3.875,15:50,17
28.25,232.25,3.8666666666666667,15:55,17
28.25,220.41666666666666,3.8666666666666667,16:00,17
28.166666666666668,209.33333333333334,3.875,16:05,17
28.0,203.0,3.858333333333333,16:10,17
27.916666666666668,193.08333333333334,3.8333333333333335,16:15,17
27.833333333333332,181.08333333333334,3.8083333333333336,16:20,17
27.583333333333332,166.66666666666666,3.8166666666666664,16:25,17
27.333333333333332,151.83333333333334,3.8083333333333336,16:30,17
27.166666666666668,142.41666666666666,3.8000000000000003,16:35,17
27.0,131.66666666666666,3.8000000000000003,16:40,17
26.75,120.08333333333333,3.8000000000000003,16:45,17
26.666666666666668,109.83333333333333,3.783333333333333,16:50,17
26.5,97.75,3.8000000000000003,16:55,17
26.166666666666668,87.16666666666667,3.775,17:00,17
26.083333333333332,76.58333333333333,3.783333333333333,17:05,17
26.083333333333332,67.75,3.783333333333333,17:10,17
26.083333333333332,63.333333333333336,3.8000000000000003,17:15,17
26.083333333333332,58.0,3.8000000000000003,17:20,17
26.083333333333332,51.25,3.8000000000000003,17:25,17
26.083333333333332,44.416666666666664,3.8249999999999997,17:30,17
26.083333333333332,38.0,3.841666666666667,17:35,17
26.083333333333332,31.166666666666668,3.85,17:40,17
26.083333333333332,26.666666666666668,3.875,17:45,17
26.0,21.666666666666668,3.9,17:50,17
25.916666666666668,17.083333333333332,3.9166666666666665,17:55,17
25.916666666666668,13.25,3.9499999999999997,18:00,17
25.916666666666668,9.5,3.975,18:05,17
25.833333333333332,6.0,3.975,18:10,17
25.833333333333332,4.416666666666667,3.966666666666667,18:15,17
25.833333333333332,2.75,4.0,18:20,17
25.833333333333332,1.75,4.0,18:25,17
25.833333333333332,0.5833333333333334,4.0249999999999995,18:30,17
25.75,0.08333333333333333,4.05,18:35,17
25.833333333333332,0.0,4.075,18:40,17
25.833333333333332,0.0,4.1000000000000005,18:45,17
25.666666666666668,0.0,4.108333333333333,18:50,17
25.583333333333332,0.0,4.1499999999999995,18:55,17
25.583333333333332,0.0,4.191666666666666,19:00,17
25.583333333333332,0.0,4.225,19:05,17
25.583333333333332,0.0,4.25,19:10,17
25.583333333333332,0.0,4.283333333333333,19:15,17
25.583333333333332,0.0,4.325,19:20,17
25.583333333333332,0.0,4.341666666666667,19:25,17
25.583333333333332,0.0,4.375,19:30,17
25.583333333333332,0.0,4.3999999999999995,19:35,17
25.583333333333332,0.0,4.441666666666666,19:40,17
25.666666666666668,0.0,4.491666666666666,19:45,17
25.666666666666668,0.0,4.516666666666667,19:50,17
25.666666666666668,0.0,4.55,19:55,17
25.666666666666668,0.0,4.583333333333333,20:00,17
25.666666666666668,0.0,4.616666666666666,20:05,17
25.583333333333332,0.0,4.608333333333333,20:10,17
25.416666666666668,0.0,4.608333333333333,20:15,17
25.25,0.0,4.608333333333333,20:20,17
25.25,0.0,4.616666666666666,20:25,17
25.083333333333332,0.0,4.608333333333333,20:30,17
25.0,0.0,4.625,20:35,17
24.916666666666668,0.0,4.633333333333334,20:40,17
24.666666666666668,0.0,4.6499999999999995,20:45,17
24.666666666666668,0.0,4.6499999999999995,20:50,17
24.666666666666668,0.0,4.675,20:55,17
24.666666666666668,0.0,4.683333333333334,21:00,17
24.583333333333332,0.0,4.683333333333334,21:05,17
24.416666666666668,0.0,4.675,21:10,17
24.25,0.0,4.6499999999999995,21:15,17
24.25,0.0,4.633333333333334,21:20,17
24.25,0.0,4.625,21:25,17
24.25,0.0,4.616666666666666,21:30,17
24.166666666666668,0.0,4.591666666666667,21:35,17
24.166666666666668,0.0,4.583333333333333,21:40,17
24.083333333333332,0.0,4.6000000000000005,21:45,17
24.083333333333332,0.0,4.575,21:50,17
24.083333333333332,0.0,4.583333333333333,21:55,17
24.0,0.0,4.575,22:00,17
24.0,0.0,4.583333333333333,22:05,17
24.0,0.0,4.558333333333333,22:10,17
24.0,0.0,4.558333333333333,22:15,17
23.916666666666668,0.0,4.533333333333333,22:20,17
23.916666666666668,0.0,4.533333333333333,22:25,17
23.916666666666668,0.0,4.525,22:30,17
23.833333333333332,0.0,4.491666666666666,22:35,17
23.833333333333332,0.0,4.5,22:40,17
23.833333333333332,0.0,4.491666666666666,22:45,17
23.833333333333332,0.0,4.4750000000000005,22:50,17
23.75,0.0,4.483333333333333,22:55,17
23.833333333333332,0.0,4.466666666666667,23:00,17
23.75,0.0,4.45,23:05,17
23.666666666666668,0.0,4.466666666666667,23:10,17
23.666666666666668,0.0,4.45,23:15,17
23.666666666666668,0.0,4.45,23:20,17
23.666666666666668,0.0,4.466666666666667,23:25,17
23.666666666666668,0.0,4.441666666666666,23:30,17
23.666666666666668,0.0,4.45,23:35,17
23.666666666666668,0.0,4.458333333333333,23:40,17
23.583333333333332,0.0,4.441666666666666,23:45,17
23.416666666666668,0.0,4.45,23:50,17
23.25,0.0,4.458333333333333,23:55,17
23.166666666666668,0.0,4.45,00:00,18
23.166666666666668,0.0,4.4750000000000005,00:05,18
23.166666666666668,0.0,4.4750000000000005,00:10,18
23.166666666666668,0.0,4.466666666666667,00:15,18
23.166666666666668,0.0,4.483333333333333,00:20,18
23.25,0.0,4.483333333333333,00:25,18
23.25,0.0,4.483333333333333,00:30,18
23.166666666666668,0.0,4.5,00:35,18
23.166666666666668,0.0,4.491666666666666,00:40,18
23.166666666666668,0.0,4.508333333333334,00:45,18
23.25,0.0,4.508333333333334,00:50,18
23.166666666666668,0.0,4.508333333333334,00:55,18
23.166666666666668,0.0,4.541666666666667,01:00,18
23.166666666666668,0.0,4.533333333333333,01:05,18
23.166666666666668,0.0,4.5249999999999995,01:10,18
23.166666666666668,0.0,4.508333333333334,01:15,18
23.25,0.0,4.5249999999999995,01:20,18
23.25,0.0,4.508333333333334,01:25,18
23.25,0.0,4.5249999999999995,01:30,18
23.333333333333332,0.0,4.5249999999999995,01:35,18
23.333333333333332,0.0,4.533333333333333,01:40,18
23.333333333333332,0.0,4.541666666666667,01:45,18
23.333333333333332,0.0,4.55,01:50,18
23.333333333333332,0.0,4.5249999999999995,01:55,18
23.333333333333332,0.0,4.541666666666667,02:00,18
23.333333333333332,0.0,4.541666666666667,02:05,18
23.166666666666668,0.0,4.533333333333333,02:10,18
23.166666666666668,0.0,4.516666666666667,02:15,18
23.083333333333332,0.0,4.508333333333334,02:20,18
23.083333333333332,0.0,4.5,02:25,18
23.083333333333332,0.0,4.483333333333333,02:30,18
23.083333333333332,0.0,4.466666666666667,02:35,18
23.083333333333332,0.0,4.458333333333333,02:40,18
22.916666666666668,0.0,4.441666666666666,02:45,18
22.916666666666668,0.0,4.433333333333334,02:50,18
22.916666666666668,0.0,4.433333333333334,02:55,18
22.833333333333332,0.0,4.416666666666667,03:00,18
22.833333333333332,0.0,4.391666666666667,03:05,18
22.833333333333332,0.0,4.375,03:10,18
22.833333333333332,0.0,4.3500000000000005,03:15,18
22.75,0.0,4.308333333333334,03:20,18
22.75,0.0,4.2749999999999995,03:25,18
22.75,0.0,4.258333333333334,03:30,18
22.75,0.0,4.2250000000000005,03:35,18
22.666666666666668,0.0,4.2,03:40,18
22.666666666666668,0.0,4.166666666666667,03:45,18
22.583333333333332,0.0,4.166666666666667,03:50,18
22.583333333333332,0.0,4.141666666666667,03:55,18
22.583333333333332,0.0,4.125,04:00,18
22.583333333333332,0.0,4.091666666666667,04:05,18
22.583333333333332,0.0,4.075,04:10,18
22.75,0.0,4.041666666666667,04:15,18
22.75,0.0,4.0249999999999995,04:20,18
22.75,0.0,4.0,04:25,18
22.75,0.0,3.983333333333333,04:30,18
22.75,0.0,3.966666666666667,04:35,18
22.75,0.0,3.9499999999999997,04:40,18
22.75,0.0,3.9499999999999997,04:45,18
22.833333333333332,0.0,3.9250000000000003,04:50,18
22.916666666666668,0.0,3.9166666666666665,04:55,18
22.916666666666668,0.0,3.908333333333333,05:00,18
22.916666666666668,0.0,3.891666666666667,05:05,18
22.916666666666668,0.0,3.875,05:10,18
22.916666666666668,0.0,3.841666666666667,05:15,18
22.833333333333332,0.0,3.8166666666666664,05:20,18
22.833333333333332,0.16666666666666666,3.8000000000000003,05:25,18
22.833333333333332,0.9166666666666666,3.775,05:30,18
22.833333333333332,2.1666666666666665,3.75,05:35,18
22.833333333333332,2.75,3.75,05:40,18
22.833333333333332,5.333333333333333,3.716666666666667,05:45,18
22.833333333333332,6.833333333333333,3.716666666666667,05:50,18
22.833333333333332,9.666666666666666,3.725,05:55,18
22.833333333333332,12.75,3.733333333333334,06:00,18
22.833333333333332,17.583333333333332,3.7083333333333335,06:05,18
22.833333333333332,19.166666666666668,3.691666666666667,06:10,18
22.833333333333332,24.0,3.6999999999999997,06:15,18
22.833333333333332,29.333333333333332,3.6833333333333336,06:20,18
22.833333333333332,34.416666666666664,3.6666666666666665,06:25,18
22.833333333333332,42.0,3.6750000000000003,06:30,18
22.833333333333332,51.166666666666664,3.6666666666666665,06:35,18
22.833333333333332,58.166666666666664,3.6666666666666665,06:40,18
22.833333333333332,68.08333333333333,3.6750000000000003,06:45,18
22.833333333333332,77.91666666666667,3.6833333333333336,06:50,18
22.833333333333332,88.91666666666667,3.658333333333333,06:55,18
22.833333333333332,100.33333333333333,3.6833333333333336,07:00,18
22.833333333333332,106.83333333333333,3.658333333333333,07:05,18
22.833333333333332,117.5,3.641666666666667,07:10,18
22.833333333333332,125.83333333333333,3.6333333333333333,07:15,18
22.833333333333332,136.16666666666666,3.6333333333333333,07:20,18
22.833333333333332,143.0,3.6,07:25,18
22.833333333333332,153.0,3.5833333333333335,07:30,18
22.833333333333332,162.5,3.5500000000000003,07:35,18
22.833333333333332,175.16666666666666,3.5416666666666665,07:40,18
22.916666666666668,185.83333333333334,3.533333333333333,07:45,18
22.916666666666668,191.41666666666666,3.5083333333333333,07:50,18
22.833333333333332,198.0,3.5083333333333333,07:55,18
22.833333333333332,202.75,3.4916666666666667,08:00,18
22.916666666666668,214.16666666666666,3.466666666666667,08:05,18
23.083333333333332,223.41666666666666,3.466666666666667,08:10,18
23.333333333333332,232.66666666666666,3.4333333333333336,08:15,18
23.416666666666668,242.83333333333334,3.4250000000000003,08:20,18
23.583333333333332,258.4166666666667,3.4,08:25,18
23.833333333333332,268.75,3.391666666666666,08:30,18
23.916666666666668,281.9166666666667,3.3833333333333333,08:35,18
23.916666666666668,299.75,3.375,08:40,18
24.25,312.3333333333333,3.3666666666666667,08:45,18
24.583333333333332,321.75,3.35,08:50,18
24.833333333333332,339.8333333333333,3.341666666666667,08:55,18
25.083333333333332,352.0833333333333,3.3333333333333335,09:00,18
25.083333333333332,373.3333333333333,3.3333333333333335,09:05,18
25.166666666666668,380.0,3.341666666666667,09:10,18
25.333333333333332,393.5,3.3166666666666664,09:15,18
25.333333333333332,394.8333333333333,3.3166666666666664,09:20,18
25.333333333333332,408.3333333333333,3.3166666666666664,09:25,18
25.416666666666668,408.1666666666667,3.3000000000000003,09:30,18
25.5,416.8333333333333,3.308333333333333,09:35,18
25.583333333333332,423.75,3.3166666666666664,09:40,18
25.75,428.3333333333333,3.3083333333333336,09:45,18
25.916666666666668,432.6666666666667,3.3083333333333336,09:50,18
25.916666666666668,444.9166666666667,3.3249999999999997,09:55,18
26.0,447.4166666666667,3.3249999999999997,10:00,18
26.0,459.8333333333333,3.3249999999999997,10:05,18
26.0,465.0833333333333,3.3166666666666664,10:10,18
26.083333333333332,477.5,3.3166666666666664,10:15,18
26.083333333333332,484.25,3.308333333333333,10:20,18
26.083333333333332,491.4166666666667,3.3000000000000003,10:25,18
26.083333333333332,489.25,3.3166666666666664,10:30,18
26.083333333333332,494.1666666666667,3.3166666666666664,10:35,18
26.083333333333332,493.5,3.3000000000000003,10:40,18
26.0,502.3333333333333,3.3000000000000003,10:45,18
26.0,504.5,3.3166666666666664,10:50,18
26.083333333333332,500.3333333333333,3.3166666666666664,10:55,18
26.166666666666668,500.0,3.3166666666666664,11:00,18
26.25,496.9166666666667,3.3000000000000003,11:05,18
26.333333333333332,498.1666666666667,3.3000000000000003,11:10,18
26.5,503.5833333333333,3.3000000000000003,11:15,18
26.5,501.5833333333333,3.3166666666666664,11:20,18
26.833333333333332,501.0,3.3249999999999997,11:25,18
26.916666666666668,512.25,3.3166666666666664,11:30,18
27.083333333333332,524.75,3.3166666666666664,11:35,18
27.25,533.6666666666666,3.3083333333333336,11:40,18
27.333333333333332,554.5,3.3333333333333335,11:45,18
27.416666666666668,560.6666666666666,3.316666666666667,11:50,18
27.5,574.1666666666666,3.341666666666667,11:55,18
27.583333333333332,566.5833333333334,3.35,12:00,18
27.833333333333332,581.6666666666666,3.341666666666667,12:05,18
27.833333333333332,571.3333333333334,3.358333333333333,12:10,18
27.833333333333332,572.8333333333334,3.35,12:15,18
27.916666666666668,574.25,3.341666666666667,12:20,18
28.0,568.8333333333334,3.3333333333333335,12:25,18
28.0,551.75,3.3333333333333335,12:30,18
28.0,533.0833333333334,3.3333333333333335,12:35,18
28.0,521.1666666666666,3.3249999999999997,12:40,18
28.0,521.1666666666666,3.35,12:45,18
28.0,512.0,3.341666666666667,12:50,18
28.0,510.25,3.3166666666666664,12:55,18
28.083333333333332,502.75,3.3249999999999997,13:00,18
28.083333333333332,500.0833333333333,3.3333333333333335,13:05,18
28.083333333333332,499.75,3.341666666666667,13:10,18
28.083333333333332,511.6666666666667,3.3333333333333335,13:15,18
28.166666666666668,506.0833333333333,3.341666666666667,13:20,18
28.166666666666668,511.1666666666667,3.3333333333333335,13:25,18
28.083333333333332,504.1666666666667,3.3249999999999997,13:30,18
28.0,511.1666666666667,3.3333333333333335,13:35,18
28.0,506.5,3.3333333333333335,13:40,18
28.0,508.9166666666667,3.341666666666667,13:45,18
28.0,497.75,3.341666666666667,13:50,18
28.0,484.1666666666667,3.3333333333333335,13:55,18
28.0,477.5,3.341666666666667,14:00,18
28.0,460.9166666666667,3.3333333333333335,14:05,18
28.083333333333332,451.6666666666667,3.375,14:10,18
28.083333333333332,440.4166666666667,3.3666666666666667,14:15,18
28.0,431.0833333333333,3.3833333333333333,14:20,18
28.0,434.4166666666667,3.391666666666667,14:25,18
28.0,430.75,3.4166666666666665,14:30,18
27.916666666666668,412.8333333333333,3.4250000000000003,14:35,18
27.833333333333332,403.3333333333333,3.433333333333333,14:40,18
27.833333333333332,400.25,3.4583333333333335,14:45,18
27.833333333333332,378.0833333333333,3.4583333333333335,14:50,18
28.0,367.0,3.4916666666666667,14:55,18
28.083333333333332,361.1666666666667,3.4916666666666667,15:00,18
28.083333333333332,354.75,3.5,15:05,18
28.0,355.6666666666667,3.5,15:10,18
28.0,335.8333333333333,3.4916666666666667,15:15,18
28.0,306.0833333333333,3.5,15:20,18
28.0,303.25,3.5083333333333333,15:25,18
28.0,295.5833333333333,3.5250000000000004,15:30,18
28.083333333333332,282.0833333333333,3.5083333333333333,15:35,18
28.0,259.5,3.533333333333333,15:40,18
28.0,255.91666666666666,3.525,15:45,18
28.0,249.16666666666666,3.533333333333333,15:50,18
28.0,237.75,3.5500000000000003,15:55,18
28.0,231.41666666666666,3.5500000000000003,16:00,18
27.916666666666668,220.58333333333334,3.5749999999999997,16:05,18
27.916666666666668,208.33333333333334,3.5749999999999997,16:10,18
27.75,195.91666666666666,3.5500000000000003,16:15,18
27.5,180.08333333333334,3.5749999999999997,16:20,18
27.166666666666668,161.75,3.5833333333333335,16:25,18
27.083333333333332,155.66666666666666,3.591666666666667,16:30,18
26.916666666666668,146.58333333333334,3.6166666666666667,16:35,18
26.583333333333332,138.0,3.658333333333333,16:40,18
26.583333333333332,127.41666666666667,3.6666666666666665,16:45,18
26.5,121.16666666666667,3.716666666666667,16:50,18
26.333333333333332,111.33333333333333,3.7416666666666667,16:55,18
25.916666666666668,102.41666666666667,3.766666666666667,17:00,18
25.75,90.0,3.8249999999999997,17:05,18
25.666666666666668,76.16666666666667,3.841666666666667,17:10,18
25.666666666666668,65.41666666666667,3.858333333333333,17:15,18
25.666666666666668,59.25,3.9,17:20,18
25.666666666666668,52.166666666666664,3.908333333333333,17:25,18
25.666666666666668,44.416666666666664,3.9250000000000003,17:30,18
25.666666666666668,37.583333333333336,3.966666666666667,17:35,18
25.666666666666668,33.083333333333336,3.983333333333334,17:40,18
25.666666666666668,27.083333333333332,4.025,17:45,18
25.75,22.083333333333332,4.05,17:50,18
25.75,17.75,4.075,17:55,18
25.666666666666668,13.5,4.116666666666666,18:00,18
25.666666666666668,9.75,4.175,18:05,18
25.666666666666668,5.833333333333333,4.191666666666666,18:10,18
25.666666666666668,4.0,4.216666666666667,18:15,18
25.666666666666668,2.75,4.241666666666667,18:20,18
25.666666666666668,1.5833333333333333,4.266666666666667,18:25,18
25.666666666666668,0.6666666666666666,4.308333333333333,18:30,18
25.583333333333332,0.08333333333333333,4.325,18:35,18
25.583333333333332,0.0,4.358333333333333,18:40,18
25.583333333333332,0.0,4.383333333333334,18:45,18
25.583333333333332,0.0,4.416666666666667,18:50,18
25.583333333333332,0.0,4.45,18:55,18
25.583333333333332,0.0,4.483333333333333,19:00,18
25.583333333333332,0.0,4.483333333333333,19:05,18
25.583333333333332,0.0,4.45,19:10,18
25.583333333333332,0.0,4.433333333333334,19:15,18
25.583333333333332,0.0,4.3999999999999995,19:20,18
25.583333333333332,0.0,4.383333333333334,19:25,18
25.583333333333332,0.0,4.358333333333333,19:30,18
25.583333333333332,0.0,4.341666666666667,19:35,18
25.5,0.0,4.333333333333333,19:40,18
25.5,0.0,4.316666666666666,19:45,18
25.5,0.0,4.291666666666667,19:50,18
25.5,0.0,4.291666666666667,19:55,18
25.416666666666668,0.0,4.283333333333333,20:00,18
25.333333333333332,0.0,4.258333333333334,20:05,18
25.25,0.0,4.25,20:10,18
25.25,0.0,4.25,20:15,18
25.166666666666668,0.0,4.241666666666666,20:20,18
25.083333333333332,0.0,4.241666666666666,20:25,18
25.083333333333332,0.0,4.233333333333333,20:30,18
25.0,0.0,4.2250000000000005,20:35,18
25.0,0.0,4.233333333333333,20:40,18
24.916666666666668,0.0,4.233333333333333,20:45,18
24.916666666666668,0.0,4.241666666666666,20:50,18
24.833333333333332,0.0,4.233333333333333,20:55,18
24.833333333333332,0.0,4.2250000000000005,21:00,18
24.75,0.0,4.233333333333333,21:05,18
24.583333333333332,0.0,4.2250000000000005,21:10,18
24.5,0.0,4.216666666666667,21:15,18
24.416666666666668,0.0,4.2,21:20,18
24.416666666666668,0.0,4.191666666666666,21:25,18
24.416666666666668,0.0,4.208333333333333,21:30,18
24.416666666666668,0.0,4.191666666666666,21:35,18
24.25,0.0,4.2,21:40,18
24.083333333333332,0.0,4.191666666666667,21:45,18
24.083333333333332,0.0,4.191666666666666,21:50,18
24.0,0.0,4.216666666666667,21:55,18
23.916666666666668,0.0,4.208333333333333,22:00,18
23.916666666666668,0.0,4.183333333333334,22:05,18
23.916666666666668,0.0,4.158333333333333,22:10,18
23.833333333333332,0.0,4.133333333333334,22:15,18
23.833333333333332,0.0,4.108333333333333,22:20,18
23.833333333333332,0.0,4.066666666666666,22:25,18
23.833333333333332,0.0,4.0249999999999995,22:30,18
23.833333333333332,0.0,4.016666666666667,22:35,18
23.75,0.0,4.016666666666667,22:40,18
23.75,0.0,4.008333333333334,22:45,18
23.75,0.0,3.9916666666666667,22:50,18
23.75,0.0,3.983333333333333,22:55,18
23.75,0.0,3.9749999999999996,23:00,18
23.75,0.0,3.983333333333333,23:05,18
23.75,0.0,3.9499999999999997,23:10,18
23.666666666666668,0.0,3.908333333333333,23:15,18
23.666666666666668,0.0,3.9,23:20,18
23.666666666666668,0.0,3.875,23:25,18
23.5,0.0,3.858333333333333,23:30,18
23.416666666666668,0.0,3.8416666666666663,23:35,18
23.416666666666668,0.0,3.8000000000000003,23:40,18
23.416666666666668,0.0,3.8000000000000003,23:45,18
23.416666666666668,0.0,3.766666666666667,23:50,18
23.416666666666668,0.0,3.75,23:55,18
23.333333333333332,0.0,3.7249999999999996,00:00,19
23.333333333333332,0.0,3.716666666666667,00:05,19
23.333333333333332,0.0,3.6916666666666664,00:10,19
23.333333333333332,0.0,3.6833333333333336,00:15,19
23.333333333333332,0.0,3.6750000000000003,00:20,19
23.333333333333332,0.0,3.641666666666666,00:25,19
23.333333333333332,0.0,3.6333333333333333,00:30,19
23.25,0.0,3.633333333333333,00:35,19
23.25,0.0,3.6333333333333333,00:40,19
23.25,0.0,3.625,00:45,19
23.25,0.0,3.608333333333333,00:50,19
23.25,0.0,3.6,00:55,19
23.083333333333332,0.0,3.6,01:00,19
23.083333333333332,0.0,3.591666666666667,01:05,19
23.083333333333332,0.0,3.5500000000000003,01:10,19
23.083333333333332,0.0,3.525,01:15,19
23.083333333333332,0.0,3.475,01:20,19
23.083333333333332,0.0,3.4333333333333336,01:25,19
23.083333333333332,0.0,3.408333333333333,01:30,19
23.166666666666668,0.0,3.3833333333333333,01:35,19
23.083333333333332,0.0,3.3666666666666667,01:40,19
23.083333333333332,0.0,3.341666666666667,01:45,19
23.0,0.0,3.3166666666666664,01:50,19
22.916666666666668,0.0,3.3083333333333336,01:55,19
22.916666666666668,0.0,3.3000000000000003,02:00,19
22.916666666666668,0.0,3.275,02:05,19
22.833333333333332,0.0,3.266666666666667,02:10,19
22.75,0.0,3.25,02:15,19
22.666666666666668,0.0,3.225,02:20,19
22.666666666666668,0.0,3.225,02:25,19
22.666666666666668,0.0,3.2249999999999996,02:30,19
22.666666666666668,0.0,3.225,02:35,19
22.666666666666668,0.0,3.216666666666667,02:40,19
22.583333333333332,0.0,3.233333333333333,02:45,19
22.416666666666668,0.0,3.2583333333333333,02:50,19
22.416666666666668,0.0,3.275,02:55,19
22.416666666666668,0.0,3.3000000000000003,03:00,19
22.416666666666668,0.0,3.3166666666666664,03:05,19
22.416666666666668,0.0,3.3666666666666667,03:10,19
22.416666666666668,0.0,3.3666666666666667,03:15,19
22.333333333333332,0.0,3.408333333333333,03:20,19
22.416666666666668,0.0,3.4333333333333336,03:25,19
22.416666666666668,0.0,3.4583333333333335,03:30,19
22.416666666666668,0.0,3.5083333333333333,03:35,19
22.416666666666668,0.0,3.533333333333333,03:40,19
22.416666666666668,0.0,3.5500000000000003,03:45,19
22.416666666666668,0.0,3.591666666666667,03:50,19
22.416666666666668,0.0,3.6166666666666667,03:55,19
22.333333333333332,0.0,3.658333333333333,04:00,19
22.333333333333332,0.0,3.6750000000000003,04:05,19
22.416666666666668,0.0,3.6999999999999997,04:10,19
22.416666666666668,0.0,3.6999999999999997,04:15,19
22.5,0.0,3.6999999999999997,04:20,19
22.416666666666668,0.0,3.716666666666667,04:25,19
22.416666666666668,0.0,3.725,04:30,19
22.5,0.0,3.7416666666666667,04:35,19
22.5,0.0,3.7916666666666665,04:40,19
22.5,0.0,3.8000000000000003,04:45,19
22.5,0.0,3.875,04:50,19
22.583333333333332,0.0,3.891666666666667,04:55,19
22.583333333333332,0.0,3.9166666666666665,05:00,19
22.583333333333332,0.0,3.9499999999999997,05:05,19
22.583333333333332,0.0,3.966666666666667,05:10,19
22.583333333333332,0.0,3.9583333333333335,05:15,19
22.5,0.0,3.9916666666666667,05:20,19
22.5,0.25,4.008333333333334,05:25,19
22.5,1.0,4.0249999999999995,05:30,19
22.5,2.5,4.033333333333333,05:35,19
22.5,3.5833333333333335,4.041666666666667,05:40,19
22.5,4.833333333333333,4.058333333333334,05:45,19
22.583333333333332,6.916666666666667,4.075,05:50,19
22.583333333333332,8.833333333333334,4.083333333333333,05:55,19
22.583333333333332,11.666666666666666,4.116666666666666,06:00,19
22.583333333333332,16.0,4.108333333333333,06:05,19
22.583333333333332,18.583333333333332,4.083333333333333,06:10,19
22.583333333333332,23.833333333333332,4.05,06:15,19
22.583333333333332,29.833333333333332,4.0249999999999995,06:20,19
22.583333333333332,36.833333333333336,4.008333333333334,06:25,19
22.666666666666668,45.833333333333336,3.975,06:30,19
22.666666666666668,54.333333333333336,3.9416666666666664,06:35,19
22.666666666666668,63.75,3.9166666666666665,06:40,19
22.666666666666668,73.58333333333333,3.8833333333333333,06:45,19
22.75,81.08333333333333,3.858333333333333,06:50,19
22.75,88.0,3.8249999999999997,06:55,19
22.833333333333332,99.25,3.8083333333333336,07:00,19
22.833333333333332,107.66666666666667,3.766666666666667,07:05,19
22.833333333333332,118.25,3.75,07:10,19
22.75,124.58333333333333,3.6916666666666664,07:15,19
22.75,135.5,3.6916666666666664,07:20,19
22.75,141.5,3.6333333333333333,07:25,19
22.75,143.91666666666666,3.641666666666666,07:30,19
22.583333333333332,145.33333333333334,3.6166666666666667,07:35,19
22.583333333333332,148.66666666666666,3.591666666666667,07:40,19
22.583333333333332,153.33333333333334,3.5833333333333335,07:45,19
22.583333333333332,162.66666666666666,3.5583333333333336,07:50,19
22.666666666666668,172.16666666666666,3.5416666666666665,07:55,19
22.666666666666668,181.58333333333334,3.516666666666667,08:00,19
22.75,188.91666666666666,3.5,08:05,19
22.833333333333332,199.08333333333334,3.475,08:10,19
23.333333333333332,206.83333333333334,3.4499999999999997,08:15,19
23.5,216.0,3.4250000000000003,08:20,19
23.583333333333332,226.66666666666666,3.4250000000000003,08:25,19
23.666666666666668,237.91666666666666,3.4166666666666665,08:30,19
23.916666666666668,250.0,3.4,08:35,19
24.333333333333332,270.0833333333333,3.4,08:40,19
24.416666666666668,286.4166666666667,3.375,08:45,19
24.5,303.3333333333333,3.375,08:50,19
24.75,312.75,3.35,08:55,19
24.916666666666668,316.9166666666667,3.358333333333333,09:00,19
25.0,311.4166666666667,3.35,09:05,19
25.25,315.5833333333333,3.3333333333333335,09:10,19
25.25,316.4166666666667,3.3249999999999997,09:15,19
25.333333333333332,314.3333333333333,3.3083333333333336,09:20,19
25.416666666666668,319.8333333333333,3.3166666666666664,09:25,19
25.416666666666668,322.0833333333333,3.2916666666666665,09:30,19
25.583333333333332,331.5833333333333,3.283333333333333,09:35,19
25.666666666666668,344.8333333333333,3.2916666666666665,09:40,19
25.666666666666668,354.6666666666667,3.283333333333333,09:45,19
25.666666666666668,367.75,3.2916666666666665,09:50,19
25.75,375.1666666666667,3.283333333333333,09:55,19
25.833333333333332,386.25,3.283333333333333,10:00,19
25.916666666666668,400.3333333333333,3.283333333333333,10:05,19
25.916666666666668,417.0,3.2916666666666665,10:10,19
25.916666666666668,422.0833333333333,3.275,10:15,19
25.916666666666668,434.4166666666667,3.283333333333333,10:20,19
25.916666666666668,440.9166666666667,3.266666666666667,10:25,19
26.0,447.5,3.2583333333333333,10:30,19
26.083333333333332,457.4166666666667,3.283333333333333,10:35,19
26.0,457.1666666666667,3.2916666666666665,10:40,19
26.0,454.3333333333333,3.283333333333333,10:45,19
25.916666666666668,444.75,3.3000000000000003,10:50,19
25.916666666666668,435.25,3.3083333333333336,10:55,19
26.0,425.0833333333333,3.3249999999999997,11:00,19
26.0,415.3333333333333,3.316666666666667,11:05,19
26.166666666666668,400.9166666666667,3.3083333333333336,11:10,19
26.333333333333332,406.75,3.3083333333333336,11:15,19
26.333333333333332,424.0833333333333,3.283333333333333,11:20,19
26.333333333333332,426.4166666666667,3.3000000000000003,11:25,19
26.833333333333332,434.4166666666667,3.2916666666666665,11:30,19
26.916666666666668,453.6666666666667,3.283333333333333,11:35,19
26.916666666666668,458.1666666666667,3.283333333333333,11:40,19
27.083333333333332,461.5,3.283333333333333,11:45,19
27.25,473.1666666666667,3.2999999999999994,11:50,19
27.333333333333332,480.5833333333333,3.283333333333333,11:55,19
27.333333333333332,476.0,3.283333333333333,12:00,19
27.333333333333332,479.5,3.275,12:05,19
27.416666666666668,477.0,3.266666666666667,12:10,19
27.416666666666668,477.4166666666667,3.2416666666666667,12:15,19
27.416666666666668,477.5,3.2249999999999996,12:20,19
27.5,480.25,3.216666666666667,12:25,19
27.583333333333332,480.0833333333333,3.2083333333333335,12:30,19
27.666666666666668,483.25,3.216666666666667,12:35,19
27.666666666666668,481.9166666666667,3.1999999999999997,12:40,19
27.75,481.0,3.1833333333333336,12:45,19
27.75,482.5,3.1833333333333336,12:50,19
27.75,473.4166666666667,3.1833333333333336,12:55,19
27.833333333333332,470.6666666666667,3.1666666666666665,13:00,19
27.833333333333332,470.8333333333333,3.1666666666666665,13:05,19
27.916666666666668,474.8333333333333,3.158333333333333,13:10,19
27.916666666666668,480.75,3.158333333333333,13:15,19
27.916666666666668,481.0833333333333,3.158333333333333,13:20,19
27.916666666666668,471.9166666666667,3.158333333333333,13:25,19
27.916666666666668,458.8333333333333,3.1666666666666665,13:30,19
27.833333333333332,451.0,3.1666666666666665,13:35,19
27.833333333333332,442.1666666666667,3.1750000000000003,13:40,19
27.75,432.6666666666667,3.1833333333333336,13:45,19
27.75,422.0833333333333,3.1999999999999997,13:50,19
27.75,420.25,3.1999999999999997,13:55,19
27.75,416.75,3.216666666666667,14:00,19
27.75,410.9166666666667,3.2083333333333335,14:05,19
27.75,405.75,3.216666666666667,14:10,19
27.75,400.5,3.225,14:15,19
27.916666666666668,387.0,3.216666666666667,14:20,19
27.916666666666668,378.3333333333333,3.233333333333333,14:25,19
28.0,368.25,3.25,14:30,19
28.0,357.4166666666667,3.266666666666667,14:35,19
27.916666666666668,344.6666666666667,3.266666666666667,14:40,19
27.916666666666668,329.9166666666667,3.283333333333333,14:45,19
27.916666666666668,316.3333333333333,3.283333333333333,14:50,19
27.916666666666668,307.4166666666667,3.3000000000000003,14:55,19
27.916666666666668,303.0,3.3249999999999997,15:00,19
27.916666666666668,300.1666666666667,3.3166666666666664,15:05,19
27.833333333333332,289.75,3.3249999999999997,15:10,19
27.833333333333332,286.4166666666667,3.3333333333333335,15:15,19
27.833333333333332,268.1666666666667,3.35,15:20,19
27.833333333333332,263.6666666666667,3.35,15:25,19
27.833333333333332,244.25,3.3666666666666667,15:30,19
27.916666666666668,233.16666666666666,3.3666666666666667,15:35,19
27.916666666666668,219.25,3.3666666666666667,15:40,19
27.916666666666668,210.58333333333334,3.3833333333333333,15:45,19
27.916666666666668,203.5,3.4,15:50,19
27.916666666666668,196.83333333333334,3.4166666666666665,15:55,19
27.916666666666668,194.0,3.4250000000000003,16:00,19
27.833333333333332,184.25,3.4166666666666665,16:05,19
27.583333333333332,173.91666666666666,3.408333333333333,16:10,19
27.416666666666668,164.41666666666666,3.391666666666667,16:15,19
27.333333333333332,144.41666666666666,3.391666666666667,16:20,19
27.083333333333332,137.33333333333334,3.3833333333333333,16:25,19
26.916666666666668,127.33333333333333,3.3833333333333333,16:30,19
26.666666666666668,119.33333333333333,3.391666666666667,16:35,19
26.333333333333332,111.25,3.391666666666667,16:40,19
26.25,104.33333333333333,3.3833333333333333,16:45,19
26.0,97.25,3.3833333333333333,16:50,19
25.833333333333332,90.25,3.3833333333333333,16:55,19
25.666666666666668,82.58333333333333,3.3666666666666667,17:00,19
25.583333333333332,75.33333333333333,3.391666666666667,17:05,19
25.583333333333332,66.66666666666667,3.4416666666666664,17:10,19
25.583333333333332,59.166666666666664,3.466666666666667,17:15,19
25.583333333333332,53.333333333333336,3.5083333333333333,17:20,19
25.583333333333332,48.083333333333336,3.5583333333333336,17:25,19
25.5,40.333333333333336,3.5833333333333335,17:30,19
25.583333333333332,34.75,3.641666666666667,17:35,19
25.5,28.916666666666668,3.6750000000000003,17:40,19
25.5,24.083333333333332,3.716666666666667,17:45,19
25.5,18.583333333333332,3.775,17:50,19
25.5,14.416666666666666,3.8166666666666664,17:55,19
25.5,10.916666666666666,3.858333333333333,18:00,19
25.5,8.583333333333334,3.908333333333333,18:05,19
25.5,6.666666666666667,3.9333333333333336,18:10,19
25.5,4.75,3.9499999999999997,18:15,19
25.5,3.3333333333333335,3.983333333333333,18:20,19
25.5,2.0833333333333335,4.008333333333334,18:25,19
25.5,0.8333333333333334,4.05,18:30,19
25.5,0.16666666666666666,4.083333333333333,18:35,19
25.5,0.0,4.125,18:40,19
25.5,0.0,4.1499999999999995,18:45,19
25.5,0.0,4.183333333333334,18:50,19
25.416666666666668,0.0,4.2250000000000005,18:55,19
25.416666666666668,0.0,4.25,19:00,19
25.416666666666668,0.0,4.2749999999999995,19:05,19
25.416666666666668,0.0,4.291666666666667,19:10,19
25.416666666666668,0.0,4.291666666666667,19:15,19
25.333333333333332,0.0,4.308333333333334,19:20,19
25.333333333333332,0.0,4.333333333333333,19:25,19
25.333333333333332,0.0,4.333333333333333,19:30,19
25.333333333333332,0.0,4.366666666666666,19:35,19
25.333333333333332,0.0,4.383333333333334,19:40,19
25.333333333333332,0.0,4.3999999999999995,19:45,19
25.333333333333332,0.0,4.425,19:50,19
25.333333333333332,0.0,4.4750000000000005,19:55,19
25.333333333333332,0.0,4.491666666666666,20:00,19
25.333333333333332,0.0,4.516666666666667,20:05,19
25.083333333333332,0.0,4.5,20:10,19
25.0,0.0,4.5,20:15,19
25.0,0.0,4.491666666666667,20:20,19
25.0,0.0,4.491666666666666,20:25,19
24.916666666666668,0.0,4.483333333333333,20:30,19
24.833333333333332,0.0,4.483333333333333,20:35,19
24.833333333333332,0.0,4.466666666666667,20:40,19
24.833333333333332,0.0,4.4750000000000005,20:45,19
24.833333333333332,0.0,4.491666666666666,20:50,19
24.833333333333332,0.0,4.491666666666666,20:55,19
24.666666666666668,0.0,4.491666666666666,21:00,19
24.583333333333332,0.0,4.491666666666666,21:05,19
24.5,0.0,4.466666666666667,21:10,19
24.333333333333332,0.0,4.45,21:15,19
24.333333333333332,0.0,4.425,21:20,19
24.25,0.0,4.3999999999999995,21:25,19
24.25,0.0,4.391666666666667,21:30,19
24.25,0.0,4.366666666666666,21:35,19
24.25,0.0,4.333333333333333,21:40,19
24.25,0.0,4.333333333333333,21:45,19
24.083333333333332,0.0,4.325,21:50,19
24.0,0.0,4.3,21:55,19
24.0,0.0,4.308333333333334,22:00,19
23.916666666666668,0.0,4.308333333333334,22:05,19
23.916666666666668,0.0,4.283333333333333,22:10,19
23.916666666666668,0.0,4.291666666666667,22:15,19
24.0,0.0,4.2749999999999995,22:20,19
24.0,0.0,4.258333333333334,22:25,19
24.0,0.0,4.2749999999999995,22:30,19
24.083333333333332,0.0,4.266666666666667,22:35,19
24.083333333333332,0.0,4.266666666666667,22:40,19
24.083333333333332,0.0,4.283333333333333,22:45,19
24.083333333333332,0.0,4.2749999999999995,22:50,19
24.083333333333332,0.0,4.283333333333333,22:55,19
24.083333333333332,0.0,4.258333333333334,23:00,19
24.083333333333332,0.0,4.266666666666667,23:05,19
23.916666666666668,0.0,4.266666666666667,23:10,19
23.833333333333332,0.0,4.283333333333334,23:15,19
23.75,0.0,4.283333333333333,23:20,19
23.666666666666668,0.0,4.3,23:25,19
23.666666666666668,0.0,4.308333333333334,23:30,19
23.666666666666668,0.0,4.316666666666666,23:35,19
23.666666666666668,0.0,4.325,23:40,19
23.666666666666668,0.0,4.358333333333333,23:45,19
23.5,0.0,4.3999999999999995,23:50,19
23.5,0.0,4.3999999999999995,23:55,19
23.5,0.0,4.425,00:00,20
23.5,0.0,4.433333333333334,00:05,20
23.5,0.0,4.433333333333334,00:10,20
23.416666666666668,0.0,4.408333333333333,00:15,20
23.416666666666668,0.0,4.408333333333333,00:20,20
23.416666666666668,0.0,4.391666666666667,00:25,20
23.416666666666668,0.0,4.3999999999999995,00:30,20
23.416666666666668,0.0,4.375,00:35,20
23.416666666666668,0.0,4.375,00:40,20
23.416666666666668,0.0,4.366666666666666,00:45,20
23.416666666666668,0.0,4.366666666666666,00:50,20
23.416666666666668,0.0,4.358333333333333,00:55,20
23.416666666666668,0.0,4.358333333333333,01:00,20
23.416666666666668,0.0,4.3500000000000005,01:05,20
23.416666666666668,0.0,4.308333333333334,01:10,20
23.416666666666668,0.0,4.291666666666667,01:15,20
23.416666666666668,0.0,4.3,01:20,20
23.416666666666668,0.0,4.266666666666667,01:25,20
23.416666666666668,0.0,4.25,01:30,20
23.416666666666668,0.0,4.241666666666666,01:35,20
23.416666666666668,0.0,4.216666666666667,01:40,20
23.416666666666668,0.0,4.216666666666667,01:45,20
23.416666666666668,0.0,4.2,01:50,20
23.416666666666668,0.0,4.175,01:55,20
23.416666666666668,0.0,4.175,02:00,20
23.416666666666668,0.0,4.1499999999999995,02:05,20
23.416666666666668,0.0,4.116666666666666,02:10,20
23.333333333333332,0.0,4.1000000000000005,02:15,20
23.333333333333332,0.0,4.075,02:20,20
23.333333333333332,0.0,4.05,02:25,20
23.333333333333332,0.0,4.033333333333333,02:30,20
23.333333333333332,0.0,4.008333333333334,02:35,20
23.333333333333332,0.0,3.983333333333333,02:40,20
23.25,0.0,3.966666666666667,02:45,20
23.166666666666668,0.0,3.975,02:50,20
23.166666666666668,0.0,3.9583333333333335,02:55,20
23.166666666666668,0.0,3.9500000000000006,03:00,20
23.166666666666668,0.0,3.975,03:05,20
23.083333333333332,0.0,3.966666666666667,03:10,20
23.083333333333332,0.0,3.975,03:15,20
23.083333333333332,0.0,3.9583333333333335,03:20,20
23.083333333333332,0.0,3.966666666666667,03:25,20
23.083333333333332,0.0,3.9583333333333335,03:30,20
23.083333333333332,0.0,3.9583333333333335,03:35,20
23.083333333333332,0.0,3.9499999999999997,03:40,20
23.083333333333332,0.0,3.966666666666667,03:45,20
23.0,0.0,3.966666666666667,03:50,20
23.0,0.0,3.9749999999999996,03:55,20
23.0,0.0,3.975,04:00,20
23.0,0.0,3.9499999999999997,04:05,20
23.0,0.0,3.9166666666666665,04:10,20
23.0,0.0,3.875,04:15,20
22.916666666666668,0.0,3.841666666666667,04:20,20
22.916666666666668,0.0,3.8083333333333336,04:25,20
22.916666666666668,0.0,3.8083333333333336,04:30,20
22.916666666666668,0.0,3.766666666666667,04:35,20
23.0,0.0,3.75,04:40,20
23.0,0.0,3.733333333333333,04:45,20
23.0,0.0,3.716666666666667,04:50,20
23.0,0.0,3.6916666666666664,04:55,20
23.083333333333332,0.0,3.6750000000000003,05:00,20
23.083333333333332,0.0,3.6833333333333336,05:05,20
23.083333333333332,0.0,3.6833333333333336,05:10,20
23.083333333333332,0.0,3.6750000000000003,05:15,20
23.083333333333332,0.0,3.6750000000000003,05:20,20
23.083333333333332,0.25,3.6666666666666665,05:25,20
23.083333333333332,1.0,3.6666666666666665,05:30,20
23.0,2.5833333333333335,3.6666666666666665,05:35,20
23.0,4.25,3.6750000000000003,05:40,20
23.0,6.166666666666667,3.6750000000000003,05:45,20
23.083333333333332,6.583333333333333,3.6750000000000003,05:50,20
23.0,8.0,3.6750000000000003,05:55,20
23.0,11.083333333333334,3.6833333333333336,06:00,20
23.0,14.083333333333334,3.6750000000000003,06:05,20
23.0,17.25,3.658333333333333,06:10,20
23.0,20.916666666666668,3.625,06:15,20
23.0,26.833333333333332,3.6166666666666667,06:20,20
23.0,33.916666666666664,3.608333333333333,06:25,20
23.0,40.333333333333336,3.5833333333333335,06:30,20
23.0,47.583333333333336,3.5666666666666664,06:35,20
23.0,58.666666666666664,3.5500000000000003,06:40,20
23.0,66.08333333333333,3.5416666666666665,06:45,20
23.0,78.25,3.533333333333333,06:50,20
23.0,86.91666666666667,3.516666666666667,06:55,20
23.083333333333332,94.66666666666667,3.4916666666666667,07:00,20
23.083333333333332,99.58333333333333,3.4916666666666667,07:05,20
23.083333333333332,109.33333333333333,3.4916666666666667,07:10,20
23.166666666666668,117.91666666666667,3.483333333333333,07:15,20
23.166666666666668,131.58333333333334,3.466666666666667,07:20,20
23.166666666666668,146.58333333333334,3.466666666666667,07:25,20
23.166666666666668,159.66666666666666,3.4583333333333335,07:30,20
23.166666666666668,167.16666666666666,3.466666666666667,07:35,20
23.166666666666668,178.08333333333334,3.466666666666667,07:40,20
23.166666666666668,188.41666666666666,3.4499999999999997,07:45,20
23.166666666666668,200.5,3.4499999999999997,07:50,20
23.166666666666668,214.08333333333334,3.4583333333333335,07:55,20
23.25,219.75,3.466666666666667,08:00,20
23.25,216.58333333333334,3.4583333333333335,08:05,20
23.416666666666668,229.33333333333334,3.4583333333333335,08:10,20
23.583333333333332,244.41666666666666,3.475,08:15,20
23.666666666666668,257.5,3.466666666666667,08:20,20
23.75,271.75,3.4583333333333335,08:25,20
24.0,275.0,3.4583333333333335,08:30,20
24.166666666666668,283.8333333333333,3.4583333333333335,08:35,20
24.333333333333332,283.75,3.4583333333333335,08:40,20
24.333333333333332,285.4166666666667,3.475,08:45,20
24.5,294.8333333333333,3.4916666666666667,08:50,20
24.75,304.5833333333333,3.5083333333333333,08:55,20
25.083333333333332,305.4166666666667,3.516666666666667,09:00,20
25.166666666666668,306.25,3.516666666666667,09:05,20
25.333333333333332,308.1666666666667,3.516666666666667,09:10,20
25.333333333333332,314.3333333333333,3.516666666666667,09:15,20
25.333333333333332,318.8333333333333,3.4916666666666667,09:20,20
25.5,330.5,3.5083333333333333,09:25,20
25.666666666666668,335.8333333333333,3.5,09:30,20
25.75,349.6666666666667,3.483333333333334,09:35,20
25.75,362.3333333333333,3.5083333333333333,09:40,20
25.75,371.75,3.5,09:45,20
25.916666666666668,377.5833333333333,3.4916666666666667,09:50,20
26.083333333333332,390.6666666666667,3.5083333333333333,09:55,20
26.083333333333332,388.5833333333333,3.483333333333333,10:00,20
26.083333333333332,400.25,3.483333333333334,10:05,20
26.083333333333332,387.4166666666667,3.4916666666666667,10:10,20
26.083333333333332,384.3333333333333,3.483333333333333,10:15,20
26.0,398.1666666666667,3.5,10:20,20
26.0,405.0,3.475,10:25,20
26.0,408.6666666666667,3.466666666666667,10:30,20
26.0,412.9166666666667,3.483333333333333,10:35,20
26.0,411.25,3.483333333333333,10:40,20
26.0,414.25,3.475,10:45,20
26.0,418.1666666666667,3.475,10:50,20
26.0,420.9166666666667,3.475,10:55,20
26.0,432.4166666666667,3.475,11:00,20
26.083333333333332,443.0833333333333,3.466666666666667,11:05,20
26.416666666666668,453.6666666666667,3.4499999999999997,11:10,20
26.5,459.0,3.4499999999999997,11:15,20
26.583333333333332,463.9166666666667,3.4333333333333336,11:20,20
26.666666666666668,466.9166666666667,3.408333333333333,11:25,20
26.916666666666668,470.3333333333333,3.408333333333333,11:30,20
26.916666666666668,476.0833333333333,3.391666666666667,11:35,20
27.0,488.5,3.375,11:40,20
27.083333333333332,492.9166666666667,3.3833333333333333,11:45,20
27.25,508.3333333333333,3.3666666666666667,11:50,20
27.416666666666668,519.0,3.358333333333333,11:55,20
27.583333333333332,523.3333333333334,3.341666666666667,12:00,20
27.666666666666668,527.5833333333334,3.341666666666667,12:05,20
27.666666666666668,522.0,3.3083333333333336,12:10,20
27.666666666666668,524.3333333333334,3.3083333333333336,12:15,20
27.75,534.4166666666666,3.3000000000000003,12:20,20
27.75,536.5833333333334,3.3000000000000003,12:25,20
27.75,543.5833333333334,3.2916666666666665,12:30,20
27.666666666666668,536.6666666666666,3.2916666666666665,12:35,20
27.666666666666668,535.75,3.2750000000000004,12:40,20
27.666666666666668,527.25,3.2583333333333333,12:45,20
27.833333333333332,524.6666666666666,3.266666666666667,12:50,20
27.833333333333332,520.1666666666666,3.275,12:55,20
27.833333333333332,516.4166666666666,3.25,13:00,20
27.833333333333332,506.5833333333333,3.266666666666667,13:05,20
27.833333333333332,499.4166666666667,3.2416666666666667,13:10,20
27.916666666666668,490.6666666666667,3.2416666666666667,13:15,20
28.0,482.1666666666667,3.25,13:20,20
28.0,490.4166666666667,3.25,13:25,20
28.083333333333332,488.5,3.25,13:30,20
28.166666666666668,490.6666666666667,3.25,13:35,20
28.166666666666668,485.5833333333333,3.233333333333333,13:40,20
28.166666666666668,485.0,3.275,13:45,20
28.166666666666668,490.3333333333333,3.2583333333333333,13:50,20
28.166666666666668,487.4166666666667,3.2583333333333333,13:55,20
28.166666666666668,482.5,3.283333333333333,14:00,20
28.166666666666668,473.4166666666667,3.2583333333333333,14:05,20
28.25,467.0833333333333,3.266666666666667,14:10,20
28.25,461.5,3.283333333333333,14:15,20
28.25,453.5,3.2583333333333333,14:20,20
28.333333333333332,443.0833333333333,3.2583333333333333,14:25,20
28.416666666666668,433.6666666666667,3.25,14:30,20
28.416666666666668,427.3333333333333,3.266666666666667,14:35,20
28.416666666666668,418.0,3.258333333333333,14:40,20
28.416666666666668,412.5833333333333,3.266666666666667,14:45,20
28.416666666666668,391.75,3.2583333333333333,14:50,20
28.416666666666668,371.9166666666667,3.275,14:55,20
28.416666666666668,351.8333333333333,3.2916666666666665,15:00,20
28.416666666666668,336.5833333333333,3.283333333333333,15:05,20
28.416666666666668,309.1666666666667,3.2916666666666665,15:10,20
28.416666666666668,299.25,3.2583333333333333,15:15,20
28.333333333333332,287.0,3.283333333333333,15:20,20
28.333333333333332,276.0,3.25,15:25,20
28.333333333333332,266.6666666666667,3.25,15:30,20
28.333333333333332,256.75,3.25,15:35,20
28.333333333333332,246.5,3.2583333333333333,15:40,20
28.416666666666668,235.83333333333334,3.25,15:45,20
28.333333333333332,225.58333333333334,3.266666666666667,15:50,20
28.333333333333332,216.33333333333334,3.25,15:55,20
28.333333333333332,204.25,3.266666666666667,16:00,20
28.333333333333332,191.08333333333334,3.275,16:05,20
28.083333333333332,177.08333333333334,3.25,16:10,20
27.916666666666668,163.33333333333334,3.2583333333333333,16:15,20
27.75,151.5,3.25,16:20,20
27.75,138.33333333333334,3.2416666666666667,16:25,20
27.416666666666668,127.08333333333333,3.25,16:30,20
27.166666666666668,117.25,3.266666666666667,16:35,20
26.916666666666668,109.25,3.266666666666667,16:40,20
26.833333333333332,106.75,3.2583333333333333,16:45,20
26.5,95.41666666666667,3.283333333333333,16:50,20
26.333333333333332,89.33333333333333,3.283333333333333,16:55,20
26.083333333333332,78.08333333333333,3.3083333333333336,17:00,20
26.0,68.66666666666667,3.35,17:05,20
26.0,58.916666666666664,3.408333333333333,17:10,20
26.0,52.0,3.4583333333333335,17:15,20
26.0,45.166666666666664,3.525,17:20,20
26.0,40.916666666666664,3.6,17:25,20
26.0,35.5,3.6750000000000003,17:30,20
26.0,30.333333333333332,3.75,17:35,20
26.0,25.0,3.8249999999999997,17:40,20
25.833333333333332,21.75,3.9000000000000004,17:45,20
25.833333333333332,17.166666666666668,3.983333333333333,17:50,20
25.75,13.583333333333334,4.058333333333334,17:55,20
25.75,12.25,4.125,18:00,20
25.75,8.416666666666666,4.191666666666666,18:05,20
25.75,7.083333333333333,4.208333333333333,18:10,20
25.75,5.5,4.25,18:15,20
25.75,3.6666666666666665,4.291666666666667,18:20,20
25.75,2.1666666666666665,4.333333333333333,18:25,20
25.75,0.9166666666666666,4.366666666666666,18:30,20
25.666666666666668,0.25,4.3999999999999995,18:35,20
25.666666666666668,0.0,4.45,18:40,20
25.666666666666668,0.0,4.491666666666666,18:45,20
25.666666666666668,0.0,4.525,18:50,20
25.583333333333332,0.0,4.558333333333334,18:55,20
25.583333333333332,0.0,4.625,19:00,20
25.583333333333332,0.0,4.6499999999999995,19:05,20
25.583333333333332,0.0,4.691666666666666,19:10,20
25.583333333333332,0.0,4.733333333333333,19:15,20
25.583333333333332,0.0,4.766666666666667,19:20,20
25.5,0.0,4.791666666666667,19:25,20
25.416666666666668,0.0,4.841666666666667,19:30,20
25.333333333333332,0.0,4.891666666666667,19:35,20
25.333333333333332,0.0,4.925,19:40,20
25.333333333333332,0.0,4.966666666666667,19:45,20
25.333333333333332,0.0,5.0,19:50,20
25.333333333333332,0.0,5.05,19:55,20
25.333333333333332,0.0,5.108333333333333,20:00,20
25.333333333333332,0.0,5.125,20:05,20
25.25,0.0,5.1499999999999995,20:10,20
25.25,0.0,5.166666666666667,20:15,20
25.25,0.0,5.191666666666666,20:20,20
25.25,0.0,5.208333333333333,20:25,20
25.166666666666668,0.0,5.2250000000000005,20:30,20
25.083333333333332,0.0,5.241666666666666,20:35,20
25.083333333333332,0.0,5.25,20:40,20
25.0,0.0,5.283333333333333,20:45,20
24.916666666666668,0.0,5.308333333333334,20:50,20
24.916666666666668,0.0,5.325,20:55,20
24.583333333333332,0.0,5.3500000000000005,21:00,20
24.583333333333332,0.0,5.366666666666667,21:05,20
24.416666666666668,0.0,5.358333333333333,21:10,20
24.416666666666668,0.0,5.358333333333333,21:15,20
24.333333333333332,0.0,5.358333333333333,21:20,20
24.333333333333332,0.0,5.366666666666667,21:25,20
24.25,0.0,5.3500000000000005,21:30,20
24.25,0.0,5.383333333333333,21:35,20
24.166666666666668,0.0,5.366666666666667,21:40,20
24.166666666666668,0.0,5.366666666666667,21:45,20
24.083333333333332,0.0,5.375,21:50,20
23.75,0.0,5.383333333333333,21:55,20
23.666666666666668,0.0,5.391666666666667,22:00,20
23.666666666666668,0.0,5.375,22:05,20
23.666666666666668,0.0,5.333333333333333,22:10,20
23.666666666666668,0.0,5.3,22:15,20
23.666666666666668,0.0,5.266666666666667,22:20,20
23.666666666666668,0.0,5.258333333333334,22:25,20
23.666666666666668,0.0,5.216666666666667,22:30,20
23.75,0.0,5.183333333333334,22:35,20
23.75,0.0,5.158333333333334,22:40,20
23.75,0.0,5.108333333333333,22:45,20
23.833333333333332,0.0,5.1000000000000005,22:50,20
23.833333333333332,0.0,5.058333333333333,22:55,20
23.833333333333332,0.0,5.033333333333333,23:00,20
23.75,0.0,5.016666666666667,23:05,20
23.583333333333332,0.0,5.0,23:10,20
23.583333333333332,0.0,4.966666666666667,23:15,20
23.416666666666668,0.0,4.941666666666666,23:20,20
23.416666666666668,0.0,4.925,23:25,20
23.416666666666668,0.0,4.908333333333333,23:30,20
23.333333333333332,0.0,4.891666666666667,23:35,20
23.333333333333332,0.0,4.875,23:40,20
23.166666666666668,0.0,4.866666666666666,23:45,20
23.166666666666668,0.0,4.833333333333333,23:50,20
23.166666666666668,0.0,4.808333333333334,23:55,20
23.0,0.0,4.8,00:00,21
23.0,0.0,4.775,00:05,21
23.0,0.0,4.758333333333334,00:10,21
23.0,0.0,4.75,00:15,21
23.0,0.0,4.733333333333333,00:20,21
23.0,0.0,4.7,00:25,21
23.0,0.0,4.675,00:30,21
23.0,0.0,4.6499999999999995,00:35,21
23.0,0.0,4.616666666666666,00:40,21
23.0,0.0,4.616666666666666,00:45,21
23.0,0.0,4.591666666666667,00:50,21
23.0,0.0,4.575,00:55,21
23.083333333333332,0.0,4.558333333333334,01:00,21
23.083333333333332,0.0,4.533333333333333,01:05,21
23.083333333333332,0.0,4.491666666666666,01:10,21
23.083333333333332,0.0,4.483333333333333,01:15,21
23.083333333333332,0.0,4.458333333333333,01:20,21
23.083333333333332,0.0,4.441666666666667,01:25,21
23.083333333333332,0.0,4.416666666666667,01:30,21
23.083333333333332,0.0,4.3999999999999995,01:35,21
23.083333333333332,0.0,4.391666666666667,01:40,21
23.083333333333332,0.0,4.358333333333333,01:45,21
23.083333333333332,0.0,4.3500000000000005,01:50,21
23.083333333333332,0.0,4.333333333333333,01:55,21
23.083333333333332,0.0,4.316666666666666,02:00,21
23.083333333333332,0.0,4.291666666666667,02:05,21
23.0,0.0,4.291666666666667,02:10,21
22.916666666666668,0.0,4.266666666666667,02:15,21
22.916666666666668,0.0,4.25,02:20,21
22.916666666666668,0.0,4.25,02:25,21
22.833333333333332,0.0,4.25,02:30,21
22.833333333333332,0.0,4.233333333333333,02:35,21
22.833333333333332,0.0,4.2,02:40,21
22.833333333333332,0.0,4.183333333333333,02:45,21
22.833333333333332,0.0,4.191666666666666,02:50,21
22.833333333333332,0.0,4.2,02:55,21
22.75,0.0,4.175,03:00,21
22.75,0.0,4.166666666666667,03:05,21
22.75,0.0,4.166666666666667,03:10,21
22.666666666666668,0.0,4.141666666666667,03:15,21
22.666666666666668,0.0,4.125,03:20,21
22.5,0.0,4.116666666666666,03:25,21
22.5,0.0,4.091666666666667,03:30,21
22.416666666666668,0.0,4.075,03:35,21
22.416666666666668,0.0,4.05,03:40,21
22.416666666666668,0.0,4.05,03:45,21
22.333333333333332,0.0,4.041666666666667,03:50,21
22.333333333333332,0.0,4.008333333333334,03:55,21
22.25,0.0,4.0,04:00,21
22.25,0.0,3.966666666666667,04:05,21
22.333333333333332,0.0,3.9250000000000003,04:10,21
22.416666666666668,0.0,3.858333333333333,04:15,21
22.416666666666668,0.0,3.8249999999999997,04:20,21
22.5,0.0,3.8083333333333336,04:25,21
22.5,0.0,3.7416666666666667,04:30,21
22.666666666666668,0.0,3.7083333333333335,04:35,21
22.583333333333332,0.0,3.6833333333333336,04:40,21
22.666666666666668,0.0,3.641666666666667,04:45,21
22.666666666666668,0.0,3.625,04:50,21
22.666666666666668,0.0,3.5749999999999997,04:55,21
22.75,0.0,3.5500000000000003,05:00,21
22.75,0.0,3.5500000000000003,05:05,21
22.75,0.0,3.5583333333333336,05:10,21
22.75,0.0,3.5500000000000003,05:15,21
22.75,0.0,3.5583333333333336,05:20,21
22.75,0.16666666666666666,3.5583333333333336,05:25,21
22.75,0.8333333333333334,3.5666666666666664,05:30,21
22.666666666666668,1.5,3.5833333333333335,05:35,21
22.666666666666668,2.3333333333333335,3.5833333333333335,05:40,21
22.666666666666668,3.5833333333333335,3.5749999999999997,05:45,21
22.666666666666668,5.666666666666667,3.5833333333333335,05:50,21
22.666666666666668,7.0,3.591666666666667,05:55,21
22.666666666666668,9.166666666666666,3.608333333333333,06:00,21
22.666666666666668,12.583333333333334,3.6,06:05,21
22.666666666666668,16.333333333333332,3.5666666666666664,06:10,21
22.666666666666668,22.5,3.5500000000000003,06:15,21
22.666666666666668,25.833333333333332,3.525,06:20,21
22.75,32.416666666666664,3.5,06:25,21
22.75,39.166666666666664,3.466666666666667,06:30,21
22.833333333333332,47.916666666666664,3.4583333333333335,06:35,21
22.833333333333332,57.0,3.4250000000000003,06:40,21
22.833333333333332,62.666666666666664,3.4166666666666665,06:45,21
22.833333333333332,69.41666666666667,3.4,06:50,21
22.833333333333332,84.41666666666667,3.3833333333333333,06:55,21
23.0,94.08333333333333,3.375,07:00,21
23.0,104.5,3.341666666666667,07:05,21
22.916666666666668,113.75,3.3083333333333336,07:10,21
22.916666666666668,126.58333333333333,3.275,07:15,21
22.916666666666668,136.91666666666666,3.233333333333333,07:20,21
22.916666666666668,146.16666666666666,3.1999999999999997,07:25,21
22.916666666666668,160.16666666666666,3.158333333333333,07:30,21
22.916666666666668,177.0,3.1166666666666667,07:35,21
22.916666666666668,199.91666666666666,3.1,07:40,21
22.916666666666668,208.66666666666666,3.0749999999999997,07:45,21
22.916666666666668,212.83333333333334,3.0416666666666665,07:50,21
22.916666666666668,205.25,3.0083333333333333,07:55,21
22.833333333333332,206.91666666666666,2.975,08:00,21
23.0,216.58333333333334,2.966666666666667,08:05,21
23.0,233.58333333333334,2.9499999999999997,08:10,21
23.333333333333332,239.33333333333334,2.9250000000000003,08:15,21
23.416666666666668,254.41666666666666,2.9166666666666665,08:20,21
23.583333333333332,259.8333333333333,2.9,08:25,21
24.0,269.0,2.875,08:30,21
24.166666666666668,279.6666666666667,2.8666666666666667,08:35,21
24.416666666666668,300.25,2.858333333333333,08:40,21
24.416666666666668,309.6666666666667,2.8499999999999996,08:45,21
24.583333333333332,324.5833333333333,2.8249999999999997,08:50,21
24.75,332.3333333333333,2.8249999999999997,08:55,21
25.0,345.4166666666667,2.8249999999999997,09:00,21
25.333333333333332,356.6666666666667,2.8083333333333336,09:05,21
25.416666666666668,367.4166666666667,2.7916666666666665,09:10,21
25.5,376.0,2.783333333333333,09:15,21
25.5,392.0833333333333,2.7583333333333333,09:20,21
25.583333333333332,410.6666666666667,2.733333333333333,09:25,21
25.666666666666668,425.9166666666667,2.725,09:30,21
25.833333333333332,444.0,2.6999999999999997,09:35,21
26.083333333333332,457.9166666666667,2.6833333333333336,09:40,21
26.166666666666668,470.6666666666667,2.6666666666666665,09:45,21
26.25,479.0833333333333,2.658333333333333,09:50,21
26.416666666666668,475.9166666666667,2.65,09:55,21
26.416666666666668,481.75,2.6333333333333333,10:00,21
26.416666666666668,479.4166666666667,2.6333333333333333,10:05,21
26.5,489.5833333333333,2.6,10:10,21
26.5,490.3333333333333,2.558333333333333,10:15,21
26.583333333333332,498.75,2.566666666666667,10:20,21
26.583333333333332,503.75,2.5416666666666665,10:25,21
26.583333333333332,517.0833333333334,2.5083333333333333,10:30,21
26.5,529.1666666666666,2.525,10:35,21
26.5,539.5,2.5,10:40,21
26.5,557.25,2.533333333333333,10:45,21
26.583333333333332,558.0,2.558333333333333,10:50,21
26.583333333333332,566.5833333333334,2.5500000000000003,10:55,21
26.583333333333332,572.5,2.566666666666667,11:00,21
26.666666666666668,590.25,2.591666666666667,11:05,21
26.833333333333332,598.75,2.625,11:10,21
27.166666666666668,614.9166666666666,2.65,11:15,21
27.333333333333332,623.5,2.716666666666667,11:20,21
27.333333333333332,633.0833333333334,2.7083333333333335,11:25,21
27.583333333333332,620.6666666666666,2.75,11:30,21
27.75,619.0,2.783333333333333,11:35,21
27.833333333333332,615.0833333333334,2.8166666666666664,11:40,21
28.0,622.6666666666666,2.85,11:45,21
28.166666666666668,618.6666666666666,2.891666666666667,11:50,21
28.5,626.6666666666666,2.9166666666666665,11:55,21
28.5,624.5833333333334,2.9499999999999997,12:00,21
28.5,624.5,2.975,12:05,21
28.5,640.1666666666666,3.0,12:10,21
28.583333333333332,651.0833333333334,3.016666666666667,12:15,21
28.583333333333332,648.9166666666666,3.033333333333333,12:20,21
28.583333333333332,644.75,3.0416666666666665,12:25,21
28.583333333333332,637.8333333333334,3.0583333333333336,12:30,21
28.583333333333332,636.5,3.0749999999999997,12:35,21
28.583333333333332,607.9166666666666,3.091666666666667,12:40,21
28.666666666666668,598.5833333333334,3.1166666666666667,12:45,21
28.666666666666668,590.75,3.1333333333333333,12:50,21
28.666666666666668,587.75,3.1666666666666665,12:55,21
28.666666666666668,583.8333333333334,3.1833333333333336,13:00,21
28.666666666666668,589.25,3.2083333333333335,13:05,21
28.666666666666668,584.25,3.1999999999999997,13:10,21
28.666666666666668,593.5,3.2083333333333335,13:15,21
28.75,597.5833333333334,3.2083333333333335,13:20,21
28.833333333333332,593.5833333333334,3.225,13:25,21
28.833333333333332,585.5,3.233333333333333,13:30,21
28.833333333333332,578.3333333333334,3.25,13:35,21
28.833333333333332,569.8333333333334,3.266666666666667,13:40,21
28.833333333333332,553.75,3.266666666666667,13:45,21
28.833333333333332,544.3333333333334,3.275,13:50,21
28.833333333333332,537.9166666666666,3.266666666666667,13:55,21
28.833333333333332,537.25,3.2916666666666665,14:00,21
28.833333333333332,528.8333333333334,3.3083333333333336,14:05,21
29.0,518.3333333333334,3.3333333333333335,14:10,21
29.0,510.5,3.341666666666667,14:15,21
29.0,490.25,3.391666666666667,14:20,21
29.0,475.5833333333333,3.408333333333333,14:25,21
29.0,464.0,3.4250000000000003,14:30,21
29.0,460.8333333333333,3.4416666666666664,14:35,21
29.0,450.8333333333333,3.483333333333333,14:40,21
29.083333333333332,437.5833333333333,3.5083333333333333,14:45,21
29.0,428.5833333333333,3.5083333333333333,14:50,21
29.0,425.3333333333333,3.5583333333333336,14:55,21
29.0,419.25,3.591666666666667,15:00,21
29.0,418.8333333333333,3.6166666666666667,15:05,21
29.083333333333332,406.75,3.6333333333333333,15:10,21
29.083333333333332,395.1666666666667,3.6833333333333336,15:15,21
29.25,378.8333333333333,3.6999999999999997,15:20,21
29.416666666666668,361.3333333333333,3.7083333333333335,15:25,21
29.416666666666668,349.25,3.733333333333333,15:30,21
29.416666666666668,328.8333333333333,3.775,15:35,21
29.416666666666668,317.9166666666667,3.8000000000000003,15:40,21
29.416666666666668,307.6666666666667,3.8333333333333335,15:45,21
29.416666666666668,300.8333333333333,3.85,15:50,21
29.416666666666668,287.4166666666667,3.891666666666667,15:55,21
29.416666666666668,278.4166666666667,3.9166666666666665,16:00,21
29.416666666666668,258.9166666666667,3.9333333333333336,16:05,21
29.0,239.58333333333334,3.9250000000000003,16:10,21
28.833333333333332,226.16666666666666,3.9250000000000003,16:15,21
28.666666666666668,202.66666666666666,3.908333333333333,16:20,21
28.416666666666668,182.66666666666666,3.9333333333333336,16:25,21
28.333333333333332,165.25,3.9250000000000003,16:30,21
27.916666666666668,152.75,3.9333333333333336,16:35,21
27.666666666666668,140.25,3.9333333333333336,16:40,21
27.583333333333332,127.41666666666667,3.9499999999999997,16:45,21
27.416666666666668,119.66666666666667,3.9499999999999997,16:50,21
27.333333333333332,109.75,3.9916666666666667,16:55,21
26.833333333333332,100.25,4.0249999999999995,17:00,21
26.583333333333332,89.58333333333333,4.05,17:05,21
26.583333333333332,80.75,4.091666666666667,17:10,21
26.583333333333332,68.16666666666667,4.141666666666667,17:15,21
26.583333333333332,59.333333333333336,4.2,17:20,21
26.583333333333332,49.666666666666664,4.258333333333334,17:25,21
26.583333333333332,42.416666666666664,4.325,17:30,21
26.75,37.416666666666664,4.391666666666667,17:35,21
26.75,32.0,4.4750000000000005,17:40,21
26.75,28.0,4.533333333333333,17:45,21
26.75,24.166666666666668,4.6000000000000005,17:50,21
26.75,19.333333333333332,4.7,17:55,21
26.75,15.083333333333334,4.766666666666667,18:00,21
26.75,11.75,4.825,18:05,21
26.75,9.0,4.8999999999999995,18:10,21
26.75,7.166666666666667,4.966666666666667,18:15,21
26.666666666666668,4.5,5.016666666666667,18:20,21
26.583333333333332,2.9166666666666665,5.083333333333333,18:25,21
26.583333333333332,1.25,5.158333333333333,18:30,21
26.5,0.25,5.208333333333333,18:35,21
26.5,0.0,5.283333333333333,18:40,21
26.5,0.0,5.325,18:45,21
26.5,0.0,5.3999999999999995,18:50,21
26.5,0.0,5.458333333333333,18:55,21
26.5,0.0,5.533333333333334,19:00,21
26.5,0.0,5.583333333333333,19:05,21
26.5,0.0,5.625,19:10,21
26.5,0.0,5.666666666666667,19:15,21
26.5,0.0,5.716666666666666,19:20,21
26.5,0.0,5.7749999999999995,19:25,21
26.5,0.0,5.816666666666666,19:30,21
26.166666666666668,0.0,5.858333333333333,19:35,21
26.083333333333332,0.0,5.908333333333334,19:40,21
26.083333333333332,0.0,5.95,19:45,21
26.083333333333332,0.0,6.0,19:50,21
26.083333333333332,0.0,6.058333333333334,19:55,21
26.083333333333332,0.0,6.108333333333333,20:00,21
26.083333333333332,0.0,6.133333333333333,20:05,21
26.083333333333332,0.0,6.116666666666667,20:10,21
26.083333333333332,0.0,6.141666666666667,20:15,21
26.0,0.0,6.133333333333334,20:20,21
26.0,0.0,6.116666666666667,20:25,21
25.833333333333332,0.0,6.141666666666667,20:30,21
25.833333333333332,0.0,6.125,20:35,21
25.75,0.0,6.108333333333333,20:40,21
25.75,0.0,6.125,20:45,21
25.583333333333332,0.0,6.133333333333333,20:50,21
25.416666666666668,0.0,6.116666666666667,20:55,21
25.333333333333332,0.0,6.125,21:00,21
25.333333333333332,0.0,6.133333333333333,21:05,21
25.166666666666668,0.0,6.108333333333333,21:10,21
25.166666666666668,0.0,6.091666666666666,21:15,21
25.166666666666668,0.0,6.066666666666666,21:20,21
24.916666666666668,0.0,6.050000000000001,21:25,21
24.75,0.0,6.058333333333334,21:30,21
24.75,0.0,6.041666666666667,21:35,21
24.75,0.0,6.041666666666667,21:40,21
24.75,0.0,6.016666666666667,21:45,21
24.666666666666668,0.0,6.008333333333333,21:50,21
24.666666666666668,0.0,6.008333333333333,21:55,21
24.416666666666668,0.0,6.008333333333333,22:00,21
24.416666666666668,0.0,6.0,22:05,21
24.416666666666668,0.0,5.9750000000000005,22:10,21
24.416666666666668,0.0,5.95,22:15,21
24.416666666666668,0.0,5.916666666666667,22:20,21
24.416666666666668,0.0,5.8999999999999995,22:25,21
24.416666666666668,0.0,5.875,22:30,21
24.416666666666668,0.0,5.8500000000000005,22:35,21
24.416666666666668,0.0,5.833333333333333,22:40,21
24.416666666666668,0.0,5.825,22:45,21
24.416666666666668,0.0,5.791666666666667,22:50,21
24.416666666666668,0.0,5.783333333333334,22:55,21
24.416666666666668,0.0,5.766666666666667,23:00,21
24.416666666666668,0.0,5.7250000000000005,23:05,21
24.416666666666668,0.0,5.733333333333333,23:10,21
24.333333333333332,0.0,5.708333333333333,23:15,21
24.333333333333332,0.0,5.708333333333333,23:20,21
24.166666666666668,0.0,5.691666666666666,23:25,21
24.166666666666668,0.0,5.675,23:30,21
24.0,0.0,5.6499999999999995,23:35,21
23.75,0.0,5.641666666666667,23:40,21
23.75,0.0,5.625,23:45,21
23.666666666666668,0.0,5.625,23:50,21
23.583333333333332,0.0,5.608333333333333,23:55,21
23.583333333333332,0.0,5.575,00:00,22
23.583333333333332,0.0,5.583333333333333,00:05,22
23.583333333333332,0.0,5.558333333333334,00:10,22
23.583333333333332,0.0,5.541666666666667,00:15,22
23.583333333333332,0.0,5.5249999999999995,00:20,22
23.583333333333332,0.0,5.516666666666667,00:25,22
23.583333333333332,0.0,5.5,00:30,22
23.583333333333332,0.0,5.483333333333333,00:35,22
23.583333333333332,0.0,5.4750000000000005,00:40,22
23.583333333333332,0.0,5.45,00:45,22
23.666666666666668,0.0,5.433333333333334,00:50,22
23.666666666666668,0.0,5.416666666666667,00:55,22
23.666666666666668,0.0,5.3999999999999995,01:00,22
23.666666666666668,0.0,5.366666666666667,01:05,22
23.666666666666668,0.0,5.341666666666666,01:10,22
23.666666666666668,0.0,5.3,01:15,22
23.583333333333332,0.0,5.266666666666667,01:20,22
23.583333333333332,0.0,5.208333333333333,01:25,22
23.583333333333332,0.0,5.183333333333334,01:30,22
23.583333333333332,0.0,5.133333333333334,01:35,22
23.583333333333332,0.0,5.1000000000000005,01:40,22
23.583333333333332,0.0,5.075,01:45,22
23.583333333333332,0.0,5.033333333333333,01:50,22
23.583333333333332,0.0,5.0,01:55,22
23.583333333333332,0.0,4.983333333333333,02:00,22
23.583333333333332,0.0,4.95,02:05,22
23.583333333333332,0.0,4.891666666666667,02:10,22
23.583333333333332,0.0,4.8500000000000005,02:15,22
23.583333333333332,0.0,4.833333333333333,02:20,22
23.5,0.0,4.7749999999999995,02:25,22
23.333333333333332,0.0,4.741666666666666,02:30,22
23.333333333333332,0.0,4.691666666666667,02:35,22
23.333333333333332,0.0,4.658333333333333,02:40,22
23.333333333333332,0.0,4.6,02:45,22
23.333333333333332,0.0,4.566666666666666,02:50,22
23.333333333333332,0.0,4.55,02:55,22
23.333333333333332,0.0,4.508333333333334,03:00,22
23.333333333333332,0.0,4.466666666666667,03:05,22
23.25,0.0,4.433333333333334,03:10,22
23.25,0.0,4.425,03:15,22
23.083333333333332,0.0,4.375,03:20,22
23.0,0.0,4.341666666666667,03:25,22
23.0,0.0,4.325,03:30,22
23.0,0.0,4.2749999999999995,03:35,22
23.0,0.0,4.258333333333334,03:40,22
23.0,0.0,4.233333333333333,03:45,22
23.0,0.0,4.216666666666667,03:50,22
23.0,0.0,4.183333333333334,03:55,22
22.916666666666668,0.0,4.158333333333333,04:00,22
22.916666666666668,0.0,4.125,04:05,22
22.916666666666668,0.0,4.091666666666667,04:10,22
22.916666666666668,0.0,4.075,04:15,22
23.0,0.0,4.033333333333333,04:20,22
23.0,0.0,3.975,04:25,22
23.0,0.0,3.9499999999999997,04:30,22
23.25,0.0,3.9333333333333336,04:35,22
23.333333333333332,0.0,3.9,04:40,22
23.416666666666668,0.0,3.858333333333333,04:45,22
23.416666666666668,0.0,3.8249999999999997,04:50,22
23.416666666666668,0.0,3.8083333333333336,04:55,22
23.416666666666668,0.0,3.766666666666667,05:00,22
23.416666666666668,0.0,3.75,05:05,22
23.416666666666668,0.0,3.725,05:10,22
23.416666666666668,0.0,3.6833333333333336,05:15,22
23.416666666666668,0.0,3.6666666666666665,05:20,22
23.416666666666668,0.16666666666666666,3.65,05:25,22
23.416666666666668,1.0,3.625,05:30,22
23.416666666666668,2.5833333333333335,3.5749999999999997,05:35,22
23.416666666666668,4.5,3.5749999999999997,05:40,22
23.416666666666668,7.166666666666667,3.5416666666666665,05:45,22
23.416666666666668,9.166666666666666,3.525,05:50,22
23.416666666666668,10.25,3.5,05:55,22
23.416666666666668,14.5,3.4583333333333335,06:00,22
23.416666666666668,20.833333333333332,3.4333333333333336,06:05,22
23.416666666666668,26.916666666666668,3.3666666666666667,06:10,22
23.416666666666668,34.0,3.3083333333333336,06:15,22
23.416666666666668,39.916666666666664,3.25,06:20,22
23.416666666666668,46.083333333333336,3.1999999999999997,06:25,22
23.416666666666668,53.0,3.125,06:30,22
23.416666666666668,58.5,3.0749999999999997,06:35,22
23.416666666666668,68.66666666666667,3.025,06:40,22
23.416666666666668,79.0,2.966666666666667,06:45,22
23.416666666666668,90.16666666666667,2.908333333333333,06:50,22
23.416666666666668,99.0,2.858333333333333,06:55,22
23.416666666666668,108.83333333333333,2.8083333333333336,07:00,22
23.416666666666668,116.08333333333333,2.775,07:05,22
23.416666666666668,125.16666666666667,2.7416666666666667,07:10,22
23.416666666666668,131.83333333333334,2.725,07:15,22
23.416666666666668,143.66666666666666,2.6833333333333336,07:20,22
23.416666666666668,156.33333333333334,2.65,07:25,22
23.416666666666668,172.66666666666666,2.6166666666666667,07:30,22
23.5,185.5,2.625,07:35,22
23.5,200.58333333333334,2.5833333333333335,07:40,22
23.5,211.41666666666666,2.5749999999999997,07:45,22
23.5,223.0,2.5833333333333335,07:50,22
23.416666666666668,235.16666666666666,2.566666666666667,07:55,22
23.5,245.41666666666666,2.5749999999999997,08:00,22
23.583333333333332,255.25,2.566666666666667,08:05,22
23.833333333333332,267.9166666666667,2.5749999999999997,08:10,22
24.0,279.1666666666667,2.6083333333333334,08:15,22
24.25,290.75,2.591666666666667,08:20,22
24.416666666666668,298.5833333333333,2.625,08:25,22
24.583333333333332,307.8333333333333,2.6416666666666666,08:30,22
25.0,316.6666666666667,2.6666666666666665,08:35,22
25.166666666666668,326.8333333333333,2.6833333333333336,08:40,22
25.333333333333332,333.0,2.725,08:45,22
25.5,344.4166666666667,2.7416666666666667,08:50,22
25.666666666666668,352.0833333333333,2.766666666666667,08:55,22
26.0,368.9166666666667,2.783333333333333,09:00,22
26.0,379.5833333333333,2.8000000000000003,09:05,22
26.25,389.5,2.8000000000000003,09:10,22
26.25,401.75,2.7916666666666665,09:15,22
26.333333333333332,422.6666666666667,2.783333333333333,09:20,22
26.5,442.4166666666667,2.7916666666666665,09:25,22
26.666666666666668,466.3333333333333,2.783333333333333,09:30,22
26.833333333333332,482.6666666666667,2.783333333333333,09:35,22
26.833333333333332,505.5,2.7583333333333333,09:40,22
26.833333333333332,514.4166666666666,2.75,09:45,22
27.0,514.3333333333334,2.766666666666667,09:50,22
27.0,505.5,2.7583333333333333,09:55,22
27.166666666666668,513.5833333333334,2.75,10:00,22
27.166666666666668,508.1666666666667,2.7416666666666667,10:05,22
27.166666666666668,516.5833333333334,2.7416666666666667,10:10,22
27.166666666666668,521.0,2.725,10:15,22
27.166666666666668,519.0833333333334,2.7083333333333335,10:20,22
27.166666666666668,521.0,2.6999999999999997,10:25,22
27.166666666666668,518.5,2.6916666666666664,10:30,22
27.166666666666668,519.0833333333334,2.6833333333333336,10:35,22
27.25,524.4166666666666,2.6666666666666665,10:40,22
27.25,528.0,2.6750000000000003,10:45,22
27.25,538.75,2.6666666666666665,10:50,22
27.25,547.25,2.6416666666666666,10:55,22
27.25,547.8333333333334,2.65,11:00,22
27.5,558.3333333333334,2.6416666666666666,11:05,22
27.75,566.1666666666666,2.65,11:10,22
27.833333333333332,576.9166666666666,2.625,11:15,22
27.916666666666668,583.5833333333334,2.6333333333333333,11:20,22
28.083333333333332,587.25,2.6333333333333333,11:25,22
28.25,588.75,2.6416666666666666,11:30,22
28.416666666666668,597.3333333333334,2.65,11:35,22
28.583333333333332,598.8333333333334,2.6416666666666666,11:40,22
28.666666666666668,610.0833333333334,2.658333333333333,11:45,22
28.666666666666668,603.25,2.6333333333333333,11:50,22
29.0,609.0,2.6416666666666666,11:55,22
29.083333333333332,605.25,2.6416666666666666,12:00,22
29.25,614.5,2.6666666666666665,12:05,22
29.333333333333332,630.6666666666666,2.6750000000000003,12:10,22
29.25,650.0833333333334,2.6750000000000003,12:15,22
29.25,653.1666666666666,2.6916666666666664,12:20,22
29.25,652.6666666666666,2.716666666666667,12:25,22
29.25,650.0833333333334,2.716666666666667,12:30,22
29.25,627.3333333333334,2.75,12:35,22
29.25,605.0,2.75,12:40,22
29.25,598.3333333333334,2.75,12:45,22
29.25,590.6666666666666,2.775,12:50,22
29.25,587.25,2.775,12:55,22
29.333333333333332,573.0,2.7916666666666665,13:00,22
29.333333333333332,561.4166666666666,2.7916666666666665,13:05,22
29.333333333333332,564.5833333333334,2.783333333333333,13:10,22
29.333333333333332,565.9166666666666,2.8000000000000003,13:15,22
29.333333333333332,554.0833333333334,2.775,13:20,22
29.333333333333332,552.6666666666666,2.7583333333333333,13:25,22
29.333333333333332,546.0833333333334,2.7583333333333333,13:30,22
29.416666666666668,547.0,2.75,13:35,22
29.416666666666668,547.1666666666666,2.7416666666666667,13:40,22
29.416666666666668,553.5,2.75,13:45,22
29.416666666666668,544.75,2.733333333333333,13:50,22
29.416666666666668,538.25,2.75,13:55,22
29.416666666666668,518.25,2.733333333333333,14:00,22
29.416666666666668,519.5,2.733333333333333,14:05,22
29.416666666666668,500.1666666666667,2.733333333333333,14:10,22
29.416666666666668,481.8333333333333,2.716666666666667,14:15,22
29.416666666666668,456.0,2.716666666666667,14:20,22
29.333333333333332,442.1666666666667,2.725,14:25,22
29.333333333333332,437.0,2.725,14:30,22
29.333333333333332,425.6666666666667,2.733333333333333,14:35,22
29.333333333333332,413.4166666666667,2.7416666666666667,14:40,22
29.333333333333332,393.75,2.7583333333333333,14:45,22
29.333333333333332,378.75,2.766666666666667,14:50,22
29.333333333333332,362.6666666666667,2.775,14:55,22
29.333333333333332,357.25,2.7916666666666665,15:00,22
29.333333333333332,349.9166666666667,2.8083333333333336,15:05,22
29.416666666666668,337.9166666666667,2.8166666666666664,15:10,22
29.5,320.3333333333333,2.841666666666667,15:15,22
29.666666666666668,311.8333333333333,2.85,15:20,22
29.666666666666668,295.5,2.875,15:25,22
29.666666666666668,286.8333333333333,2.8833333333333333,15:30,22
29.666666666666668,276.25,2.9,15:35,22
29.666666666666668,282.6666666666667,2.9250000000000003,15:40,22
29.666666666666668,280.8333333333333,2.9583333333333335,15:45,22
29.666666666666668,272.25,2.9916666666666667,15:50,22
29.666666666666668,268.25,3.0,15:55,22
29.75,264.8333333333333,3.0500000000000003,16:00,22
29.583333333333332,255.58333333333334,3.0749999999999997,16:05,22
29.416666666666668,233.66666666666666,3.1,16:10,22
29.083333333333332,218.58333333333334,3.141666666666667,16:15,22
28.916666666666668,202.16666666666666,3.1750000000000003,16:20,22
28.833333333333332,194.08333333333334,3.2083333333333335,16:25,22
28.5,180.0,3.2583333333333333,16:30,22
28.25,165.16666666666666,3.283333333333333,16:35,22
28.0,154.5,3.3499999999999996,16:40,22
27.916666666666668,142.91666666666666,3.391666666666667,16:45,22
27.5,128.91666666666666,3.4499999999999997,16:50,22
27.416666666666668,114.91666666666667,3.516666666666667,16:55,22
27.166666666666668,101.83333333333333,3.5666666666666664,17:00,22
27.083333333333332,93.08333333333333,3.6333333333333333,17:05,22
27.083333333333332,84.33333333333333,3.7083333333333335,17:10,22
27.083333333333332,73.91666666666667,3.775,17:15,22
27.0,63.5,3.841666666666667,17:20,22
27.0,56.083333333333336,3.9250000000000003,17:25,22
27.0,46.583333333333336,4.0,17:30,22
27.0,39.5,4.083333333333333,17:35,22
26.916666666666668,31.916666666666668,4.158333333333333,17:40,22
26.916666666666668,26.416666666666668,4.2250000000000005,17:45,22
26.916666666666668,21.333333333333332,4.308333333333334,17:50,22
26.916666666666668,18.25,4.375,17:55,22
26.916666666666668,14.75,4.466666666666667,18:00,22
26.916666666666668,9.5,4.516666666666667,18:05,22
26.916666666666668,7.666666666666667,4.583333333333333,18:10,22
26.916666666666668,5.833333333333333,4.633333333333334,18:15,22
26.916666666666668,3.8333333333333335,4.691666666666667,18:20,22
26.916666666666668,2.5833333333333335,4.733333333333333,18:25,22
26.916666666666668,0.8333333333333334,4.783333333333333,18:30,22
26.833333333333332,0.16666666666666666,4.841666666666667,18:35,22
26.833333333333332,0.0,4.875,18:40,22
26.833333333333332,0.0,4.925,18:45,22
26.833333333333332,0.0,4.9750000000000005,18:50,22
26.833333333333332,0.0,5.041666666666667,18:55,22
26.833333333333332,0.0,5.083333333333333,19:00,22
26.833333333333332,0.0,5.108333333333333,19:05,22
26.833333333333332,0.0,5.091666666666667,19:10,22
26.75,0.0,5.1000000000000005,19:15,22
26.75,0.0,5.091666666666667,19:20,22
26.75,0.0,5.075,19:25,22
26.75,0.0,5.075,19:30,22
26.75,0.0,5.075,19:35,22
26.75,0.0,5.075,19:40,22
26.666666666666668,0.0,5.058333333333334,19:45,22
26.583333333333332,0.0,5.066666666666666,19:50,22
26.583333333333332,0.0,5.066666666666666,19:55,22
26.583333333333332,0.0,5.058333333333334,20:00,22
26.583333333333332,0.0,5.041666666666667,20:05,22
26.5,0.0,5.041666666666667,20:10,22
26.5,0.0,5.0249999999999995,20:15,22
26.333333333333332,0.0,5.016666666666667,20:20,22
26.166666666666668,0.0,5.008333333333334,20:25,22
26.083333333333332,0.0,5.0,20:30,22
26.0,0.0,5.0,20:35,22
26.0,0.0,4.966666666666667,20:40,22
25.916666666666668,0.0,4.9750000000000005,20:45,22
25.916666666666668,0.0,4.95,20:50,22
25.75,0.0,4.958333333333333,20:55,22
25.666666666666668,0.0,4.958333333333333,21:00,22
25.5,0.0,4.958333333333333,21:05,22
25.5,0.0,4.916666666666667,21:10,22
25.5,0.0,4.908333333333333,21:15,22
25.416666666666668,0.0,4.875,21:20,22
25.333333333333332,0.0,4.875,21:25,22
25.166666666666668,0.0,4.866666666666666,21:30,22
25.083333333333332,0.0,4.8500000000000005,21:35,22
25.0,0.0,4.8500000000000005,21:40,22
24.916666666666668,0.0,4.825,21:45,22
24.916666666666668,0.0,4.8,21:50,22
24.916666666666668,0.0,4.808333333333334,21:55,22
24.833333333333332,0.0,4.783333333333334,22:00,22
24.833333333333332,0.0,4.775,22:05,22
24.75,0.0,4.75,22:10,22
24.75,0.0,4.708333333333333,22:15,22
24.75,0.0,4.7,22:20,22
24.75,0.0,4.666666666666667,22:25,22
24.666666666666668,0.0,4.641666666666667,22:30,22
24.666666666666668,0.0,4.616666666666666,22:35,22
24.666666666666668,0.0,4.616666666666666,22:40,22
24.666666666666668,0.0,4.6000000000000005,22:45,22
24.666666666666668,0.0,4.566666666666667,22:50,22
24.666666666666668,0.0,4.558333333333334,22:55,22
24.666666666666668,0.0,4.533333333333333,23:00,22
24.666666666666668,0.0,4.5,23:05,22
24.666666666666668,0.0,4.483333333333333,23:10,22
24.583333333333332,0.0,4.466666666666667,23:15,22
24.583333333333332,0.0,4.45,23:20,22
24.416666666666668,0.0,4.433333333333334,23:25,22
24.416666666666668,0.0,4.425,23:30,22
24.25,0.0,4.383333333333334,23:35,22
24.25,0.0,4.391666666666667,23:40,22
24.166666666666668,0.0,4.358333333333333,23:45,22
24.083333333333332,0.0,4.3500000000000005,23:50,22
24.0,0.0,4.333333333333333,23:55,22
23.916666666666668,0.0,4.316666666666666,00:00,23
23.916666666666668,0.0,4.316666666666666,00:05,23
23.916666666666668,0.0,4.283333333333333,00:10,23
23.916666666666668,0.0,4.283333333333333,00:15,23
23.916666666666668,0.0,4.291666666666667,00:20,23
23.916666666666668,0.0,4.291666666666667,00:25,23
23.916666666666668,0.0,4.308333333333334,00:30,23
23.833333333333332,0.0,4.308333333333334,00:35,23
23.833333333333332,0.0,4.3500000000000005,00:40,23
23.833333333333332,0.0,4.375,00:45,23
23.833333333333332,0.0,4.391666666666667,00:50,23
23.833333333333332,0.0,4.433333333333334,00:55,23
23.833333333333332,0.0,4.4750000000000005,01:00,23
23.833333333333332,0.0,4.4750000000000005,01:05,23
23.833333333333332,0.0,4.466666666666667,01:10,23
23.833333333333332,0.0,4.441666666666666,01:15,23
23.833333333333332,0.0,4.416666666666667,01:20,23
23.833333333333332,0.0,4.408333333333333,01:25,23
23.833333333333332,0.0,4.375,01:30,23
23.916666666666668,0.0,4.375,01:35,23
23.916666666666668,0.0,4.375,01:40,23
23.833333333333332,0.0,4.358333333333333,01:45,23
23.833333333333332,0.0,4.341666666666667,01:50,23
23.833333333333332,0.0,4.316666666666666,01:55,23
23.833333333333332,0.0,4.308333333333333,02:00,23
23.833333333333332,0.0,4.3,02:05,23
23.666666666666668,0.0,4.291666666666667,02:10,23
23.666666666666668,0.0,4.266666666666667,02:15,23
23.666666666666668,0.0,4.266666666666667,02:20,23
23.666666666666668,0.0,4.25,02:25,23
23.666666666666668,0.0,4.258333333333334,02:30,23
23.666666666666668,0.0,4.25,02:35,23
23.666666666666668,0.0,4.241666666666666,02:40,23
23.583333333333332,0.0,4.2250000000000005,02:45,23
23.5,0.0,4.233333333333333,02:50,23
23.416666666666668,0.0,4.216666666666667,02:55,23
23.416666666666668,0.0,4.2,03:00,23
23.416666666666668,0.0,4.2,03:05,23
23.416666666666668,0.0,4.208333333333333,03:10,23
23.416666666666668,0.0,4.191666666666666,03:15,23
23.416666666666668,0.0,4.2,03:20,23
23.416666666666668,0.0,4.2,03:25,23
23.416666666666668,0.0,4.191666666666667,03:30,23
23.416666666666668,0.0,4.166666666666667,03:35,23
23.416666666666668,0.0,4.166666666666667,03:40,23
23.416666666666668,0.0,4.175,03:45,23
23.416666666666668,0.0,4.1499999999999995,03:50,23
23.416666666666668,0.0,4.158333333333333,03:55,23
23.416666666666668,0.0,4.1499999999999995,04:00,23
23.416666666666668,0.0,4.133333333333334,04:05,23
23.416666666666668,0.0,4.091666666666667,04:10,23
23.416666666666668,0.0,4.05,04:15,23
23.333333333333332,0.0,4.0249999999999995,04:20,23
23.333333333333332,0.0,3.966666666666667,04:25,23
23.333333333333332,0.0,3.9416666666666664,04:30,23
23.416666666666668,0.0,3.9,04:35,23
23.5,0.0,3.875,04:40,23
23.5,0.0,3.841666666666667,04:45,23
23.333333333333332,0.0,3.8000000000000003,04:50,23
23.333333333333332,0.0,3.783333333333333,04:55,23
23.333333333333332,0.0,3.766666666666667,05:00,23
23.333333333333332,0.0,3.75,05:05,23
23.333333333333332,0.0,3.775,05:10,23
23.416666666666668,0.0,3.7583333333333333,05:15,23
23.416666666666668,0.0,3.7416666666666667,05:20,23
23.416666666666668,0.08333333333333333,3.766666666666667,05:25,23
23.416666666666668,0.5833333333333334,3.7583333333333333,05:30,23
23.416666666666668,1.6666666666666667,3.766666666666667,05:35,23
23.416666666666668,2.5,3.7416666666666667,05:40,23
23.416666666666668,3.75,3.75,05:45,23
23.5,5.333333333333333,3.766666666666667,05:50,23
23.5,7.333333333333333,3.766666666666667,05:55,23
23.5,11.166666666666666,3.775,06:00,23
23.5,14.25,3.7583333333333333,06:05,23
23.5,19.083333333333332,3.733333333333333,06:10,23
23.5,25.0,3.6999999999999997,06:15,23
23.5,28.25,3.6750000000000003,06:20,23
23.5,33.833333333333336,3.641666666666667,06:25,23
23.5,42.166666666666664,3.625,06:30,23
23.5,47.916666666666664,3.5833333333333335,06:35,23
23.5,57.416666666666664,3.5666666666666664,06:40,23
23.416666666666668,64.91666666666667,3.533333333333333,06:45,23
23.416666666666668,75.83333333333333,3.516666666666667,06:50,23
23.416666666666668,84.66666666666667,3.475,06:55,23
23.416666666666668,96.25,3.4499999999999997,07:00,23
23.416666666666668,107.0,3.4250000000000003,07:05,23
23.416666666666668,115.83333333333333,3.375,07:10,23
23.5,124.75,3.341666666666667,07:15,23
23.5,136.33333333333334,3.3249999999999997,07:20,23
23.5,148.08333333333334,3.2583333333333333,07:25,23
23.583333333333332,160.16666666666666,3.25,07:30,23
23.416666666666668,168.41666666666666,3.225,07:35,23
23.416666666666668,179.0,3.2083333333333335,07:40,23
23.5,188.33333333333334,3.1750000000000003,07:45,23
23.5,195.41666666666666,3.15,07:50,23
23.5,204.08333333333334,3.1333333333333333,07:55,23
23.5,217.08333333333334,3.1,08:00,23
23.666666666666668,231.08333333333334,3.0749999999999997,08:05,23
24.0,242.91666666666666,3.0749999999999997,08:10,23
24.166666666666668,242.5,3.091666666666667,08:15,23
24.25,258.75,3.0833333333333335,08:20,23
24.5,271.25,3.0666666666666664,08:25,23
24.75,284.9166666666667,3.0833333333333335,08:30,23
24.75,285.9166666666667,3.0666666666666664,08:35,23
25.0,302.6666666666667,3.0666666666666664,08:40,23
25.083333333333332,319.3333333333333,3.0833333333333335,08:45,23
25.416666666666668,323.9166666666667,3.0833333333333335,08:50,23
25.666666666666668,331.6666666666667,3.091666666666667,08:55,23
25.833333333333332,334.25,3.0833333333333335,09:00,23
25.833333333333332,335.3333333333333,3.091666666666667,09:05,23
26.0,356.3333333333333,3.1,09:10,23
26.083333333333332,370.5,3.0416666666666665,09:15,23
26.25,379.3333333333333,3.0500000000000003,09:20,23
26.333333333333332,390.0833333333333,3.025,09:25,23
26.416666666666668,395.5,3.025,09:30,23
26.416666666666668,402.9166666666667,2.9916666666666667,09:35,23
26.5,403.6666666666667,2.9916666666666667,09:40,23
26.666666666666668,411.3333333333333,2.966666666666667,09:45,23
26.833333333333332,427.3333333333333,2.9583333333333335,09:50,23
26.833333333333332,430.25,2.9416666666666664,09:55,23
26.916666666666668,452.9166666666667,2.9333333333333336,10:00,23
26.916666666666668,463.0,2.9250000000000003,10:05,23
26.916666666666668,464.8333333333333,2.908333333333333,10:10,23
26.916666666666668,461.9166666666667,2.9,10:15,23
27.0,472.1666666666667,2.9166666666666665,10:20,23
27.0,492.6666666666667,2.891666666666667,10:25,23
27.083333333333332,515.75,2.8833333333333333,10:30,23
27.166666666666668,531.6666666666666,2.8833333333333333,10:35,23
27.166666666666668,539.1666666666666,2.858333333333333,10:40,23
27.166666666666668,543.6666666666666,2.85,10:45,23
27.166666666666668,548.75,2.858333333333333,10:50,23
27.166666666666668,546.1666666666666,2.85,10:55,23
27.166666666666668,541.3333333333334,2.8333333333333335,11:00,23
27.416666666666668,543.3333333333334,2.8416666666666663,11:05,23
27.666666666666668,550.0833333333334,2.8249999999999997,11:10,23
27.666666666666668,553.0833333333334,2.8166666666666664,11:15,23
27.666666666666668,572.1666666666666,2.8166666666666664,11:20,23
27.916666666666668,588.5,2.7916666666666665,11:25,23
28.083333333333332,590.5833333333334,2.8000000000000003,11:30,23
28.166666666666668,589.0833333333334,2.783333333333333,11:35,23
28.333333333333332,591.9166666666666,2.7583333333333333,11:40,23
28.5,595.3333333333334,2.75,11:45,23
28.666666666666668,604.9166666666666,2.733333333333333,11:50,23
28.75,610.3333333333334,2.716666666666667,11:55,23
28.916666666666668,620.0833333333334,2.716666666666667,12:00,23
28.916666666666668,621.4166666666666,2.716666666666667,12:05,23
28.916666666666668,618.6666666666666,2.725,12:10,23
28.916666666666668,623.25,2.716666666666667,12:15,23
28.916666666666668,609.4166666666666,2.716666666666667,12:20,23
28.916666666666668,605.5833333333334,2.716666666666667,12:25,23
28.916666666666668,600.1666666666666,2.6999999999999997,12:30,23
28.916666666666668,608.0,2.6999999999999997,12:35,23
28.916666666666668,592.0,2.7083333333333335,12:40,23
28.916666666666668,588.8333333333334,2.6916666666666664,12:45,23
29.083333333333332,572.3333333333334,2.6999999999999997,12:50,23
29.0,576.25,2.6916666666666664,12:55,23
29.0,578.1666666666666,2.6916666666666664,13:00,23
29.0,572.5,2.6833333333333336,13:05,23
29.166666666666668,574.5833333333334,2.6916666666666664,13:10,23
29.166666666666668,565.0833333333334,2.6999999999999997,13:15,23
29.25,558.3333333333334,2.7083333333333335,13:20,23
29.25,548.4166666666666,2.6999999999999997,13:25,23
29.25,537.3333333333334,2.6916666666666664,13:30,23
29.25,528.9166666666666,2.716666666666667,13:35,23
29.25,526.1666666666666,2.716666666666667,13:40,23
29.25,513.25,2.733333333333333,13:45,23
29.333333333333332,524.25,2.733333333333333,13:50,23
29.333333333333332,528.0,2.733333333333333,13:55,23
29.333333333333332,522.3333333333334,2.75,14:00,23
29.333333333333332,515.5,2.7583333333333333,14:05,23
29.333333333333332,506.0,2.7583333333333333,14:10,23
29.333333333333332,492.6666666666667,2.75,14:15,23
29.333333333333332,493.8333333333333,2.7583333333333333,14:20,23
29.333333333333332,487.25,2.7916666666666665,14:25,23
29.333333333333332,478.9166666666667,2.783333333333333,14:30,23
29.25,466.1666666666667,2.775,14:35,23
29.25,456.5,2.783333333333333,14:40,23
29.25,442.4166666666667,2.8000000000000003,14:45,23
29.25,436.6666666666667,2.8000000000000003,14:50,23
29.25,418.0833333333333,2.8333333333333335,14:55,23
29.25,414.3333333333333,2.841666666666667,15:00,23
29.166666666666668,406.9166666666667,2.858333333333333,15:05,23
29.25,397.3333333333333,2.875,15:10,23
29.416666666666668,385.3333333333333,2.891666666666667,15:15,23
29.333333333333332,366.8333333333333,2.9,15:20,23
29.333333333333332,352.25,2.9,15:25,23
29.416666666666668,334.0833333333333,2.9499999999999997,15:30,23
29.416666666666668,322.0833333333333,2.966666666666667,15:35,23
29.416666666666668,314.3333333333333,3.0,15:40,23
29.416666666666668,305.5,3.025,15:45,23
29.416666666666668,287.3333333333333,3.0583333333333336,15:50,23
29.416666666666668,270.6666666666667,3.0749999999999997,15:55,23
29.5,258.6666666666667,3.108333333333333,16:00,23
29.416666666666668,246.75,3.1333333333333333,16:05,23
29.25,225.25,3.1666666666666665,16:10,23
29.0,209.08333333333334,3.1999999999999997,16:15,23
28.916666666666668,195.08333333333334,3.2416666666666667,16:20,23
28.583333333333332,184.75,3.2583333333333333,16:25,23
28.25,174.25,3.2916666666666665,16:30,23
28.166666666666668,162.0,3.3333333333333335,16:35,23
28.0,146.33333333333334,3.3666666666666667,16:40,23
27.666666666666668,132.16666666666666,3.4166666666666665,16:45,23
27.583333333333332,117.25,3.4416666666666664,16:50,23
27.333333333333332,105.5,3.483333333333333,16:55,23
27.166666666666668,94.83333333333333,3.525,17:00,23
26.916666666666668,83.75,3.5583333333333336,17:05,23
26.833333333333332,75.83333333333333,3.625,17:10,23
26.833333333333332,68.83333333333333,3.6916666666666664,17:15,23
26.833333333333332,60.916666666666664,3.7416666666666667,17:20,23
26.833333333333332,55.416666666666664,3.7916666666666665,17:25,23
26.833333333333332,47.916666666666664,3.8666666666666667,17:30,23
26.833333333333332,41.333333333333336,3.9166666666666665,17:35,23
26.833333333333332,35.083333333333336,3.983333333333333,17:40,23
26.833333333333332,28.833333333333332,4.033333333333333,17:45,23
26.75,23.916666666666668,4.108333333333333,17:50,23
26.666666666666668,18.166666666666668,4.158333333333333,17:55,23
26.666666666666668,11.333333333333334,4.233333333333333,18:00,23
26.666666666666668,10.833333333333334,4.283333333333333,18:05,23
26.666666666666668,7.416666666666667,4.316666666666666,18:10,23
26.583333333333332,6.5,4.358333333333333,18:15,23
26.583333333333332,3.9166666666666665,4.4,18:20,23
26.583333333333332,3.0833333333333335,4.45,18:25,23
26.583333333333332,1.1666666666666667,4.466666666666667,18:30,23
26.583333333333332,0.25,4.5249999999999995,18:35,23
26.583333333333332,0.0,4.566666666666666,18:40,23
26.583333333333332,0.0,4.616666666666666,18:45,23
26.583333333333332,0.0,4.658333333333333,18:50,23
26.5,0.0,4.7,18:55,23
26.5,0.0,4.741666666666666,19:00,23
26.5,0.0,4.783333333333333,19:05,23
26.416666666666668,0.0,4.8,19:10,23
26.416666666666668,0.0,4.816666666666666,19:15,23
26.333333333333332,0.0,4.833333333333333,19:20,23
26.333333333333332,0.0,4.858333333333333,19:25,23
26.333333333333332,0.0,4.841666666666667,19:30,23
26.333333333333332,0.0,4.875,19:35,23
26.333333333333332,0.0,4.891666666666667,19:40,23
26.333333333333332,0.0,4.933333333333334,19:45,23
26.333333333333332,0.0,4.933333333333334,19:50,23
26.333333333333332,0.0,4.958333333333333,19:55,23
26.333333333333332,0.0,4.991666666666666,20:00,23
26.333333333333332,0.0,5.0,20:05,23
26.166666666666668,0.0,4.991666666666666,20:10,23
26.166666666666668,0.0,4.991666666666666,20:15,23
26.166666666666668,0.0,4.991666666666666,20:20,23
26.166666666666668,0.0,5.008333333333334,20:25,23
26.083333333333332,0.0,5.016666666666667,20:30,23
25.833333333333332,0.0,5.008333333333334,20:35,23
25.5,0.0,5.041666666666667,20:40,23
25.416666666666668,0.0,5.05,20:45,23
25.416666666666668,0.0,5.083333333333333,20:50,23
25.416666666666668,0.0,5.1000000000000005,20:55,23
25.333333333333332,0.0,5.108333333333333,21:00,23
25.25,0.0,5.125,21:05,23
25.166666666666668,0.0,5.1,21:10,23
25.166666666666668,0.0,5.066666666666666,21:15,23
25.083333333333332,0.0,5.05,21:20,23
25.0,0.0,5.033333333333333,21:25,23
24.916666666666668,0.0,5.016666666666667,21:30,23
24.833333333333332,0.0,5.008333333333334,21:35,23
24.666666666666668,0.0,4.958333333333333,21:40,23
24.666666666666668,0.0,4.966666666666667,21:45,23
24.666666666666668,0.0,4.966666666666667,21:50,23
24.333333333333332,0.0,4.933333333333333,21:55,23
24.333333333333332,0.0,4.9,22:00,23
24.333333333333332,0.0,4.883333333333334,22:05,23
24.333333333333332,0.0,4.825,22:10,23
24.333333333333332,0.0,4.766666666666667,22:15,23
24.333333333333332,0.0,4.716666666666667,22:20,23
24.333333333333332,0.0,4.65,22:25,23
24.333333333333332,0.0,4.608333333333333,22:30,23
24.416666666666668,0.0,4.55,22:35,23
24.416666666666668,0.0,4.516666666666667,22:40,23
24.416666666666668,0.0,4.458333333333333,22:45,23
24.416666666666668,0.0,4.408333333333333,22:50,23
24.333333333333332,0.0,4.375,22:55,23
24.25,0.0,4.316666666666666,23:00,23
24.25,0.0,4.2749999999999995,23:05,23
24.25,0.0,4.241666666666666,23:10,23
24.25,0.0,4.2250000000000005,23:15,23
24.166666666666668,0.0,4.191666666666666,23:20,23
24.166666666666668,0.0,4.158333333333333,23:25,23
24.0,0.0,4.133333333333334,23:30,23
23.916666666666668,0.0,4.108333333333333,23:35,23
23.833333333333332,0.0,4.083333333333333,23:40,23
23.75,0.0,4.058333333333334,23:45,23
23.75,0.0,4.05,23:50,23
23.75,0.0,4.041666666666667,23:55,23
23.583333333333332,0.0,4.0249999999999995,00:00,24
23.583333333333332,0.0,4.016666666666667,00:05,24
23.583333333333332,0.0,4.0,00:10,24
23.5,0.0,3.975,00:15,24
23.5,0.0,3.9499999999999997,00:20,24
23.5,0.0,3.9416666666666664,00:25,24
23.5,0.0,3.9250000000000003,00:30,24
23.5,0.0,3.9166666666666665,00:35,24
23.5,0.0,3.9166666666666665,00:40,24
23.5,0.0,3.8833333333333333,00:45,24
23.5,0.0,3.8833333333333333,00:50,24
23.5,0.0,3.875,00:55,24
23.5,0.0,3.85,01:00,24
23.5,0.0,3.8333333333333335,01:05,24
23.5,0.0,3.8083333333333336,01:10,24
23.5,0.0,3.766666666666667,01:15,24
23.5,0.0,3.7583333333333333,01:20,24
23.5,0.0,3.7416666666666667,01:25,24
23.5,0.0,3.6999999999999997,01:30,24
23.5,0.0,3.6833333333333336,01:35,24
23.5,0.0,3.658333333333333,01:40,24
23.5,0.0,3.641666666666667,01:45,24
23.5,0.0,3.625,01:50,24
23.5,0.0,3.6166666666666667,01:55,24
23.5,0.0,3.6,02:00,24
23.5,0.0,3.5833333333333335,02:05,24
23.5,0.0,3.5833333333333335,02:10,24
23.5,0.0,3.5666666666666664,02:15,24
23.333333333333332,0.0,3.5666666666666664,02:20,24
23.25,0.0,3.5583333333333336,02:25,24
23.25,0.0,3.5500000000000003,02:30,24
23.25,0.0,3.5500000000000003,02:35,24
23.25,0.0,3.5583333333333336,02:40,24
23.25,0.0,3.5583333333333336,02:45,24
23.25,0.0,3.5666666666666664,02:50,24
23.25,0.0,3.591666666666667,02:55,24
23.166666666666668,0.0,3.6,03:00,24
23.166666666666668,0.0,3.608333333333333,03:05,24
23.166666666666668,0.0,3.608333333333333,03:10,24
23.333333333333332,0.0,3.6333333333333333,03:15,24
23.333333333333332,0.0,3.65,03:20,24
23.333333333333332,0.0,3.65,03:25,24
23.333333333333332,0.0,3.6750000000000003,03:30,24
23.333333333333332,0.0,3.6666666666666665,03:35,24
23.25,0.0,3.6999999999999997,03:40,24
23.25,0.0,3.725,03:45,24
23.25,0.0,3.733333333333333,03:50,24
23.166666666666668,0.0,3.75,03:55,24
23.166666666666668,0.0,3.783333333333333,04:00,24
23.166666666666668,0.0,3.775,04:05,24
23.25,0.0,3.775,04:10,24
23.25,0.0,3.75,04:15,24
23.25,0.0,3.7416666666666667,04:20,24
23.25,0.0,3.7416666666666667,04:25,24
23.25,0.0,3.7583333333333333,04:30,24
23.166666666666668,0.0,3.733333333333333,04:35,24
23.166666666666668,0.0,3.75,04:40,24
23.166666666666668,0.0,3.7583333333333333,04:45,24
23.166666666666668,0.0,3.775,04:50,24
23.166666666666668,0.0,3.7916666666666665,04:55,24
23.25,0.0,3.8166666666666664,05:00,24
23.25,0.0,3.841666666666667,05:05,24
23.25,0.0,3.875,05:10,24
23.25,0.0,3.9,05:15,24
23.25,0.0,3.9250000000000003,05:20,24
23.25,0.08333333333333333,3.966666666666667,05:25,24
23.25,0.6666666666666666,3.9916666666666667,05:30,24
23.25,2.0833333333333335,4.0249999999999995,05:35,24
23.25,3.0,4.05,05:40,24
23.25,4.833333333333333,4.083333333333333,05:45,24
23.333333333333332,6.083333333333333,4.125,05:50,24
23.333333333333332,9.083333333333334,4.141666666666667,05:55,24
23.333333333333332,11.333333333333334,4.166666666666667,06:00,24
23.333333333333332,15.666666666666666,4.166666666666667,06:05,24
23.333333333333332,19.25,4.183333333333334,06:10,24
23.333333333333332,22.583333333333332,4.191666666666666,06:15,24
23.416666666666668,26.583333333333332,4.183333333333334,06:20,24
23.416666666666668,31.75,4.175,06:25,24
23.416666666666668,37.166666666666664,4.183333333333334,06:30,24
23.5,46.083333333333336,4.191666666666666,06:35,24
23.5,54.0,4.191666666666666,06:40,24
23.5,62.75,4.175,06:45,24
23.5,72.75,4.191666666666666,06:50,24
23.5,83.41666666666667,4.191666666666666,06:55,24
23.5,91.91666666666667,4.2,07:00,24
23.5,100.5,4.175,07:05,24
23.5,111.25,4.116666666666666,07:10,24
23.5,119.25,4.058333333333334,07:15,24
23.583333333333332,129.66666666666666,4.008333333333334,07:20,24
23.5,139.33333333333334,3.966666666666667,07:25,24
23.5,149.33333333333334,3.9250000000000003,07:30,24
23.583333333333332,161.08333333333334,3.875,07:35,24
23.583333333333332,176.25,3.841666666666667,07:40,24
23.583333333333332,189.66666666666666,3.7916666666666665,07:45,24
23.5,196.75,3.733333333333333,07:50,24
23.5,203.25,3.7083333333333335,07:55,24
23.5,203.58333333333334,3.658333333333333,08:00,24
23.583333333333332,211.58333333333334,3.65,08:05,24
23.75,219.5,3.6,08:10,24
23.916666666666668,226.33333333333334,3.608333333333333,08:15,24
24.0,236.33333333333334,3.608333333333333,08:20,24
24.166666666666668,243.5,3.5833333333333335,08:25,24
24.416666666666668,256.9166666666667,3.5833333333333335,08:30,24
24.5,271.9166666666667,3.5749999999999997,08:35,24
24.666666666666668,288.1666666666667,3.5583333333333336,08:40,24
24.75,302.0,3.5749999999999997,08:45,24
25.0,307.0,3.533333333333333,08:50,24
25.25,314.6666666666667,3.5416666666666665,08:55,24
25.5,323.5,3.5416666666666665,09:00,24
25.5,333.5,3.5416666666666665,09:05,24
25.583333333333332,346.9166666666667,3.533333333333333,09:10,24
25.583333333333332,365.4166666666667,3.525,09:15,24
25.833333333333332,382.4166666666667,3.525,09:20,24
25.916666666666668,391.75,3.516666666666667,09:25,24
25.916666666666668,402.5,3.5,09:30,24
25.916666666666668,412.8333333333333,3.483333333333333,09:35,24
25.916666666666668,417.8333333333333,3.4583333333333335,09:40,24
25.916666666666668,410.3333333333333,3.4583333333333335,09:45,24
26.0,409.8333333333333,3.466666666666667,09:50,24
26.166666666666668,407.0833333333333,3.4499999999999997,09:55,24
26.333333333333332,412.75,3.4499999999999997,10:00,24
26.416666666666668,413.25,3.4499999999999997,10:05,24
26.416666666666668,418.3333333333333,3.4583333333333335,10:10,24
26.416666666666668,418.4166666666667,3.4250000000000003,10:15,24
26.416666666666668,420.5,3.4333333333333336,10:20,24
26.5,417.75,3.4583333333333335,10:25,24
26.5,423.8333333333333,3.4416666666666664,10:30,24
26.583333333333332,426.3333333333333,3.466666666666667,10:35,24
26.583333333333332,423.0833333333333,3.475,10:40,24
26.583333333333332,427.5833333333333,3.4916666666666667,10:45,24
26.583333333333332,434.1666666666667,3.516666666666667,10:50,24
26.583333333333332,433.9166666666667,3.5416666666666665,10:55,24
26.666666666666668,444.5,3.5666666666666664,11:00,24
26.75,441.75,3.5666666666666664,11:05,24
26.75,454.0833333333333,3.5500000000000003,11:10,24
26.916666666666668,455.6666666666667,3.533333333333333,11:15,24
27.083333333333332,473.3333333333333,3.5416666666666665,11:20,24
27.083333333333332,479.25,3.516666666666667,11:25,24
27.166666666666668,494.6666666666667,3.516666666666667,11:30,24
27.25,490.0,3.483333333333333,11:35,24
27.416666666666668,501.9166666666667,3.483333333333333,11:40,24
27.583333333333332,499.5833333333333,3.5,11:45,24
27.666666666666668,486.9166666666667,3.466666666666667,11:50,24
27.666666666666668,491.5833333333333,3.4583333333333335,11:55,24
27.75,491.75,3.466666666666667,12:00,24
27.916666666666668,495.9166666666667,3.4499999999999997,12:05,24
27.916666666666668,503.8333333333333,3.4499999999999997,12:10,24
27.916666666666668,500.3333333333333,3.4166666666666665,12:15,24
27.916666666666668,513.25,3.4,12:20,24
27.916666666666668,515.6666666666666,3.4,12:25,24
27.916666666666668,528.8333333333334,3.3666666666666667,12:30,24
27.916666666666668,533.8333333333334,3.358333333333333,12:35,24
27.916666666666668,536.4166666666666,3.35,12:40,24
27.916666666666668,540.25,3.3333333333333335,12:45,24
27.916666666666668,527.5833333333334,3.3249999999999997,12:50,24
27.916666666666668,518.5,3.3249999999999997,12:55,24
28.0,505.0,3.3333333333333335,13:00,24
28.0,494.9166666666667,3.341666666666667,13:05,24
28.0,484.8333333333333,3.35,13:10,24
28.0,476.4166666666667,3.375,13:15,24
28.0,472.0833333333333,3.391666666666667,13:20,24
28.0,458.25,3.4250000000000003,13:25,24
28.0,445.6666666666667,3.4333333333333336,13:30,24
28.0,426.25,3.483333333333333,13:35,24
28.0,412.75,3.5,13:40,24
28.0,390.5,3.5416666666666665,13:45,24
28.0,386.0833333333333,3.5749999999999997,13:50,24
28.0,378.3333333333333,3.591666666666667,13:55,24
28.0,380.0833333333333,3.6333333333333333,14:00,24
28.0,375.9166666666667,3.625,14:05,24
28.0,370.4166666666667,3.6333333333333333,14:10,24
28.0,367.5833333333333,3.625,14:15,24
28.0,363.9166666666667,3.625,14:20,24
28.0,350.0833333333333,3.6333333333333333,14:25,24
27.916666666666668,343.5,3.65,14:30,24
27.916666666666668,326.0833333333333,3.6666666666666665,14:35,24
27.833333333333332,326.5,3.6750000000000003,14:40,24
27.916666666666668,313.5833333333333,3.7083333333333335,14:45,24
28.0,312.9166666666667,3.733333333333333,14:50,24
28.0,299.4166666666667,3.766666666666667,14:55,24
27.916666666666668,295.3333333333333,3.7916666666666665,15:00,24
27.833333333333332,282.5833333333333,3.8083333333333336,15:05,24
27.833333333333332,271.0833333333333,3.775,15:10,24
27.833333333333332,254.5,3.775,15:15,24
27.75,250.16666666666666,3.7583333333333333,15:20,24
27.75,244.83333333333334,3.766666666666667,15:25,24
27.666666666666668,240.16666666666666,3.766666666666667,15:30,24
27.75,231.83333333333334,3.775,15:35,24
27.75,224.25,3.775,15:40,24
27.75,213.83333333333334,3.7916666666666665,15:45,24
27.75,205.75,3.8000000000000003,15:50,24
27.75,197.41666666666666,3.8166666666666664,15:55,24
27.75,188.0,3.8333333333333335,16:00,24
27.75,178.41666666666666,3.8166666666666664,16:05,24
27.666666666666668,170.66666666666666,3.766666666666667,16:10,24
27.416666666666668,164.16666666666666,3.733333333333333,16:15,24
27.166666666666668,153.83333333333334,3.6916666666666664,16:20,24
27.083333333333332,142.08333333333334,3.658333333333333,16:25,24
27.0,137.41666666666666,3.608333333333333,16:30,24
26.666666666666668,127.33333333333333,3.5749999999999997,16:35,24
26.416666666666668,124.16666666666667,3.5583333333333336,16:40,24
26.333333333333332,116.66666666666667,3.516666666666667,16:45,24
26.0,109.75,3.483333333333333,16:50,24
25.916666666666668,101.5,3.4499999999999997,16:55,24
25.833333333333332,91.75,3.4250000000000003,17:00,24
25.75,79.75,3.4333333333333336,17:05,24
25.75,71.25,3.5083333333333333,17:10,24
25.75,63.75,3.5416666666666665,17:15,24
25.75,55.0,3.608333333333333,17:20,24
25.75,48.666666666666664,3.6833333333333336,17:25,24
25.75,40.416666666666664,3.733333333333334,17:30,24
25.75,31.666666666666668,3.783333333333333,17:35,24
25.75,25.916666666666668,3.85,17:40,24
25.75,24.0,3.9166666666666665,17:45,24
25.666666666666668,19.0,3.9916666666666667,17:50,24
25.666666666666668,15.5,4.041666666666667,17:55,24
25.583333333333332,11.833333333333334,4.1000000000000005,18:00,24
25.583333333333332,8.916666666666666,4.166666666666667,18:05,24
25.583333333333332,6.0,4.183333333333334,18:10,24
25.5,5.166666666666667,4.25,18:15,24
25.5,3.4166666666666665,4.3,18:20,24
25.416666666666668,2.6666666666666665,4.333333333333333,18:25,24
25.416666666666668,1.0833333333333333,4.383333333333334,18:30,24
25.416666666666668,0.25,4.425,18:35,24
25.333333333333332,0.0,4.491666666666666,18:40,24
25.333333333333332,0.0,4.55,18:45,24
25.416666666666668,0.0,4.591666666666667,18:50,24
25.416666666666668,0.0,4.625,18:55,24
25.416666666666668,0.0,4.675,19:00,24
25.416666666666668,0.0,4.708333333333333,19:05,24
25.416666666666668,0.0,4.708333333333333,19:10,24
25.416666666666668,0.0,4.691666666666666,19:15,24
25.416666666666668,0.0,4.7,19:20,24
25.416666666666668,0.0,4.7,19:25,24
25.416666666666668,0.0,4.691666666666666,19:30,24
25.416666666666668,0.0,4.691666666666666,19:35,24
25.416666666666668,0.0,4.7,19:40,24
25.416666666666668,0.0,4.691666666666666,19:45,24
25.416666666666668,0.0,4.708333333333333,19:50,24
25.333333333333332,0.0,4.708333333333333,19:55,24
25.333333333333332,0.0,4.7,20:00,24
25.333333333333332,0.0,4.7,20:05,24
25.25,0.0,4.683333333333334,20:10,24
25.166666666666668,0.0,4.683333333333334,20:15,24
25.166666666666668,0.0,4.666666666666667,20:20,24
25.0,0.0,4.658333333333333,20:25,24
25.0,0.0,4.658333333333333,20:30,24
25.0,0.0,4.65,20:35,24
25.0,0.0,4.633333333333334,20:40,24
25.0,0.0,4.616666666666666,20:45,24
24.833333333333332,0.0,4.625,20:50,24
24.833333333333332,0.0,4.608333333333333,20:55,24
24.833333333333332,0.0,4.6000000000000005,21:00,24
24.75,0.0,4.583333333333333,21:05,24
24.75,0.0,4.55,21:10,24
24.666666666666668,0.0,4.541666666666667,21:15,24
24.666666666666668,0.0,4.5249999999999995,21:20,24
24.25,0.0,4.5,21:25,24
24.25,0.0,4.4750000000000005,21:30,24
24.25,0.0,4.433333333333334,21:35,24
24.083333333333332,0.0,4.441666666666666,21:40,24
24.083333333333332,0.0,4.3999999999999995,21:45,24
24.083333333333332,0.0,4.391666666666667,21:50,24
24.0,0.0,4.375,21:55,24
24.0,0.0,4.358333333333333,22:00,24
24.0,0.0,4.333333333333333,22:05,24
23.916666666666668,0.0,4.291666666666667,22:10,24
23.916666666666668,0.0,4.283333333333333,22:15,24
23.916666666666668,0.0,4.233333333333333,22:20,24
23.916666666666668,0.0,4.208333333333333,22:25,24
23.916666666666668,0.0,4.183333333333334,22:30,24
23.916666666666668,0.0,4.125,22:35,24
23.916666666666668,0.0,4.125,22:40,24
23.916666666666668,0.0,4.066666666666666,22:45,24
23.916666666666668,0.0,4.058333333333334,22:50,24
23.916666666666668,0.0,4.025,22:55,24
23.916666666666668,0.0,3.9916666666666667,23:00,24
23.833333333333332,0.0,3.9499999999999997,23:05,24
23.75,0.0,3.891666666666667,23:10,24
23.75,0.0,3.8666666666666667,23:15,24
23.666666666666668,0.0,3.8333333333333335,23:20,24
23.666666666666668,0.0,3.783333333333333,23:25,24
23.666666666666668,0.0,3.725,23:30,24
23.583333333333332,0.0,3.6833333333333336,23:35,24
23.333333333333332,0.0,3.6333333333333333,23:40,24
23.333333333333332,0.0,3.608333333333333,23:45,24
23.333333333333332,0.0,3.5749999999999997,23:50,24
23.25,0.0,3.4916666666666667,23:55,24
23.083333333333332,0.0,3.483333333333333,00:00,25
23.083333333333332,0.0,3.4416666666666664,00:05,25
23.083333333333332,0.0,3.4166666666666665,00:10,25
23.083333333333332,0.0,3.3833333333333333,00:15,25
23.083333333333332,0.0,3.375,00:20,25
23.083333333333332,0.0,3.358333333333333,00:25,25
23.083333333333332,0.0,3.358333333333333,00:30,25
23.083333333333332,0.0,3.341666666666667,00:35,25
23.083333333333332,0.0,3.3249999999999997,00:40,25
23.083333333333332,0.0,3.3249999999999997,00:45,25
23.083333333333332,0.0,3.3249999999999997,00:50,25
23.083333333333332,0.0,3.3000000000000003,00:55,25
23.083333333333332,0.0,3.3083333333333336,01:00,25
23.083333333333332,0.0,3.2916666666666665,01:05,25
23.083333333333332,0.0,3.275,01:10,25
23.083333333333332,0.0,3.275,01:15,25
23.083333333333332,0.0,3.2583333333333333,01:20,25
23.083333333333332,0.0,3.25,01:25,25
23.083333333333332,0.0,3.25,01:30,25
23.083333333333332,0.0,3.233333333333333,01:35,25
23.083333333333332,0.0,3.225,01:40,25
23.083333333333332,0.0,3.225,01:45,25
23.083333333333332,0.0,3.225,01:50,25
23.083333333333332,0.0,3.2166666666666663,01:55,25
23.083333333333332,0.0,3.225,02:00,25
23.083333333333332,0.0,3.2416666666666667,02:05,25
23.0,0.0,3.25,02:10,25
22.833333333333332,0.0,3.283333333333333,02:15,25
22.833333333333332,0.0,3.3000000000000003,02:20,25
22.833333333333332,0.0,3.3166666666666664,02:25,25
22.75,0.0,3.3333333333333335,02:30,25
22.75,0.0,3.375,02:35,25
22.666666666666668,0.0,3.4,02:40,25
22.583333333333332,0.0,3.4166666666666665,02:45,25
22.583333333333332,0.0,3.4499999999999997,02:50,25
22.583333333333332,0.0,3.475,02:55,25
22.583333333333332,0.0,3.516666666666667,03:00,25
22.583333333333332,0.0,3.5416666666666665,03:05,25
22.583333333333332,0.0,3.5749999999999997,03:10,25
22.583333333333332,0.0,3.591666666666667,03:15,25
22.416666666666668,0.0,3.6166666666666667,03:20,25
22.416666666666668,0.0,3.641666666666667,03:25,25
22.416666666666668,0.0,3.6666666666666665,03:30,25
22.416666666666668,0.0,3.6999999999999997,03:35,25
22.416666666666668,0.0,3.733333333333333,03:40,25
22.416666666666668,0.0,3.75,03:45,25
22.416666666666668,0.0,3.8000000000000003,03:50,25
22.416666666666668,0.0,3.816666666666667,03:55,25
22.416666666666668,0.0,3.841666666666667,04:00,25
22.333333333333332,0.0,3.85,04:05,25
22.333333333333332,0.0,3.8333333333333335,04:10,25
22.333333333333332,0.0,3.8083333333333336,04:15,25
22.333333333333332,0.0,3.8083333333333336,04:20,25
22.333333333333332,0.0,3.7916666666666665,04:25,25
22.333333333333332,0.0,3.7916666666666665,04:30,25
22.25,0.0,3.766666666666667,04:35,25
22.333333333333332,0.0,3.766666666666667,04:40,25
22.333333333333332,0.0,3.766666666666667,04:45,25
22.333333333333332,0.0,3.7416666666666667,04:50,25
22.25,0.0,3.733333333333333,04:55,25
22.166666666666668,0.0,3.725,05:00,25
22.166666666666668,0.0,3.7083333333333335,05:05,25
22.166666666666668,0.0,3.6916666666666664,05:10,25
22.166666666666668,0.0,3.6916666666666664,05:15,25
22.166666666666668,0.0,3.6750000000000003,05:20,25
22.166666666666668,0.08333333333333333,3.6833333333333336,05:25,25
22.166666666666668,0.6666666666666666,3.65,05:30,25
22.166666666666668,2.1666666666666665,3.65,05:35,25
22.166666666666668,3.0,3.641666666666667,05:40,25
22.166666666666668,4.75,3.6166666666666667,05:45,25
22.166666666666668,6.416666666666667,3.6333333333333333,05:50,25
22.166666666666668,8.916666666666666,3.625,05:55,25
22.166666666666668,10.583333333333334,3.608333333333333,06:00,25
22.166666666666668,15.416666666666666,3.6,06:05,25
22.166666666666668,16.75,3.5833333333333335,06:10,25
22.166666666666668,19.583333333333332,3.5583333333333336,06:15,25
22.166666666666668,26.416666666666668,3.5500000000000003,06:20,25
22.083333333333332,30.083333333333332,3.5500000000000003,06:25,25
22.083333333333332,36.166666666666664,3.525,06:30,25
22.166666666666668,40.833333333333336,3.516666666666667,06:35,25
22.166666666666668,48.5,3.5,06:40,25
22.166666666666668,57.0,3.475,06:45,25
22.25,62.0,3.475,06:50,25
22.25,69.33333333333333,3.466666666666667,06:55,25
22.25,77.66666666666667,3.4416666666666664,07:00,25
22.25,89.0,3.4416666666666664,07:05,25
22.25,103.41666666666667,3.408333333333333,07:10,25
22.25,120.16666666666667,3.4,07:15,25
22.25,132.0,3.375,07:20,25
22.25,148.75,3.35,07:25,25
22.25,162.08333333333334,3.3249999999999997,07:30,25
22.333333333333332,177.91666666666666,3.3000000000000003,07:35,25
22.333333333333332,188.83333333333334,3.283333333333333,07:40,25
22.416666666666668,196.83333333333334,3.2583333333333333,07:45,25
22.416666666666668,212.91666666666666,3.25,07:50,25
22.416666666666668,221.41666666666666,3.225,07:55,25
22.416666666666668,234.5,3.216666666666667,08:00,25
22.416666666666668,248.58333333333334,3.216666666666667,08:05,25
22.583333333333332,263.9166666666667,3.2249999999999996,08:10,25
22.75,281.5,3.233333333333333,08:15,25
22.916666666666668,299.6666666666667,3.2416666666666667,08:20,25
23.25,320.75,3.25,08:25,25
23.333333333333332,337.0833333333333,3.2583333333333333,08:30,25
23.5,346.25,3.266666666666666,08:35,25
23.666666666666668,354.25,3.2916666666666665,08:40,25
23.833333333333332,360.0,3.2916666666666665,08:45,25
24.083333333333332,378.5,3.3083333333333336,08:50,25
24.166666666666668,388.8333333333333,3.3166666666666664,08:55,25
24.416666666666668,401.4166666666667,3.3249999999999997,09:00,25
24.583333333333332,410.5833333333333,3.3249999999999997,09:05,25
24.583333333333332,425.0833333333333,3.2916666666666665,09:10,25
24.666666666666668,436.75,3.275,09:15,25
24.75,455.1666666666667,3.275,09:20,25
25.083333333333332,478.5833333333333,3.25,09:25,25
25.166666666666668,486.0,3.2416666666666667,09:30,25
25.25,498.0833333333333,3.2416666666666667,09:35,25
25.333333333333332,514.1666666666666,3.233333333333333,09:40,25
25.333333333333332,517.1666666666666,3.25,09:45,25
25.416666666666668,523.9166666666666,3.233333333333333,09:50,25
25.416666666666668,536.25,3.225,09:55,25
25.583333333333332,531.3333333333334,3.233333333333333,10:00,25
25.583333333333332,533.6666666666666,3.225,10:05,25
25.666666666666668,543.4166666666666,3.1999999999999997,10:10,25
25.666666666666668,541.0833333333334,3.1750000000000003,10:15,25
25.666666666666668,544.6666666666666,3.158333333333333,10:20,25
25.666666666666668,551.5,3.158333333333333,10:25,25
25.666666666666668,556.1666666666666,3.125,10:30,25
25.833333333333332,556.25,3.1,10:35,25
25.833333333333332,558.9166666666666,3.0833333333333335,10:40,25
25.833333333333332,559.6666666666666,3.0500000000000003,10:45,25
25.833333333333332,567.5833333333334,3.033333333333333,10:50,25
25.833333333333332,554.1666666666666,3.033333333333333,10:55,25
25.833333333333332,556.75,3.025,11:00,25
25.833333333333332,564.8333333333334,3.0083333333333333,11:05,25
26.0,552.25,2.9916666666666667,11:10,25
26.083333333333332,556.8333333333334,2.975,11:15,25
26.166666666666668,553.4166666666666,2.9583333333333335,11:20,25
26.333333333333332,546.5,2.9333333333333336,11:25,25
26.416666666666668,546.1666666666666,2.9333333333333336,11:30,25
26.666666666666668,542.25,2.9166666666666665,11:35,25
26.916666666666668,534.25,2.9,11:40,25
26.916666666666668,544.8333333333334,2.891666666666667,11:45,25
27.083333333333332,557.1666666666666,2.891666666666667,11:50,25
27.25,564.9166666666666,2.8833333333333333,11:55,25
27.5,566.0,2.858333333333333,12:00,25
27.5,571.75,2.85,12:05,25
27.5,585.8333333333334,2.841666666666667,12:10,25
27.416666666666668,600.0833333333334,2.8249999999999997,12:15,25
27.416666666666668,600.0,2.8166666666666664,12:20,25
27.416666666666668,607.9166666666666,2.8166666666666664,12:25,25
27.416666666666668,600.8333333333334,2.8166666666666664,12:30,25
27.416666666666668,601.75,2.8166666666666664,12:35,25
27.416666666666668,590.5833333333334,2.8166666666666664,12:40,25
27.333333333333332,595.5833333333334,2.7916666666666665,12:45,25
27.333333333333332,584.0833333333334,2.8166666666666664,12:50,25
27.333333333333332,571.0833333333334,2.8166666666666664,12:55,25
27.333333333333332,565.1666666666666,2.8166666666666664,13:00,25
27.333333333333332,556.3333333333334,2.8083333333333336,13:05,25
27.333333333333332,548.5,2.8166666666666664,13:10,25
27.333333333333332,533.9166666666666,2.8166666666666664,13:15,25
27.333333333333332,522.75,2.8083333333333336,13:20,25
27.333333333333332,516.5,2.8166666666666664,13:25,25
27.333333333333332,504.6666666666667,2.8249999999999997,13:30,25
27.25,499.8333333333333,2.8249999999999997,13:35,25
27.25,495.5833333333333,2.841666666666667,13:40,25
27.333333333333332,478.1666666666667,2.8333333333333335,13:45,25
27.333333333333332,472.5,2.85,13:50,25
27.333333333333332,464.75,2.85,13:55,25
27.25,454.0,2.891666666666666,14:00,25
27.25,443.9166666666667,2.908333333333333,14:05,25
27.166666666666668,425.8333333333333,2.891666666666667,14:10,25
27.25,412.9166666666667,2.9166666666666665,14:15,25
27.25,404.0833333333333,2.9166666666666665,14:20,25
27.25,392.9166666666667,2.9499999999999997,14:25,25
27.25,389.8333333333333,2.9416666666666664,14:30,25
27.25,384.1666666666667,2.9499999999999997,14:35,25
27.25,368.75,2.9583333333333335,14:40,25
27.166666666666668,359.8333333333333,2.975,14:45,25
27.166666666666668,350.3333333333333,2.9916666666666667,14:50,25
27.166666666666668,342.3333333333333,3.016666666666667,14:55,25
27.166666666666668,327.5833333333333,3.016666666666667,15:00,25
27.166666666666668,320.0,3.033333333333333,15:05,25
27.166666666666668,312.9166666666667,3.0416666666666665,15:10,25
27.166666666666668,303.4166666666667,3.0833333333333335,15:15,25
27.25,287.8333333333333,3.0833333333333335,15:20,25
27.25,271.6666666666667,3.1,15:25,25
27.166666666666668,260.6666666666667,3.141666666666667,15:30,25
27.25,249.5,3.158333333333333,15:35,25
27.25,236.66666666666666,3.1666666666666665,15:40,25
27.25,227.0,3.2083333333333335,15:45,25
27.25,220.75,3.225,15:50,25
27.166666666666668,212.33333333333334,3.266666666666667,15:55,25
27.166666666666668,203.0,3.283333333333333,16:00,25
27.083333333333332,190.66666666666666,3.283333333333333,16:05,25
26.916666666666668,181.33333333333334,3.2416666666666667,16:10,25
26.583333333333332,174.0,3.2083333333333335,16:15,25
26.5,166.66666666666666,3.1750000000000003,16:20,25
26.416666666666668,151.66666666666666,3.158333333333333,16:25,25
26.25,145.5,3.15,16:30,25
26.0,135.33333333333334,3.141666666666667,16:35,25
25.833333333333332,131.41666666666666,3.1333333333333333,16:40,25
25.583333333333332,121.25,3.1166666666666667,16:45,25
25.5,105.5,3.108333333333333,16:50,25
25.333333333333332,95.16666666666667,3.125,16:55,25
25.0,92.58333333333333,3.125,17:00,25
24.833333333333332,86.0,3.1750000000000003,17:05,25
24.916666666666668,77.58333333333333,3.216666666666667,17:10,25
24.916666666666668,66.16666666666667,3.275,17:15,25
25.0,54.833333333333336,3.3249999999999997,17:20,25
25.0,46.666666666666664,3.3666666666666667,17:25,25
25.0,39.916666666666664,3.4416666666666664,17:30,25
25.0,32.0,3.4749999999999996,17:35,25
25.0,25.583333333333332,3.5500000000000003,17:40,25
24.916666666666668,21.416666666666668,3.608333333333333,17:45,25
24.916666666666668,18.75,3.6833333333333336,17:50,25
24.916666666666668,14.166666666666666,3.75,17:55,25
24.916666666666668,11.5,3.808333333333333,18:00,25
24.916666666666668,8.916666666666666,3.841666666666667,18:05,25
24.916666666666668,6.916666666666667,3.891666666666667,18:10,25
24.916666666666668,5.416666666666667,3.891666666666667,18:15,25
24.916666666666668,4.583333333333333,3.9499999999999997,18:20,25
24.916666666666668,2.9166666666666665,3.975,18:25,25
24.916666666666668,1.1666666666666667,4.008333333333334,18:30,25
24.75,0.25,4.041666666666667,18:35,25
24.75,0.0,4.1000000000000005,18:40,25
24.75,0.0,4.108333333333333,18:45,25
24.75,0.0,4.166666666666667,18:50,25
24.666666666666668,0.0,4.208333333333333,18:55,25
24.666666666666668,0.0,4.258333333333334,19:00,25
24.666666666666668,0.0,4.266666666666667,19:05,25
24.666666666666668,0.0,4.283333333333333,19:10,25
24.666666666666668,0.0,4.291666666666667,19:15,25
24.666666666666668,0.0,4.316666666666666,19:20,25
24.666666666666668,0.0,4.35,19:25,25
24.583333333333332,0.0,4.341666666666667,19:30,25
24.583333333333332,0.0,4.366666666666666,19:35,25
24.583333333333332,0.0,4.383333333333334,19:40,25
24.583333333333332,0.0,4.4,19:45,25
24.583333333333332,0.0,4.416666666666667,19:50,25
24.5,0.0,4.433333333333334,19:55,25
24.5,0.0,4.466666666666667,20:00,25
24.5,0.0,4.491666666666666,20:05,25
24.5,0.0,4.466666666666667,20:10,25
24.5,0.0,4.466666666666667,20:15,25
24.333333333333332,0.0,4.483333333333333,20:20,25
24.083333333333332,0.0,4.466666666666667,20:25,25
24.083333333333332,0.0,4.45,20:30,25
24.083333333333332,0.0,4.466666666666667,20:35,25
23.916666666666668,0.0,4.458333333333333,20:40,25
23.75,0.0,4.441666666666667,20:45,25
23.666666666666668,0.0,4.466666666666667,20:50,25
23.583333333333332,0.0,4.45,20:55,25
23.583333333333332,0.0,4.466666666666667,21:00,25
23.583333333333332,0.0,4.458333333333333,21:05,25
23.5,0.0,4.45,21:10,25
23.5,0.0,4.45,21:15,25
23.5,0.0,4.441666666666666,21:20,25
23.416666666666668,0.0,4.425,21:25,25
23.333333333333332,0.0,4.433333333333334,21:30,25
23.25,0.0,4.433333333333334,21:35,25
23.083333333333332,0.0,4.433333333333334,21:40,25
23.083333333333332,0.0,4.433333333333334,21:45,25
22.916666666666668,0.0,4.441666666666666,21:50,25
22.916666666666668,0.0,4.433333333333334,21:55,25
22.75,0.0,4.441666666666666,22:00,25
22.666666666666668,0.0,4.441666666666666,22:05,25
22.666666666666668,0.0,4.441666666666667,22:10,25
22.75,0.0,4.466666666666667,22:15,25
22.75,0.0,4.458333333333333,22:20,25
22.75,0.0,4.466666666666667,22:25,25
22.75,0.0,4.475,22:30,25
22.75,0.0,4.483333333333333,22:35,25
22.75,0.0,4.4750000000000005,22:40,25
22.75,0.0,4.5,22:45,25
22.75,0.0,4.508333333333334,22:50,25
22.75,0.0,4.516666666666667,22:55,25
22.666666666666668,0.0,4.5249999999999995,23:00,25
22.666666666666668,0.0,4.516666666666667,23:05,25
22.583333333333332,0.0,4.491666666666666,23:10,25
22.583333333333332,0.0,4.483333333333333,23:15,25
22.416666666666668,0.0,4.458333333333333,23:20,25
22.416666666666668,0.0,4.45,23:25,25
22.25,0.0,4.433333333333334,23:30,25
22.166666666666668,0.0,4.425,23:35,25
22.166666666666668,0.0,4.391666666666667,23:40,25
22.166666666666668,0.0,4.391666666666667,23:45,25
22.083333333333332,0.0,4.366666666666666,23:50,25
21.916666666666668,0.0,4.358333333333333,23:55,25
21.916666666666668,0.0,4.316666666666666,00:00,26
21.916666666666668,0.0,4.308333333333333,00:05,26
21.916666666666668,0.0,4.258333333333334,00:10,26
21.916666666666668,0.0,4.2,00:15,26
21.916666666666668,0.0,4.158333333333333,00:20,26
21.916666666666668,0.0,4.125,00:25,26
21.916666666666668,0.0,4.075,00:30,26
21.833333333333332,0.0,4.041666666666667,00:35,26
21.833333333333332,0.0,4.008333333333334,00:40,26
21.833333333333332,0.0,3.966666666666667,00:45,26
21.833333333333332,0.0,3.9250000000000003,00:50,26
21.833333333333332,0.0,3.8833333333333333,00:55,26
21.833333333333332,0.0,3.858333333333334,01:00,26
21.833333333333332,0.0,3.8083333333333336,01:05,26
21.833333333333332,0.0,3.783333333333333,01:10,26
21.833333333333332,0.0,3.775,01:15,26
21.833333333333332,0.0,3.75,01:20,26
21.833333333333332,0.0,3.7083333333333335,01:25,26
21.833333333333332,0.0,3.691666666666667,01:30,26
21.916666666666668,0.0,3.6833333333333336,01:35,26
21.916666666666668,0.0,3.658333333333333,01:40,26
21.916666666666668,0.0,3.658333333333333,01:45,26
21.916666666666668,0.0,3.6166666666666667,01:50,26
21.916666666666668,0.0,3.6,01:55,26
21.916666666666668,0.0,3.591666666666667,02:00,26
21.916666666666668,0.0,3.5833333333333335,02:05,26
21.916666666666668,0.0,3.5583333333333336,02:10,26
21.833333333333332,0.0,3.5083333333333333,02:15,26
21.75,0.0,3.5083333333333333,02:20,26
21.666666666666668,0.0,3.5083333333333333,02:25,26
21.666666666666668,0.0,3.475,02:30,26
21.583333333333332,0.0,3.4583333333333335,02:35,26
21.583333333333332,0.0,3.4499999999999997,02:40,26
21.583333333333332,0.0,3.4333333333333336,02:45,26
21.583333333333332,0.0,3.4166666666666665,02:50,26
21.583333333333332,0.0,3.408333333333333,02:55,26
21.416666666666668,0.0,3.4,03:00,26
21.416666666666668,0.0,3.3833333333333333,03:05,26
21.416666666666668,0.0,3.375,03:10,26
21.416666666666668,0.0,3.375,03:15,26
21.416666666666668,0.0,3.35,03:20,26
21.416666666666668,0.0,3.341666666666667,03:25,26
21.416666666666668,0.0,3.3083333333333336,03:30,26
21.333333333333332,0.0,3.3000000000000003,03:35,26
21.333333333333332,0.0,3.3166666666666664,03:40,26
21.333333333333332,0.0,3.3083333333333336,03:45,26
21.333333333333332,0.0,3.3083333333333336,03:50,26
21.333333333333332,0.0,3.2916666666666665,03:55,26
21.333333333333332,0.0,3.3249999999999997,04:00,26
21.333333333333332,0.0,3.3166666666666664,04:05,26
21.25,0.0,3.3166666666666664,04:10,26
21.25,0.0,3.3000000000000003,04:15,26
21.25,0.0,3.3000000000000003,04:20,26
21.5,0.0,3.3333333333333335,04:25,26
21.5,0.0,3.3083333333333336,04:30,26
21.5,0.0,3.3333333333333335,04:35,26
21.5,0.0,3.35,04:40,26
21.5,0.0,3.35,04:45,26
21.5,0.0,3.3666666666666667,04:50,26
21.5,0.0,3.3666666666666667,04:55,26
21.666666666666668,0.0,3.3833333333333333,05:00,26
21.666666666666668,0.0,3.375,05:05,26
21.666666666666668,0.0,3.3833333333333333,05:10,26
21.666666666666668,0.0,3.4,05:15,26
21.666666666666668,0.0,3.408333333333333,05:20,26
21.666666666666668,0.08333333333333333,3.4250000000000003,05:25,26
21.666666666666668,0.75,3.4333333333333336,05:30,26
21.75,2.0,3.4416666666666664,05:35,26
21.75,2.8333333333333335,3.4499999999999997,05:40,26
21.75,3.5833333333333335,3.4583333333333335,05:45,26
21.75,8.166666666666666,3.466666666666667,05:50,26
21.75,10.75,3.475,05:55,26
21.75,8.833333333333334,3.466666666666667,06:00,26
21.75,11.916666666666666,3.4916666666666667,06:05,26
21.75,17.333333333333332,3.4583333333333335,06:10,26
21.75,23.833333333333332,3.4333333333333336,06:15,26
21.75,29.416666666666668,3.4166666666666665,06:20,26
21.75,35.083333333333336,3.4,06:25,26
21.75,40.916666666666664,3.375,06:30,26
21.75,47.666666666666664,3.375,06:35,26
21.75,54.083333333333336,3.3333333333333335,06:40,26
21.75,61.416666666666664,3.3249999999999997,06:45,26
21.583333333333332,69.66666666666667,3.3083333333333336,06:50,26
21.583333333333332,77.16666666666667,3.316666666666667,06:55,26
21.583333333333332,87.91666666666667,3.2916666666666665,07:00,26
21.583333333333332,97.0,3.275,07:05,26
21.583333333333332,107.66666666666667,3.2416666666666667,07:10,26
21.583333333333332,115.33333333333333,3.2083333333333335,07:15,26
21.666666666666668,124.66666666666667,3.1833333333333336,07:20,26
21.75,131.25,3.1666666666666665,07:25,26
21.75,145.0,3.108333333333333,07:30,26
21.75,155.75,3.1,07:35,26
21.75,169.41666666666666,3.0833333333333335,07:40,26
21.75,181.5,3.0416666666666665,07:45,26
21.833333333333332,194.33333333333334,3.0250000000000004,07:50,26
21.833333333333332,206.08333333333334,3.0,07:55,26
21.833333333333332,222.0,2.975,08:00,26
21.916666666666668,239.58333333333334,2.966666666666667,08:05,26
21.916666666666668,243.33333333333334,2.933333333333333,08:10,26
22.25,253.66666666666666,2.9250000000000003,08:15,26
22.333333333333332,264.6666666666667,2.875,08:20,26
22.583333333333332,266.3333333333333,2.841666666666667,08:25,26
22.916666666666668,264.1666666666667,2.841666666666667,08:30,26
23.0,265.8333333333333,2.8166666666666664,08:35,26
23.0,280.0833333333333,2.8166666666666664,08:40,26
23.166666666666668,296.1666666666667,2.783333333333333,08:45,26
23.333333333333332,312.5833333333333,2.766666666666667,08:50,26
23.833333333333332,331.1666666666667,2.75,08:55,26
23.916666666666668,341.25,2.7249999999999996,09:00,26
23.916666666666668,342.4166666666667,2.716666666666667,09:05,26
23.916666666666668,356.75,2.716666666666667,09:10,26
24.166666666666668,364.3333333333333,2.6916666666666664,09:15,26
24.25,378.8333333333333,2.6833333333333336,09:20,26
24.25,384.75,2.6750000000000003,09:25,26
24.416666666666668,392.0,2.6750000000000003,09:30,26
24.5,394.75,2.6666666666666665,09:35,26
24.583333333333332,413.75,2.65,09:40,26
24.666666666666668,425.0833333333333,2.6333333333333333,09:45,26
24.833333333333332,433.75,2.625,09:50,26
25.0,442.4166666666667,2.6166666666666667,09:55,26
25.0,451.75,2.6166666666666667,10:00,26
25.0,465.9166666666667,2.6083333333333334,10:05,26
25.0,484.75,2.5833333333333335,10:10,26
25.0,492.8333333333333,2.5833333333333335,10:15,26
25.0,497.5833333333333,2.575,10:20,26
25.0,504.75,2.5749999999999997,10:25,26
25.0,511.3333333333333,2.5416666666666665,10:30,26
25.0,521.5,2.5416666666666665,10:35,26
25.0,519.4166666666666,2.533333333333333,10:40,26
25.0,513.5833333333334,2.5166666666666666,10:45,26
25.083333333333332,510.0833333333333,2.5166666666666666,10:50,26
25.166666666666668,521.3333333333334,2.5,10:55,26
25.166666666666668,526.75,2.4916666666666667,11:00,26
25.166666666666668,530.3333333333334,2.466666666666667,11:05,26
25.25,528.9166666666666,2.4916666666666667,11:10,26
25.5,513.8333333333334,2.5,11:15,26
25.583333333333332,516.75,2.5166666666666666,11:20,26
25.666666666666668,515.0,2.533333333333333,11:25,26
25.666666666666668,520.9166666666666,2.5416666666666665,11:30,26
25.916666666666668,511.5833333333333,2.5416666666666665,11:35,26
26.083333333333332,517.9166666666666,2.5500000000000003,11:40,26
26.083333333333332,512.0,2.5833333333333335,11:45,26
26.25,520.75,2.5833333333333335,11:50,26
26.25,511.4166666666667,2.5833333333333335,11:55,26
26.416666666666668,521.5,2.591666666666667,12:00,26
26.416666666666668,513.5,2.6,12:05,26
26.5,527.75,2.6166666666666667,12:10,26
26.5,540.25,2.6166666666666667,12:15,26
26.5,549.3333333333334,2.6166666666666667,12:20,26
26.5,556.0,2.6083333333333334,12:25,26
26.5,573.3333333333334,2.625,12:30,26
26.583333333333332,577.8333333333334,2.6166666666666667,12:35,26
26.583333333333332,591.25,2.6166666666666667,12:40,26
26.583333333333332,581.25,2.625,12:45,26
26.666666666666668,587.0833333333334,2.65,12:50,26
26.666666666666668,595.0833333333334,2.6416666666666666,12:55,26
26.666666666666668,589.9166666666666,2.65,13:00,26
26.666666666666668,584.5,2.6666666666666665,13:05,26
26.666666666666668,595.75,2.65,13:10,26
26.666666666666668,588.3333333333334,2.65,13:15,26
26.666666666666668,581.0,2.6583333333333337,13:20,26
26.666666666666668,576.0,2.65,13:25,26
26.666666666666668,568.9166666666666,2.658333333333333,13:30,26
26.833333333333332,563.9166666666666,2.65,13:35,26
26.833333333333332,558.0833333333334,2.65,13:40,26
26.833333333333332,542.75,2.6666666666666665,13:45,26
26.833333333333332,542.3333333333334,2.658333333333333,13:50,26
26.833333333333332,530.8333333333334,2.6666666666666665,13:55,26
26.75,525.0,2.658333333333333,14:00,26
26.75,509.5,2.6666666666666665,14:05,26
26.833333333333332,498.5,2.6666666666666665,14:10,26
26.833333333333332,485.4166666666667,2.6916666666666664,14:15,26
27.0,476.25,2.6999999999999997,14:20,26
27.083333333333332,466.0833333333333,2.6916666666666664,14:25,26
27.0,449.9166666666667,2.7083333333333335,14:30,26
26.916666666666668,435.75,2.716666666666667,14:35,26
26.916666666666668,417.0,2.7083333333333335,14:40,26
26.916666666666668,398.8333333333333,2.7416666666666667,14:45,26
26.916666666666668,384.5833333333333,2.7583333333333333,14:50,26
27.0,382.5833333333333,2.75,14:55,26
27.0,372.6666666666667,2.766666666666667,15:00,26
27.0,365.25,2.783333333333333,15:05,26
27.0,347.4166666666667,2.8000000000000003,15:10,26
27.0,328.0,2.8333333333333335,15:15,26
27.0,313.9166666666667,2.8249999999999997,15:20,26
27.0,300.0,2.85,15:25,26
27.0,279.1666666666667,2.8833333333333333,15:30,26
27.083333333333332,265.5833333333333,2.9,15:35,26
27.083333333333332,253.08333333333334,2.9416666666666664,15:40,26
27.083333333333332,243.91666666666666,2.975,15:45,26
27.083333333333332,234.83333333333334,3.016666666666667,15:50,26
27.083333333333332,217.83333333333334,3.0500000000000003,15:55,26
27.0,206.66666666666666,3.0666666666666664,16:00,26
27.0,194.41666666666666,3.1166666666666667,16:05,26
26.833333333333332,182.41666666666666,3.1333333333333333,16:10,26
26.583333333333332,168.91666666666666,3.125,16:15,26
26.416666666666668,159.58333333333334,3.141666666666667,16:20,26
26.333333333333332,149.16666666666666,3.1749999999999994,16:25,26
26.333333333333332,137.5,3.1750000000000003,16:30,26
26.166666666666668,127.75,3.1916666666666664,16:35,26
25.916666666666668,117.83333333333333,3.2083333333333335,16:40,26
25.75,106.75,3.233333333333333,16:45,26
25.666666666666668,95.5,3.266666666666667,16:50,26
25.583333333333332,87.5,3.266666666666667,16:55,26
25.333333333333332,75.75,3.3083333333333336,17:00,26
25.166666666666668,66.91666666666667,3.35,17:05,26
25.166666666666668,65.0,3.408333333333333,17:10,26
25.166666666666668,60.5,3.466666666666667,17:15,26
25.083333333333332,54.0,3.525,17:20,26
25.083333333333332,48.25,3.591666666666667,17:25,26
25.083333333333332,40.25,3.6333333333333333,17:30,26
25.083333333333332,33.5,3.6916666666666664,17:35,26
25.083333333333332,27.833333333333332,3.7583333333333333,17:40,26
25.083333333333332,22.916666666666668,3.8333333333333335,17:45,26
25.083333333333332,18.083333333333332,3.875,17:50,26
25.083333333333332,14.833333333333334,3.9416666666666664,17:55,26
25.083333333333332,9.916666666666666,4.008333333333334,18:00,26
25.083333333333332,7.333333333333333,4.058333333333333,18:05,26
25.083333333333332,6.166666666666667,4.091666666666667,18:10,26
25.083333333333332,5.833333333333333,4.116666666666666,18:15,26
25.083333333333332,4.25,4.1499999999999995,18:20,26
25.083333333333332,2.6666666666666665,4.191666666666666,18:25,26
25.083333333333332,1.25,4.2250000000000005,18:30,26
25.083333333333332,0.3333333333333333,4.258333333333334,18:35,26
25.083333333333332,0.0,4.308333333333334,18:40,26
25.083333333333332,0.0,4.358333333333333,18:45,26
25.083333333333332,0.0,4.416666666666667,18:50,26
25.083333333333332,0.0,4.458333333333333,18:55,26
25.083333333333332,0.0,4.533333333333333,19:00,26
25.083333333333332,0.0,4.55,19:05,26
25.083333333333332,0.0,4.566666666666666,19:10,26
25.0,0.0,4.6000000000000005,19:15,26
25.0,0.0,4.6499999999999995,19:20,26
24.916666666666668,0.0,4.666666666666667,19:25,26
24.916666666666668,0.0,4.691666666666667,19:30,26
24.75,0.0,4.7250000000000005,19:35,26
24.75,0.0,4.741666666666666,19:40,26
24.75,0.0,4.791666666666667,19:45,26
24.75,0.0,4.808333333333334,19:50,26
24.75,0.0,4.825,19:55,26
24.75,0.0,4.866666666666666,20:00,26
24.75,0.0,4.891666666666667,20:05,26
24.666666666666668,0.0,4.8999999999999995,20:10,26
24.25,0.0,4.883333333333334,20:15,26
24.166666666666668,0.0,4.891666666666667,20:20,26
24.166666666666668,0.0,4.891666666666667,20:25,26
24.166666666666668,0.0,4.8999999999999995,20:30,26
24.0,0.0,4.8999999999999995,20:35,26
24.0,0.0,4.908333333333333,20:40,26
24.0,0.0,4.8999999999999995,20:45,26
23.833333333333332,0.0,4.908333333333333,20:50,26
23.833333333333332,0.0,4.933333333333334,20:55,26
23.75,0.0,4.916666666666667,21:00,26
23.666666666666668,0.0,4.916666666666667,21:05,26
23.583333333333332,0.0,4.908333333333333,21:10,26
23.583333333333332,0.0,4.891666666666667,21:15,26
23.5,0.0,4.866666666666666,21:20,26
23.416666666666668,0.0,4.858333333333333,21:25,26
23.333333333333332,0.0,4.841666666666667,21:30,26
23.25,0.0,4.816666666666666,21:35,26
23.25,0.0,4.816666666666667,21:40,26
23.25,0.0,4.808333333333334,21:45,26
23.166666666666668,0.0,4.783333333333333,21:50,26
23.0,0.0,4.7749999999999995,21:55,26
22.833333333333332,0.0,4.766666666666667,22:00,26
22.75,0.0,4.758333333333334,22:05,26
22.75,0.0,4.75,22:10,26
22.833333333333332,0.0,4.7250000000000005,22:15,26
22.833333333333332,0.0,4.708333333333333,22:20,26
22.833333333333332,0.0,4.708333333333333,22:25,26
22.833333333333332,0.0,4.683333333333334,22:30,26
22.833333333333332,0.0,4.675,22:35,26
22.833333333333332,0.0,4.658333333333333,22:40,26
22.833333333333332,0.0,4.666666666666667,22:45,26
22.75,0.0,4.633333333333334,22:50,26
22.75,0.0,4.625,22:55,26
22.75,0.0,4.625,23:00,26
22.75,0.0,4.608333333333333,23:05,26
22.75,0.0,4.616666666666666,23:10,26
22.75,0.0,4.6000000000000005,23:15,26
22.75,0.0,4.6000000000000005,23:20,26
22.75,0.0,4.583333333333333,23:25,26
22.583333333333332,0.0,4.566666666666666,23:30,26
22.5,0.0,4.566666666666666,23:35,26
22.5,0.0,4.575,23:40,26
22.5,0.0,4.55,23:45,26
22.25,0.0,4.55,23:50,26
22.166666666666668,0.0,4.575,23:55,26
22.166666666666668,0.0,4.566666666666666,00:00,27
22.166666666666668,0.0,4.541666666666667,00:05,27
22.166666666666668,0.0,4.541666666666667,00:10,27
22.166666666666668,0.0,4.508333333333334,00:15,27
22.166666666666668,0.0,4.483333333333333,00:20,27
22.166666666666668,0.0,4.491666666666666,00:25,27
22.166666666666668,0.0,4.4750000000000005,00:30,27
22.0,0.0,4.458333333333333,00:35,27
22.0,0.0,4.441666666666666,00:40,27
22.0,0.0,4.433333333333334,00:45,27
21.916666666666668,0.0,4.433333333333334,00:50,27
21.916666666666668,0.0,4.408333333333333,00:55,27
21.916666666666668,0.0,4.391666666666667,01:00,27
21.916666666666668,0.0,4.375,01:05,27
21.916666666666668,0.0,4.358333333333333,01:10,27
21.916666666666668,0.0,4.3500000000000005,01:15,27
21.833333333333332,0.0,4.325,01:20,27
21.833333333333332,0.0,4.308333333333333,01:25,27
21.833333333333332,0.0,4.308333333333334,01:30,27
21.916666666666668,0.0,4.258333333333334,01:35,27
21.916666666666668,0.0,4.266666666666667,01:40,27
21.916666666666668,0.0,4.241666666666666,01:45,27
22.0,0.0,4.233333333333333,01:50,27
21.916666666666668,0.0,4.2250000000000005,01:55,27
21.916666666666668,0.0,4.2,02:00,27
21.916666666666668,0.0,4.191666666666666,02:05,27
21.833333333333332,0.0,4.166666666666667,02:10,27
21.75,0.0,4.141666666666667,02:15,27
21.666666666666668,0.0,4.125,02:20,27
21.666666666666668,0.0,4.091666666666667,02:25,27
21.666666666666668,0.0,4.083333333333333,02:30,27
21.666666666666668,0.0,4.091666666666667,02:35,27
21.666666666666668,0.0,4.058333333333334,02:40,27
21.666666666666668,0.0,4.0249999999999995,02:45,27
21.666666666666668,0.0,4.0249999999999995,02:50,27
21.666666666666668,0.0,4.008333333333334,02:55,27
21.666666666666668,0.0,3.983333333333333,03:00,27
21.666666666666668,0.0,3.983333333333333,03:05,27
21.583333333333332,0.0,4.016666666666667,03:10,27
21.583333333333332,0.0,4.008333333333334,03:15,27
21.583333333333332,0.0,4.008333333333334,03:20,27
21.5,0.0,4.016666666666667,03:25,27
21.416666666666668,0.0,4.033333333333333,03:30,27
21.333333333333332,0.0,4.041666666666667,03:35,27
21.333333333333332,0.0,4.041666666666667,03:40,27
21.333333333333332,0.0,4.058333333333334,03:45,27
21.333333333333332,0.0,4.083333333333333,03:50,27
21.333333333333332,0.0,4.091666666666667,03:55,27
21.333333333333332,0.0,4.125,04:00,27
21.333333333333332,0.0,4.108333333333333,04:05,27
21.333333333333332,0.0,4.108333333333333,04:10,27
21.333333333333332,0.0,4.041666666666667,04:15,27
21.333333333333332,0.0,4.033333333333333,04:20,27
21.333333333333332,0.0,4.016666666666667,04:25,27
21.5,0.0,4.0,04:30,27
21.583333333333332,0.0,4.008333333333334,04:35,27
21.583333333333332,0.0,3.966666666666667,04:40,27
21.583333333333332,0.0,3.9583333333333335,04:45,27
21.666666666666668,0.0,3.9499999999999997,04:50,27
21.666666666666668,0.0,3.9499999999999997,04:55,27
21.666666666666668,0.0,3.9416666666666664,05:00,27
21.666666666666668,0.0,3.9333333333333336,05:05,27
21.666666666666668,0.0,3.975,05:10,27
21.666666666666668,0.0,3.9916666666666667,05:15,27
21.666666666666668,0.0,4.016666666666667,05:20,27
21.666666666666668,0.25,4.058333333333333,05:25,27
21.666666666666668,1.0,4.075,05:30,27
21.666666666666668,2.75,4.091666666666667,05:35,27
21.666666666666668,3.5833333333333335,4.108333333333333,05:40,27
21.666666666666668,6.25,4.141666666666667,05:45,27
21.666666666666668,10.916666666666666,4.175,05:50,27
21.666666666666668,13.666666666666666,4.191666666666666,05:55,27
21.666666666666668,14.416666666666666,4.216666666666667,06:00,27
21.666666666666668,18.5,4.233333333333333,06:05,27
21.666666666666668,27.416666666666668,4.233333333333333,06:10,27
21.666666666666668,34.75,4.233333333333333,06:15,27
21.666666666666668,43.416666666666664,4.25,06:20,27
21.666666666666668,50.75,4.241666666666666,06:25,27
21.666666666666668,60.583333333333336,4.266666666666667,06:30,27
21.666666666666668,65.41666666666667,4.266666666666667,06:35,27
21.666666666666668,74.75,4.25,06:40,27
21.666666666666668,85.16666666666667,4.258333333333334,06:45,27
21.666666666666668,98.0,4.258333333333334,06:50,27
21.666666666666668,112.5,4.291666666666667,06:55,27
21.75,125.83333333333333,4.291666666666667,07:00,27
21.75,138.16666666666666,4.266666666666667,07:05,27
21.75,152.91666666666666,4.233333333333333,07:10,27
21.75,160.0,4.183333333333334,07:15,27
21.75,174.16666666666666,4.141666666666667,07:20,27
21.75,182.25,4.108333333333333,07:25,27
21.75,195.0,4.075,07:30,27
21.75,201.08333333333334,4.0249999999999995,07:35,27
21.833333333333332,214.33333333333334,3.9916666666666667,07:40,27
21.833333333333332,222.08333333333334,3.966666666666667,07:45,27
21.833333333333332,239.33333333333334,3.9250000000000003,07:50,27
21.833333333333332,247.91666666666666,3.891666666666667,07:55,27
21.916666666666668,263.0833333333333,3.841666666666667,08:00,27
22.083333333333332,272.0,3.816666666666667,08:05,27
22.333333333333332,287.9166666666667,3.775,08:10,27
22.5,300.1666666666667,3.75,08:15,27
22.75,314.5833333333333,3.6916666666666664,08:20,27
22.833333333333332,324.8333333333333,3.6750000000000003,08:25,27
23.0,334.3333333333333,3.6333333333333333,08:30,27
23.333333333333332,335.9166666666667,3.6166666666666667,08:35,27
23.5,353.0833333333333,3.5833333333333335,08:40,27
23.583333333333332,362.4166666666667,3.5416666666666665,08:45,27
23.916666666666668,376.75,3.516666666666666,08:50,27
24.083333333333332,389.6666666666667,3.5,08:55,27
24.166666666666668,405.1666666666667,3.4916666666666667,09:00,27
24.333333333333332,415.3333333333333,3.466666666666667,09:05,27
24.416666666666668,429.0833333333333,3.483333333333333,09:10,27
24.5,440.75,3.466666666666667,09:15,27
24.5,451.5833333333333,3.4583333333333335,09:20,27
24.666666666666668,457.4166666666667,3.466666666666667,09:25,27
25.0,467.25,3.466666666666667,09:30,27
25.083333333333332,478.0833333333333,3.466666666666667,09:35,27
25.083333333333332,484.3333333333333,3.4583333333333335,09:40,27
25.25,490.0833333333333,3.466666666666667,09:45,27
25.25,496.1666666666667,3.466666666666667,09:50,27
25.25,500.25,3.466666666666667,09:55,27
25.416666666666668,499.3333333333333,3.4749999999999996,10:00,27
25.666666666666668,495.1666666666667,3.4749999999999996,10:05,27
25.666666666666668,492.4166666666667,3.466666666666667,10:10,27
25.666666666666668,494.4166666666667,3.475,10:15,27
25.666666666666668,500.75,3.4749999999999996,10:20,27
25.666666666666668,501.5833333333333,3.475,10:25,27
25.666666666666668,514.3333333333334,3.475,10:30,27
25.666666666666668,525.3333333333334,3.475,10:35,27
25.666666666666668,533.5,3.466666666666667,10:40,27
25.666666666666668,545.3333333333334,3.483333333333333,10:45,27
25.666666666666668,557.4166666666666,3.4916666666666667,10:50,27
25.666666666666668,556.1666666666666,3.4916666666666667,10:55,27
25.666666666666668,562.5,3.4916666666666667,11:00,27
25.75,567.0833333333334,3.5,11:05,27
25.75,566.25,3.4916666666666667,11:10,27
25.916666666666668,558.8333333333334,3.483333333333333,11:15,27
26.166666666666668,558.3333333333334,3.4916666666666667,11:20,27
26.333333333333332,540.9166666666666,3.4916666666666667,11:25,27
26.333333333333332,537.75,3.4916666666666667,11:30,27
26.416666666666668,526.5833333333334,3.4916666666666667,11:35,27
26.583333333333332,523.3333333333334,3.525,11:40,27
26.666666666666668,510.5833333333333,3.5083333333333333,11:45,27
26.833333333333332,503.6666666666667,3.525,11:50,27
26.916666666666668,489.3333333333333,3.5416666666666665,11:55,27
27.0,488.8333333333333,3.5666666666666664,12:00,27
27.083333333333332,485.8333333333333,3.5666666666666664,12:05,27
27.083333333333332,493.0833333333333,3.5500000000000003,12:10,27
27.25,489.5833333333333,3.5500000000000003,12:15,27
27.25,488.25,3.5583333333333336,12:20,27
27.333333333333332,486.8333333333333,3.5666666666666664,12:25,27
27.333333333333332,486.4166666666667,3.5666666666666664,12:30,27
27.333333333333332,481.75,3.5666666666666664,12:35,27
27.25,480.75,3.5666666666666664,12:40,27
27.25,479.6666666666667,3.5833333333333335,12:45,27
27.25,479.25,3.5833333333333335,12:50,27
27.333333333333332,474.4166666666667,3.6,12:55,27
27.333333333333332,473.5833333333333,3.5833333333333335,13:00,27
27.333333333333332,472.5833333333333,3.591666666666667,13:05,27
27.333333333333332,469.1666666666667,3.5749999999999997,13:10,27
27.333333333333332,468.5833333333333,3.5666666666666664,13:15,27
27.416666666666668,463.5,3.525,13:20,27
27.416666666666668,457.4166666666667,3.533333333333333,13:25,27
27.416666666666668,455.0,3.516666666666667,13:30,27
27.416666666666668,454.1666666666667,3.5,13:35,27
27.416666666666668,454.0833333333333,3.4916666666666667,13:40,27
27.416666666666668,457.9166666666667,3.466666666666667,13:45,27
27.416666666666668,459.9166666666667,3.4583333333333335,13:50,27
27.416666666666668,462.75,3.4499999999999997,13:55,27
27.416666666666668,455.8333333333333,3.466666666666667,14:00,27
27.416666666666668,454.0,3.4166666666666665,14:05,27
27.416666666666668,448.0,3.408333333333333,14:10,27
27.416666666666668,442.6666666666667,3.408333333333333,14:15,27
27.416666666666668,439.6666666666667,3.3833333333333333,14:20,27
27.416666666666668,428.4166666666667,3.375,14:25,27
27.416666666666668,419.3333333333333,3.3833333333333333,14:30,27
27.416666666666668,411.4166666666667,3.3666666666666667,14:35,27
27.416666666666668,399.0833333333333,3.35,14:40,27
27.5,390.5833333333333,3.358333333333333,14:45,27
27.583333333333332,381.1666666666667,3.35,14:50,27
27.666666666666668,373.9166666666667,3.341666666666667,14:55,27
27.75,358.8333333333333,3.341666666666667,15:00,27
27.75,350.25,3.3333333333333335,15:05,27
27.75,339.6666666666667,3.341666666666667,15:10,27
27.75,329.25,3.3249999999999997,15:15,27
27.75,316.8333333333333,3.3166666666666664,15:20,27
27.833333333333332,305.6666666666667,3.3166666666666664,15:25,27
27.916666666666668,295.1666666666667,3.3249999999999997,15:30,27
28.0,285.4166666666667,3.3166666666666664,15:35,27
28.0,275.75,3.3249999999999997,15:40,27
28.0,263.25,3.3333333333333335,15:45,27
28.0,247.83333333333334,3.341666666666667,15:50,27
28.0,239.08333333333334,3.358333333333333,15:55,27
28.0,227.0,3.358333333333333,16:00,27
28.0,218.66666666666666,3.3666666666666667,16:05,27
27.416666666666668,203.41666666666666,3.341666666666667,16:10,27
27.166666666666668,189.91666666666666,3.3166666666666664,16:15,27
27.083333333333332,177.75,3.3249999999999997,16:20,27
27.0,168.33333333333334,3.3000000000000003,16:25,27
26.916666666666668,157.83333333333334,3.283333333333333,16:30,27
26.666666666666668,146.91666666666666,3.275,16:35,27
26.5,133.58333333333334,3.275,16:40,27
26.25,123.16666666666667,3.266666666666667,16:45,27
26.083333333333332,110.83333333333333,3.283333333333333,16:50,27
26.083333333333332,99.5,3.283333333333333,16:55,27
25.833333333333332,86.66666666666667,3.283333333333333,17:00,27
25.75,77.66666666666667,3.3083333333333336,17:05,27
25.583333333333332,67.75,3.3833333333333333,17:10,27
25.583333333333332,59.916666666666664,3.466666666666667,17:15,27
25.666666666666668,54.75,3.516666666666667,17:20,27
25.666666666666668,48.166666666666664,3.6,17:25,27
25.666666666666668,43.0,3.6750000000000003,17:30,27
25.666666666666668,39.083333333333336,3.7583333333333333,17:35,27
25.666666666666668,30.666666666666668,3.8333333333333335,17:40,27
25.583333333333332,25.25,3.908333333333333,17:45,27
25.583333333333332,20.75,3.983333333333333,17:50,27
25.583333333333332,16.5,4.066666666666666,17:55,27
25.583333333333332,11.333333333333334,4.141666666666667,18:00,27
25.583333333333332,8.583333333333334,4.2,18:05,27
25.583333333333332,6.416666666666667,4.2749999999999995,18:10,27
25.5,5.416666666666667,4.308333333333334,18:15,27
25.5,3.6666666666666665,4.3500000000000005,18:20,27
25.5,2.5833333333333335,4.441666666666667,18:25,27
25.5,1.0,4.483333333333333,18:30,27
25.333333333333332,0.25,4.541666666666667,18:35,27
25.333333333333332,0.0,4.608333333333333,18:40,27
25.333333333333332,0.0,4.675,18:45,27
25.333333333333332,0.0,4.75,18:50,27
25.333333333333332,0.0,4.791666666666667,18:55,27
25.333333333333332,0.0,4.858333333333333,19:00,27
25.333333333333332,0.0,4.908333333333333,19:05,27
25.333333333333332,0.0,4.916666666666667,19:10,27
25.333333333333332,0.0,4.95,19:15,27
25.333333333333332,0.0,4.958333333333333,19:20,27
25.333333333333332,0.0,4.991666666666666,19:25,27
25.333333333333332,0.0,5.05,19:30,27
25.333333333333332,0.0,5.075,19:35,27
25.333333333333332,0.0,5.1000000000000005,19:40,27
25.333333333333332,0.0,5.133333333333334,19:45,27
25.333333333333332,0.0,5.166666666666667,19:50,27
25.333333333333332,0.0,5.2250000000000005,19:55,27
25.333333333333332,0.0,5.266666666666667,20:00,27
25.333333333333332,0.0,5.2749999999999995,20:05,27
25.333333333333332,0.0,5.2749999999999995,20:10,27
25.166666666666668,0.0,5.2749999999999995,20:15,27
24.916666666666668,0.0,5.2749999999999995,20:20,27
24.75,0.0,5.2749999999999995,20:25,27
24.666666666666668,0.0,5.283333333333333,20:30,27
24.666666666666668,0.0,5.291666666666667,20:35,27
24.666666666666668,0.0,5.291666666666667,20:40,27
24.583333333333332,0.0,5.308333333333334,20:45,27
24.5,0.0,5.291666666666667,20:50,27
24.5,0.0,5.291666666666667,20:55,27
24.416666666666668,0.0,5.3,21:00,27
24.333333333333332,0.0,5.2749999999999995,21:05,27
24.083333333333332,0.0,5.216666666666667,21:10,27
24.0,0.0,5.183333333333334,21:15,27
24.0,0.0,5.116666666666666,21:20,27
24.0,0.0,5.058333333333333,21:25,27
24.0,0.0,5.008333333333334,21:30,27
23.916666666666668,0.0,4.966666666666667,21:35,27
23.75,0.0,4.933333333333334,21:40,27
23.583333333333332,0.0,4.883333333333334,21:45,27
23.333333333333332,0.0,4.833333333333333,21:50,27
23.333333333333332,0.0,4.8,21:55,27
23.25,0.0,4.766666666666667,22:00,27
23.25,0.0,4.758333333333334,22:05,27
23.25,0.0,4.708333333333333,22:10,27
23.25,0.0,4.691666666666666,22:15,27
23.25,0.0,4.683333333333334,22:20,27
23.333333333333332,0.0,4.641666666666667,22:25,27
23.333333333333332,0.0,4.658333333333333,22:30,27
23.25,0.0,4.641666666666667,22:35,27
23.25,0.0,4.633333333333334,22:40,27
23.166666666666668,0.0,4.633333333333334,22:45,27
23.166666666666668,0.0,4.625,22:50,27
23.166666666666668,0.0,4.641666666666667,22:55,27
23.083333333333332,0.0,4.633333333333334,23:00,27
23.0,0.0,4.625,23:05,27
23.0,0.0,4.608333333333333,23:10,27
23.0,0.0,4.583333333333333,23:15,27
22.916666666666668,0.0,4.566666666666666,23:20,27
22.833333333333332,0.0,4.55,23:25,27
22.833333333333332,0.0,4.5249999999999995,23:30,27
22.75,0.0,4.508333333333334,23:35,27
22.666666666666668,0.0,4.5,23:40,27
22.583333333333332,0.0,4.491666666666666,23:45,27
22.5,0.0,4.458333333333333,23:50,27
22.5,0.0,4.441666666666666,23:55,27
22.5,0.0,4.425,00:00,28
22.5,0.0,4.3999999999999995,00:05,28
22.5,0.0,4.3500000000000005,00:10,28
22.5,0.0,4.308333333333334,00:15,28
22.5,0.0,4.258333333333334,00:20,28
22.5,0.0,4.208333333333333,00:25,28
22.5,0.0,4.158333333333333,00:30,28
22.5,0.0,4.133333333333334,00:35,28
22.5,0.0,4.066666666666666,00:40,28
22.583333333333332,0.0,4.033333333333333,00:45,28
22.583333333333332,0.0,4.0,00:50,28
22.5,0.0,3.9499999999999997,00:55,28
22.5,0.0,3.9250000000000003,01:00,28
22.5,0.0,3.8833333333333333,01:05,28
22.5,0.0,3.841666666666667,01:10,28
22.5,0.0,3.8083333333333336,01:15,28
22.5,0.0,3.8000000000000003,01:20,28
22.5,0.0,3.783333333333333,01:25,28
22.416666666666668,0.0,3.7416666666666667,01:30,28
22.333333333333332,0.0,3.725,01:35,28
22.333333333333332,0.0,3.6916666666666664,01:40,28
22.333333333333332,0.0,3.6666666666666665,01:45,28
22.333333333333332,0.0,3.641666666666666,01:50,28
22.333333333333332,0.0,3.6166666666666667,01:55,28
22.333333333333332,0.0,3.608333333333333,02:00,28
22.333333333333332,0.0,3.591666666666667,02:05,28
22.333333333333332,0.0,3.533333333333333,02:10,28
22.333333333333332,0.0,3.4916666666666667,02:15,28
22.333333333333332,0.0,3.4499999999999997,02:20,28
22.333333333333332,0.0,3.408333333333333,02:25,28
22.333333333333332,0.0,3.375,02:30,28
22.166666666666668,0.0,3.35,02:35,28
22.0,0.0,3.3249999999999997,02:40,28
22.0,0.0,3.3333333333333335,02:45,28
22.0,0.0,3.3000000000000003,02:50,28
21.916666666666668,0.0,3.283333333333333,02:55,28
21.916666666666668,0.0,3.275,03:00,28
21.916666666666668,0.0,3.2583333333333333,03:05,28
21.916666666666668,0.0,3.25,03:10,28
21.833333333333332,0.0,3.2583333333333333,03:15,28
21.833333333333332,0.0,3.25,03:20,28
21.833333333333332,0.0,3.2583333333333333,03:25,28
21.833333333333332,0.0,3.2416666666666667,03:30,28
21.833333333333332,0.0,3.2583333333333333,03:35,28
21.833333333333332,0.0,3.266666666666667,03:40,28
21.916666666666668,0.0,3.283333333333333,03:45,28
21.916666666666668,0.0,3.283333333333333,03:50,28
21.916666666666668,0.0,3.3000000000000003,03:55,28
21.916666666666668,0.0,3.3333333333333335,04:00,28
21.916666666666668,0.0,3.35,04:05,28
21.916666666666668,0.0,3.341666666666667,04:10,28
22.0,0.0,3.3333333333333335,04:15,28
21.833333333333332,0.0,3.341666666666667,04:20,28
21.833333333333332,0.0,3.3333333333333335,04:25,28
21.916666666666668,0.0,3.341666666666667,04:30,28
22.0,0.0,3.375,04:35,28
21.916666666666668,0.0,3.4000000000000004,04:40,28
22.0,0.0,3.408333333333333,04:45,28
22.0,0.0,3.4499999999999997,04:50,28
22.083333333333332,0.0,3.466666666666667,04:55,28
22.083333333333332,0.0,3.5,05:00,28
22.083333333333332,0.0,3.516666666666666,05:05,28
22.083333333333332,0.0,3.5083333333333333,05:10,28
22.083333333333332,0.0,3.516666666666667,05:15,28
22.083333333333332,0.0,3.5083333333333333,05:20,28
22.083333333333332,0.25,3.5,05:25,28
22.083333333333332,1.0833333333333333,3.516666666666667,05:30,28
22.0,2.0833333333333335,3.525,05:35,28
22.0,3.6666666666666665,3.533333333333333,05:40,28
22.0,4.583333333333333,3.516666666666666,05:45,28
21.916666666666668,4.666666666666667,3.533333333333333,05:50,28
21.916666666666668,4.916666666666667,3.5416666666666665,05:55,28
21.916666666666668,7.166666666666667,3.5583333333333336,06:00,28
21.916666666666668,9.75,3.5500000000000003,06:05,28
21.916666666666668,12.083333333333334,3.5666666666666664,06:10,28
21.916666666666668,15.416666666666666,3.5666666666666664,06:15,28
21.916666666666668,17.666666666666668,3.5749999999999997,06:20,28
21.916666666666668,21.5,3.5833333333333335,06:25,28
21.916666666666668,24.916666666666668,3.5749999999999997,06:30,28
22.0,30.166666666666668,3.5833333333333335,06:35,28
22.0,35.0,3.6,06:40,28
22.0,42.0,3.6166666666666667,06:45,28
22.0,48.666666666666664,3.608333333333333,06:50,28
22.0,57.25,3.6166666666666667,06:55,28
22.0,63.5,3.65,07:00,28
22.0,70.66666666666667,3.65,07:05,28
22.083333333333332,80.25,3.65,07:10,28
22.083333333333332,91.66666666666667,3.6666666666666665,07:15,28
22.166666666666668,101.08333333333333,3.6666666666666665,07:20,28
22.166666666666668,113.75,3.6750000000000003,07:25,28
22.166666666666668,123.08333333333333,3.6750000000000003,07:30,28
22.166666666666668,135.08333333333334,3.6916666666666664,07:35,28
22.166666666666668,147.91666666666666,3.716666666666667,07:40,28
22.166666666666668,163.66666666666666,3.6999999999999997,07:45,28
22.166666666666668,169.0,3.716666666666667,07:50,28
22.166666666666668,174.41666666666666,3.733333333333333,07:55,28
22.166666666666668,181.25,3.7416666666666667,08:00,28
22.25,188.0,3.7416666666666667,08:05,28
22.333333333333332,194.58333333333334,3.716666666666667,08:10,28
22.5,198.91666666666666,3.6999999999999997,08:15,28
22.666666666666668,209.5,3.6666666666666665,08:20,28
22.916666666666668,223.25,3.641666666666667,08:25,28
23.166666666666668,236.58333333333334,3.625,08:30,28
23.166666666666668,244.91666666666666,3.6166666666666667,08:35,28
23.416666666666668,246.08333333333334,3.6,08:40,28
23.583333333333332,253.0,3.5749999999999997,08:45,28
23.666666666666668,258.9166666666667,3.5416666666666665,08:50,28
23.833333333333332,261.9166666666667,3.525,08:55,28
24.0,269.4166666666667,3.5,09:00,28
24.166666666666668,275.0,3.483333333333333,09:05,28
24.166666666666668,291.1666666666667,3.4749999999999996,09:10,28
24.333333333333332,304.5833333333333,3.4583333333333335,09:15,28
24.416666666666668,318.1666666666667,3.4416666666666664,09:20,28
24.583333333333332,330.5833333333333,3.4250000000000003,09:25,28
24.666666666666668,331.8333333333333,3.4333333333333336,09:30,28
24.666666666666668,339.5,3.4166666666666665,09:35,28
24.666666666666668,352.1666666666667,3.408333333333333,09:40,28
24.833333333333332,368.1666666666667,3.408333333333333,09:45,28
25.083333333333332,376.25,3.3833333333333333,09:50,28
25.25,380.3333333333333,3.4,09:55,28
25.333333333333332,377.5833333333333,3.4,10:00,28
25.333333333333332,380.9166666666667,3.391666666666667,10:05,28
25.333333333333332,385.4166666666667,3.391666666666666,10:10,28
25.333333333333332,389.25,3.391666666666666,10:15,28
25.333333333333332,397.4166666666667,3.391666666666667,10:20,28
25.333333333333332,398.5,3.4,10:25,28
25.333333333333332,424.9166666666667,3.408333333333333,10:30,28
25.416666666666668,435.4166666666667,3.4,10:35,28
25.416666666666668,450.5833333333333,3.408333333333333,10:40,28
25.416666666666668,461.5,3.4166666666666665,10:45,28
25.416666666666668,481.8333333333333,3.4166666666666665,10:50,28
25.416666666666668,500.5,3.408333333333333,10:55,28
25.416666666666668,517.5833333333334,3.4416666666666664,11:00,28
25.416666666666668,528.5,3.4166666666666665,11:05,28
25.5,511.8333333333333,3.408333333333333,11:10,28
25.666666666666668,500.5833333333333,3.4250000000000003,11:15,28
25.916666666666668,482.4166666666667,3.4166666666666665,11:20,28
26.0,460.0,3.4166666666666665,11:25,28
26.25,446.5833333333333,3.4166666666666665,11:30,28
26.333333333333332,444.4166666666667,3.4166666666666665,11:35,28
26.416666666666668,448.8333333333333,3.408333333333333,11:40,28
26.583333333333332,464.3333333333333,3.408333333333333,11:45,28
26.583333333333332,475.0,3.408333333333333,11:50,28
26.666666666666668,478.5833333333333,3.4166666666666665,11:55,28
26.833333333333332,490.0,3.408333333333333,12:00,28
26.916666666666668,484.0,3.4166666666666665,12:05,28
26.916666666666668,484.0833333333333,3.3833333333333333,12:10,28
27.0,483.5,3.3666666666666667,12:15,28
26.916666666666668,494.6666666666667,3.341666666666667,12:20,28
26.916666666666668,505.0833333333333,3.341666666666667,12:25,28
26.916666666666668,503.9166666666667,3.3333333333333335,12:30,28
27.0,503.1666666666667,3.3083333333333336,12:35,28
27.0,499.3333333333333,3.2916666666666665,12:40,28
27.0,500.75,3.2916666666666665,12:45,28
27.0,505.5,3.2916666666666665,12:50,28
27.0,502.8333333333333,3.275,12:55,28
27.0,501.0833333333333,3.266666666666667,13:00,28
27.0,490.1666666666667,3.283333333333333,13:05,28
27.0,477.4166666666667,3.2750000000000004,13:10,28
27.083333333333332,476.3333333333333,3.2916666666666665,13:15,28
27.083333333333332,475.75,3.3000000000000003,13:20,28
27.083333333333332,467.5,3.3083333333333336,13:25,28
27.083333333333332,474.6666666666667,3.3083333333333336,13:30,28
27.166666666666668,477.5833333333333,3.3083333333333336,13:35,28
27.166666666666668,484.0,3.3083333333333336,13:40,28
27.166666666666668,478.6666666666667,3.35,13:45,28
27.166666666666668,485.6666666666667,3.341666666666667,13:50,28
27.166666666666668,474.5,3.358333333333333,13:55,28
27.25,471.1666666666667,3.3666666666666667,14:00,28
27.25,466.0,3.391666666666667,14:05,28
27.166666666666668,473.25,3.391666666666667,14:10,28
27.166666666666668,475.0,3.4166666666666665,14:15,28
27.25,475.0,3.4250000000000003,14:20,28
27.25,468.8333333333333,3.4583333333333335,14:25,28
27.333333333333332,457.8333333333333,3.4583333333333335,14:30,28
27.25,439.8333333333333,3.4916666666666667,14:35,28
27.25,425.25,3.4916666666666667,14:40,28
27.25,411.5,3.516666666666667,14:45,28
27.25,397.6666666666667,3.525,14:50,28
27.25,382.3333333333333,3.5416666666666665,14:55,28
27.416666666666668,368.5833333333333,3.5749999999999997,15:00,28
27.416666666666668,356.5833333333333,3.5666666666666664,15:05,28
27.5,339.25,3.591666666666667,15:10,28
27.5,315.5,3.5833333333333335,15:15,28
27.5,303.8333333333333,3.6,15:20,28
27.5,289.3333333333333,3.6166666666666667,15:25,28
27.5,283.6666666666667,3.6333333333333333,15:30,28
27.5,272.25,3.6333333333333333,15:35,28
27.5,258.6666666666667,3.641666666666667,15:40,28
27.5,249.5,3.658333333333333,15:45,28
27.5,238.91666666666666,3.6666666666666665,15:50,28
27.583333333333332,229.33333333333334,3.6833333333333336,15:55,28
27.583333333333332,220.0,3.6833333333333336,16:00,28
27.583333333333332,210.91666666666666,3.6833333333333336,16:05,28
27.333333333333332,196.66666666666666,3.641666666666667,16:10,28
27.0,185.41666666666666,3.6166666666666667,16:15,28
26.916666666666668,172.25,3.608333333333333,16:20,28
26.666666666666668,161.25,3.5749999999999997,16:25,28
26.583333333333332,151.16666666666666,3.5500000000000003,16:30,28
26.5,143.25,3.516666666666666,16:35,28
26.0,133.5,3.5,16:40,28
25.75,128.0,3.4916666666666667,16:45,28
25.75,116.66666666666667,3.483333333333333,16:50,28
25.5,108.75,3.475,16:55,28
25.25,99.41666666666667,3.466666666666667,17:00,28
25.25,90.66666666666667,3.475,17:05,28
25.25,81.33333333333333,3.5,17:10,28
25.25,69.25,3.525,17:15,28
25.25,59.083333333333336,3.5416666666666665,17:20,28
25.25,50.75,3.5833333333333335,17:25,28
25.25,42.25,3.625,17:30,28
25.25,34.166666666666664,3.641666666666666,17:35,28
25.25,28.916666666666668,3.6999999999999997,17:40,28
25.333333333333332,23.583333333333332,3.725,17:45,28
25.333333333333332,18.333333333333332,3.766666666666667,17:50,28
25.333333333333332,12.916666666666666,3.8000000000000003,17:55,28
25.333333333333332,10.416666666666666,3.8333333333333335,18:00,28
25.333333333333332,7.666666666666667,3.8833333333333333,18:05,28
25.333333333333332,6.666666666666667,3.9250000000000003,18:10,28
25.333333333333332,5.083333333333333,3.9416666666666664,18:15,28
25.333333333333332,3.75,4.0,18:20,28
25.333333333333332,2.4166666666666665,4.05,18:25,28
25.25,0.8333333333333334,4.1000000000000005,18:30,28
25.333333333333332,0.16666666666666666,4.141666666666667,18:35,28
25.333333333333332,0.0,4.175,18:40,28
25.333333333333332,0.0,4.233333333333333,18:45,28
25.333333333333332,0.0,4.266666666666667,18:50,28
25.333333333333332,0.0,4.3,18:55,28
25.25,0.0,4.3500000000000005,19:00,28
25.25,0.0,4.3999999999999995,19:05,28
25.25,0.0,4.391666666666667,19:10,28
25.25,0.0,4.3999999999999995,19:15,28
25.25,0.0,4.3999999999999995,19:20,28
25.25,0.0,4.433333333333334,19:25,28
25.25,0.0,4.416666666666667,19:30,28
25.25,0.0,4.425,19:35,28
25.25,0.0,4.433333333333334,19:40,28
25.166666666666668,0.0,4.45,19:45,28
25.166666666666668,0.0,4.466666666666667,19:50,28
25.166666666666668,0.0,4.483333333333333,19:55,28
25.166666666666668,0.0,4.491666666666666,20:00,28
25.166666666666668,0.0,4.5,20:05,28
25.083333333333332,0.0,4.483333333333333,20:10,28
24.833333333333332,0.0,4.483333333333333,20:15,28
24.666666666666668,0.0,4.466666666666667,20:20,28
24.666666666666668,0.0,4.458333333333333,20:25,28
24.583333333333332,0.0,4.458333333333333,20:30,28
24.416666666666668,0.0,4.45,20:35,28
24.333333333333332,0.0,4.466666666666667,20:40,28
24.25,0.0,4.466666666666667,20:45,28
24.25,0.0,4.45,20:50,28
24.25,0.0,4.45,20:55,28
24.166666666666668,0.0,4.458333333333333,21:00,28
24.083333333333332,0.0,4.45,21:05,28
23.916666666666668,0.0,4.416666666666667,21:10,28
23.916666666666668,0.0,4.441666666666666,21:15,28
23.916666666666668,0.0,4.416666666666667,21:20,28
23.75,0.0,4.3999999999999995,21:25,28
23.583333333333332,0.0,4.416666666666667,21:30,28
23.5,0.0,4.408333333333333,21:35,28
23.5,0.0,4.416666666666667,21:40,28
23.5,0.0,4.425,21:45,28
23.416666666666668,0.0,4.3999999999999995,21:50,28
23.416666666666668,0.0,4.416666666666667,21:55,28
23.25,0.0,4.408333333333333,22:00,28
23.166666666666668,0.0,4.3999999999999995,22:05,28
23.166666666666668,0.0,4.3999999999999995,22:10,28
23.166666666666668,0.0,4.383333333333334,22:15,28
23.166666666666668,0.0,4.375,22:20,28
23.166666666666668,0.0,4.358333333333333,22:25,28
23.166666666666668,0.0,4.341666666666667,22:30,28
23.25,0.0,4.366666666666666,22:35,28
23.25,0.0,4.3500000000000005,22:40,28
23.25,0.0,4.333333333333333,22:45,28
23.166666666666668,0.0,4.333333333333333,22:50,28
23.166666666666668,0.0,4.316666666666666,22:55,28
23.166666666666668,0.0,4.308333333333334,23:00,28
23.166666666666668,0.0,4.308333333333334,23:05,28
23.083333333333332,0.0,4.266666666666667,23:10,28
23.0,0.0,4.241666666666666,23:15,28
22.916666666666668,0.0,4.225,23:20,28
22.916666666666668,0.0,4.191666666666666,23:25,28
22.916666666666668,0.0,4.166666666666667,23:30,28
22.833333333333332,0.0,4.133333333333334,23:35,28
22.833333333333332,0.0,4.1000000000000005,23:40,28
22.833333333333332,0.0,4.083333333333333,23:45,28
22.666666666666668,0.0,4.05,23:50,28
22.666666666666668,0.0,4.0249999999999995,23:55,28
23.0,0.0,3.9272727272727277,00:00,29
23.0,0.0,3.9181818181818184,00:05,29
23.09090909090909,0.0,3.890909090909091,00:10,29
23.09090909090909,0.0,3.8636363636363638,00:15,29
23.09090909090909,0.0,3.8545454545454545,00:20,29
23.09090909090909,0.0,3.8363636363636364,00:25,29
23.09090909090909,0.0,3.809090909090909,00:30,29
23.09090909090909,0.0,3.772727272727273,00:35,29
23.09090909090909,0.0,3.7636363636363637,00:40,29
23.09090909090909,0.0,3.7454545454545456,00:45,29
23.09090909090909,0.0,3.727272727272727,00:50,29
23.09090909090909,0.0,3.709090909090909,00:55,29
23.09090909090909,0.0,3.6727272727272724,01:00,29
23.09090909090909,0.0,3.6636363636363636,01:05,29
23.09090909090909,0.0,3.6454545454545455,01:10,29
23.09090909090909,0.0,3.6090909090909093,01:15,29
23.181818181818183,0.0,3.590909090909091,01:20,29
23.181818181818183,0.0,3.5727272727272723,01:25,29
23.181818181818183,0.0,3.5545454545454547,01:30,29
23.181818181818183,0.0,3.536363636363636,01:35,29
23.181818181818183,0.0,3.536363636363636,01:40,29
23.181818181818183,0.0,3.536363636363636,01:45,29
23.181818181818183,0.0,3.5545454545454547,01:50,29
23.181818181818183,0.0,3.5545454545454547,01:55,29
23.181818181818183,0.0,3.5545454545454547,02:00,29
23.181818181818183,0.0,3.5454545454545454,02:05,29
23.09090909090909,0.0,3.5545454545454547,02:10,29
23.09090909090909,0.0,3.563636363636364,02:15,29
23.09090909090909,0.0,3.5727272727272723,02:20,29
23.0,0.0,3.5727272727272723,02:25,29
22.90909090909091,0.0,3.590909090909091,02:30,29
22.727272727272727,0.0,3.6,02:35,29
22.636363636363637,0.0,3.6,02:40,29
22.636363636363637,0.0,3.590909090909091,02:45,29
22.636363636363637,0.0,3.6,02:50,29
22.636363636363637,0.0,3.6,02:55,29
22.636363636363637,0.0,3.6181818181818177,03:00,29
22.636363636363637,0.0,3.6090909090909093,03:05,29
22.636363636363637,0.0,3.6090909090909093,03:10,29
22.545454545454547,0.0,3.590909090909091,03:15,29
22.545454545454547,0.0,3.6,03:20,29
22.545454545454547,0.0,3.5818181818181816,03:25,29
22.545454545454547,0.0,3.590909090909091,03:30,29
22.545454545454547,0.0,3.5818181818181816,03:35,29
22.545454545454547,0.0,3.590909090909091,03:40,29
22.545454545454547,0.0,3.590909090909091,03:45,29
22.454545454545453,0.0,3.5818181818181816,03:50,29
22.454545454545453,0.0,3.5818181818181816,03:55,29
22.363636363636363,0.0,3.5727272727272723,04:00,29
22.363636363636363,0.0,3.5454545454545454,04:05,29
22.454545454545453,0.0,3.5,04:10,29
22.454545454545453,0.0,3.463636363636364,04:15,29
22.545454545454547,0.0,3.4181818181818184,04:20,29
22.545454545454547,0.0,3.3909090909090907,04:25,29
22.545454545454547,0.0,3.336363636363636,04:30,29
22.545454545454547,0.0,3.309090909090909,04:35,29
22.636363636363637,0.0,3.272727272727273,04:40,29
22.727272727272727,0.0,3.227272727272727,04:45,29
22.636363636363637,0.0,3.2181818181818183,04:50,29
22.636363636363637,0.0,3.2,04:55,29
22.636363636363637,0.0,3.190909090909091,05:00,29
22.636363636363637,0.0,3.1727272727272724,05:05,29
22.636363636363637,0.0,3.1636363636363636,05:10,29
22.636363636363637,0.0,3.1636363636363636,05:15,29
22.636363636363637,0.0,3.163636363636364,05:20,29
22.636363636363637,0.36363636363636365,3.1454545454545455,05:25,29
22.636363636363637,1.3636363636363635,3.1545454545454548,05:30,29
22.636363636363637,2.909090909090909,3.1636363636363636,05:35,29
22.636363636363637,4.545454545454546,3.1545454545454548,05:40,29
22.636363636363637,7.181818181818182,3.1818181818181817,05:45,29
22.727272727272727,10.0,3.1727272727272724,05:50,29
22.727272727272727,12.363636363636363,3.190909090909091,05:55,29
22.727272727272727,16.181818181818183,3.1727272727272724,06:00,29
22.727272727272727,17.363636363636363,3.209090909090909,06:05,29
22.727272727272727,22.727272727272727,3.2,06:10,29
22.727272727272727,26.0,3.190909090909091,06:15,29
22.727272727272727,34.27272727272727,3.190909090909091,06:20,29
22.727272727272727,39.09090909090909,3.1818181818181817,06:25,29
22.727272727272727,45.18181818181818,3.1727272727272724,06:30,29
22.727272727272727,51.45454545454545,3.1636363636363636,06:35,29
22.727272727272727,59.45454545454545,3.1636363636363636,06:40,29
22.727272727272727,69.27272727272727,3.1636363636363636,06:45,29
22.727272727272727,77.45454545454545,3.1545454545454548,06:50,29
22.727272727272727,85.0,3.1545454545454548,06:55,29
22.727272727272727,91.45454545454545,3.1545454545454548,07:00,29
22.727272727272727,100.0,3.1363636363636362,07:05,29
22.727272727272727,108.18181818181819,3.1,07:10,29
22.818181818181817,118.72727272727273,3.090909090909091,07:15,29
22.818181818181817,128.72727272727272,3.0545454545454547,07:20,29
22.90909090909091,145.1818181818182,3.027272727272727,07:25,29
22.90909090909091,156.0,3.0,07:30,29
22.90909090909091,164.72727272727272,2.9818181818181815,07:35,29
22.90909090909091,173.0909090909091,2.9454545454545453,07:40,29
22.90909090909091,176.54545454545453,2.9545454545454546,07:45,29
22.90909090909091,184.45454545454547,2.9272727272727277,07:50,29
23.0,196.0,2.9181818181818184,07:55,29
23.0,212.1818181818182,2.909090909090909,08:00,29
23.09090909090909,217.27272727272728,2.872727272727273,08:05,29
23.272727272727273,225.72727272727272,2.8363636363636364,08:10,29
23.454545454545453,233.45454545454547,2.8181818181818183,08:15,29
23.545454545454547,239.8181818181818,2.8000000000000003,08:20,29
23.727272727272727,246.0,2.7818181818181817,08:25,29
24.0,264.45454545454544,2.7363636363636363,08:30,29
24.181818181818183,258.45454545454544,2.7363636363636363,08:35,29
24.363636363636363,271.54545454545456,2.709090909090909,08:40,29
24.454545454545453,275.1818181818182,2.6818181818181817,08:45,29
24.545454545454547,269.0,2.6818181818181817,08:50,29
24.636363636363637,263.0,2.690909090909091,08:55,29
24.90909090909091,262.6363636363636,2.709090909090909,09:00,29
25.0,267.90909090909093,2.709090909090909,09:05,29
25.272727272727273,282.90909090909093,2.6818181818181817,09:10,29
25.363636363636363,296.0,2.6727272727272724,09:15,29
25.363636363636363,305.90909090909093,2.6636363636363636,09:20,29
25.363636363636363,311.0,2.6545454545454543,09:25,29
25.545454545454547,323.72727272727275,2.6818181818181817,09:30,29
25.636363636363637,334.3636363636364,2.672727272727273,09:35,29
25.636363636363637,339.90909090909093,2.6636363636363636,09:40,29
25.90909090909091,349.6363636363636,2.6818181818181817,09:45,29
26.0,356.72727272727275,2.6999999999999997,09:50,29
26.0,370.8181818181818,2.6636363636363636,09:55,29
26.181818181818183,399.09090909090907,2.6818181818181817,10:00,29
26.181818181818183,431.54545454545456,2.6999999999999997,10:05,29
26.181818181818183,458.72727272727275,2.6999999999999997,10:10,29
26.181818181818183,477.3636363636364,2.7181818181818183,10:15,29
26.181818181818183,485.54545454545456,2.7181818181818183,10:20,29
26.181818181818183,499.3636363636364,2.7181818181818183,10:25,29
26.181818181818183,511.0,2.727272727272727,10:30,29
26.181818181818183,514.2727272727273,2.7454545454545456,10:35,29
26.181818181818183,520.2727272727273,2.7545454545454544,10:40,29
26.181818181818183,518.9090909090909,2.7454545454545456,10:45,29
26.09090909090909,527.9090909090909,2.772727272727273,10:50,29
26.09090909090909,532.1818181818181,2.7818181818181817,10:55,29
26.181818181818183,533.8181818181819,2.772727272727273,11:00,29
26.272727272727273,539.2727272727273,2.790909090909091,11:05,29
26.454545454545453,542.1818181818181,2.7818181818181817,11:10,29
26.454545454545453,541.0909090909091,2.809090909090909,11:15,29
26.636363636363637,546.5454545454545,2.8272727272727276,11:20,29
26.818181818181817,543.8181818181819,2.8363636363636364,11:25,29
26.818181818181817,562.3636363636364,2.8454545454545457,11:30,29
27.09090909090909,565.8181818181819,2.881818181818182,11:35,29
27.09090909090909,570.3636363636364,2.9181818181818184,11:40,29
27.454545454545453,573.7272727272727,2.9272727272727277,11:45,29
27.454545454545453,577.5454545454545,2.972727272727273,11:50,29
27.545454545454547,579.2727272727273,3.027272727272727,11:55,29
27.636363636363637,582.5454545454545,3.063636363636364,12:00,29
27.727272727272727,582.4545454545455,3.090909090909091,12:05,29
27.727272727272727,582.4545454545455,3.0818181818181816,12:10,29
27.727272727272727,582.2727272727273,3.090909090909091,12:15,29
27.727272727272727,592.5454545454545,3.0818181818181816,12:20,29
27.727272727272727,616.3636363636364,3.0545454545454547,12:25,29
27.727272727272727,642.1818181818181,3.063636363636364,12:30,29
27.727272727272727,650.9090909090909,3.0727272727272723,12:35,29
27.727272727272727,644.0909090909091,3.090909090909091,12:40,29
27.727272727272727,627.0,3.0818181818181816,12:45,29
27.727272727272727,615.5454545454545,3.0818181818181816,12:50,29
27.727272727272727,604.5454545454545,3.090909090909091,12:55,29
27.727272727272727,587.9090909090909,3.0818181818181816,13:00,29
27.727272727272727,574.0909090909091,3.0818181818181816,13:05,29
27.727272727272727,568.9090909090909,3.090909090909091,13:10,29
27.818181818181817,556.1818181818181,3.0818181818181816,13:15,29
27.818181818181817,554.9090909090909,3.090909090909091,13:20,29
27.818181818181817,542.0,3.1090909090909093,13:25,29
27.818181818181817,543.0,3.1181818181818177,13:30,29
27.818181818181817,525.0,3.127272727272727,13:35,29
27.818181818181817,513.9090909090909,3.1545454545454548,13:40,29
27.90909090909091,506.54545454545456,3.1636363636363636,13:45,29
27.90909090909091,508.45454545454544,3.2,13:50,29
27.90909090909091,506.09090909090907,3.227272727272727,13:55,29
27.90909090909091,512.3636363636364,3.2454545454545456,14:00,29
27.90909090909091,493.27272727272725,3.2636363636363637,14:05,29
28.0,481.0,3.272727272727273,14:10,29
28.0,468.3636363636364,3.309090909090909,14:15,29
28.0,458.8181818181818,3.3454545454545457,14:20,29
28.09090909090909,446.54545454545456,3.3454545454545452,14:25,29
28.181818181818183,442.1818181818182,3.372727272727273,14:30,29
28.181818181818183,433.45454545454544,3.3909090909090907,14:35,29
28.181818181818183,419.1818181818182,3.409090909090909,14:40,29
28.181818181818183,398.45454545454544,3.4454545454545458,14:45,29
28.181818181818183,397.1818181818182,3.463636363636364,14:50,29
28.181818181818183,387.6363636363636,3.4909090909090907,14:55,29
28.181818181818183,373.1818181818182,3.5181818181818185,15:00,29
28.181818181818183,355.54545454545456,3.5181818181818185,15:05,29
28.272727272727273,347.6363636363636,3.5454545454545454,15:10,29
28.272727272727273,330.0,3.5545454545454547,15:15,29
28.272727272727273,318.90909090909093,3.5545454545454547,15:20,29
28.272727272727273,307.8181818181818,3.5818181818181816,15:25,29
28.272727272727273,302.0,3.6,15:30,29
28.272727272727273,286.8181818181818,3.6,15:35,29
28.363636363636363,276.8181818181818,3.6181818181818177,15:40,29
28.363636363636363,264.8181818181818,3.6181818181818177,15:45,29
28.454545454545453,248.54545454545453,3.6363636363636362,15:50,29
28.454545454545453,236.36363636363637,3.6545454545454548,15:55,29
28.545454545454547,228.0909090909091,3.6545454545454548,16:00,29
28.363636363636363,212.45454545454547,3.6636363636363636,16:05,29
28.181818181818183,198.8181818181818,3.627272727272727,16:10,29
27.90909090909091,188.27272727272728,3.5818181818181816,16:15,29
27.636363636363637,176.1818181818182,3.5818181818181816,16:20,29
27.454545454545453,158.0909090909091,3.5454545454545454,16:25,29
27.454545454545453,145.27272727272728,3.5181818181818185,16:30,29
27.09090909090909,135.1818181818182,3.5090909090909093,16:35,29
26.818181818181817,125.63636363636364,3.4818181818181815,16:40,29
26.727272727272727,114.27272727272727,3.472727272727273,16:45,29
26.636363636363637,104.72727272727273,3.463636363636364,16:50,29
26.454545454545453,94.63636363636364,3.4454545454545453,16:55,29
26.363636363636363,85.45454545454545,3.463636363636364,17:00,29
26.181818181818183,79.54545454545455,3.5,17:05,29
26.181818181818183,67.27272727272727,3.563636363636364,17:10,29
26.181818181818183,57.27272727272727,3.6363636363636362,17:15,29
26.181818181818183,51.09090909090909,3.6999999999999997,17:20,29
26.181818181818183,44.18181818181818,3.7818181818181817,17:25,29
26.181818181818183,35.90909090909091,3.8454545454545452,17:30,29
26.181818181818183,30.0,3.9181818181818184,17:35,29
26.181818181818183,25.363636363636363,3.9818181818181815,17:40,29
26.272727272727273,21.454545454545453,4.0636363636363635,17:45,29
26.272727272727273,17.818181818181817,4.154545454545455,17:50,29
26.181818181818183,14.545454545454545,4.209090909090909,17:55,29
26.181818181818183,11.272727272727273,4.318181818181818,18:00,29
26.181818181818183,8.636363636363637,4.3545454545454545,18:05,29
26.181818181818183,7.0,4.409090909090909,18:10,29
26.181818181818183,6.181818181818182,4.4363636363636365,18:15,29
26.181818181818183,4.363636363636363,4.5,18:20,29
26.181818181818183,2.727272727272727,4.572727272727272,18:25,29
26.181818181818183,0.9090909090909091,4.618181818181818,18:30,29
26.181818181818183,0.2727272727272727,4.654545454545455,18:35,29
26.181818181818183,0.0,4.690909090909091,18:40,29
26.09090909090909,0.0,4.745454545454546,18:45,29
26.09090909090909,0.0,4.8,18:50,29
26.0,0.0,4.8545454545454545,18:55,29
26.0,0.0,4.909090909090909,19:00,29
26.0,0.0,4.927272727272728,19:05,29
26.0,0.0,4.927272727272728,19:10,29
26.0,0.0,4.927272727272728,19:15,29
26.0,0.0,4.927272727272728,19:20,29
25.90909090909091,0.0,4.909090909090909,19:25,29
25.90909090909091,0.0,4.918181818181818,19:30,29
25.90909090909091,0.0,4.927272727272728,19:35,29
25.90909090909091,0.0,4.909090909090909,19:40,29
25.818181818181817,0.0,4.8999999999999995,19:45,29
25.727272727272727,0.0,4.890909090909091,19:50,29
25.636363636363637,0.0,4.872727272727273,19:55,29
25.636363636363637,0.0,4.8909090909090915,20:00,29
25.636363636363637,0.0,4.872727272727273,20:05,29
25.545454545454547,0.0,4.845454545454545,20:10,29
25.545454545454547,0.0,4.827272727272727,20:15,29
25.454545454545453,0.0,4.781818181818182,20:20,29
25.454545454545453,0.0,4.763636363636364,20:25,29
25.363636363636363,0.0,4.745454545454546,20:30,29
25.363636363636363,0.0,4.7272727272727275,20:35,29
25.272727272727273,0.0,4.709090909090909,20:40,29
25.09090909090909,0.0,4.690909090909091,20:45,29
25.0,0.0,4.672727272727273,20:50,29
24.90909090909091,0.0,4.663636363636363,20:55,29
24.818181818181817,0.0,4.6454545454545455,21:00,29
24.818181818181817,0.0,4.618181818181818,21:05,29
24.818181818181817,0.0,4.590909090909091,21:10,29
24.727272727272727,0.0,4.554545454545455,21:15,29
24.727272727272727,0.0,4.5181818181818185,21:20,29
24.727272727272727,0.0,4.490909090909091,21:25,29
24.727272727272727,0.0,4.463636363636364,21:30,29
24.727272727272727,0.0,4.409090909090909,21:35,29
24.727272727272727,0.0,4.418181818181818,21:40,29
24.636363636363637,0.0,4.363636363636363,21:45,29
24.363636363636363,0.0,4.327272727272727,21:50,29
24.363636363636363,0.0,4.336363636363637,21:55,29
24.363636363636363,0.0,4.3,22:00,29
24.363636363636363,0.0,4.281818181818182,22:05,29
24.363636363636363,0.0,4.245454545454546,22:10,29
24.363636363636363,0.0,4.2272727272727275,22:15,29
24.272727272727273,0.0,4.2,22:20,29
24.272727272727273,0.0,4.172727272727273,22:25,29
24.272727272727273,0.0,4.172727272727273,22:30,29
24.272727272727273,0.0,4.109090909090909,22:35,29
24.272727272727273,0.0,4.090909090909091,22:40,29
24.272727272727273,0.0,4.081818181818182,22:45,29
24.181818181818183,0.0,4.054545454545455,22:50,29
24.181818181818183,0.0,4.036363636363636,22:55,29
24.181818181818183,0.0,4.027272727272727,23:00,29
24.181818181818183,0.0,4.0,23:05,29
24.181818181818183,0.0,3.972727272727273,23:10,29
24.09090909090909,0.0,3.9454545454545453,23:15,29
24.09090909090909,0.0,3.9,23:20,29
23.90909090909091,0.0,3.872727272727273,23:25,29
23.90909090909091,0.0,3.8454545454545452,23:30,29
23.90909090909091,0.0,3.8363636363636364,23:35,29
23.90909090909091,0.0,3.790909090909091,23:40,29
23.818181818181817,0.0,3.7818181818181817,23:45,29
23.818181818181817,0.0,3.7545454545454544,23:50,29
23.818181818181817,0.0,3.7363636363636363,23:55,29
23.818181818181817,0.0,3.690909090909091,00:00,30
23.818181818181817,0.0,3.6727272727272724,00:05,30
23.818181818181817,0.0,3.6727272727272724,00:10,30
23.818181818181817,0.0,3.6818181818181817,00:15,30
23.727272727272727,0.0,3.6727272727272724,00:20,30
23.727272727272727,0.0,3.6636363636363636,00:25,30
23.727272727272727,0.0,3.6545454545454548,00:30,30
23.545454545454547,0.0,3.6636363636363636,00:35,30
23.545454545454547,0.0,3.6818181818181817,00:40,30
23.545454545454547,0.0,3.690909090909091,00:45,30
23.545454545454547,0.0,3.6818181818181817,00:50,30
23.545454545454547,0.0,3.6818181818181817,00:55,30
23.545454545454547,0.0,3.6818181818181817,01:00,30
23.545454545454547,0.0,3.6727272727272724,01:05,30
23.545454545454547,0.0,3.690909090909091,01:10,30
23.545454545454547,0.0,3.7,01:15,30
23.454545454545453,0.0,3.6818181818181817,01:20,30
23.454545454545453,0.0,3.7,01:25,30
23.454545454545453,0.0,3.690909090909091,01:30,30
23.454545454545453,0.0,3.7181818181818183,01:35,30
23.454545454545453,0.0,3.727272727272727,01:40,30
23.454545454545453,0.0,3.727272727272727,01:45,30
23.363636363636363,0.0,3.7454545454545456,01:50,30
23.363636363636363,0.0,3.7636363636363637,01:55,30
23.363636363636363,0.0,3.772727272727273,02:00,30
23.363636363636363,0.0,3.7636363636363637,02:05,30
23.363636363636363,0.0,3.7636363636363637,02:10,30
23.272727272727273,0.0,3.7454545454545456,02:15,30
23.272727272727273,0.0,3.7181818181818183,02:20,30
23.272727272727273,0.0,3.7181818181818183,02:25,30
23.272727272727273,0.0,3.7,02:30,30
23.181818181818183,0.0,3.690909090909091,02:35,30
23.181818181818183,0.0,3.7,02:40,30
23.181818181818183,0.0,3.6818181818181817,02:45,30
23.181818181818183,0.0,3.6818181818181817,02:50,30
23.09090909090909,0.0,3.6818181818181817,02:55,30
23.09090909090909,0.0,3.690909090909091,03:00,30
23.09090909090909,0.0,3.6727272727272724,03:05,30
23.09090909090909,0.0,3.6545454545454548,03:10,30
23.0,0.0,3.6454545454545455,03:15,30
23.0,0.0,3.6454545454545455,03:20,30
23.0,0.0,3.6454545454545455,03:25,30
23.09090909090909,0.0,3.627272727272727,03:30,30
23.09090909090909,0.0,3.627272727272727,03:35,30
23.0,0.0,3.609090909090909,03:40,30
23.0,0.0,3.6,03:45,30
23.0,0.0,3.590909090909091,03:50,30
22.90909090909091,0.0,3.590909090909091,03:55,30
22.90909090909091,0.0,3.590909090909091,04:00,30
22.90909090909091,0.0,3.5727272727272723,04:05,30
23.0,0.0,3.5545454545454547,04:10,30
23.0,0.0,3.527272727272727,04:15,30
23.0,0.0,3.5,04:20,30
23.0,0.0,3.4818181818181815,04:25,30
23.0,0.0,3.463636363636364,04:30,30
23.09090909090909,0.0,3.463636363636364,04:35,30
23.09090909090909,0.0,3.4545454545454546,04:40,30
23.09090909090909,0.0,3.4272727272727277,04:45,30
23.09090909090909,0.0,3.4454545454545453,04:50,30
23.0,0.0,3.427272727272727,04:55,30
23.0,0.0,3.409090909090909,05:00,30
23.0,0.0,3.409090909090909,05:05,30
23.0,0.0,3.409090909090909,05:10,30
23.0,0.0,3.409090909090909,05:15,30
23.0,0.0,3.4181818181818184,05:20,30
23.0,0.2727272727272727,3.4181818181818184,05:25,30
23.0,1.0,3.4181818181818184,05:30,30
23.09090909090909,2.8181818181818183,3.436363636363636,05:35,30
23.09090909090909,4.636363636363637,3.463636363636364,05:40,30
23.09090909090909,7.2727272727272725,3.463636363636364,05:45,30
23.09090909090909,8.090909090909092,3.472727272727273,05:50,30
23.09090909090909,10.0,3.5,05:55,30
23.09090909090909,13.181818181818182,3.5181818181818185,06:00,30
23.09090909090909,17.181818181818183,3.5,06:05,30
23.09090909090909,22.181818181818183,3.4818181818181824,06:10,30
23.181818181818183,25.818181818181817,3.436363636363636,06:15,30
23.09090909090909,29.818181818181817,3.4272727272727277,06:20,30
23.09090909090909,34.36363636363637,3.3909090909090907,06:25,30
23.09090909090909,42.18181818181818,3.3545454545454545,06:30,30
23.0,49.27272727272727,3.3363636363636364,06:35,30
23.0,59.18181818181818,3.309090909090909,06:40,30
23.0,67.9090909090909,3.2818181818181817,06:45,30
23.0,75.54545454545455,3.2636363636363637,06:50,30
23.0,86.54545454545455,3.2363636363636363,06:55,30
23.0,99.81818181818181,3.209090909090909,07:00,30
23.0,112.18181818181819,3.1818181818181817,07:05,30
23.0,125.81818181818181,3.1454545454545455,07:10,30
23.0,135.0909090909091,3.127272727272727,07:15,30
23.0,147.45454545454547,3.090909090909091,07:20,30
23.0,154.72727272727272,3.0727272727272723,07:25,30
23.0,172.0909090909091,3.027272727272727,07:30,30
23.0,185.9090909090909,3.0090909090909093,07:35,30
23.0,198.45454545454547,2.972727272727273,07:40,30
23.0,209.8181818181818,2.9545454545454546,07:45,30
23.0,226.8181818181818,2.9454545454545453,07:50,30
23.09090909090909,238.0909090909091,2.909090909090909,07:55,30
23.09090909090909,255.27272727272728,2.872727272727273,08:00,30
23.181818181818183,265.54545454545456,2.8454545454545457,08:05,30
23.272727272727273,269.54545454545456,2.8545454545454545,08:10,30
23.636363636363637,279.3636363636364,2.8181818181818183,08:15,30
23.727272727272727,295.27272727272725,2.809090909090909,08:20,30
23.90909090909091,303.3636363636364,2.790909090909091,08:25,30
24.0,313.45454545454544,2.7545454545454544,08:30,30
24.363636363636363,323.27272727272725,2.7636363636363637,08:35,30
24.454545454545453,335.54545454545456,2.727272727272727,08:40,30
24.818181818181817,346.54545454545456,2.709090909090909,08:45,30
24.818181818181817,361.6363636363636,2.6999999999999997,08:50,30
24.90909090909091,373.72727272727275,2.690909090909091,08:55,30
25.272727272727273,377.27272727272725,2.6545454545454543,09:00,30
25.363636363636363,382.72727272727275,2.6454545454545455,09:05,30
25.454545454545453,385.09090909090907,2.6272727272727274,09:10,30
25.727272727272727,388.1818181818182,2.618181818181818,09:15,30
25.727272727272727,392.09090909090907,2.590909090909091,09:20,30
25.818181818181817,398.54545454545456,2.5818181818181816,09:25,30
25.818181818181817,411.09090909090907,2.5727272727272728,09:30,30
25.90909090909091,420.0,2.5636363636363635,09:35,30
26.0,431.8181818181818,2.5545454545454547,09:40,30
26.09090909090909,445.6363636363636,2.518181818181818,09:45,30
26.272727272727273,456.90909090909093,2.509090909090909,09:50,30
26.272727272727273,470.3636363636364,2.5,09:55,30
26.545454545454547,476.72727272727275,2.4909090909090907,10:00,30
26.636363636363637,485.27272727272725,2.481818181818182,10:05,30
26.545454545454547,500.45454545454544,2.4727272727272727,10:10,30
26.636363636363637,506.45454545454544,2.481818181818182,10:15,30
26.636363636363637,516.7272727272727,2.4727272727272727,10:20,30
26.636363636363637,529.0,2.4454545454545453,10:25,30
26.636363636363637,530.9090909090909,2.4363636363636365,10:30,30
26.636363636363637,533.2727272727273,2.4272727272727272,10:35,30
26.636363636363637,541.8181818181819,2.4272727272727272,10:40,30
26.636363636363637,543.6363636363636,2.4181818181818184,10:45,30
26.636363636363637,554.5454545454545,2.409090909090909,10:50,30
26.636363636363637,556.9090909090909,2.409090909090909,10:55,30
26.636363636363637,557.0909090909091,2.4,11:00,30
26.818181818181817,569.7272727272727,2.390909090909091,11:05,30
26.90909090909091,561.8181818181819,2.381818181818182,11:10,30
27.09090909090909,568.0,2.3727272727272726,11:15,30
27.181818181818183,554.0909090909091,2.3454545454545457,11:20,30
27.363636363636363,542.4545454545455,2.3272727272727276,11:25,30
27.454545454545453,537.5454545454545,2.3272727272727276,11:30,30
27.454545454545453,538.0,2.3000000000000003,11:35,30
27.545454545454547,547.8181818181819,2.2818181818181817,11:40,30
27.90909090909091,551.4545454545455,2.2636363636363637,11:45,30
28.0,547.1818181818181,2.2545454545454544,11:50,30
28.181818181818183,550.2727272727273,2.2454545454545456,11:55,30
28.272727272727273,546.9090909090909,2.227272727272727,12:00,30
28.454545454545453,550.4545454545455,2.2181818181818183,12:05,30
28.454545454545453,545.8181818181819,2.1818181818181817,12:10,30
28.454545454545453,536.6363636363636,2.1727272727272724,12:15,30
28.454545454545453,543.7272727272727,2.1545454545454543,12:20,30
28.454545454545453,548.2727272727273,2.1454545454545455,12:25,30
28.454545454545453,547.9090909090909,2.118181818181818,12:30,30
28.545454545454547,535.2727272727273,2.0999999999999996,12:35,30
28.545454545454547,534.4545454545455,2.0999999999999996,12:40,30
28.545454545454547,529.6363636363636,2.090909090909091,12:45,30
28.545454545454547,528.4545454545455,2.090909090909091,12:50,30
28.545454545454547,515.5454545454545,2.0818181818181816,12:55,30
28.545454545454547,509.54545454545456,2.0727272727272728,13:00,30
28.545454545454547,503.45454545454544,2.0727272727272728,13:05,30
28.636363636363637,501.72727272727275,2.0545454545454547,13:10,30
28.636363636363637,496.3636363636364,2.0636363636363635,13:15,30
28.727272727272727,498.0,2.0545454545454542,13:20,30
28.727272727272727,489.8181818181818,2.0545454545454542,13:25,30
28.818181818181817,491.45454545454544,2.0636363636363635,13:30,30
28.818181818181817,483.27272727272725,2.0636363636363635,13:35,30
28.818181818181817,471.0,2.0727272727272728,13:40,30
28.818181818181817,461.45454545454544,2.0636363636363635,13:45,30
28.818181818181817,459.72727272727275,2.0727272727272728,13:50,30
28.818181818181817,460.0,2.0999999999999996,13:55,30
28.818181818181817,445.6363636363636,2.109090909090909,14:00,30
28.818181818181817,435.09090909090907,2.109090909090909,14:05,30
28.818181818181817,430.72727272727275,2.118181818181818,14:10,30
28.818181818181817,424.45454545454544,2.118181818181818,14:15,30
28.818181818181817,414.8181818181818,2.1454545454545455,14:20,30
28.818181818181817,404.72727272727275,2.1454545454545455,14:25,30
28.818181818181817,402.0,2.1545454545454543,14:30,30
28.90909090909091,407.1818181818182,2.1636363636363636,14:35,30
28.90909090909091,409.72727272727275,2.190909090909091,14:40,30
28.90909090909091,409.72727272727275,2.1999999999999997,14:45,30
29.09090909090909,403.27272727272725,2.1999999999999997,14:50,30
29.09090909090909,388.27272727272725,2.2363636363636363,14:55,30
29.09090909090909,382.54545454545456,2.227272727272727,15:00,30
29.09090909090909,370.8181818181818,2.2545454545454544,15:05,30
29.09090909090909,360.54545454545456,2.2454545454545456,15:10,30
29.09090909090909,348.3636363636364,2.2545454545454544,15:15,30
29.09090909090909,331.6363636363636,2.2363636363636363,15:20,30
29.09090909090909,314.3636363636364,2.272727272727273,15:25,30
29.09090909090909,304.6363636363636,2.2454545454545456,15:30,30
29.09090909090909,298.8181818181818,2.2545454545454544,15:35,30
29.09090909090909,281.45454545454544,2.2545454545454544,15:40,30
29.09090909090909,269.1818181818182,2.2545454545454544,15:45,30
29.09090909090909,260.3636363636364,2.272727272727273,15:50,30
29.09090909090909,253.27272727272728,2.272727272727273,15:55,30
29.181818181818183,237.9090909090909,2.2636363636363637,16:00,30
29.09090909090909,225.45454545454547,2.3000000000000003,16:05,30
29.0,211.45454545454547,2.290909090909091,16:10,30
28.727272727272727,196.8181818181818,2.3000000000000003,16:15,30
28.545454545454547,180.72727272727272,2.3272727272727276,16:20,30
28.363636363636363,167.45454545454547,2.3272727272727276,16:25,30
28.181818181818183,153.27272727272728,2.372727272727273,16:30,30
27.727272727272727,146.45454545454547,2.381818181818182,16:35,30
27.727272727272727,137.54545454545453,2.390909090909091,16:40,30
27.454545454545453,126.72727272727273,2.4363636363636365,16:45,30
27.363636363636363,116.0,2.4454545454545453,16:50,30
27.0,107.0,2.4909090909090907,16:55,30
26.90909090909091,97.27272727272727,2.4909090909090907,17:00,30
26.90909090909091,86.18181818181819,2.536363636363636,17:05,30
26.90909090909091,76.45454545454545,2.5818181818181816,17:10,30
26.90909090909091,70.27272727272727,2.6545454545454543,17:15,30
26.90909090909091,61.27272727272727,2.6999999999999997,17:20,30
26.90909090909091,50.0,2.7545454545454544,17:25,30
26.90909090909091,42.0,2.8272727272727276,17:30,30
26.727272727272727,33.63636363636363,2.872727272727273,17:35,30
26.727272727272727,28.09090909090909,2.9181818181818184,17:40,30
26.636363636363637,24.363636363636363,2.9909090909090907,17:45,30
26.545454545454547,21.272727272727273,3.0454545454545454,17:50,30
26.545454545454547,15.909090909090908,3.1,17:55,30
26.545454545454547,13.454545454545455,3.1545454545454548,18:00,30
26.545454545454547,10.272727272727273,3.227272727272727,18:05,30
26.545454545454547,8.090909090909092,3.290909090909091,18:10,30
26.545454545454547,5.454545454545454,3.3363636363636364,18:15,30
26.545454545454547,4.363636363636363,3.4181818181818184,18:20,30
26.545454545454547,2.727272727272727,3.463636363636364,18:25,30
26.545454545454547,0.9090909090909091,3.527272727272727,18:30,30
26.545454545454547,0.2727272727272727,3.6,18:35,30
26.545454545454547,0.0,3.6363636363636362,18:40,30
26.545454545454547,0.0,3.7181818181818183,18:45,30
26.545454545454547,0.0,3.7818181818181817,18:50,30
26.545454545454547,0.0,3.8545454545454545,18:55,30
26.545454545454547,0.0,3.909090909090909,19:00,30
26.545454545454547,0.0,3.963636363636364,19:05,30
26.454545454545453,0.0,3.9909090909090907,19:10,30
26.454545454545453,0.0,4.0,19:15,30
26.363636363636363,0.0,4.027272727272727,19:20,30
26.363636363636363,0.0,4.036363636363636,19:25,30
26.363636363636363,0.0,4.072727272727272,19:30,30
26.363636363636363,0.0,4.1000000000000005,19:35,30
26.363636363636363,0.0,4.118181818181818,19:40,30
26.363636363636363,0.0,4.172727272727273,19:45,30
26.363636363636363,0.0,4.209090909090909,19:50,30
26.363636363636363,0.0,4.2272727272727275,19:55,30
26.363636363636363,0.0,4.2727272727272725,20:00,30
26.363636363636363,0.0,4.3,20:05,30
26.272727272727273,0.0,4.318181818181818,20:10,30
26.272727272727273,0.0,4.327272727272727,20:15,30
26.181818181818183,0.0,4.363636363636363,20:20,30
26.09090909090909,0.0,4.381818181818182,20:25,30
26.0,0.0,4.409090909090909,20:30,30
25.90909090909091,0.0,4.4363636363636365,20:35,30
25.727272727272727,0.0,4.472727272727273,20:40,30
25.727272727272727,0.0,4.5,20:45,30
25.727272727272727,0.0,4.5181818181818185,20:50,30
25.636363636363637,0.0,4.554545454545455,20:55,30
25.545454545454547,0.0,4.581818181818182,21:00,30
25.545454545454547,0.0,4.6000000000000005,21:05,30
25.545454545454547,0.0,4.6090909090909085,21:10,30
25.454545454545453,0.0,4.618181818181818,21:15,30
25.363636363636363,0.0,4.627272727272727,21:20,30
25.181818181818183,0.0,4.636363636363637,21:25,30
25.0,0.0,4.663636363636363,21:30,30
24.818181818181817,0.0,4.672727272727273,21:35,30
24.727272727272727,0.0,4.690909090909091,21:40,30
24.636363636363637,0.0,4.718181818181818,21:45,30
24.636363636363637,0.0,4.718181818181818,21:50,30
24.545454545454547,0.0,4.718181818181818,21:55,30
24.545454545454547,0.0,4.745454545454545,22:00,30
24.545454545454547,0.0,4.763636363636364,22:05,30
24.545454545454547,0.0,4.7272727272727275,22:10,30
24.545454545454547,0.0,4.7272727272727275,22:15,30
24.545454545454547,0.0,4.690909090909091,22:20,30
24.545454545454547,0.0,4.663636363636363,22:25,30
24.545454545454547,0.0,4.654545454545454,22:30,30
24.545454545454547,0.0,4.654545454545455,22:35,30
24.454545454545453,0.0,4.627272727272727,22:40,30
24.363636363636363,0.0,4.609090909090909,22:45,30
24.363636363636363,0.0,4.6000000000000005,22:50,30
24.363636363636363,0.0,4.590909090909091,22:55,30
24.363636363636363,0.0,4.590909090909091,23:00,30
24.363636363636363,0.0,4.5636363636363635,23:05,30
24.363636363636363,0.0,4.545454545454546,23:10,30
24.09090909090909,0.0,4.509090909090909,23:15,30
23.90909090909091,0.0,4.4818181818181815,23:20,30
23.818181818181817,0.0,4.445454545454545,23:25,30
23.818181818181817,0.0,4.418181818181818,23:30,30
23.818181818181817,0.0,4.409090909090909,23:35,30
23.818181818181817,0.0,4.372727272727273,23:40,30
23.818181818181817,0.0,4.372727272727273,23:45,30
23.727272727272727,0.0,4.3545454545454545,23:50,30
23.727272727272727,0.0,4.336363636363637,23:55,30
22.571428571428573,0.0,4.214285714285714,00:00,31
22.571428571428573,0.0,4.2,00:05,31
22.428571428571427,0.0,4.128571428571428,00:10,31
22.428571428571427,0.0,4.128571428571429,00:15,31
22.428571428571427,0.0,4.071428571428571,00:20,31
22.428571428571427,0.0,4.057142857142858,00:25,31
22.428571428571427,0.0,4.0,00:30,31
22.428571428571427,0.0,3.9857142857142853,00:35,31
22.428571428571427,0.0,3.9285714285714284,00:40,31
22.428571428571427,0.0,3.9,00:45,31
22.285714285714285,0.0,3.8714285714285714,00:50,31
22.285714285714285,0.0,3.857142857142857,00:55,31
22.285714285714285,0.0,3.8285714285714287,01:00,31
22.285714285714285,0.0,3.757142857142857,01:05,31
22.285714285714285,0.0,3.7285714285714286,01:10,31
22.285714285714285,0.0,3.6714285714285713,01:15,31
22.285714285714285,0.0,3.614285714285714,01:20,31
22.285714285714285,0.0,3.5714285714285716,01:25,31
22.285714285714285,0.0,3.5142857142857147,01:30,31
22.142857142857142,0.0,3.4714285714285715,01:35,31
22.142857142857142,0.0,3.414285714285714,01:40,31
22.142857142857142,0.0,3.357142857142857,01:45,31
22.0,0.0,3.3285714285714287,01:50,31
22.0,0.0,3.2714285714285714,01:55,31
22.0,0.0,3.2142857142857144,02:00,31
22.0,0.0,3.1999999999999997,02:05,31
22.0,0.0,3.1999999999999997,02:10,31
21.857142857142858,0.0,3.185714285714286,02:15,31
21.857142857142858,0.0,3.185714285714286,02:20,31
21.857142857142858,0.0,3.185714285714286,02:25,31
21.857142857142858,0.0,3.1714285714285713,02:30,31
21.857142857142858,0.0,3.1714285714285713,02:35,31
21.857142857142858,0.0,3.1714285714285713,02:40,31
21.857142857142858,0.0,3.185714285714286,02:45,31
21.714285714285715,0.0,3.185714285714286,02:50,31
21.714285714285715,0.0,3.185714285714286,02:55,31
21.714285714285715,0.0,3.185714285714286,03:00,31
21.714285714285715,0.0,3.142857142857143,03:05,31
21.714285714285715,0.0,3.1571428571428575,03:10,31
21.571428571428573,0.0,3.142857142857143,03:15,31
21.571428571428573,0.0,3.142857142857143,03:20,31
21.571428571428573,0.0,3.1285714285714286,03:25,31
21.571428571428573,0.0,3.1285714285714286,03:30,31
21.428571428571427,0.0,3.142857142857143,03:35,31
21.428571428571427,0.0,3.1285714285714286,03:40,31
21.428571428571427,0.0,3.142857142857143,03:45,31
21.428571428571427,0.0,3.142857142857143,03:50,31
21.285714285714285,0.0,3.1714285714285713,03:55,31
21.285714285714285,0.0,3.1714285714285713,04:00,31
21.285714285714285,0.0,3.1571428571428575,04:05,31
21.428571428571427,0.0,3.142857142857143,04:10,31
21.571428571428573,0.0,3.1285714285714286,04:15,31
21.571428571428573,0.0,3.1,04:20,31
21.571428571428573,0.0,3.0857142857142854,04:25,31
21.571428571428573,0.0,3.0714285714285716,04:30,31
21.571428571428573,0.0,3.0428571428571423,04:35,31
21.571428571428573,0.0,3.042857142857143,04:40,31
21.571428571428573,0.0,3.0285714285714285,04:45,31
21.571428571428573,0.0,3.0,04:50,31
21.571428571428573,0.0,2.9857142857142853,04:55,31
21.571428571428573,0.0,2.9714285714285715,05:00,31
21.714285714285715,0.0,2.957142857142857,05:05,31
21.714285714285715,0.0,3.0,05:10,31
21.714285714285715,0.0,3.0142857142857147,05:15,31
21.714285714285715,0.0,3.0285714285714285,05:20,31
21.714285714285715,0.5714285714285714,3.0285714285714285,05:25,31
21.714285714285715,1.4285714285714286,3.042857142857143,05:30,31
21.571428571428573,3.142857142857143,3.085714285714286,05:35,31
21.571428571428573,4.857142857142857,3.085714285714286,05:40,31
21.571428571428573,7.714285714285714,3.1142857142857143,05:45,31
21.571428571428573,10.142857142857142,3.1285714285714286,05:50,31
21.571428571428573,11.571428571428571,3.1571428571428575,05:55,31
21.571428571428573,17.142857142857142,3.185714285714286,06:00,31
21.571428571428573,19.571428571428573,3.185714285714286,06:05,31
21.571428571428573,24.285714285714285,3.185714285714286,06:10,31
21.571428571428573,29.0,3.157142857142857,06:15,31
21.571428571428573,35.42857142857143,3.142857142857143,06:20,31
21.571428571428573,41.714285714285715,3.1285714285714286,06:25,31
21.571428571428573,53.0,3.1571428571428575,06:30,31
21.714285714285715,63.285714285714285,3.1285714285714286,06:35,31
21.714285714285715,71.0,3.1142857142857143,06:40,31
21.714285714285715,81.14285714285714,3.085714285714286,06:45,31
21.857142857142858,92.28571428571429,3.085714285714286,06:50,31
22.0,103.85714285714286,3.085714285714286,06:55,31
22.0,116.42857142857143,3.0571428571428574,07:00,31
22.0,127.28571428571429,3.042857142857143,07:05,31
22.0,139.85714285714286,2.9714285714285715,07:10,31
22.0,151.57142857142858,2.9,07:15,31
22.0,163.42857142857142,2.8428571428571425,07:20,31
22.0,171.85714285714286,2.7857142857142856,07:25,31
22.0,186.71428571428572,2.7285714285714286,07:30,31
22.0,196.85714285714286,2.657142857142857,07:35,31
22.0,217.28571428571428,2.5714285714285716,07:40,31
22.0,227.42857142857142,2.5285714285714285,07:45,31
22.142857142857142,249.0,2.457142857142857,07:50,31
22.285714285714285,266.85714285714283,2.414285714285714,07:55,31
22.285714285714285,282.14285714285717,2.3285714285714287,08:00,31
22.285714285714285,299.42857142857144,2.2857142857142856,08:05,31
22.428571428571427,327.85714285714283,2.2714285714285714,08:10,31
22.714285714285715,346.0,2.2285714285714286,08:15,31
23.0,362.0,2.2285714285714286,08:20,31
23.142857142857142,376.57142857142856,2.157142857142857,08:25,31
23.285714285714285,385.2857142857143,2.157142857142857,08:30,31
23.714285714285715,399.7142857142857,2.1285714285714286,08:35,31
23.857142857142858,414.57142857142856,2.1,08:40,31
24.285714285714285,429.57142857142856,2.0571428571428574,08:45,31
24.428571428571427,441.42857142857144,2.0285714285714285,08:50,31
24.714285714285715,457.2857142857143,2.0142857142857142,08:55,31
24.857142857142858,467.0,1.9714285714285715,09:00,31
25.142857142857142,474.85714285714283,1.9714285714285715,09:05,31
25.142857142857142,484.42857142857144,2.0,09:10,31
25.285714285714285,493.42857142857144,1.9857142857142858,09:15,31
25.285714285714285,513.2857142857143,2.0,09:20,31
25.285714285714285,531.8571428571429,2.0142857142857142,09:25,31
25.714285714285715,554.5714285714286,2.0142857142857142,09:30,31
26.0,567.5714285714286,2.0142857142857142,09:35,31
26.0,573.4285714285714,2.0428571428571427,09:40,31
26.142857142857142,580.2857142857143,2.0571428571428574,09:45,31
26.142857142857142,585.5714285714286,2.0428571428571427,09:50,31
26.142857142857142,587.4285714285714,2.0714285714285716,09:55,31
26.428571428571427,599.1428571428571,2.1,10:00,31
26.428571428571427,603.4285714285714,2.0714285714285716,10:05,31
26.428571428571427,612.0,2.1142857142857143,10:10,31
26.428571428571427,622.8571428571429,2.085714285714286,10:15,31
26.428571428571427,627.5714285714286,2.0714285714285716,10:20,31
26.428571428571427,636.7142857142857,2.0571428571428574,10:25,31
26.428571428571427,642.8571428571429,2.0714285714285716,10:30,31
26.428571428571427,652.0,2.0714285714285716,10:35,31
26.428571428571427,657.5714285714286,2.042857142857143,10:40,31
26.428571428571427,670.0,2.042857142857143,10:45,31
26.428571428571427,672.7142857142857,2.0714285714285716,10:50,31
26.428571428571427,682.4285714285714,2.0714285714285716,10:55,31
26.428571428571427,682.7142857142857,2.042857142857143,11:00,31
26.571428571428573,689.7142857142857,2.0571428571428574,11:05,31
26.714285714285715,682.4285714285714,2.0571428571428574,11:10,31
27.0,683.0,2.0571428571428574,11:15,31
27.0,674.0,2.042857142857143,11:20,31
27.285714285714285,668.7142857142857,2.0571428571428574,11:25,31
27.428571428571427,671.4285714285714,2.042857142857143,11:30,31
27.428571428571427,671.1428571428571,2.0571428571428574,11:35,31
27.857142857142858,662.2857142857143,2.042857142857143,11:40,31
28.0,667.4285714285714,2.0571428571428574,11:45,31
28.0,668.4285714285714,2.0571428571428574,11:50,31
28.142857142857142,675.4285714285714,2.0714285714285716,11:55,31
28.142857142857142,673.4285714285714,2.085714285714286,12:00,31
28.571428571428573,674.2857142857143,2.085714285714286,12:05,31
28.714285714285715,674.5714285714286,2.142857142857143,12:10,31
28.714285714285715,673.8571428571429,2.1714285714285717,12:15,31
28.714285714285715,671.4285714285714,2.2142857142857144,12:20,31
28.714285714285715,669.4285714285714,2.2285714285714286,12:25,31
28.714285714285715,660.4285714285714,2.2714285714285714,12:30,31
28.714285714285715,655.2857142857143,2.357142857142857,12:35,31
28.714285714285715,654.0,2.3714285714285714,12:40,31
28.714285714285715,653.2857142857143,2.4142857142857146,12:45,31
28.714285714285715,654.0,2.457142857142857,12:50,31
28.714285714285715,652.4285714285714,2.5142857142857147,12:55,31
28.714285714285715,650.0,2.542857142857143,13:00,31
28.714285714285715,635.4285714285714,2.585714285714286,13:05,31
28.714285714285715,633.0,2.585714285714286,13:10,31
28.714285714285715,610.8571428571429,2.6285714285714286,13:15,31
28.714285714285715,603.8571428571429,2.657142857142857,13:20,31
28.714285714285715,595.0,2.7,13:25,31
28.714285714285715,583.2857142857143,2.7142857142857144,13:30,31
28.857142857142858,576.1428571428571,2.7142857142857144,13:35,31
28.857142857142858,559.0,2.7857142857142856,13:40,31
28.857142857142858,549.1428571428571,2.8000000000000003,13:45,31
28.857142857142858,542.2857142857143,2.8428571428571425,13:50,31
29.0,528.0,2.885714285714286,13:55,31
29.0,525.7142857142857,2.9285714285714284,14:00,31
28.857142857142858,515.7142857142857,2.9285714285714284,14:05,31
28.857142857142858,504.14285714285717,2.942857142857143,14:10,31
28.857142857142858,482.85714285714283,2.942857142857143,14:15,31
28.857142857142858,466.14285714285717,2.9714285714285715,14:20,31
28.857142857142858,456.57142857142856,2.942857142857143,14:25,31
28.857142857142858,439.2857142857143,2.957142857142857,14:30,31
28.857142857142858,425.0,2.9714285714285715,14:35,31
28.857142857142858,413.14285714285717,2.985714285714286,14:40,31
28.857142857142858,402.7142857142857,2.985714285714286,14:45,31
28.857142857142858,391.85714285714283,2.9857142857142853,14:50,31
28.857142857142858,383.85714285714283,2.9857142857142853,14:55,31
28.857142857142858,373.2857142857143,2.9857142857142853,15:00,31
28.714285714285715,364.42857142857144,3.0,15:05,31
28.714285714285715,350.14285714285717,3.0,15:10,31
28.857142857142858,337.42857142857144,2.9714285714285715,15:15,31
28.857142857142858,327.42857142857144,2.9714285714285715,15:20,31
28.857142857142858,315.7142857142857,2.957142857142857,15:25,31
28.857142857142858,305.7142857142857,2.9428571428571426,15:30,31
28.857142857142858,294.2857142857143,2.9285714285714284,15:35,31
28.857142857142858,283.2857142857143,2.9285714285714284,15:40,31
28.857142857142858,272.57142857142856,2.914285714285714,15:45,31
29.0,260.57142857142856,2.914285714285714,15:50,31
29.142857142857142,249.28571428571428,2.9,15:55,31
29.142857142857142,234.57142857142858,2.914285714285714,16:00,31
29.142857142857142,219.85714285714286,2.9,16:05,31
28.714285714285715,209.28571428571428,2.914285714285714,16:10,31
28.571428571428573,197.0,2.9,16:15,31
28.285714285714285,184.57142857142858,2.9,16:20,31
28.142857142857142,172.28571428571428,2.9,16:25,31
28.0,159.85714285714286,2.8857142857142857,16:30,31
27.571428571428573,147.57142857142858,2.8857142857142857,16:35,31
27.428571428571427,137.14285714285714,2.9,16:40,31
27.428571428571427,127.57142857142857,2.9,16:45,31
26.857142857142858,117.57142857142857,2.9,16:50,31
26.571428571428573,108.71428571428571,2.9,16:55,31
26.571428571428573,95.57142857142857,2.9142857142857146,17:00,31
26.428571428571427,84.42857142857143,2.9285714285714284,17:05,31
26.428571428571427,75.0,2.9714285714285715,17:10,31
26.428571428571427,64.71428571428571,2.985714285714286,17:15,31
26.428571428571427,55.142857142857146,3.0285714285714285,17:20,31
26.428571428571427,48.0,3.1,17:25,31
26.428571428571427,38.285714285714285,3.142857142857143,17:30,31
26.142857142857142,31.428571428571427,3.1999999999999997,17:35,31
26.142857142857142,24.714285714285715,3.2714285714285714,17:40,31
26.142857142857142,19.571428571428573,3.3000000000000003,17:45,31
26.142857142857142,16.0,3.3857142857142857,17:50,31
26.142857142857142,13.0,3.4285714285714284,17:55,31
26.142857142857142,9.285714285714286,3.4857142857142853,18:00,31
26.142857142857142,6.285714285714286,3.5285714285714285,18:05,31
26.142857142857142,5.428571428571429,3.5857142857142854,18:10,31
26.142857142857142,4.142857142857143,3.6,18:15,31
26.0,3.2857142857142856,3.6571428571428575,18:20,31
26.0,1.8571428571428572,3.7142857142857144,18:25,31
26.0,0.2857142857142857,3.757142857142857,18:30,31
26.142857142857142,0.0,3.857142857142857,18:35,31
26.142857142857142,0.0,3.8857142857142857,18:40,31
26.142857142857142,0.0,3.9714285714285715,18:45,31
26.142857142857142,0.0,4.042857142857143,18:50,31
26.142857142857142,0.0,4.114285714285715,18:55,31
25.857142857142858,0.0,4.171428571428572,19:00,31
25.857142857142858,0.0,4.228571428571429,19:05,31
25.857142857142858,0.0,4.285714285714286,19:10,31
26.0,0.0,4.328571428571428,19:15,31
26.142857142857142,0.0,4.357142857142857,19:20,31
26.142857142857142,0.0,4.428571428571429,19:25,31
26.142857142857142,0.0,4.457142857142857,19:30,31
26.142857142857142,0.0,4.5,19:35,31
26.142857142857142,0.0,4.5285714285714285,19:40,31
26.142857142857142,0.0,4.557142857142857,19:45,31
26.142857142857142,0.0,4.642857142857143,19:50,31
26.142857142857142,0.0,4.671428571428572,19:55,31
26.0,0.0,4.714285714285714,20:00,31
26.0,0.0,4.728571428571429,20:05,31
25.857142857142858,0.0,4.728571428571429,20:10,31
25.571428571428573,0.0,4.728571428571429,20:15,31
25.571428571428573,0.0,4.714285714285714,20:20,31
25.571428571428573,0.0,4.728571428571429,20:25,31
25.571428571428573,0.0,4.714285714285714,20:30,31
25.571428571428573,0.0,4.714285714285714,20:35,31
25.285714285714285,0.0,4.728571428571429,20:40,31
25.0,0.0,4.728571428571429,20:45,31
24.857142857142858,0.0,4.714285714285714,20:50,31
24.857142857142858,0.0,4.714285714285714,20:55,31
24.571428571428573,0.0,4.742857142857143,21:00,31
24.571428571428573,0.0,4.714285714285714,21:05,31
24.571428571428573,0.0,4.7,21:10,31
24.428571428571427,0.0,4.6571428571428575,21:15,31
24.428571428571427,0.0,4.642857142857143,21:20,31
24.428571428571427,0.0,4.628571428571428,21:25,31
24.428571428571427,0.0,4.628571428571428,21:30,31
24.285714285714285,0.0,4.614285714285714,21:35,31
24.142857142857142,0.0,4.6000000000000005,21:40,31
24.0,0.0,4.585714285714286,21:45,31
23.857142857142858,0.0,4.542857142857143,21:50,31
23.857142857142858,0.0,4.5285714285714285,21:55,31
23.857142857142858,0.0,4.514285714285714,22:00,31
23.857142857142858,0.0,4.5,22:05,31
23.857142857142858,0.0,4.4714285714285715,22:10,31
23.857142857142858,0.0,4.428571428571429,22:15,31
23.857142857142858,0.0,4.428571428571429,22:20,31
23.857142857142858,0.0,4.3999999999999995,22:25,31
23.857142857142858,0.0,4.357142857142857,22:30,31
23.714285714285715,0.0,4.328571428571428,22:35,31
23.714285714285715,0.0,4.314285714285714,22:40,31
23.714285714285715,0.0,4.285714285714286,22:45,31
23.714285714285715,0.0,4.271428571428571,22:50,31
23.714285714285715,0.0,4.228571428571429,22:55,31
23.714285714285715,0.0,4.214285714285714,23:00,31
23.714285714285715,0.0,4.185714285714286,23:05,31
23.571428571428573,0.0,4.1571428571428575,23:10,31
23.571428571428573,0.0,4.142857142857143,23:15,31
23.571428571428573,0.0,4.114285714285715,23:20,31
23.571428571428573,0.0,4.1,23:25,31
23.428571428571427,0.0,4.071428571428571,23:30,31
23.285714285714285,0.0,4.042857142857143,23:35,31
23.142857142857142,0.0,4.014285714285714,23:40,31
23.142857142857142,0.0,4.014285714285714,23:45,31
23.142857142857142,0.0,3.957142857142857,23:50,31
23.142857142857142,0.0,3.9285714285714284,23:55,31
