int(self),self.nb_electrical,self.nb_activeCS_Cparking,self.nb_activeCS_Cparking_fast,self.nb_solar,self.nb_wind,self.avg_statisfied_day,self.monthly_profit,self.monthly_energy_consumption,self.monthly_renew_charge,self.self_consumption,self.self_sufficiency,self.payback_period,self.payback_period_norm,self.metric
0,50,35,10,800,0,0.9991572270198226,88835214.7952967,31984333.3333338,22978042.359831426,0.6606436101753632,0.7184155480234413,98.89996911973647,0.522916847652276,2.0968065130908515
1,50,35,10,800,0,1.0,100570245.33676831,35005666.66666717,26779491.460923832,0.7699393899774681,0.7650044695884508,87.35983461688868,0.6338155841360298,2.2458191598067905
2,50,35,10,800,0,1.0,94219067.12977158,31335333.333333567,26019255.7978381,0.7480817910932827,0.8303487797961164,93.24864135938617,0.5745638644161813,2.2388428882530746
3,50,35,10,800,0,1.0,118937709.10326445,37995833.33333413,33837717.96157274,0.9728710481145246,0.8905639116983536,73.86891900172692,0.7936214854099001,2.5060726147685832
4,50,35,10,800,0,1.0,109195477.26006794,36314666.66666707,30154639.300504263,0.8669785466949228,0.8303708134593166,80.45937634463647,0.7110662991731863,2.37536294994064
5,50,35,10,800,0,1.0,92824788.89383629,32215333.333333567,24777890.138523653,0.7123911836048545,0.7691334397240488,94.64928608723602,0.561306542315209,2.176613294094448
6,50,35,10,800,0,1.0,107660100.45676267,36870166.666667216,29051242.617582947,0.8352546967408918,0.7879335854439455,81.60683449787845,0.6975968594742298,2.3279437278293864
7,50,35,10,800,0,1.0,107659577.58012429,37189166.66666744,28847661.906680312,0.8294015307615351,0.7757006809334182,81.60723084261852,0.6975922513420175,2.3181527960887522
8,50,35,10,800,0,1.0,104776307.92673412,35421833.33333361,28566972.633837495,0.821331410093965,0.8064792232804797,83.85292604644515,0.6719651718268161,2.3171485504511997
9,50,35,10,800,0,1.0,91191548.69325517,31106166.66666708,24687763.962869566,0.7097999584202627,0.7936614057084898,96.34445434799187,0.5456699867742765,2.1805991113410683
10,50,35,10,900,0,1.0,97857478.68052398,33720500.0000004,26274689.61144723,0.67148959106525,0.7791903919410125,101.00198915064749,0.5049143410162744,2.1282666545690843
11,50,35,10,900,0,1.0,103446373.27469783,35544666.66666726,27839615.39353941,0.7114836457621596,0.7832290468388772,95.5451572357588,0.5529878287129714,2.179571066184073
12,50,35,10,900,0,1.0,89550036.21394609,29586333.333333492,24855352.959465593,0.6352162876650135,0.8400957523000078,110.37181466221166,0.43191336951822284,2.1039899713582293
13,50,35,10,900,0,1.0,118516747.2019571,37576000.00000058,33899865.561390445,0.8663625412749907,0.9021680211142729,83.39580889068465,0.677104169806206,2.3988385866976243
14,50,35,10,900,0,1.0,91782322.35339479,30019000.000000104,25669029.617729243,0.6560110302327335,0.8550927618418053,107.68740370224924,0.45167604906969994,2.135750258543144
15,50,35,10,900,0,1.0,101450408.22188959,34472166.66666689,27549093.16181326,0.7040589089731791,0.7991691798256492,97.42494065063218,0.5359314537715439,2.175266797632063
16,50,35,10,900,0,1.0,101715560.20142643,34442833.333333835,27697195.315482896,0.7078438844029242,0.8041497355177659,97.17097345211684,0.5382047450544276,2.1815245334686404
17,50,35,10,900,0,1.0,119995580.77174473,40133500.00000096,32991490.0464009,0.843147625623684,0.8220436803767455,82.36803335950295,0.6888025966961036,2.3464375409975
18,50,35,10,900,0,1.0,102404274.1238744,34237500.000000186,28164193.48814389,0.719778731840731,0.8226124421509672,96.51745578552666,0.544098891341961,2.202188845062735
19,50,35,10,900,0,1.0,96399054.22189032,31260166.6666671,27131093.16181309,0.6933762842413117,0.8679126202722117,102.53005156305346,0.4922176940750466,2.186547790292816
20,50,35,10,700,0,1.0,75463407.46671715,28196666.666666836,18866224.56485265,0.6199135933699296,0.6690941446336164,101.87454102692983,0.49762474150684927,2.0329000572137423
21,50,35,10,700,0,1.0,97159381.73217261,34655500.00000054,25338034.194974873,0.8325667794710522,0.7311403441004884,79.12565789263685,0.7270493188601541,2.311961594140545
22,50,35,10,700,0,1.0,103747372.85724428,34067000.00000043,28928357.340447076,0.9505389850290901,0.8491606933527082,74.10115348731156,0.7905556512174302,2.469884205899597
23,50,35,10,700,0,1.0,105158330.79321101,35893000.00000033,28453102.06273464,0.9349228660773627,0.7927200864439969,73.10690405611042,0.8037649518945349,2.4379410210497325
24,50,35,10,700,0,1.0,97186556.4242745,33031166.66666706,26386620.835011907,0.8670216387223331,0.7988401106534211,79.10353327510019,0.7273174630971894,2.366389551619926
25,50,35,10,700,0,1.0,94104461.67542839,33366666.666666802,24668583.86632232,0.8105697255617701,0.7393181977918748,81.6943199411273,0.696580441161694,2.288034999395194
26,50,35,10,700,0,1.0,102832323.73217237,35772000.00000048,27395034.194975004,0.9001564690339351,0.7658233868661143,74.76053949751187,0.7819151942055057,2.3945739036983973
27,50,35,10,700,0,1.0,111655874.74888968,39354333.333334036,29417983.772028863,0.9666273168289895,0.7475157442728461,68.85262434502084,0.8628246983343429,2.4608372937526197
28,50,35,10,700,0,1.0,106794370.64755498,37046166.666667104,28516549.68971211,0.9370076523733805,0.7697570964979311,71.98694044812005,0.8189089767523814,2.434714653950726
29,50,35,10,700,0,1.0,81124839.85659745,28600000.000000127,21372168.467510972,0.7022548527003449,0.7472786177451356,94.76505609859508,0.5602245454278331,2.1580474396239415
30,50,35,8,800,0,0.9991572270198226,91496159.62342882,31940333.333333727,24304742.61758265,0.6987876798126246,0.7609420466572782,96.02370237351774,0.5485948766046388,2.156505740950284
31,50,35,8,800,0,1.0,100570245.33676831,35005666.66666717,26779491.460923832,0.7699393899774681,0.7650044695884508,87.35983461688868,0.6338155841360298,2.2458191598067905
32,50,35,8,800,0,1.0,93973033.79643835,31262000.000000272,25945922.464504708,0.7459733783172553,0.8299508177501274,93.49277814135004,0.5722307447563635,2.2361913989564655
33,50,35,8,800,0,1.0,118937709.10326445,37995833.33333413,33837717.96157274,0.9728710481145246,0.8905639116983536,73.86891900172692,0.7936214854099001,2.5060726147685832
34,50,35,8,800,0,1.0,109195477.26006794,36314666.66666707,30154639.300504263,0.8669785466949228,0.8303708134593166,80.45937634463647,0.7110662991731863,2.37536294994064
35,50,35,8,800,0,1.0,93561667.46245584,32178666.6666669,25160889.277267516,0.7234028237503233,0.7819121139450775,93.90384158689285,0.5683237578409761,2.193853448997038
36,50,35,8,800,0,1.0,107660100.45676267,36870166.666667216,29051242.617582947,0.8352546967408918,0.7879335854439455,81.60683449787845,0.6975968594742298,2.3279437278293864
37,50,35,8,800,0,1.0,109944945.76006892,36908666.66666737,30141805.967170868,0.8666095744591165,0.8166593022552143,79.91090394617238,0.7175961028216272,2.3709235446257986
38,50,35,8,800,0,1.0,104776307.92673412,35421833.33333361,28566972.633837495,0.821331410093965,0.8064792232804797,83.85292604644515,0.6719651718268161,2.3171485504511997
39,50,35,8,800,0,1.0,91191548.69325507,31106166.66666706,24687763.96286955,0.7097999584202622,0.79366140570849,96.34445434799197,0.5456699867742756,2.180599111341068
40,50,35,6,800,0,0.9991572270198226,92783138.09340113,31977000.00000038,24909472.6338372,0.7161743228896784,0.7789809123381464,94.69177461055133,0.5609091982513313,2.183251155141671
41,50,35,6,800,0,1.0,100570245.33676831,35005666.66666717,26779491.460923832,0.7699393899774681,0.7650044695884508,87.35983461688868,0.6338155841360298,2.2458191598067905
42,50,35,6,800,0,1.0,92969688.85684113,30543333.333333522,25914313.74174713,0.7450645932959472,0.8484441910426815,94.50176835085213,0.5626882847241066,2.241443637558252
43,50,35,6,800,0,1.0,118937709.10326445,37995833.33333413,33837717.96157274,0.9728710481145246,0.8905639116983536,73.86891900172692,0.7936214854099001,2.5060726147685832
44,50,35,6,800,0,1.0,109158572.26006824,36303666.66666716,30143639.300504256,0.8666622847785187,0.83031941586719,80.48657854435837,0.7107439961152145,2.3749995288089667
45,50,35,6,800,0,1.0,94016322.13426259,32182333.333333623,25380443.20852168,0.7297152371187269,0.7886452155485344,93.44973086112853,0.5726414416873103,2.203557614126138
46,50,35,6,800,0,1.0,107604742.95676278,36853666.66666725,29034742.617582925,0.8347803038662854,0.7878386397802787,81.64881731588977,0.6971089121725514,2.3273798239967745
47,50,35,6,800,0,1.0,110864643.91345742,36905000.0000007,30592995.240013845,0.8795817548309507,0.8289661357543223,79.24798826628916,0.7255684920432723,2.3887414006467305
48,50,35,6,800,0,1.0,104776307.92673412,35421833.33333361,28566972.633837495,0.821331410093965,0.8064792232804797,83.85292604644515,0.6719651718268161,2.3171485504511997
49,50,35,6,800,0,1.0,92491902.62862982,31122666.666667044,25311875.693164673,0.7277438467723762,0.8132939238228633,94.98993695995671,0.5581287457859577,2.2087638848442483
50,50,40,8,800,0,1.0,92441554.6234289,32222666.66666708,24587075.95091597,0.7069050690003229,0.7630366600400025,95.04167293367088,0.5576476976428617,2.1680770256748634
51,50,40,8,800,0,1.0,100568412.00343499,35005666.66666717,26779491.460923832,0.7699393899774681,0.7650044695884508,87.36142716164112,0.6337987613645804,2.2458023370353413
52,50,40,8,800,0,1.0,93971200.46310502,31262000.000000272,25945922.464504708,0.7459733783172553,0.8299508177501274,93.49460214089189,0.5722133492105059,2.236174003410608
53,50,40,8,800,0,1.0,118935875.76993112,37995833.33333413,33837717.96157274,0.9728710481145246,0.8905639116983536,73.87005765186613,0.7936064245992281,2.5060575539579113
54,50,40,8,800,0,1.0,109193643.92673458,36314666.66666707,30154639.300504263,0.8669785466949228,0.8303708134593166,80.46072723697168,0.711050289786522,2.3753469405539755
55,50,40,8,800,0,1.0,93559834.12912253,32178666.6666669,25160889.277267516,0.7234028237503233,0.7819121139450775,93.90568166115666,0.5683063288095614,2.1938360199656235
56,50,40,8,800,0,1.0,107658267.12342934,36870166.666667216,29051242.617582947,0.8352546967408918,0.7879335854439455,81.60822419635596,0.6975807021731198,2.3279275705282765
57,50,40,8,800,0,1.0,109943112.4267356,36908666.66666737,30141805.967170868,0.8666095744591165,0.8166593022552143,79.91223648370627,0.7175801659362457,2.370907607740417
58,50,40,8,800,0,1.0,104774474.59340079,35421833.33333361,28566972.633837495,0.821331410093965,0.8064792232804797,83.8543932966033,0.6719487396776569,2.3171321183020406
59,50,40,8,800,0,1.0,91189715.35992174,31106166.66666706,24687763.96286955,0.7097999584202622,0.79366140570849,96.34639131532366,0.5456523713096442,2.180581495876436
60,50,35,8,700,0,1.0,76909329.966717,28202166.6666668,19568391.23151928,0.6429856531761515,0.6938612718237673,99.9592637632774,0.5137658154123221,2.0688548328713363
61,50,35,8,700,0,1.0,97159381.73217261,34655500.00000054,25338034.194974873,0.8325667794710522,0.7311403441004884,79.12565789263685,0.7270493188601541,2.311961594140545
62,50,35,8,700,0,1.0,103747372.85724428,34067000.00000043,28928357.340447076,0.9505389850290901,0.8491606933527082,74.10115348731156,0.7905556512174302,2.469884205899597
63,50,35,8,700,0,1.0,105158330.79321101,35893000.00000033,28453102.06273464,0.9349228660773627,0.7927200864439969,73.10690405611042,0.8037649518945349,2.4379410210497325
64,50,35,8,700,0,1.0,97186556.4242745,33031166.66666706,26386620.835011907,0.8670216387223331,0.7988401106534211,79.10353327510019,0.7273174630971894,2.366389551619926
65,50,35,8,700,0,1.0,94373882.63235995,33317166.66666687,24831623.376781672,0.8159269399022813,0.7453101767391642,81.46109692178673,0.6992933535877913,2.2955414949791226
66,50,35,8,700,0,1.0,102832323.73217237,35772000.00000048,27395034.194975004,0.9001564690339351,0.7658233868661143,74.76053949751187,0.7819151942055057,2.3945739036983973
67,50,35,8,700,0,1.0,112491275.84441634,38677833.33333402,30256885.72201761,0.9941922766605076,0.7822797482283238,68.34129973450376,0.8702091775725164,2.4960329761551754
68,50,35,8,700,0,1.0,106794370.64755498,37046166.666667104,28516549.68971211,0.9370076523733805,0.7697570964979311,71.98694044812005,0.8189089767523814,2.434714653950726
69,50,35,8,700,0,1.0,81175535.13338368,28618333.333333448,21385224.56485255,0.7026838549201894,0.7472561143155017,94.70587397259263,0.5607774060391815,2.1585822974915825
70,50,40,8,700,0,1.0,76907496.63338368,28202166.6666668,19568391.23151928,0.6429856531761515,0.6938612718237673,99.96164660836084,0.5137454120783532,2.0688344295373673
71,50,40,8,700,0,1.0,97157548.39883928,34655500.00000054,25338034.194974873,0.8325667794710522,0.7311403441004884,79.12715096969083,0.7270312267410112,2.311943502021402
72,50,40,8,700,0,1.0,103745539.52391094,34067000.00000043,28928357.340447076,0.9505389850290901,0.8491606933527082,74.10246296158246,0.7905383978676213,2.469866952549788
73,50,40,8,700,0,1.0,105156497.45987768,35893000.00000033,28453102.06273464,0.9349228660773627,0.7927200864439969,73.10817862617827,0.8037478778300652,2.4379239469852627
74,50,40,8,700,0,1.0,97184723.09094119,33031166.66666706,26386620.835011907,0.8670216387223331,0.7988401106534211,79.10502551729344,0.7272993744253573,2.366371462948094
75,50,40,8,700,0,1.0,94372049.29902662,33317166.66666687,24831623.376781672,0.8159269399022813,0.7453101767391642,81.4626794384902,0.6992749097741449,2.2955230511654765
76,50,40,8,700,0,1.0,102830490.39883906,35772000.00000048,27395034.194975004,0.9001564690339351,0.7658233868661143,74.76187238028376,0.7818978243769154,2.3945565338698067
77,50,40,8,700,0,1.0,112489442.511083,38677833.33333402,30256885.72201761,0.9941922766605076,0.7822797482283238,68.34241354909871,0.8701930235277447,2.4960168221104038
78,50,40,8,700,0,1.0,106792537.31422165,37046166.666667104,28516549.68971211,0.9370076523733805,0.7697570964979311,71.98817626534854,0.8188921098957177,2.4346977870940627
79,50,40,8,700,0,1.0,81173701.80005033,28618333.333333448,21385224.56485255,0.7026838549201894,0.7472561143155017,94.70801293424853,0.5607574150393666,2.158562306491768
80,50,35,8,600,0,0.9994225875905265,87830810.74964176,32928500.000000477,21886053.2371758,0.8389969865825175,0.664653817731615,75.02834078104964,0.7784330062293622,2.3095786480051808
81,50,35,8,600,0,1.0,97461399.03797817,36004833.33333395,24625388.01267726,0.9440087763730368,0.6839467297263842,67.61446136672147,0.8808149773635527,2.42797236114466
82,50,35,8,600,0,1.0,94048541.49487765,31359166.666666962,25920840.976838805,0.9936696778344637,0.8265793939094437,70.06807224500035,0.8455219042803488,2.506785419407904
83,50,35,8,600,0,1.0,99458096.22680257,35242166.66666712,26085973.59368834,0.9999999999999928,0.7401921068139399,66.25704945098417,0.9009692438604651,2.493122929311617
84,50,35,8,600,0,1.0,93714991.59983633,32019166.66666688,25337380.803563543,0.9713028617683602,0.7913191828924355,70.31745815161028,0.842014843647494,2.4750701899614422
85,50,35,8,600,0,1.0,87048283.58297434,31549833.333333563,22382886.57050916,0.8580429819926166,0.7094454773826274,75.70281375759247,0.7697314719948612,2.337287853900963
86,50,35,8,600,0,1.0,95845175.12282154,34670166.666667156,24687296.62737241,0.9463820293579333,0.7120616657175591,68.75463466528649,0.8642349815618416,2.4338843141358892
87,50,35,8,600,0,1.0,98755473.11360104,34903000.00000042,25959242.7754673,0.9951418022499304,0.7437539115682602,66.72845354524885,0.8939183023138769,2.488921431568485
88,50,35,8,600,0,1.0,89157138.72382377,32244666.666666836,22969222.7381599,0.8805200486639024,0.7123417641623352,73.912196985289,0.7930492528503028,2.362922664180171
89,50,35,8,600,0,1.0,84755871.03797686,29135333.333333515,22803054.67934397,0.8741500330607227,0.7826598178389524,77.75036607254364,0.7439068641773252,2.3700347184484873
90,50,40,8,600,0,1.0,87964295.74964178,32968833.333333813,21926386.570509132,0.8405431559516029,0.6650640727507944,74.91448597230242,0.779911547628548,2.3119628058291837
91,50,40,8,600,0,1.0,97459565.70464486,36004833.33333395,24625388.01267726,0.9440087763730368,0.6839467297263842,67.61573327723063,0.880796305597688,2.4279536893787954
92,50,40,8,600,0,1.0,94046708.16154432,31359166.666666962,25920840.976838805,0.9936696778344637,0.8265793939094437,70.06943814216953,0.8455026562331811,2.506766171360736
93,50,40,8,600,0,1.0,99456262.89346921,35242166.66666712,26085973.59368834,0.9999999999999928,0.7401921068139399,66.25827080450978,0.9009509040144201,2.493104589465572
94,50,40,8,600,0,1.0,93713158.26650299,32019166.66666688,25337380.803563543,0.9713028617683602,0.7913191828924355,70.31883378916567,0.8419955387481143,2.4750508850620627
95,50,40,8,600,0,1.0,87046450.249641,31549833.333333563,22382886.57050916,0.8580429819926166,0.7094454773826274,75.70440817633661,0.7697110176951866,2.3372673996012887
96,50,40,8,600,0,1.0,95843341.78948821,34670166.666667156,24687296.62737241,0.9463820293579333,0.7120616657175591,68.7559498339899,0.8642160381894545,2.433865370763502
97,50,40,8,600,0,1.0,98753639.78026772,34903000.00000042,25959242.7754673,0.9951418022499304,0.7437539115682602,66.72969234007645,0.8938998461482525,2.4889029754028607
98,50,40,8,600,0,1.0,89155305.39049044,32244666.666666836,22969222.7381599,0.8805200486639024,0.7123417641623352,73.91371686897824,0.7930291640610061,2.3629025753908746
99,50,40,8,600,0,1.0,84754037.70464353,29135333.333333515,22803054.67934397,0.8741500330607227,0.7826598178389524,77.752047907907,0.7438860123217179,2.3700138665928803
100,50,35,10,600,0,0.9994225875905265,84840949.55715846,32912000.000000574,20437389.404826555,0.7834627805408558,0.6209707524558277,77.67239799173117,0.744874175711458,2.241073365266647
101,50,35,10,600,0,1.0,97461399.03797817,36004833.33333395,24625388.01267726,0.9440087763730368,0.6839467297263842,67.61446136672147,0.8808149773635527,2.42797236114466
102,50,35,10,600,0,1.0,94048541.49487765,31359166.666666962,25920840.976838805,0.9936696778344637,0.8265793939094437,70.06807224500035,0.8455219042803488,2.506785419407904
103,50,35,10,600,0,1.0,99458096.22680257,35242166.66666712,26085973.59368834,0.9999999999999928,0.7401921068139399,66.25704945098417,0.9009692438604651,2.493122929311617
104,50,35,10,600,0,1.0,93714991.59983633,32019166.66666688,25337380.803563543,0.9713028617683602,0.7913191828924355,70.31745815161028,0.842014843647494,2.4750701899614422
105,50,35,10,600,0,1.0,88161584.41630764,31881666.666666888,22714719.903842524,0.8707637390746391,0.7124696503897444,74.74684176366793,0.7820937223536352,2.3520694426654307
106,50,35,10,600,0,1.0,95845175.12282154,34670166.666667156,24687296.62737241,0.9463820293579333,0.7120616657175591,68.75463466528649,0.8642349815618416,2.4338843141358892
107,50,35,10,600,0,1.0,97919006.40622541,35726166.6666671,25026337.761293452,0.9593790958735213,0.7005044228448751,67.29847699497326,0.8854659430052801,2.4458694812811803
108,50,35,10,600,0,1.0,89157138.72382377,32244666.666666836,22969222.7381599,0.8805200486639024,0.7123417641623352,73.912196985289,0.7930492528503028,2.362922664180171
109,50,35,10,600,0,1.0,85610836.87131007,29390166.666666813,23057888.012677316,0.8839190122563088,0.7845443094689449,76.97390004381998,0.7535963990488042,2.38123184662396
110,50,30,10,600,0,0.9682473729713589,81127920.41630776,31269333.333333608,19671386.570509244,0.7540982321345565,0.6290951700444228,81.2272762100206,0.7020238249663847,2.173547333973282
111,50,30,10,600,0,1.0,97463232.3713115,36004833.33333395,24625388.01267726,0.9440087763730368,0.6839467297263842,67.61318950406287,0.8808336488227622,2.4279910326038694
112,50,30,10,600,0,1.0,94050374.82821101,31359166.666666962,25920840.976838805,0.9936696778344637,0.8265793939094437,70.06670640108229,0.8455411520152688,2.506804667142824
113,50,30,10,600,0,1.0,99459929.5601359,35242166.66666712,26085973.59368834,0.9999999999999928,0.7401921068139399,66.25582814248472,0.9009875834037043,2.493141268854856
114,50,30,10,600,0,1.0,93716824.93316966,32019166.66666688,25337380.803563543,0.9713028617683602,0.7913191828924355,70.31608256787666,0.8420341482341587,2.475089494548107
115,50,30,10,600,0,1.0,92019990.24964115,33031166.666666936,23864219.9038425,0.9148295660935738,0.7224758406104026,71.6127004808686,0.8240327472826491,2.402013419770971
116,50,30,10,600,0,1.0,93207512.89049126,33742500.00000042,23990389.404826462,0.9196662458721075,0.7109843492576473,70.70030940255107,0.836659174753399,2.4054466541595168
117,50,30,10,600,0,1.0,97920839.73955876,35726166.6666671,25026337.761293452,0.9593790958735213,0.7005044228448751,67.29721699208228,0.885484538027995,2.4458880763038953
118,50,30,10,600,0,1.0,89158972.05715711,32244666.666666836,22969222.7381599,0.8805200486639024,0.7123417641623352,73.91067716410502,0.7930693413222993,2.3629427526521676
119,50,30,10,600,0,1.0,85612670.2046434,29390166.666666813,23057888.012677316,0.8839190122563088,0.7845443094689449,76.97225170349361,0.75361710238876,2.381252549963916
120,50,35,10,500,0,1.0,74722516.42414999,31196000.00000027,16592910.56978157,0.763302646620613,0.5318922480376147,73.49591880480452,0.7985705356159288,2.2240843340460206
121,50,35,10,500,0,1.0,90966120.09441008,35667500.00000043,21670423.830034964,0.9968770574211463,0.6075677810341262,60.37192741979411,0.993820382534231,2.479874607361532
122,50,35,10,500,0,1.0,86620548.40942472,32391333.333333686,21637774.7239743,0.9953751419518201,0.6680112393430567,63.400660707459416,0.9448985814566166,2.479307572931062
123,50,35,10,500,0,1.0,92481963.24455836,36721666.66666719,21738311.328073643,0.9999999999999937,0.5919750736097671,59.38238989885563,0.9897064983142605,2.463286557202074
124,50,35,10,500,0,1.0,86831536.32366668,33344666.66666698,21133106.388644286,0.9721595237874844,0.6337777072388614,63.24660638882607,0.9473277938299567,2.454349959621046
125,50,35,10,500,0,1.0,88121171.47964682,34422666.66666702,21075403.68292438,0.9695050993085513,0.6122536608511105,62.3210053587228,0.9620552258406737,2.4518581545215623
126,50,35,10,500,0,1.0,90216923.9112246,34987333.33333376,21738311.32807366,0.9999999999999946,0.6213194678476038,60.873279224240115,0.9855507532284228,2.482606327506506
127,50,35,10,500,0,1.0,95209676.45076634,38817166.66666734,21733914.16175219,0.9997977227276199,0.5599047026895783,57.68111188614166,0.9613518647690277,2.40927562692069
128,50,35,10,500,0,1.0,81164756.2574822,29487333.333333295,20826077.236448158,0.9580356506143362,0.7062719779040102,67.66237284786692,0.8801119056079784,2.4451294879311867
129,50,35,10,500,0,1.0,74252772.4241493,28006000.000000093,18396910.569781475,0.8462897734849772,0.6568917578298012,73.96087473514856,0.7924061162200029,2.3179195224838436
130,50,40,10,600,0,1.0,84974434.55715847,32952333.33333391,20477722.738159887,0.7850089499099412,0.6214346805433969,77.5503836458875,0.7463904725267028,2.2435382169614204
131,50,40,10,600,0,1.0,97459565.70464486,36004833.33333395,24625388.01267726,0.9440087763730368,0.6839467297263842,67.61573327723063,0.880796305597688,2.4279536893787954
132,50,40,10,600,0,1.0,94046708.16154432,31359166.666666962,25920840.976838805,0.9936696778344637,0.8265793939094437,70.06943814216953,0.8455026562331811,2.506766171360736
133,50,40,10,600,0,1.0,99456262.89346921,35242166.66666712,26085973.59368834,0.9999999999999928,0.7401921068139399,66.25827080450978,0.9009509040144201,2.493104589465572
134,50,40,10,600,0,1.0,93713158.26650299,32019166.66666688,25337380.803563543,0.9713028617683602,0.7913191828924355,70.31883378916567,0.8419955387481143,2.4750508850620627
135,50,40,10,600,0,1.0,88159751.08297431,31881666.666666888,22714719.903842524,0.8707637390746391,0.7124696503897444,74.74839616774557,0.7820734611215687,2.3520491814333644
136,50,40,10,600,0,1.0,95843341.78948821,34670166.666667156,24687296.62737241,0.9463820293579333,0.7120616657175591,68.7559498339899,0.8642160381894545,2.433865370763502
137,50,40,10,600,0,1.0,97917173.07289208,35726166.6666671,25026337.761293452,0.9593790958735213,0.7005044228448751,67.29973704504707,0.8854473476767588,2.445850885952659
138,50,40,10,600,0,1.0,89155305.39049044,32244666.666666836,22969222.7381599,0.8805200486639024,0.7123417641623352,73.91371686897824,0.7930291640610061,2.3629025753908746
139,50,40,10,600,0,1.0,85609003.53797673,29390166.666666813,23057888.012677316,0.8839190122563088,0.7845443094689449,76.97554845474542,0.7535756953909137,2.3812111429660696
140,50,30,10,500,0,0.9856934962046792,72161836.20013332,30107000.000000186,16036405.173320048,0.7377024337953036,0.5326470645803285,76.10393927295677,0.764602653042135,2.176413800911077
141,50,30,10,500,0,1.0,90967953.4277434,35667500.00000043,21670423.830034964,0.9968770574211463,0.6075677810341262,60.37071070706435,0.9938405359704137,2.4798947607977144
142,50,30,10,500,0,1.0,86622381.74275807,32391333.333333686,21637774.7239743,0.9953751419518201,0.6680112393430567,63.3993188539766,0.9449197136171251,2.4793287050915707
143,50,30,10,500,0,1.0,92483796.5778917,36721666.66666719,21738311.328073643,0.9999999999999937,0.5919750736097671,59.3812127443827,0.989686879073045,2.4632669379608587
144,50,30,10,500,0,1.0,86833369.65700002,33344666.66666698,21133106.388644286,0.9721595237874844,0.6337777072388614,63.24527104836685,0.9473488774834253,2.4543710432745147
145,50,30,10,500,0,0.9875477099236639,78807396.82540855,30253666.66666678,19186241.17068885,0.8826003492695829,0.6341790362828343,69.68635205863532,0.8509182648916276,2.3458092038415588
146,50,30,10,500,0,1.0,90218757.24455793,34987333.33333376,21738311.32807366,0.9999999999999946,0.6213194678476038,60.87204221970448,0.9855710722837424,2.4826266465618256
147,50,30,10,500,0,1.0,95211509.78409967,38817166.66666734,21733914.16175219,0.9997977227276199,0.5599047026895783,57.68000121469696,0.9613333535782826,2.409257115729945
148,50,30,10,500,0,1.0,81166589.59081551,29487333.333333295,20826077.236448158,0.9580356506143362,0.7062719779040102,67.66084453819937,0.880134323952393,2.4451519062756013
149,50,30,10,500,0,1.0,74254605.75748262,28006000.000000093,18396910.569781475,0.8462897734849772,0.6568917578298012,73.95904865398323,0.7924302332183998,2.3179436394822406
150,50,30,8,600,0,0.9521345866067265,89840915.40682799,34257666.66666731,22018986.207983814,0.8440929424735476,0.6427462331930585,73.34965333066017,0.8005196319970724,2.266851205158246
151,50,30,8,600,0,1.0,97463232.3713115,36004833.33333395,24625388.01267726,0.9440087763730368,0.6839467297263842,67.61318950406287,0.8808336488227622,2.4279910326038694
152,50,30,8,600,0,1.0,94050374.82821101,31359166.666666962,25920840.976838805,0.9936696778344637,0.8265793939094437,70.06670640108229,0.8455411520152688,2.506804667142824
153,50,30,8,600,0,1.0,99459929.5601359,35242166.66666712,26085973.59368834,0.9999999999999928,0.7401921068139399,66.25582814248472,0.9009875834037043,2.493141268854856
154,50,30,8,600,0,1.0,93716824.93316966,32019166.66666688,25337380.803563543,0.9713028617683602,0.7913191828924355,70.31608256787666,0.8420341482341587,2.475089494548107
155,50,30,8,600,0,1.0,90906689.41630782,32699333.333333608,23532386.570509136,0.9021088090115512,0.7196595212086567,72.48971491879948,0.8120755386011715,2.387803155568097
156,50,30,8,600,0,1.0,93207512.89049126,33742500.00000042,23990389.404826462,0.9196662458721075,0.7109843492576473,70.70030940255107,0.836659174753399,2.4054466541595168
157,50,30,8,600,0,1.0,98757306.44693437,34903000.00000042,25959242.7754673,0.9951418022499304,0.7437539115682602,66.72721479641531,0.8939367581752989,2.488939887429907
158,50,30,8,600,0,1.0,89158972.05715711,32244666.666666836,22969222.7381599,0.8805200486639024,0.7123417641623352,73.91067716410502,0.7930693413222993,2.3629427526521676
159,50,30,8,600,0,1.0,84757704.37131019,29135333.333333515,22803054.67934397,0.8741500330607227,0.7826598178389524,77.74868430993743,0.7439277157153296,2.3700555699864916
160,50,30,8,700,0,0.9843179925990257,91352843.30005169,32932166.666667197,23601724.56485246,0.7755144562406143,0.7166769439661955,84.15501611426745,0.6685904411554292,2.226249988927411
161,50,30,8,700,0,0.9940709723716606,95672713.39883915,34211833.333333835,24894367.528308224,0.8179886111339613,0.7276537122625562,80.35519979402278,0.7123019788415619,2.2884959210232676
162,50,30,8,700,0,1.0,100558719.7330003,33055000.000000358,28016295.623718314,0.9205701137136388,0.8475660451888674,76.45085399269557,0.760194543721125,2.4382473798722186
163,50,30,8,700,0,1.0,105160164.12654436,35893000.00000033,28453102.06273464,0.9349228660773627,0.7927200864439969,73.10562953048357,0.8037820257263623,2.43795809488156
164,50,30,8,700,0,1.0,97188389.75760786,33031166.66666706,26386620.835011907,0.8670216387223331,0.7988401106534211,79.10204108920533,0.7273355515364414,2.3664076400591783
165,50,30,8,700,0,1.0,94375715.96569328,33317166.66666687,24831623.376781672,0.8159269399022813,0.7453101767391642,81.4595144665669,0.6993117971713011,2.2955599385626324
166,50,30,8,700,0,1.0,102834157.06550573,35772000.00000048,27395034.194975004,0.9001564690339351,0.7658233868661143,74.75920666226537,0.7819325638006053,2.394591273293497
167,50,30,8,700,0,1.0,112493109.17774968,38677833.33333402,30256885.72201761,0.9941922766605076,0.7822797482283238,68.34018595621313,0.8702253313906189,2.496049129973278
168,50,30,8,700,0,1.0,106796203.98088832,37046166.666667104,28516549.68971211,0.9370076523733805,0.7697570964979311,71.98570467332124,0.818925843377342,2.4347315205756868
169,50,30,8,700,0,1.0,81177368.466717,28618333.333333448,21385224.56485255,0.7026838549201894,0.7472561143155017,94.70373510755063,0.5607973968486617,2.158602288301063
170,50,25,8,600,0,0.901467927351855,74620914.41630763,28891500.00000022,18010386.570509274,0.6904241662985837,0.6233801142380678,88.31036247071059,0.623853711677276,2.0240257304195852
171,50,25,8,600,0,0.9599933480770536,92801190.90394807,34391500.00000047,23377529.805081908,0.8961724093264464,0.6797473156181495,71.0098645912921,0.8323537542015479,2.336144954773121
172,50,25,8,600,0,0.9734086367586042,94344316.82821071,31582833.33333354,25920840.97683887,0.9936696778344662,0.8207256360841185,69.84840445661617,0.8486231432812978,2.478612288907197
173,50,25,8,600,0,1.0,100357243.56013596,35927833.33333381,26085973.59368835,0.9999999999999931,0.7260658707600329,65.6634216547734,0.9099274927768781,2.4907801893849046
174,50,25,8,600,0,1.0,93718658.26650299,32019166.66666688,25337380.803563543,0.9713028617683602,0.7913191828924355,70.31470703796164,0.8420534525081106,2.475108798822059
175,50,25,8,600,0,0.9449067104842035,87423863.91630727,31069500.000000108,22870553.237175852,0.8767375752733781,0.7361094718993152,75.3775880497407,0.7739150745915359,2.3077093625951917
176,50,25,8,600,0,0.9604862263249467,94307683.3904905,33614166.66666684,24608222.738159895,0.943350749389466,0.7320789172668201,69.87553678648077,0.84823947798471,2.394388838123113
177,50,25,8,600,0,1.0,98759139.78026772,34903000.00000042,25959242.7754673,0.9951418022499304,0.7437539115682602,66.72597609357322,0.8939552137325228,2.488958342987131
178,50,25,8,600,0,1.0,89160805.39049044,32244666.666666836,22969222.7381599,0.8805200486639024,0.7123417641623352,73.90915740542249,0.7930894294769966,2.3629628408068646
179,50,25,8,600,0,1.0,91393492.72804156,31388500.00000012,24604577.05939847,0.9432109931044137,0.7838723436735867,72.10360172588199,0.8173182742384418,2.4444161491773113
180,50,35,8,500,0,1.0,76061125.36679976,30514000.000000123,17680905.17332002,0.8133522841991019,0.5794358384125303,72.20245524262437,0.8159728031522594,2.2795214738822835
181,50,35,8,500,0,1.0,90966120.09441008,35667500.00000043,21670423.830034964,0.9968770574211463,0.6075677810341262,60.37192741979411,0.993820382534231,2.479874607361532
182,50,35,8,500,0,1.0,86888800.57789083,32439000.000000324,21738311.328073606,0.9999999999999919,0.6701288981803812,63.204923574435995,0.9479861439624779,2.484089262506783
183,50,35,8,500,0,1.0,92481963.24455836,36721666.66666719,21738311.328073643,0.9999999999999937,0.5919750736097671,59.38238989885563,0.9897064983142605,2.463286557202074
184,50,35,8,500,0,1.0,87142960.78020512,33385000.00000035,21259387.073468596,0.9779686541710956,0.6367945806041149,63.02058078852291,0.9509031962604925,2.4603388607437844
185,50,35,8,500,0,1.0,88426835.35437125,34435500.00000036,21216401.01888879,0.9759912211529065,0.6161200220379716,62.105581162003226,0.9655156004306148,2.458411618060992
186,50,35,8,500,0,1.0,90216923.9112246,34987333.33333376,21738311.32807366,0.9999999999999946,0.6213194678476038,60.873279224240115,0.9855507532284228,2.482606327506506
187,50,35,8,500,0,1.0,94668557.11743347,38402833.3333341,21733914.16175217,0.9997977227276192,0.5659455898241468,58.01081338112705,0.9668468896854508,2.4196033615447683
188,50,35,8,500,0,1.0,81164756.2574822,29487333.333333295,20826077.236448158,0.9580356506143362,0.7062719779040102,67.66237284786692,0.8801119056079784,2.4451294879311867
189,50,35,8,500,0,1.0,74252772.4241493,28006000.000000093,18396910.569781475,0.8462897734849772,0.6568917578298012,73.96087473514856,0.7924061162200029,2.3179195224838436
190,50,35,6,700,0,1.0,77515389.89966576,27593500.000000004,20252128.957051624,0.6654521678145374,0.7339456378151238,99.17772470667983,0.5205017241499706,2.1076582344020696
191,50,35,6,700,0,1.0,97159381.73217261,34655500.00000054,25338034.194974873,0.8325667794710522,0.7311403441004884,79.12565789263685,0.7270493188601541,2.311961594140545
192,50,35,6,700,0,1.0,104622289.70805779,34096333.33333379,29336657.739412487,0.9639550750701555,0.86040506035093,73.48147341692047,0.7987628197808238,2.4870868680615676
193,50,35,6,700,0,1.0,103946798.12654474,34965333.33333377,28453102.06273461,0.9349228660773617,0.8137517749790533,73.95898804541223,0.7924310336865383,2.4434324536697813
194,50,35,6,700,0,1.0,97321874.75760804,33071500.000000447,26426954.168345217,0.8683469267529771,0.7990854411909003,78.99354609790862,0.728651945768151,2.3679202987208714
195,50,35,6,700,0,1.0,94753130.20003629,33287833.333333593,25035409.077615928,0.8226230080873764,0.752088873640992,81.13505045975838,0.7031037326138629,2.3047748315266565
196,50,35,6,700,0,1.0,100415301.00312997,35181666.66666724,26591692.37178832,0.873759957394623,0.7558394724085808,76.56004536360817,0.7588123570532506,2.363483934980115
197,50,35,6,700,0,1.0,108756745.0909422,36868333.333334036,29587620.83501205,0.9722013160635019,0.802521246824596,70.68802945115243,0.8368304278443515,2.4788474253040285
198,50,35,6,700,0,1.0,106794370.64755498,37046166.666667104,28516549.68971211,0.9370076523733805,0.7697570964979311,71.98694044812005,0.8189089767523814,2.434714653950726
199,50,35,6,700,0,1.0,82387684.24839188,28634833.33333343,21966288.554607656,0.7217766768374062,0.7671177372992422,93.31249045454337,0.5739527665766672,2.187646956416061
200,50,40,6,700,0,1.0,77513556.56633243,27593500.000000004,20252128.957051624,0.6654521678145374,0.7339456378151238,99.18007043608101,0.520481375277786,2.107637885529885
201,50,40,6,700,0,1.0,97157548.39883928,34655500.00000054,25338034.194974873,0.8325667794710522,0.7311403441004884,79.12715096969083,0.7270312267410112,2.311943502021402
202,50,40,6,700,0,1.0,104620456.37472445,34096333.33333379,29336657.739412487,0.9639550750701555,0.86040506035093,73.48276108129573,0.7987456776576465,2.4870697259383903
203,50,40,6,700,0,1.0,103944964.79321143,34965333.33333377,28453102.06273461,0.9349228660773617,0.8137517749790533,73.96029249992189,0.7924138057032235,2.4434152256864663
204,50,40,6,700,0,1.0,97320041.42427471,33071500.000000447,26426954.168345217,0.8683469267529771,0.7990854411909003,78.99503419325937,0.7286338742660393,2.3679022272187598
205,50,40,6,700,0,1.0,94751296.86670294,33287833.333333593,25035409.077615928,0.8226230080873764,0.752088873640992,81.13662033370659,0.7030853364506492,2.304756435363443
206,50,40,6,700,0,1.0,100413467.66979665,35181666.66666724,26591692.37178832,0.873759957394623,0.7558394724085808,76.56144318490071,0.7587946791913432,2.363466257118208
207,50,40,6,700,0,1.0,108754911.75760889,36868333.333334036,29587620.83501205,0.9722013160635019,0.802521246824596,70.6892210729244,0.8368138082534332,2.4788308057131103
208,50,40,6,700,0,1.0,106792537.31422165,37046166.666667104,28516549.68971211,0.9370076523733805,0.7697570964979311,71.98817626534854,0.8188921098957177,2.4346977870940627
209,50,40,6,700,0,1.0,82385850.91505855,28634833.33333343,21966288.554607656,0.7217766768374062,0.7671177372992422,93.31456693851806,0.573932903525013,2.187627093364407
210,50,35,6,600,0,0.9994225875905265,88593459.70801662,32965166.666667145,22234887.932982586,0.8523694871163364,0.6744964512940103,74.3824659485976,0.7868577742150002,2.3258775228407353
211,50,35,6,600,0,1.0,98619018.8713114,35973666.666667245,25210221.34601057,0.9664282322247751,0.7007965459737261,66.82078239491587,0.892543786005207,2.4531810227841877
212,50,35,6,600,0,1.0,94048541.49487765,31359166.666666962,25920840.976838805,0.9936696778344637,0.8265793939094437,70.06807224500035,0.8455219042803488,2.506785419407904
213,50,35,6,600,0,1.0,99448518.8934693,35234833.33333381,26085973.59368834,0.9999999999999928,0.7403461610533512,66.26343029863611,0.9008734331637649,2.493150362006446
214,50,35,6,600,0,1.0,93714991.59983633,32019166.66666688,25337380.803563543,0.9713028617683602,0.7913191828924355,70.31745815161028,0.842014843647494,2.4750701899614422
215,50,35,6,600,0,1.0,87395615.91630767,31562666.666666895,22544219.90384249,0.8642276594689583,0.7142685420700298,75.40195158428273,0.773600883275071,2.345015716931095
216,50,35,6,600,0,1.0,95063874.95708348,34490500.00000055,24420505.26618568,0.9361546418223083,0.7080356987050141,69.31970743855076,0.8561339278506542,2.4225624868146656
217,50,35,6,600,0,1.0,97831109.47425124,34004666.66666703,26080696.99410259,0.9997977227276187,0.7669740524075807,67.35894170488181,0.8845740684489327,2.498153310374997
218,50,35,6,600,0,1.0,89157138.72382377,32244666.666666836,22969222.7381599,0.8805200486639024,0.7123417641623352,73.912196985289,0.7930492528503028,2.362922664180171
219,50,35,6,600,0,1.0,83617306.87131013,28807166.66666683,22456554.67934392,0.8608670325717596,0.779547497301382,78.80904380407665,0.7308960269074786,2.354534024748584
220,50,30,6,700,0,0.9843179925990257,91898672.73300044,32263000.000000406,24294628.957051467,0.7982821727041467,0.7530182858708477,83.65517989945182,0.6741834673745584,2.260916088670262
221,50,30,6,700,0,0.9940709723716606,95672713.39883915,34211833.333333835,24894367.528308224,0.8179886111339613,0.7276537122625562,80.35519979402278,0.7123019788415619,2.2884959210232676
222,50,30,6,700,0,1.0,101603922.75938413,33084333.33333373,28507702.989775132,0.9367169641369214,0.8616677477690787,75.6644014444802,0.770224415875891,2.459558614091154
223,50,30,6,700,0,1.0,103948631.45987807,34965333.33333377,28453102.06273461,0.9349228660773617,0.8137517749790533,73.95768363691565,0.7924482614366928,2.443449681419936
224,50,30,6,700,0,1.0,97323708.09094137,33071500.000000447,26426954.168345217,0.8683469267529771,0.7990854411909003,78.9920580586218,0.7286700170376018,2.367938369990322
225,50,30,6,700,0,1.0,94754963.53336962,33287833.333333593,25035409.077615928,0.8226230080873764,0.752088873640992,81.1334806465585,0.7031221285465191,2.304793227459313
226,50,30,6,700,0,1.0,100417134.3364633,35181666.66666724,26591692.37178832,0.873759957394623,0.7558394724085808,76.55864759335617,0.7588300346814859,2.3635016126083506
227,50,30,6,700,0,1.0,108758578.42427556,36868333.333334036,29587620.83501205,0.9722013160635019,0.802521246824596,70.68683786955455,0.8368470472050181,2.4788640446646952
228,50,30,6,700,0,1.0,106796203.98088832,37046166.666667104,28516549.68971211,0.9370076523733805,0.7697570964979311,71.98570467332124,0.818925843377342,2.4347315205756868
229,50,30,6,700,0,1.0,82389517.58172521,28634833.33333343,21966288.554607656,0.7217766768374062,0.7671177372992422,93.31041406298061,0.5739726294317231,2.187666819271117
230,50,30,6,800,0,0.9661444186993998,81585094.17010048,28834666.666666813,21446324.794257123,0.6166050708410031,0.7437687781232203,107.68878910260354,0.451665619987464,2.01282506118544
231,50,30,6,800,0,1.0,100572078.67010166,35005666.66666717,26779491.460923832,0.7699393899774681,0.7650044695884508,87.35824213019738,0.6338324067406514,2.2458359824114122
232,50,30,6,800,0,1.0,92971522.19017446,30543333.333333522,25914313.74174713,0.7450645932959472,0.8484441910426815,94.49990484213576,0.5627057612375552,2.2414611140717007
233,50,30,6,800,0,1.0,118939542.4365978,37995833.33333413,33837717.96157274,0.9728710481145246,0.8905639116983536,73.86778038668999,0.7936365460420839,2.506087675400767
234,50,30,6,800,0,1.0,109160405.59340157,36303666.66666716,30143639.300504256,0.8666622847785187,0.83031941586719,80.48522678383192,0.7107600088902318,2.3750155415839838
235,50,30,6,800,0,1.0,94018155.46759592,32182333.333333623,25380443.20852168,0.7297152371187269,0.7886452155485344,93.44790861194988,0.5726588335413577,2.2035750059801855
236,50,30,6,800,0,1.0,107606576.2900961,36853666.66666725,29034742.617582925,0.8347803038662854,0.7878386397802787,81.64742623456767,0.6971250746130311,2.327395986437254
237,50,30,6,800,0,1.0,110866477.24679077,36905000.0000007,30592995.240013845,0.8795817548309507,0.8289661357543223,79.24667778919908,0.7255843395644386,2.3887572481678965
238,50,30,6,800,0,1.0,104778141.26006745,35421833.33333361,28566972.633837495,0.821331410093965,0.8064792232804797,83.85145884763278,0.6719816038027576,2.3171649824271414
239,50,30,6,800,0,1.0,92493735.96196315,31122666.666667044,25311875.693164673,0.7277438467723762,0.8132939238228633,94.98805414901877,0.5581462602425488,2.208781399300839
240,50,25,6,700,0,0.9140779225243336,78822457.56633279,28033500.00000011,20607795.623718254,0.6771387986302212,0.7351131904228217,97.53311730391502,0.53496606978216,2.037134544644751
241,50,25,6,700,0,0.9590939460288935,85419857.23217157,30884333.333333556,22010534.194975007,0.7232305169428707,0.7126763578613163,90.00015042292245,0.6065291391126331,2.13576417143058
242,50,25,6,700,0,0.9293013966622302,95934687.75938359,31394000.000000242,26817369.65644169,0.8811753475798999,0.8542195851577207,80.13576923585744,0.7149117618305635,2.32758882661897
243,50,25,6,700,0,1.0,103950464.79321143,34965333.33333377,28453102.06273461,0.9349228660773617,0.8137517749790533,73.95637927442974,0.7924654889536872,2.44346690893693
244,50,25,6,700,0,0.9880477884672542,97265303.59094113,32844166.666667037,26542454.168345254,0.8721420697498243,0.8081329764801954,79.03949009743293,0.7280942062577724,2.362648375909183
245,50,25,6,700,0,0.9056493194215681,90338072.67542867,31130000.000000194,24254250.532988932,0.7969554030651458,0.779127868069026,85.10033225549462,0.658139166404306,2.1870907802810953
246,50,25,6,700,0,0.9458856594500996,95808215.73300011,33207166.66666698,25599962.29038479,0.8411733126050106,0.7709167887569817,80.24155278524846,0.7136524405579207,2.2762715310136055
247,50,25,6,700,0,0.9681121110447368,107407228.42427543,36465000.00000067,29184287.501678683,0.9589484357570539,0.8003369670006347,71.57618823969632,0.8245343545972739,2.432916039242518
248,50,25,6,700,0,0.9922581375216565,92734008.41555431,32847833.33333343,24328650.438695475,0.7994000635076409,0.7406470372585326,82.90162510338033,0.6827040981476844,2.267479865476167
249,50,25,6,700,0,0.9541650459751047,80992287.96671683,27747500.000000052,21849057.898185868,0.7179246672726026,0.7874243769055168,94.92014848573291,0.5587783060376968,2.142882853537215
250,50,30,6,600,0,0.9521345866067265,90649335.84231424,34294333.33333397,22390159.350404285,0.8583217823934912,0.6528821870591994,72.6955133070478,0.8092949127802124,2.283735249034298
251,50,30,6,600,0,1.0,98620852.20464472,35973666.666667245,25210221.34601057,0.9664282322247751,0.7007965459737261,66.81954021575207,0.8925622645180491,2.4531995012970302
252,50,30,6,600,0,1.0,94050374.82821101,31359166.666666962,25920840.976838805,0.9936696778344637,0.8265793939094437,70.06670640108229,0.8455411520152688,2.506804667142824
253,50,30,6,600,0,1.0,99450352.22680263,35234833.33333381,26085973.59368834,0.9999999999999928,0.7403461610533512,66.26220875489265,0.9008917742889004,2.4931687031315812
254,50,30,6,600,0,1.0,93716824.93316966,32019166.66666688,25337380.803563543,0.9713028617683602,0.7913191828924355,70.31608256787666,0.8420341482341587,2.475089494548107
255,50,30,6,600,0,1.0,91254021.74964115,32712166.66666694,23693719.903842468,0.908293486487893,0.724309097140481,72.21380355245454,0.8158184858766689,2.3952657635890535
256,50,30,6,600,0,0.9772799402510207,90777933.72382462,33018333.333333757,23266222.73815979,0.8919054776544368,0.7046455829032202,72.59253135291964,0.8106851517113358,2.3516815582849326
257,50,30,6,600,0,1.0,97832942.80758457,34004666.66666703,26080696.99410259,0.9997977227276187,0.7669740524075807,67.35767943688106,0.8845926781370339,2.4981719200630987
258,50,30,6,600,0,1.0,89158972.05715711,32244666.666666836,22969222.7381599,0.8805200486639024,0.7123417641623352,73.91067716410502,0.7930693413222993,2.3629427526521676
259,50,30,6,600,0,1.0,83619140.20464346,28807166.66666683,22456554.67934392,0.8608670325717596,0.779547497301382,78.80731593116838,0.7309170754679485,2.3545550733090543
260,50,30,6,500,0,0.9150173220451305,78879130.71423668,31153833.333333645,18647498.477746356,0.857817251594156,0.5985619258543734,69.62297822342508,0.8518175056090789,2.245684368337708
261,50,30,6,500,0,1.0,90967953.4277434,35667500.00000043,21670423.830034964,0.9968770574211463,0.6075677810341262,60.37071070706435,0.9938405359704137,2.4798947607977144
262,50,30,6,500,0,1.0,86950492.24455754,32484833.33333368,21738311.328073602,0.9999999999999918,0.6691834033751146,63.16007946859836,0.948694935321647,2.484041658021739
263,50,30,6,500,0,1.0,91262686.57789162,35786666.666667186,21738311.328073643,0.9999999999999937,0.6074416354714975,60.175743295841,0.9970752305655377,2.483028538942736
264,50,30,6,500,0,1.0,87868021.03168425,33352000.00000049,21633386.545476966,0.9951732781349344,0.6486383588833247,62.5005540755233,0.959180599426697,2.4780912865333566
265,50,30,6,500,0,0.9875477099236639,79325074.700133,30239000.000000123,19448238.50665326,0.8946526808426457,0.6431508484623559,69.23157678401522,0.8573923792494665,2.3594607679430153
266,50,30,6,500,0,1.0,88662440.57789126,33795666.66666712,21738311.32807359,0.9999999999999912,0.6432277706631018,61.94054623587056,0.9681749861132192,2.4827572026437004
267,50,30,6,500,0,1.0,94658418.78409994,38393666.666667394,21733914.161752194,0.9997977227276201,0.5660807119686002,58.01702659460095,0.9669504432433491,2.419815012818229
268,50,30,6,500,0,1.0,81166589.59081551,29487333.333333295,20826077.236448158,0.9580356506143362,0.7062719779040102,67.66084453819937,0.880134323952393,2.4451519062756013
269,50,30,6,500,0,1.0,76480877.71423604,28425833.333333448,19215831.81107964,0.8839615700168715,0.6759988910701965,71.8061842924923,0.8213797439109267,2.362178856767084
270,50,25,6,600,0,0.901467927351855,75647402.74015988,28928166.66666687,18487986.207983915,0.7087328422527064,0.6390998234010838,87.11204563936192,0.6364385384934524,2.0491863245661746
271,50,25,6,600,0,0.9434606497886298,91364590.90394765,33291500.000000343,23377529.805081908,0.8961724093264464,0.70220716414345,72.12641062365081,0.8170076311380439,2.3222340122414336
272,50,25,6,600,0,0.9637775817389086,93985166.8282107,31307833.333333537,25920840.976838868,0.993669677834466,0.8279346801441183,70.11531949552275,0.8448563566049928,2.470981682459196
273,50,25,6,600,0,1.0,100347666.22680269,35920500.00000051,26085973.59368835,0.9999999999999931,0.7262141004075106,65.66968867124362,0.909832455563897,2.4908037358899056
274,50,25,6,600,0,1.0,93718658.26650299,32019166.66666688,25337380.803563543,0.9713028617683602,0.7913191828924355,70.31470703796164,0.8420534525081106,2.475108798822059
275,50,25,6,600,0,0.9449067104842035,87519012.08297424,31007166.666666858,22956719.903842464,0.8800407552891496,0.7403681913485266,75.29563969200659,0.7749728145840428,2.3121740781470677
276,50,25,6,600,0,0.9604862263249467,92357869.22382429,33033000.000000317,24027056.071493156,0.921071854389459,0.7273652429840742,71.3507149459022,0.8276386917664045,2.3700171124786107
277,50,25,6,600,0,1.0,97834776.14091791,34004666.66666703,26080696.99410259,0.9997977227276187,0.7669740524075807,67.35641721618778,0.8846112875191672,2.498190529445232
278,50,25,6,600,0,1.0,89160805.39049044,32244666.666666836,22969222.7381599,0.8805200486639024,0.7123417641623352,73.90915740542249,0.7930894294769966,2.3629628408068646
279,50,25,6,600,0,1.0,88935263.26123911,30536000.000000093,23948225.440656427,0.9180498996767623,0.7842620330317119,74.09659294135187,0.7906157429241774,2.4180253693495466
280,50,30,4,700,0,0.9843179925990257,93220501.73217213,32299666.66666706,24916367.528308168,0.8187114955143111,0.7714125283534773,82.46898329390558,0.6876446614657596,2.2890926767475674
281,50,30,4,700,0,0.9940709723716606,94534358.23217246,33003666.66666715,25108867.528308157,0.8250367338423876,0.7607902413360472,81.32281367076172,0.7009068882195948,2.303610053660093
282,50,30,4,700,0,1.0,102125798.066334,33023833.333333794,28800962.290385045,0.9463529899461829,0.8721265638569511,75.2777471076067,0.7752039534878088,2.4729052045733697
283,50,30,4,700,0,1.0,103164588.26384844,34844333.33333379,28147578.785023574,0.9248838658368551,0.8078093650337177,74.51975653058469,0.7850593631777685,2.4313068552047428
284,50,30,4,700,0,1.0,97280652.25760831,33058666.66666719,26414120.835011818,0.8679252441977698,0.7990074464087501,79.02701946983233,0.7282455518470883,2.3674515089740886
285,50,30,4,700,0,1.0,94842472.20003635,33165000.000000276,25156409.0776159,0.8265988721793097,0.7585228125317561,81.05862090757535,0.7039999350192816,2.3108181850446865
286,50,30,4,700,0,1.0,102762568.83946627,35181666.66666721,27736365.140457563,0.911372051262117,0.7883755310187258,74.81128670508164,0.7812541402558913,2.411954565070872
287,50,30,4,700,0,1.0,110137085.17774971,36873833.333334014,30256885.722017583,0.9941922766605067,0.8205516754523404,69.8021015136972,0.8492782918590615,2.505719632220934
288,50,30,4,700,0,1.0,106820807.31422204,37053500.000000566,28523883.023045406,0.9372486138334964,0.769802664337916,71.96912467985489,0.8191521710657088,2.4349943025360417
289,50,30,4,700,0,1.0,84549005.96671684,28458833.333333388,23132391.23151916,0.7600929227931137,0.8128369480425801,90.92714825087764,0.5972303041714188,2.247499862605483
290,50,30,2,700,0,0.9843179925990257,94368829.4242746,32149333.33333374,25572620.835011758,0.8402749166493174,0.795432383305349,81.46545895399714,0.6992425164335433,2.3199064156768485
291,50,30,2,700,0,0.9940709723716606,98360450.18993181,33000000.000000414,26978501.800844252,0.8864698889599535,0.8175303576013307,78.15946333262029,0.7388519457065218,2.386947204159247
292,50,30,2,700,0,1.0,103306743.39966732,33042166.66666713,29365628.957051758,0.96490702237521,0.8887319422268923,74.41721369783066,0.7864022138648644,2.4973877676463783
293,50,30,2,700,0,1.0,103219201.43051499,34831500.00000043,28182412.11835689,0.9260284327724113,0.8091070473093763,74.48032820884849,0.7855754256073831,2.4328610634548844
294,50,30,2,700,0,1.0,98977803.64755532,33078833.333333842,27229549.689711925,0.8947189161228033,0.8231714043636618,77.67195994139321,0.7448796139377166,2.403416737428646
295,50,30,2,700,0,1.0,95420313.20003662,33176000.000000354,25431409.07761585,0.8356349269337036,0.7665604375939107,80.5677506411397,0.7097831032351962,2.3230314533103247
296,50,30,2,700,0,1.0,103619094.41254313,35196333.33333388,28145038.10600671,0.9248003832379107,0.7996582439271025,74.1928892892292,0.7893478704817455,2.4290744656234278
297,50,30,2,700,0,1.0,110012579.84441628,36778500.000000656,30256885.722017586,0.9941922766605069,0.8226786226196569,69.88109915131852,0.8481608446722204,2.5063037427679458
298,50,30,2,700,0,1.0,107710107.81422202,37070000.00000055,28947383.02304543,0.9511641381552663,0.7808843545466685,71.37491695078319,0.8273049171600882,2.452012400797423
299,50,30,2,700,0,1.0,83680880.46671659,27463333.33333331,23343224.564852476,0.7670205647714831,0.8499778334088782,91.87044826873878,0.5879142718934831,2.267896538620586
300,50,35,4,700,0,1.0,78964190.52326374,27630166.666666668,20935835.134177633,0.6879176458233704,0.7577165706870256,97.35805494941518,0.5365292227461116,2.142702479295732
301,50,35,4,700,0,1.0,96021026.5655059,33447333.333333854,25552534.19497481,0.8396149021794787,0.7639632714608363,80.06371390703008,0.715770830932893,2.326941448101562
302,50,35,4,700,0,1.0,104530848.24050392,34035833.333333865,29330592.113471024,0.9637557684224219,0.861756250426381,73.54575352064452,0.7979075353955964,2.4873125357367014
303,50,35,4,700,0,1.0,103162754.93051508,34844333.33333379,28147578.785023574,0.9248838658368551,0.8078093650337177,74.52108084141501,0.7850420356587092,2.431289527685683
304,50,35,4,700,0,1.0,97278818.92427497,33058666.66666719,26414120.835011818,0.8679252441977698,0.7990074464087501,79.02850882661761,0.7282274751138784,2.3674334322408788
305,50,35,4,700,0,1.0,94840638.866703,33165000.000000276,25156409.0776159,0.8265988721793097,0.7585228125317561,81.06018782523259,0.7039815500938652,2.31079980011927
306,50,35,4,700,0,1.0,102760735.50613296,35181666.66666721,27736365.140457563,0.911372051262117,0.7883755310187258,74.81262139799668,0.7812367615430883,2.411937186358069
307,50,35,4,700,0,1.0,110135251.84441638,36873833.333334014,30256885.722017583,0.9941922766605067,0.8205516754523404,69.80326345337862,0.8492618451825144,2.505703185544387
308,50,35,4,700,0,1.0,106818973.98088871,37053500.000000566,28523883.023045406,0.9372486138334964,0.769802664337916,71.9703598854586,0.819135307550092,2.434977439020425
309,50,35,4,700,0,1.0,84547172.63338351,28458833.333333388,23132391.23151916,0.7600929227931137,0.8128369480425801,90.92911992854113,0.5972106787330344,2.2474802371670983
310,50,30,2,600,0,0.9521345866067265,93311516.95708476,34248500.00000058,23718631.506628748,0.9092484672439998,0.6925451189578622,70.62150755764414,0.8377587347654717,2.343929416538488
311,50,30,2,600,0,1.0,99110356.89346926,34974500.00000045,26085973.593688227,0.9999999999999885,0.7458569413054623,66.48951942614008,0.8974851927339873,2.494170745778357
312,50,30,2,600,0,1.0,93532883.4948777,31302333.33333363,25704507.643505443,0.9853765875820951,0.8211690601394529,70.454365927475,0.8400957276711841,2.4970309757827462
313,50,30,2,600,0,1.0,98897261.22680262,34811333.33333379,26085973.59368827,0.99999999999999,0.7493529002151001,66.63278556205424,0.8953447619179975,2.4948270820900778
314,50,30,2,600,0,1.0,93783121.93317005,32041166.666667,25355714.136896808,0.9720056660270328,0.791348030509601,70.26637484616793,0.8427320305972563,2.475810455004937
315,50,30,2,600,0,1.0,91622015.0571577,32640666.666667007,23918889.40482647,0.9169253092632746,0.7327941444668069,71.9237619461764,0.8197717216033844,2.40600703717683
316,50,30,2,600,0,0.9772799402510207,92562644.78178868,32528833.33333368,24449237.895780187,0.9372561007918697,0.7516174233868391,71.19286636131767,0.8298189183236095,2.4083927972841015
317,50,30,2,600,0,1.0,97847308.80758463,34015666.666667044,26080696.994102594,0.9997977227276189,0.7667260280293092,67.34778994237593,0.8847384930608314,2.4981193154842787
318,50,30,2,600,0,1.0,89051818.86758795,31735000.000000186,23241780.804093197,0.8909685015443135,0.7323705941103849,73.99961150483001,0.7918946937745762,2.377791169062884
319,50,30,2,600,0,1.0,85426561.26020332,27765833.33333331,24002383.078023147,0.9201260206684598,0.864457507537075,77.13994222391712,0.7515138022186985,2.4430798082483585
320,50,30,2,800,0,0.9661444186993998,84801253.08012211,28788833.33333344,23045161.906680256,0.6625733698585057,0.800489607892418,103.60460112186055,0.4834809563049845,2.090017061318319
321,50,30,2,800,0,1.0,107082701.29352047,35044166.66666706,29932415.63047954,0.8605893754447124,0.8541340393449943,82.04686558959291,0.6924995021578397,2.3758067336338353
322,50,30,2,800,0,1.0,97647374.79643817,30616666.666666884,28149589.131171577,0.8093311822368311,0.9194204397769639,89.9747690945653,0.6067857686427591,2.3423221204643303
323,50,30,2,800,0,1.0,115426245.6200864,37189166.666667454,32637234.725923687,0.9383558545947922,0.8776005931635017,76.11613764964301,0.7644472203232757,2.466527694854077
324,50,30,2,800,0,1.0,110795397.08012368,36065333.3333339,31093495.240013935,0.8939716720273283,0.8621435701878105,79.29751805164244,0.724969784998033,2.4146846411482814
325,50,30,2,800,0,1.0,94466340.7657008,32153000.000000358,25617873.48252749,0.7365416147068512,0.7967490897436385,93.00455515463325,0.5769060104497714,2.2143052822446823
326,50,30,2,800,0,1.0,106090980.85992241,35354000.00000057,29250930.629536517,0.8409959434084654,0.8273725923385201,82.81382572567937,0.6837038460291563,2.3456019198999725
327,50,30,2,800,0,1.0,114544503.20958693,36701500.0000007,32517737.53518048,0.9349201809084902,0.8860056819252581,76.70206560610114,0.75701836916322,2.4658229147034265
328,50,30,2,800,0,1.0,104652715.59340106,35049666.666667014,28742972.633837484,0.8263916007564263,0.8200640795586416,83.95195432992656,0.6708570272667286,2.326908290913642
329,50,30,2,800,0,1.0,95888307.45676172,30955833.33333359,27074909.28424935,0.7784329724269937,0.8746302834979663,91.62535279874163,0.590320769140038,2.290024995938411
330,50,35,2,700,0,1.0,80408545.06550421,27507333.333333332,21719034.194974963,0.7136522989032098,0.7895725089663955,95.60924145235052,0.5523975141546756,2.1840555213277923
331,50,35,2,700,0,1.0,99847118.52326527,33443666.66666712,27422168.467510957,0.9010480572970462,0.819951016161822,76.99571218180597,0.7533224896956958,2.4092833026251537
332,50,35,2,700,0,1.0,105624075.76986697,34054166.66666719,29852448.72451535,0.9809031317363848,0.8766166271728341,72.78454219803189,0.8080949594452652,2.5093882611835325
333,50,35,2,700,0,1.0,103217368.09718166,34831500.00000043,28182412.11835689,0.9260284327724113,0.8091070473093763,74.48165111865427,0.7855581050411015,2.4328437428886027
334,50,35,2,700,0,1.0,98975970.31422201,33078833.333333842,27229549.689711925,0.8947189161228033,0.8231714043636618,77.67339866023347,0.744861752946287,2.4033988764372163
335,50,35,2,700,0,1.0,95418479.86670329,33176000.000000354,25431409.07761585,0.8356349269337036,0.7665604375939107,80.56929863837301,0.7097647911000889,2.3230131411752173
336,50,35,2,700,0,1.0,103617261.0792098,35196333.33333388,28145038.10600671,0.9248003832379107,0.7996582439271025,74.1942020077436,0.7893306008112666,2.4290571959529488
337,50,35,2,700,0,1.0,110010746.51108295,36778500.000000656,30256885.722017586,0.9941922766605069,0.8226786226196569,69.88226372253095,0.8481443824369295,2.5062872805326553
338,50,35,2,700,0,1.0,107708274.4808887,37070000.00000055,28947383.02304543,0.9511641381552663,0.7808843545466685,71.37613184365043,0.8272881658822991,2.4519956495196342
339,50,35,2,700,0,1.0,83679047.13338324,27463333.33333331,23343224.564852476,0.7670205647714831,0.8499778334088782,91.8724610683694,0.5878945496638041,2.2678768163909067
340,50,25,2,700,0,0.9140779225243336,81711860.92427346,28028000.00000007,22021454.168345213,0.7235893295875605,0.7856948112011259,94.08426038815436,0.5666173864537497,2.109251157938984
341,50,25,2,700,0,0.9252095775221266,95846846.06762259,32708500.000000425,25936657.752214275,0.8522365803455476,0.7929638397423893,80.20921204414014,0.7140372117271679,2.2736178610432063
342,50,25,2,700,0,0.9388797007443513,93713276.73299982,30182166.666666884,26505628.95705155,0.8709320529294895,0.878188410056204,82.03533445856823,0.6926326033223866,2.3340630321117013
343,50,25,2,700,0,1.0,103221034.7638483,34831500.00000043,28182412.11835689,0.9260284327724113,0.8091070473093763,74.47900534603575,0.7855927459402716,2.4328783837877728
344,50,25,2,700,0,0.9357116973917922,88468703.42967452,29408500.00000019,24439174.766393274,0.803031713968623,0.8310241857419833,86.89852684583741,0.638707433010713,2.239238478996092
345,50,25,2,700,0,0.9056493194215681,91097752.09094077,31018166.66666693,24696287.50167855,0.8114800221653145,0.7961878523342236,84.39066632868666,0.6659696996630752,2.208569300952022
346,50,25,2,700,0,0.9458856594500996,99486690.2321719,33221833.33333363,27385867.528308302,0.8998552672087874,0.8243334211429649,77.27465836946627,0.749828344367276,2.3551807407317478
347,50,25,2,700,0,0.9681121110447368,109487659.84441622,36375166.666667305,30256885.722017583,0.9941922766605067,0.8318006072462546,70.21613221914224,0.8434380106600434,2.476990607501784
348,50,25,2,700,0,0.9922581375216565,93116961.48088776,32682833.333333604,24620716.35637857,0.8089968766861035,0.7533225808567708,82.56068365780943,0.686594509736089,2.281510711943162
349,50,25,2,700,0,0.9541650459751047,82271714.52326337,26575999.999999892,23220168.46751089,0.7629771406498802,0.8737269892952658,93.44402319251749,0.572695918404763,2.2258425558160804
350,50,30,4,600,0,0.9521345866067265,92071645.00898075,34276000.00000059,23095992.683737595,0.885379746352486,0.6738240367527483,71.57252375970067,0.8245847142959115,2.3157785303048364
351,50,30,4,600,0,1.0,100397159.76969299,35995666.66666713,26063113.276244175,0.9991236548115695,0.7240625244587914,65.63731499094929,0.9103234984431577,2.489573518010191
352,50,30,4,600,0,1.0,94407886.22680214,31373833.333333623,26085973.59368823,0.9999999999999886,0.8314563705536352,69.80137214563727,0.8492886158628125,2.5144537123057207
353,50,30,4,600,0,1.0,98957119.56013608,34857166.66666718,26085973.593688287,0.9999999999999908,0.7483675837208391,66.59247994779587,0.8959464209907282,2.4946404879673993
354,50,30,4,600,0,1.0,93778333.26650333,32037500.000000317,25355714.136896808,0.9720056660270328,0.7914385996690303,70.26996290574733,0.8426816358918439,2.475832515627068
355,50,30,4,600,0,1.0,91225289.74964115,32690166.66666694,23693719.903842468,0.908293486487893,0.7247965464795918,72.23654776087923,0.8155092920554523,2.395346529239126
356,50,30,4,600,0,0.9772799402510207,91858460.69211629,32514166.666667007,24114914.116860896,0.9244398730318224,0.7416740636192627,71.7386286505187,0.8223050786747722,2.392924269821203
357,50,30,4,600,0,1.0,97840125.80758442,34010166.666666985,26080696.99410259,0.9997977227276187,0.7668500201636475,67.35273432660661,0.8846655879472407,2.4981456040781587
358,50,30,4,600,0,1.0,89182915.39049046,32263000.000000175,22969222.7381599,0.8805200486639024,0.7119369785252386,73.89083403638841,0.7933316676351626,2.3628812504553536
359,50,30,4,600,0,1.0,82936331.76020338,27760333.33333333,22790549.744689856,0.8736706591700302,0.8209753633370107,79.45613050566682,0.7230558286453915,2.379836119315
360,50,30,4,800,0,0.9661444186993998,83334180.26006694,28816333.333333448,22311639.30050399,0.6414838002989742,0.7742705861434107,105.42852851712857,0.4690048628909729,2.0545657505051014
361,50,30,4,800,0,1.0,103765595.46196331,35027666.66666709,28324042.359831646,0.8143469015476377,0.8086191589457279,84.66968228617311,0.6628799530792518,2.3097752802358342
362,50,30,4,800,0,1.0,94999786.52350783,30589166.66666686,26874980.40841388,0.7726848006618853,0.8785783771514003,92.48231308210299,0.5819493370967302,2.2848120388178508
363,50,30,4,800,0,1.0,118585882.40591565,37823500.00000083,33774959.20249569,0.9710666658039031,0.8929622907053801,74.0880771112913,0.7907279633762407,2.5050977959405447
364,50,30,4,800,0,1.0,110738093.42673501,36283500.00000052,30926472.633837648,0.889169591162594,0.8523563777980956,79.33855214703274,0.7244741465127804,2.406359248751257
365,50,30,4,800,0,1.0,94420848.4323675,32118166.666667033,25617873.48252749,0.7365416147068512,0.7976131934427723,93.04936511233704,0.5764753190648575,2.214565873819075
366,50,30,4,800,0,1.0,103997918.12342948,35370500.00000059,28218909.284249507,0.8113242117329978,0.7978091710393983,84.4805372889543,0.6649729240856231,2.3032202609171417
367,50,30,4,800,0,1.0,112470582.68347503,36910500.00000064,31372361.973388445,0.9019893927108102,0.8499576536050149,78.11642645015719,0.7393821005579754,2.4193482234419874
368,50,30,4,800,0,1.0,104778141.26006745,35421833.33333361,28566972.633837495,0.821331410093965,0.8064792232804797,83.85145884763278,0.6719816038027576,2.3171649824271414
369,50,30,4,800,0,1.0,93709437.62862976,31104333.333333693,25916875.693164665,0.7451382521745875,0.8332239567851542,93.75576486562753,0.5697280820038115,2.2363072474319345
370,50,35,4,800,0,0.9991572270198226,94481522.12862974,31958666.66666702,25750042.35983134,0.7403416131091294,0.805729557756823,92.9896111118825,0.5770497168133677,2.2207905900386486
371,50,35,4,800,0,1.0,103763762.12862997,35027666.66666709,28324042.359831646,0.8143469015476377,0.8086191589457279,84.67117825882941,0.6628634257805522,2.309758752937135
372,50,35,4,800,0,1.0,94997953.19017449,30589166.66666686,26874980.40841388,0.7726848006618853,0.8785783771514003,92.48409786694965,0.5819320264482235,2.284794728169344
373,50,35,4,800,0,1.0,118584049.0725823,37823500.00000083,33774959.20249569,0.9710666658039031,0.8929622907053801,74.08922252791717,0.7907128683043958,2.5050827008686998
374,50,35,4,800,0,1.0,110736260.09340167,36283500.00000052,30926472.633837648,0.889169591162594,0.8523563777980956,79.33986566450342,0.7244582865289092,2.406343388767386
375,50,35,4,800,0,1.0,94419015.09903418,32118166.666667033,25617873.48252749,0.7365416147068512,0.7976131934427723,93.05117185118648,0.5764579603203032,2.214548515074521
376,50,35,4,800,0,1.0,103996084.79009615,35370500.00000059,28218909.284249507,0.8113242117329978,0.7978091710393983,84.48202658526138,0.6649564185951345,2.303203755426653
377,50,35,4,800,0,1.0,112468749.3501417,36910500.00000064,31372361.973388445,0.9019893927108102,0.8499576536050149,78.1176998123073,0.739366409038129,2.419332531922141
378,50,35,4,800,0,1.0,104776307.92673412,35421833.33333361,28566972.633837495,0.821331410093965,0.8064792232804797,83.85292604644515,0.6719651718268161,2.3171485504511997
379,50,35,4,800,0,1.0,93707604.29529643,31104333.333333693,25916875.693164665,0.7451382521745875,0.8332239567851542,93.75759914119367,0.5697106649650406,2.2362898303931638
380,50,25,4,800,0,0.8982257926049102,89186673.96196279,30257333.333333597,24248542.3598314,0.6971718615200064,0.8014104247950201,98.51023263573047,0.5263245661662763,2.0656786986072024
381,50,25,4,800,0,0.9820586506977661,88791970.96018638,29925500.000000153,24267415.630479258,0.6977144884967246,0.8109276580334207,98.94813579416413,0.5224972300121367,2.153298007136639
382,50,25,4,800,0,0.9464986432069864,98446086.52350774,31615833.333333507,27901647.07508061,0.8022025795262459,0.8825213234428042,89.24478676866507,0.6142132411672591,2.2667289431284887
383,50,25,4,800,0,1.0,117410708.40591551,37238666.666667454,33573292.53582901,0.9652685306698323,0.9015707473189595,74.82963112381105,0.7810153158821553,2.5022719137373226
384,50,25,4,800,0,0.9614672356582368,105881621.05487043,34246666.666667044,29853655.95650034,0.858324949496712,0.871724429331322,82.97757356252588,0.6818404727830176,2.3406872519063118
385,50,25,4,800,0,0.9185951063752561,104397397.96759611,34424500.00000035,29015943.208522,0.8342398004902065,0.8428864096362098,84.15726992282913,0.6685653270461099,2.2614695611303337
386,50,25,4,800,0,0.9835684892456695,94964933.22153683,32143833.333333638,25866155.956499986,0.7436800048003084,0.804700412930414,92.51625523185744,0.5816202200042002,2.2089490395942013
387,50,25,4,800,0,0.9411811880840788,111380016.83676872,36322000.00000061,31214324.7942574,0.8974456526076247,0.8593779195599602,78.88129531238889,0.7300164176168621,2.358699941348909
388,50,25,4,800,0,1.0,103031262.426734,34494166.666666895,28304805.967170816,0.813793834419673,0.8205679018337583,85.27314713092662,0.6562462897223029,2.3127006111893094
389,50,25,4,800,0,0.9448811897224293,91507094.6286293,29733000.000000224,25715209.026497994,0.7393401170405168,0.8648709859919214,96.01222763826267,0.5486998029871949,2.1854777815031614
390,50,25,2,800,0,0.8982257926049102,90640626.9134559,30229833.333333578,24975661.90668019,0.7180773361873785,0.8261925109305924,96.93004449747157,0.5403702416785389,2.099550043027923
391,50,25,2,800,0,0.87320315017464,99679992.83997197,32633333.333333727,27855308.039679658,0.800870282058954,0.8535845160269455,88.14005448520525,0.6256270150324473,2.181697778028644
392,50,25,2,800,0,0.9464986432069864,101093674.79643811,31643333.33333353,29176255.797838256,0.8388489611011902,0.9220348403404004,86.90751441859302,0.6386117663505885,2.322738281829895
393,50,25,2,800,0,1.0,114251071.62008627,36604333.33333408,32435568.059257004,0.9325577194607212,0.8861127933648022,76.89905989866782,0.7545369732642945,2.463427207956136
394,50,25,2,800,0,0.9614672356582368,106303566.26006791,34028500.0000004,30198639.300504282,0.8682435943605387,0.8874513804753051,82.64821500443223,0.6855935976397858,2.357021937678267
395,50,25,2,800,0,0.9185951063752561,104442890.30092943,34459333.33333367,29015943.208522,0.8342398004902065,0.8420343750659244,84.12061342505585,0.6689739062327879,2.2611965126607836
396,50,25,2,800,0,0.9835684892456695,97160921.29009522,32127333.333333634,26948409.284249388,0.7747959603883505,0.8388000648746385,90.42524384642329,0.6022471333249888,2.256855674470369
397,50,25,2,800,0,0.9411811880840788,113925731.94343908,36294500.00000068,32474271.161592845,0.9336704755803128,0.8947435881908343,77.1186618696635,0.7517803908240318,2.4087564494607783
398,50,25,2,800,0,1.0,102905836.76006752,34122000.00000028,28480805.967170805,0.8188540250821342,0.8346757507523173,85.37708138445767,0.6551104992648429,2.3228510998666967
399,50,25,2,800,0,0.9448811897224293,93136162.46018621,29584500.000000127,26604915.630479164,0.7649201457325387,0.899285626949215,94.33285383382366,0.5642746202998127,2.228584311581614
400,50,25,6,800,0,0.8982257926049102,87454520.00343429,30275666.66666695,23391491.46092372,0.6725307197250809,0.7726168912632863,100.46135979769812,0.5094844246656653,2.0258037302812046
401,50,25,6,800,0,0.9975557477531681,87619006.6701009,30873333.333333608,23090824.794257093,0.663886227343377,0.7479213386176923,100.27276425399224,0.5110883857122662,2.106981204359588
402,50,25,6,800,0,0.9464986432069864,96417822.1901744,31570000.000000168,26940980.408413906,0.7745823721603091,0.8533728352364195,91.12215771344532,0.5952923625079687,2.2244892739040907
403,50,25,6,800,0,1.0,117764368.4365977,37411000.00000077,33636051.29490606,0.9670729129804536,0.8990952205208459,74.6049090793547,0.7839459899908431,2.50322216640752
404,50,25,6,800,0,1.0,108752190.09340146,36021333.3333338,30123472.633837588,0.8660824712651116,0.8362675627545861,80.7873385580037,0.7071901876859711,2.37620423788964
405,50,25,6,800,0,0.9185951063752561,104094716.06050332,34585833.33333366,28765390.13852394,0.8270361283012563,0.8317101936300604,84.40197862582573,0.6658441507133688,2.2498074119926734
406,50,25,6,800,0,0.9835684892456695,98614899.62348983,33621500.00000035,26705655.095243916,0.7678165144765385,0.7943029042500673,89.09201381884532,0.6157791533743301,2.2347899660200534
407,50,25,6,800,0,0.9411811880840788,108893893.08012383,36316500.00000062,30004495.24001381,0.8626617423033441,0.8261945738166756,80.68221046643481,0.7084303664290261,2.3105672135664452
408,50,25,6,800,0,1.0,103031262.426734,34494166.666666895,28304805.967170816,0.813793834419673,0.8205679018337583,85.27314713092662,0.6562462897223029,2.3127006111893094
409,50,25,6,800,0,0.9448811897224293,90210911.52658793,29751333.333333574,25070930.629536197,0.7208164151749955,0.8426825900083804,97.39176615470241,0.5362278566363194,2.155255118365453
410,50,25,4,700,0,0.9140779225243336,80188861.24839191,28070166.666666765,21251288.55460765,0.6982829344759777,0.7570773913445796,95.87117063785675,0.5499912863042643,2.069731121904262
411,50,25,4,700,0,1.0,90266151.52326472,30948500.00000029,24334835.134177536,0.7996032825876961,0.7863009559163547,85.16813744982345,0.6573958322648222,2.286436596997906
412,50,25,4,700,0,0.9388797007443513,92532331.39966647,30163833.33333355,25940962.29038484,0.8523780205004625,0.860002175576203,83.08231170351459,0.680651265986408,2.3075327071917218
413,50,25,4,700,0,1.0,103166421.59718177,34844333.33333379,28147578.785023574,0.9248838658368551,0.8078093650337177,74.51843226682207,0.7850766904634194,2.4313241824903935
414,50,25,4,700,0,0.9684872246318805,92344636.92427433,31377500.00000033,25075787.50167847,0.8239497777263778,0.7991646084512216,83.25118010160408,0.67873828445116,2.2865571958440176
415,50,25,4,700,0,0.9056493194215681,90538601.20003614,31007166.66666686,24430409.07761593,0.8027436876277064,0.7878955642818847,84.91184862702443,0.6602098914849289,2.196175662332005
416,50,25,4,700,0,0.9458856594500996,98395392.42301148,33207166.66666695,26862615.62860418,0.8826620569685404,0.8089403079236094,78.13170729529072,0.7391938181453942,2.3322317239343815
417,50,25,4,700,0,0.9681121110447368,109612165.17774968,36470500.00000066,30256885.722017594,0.994192276660507,0.8296262930866602,70.13637571644792,0.8445599172555605,2.4763730627696257
418,50,25,4,700,0,0.9922581375216565,92125075.91555491,32666333.333333608,24147150.438695405,0.7934362673697376,0.7392060257358299,83.44959202038442,0.6764974953974827,2.2601204535078034
419,50,25,4,700,0,0.9541650459751047,83144052.96671672,27571500.000000015,23011391.231519163,0.7561170587011798,0.834607882469911,92.46361857146286,0.5821306863151268,2.2039820382661603
420,50,20,6,800,0,0.8655563208094899,78822529.79009458,27406500.00000011,21006575.950916145,0.6039618152108767,0.7664815263136869,111.46305533959261,0.4241290151614079,1.9028705570218474
421,50,20,6,800,0,0.9849856815505671,87911198.29529561,29883333.333333455,23863542.35983152,0.6861026944458752,0.798556911093076,99.93948632673973,0.5139351928397088,2.1377664032647368
422,50,20,6,800,0,0.9177607869328904,90843693.19017436,29797166.666666817,25349647.075080447,0.7288298149205493,0.8507401847518048,96.71337317393731,0.542325148246759,2.1406780829810934
423,50,20,6,800,0,0.976650395221071,114337111.4981316,34855333.333333924,33591449.24262099,0.9657905556594337,0.9637391477904986,76.84119254791189,0.75526504189772,2.50290675535119
424,50,20,6,800,0,0.9816367695192787,100889826.55487025,32347333.333333664,28627155.95650026,0.823061745817681,0.8849927646740575,87.08311135039695,0.636745527451417,2.326376508709942
425,50,20,6,800,0,0.8386412384687618,76309910.84560323,25545666.666666526,20966375.555036638,0.6028060102798726,0.8207409823598297,115.13314460262161,0.39896334105154485,1.8941973654081705
426,50,20,6,800,0,0.9168029122111431,91754900.38820323,30809166.66666688,25149322.623166673,0.7230702699146585,0.8162935043087772,95.75292396186367,0.5510762657704014,2.1209139814285662
427,50,20,6,800,0,0.8959463583640723,107919232.5801236,36083666.666667216,29676328.57334713,0.853226595130629,0.8224310696440682,81.41088284219467,0.699878838085249,2.253770052164576
428,50,20,6,800,0,0.9311898305035556,92778031.79009432,30723000.00000003,25703575.950916108,0.739005653515317,0.83662324483013,94.69698624214658,0.5608604794989024,2.161348905866562
429,50,20,6,800,0,0.9457974855429012,83797829.79351917,27230500.000000004,23546915.630479172,0.6769993329722702,0.8647257902160873,104.84519732370782,0.47358685305463133,2.1111649707704023
430,50,25,6,900,0,0.8796619696365398,83750801.8471897,28539500.00000012,22690522.944780607,0.5798907693512488,0.7950567790178704,118.01439248347515,0.38025753147776187,1.895964924328598
431,50,25,6,900,0,0.9543812544941462,83804704.1238744,29162833.333333515,22319526.821477115,0.570409400063624,0.7653415073344602,117.93848690630112,0.3807388970230006,1.9473933573847149
432,50,25,6,900,0,0.9716096652111674,86112836.8806122,27831833.33333333,24294352.959465545,0.6208790807880379,0.8728980469414118,114.77731262881295,0.4013364361742353,2.0712645389385322
433,50,25,6,900,0,1.0,118520413.86862378,37576000.00000058,33899865.561390445,0.8663625412749907,0.9021680211142729,83.39322887410677,0.67713328609859,2.3988677029900085
434,50,25,6,900,0,1.0,91332097.85339509,29674333.333333515,25667196.284395844,0.6559641766154869,0.8649628618804922,108.2182522059805,0.4476974825760433,2.139667772080437
435,50,25,6,900,0,0.8950343019973861,87523280.02006127,29315000.000000037,24037362.95106262,0.6143113108846723,0.8199680351718435,112.92766904684706,0.4139012676865831,1.9649099978214442
436,50,25,6,900,0,0.9098904506690922,92432219.555223,31153833.333333578,25261093.16181298,0.6455855946513946,0.810850237642648,106.93024626650873,0.457411996060054,2.0159826368432645
437,50,25,6,900,0,0.9535247489570295,120729843.03476109,39176500.00000089,33958028.648816645,0.8678489872946574,0.866795876324222,81.8670823348475,0.6945776109194421,2.3415390609358493
438,50,25,6,900,0,1.0,102407940.79054107,34237500.000000186,28164193.48814389,0.719778731840731,0.8226124421509672,96.51400002481955,0.544130230170606,2.20222018389138
439,50,25,6,900,0,0.9703205534338267,96441184.22189024,31036500.00000041,27292426.49514644,0.6974994025588732,0.8793654727545335,102.48526166227408,0.49258527095039967,2.166398202587853
440,50,25,4,900,0,0.8796619696365398,85383475.01385628,28521166.66666676,23499022.94478058,0.6005532145562994,0.823915207236047,115.75776224141765,0.39483155923050944,1.9336256946558867
441,50,25,4,900,0,0.9139268233543131,94282950.08020997,31018166.66666694,26250800.917622544,0.6708790792196435,0.8463040772113861,104.83125519080055,0.4736969126888269,2.064666997812249
442,50,25,4,900,0,0.9716096652111674,88743518.35645796,27859333.33333335,25560710.43913641,0.6532427691414155,0.9174918198259011,111.37489456187134,0.4247526656256333,2.130355786697522
443,50,25,4,900,0,1.0,118242680.92428823,37539333.333333984,33787690.70650071,0.8634957425210714,0.9000610215018945,83.5891060887623,0.6749263074983571,2.3949751246998727
444,50,25,4,900,0,0.9690270809358775,88795063.56553125,28407500.00000007,25236474.003024396,0.6449564146644267,0.8883736338299509,111.31024184363245,0.42521060254541115,2.1049365905452495
445,50,25,4,900,0,0.8950343019973861,89231827.52006127,29326000.00000004,24864196.284395926,0.6354422922621729,0.847855018904586,110.76541044480912,0.42908932108020775,2.0024076382012628
446,50,25,4,900,0,0.9098904506690922,94067513.68672861,31144666.66666691,26065029.617729202,0.6661314115576555,0.8369018649869104,105.07134304533493,0.47180521872801884,2.0512171613866395
447,50,25,4,900,0,0.9535247489570295,122829396.53476098,39182000.000000864,34979195.31548341,0.8939464521001327,0.8927363410617793,80.46770788459311,0.7109675680734727,2.378681389879926
448,50,25,4,900,0,0.9975240447891145,99664009.12387428,33430833.333333474,27339193.488143828,0.6986946040804732,0.81778378706714,99.17120620459126,0.5205582754147607,2.172309349857587
449,50,25,4,900,0,0.9703205534338267,97736186.7218902,31053000.0000004,27913926.495146506,0.7133827788049346,0.8989123915610777,101.12733401523535,0.5038606350430468,2.193311101725736
450,50,25,4,600,0,0.901467927351855,75449521.90682627,28365333.333333455,18750152.874650575,0.7187829431517615,0.6610235337025416,87.34051367665181,0.6340197155513946,2.064306469865283
451,50,25,4,600,0,0.8919952799731141,90541438.0829746,32222666.666666962,23657053.2371758,0.9068878779705426,0.7341742842670455,72.78214417094779,0.8081272573173418,2.2874619647040926
452,50,25,4,600,0,0.9496392851093374,93899726.56013547,30983333.333333623,26085973.593688264,0.9999999999999898,0.8419356727387203,70.17911810190145,0.8439584897426836,2.4671463130429974
453,50,25,4,600,0,1.0,99854433.56013617,35542833.33333387,26085973.593688298,0.9999999999999911,0.7339306168713216,65.99406521124943,0.9049269227779786,2.492071416275036
454,50,25,4,600,0,1.0,93780166.59983666,32037500.000000317,25355714.136896808,0.9720056660270328,0.7914385996690303,70.26858917961741,0.8427009296757534,2.475851809410978
455,50,25,4,600,0,0.9449067104842035,87490280.08297426,30985166.666666858,22956719.903842468,0.8800407552891496,0.7408938654681754,75.3203669453378,0.7746534979019161,2.31227530076066
456,50,25,4,600,0,0.9604862263249467,93352284.5254498,32503166.666667048,24850080.783527534,0.9526223238046971,0.764543376292379,70.59066667193862,0.8381894658135082,2.410310393172358
457,50,25,4,600,0,1.0,97841959.14091775,34010166.666666985,26080696.99410259,0.9997977227276187,0.7668500201636475,67.35147229123838,0.8846841961306255,2.4981642122615435
458,50,25,4,600,0,1.0,89184748.72382379,32263000.000000175,22969222.7381599,0.8805200486639024,0.7119369785252386,73.88931509362068,0.7933517516460314,2.3629013344662226
459,50,25,4,600,0,1.0,89675435.7836016,30754166.666666653,24170405.458077744,0.9265671212641934,0.7859229521661918,73.48500670687609,0.7987157834883102,2.427454145221264
460,50,25,4,500,0,0.9120311431679379,75395300.25748304,29456166.66666688,18028410.569781475,0.8293381347657311,0.6120419799967639,72.84008394747303,0.8073472554425254,2.2090119826078745
461,50,25,4,500,0,0.8671330934344877,84047882.53346652,31256500.00000016,21103738.50665326,0.9708085503126912,0.6751791949403533,65.34132490266192,0.914825372441896,2.3221018218286664
462,50,25,4,500,0,0.9251370106386425,79643985.76091324,29047333.33333344,20362535.429109856,0.936711924022029,0.701012213253418,68.95435917140152,0.8613629492597553,2.347309730501132
463,50,25,4,500,0,0.9882330589060787,93948567.57789266,37841833.33333411,21738311.3280736,0.9999999999999916,0.5744518542901766,58.455388321346724,0.9742564720224454,2.4220510143606653
464,50,25,4,500,0,0.9094246747497083,85914378.86501668,31696500.000000216,21734219.878810354,0.9998117862421932,0.6856977861533672,63.921779713130135,0.9367273740975967,2.394710277769999
465,50,25,4,500,0,0.9057967313704736,73644508.87371178,27578833.333333336,18370531.579816982,0.8450762942240365,0.6661098153710991,74.57175129536859,0.784379341584517,2.22306392525187
466,50,25,4,500,0,0.9364023954363505,88829482.91122441,33922166.66666707,21738311.328073625,0.9999999999999928,0.6408290938984843,61.82406809109165,0.9700563320898462,2.4191220026449844
467,50,25,4,500,0,1.0,94674618.11743337,38404666.66666743,21733914.16175217,0.9997977227276192,0.5659185731356886,58.00709957116522,0.9667849928527537,2.4195198513613043
468,50,25,4,500,0,1.0,81168422.92414886,29487333.333333295,20826077.236448158,0.9580356506143362,0.7062719779040102,67.659316297571,0.8801567418550962,2.4451743241783044
469,50,25,4,500,0,0.9517147264116528,76821570.0334659,27417499.99999996,20023905.17331989,0.9211343453095259,0.7303330053184981,71.48773446842597,0.8257508039264837,2.361731934592935
470,50,25,2,600,0,0.901467927351855,76574238.90682623,28277333.333333433,19355152.874650557,0.7419754836880427,0.6844758890978813,86.05766239502971,0.6477215555185294,2.0967701941486894
471,50,25,2,600,0,0.8919952799731141,94565700.47533987,32239166.66666693,25610549.28030182,0.9817747146113137,0.7943924092424312,69.68488539582529,0.8509390653154115,2.3784482726824705
472,50,25,2,600,0,0.9496392851093374,93024723.82821092,30911833.333333608,25704507.64350546,0.9853765875820957,0.8315426447316906,70.83923207522128,0.8347242335333647,2.449597634428055
473,50,25,2,600,0,1.0,99794575.22680277,35497000.00000053,26085973.593688264,0.9999999999999898,0.7348782599568379,66.03364947466719,0.9043301052430625,2.4922327132085327
474,50,25,2,600,0,1.0,93784955.2665034,32041166.666667,25355714.136896808,0.9720056660270328,0.791348030509601,70.2650012603209,0.8427513235645945,2.4758297479722753
475,50,25,2,600,0,0.9449067104842035,88200697.89049083,31029166.66666693,23275389.40482647,0.8922568797837749,0.7501132613345382,74.71369453540872,0.7825259123774035,2.327523231929238
476,50,25,2,600,0,0.9604862263249467,94056468.61512214,32517833.33333372,25184404.56244683,0.9654385515647447,0.7744797848087417,70.06216687727643,0.8456051270051783,2.4256751811771187
477,50,25,2,600,0,1.0,97849142.14091796,34015666.666667044,26080696.994102594,0.9997977227276189,0.7667260280293092,67.34652809229196,0.8847571000455202,2.4981379224689677
478,50,25,2,600,0,1.0,89053652.2009213,31735000.000000186,23241780.804093197,0.8909685015443135,0.7323705941103849,73.99808808663128,0.791914800476299,2.377811275764607
479,50,25,2,600,0,1.0,91959057.78360155,30759666.666666634,25281405.45807771,0.9691570593399096,0.8219011516621682,71.6601513633072,0.823381320222894,2.4809022415526285
480,50,20,4,600,0,0.8460196688476652,76980407.4753391,28051833.333333388,19696215.94696866,0.755050060762698,0.7021364954269876,85.60359987846338,0.6526419179628669,2.0603707831521225
481,50,20,4,600,0,0.9087299093206832,84405096.41065514,29118833.333333448,22639694.197488725,0.8678876452963356,0.7774931755789886,78.07348466185883,0.7399114631274037,2.2706359129112776
482,50,20,4,600,0,0.9902941294793273,92654620.5780105,30083166.66666691,26051165.565971565,0.9986656419936963,0.8659715200407101,71.12219508202207,0.8307969002465171,2.5138682457584127
483,50,20,4,600,0,0.978373375241191,97047713.89346924,33392333.333333775,26085973.59368828,0.9999999999999903,0.7811964900232967,67.90268142981425,0.8765939811394227,2.479924548399251
484,50,20,4,600,0,1.0,78439312.11512062,26894999.999999914,21145571.22911367,0.8106107733786028,0.7862268536573244,84.01144556607726,0.6701921883580593,2.299173671283919
485,50,20,4,600,0,0.8858907575033353,87511070.08297431,30251833.33333353,23433386.570509166,0.8983136660147063,0.7746104612009965,75.30247308999682,0.7748845579820145,2.280463684446147
486,50,20,4,600,0,0.8375147146567681,87532388.0254492,30130833.333333526,23520914.116860952,0.9016690150507478,0.7806260735191791,75.28413366357695,0.7751214431552387,2.23713701662735
487,50,20,4,600,0,0.9487958742588668,95631428.47425091,32316166.666666903,26080696.994102605,0.9997977227276194,0.8070479788991809,68.90830875515287,0.862024305064117,2.4564585624423287
488,50,20,4,600,0,0.9066858024609838,86636839.52544883,30719333.33333344,22708747.450194314,0.8705347863914372,0.7392330817789309,76.062331406541,0.7651330616814594,2.2632053295655883
489,50,20,4,600,0,0.8434208984156342,83328077.07116689,28031666.666666552,22807005.24052401,0.8743014769455313,0.8136157407880649,79.08258814579314,0.7275714033899103,2.2218848944359966
490,50,25,6,500,0,0.9120311431679379,73531006.20013352,29439666.66666693,17129071.83998665,0.7879669943757516,0.5818364736914988,74.68686046608224,0.7828759632253499,2.1603762853464867
491,50,25,6,500,0,0.9836672219644854,88495456.52900212,34518000.000000365,21195517.421018697,0.9750305394534443,0.61404245382173,62.057423232798435,0.9662908653808107,2.4411920504026803
492,50,25,6,500,0,0.9827156498084771,88190195.9112243,33432666.66666705,21738311.328073636,0.9999999999999933,0.650211708949532,62.272228145725634,0.9628376500459476,2.46572266701405
493,50,25,6,500,0,0.9882330589060787,94882357.57789257,38556833.33333407,21738311.328073654,0.9999999999999941,0.5637991880749171,57.88009636556059,0.9646682727593432,2.4039406821253557
494,50,25,6,500,0,0.9621586414014907,87938790.91122422,33240166.666667018,21738311.328073647,0.9999999999999938,0.6539772061333452,62.45025594613952,0.9599850197180935,2.4453254260262605
495,50,25,6,500,0,0.9057967313704736,72970919.20013246,27630166.666666616,18009071.839986652,0.8284485196754436,0.6517901993589139,75.2601181429277,0.775431754337197,2.202660645194802
496,50,25,6,500,0,0.9364023954363505,89374183.26002446,34622500.00000029,21557767.167735483,0.991694655688129,0.6226519508335707,61.447274813378776,0.9761673453279995,2.4106913014312066
497,50,25,6,500,0,1.0,94660252.11743326,38393666.666667394,21733914.161752194,0.9997977227276201,0.5660807119686002,58.0159029492865,0.9669317158214417,2.4197962853963215
498,50,25,6,500,0,1.0,81168422.92414886,29487333.333333295,20826077.236448158,0.9580356506143362,0.7062719779040102,67.659316297571,0.8801567418550962,2.4451743241783044
499,50,25,6,500,0,0.9517147264116528,75323853.7142358,27538500.00000003,19215831.81107964,0.8839615700168715,0.6977806275243611,72.90917457350008,0.8064181217104571,2.316357350141599
500,50,25,8,700,0,0.9132624714448873,73704500.39966558,26286333.33333328,19223628.95705165,0.631657323033099,0.7313164872894033,104.3057066842947,0.477864315898815,1.9761799771752249
501,50,25,8,700,0,0.9590939460288935,85419857.23217157,30884333.333333556,22010534.194975007,0.7232305169428707,0.7126763578613163,90.00015042292245,0.6065291391126331,2.13576417143058
502,50,25,8,700,0,0.9489106334426403,91168230.56633295,30255500.00000015,25216795.623718217,0.8285830763138892,0.8334615400081999,84.32542731435865,0.6666942135927894,2.2823740790419897
503,50,25,8,700,0,1.0,105161997.45987768,35893000.00000033,28453102.06273464,0.9349228660773627,0.7927200864439969,73.1043550492954,0.8037990993255476,2.437975168480745
504,50,25,8,700,0,0.9884095666092096,103207008.59094083,34615166.66666695,28313454.168345366,0.9303342623681353,0.8179493815816323,74.48912728853968,0.7854602283749472,2.4282293002494626
505,50,25,8,700,0,0.9056493194215681,89785559.69877328,31159333.333333485,23965903.871208314,0.7874807986138845,0.7691404567237702,85.62401377005658,0.6524199063766378,2.1733815911772223
506,50,25,8,700,0,0.9182416260941243,91447274.89966626,31907333.333333496,24300128.95705155,0.7984628937992373,0.7615844515488004,84.06811475175031,0.6695594997620098,2.1970686870951743
507,50,25,8,700,0,0.9681121110447368,108186924.9242751,37306500.00000058,29028454.16834539,0.9538280047295645,0.778107144019003,71.06034306253771,0.8316537829377014,2.422251609197641
508,50,25,8,700,0,0.9922581375216565,92734008.41555431,32847833.33333343,24328650.438695475,0.7994000635076409,0.7406470372585326,82.90162510338033,0.6827040981476844,2.267479865476167
509,50,25,8,700,0,0.9541650459751047,79745663.52326395,27731000.000000067,21251168.46751097,0.6982789886084108,0.7663325688763808,96.40398813356494,0.545128825297165,2.112359926373374
510,50,20,4,700,0,0.8121570322257057,78673438.73299865,26770333.333333198,21339295.623718277,0.7011747042769141,0.7971247633718315,97.71785908698868,0.5333214266071672,1.9831782695303382
511,50,20,4,700,0,0.9335372883929136,87359722.44282827,29439666.6666668,23877184.533672098,0.7845656248256992,0.8110548534405505,88.00165322218379,0.6270718068846493,2.2094529780300034
512,50,20,4,700,0,0.9828242317970164,90402751.34016319,29227000.000000168,25497863.676669244,0.837818517463623,0.8724078310010981,85.03944720744958,0.658807352614329,2.339557849212224
513,50,20,4,700,0,0.9796590086689967,101025326.59718145,33203500.00000037,28147578.785023607,0.9248838658368561,0.8477292690536627,76.09774953416964,0.7646815352892072,2.422523959201134
514,50,20,4,700,0,0.9491662006356663,79194758.4242731,26706166.666666634,21634620.835011892,0.7108786125663777,0.8100983231717488,97.07460636237887,0.5390698600229549,2.1363147191960206
515,50,20,4,700,0,0.7970179048142324,73315352.67542754,25204666.66666652,19722250.532989,0.6480412207127095,0.7824840849441551,104.85934690970466,0.47347518192424665,1.8964803546938032
516,50,20,4,700,0,0.892164961958588,88412589.92301106,29844833.333333492,24132782.29527085,0.7929641534399074,0.8086083787345901,86.95367941030199,0.6381205968834591,2.1771722618297193
517,50,20,4,700,0,0.9087808039838615,109238997.99087633,37148833.33333374,29641510.488469917,0.9739720428247407,0.7979122849565377,70.37596592237222,0.8411941703197439,2.3883048022688356
518,50,20,4,700,0,0.9072250018025225,93065792.63338327,31824833.33333333,25141724.564852603,0.826116362865234,0.7900033380070891,82.60607665251152,0.6860752631631146,2.2253029353713085
519,50,20,4,700,0,0.8105646765249683,75336859.91332011,24243999.99999975,21321146.53326203,0.7005783545492591,0.8794401308885601,102.04566541325597,0.49620750136193925,2.0103242825977556
520,50,20,6,700,0,0.8121570322257057,77989455.58967689,26966499.999999907,20880448.961937666,0.6860977458779278,0.7743106803603633,98.57486427969884,0.5257579177167048,1.9573634942307012
521,50,20,6,700,0,0.9330185374974617,88875689.02278458,30378333.333333526,24018750.133130074,0.789217241218576,0.7906539792548392,86.50059520809026,0.6429575427891415,2.2084992636904746
522,50,20,6,700,0,0.9828242317970164,89366967.25938328,29214166.666666813,25000536.323108274,0.8214771458358574,0.8557675667549928,86.02507431729819,0.6480734510798716,2.3155117362808824
523,50,20,6,700,0,0.9796590086689967,101809369.79321097,33324500.000000298,28453102.062734656,0.9349228660773633,0.8538193240028928,75.51171385909758,0.7721869737396607,2.4349014416109718
524,50,20,6,700,0,1.0,80861634.25760646,27202999.999999974,22131454.16834528,0.7272037514893208,0.8135666716297945,95.07351750409158,0.5573518086473316,2.208205145951167
525,50,20,6,700,0,0.7970179048142324,72402173.5321057,25213833.33333321,19270737.204541713,0.6332052237738403,0.7642922418728532,106.18189516908572,0.46315280228088157,1.8716045005933963
526,50,20,6,700,0,0.919725388674663,83425430.08967751,28589000.000000104,22499282.295270916,0.7392899881988002,0.7869908809426995,92.15175746455319,0.5851642953611127,2.1344823887899356
527,50,20,6,700,0,0.9087808039838615,111622325.10385102,39354333.33333373,29398925.868155,0.9660011049638685,0.7470314798409671,68.87331896058818,0.8625271525600207,2.368933140416656
528,50,20,6,700,0,0.9332135457135452,95427712.63338377,32528833.33333347,25845724.564852588,0.8492486630364862,0.7945481567077151,80.56150344434174,0.7098570096615255,2.278709080741243
529,50,20,6,700,0,0.9895168566001886,76624921.35659671,25492499.999999896,21154001.80084432,0.6950862492618581,0.829812760648991,100.33028241846476,0.5105986727142192,2.1639657378336006
530,50,25,8,800,0,0.8982257926049102,86156233.45676185,30239000.0000003,22781242.617582705,0.6549854043906937,0.7533728832825979,101.97521000508013,0.4967905186350859,1.9977146178660745
531,50,25,8,800,0,0.9975557477531681,87619006.6701009,30873333.333333608,23090824.794257093,0.663886227343377,0.7479213386176923,100.27276425399224,0.5110883857122662,2.106981204359588
532,50,25,8,800,0,0.9464986432069864,95729687.96310484,31784500.000000216,26468422.46450476,0.7609958193464393,0.8327462273908534,91.77717160622244,0.5888289607207382,2.2015245858404073
533,50,25,8,800,0,1.0,117764368.4365977,37411000.00000077,33636051.29490606,0.9670729129804536,0.8990952205208459,74.6049090793547,0.7839459899908431,2.50322216640752
534,50,25,8,800,0,1.0,108789095.09340113,36032333.33333371,30134472.63383759,0.8663987331815156,0.836317547216961,80.7599327162059,0.7075132805090217,2.3765673182825906
535,50,25,8,800,0,0.950020424368131,95474952.90657234,32189666.666666977,26085854.029561132,0.7499965624018129,0.8103797501132107,92.02204067696586,0.5864307577565212,2.1847549822152206
536,50,25,8,800,0,0.9835684892456695,98614899.62348983,33621500.00000035,26705655.095243916,0.7678165144765385,0.7943029042500673,89.09201381884532,0.6157791533743301,2.2347899660200534
537,50,25,8,800,0,0.9411811880840788,107974194.92673531,36320166.6666673,29553305.96717082,0.8496895619315095,0.8136886110242787,81.36944207791043,0.7003623969573799,2.2924944738608817
538,50,25,8,800,0,1.0,103031262.426734,34494166.666666895,28304805.967170816,0.813793834419673,0.8205679018337583,85.27314713092662,0.6562462897223029,2.3127006111893094
539,50,25,8,800,0,0.9448811897224293,88867372.29009505,29734833.33333359,24425742.617582623,0.702266560893066,0.8214521448216989,98.86418123538064,0.5232288421510763,2.125271747730865
540,50,25,10,700,0,0.896800228315701,73981758.80005023,26990333.333333414,18910224.56485264,0.6213593621306325,0.7006295302584598,103.91480446927115,0.4809877832626932,1.938291635785162
541,50,25,10,700,0,0.9590939460288935,85419857.23217157,30884333.333333556,22010534.194975007,0.7232305169428707,0.7126763578613163,90.00015042292245,0.6065291391126331,2.13576417143058
542,50,25,10,700,0,0.9489106334426403,91168230.56633295,30255500.00000015,25216795.623718217,0.8285830763138892,0.8334615400081999,84.32542731435865,0.6666942135927894,2.2823740790419897
543,50,25,10,700,0,1.0,105161997.45987768,35893000.00000033,28453102.06273464,0.9349228660773627,0.7927200864439969,73.1043550492954,0.8037990993255476,2.437975168480745
544,50,25,10,700,0,0.9884095666092096,103207008.59094083,34615166.66666695,28313454.168345366,0.9303342623681353,0.8179493815816323,74.48912728853968,0.7854602283749472,2.4282293002494626
545,50,25,10,700,0,0.9056493194215681,89399426.698773,31208833.333333414,23745903.871208355,0.7802519548103695,0.7608712449319892,85.99384004892634,0.6484109072421487,2.1627572226093084
546,50,25,10,700,0,0.9182416260941243,91447274.89966626,31907333.333333496,24300128.95705155,0.7984628937992373,0.7615844515488004,84.06811475175031,0.6695594997620098,2.1970686870951743
547,50,25,10,700,0,0.9858795757683094,110306358.08222291,38951000.00000066,29014650.43869552,0.9533744365225424,0.74490129749416,69.6949852543357,0.8507958379678714,2.432596451731509
548,50,25,10,700,0,0.9922581375216565,92734008.41555431,32847833.33333343,24328650.438695475,0.7994000635076409,0.7406470372585326,82.90162510338033,0.6827040981476844,2.267479865476167
549,50,25,10,700,0,0.9541650459751047,79680398.6899307,27712666.66666676,21231001.80084431,0.6976163445930886,0.7661118309621678,96.4829509691135,0.5444118818699468,2.111466392614786
550,50,30,8,800,0,0.9661444186993998,80400799.79529576,28798000.000000168,20891709.0264982,0.6006592666974371,0.7254569423744036,109.27503236745234,0.4398812215844667,1.9863911941833894
551,50,30,8,800,0,1.0,100572078.67010166,35005666.66666717,26779491.460923832,0.7699393899774681,0.7650044695884508,87.35824213019738,0.6338324067406514,2.2458359824114122
552,50,30,8,800,0,1.0,93974867.12977171,31262000.000000272,25945922.464504708,0.7459733783172553,0.8299508177501274,93.4909542129761,0.5722481401522918,2.2362087943523936
553,50,30,8,800,0,1.0,118939542.4365978,37995833.33333413,33837717.96157274,0.9728710481145246,0.8905639116983536,73.86778038668999,0.7936365460420839,2.506087675400767
554,50,30,8,800,0,1.0,109197310.59340125,36314666.66666707,30154639.300504263,0.8669785466949228,0.8303708134593166,80.45802549766205,0.7110823083827164,2.37537895915017
555,50,30,8,800,0,1.0,93563500.7957892,32178666.6666669,25160889.277267516,0.7234028237503233,0.7819121139450775,93.90200158473979,0.5683411867238523,2.193870877879914
556,50,30,8,800,0,1.0,107661933.790096,36870166.666667216,29051242.617582947,0.8352546967408918,0.7879335854439455,81.60544484673022,0.6976130165992815,2.327959884954438
557,50,30,8,800,0,1.0,109946779.09340224,36908666.66666737,30141805.967170868,0.8666095744591165,0.8166593022552143,79.90957145307792,0.71761203952945,2.3709394813336213
558,50,30,8,800,0,1.0,104778141.26006745,35421833.33333361,28566972.633837495,0.821331410093965,0.8064792232804797,83.85145884763278,0.6719816038027576,2.3171649824271414
559,50,30,8,800,0,1.0,91193382.0265884,31106166.66666706,24687763.96286955,0.7097999584202622,0.79366140570849,96.3425174585411,0.5456876020992826,2.1806167266660745
560,50,30,8,500,0,0.9150173220451305,77424677.20704626,31119000.00000033,17959864.913150378,0.8261849157508497,0.5771350272550592,70.93087369694844,0.8334502819649889,2.210175625814167
561,50,30,8,500,0,1.0,90967953.4277434,35667500.00000043,21670423.830034964,0.9968770574211463,0.6075677810341262,60.37071070706435,0.9938405359704137,2.4798947607977144
562,50,30,8,500,0,1.0,86890633.91122416,32439000.000000324,21738311.328073606,0.9999999999999919,0.6701288981803812,63.20358999349633,0.9480072144675149,2.48411033301182
563,50,30,8,500,0,1.0,92483796.5778917,36721666.66666719,21738311.328073643,0.9999999999999937,0.5919750736097671,59.3812127443827,0.989686879073045,2.4632669379608587
564,50,30,8,500,0,1.0,87144794.11353844,33385000.00000035,21259387.073468596,0.9779686541710956,0.6367945806041149,63.01925497517261,0.9509242084951849,2.4603598729784766
565,50,30,8,500,0,0.9875477099236639,79113060.70013298,30266500.00000012,19327238.506653264,0.8890864711139381,0.6385686652455087,69.41710953158419,0.8547452347276057,2.3531478768476766
566,50,30,8,500,0,1.0,90218757.24455793,34987333.33333376,21738311.32807366,0.9999999999999946,0.6213194678476038,60.87204221970448,0.9855710722837424,2.4826266465618256
567,50,30,8,500,0,1.0,94670390.4507668,38402833.3333341,21733914.16175217,0.9997977227276192,0.5659455898241468,58.00968997646632,0.9668281662744387,2.419584638133756
568,50,30,8,500,0,1.0,81166589.59081551,29487333.333333295,20826077.236448158,0.9580356506143362,0.7062719779040102,67.66084453819937,0.880134323952393,2.4451519062756013
569,50,30,8,500,0,1.0,74254605.75748262,28006000.000000093,18396910.569781475,0.8462897734849772,0.6568917578298012,73.95904865398323,0.7924302332183998,2.3179436394822406
570,50,30,4,500,0,0.9150173220451305,80335560.2317859,31170333.333333597,19347781.79524236,0.8900314979966182,0.6207114177554147,68.36076059163514,0.8699269730665177,2.28151342931598
571,50,30,4,500,0,1.0,90359298.25252189,35124833.33333369,21719261.063536897,0.9991236548115731,0.6183448860076206,60.77736443517285,0.9871274947097195,2.481803403515816
572,50,30,4,500,0,1.0,86885845.24455747,32435333.33333366,21738311.32807362,0.9999999999999927,0.6702046531993938,63.20707342539211,0.9479521774223736,2.4841158999818886
573,50,30,4,500,0,1.0,90328896.57789159,35071666.66666719,21738311.328073576,0.9999999999999906,0.6198254429902557,60.79782005600347,0.9867910136416672,2.4826513680338715
574,50,30,4,500,0,1.0,87851260.6983508,33339166.666667126,21633386.54547698,0.9951732781349351,0.6488880409571329,62.51247798090046,0.9589899987214112,2.4781004314871176
575,50,30,4,500,0,0.9875477099236639,80005215.38090271,30250000.000000127,19773165.144412994,0.9095998693733439,0.6536583518814185,68.6430250059785,0.8658440938994219,2.3763184853282207
576,50,30,4,500,0,1.0,88650468.91122448,33786500.00000043,21738311.328073584,0.9999999999999909,0.6434022857671942,61.94891090197782,0.9680400211797056,2.482761849793461
577,50,30,4,500,0,1.0,94672784.78410004,38404666.66666743,21733914.16175217,0.9997977227276192,0.5659185731356886,58.008222875496614,0.9668037145916102,2.4195385731001613
578,50,30,4,500,0,1.0,81166589.59081551,29487333.333333295,20826077.236448158,0.9580356506143362,0.7062719779040102,67.66084453819937,0.880134323952393,2.4451519062756013
579,50,30,4,500,0,1.0,78020516.04037859,28304833.333333377,20044364.91315027,0.9220755288044901,0.7081604995548547,70.38917811255932,0.8410089570900533,2.407537356733937
580,50,30,6,400,0,0.961382202610499,76516841.06868409,31340833.333333604,17375408.85082957,0.9991236548115772,0.5544016225104444,57.42265282561753,0.9570442137602923,2.3619477143791467
581,50,30,6,400,0,1.0,81384520.73535153,35068000.00000042,17375408.850829586,0.999123654811578,0.49547761066583157,53.98815352477017,0.8998025587461694,2.2961846472788348
582,50,30,6,400,0,1.0,79938444.26231295,33936833.333333604,17390649.06245898,0.9999999999999983,0.5124417146303821,54.964792479348525,0.9160798746558088,2.3260332463601143
583,50,30,6,400,0,1.0,87983404.26231499,40096833.333334066,17390649.062458992,0.9999999999999991,0.43371627175359667,49.93896334018017,0.8323160556696696,2.179289073072547
584,50,30,6,400,0,1.0,77126687.5598548,31786333.333333664,17389085.51806752,0.9999100928098846,0.5470616989922504,56.968607611861394,0.9494767935310232,2.3871261527248238
585,50,30,6,400,0,1.0,76768246.06868377,31533333.333333507,17375408.85082955,0.9991236548115758,0.5510171940009341,57.23460187000901,0.9539100311668168,2.394723786367564
586,50,30,6,400,0,1.0,74009982.66894382,30132666.66666669,16922020.49891512,0.9730528422567328,0.5615839011565005,59.36766692209662,0.989461115368277,2.4387282362934775
587,50,30,6,400,0,1.0,82241692.0686851,35724333.33333381,17375408.850829557,0.9991236548115763,0.4863746144316942,53.425457203999,0.8904242867333167,2.2795239782786725
588,50,30,6,400,0,1.0,77876923.26231202,32358333.333333377,17390649.062459007,1.0,0.5374395795763786,56.419794413300195,0.9403299068883366,2.3702815705494396
589,50,30,6,400,0,1.0,76188918.26231243,31065833.3333335,17390649.06245902,1.0000000000000009,0.5597998571568635,57.66980422103506,0.9611634036839176,2.4090032894094087
590,50,35,6,500,0,1.0,77053919.0475693,30448000.000000097,18207498.477746397,0.8375764889443119,0.5979866814814221,71.27216977256708,0.8287228516493536,2.3071121968344914
591,50,35,6,500,0,1.0,90966120.09441008,35667500.00000043,21670423.830034964,0.9968770574211463,0.6075677810341262,60.37192741979411,0.993820382534231,2.479874607361532
592,50,35,6,500,0,1.0,86948658.91122422,32484833.33333368,21738311.328073602,0.9999999999999918,0.6691834033751146,63.161411214026934,0.9486738785529462,2.484020601253038
593,50,35,6,500,0,1.0,91260853.24455829,35786666.666667186,21738311.328073643,0.9999999999999937,0.6074416354714975,60.176952162426396,0.9970551419190866,2.4830084502962846
594,50,35,6,500,0,1.0,87866187.69835092,33352000.00000049,21633386.545476966,0.9951732781349344,0.6486383588833247,62.50185815337326,0.9591597522170205,2.4780704393236803
595,50,35,6,500,0,1.0,88638849.35437125,34408000.000000365,21337401.018888786,0.9815574308816141,0.6201290693701629,61.95703170789378,0.9679090089604309,2.464012264456561
596,50,35,6,500,0,1.0,88660607.24455793,33795666.66666712,21738311.32807359,0.9999999999999912,0.6432277706631018,61.94182704898056,0.9681543188135615,2.482736535344043
597,50,35,6,500,0,1.0,94656585.45076661,38393666.666667394,21733914.161752194,0.9997977227276201,0.5660807119686002,58.01815028344151,0.9669691713906918,2.419833740965572
598,50,35,6,500,0,1.0,81164756.2574822,29487333.333333295,20826077.236448158,0.9580356506143362,0.7062719779040102,67.66237284786692,0.8801119056079784,2.4451294879311867
599,50,35,6,500,0,1.0,76479044.38090271,28425833.333333448,19215831.81107964,0.8839615700168715,0.6759988910701965,71.80790560938725,0.8213561800017637,2.3621552928579206
600,50,35,4,500,0,1.0,77341690.23178534,30116166.666666787,18559448.46190905,0.8537667982489784,0.6162619787348648,71.00698192063844,0.8323937451912257,2.3254033281791173
601,50,35,4,500,0,1.0,90357464.91918854,35124833.33333369,21719261.063536897,0.9991236548115731,0.6183448860076206,60.77859759469355,0.9871072068237344,2.481783115629831
602,50,35,4,500,0,1.0,86884011.91122413,32435333.33333366,21738311.32807362,0.9999999999999927,0.6702046531993938,63.20840715333658,0.9479311058180885,2.4840948283776036
603,50,35,4,500,0,1.0,90327063.24455824,35071666.66666719,21738311.328073576,0.9999999999999906,0.6198254429902557,60.79905404575249,0.9867707190171082,2.482631073409313
604,50,35,4,500,0,1.0,87849427.36501747,33339166.666667126,21633386.54547698,0.9951732781349351,0.6488880409571329,62.513782556389096,0.9589691477006568,2.478079580466363
605,50,35,4,500,0,1.0,89318990.03514095,34419000.00000037,21662327.656648513,0.9965046194123119,0.6293712094089974,61.48524516275151,0.9755497838380167,2.479046751365215
606,50,35,4,500,0,1.0,88648635.57789116,33786500.00000043,21738311.328073584,0.9999999999999909,0.6434022857671942,61.950192061045634,0.9680193511795336,2.482741179793289
607,50,35,4,500,0,1.0,94670951.45076671,38404666.66666743,21733914.16175217,0.9997977227276192,0.5659185731356886,58.00934622333431,0.9668224370555719,2.4195572955641227
608,50,35,4,500,0,1.0,81164756.2574822,29487333.333333295,20826077.236448158,0.9580356506143362,0.7062719779040102,67.66237284786692,0.8801119056079784,2.4451294879311867
609,50,35,4,500,0,1.0,78018682.70704526,28304833.333333377,20044364.91315027,0.9220755288044901,0.7081604995548547,70.39083216287217,0.8409857728908103,2.407514172534694
610,50,35,4,600,0,0.9994225875905265,87516009.70801629,32140166.666667037,22234887.93298259,0.8523694871163365,0.6918099760833745,75.2982228278672,0.774939450967765,2.327810019424991
611,50,35,4,600,0,1.0,100395326.43635963,35995666.66666713,26063113.276244175,0.9991236548115695,0.7240625244587914,65.63851360329268,0.9103053132084385,2.489555332775472
612,50,35,4,600,0,1.0,94406052.89346881,31373833.333333623,26085973.59368823,0.9999999999999886,0.8314563705536352,69.80272766446626,0.8492694289677142,2.5144345254106226
613,50,35,4,600,0,1.0,98955286.22680275,34857166.66666718,26085973.593688287,0.9999999999999908,0.7483675837208391,66.59371369909802,0.8959279982624118,2.494622065239083
614,50,35,4,600,0,1.0,93776499.93317002,32037500.000000317,25355714.136896808,0.9720056660270328,0.7914385996690303,70.27133668559001,0.842662341795307,2.4758132215305313
615,50,35,4,600,0,1.0,87366883.91630767,31540666.666666895,22544219.903842494,0.8642276594689584,0.7147667530968167,75.42674872452405,0.7732812311735477,2.345094633651001
616,50,35,4,600,0,1.0,96144401.92537518,33986333.3333338,25269196.64488678,0.9686890371996939,0.7435105281010926,68.5406520612072,0.8673226717538863,2.4621310942347607
617,50,35,4,600,0,1.0,97838292.47425109,34010166.666666985,26080696.99410259,0.9997977227276187,0.7668500201636475,67.35399640927189,0.8846469794579015,2.4981269955888195
618,50,35,4,600,0,1.0,89181082.05715711,32263000.000000175,22969222.7381599,0.8805200486639024,0.7119369785252386,73.89235304160727,0.7933115833070084,2.3628611661271997
619,50,35,4,600,0,1.0,82934498.42687005,27760333.33333333,22790549.744689856,0.8736706591700302,0.8209753633370107,79.45788694689884,0.7230346622040317,2.3798149528736405
620,50,40,6,600,0,1.0,88726944.70801663,33005500.00000048,22275221.26631592,0.8539156564854218,0.6748942226694216,74.27056145893188,0.7883266922379287,2.328242070373466
621,50,40,6,600,0,1.0,98617185.53797805,35973666.666667245,25210221.34601057,0.9664282322247751,0.7007965459737261,66.82202462026488,0.8925253071878967,2.4531625439668776
622,50,40,6,600,0,1.0,94046708.16154432,31359166.666666962,25920840.976838805,0.9936696778344637,0.8265793939094437,70.06943814216953,0.8455026562331811,2.506766171360736
623,50,40,6,600,0,1.0,99446685.56013598,35234833.33333381,26085973.59368834,0.9999999999999928,0.7403461610533512,66.26465188741872,0.9008550917358045,2.4931320205784857
624,50,40,6,600,0,1.0,93713158.26650299,32019166.66666688,25337380.803563543,0.9713028617683602,0.7913191828924355,70.31883378916567,0.8419955387481143,2.4750508850620627
625,50,40,6,600,0,1.0,87393782.58297434,31562666.666666895,22544219.90384249,0.8642276594689583,0.7142685420700298,75.40353335482924,0.7735804892256961,2.34499532288172
626,50,40,6,600,0,1.0,95062041.62375015,34490500.00000055,24420505.26618568,0.9361546418223083,0.7080356987050141,69.32104431421779,0.8561148523195709,2.422543411283582
627,50,40,6,600,0,1.0,97829276.14091791,34004666.66666703,26080696.99410259,0.9997977227276187,0.7669740524075807,67.3602040201927,0.8845554584548605,2.498134700380925
628,50,40,6,600,0,1.0,89155305.39049044,32244666.666666836,22969222.7381599,0.8805200486639024,0.7123417641623352,73.91371686897824,0.7930291640610061,2.3629025753908746
629,50,40,6,600,0,1.0,83615473.5379768,28807166.66666683,22456554.67934392,0.8608670325717596,0.779547497301382,78.81077175275482,0.730874978030182,2.3545129758712875
630,50,40,4,600,0,1.0,87649494.7080163,32180500.000000373,22275221.266315922,0.853915656485422,0.6921962451271939,75.18354808493044,0.7764219669481591,2.3301789630499146
631,50,40,4,600,0,1.0,100393493.1030263,35995666.66666713,26063113.276244175,0.9991236548115695,0.7240625244587914,65.6397122594129,0.9102871276728417,2.489537147239875
632,50,40,4,600,0,1.0,94404219.56013548,31373833.333333623,26085973.59368823,0.9999999999999886,0.8314563705536352,69.80408323594368,0.849250241760886,2.5144153382037944
633,50,40,4,600,0,1.0,98953452.89346942,34857166.66666718,26085973.593688287,0.9999999999999908,0.7483675837208391,66.59494749611616,0.895909575230286,2.4946036422069575
634,50,40,4,600,0,1.0,93774666.59983666,32037500.000000317,25355714.136896808,0.9720056660270328,0.7914385996690303,70.27271051914866,0.8426430473861393,2.4757939271213636
635,50,40,4,600,0,1.0,87365050.58297434,31540666.666666895,22544219.903842494,0.8642276594689584,0.7147667530968167,75.42833153563373,0.7732608321405539,2.345074234618007
636,50,40,4,600,0,1.0,96142568.59204184,33986333.3333338,25269196.64488678,0.9686890371996939,0.7435105281010926,68.54195905626624,0.8673037788522187,2.4621122013330927
637,50,40,4,600,0,1.0,97836459.14091775,34010166.666666985,26080696.99410259,0.9997977227276187,0.7668500201636475,67.35525853923687,0.8846283706626047,2.4981083867935228
638,50,40,4,600,0,1.0,89179248.72382379,32263000.000000175,22969222.7381599,0.8805200486639024,0.7119369785252386,73.89387210928105,0.7932914986615682,2.3628410814817595
639,50,40,4,600,0,1.0,82932665.0935367,27760333.33333333,22790549.744689856,0.8736706591700302,0.8209753633370107,79.45964346578766,0.7230134954465076,2.3797937861161165
640,50,45,6,600,0,1.0,88725111.3746833,33005500.00000048,22275221.26631592,0.8539156564854218,0.6748942226694216,74.27209611686466,0.7883065289655964,2.328221907101134
641,50,45,6,600,0,1.0,98615352.20464472,35973666.666667245,25210221.34601057,0.9664282322247751,0.7007965459737261,66.82326689180171,0.8925068280661146,2.4531440648450955
642,50,45,6,600,0,1.0,94044874.82821101,31359166.666666962,25920840.976838805,0.9936696778344637,0.8265793939094437,70.07080409259295,0.8454834078737631,2.506746923001318
643,50,45,6,600,0,1.0,99444852.22680263,35234833.33333381,26085973.59368834,0.9999999999999928,0.7403461610533512,66.26587352124297,0.9008367500050156,2.4931136788476964
644,50,45,6,600,0,1.0,93711324.93316966,32019166.66666688,25337380.803563543,0.9713028617683602,0.7913191828924355,70.32020948054596,0.8419762335360169,2.4750315798499654
645,50,45,6,600,0,1.0,87391949.249641,31562666.666666895,22544219.90384249,0.8642276594689583,0.7142685420700298,75.40511519174142,0.7735600948583287,2.3449749285143526
646,50,45,6,600,0,1.0,95060208.29041684,34490500.00000055,24420505.26618568,0.9361546418223083,0.7080356987050141,69.32238124145083,0.8560957764777521,2.4225243354417634
647,50,45,6,600,0,1.0,97827442.80758457,34004666.66666703,26080696.99410259,0.9997977227276187,0.7669740524075807,67.36146638281637,0.8845368481548137,2.4981160900808783
648,50,45,6,600,0,1.0,89153472.05715711,32244666.666666836,22969222.7381599,0.8805200486639024,0.7123417641623352,73.91523681517663,0.7930090749544082,2.3628824862842763
649,50,45,6,600,0,1.0,83613640.20464346,28807166.66666683,22456554.67934392,0.8608670325717596,0.779547497301382,78.81249977720785,0.7308539288360605,2.3544919266771664
650,50,40,6,500,0,1.0,77052085.71423596,30448000.000000097,18207498.477746397,0.8375764889443119,0.5979866814814221,71.27386558188064,0.8286994293815161,2.3070887745666537
651,50,40,6,500,0,1.0,90964286.76107673,35667500.00000043,21670423.830034964,0.9968770574211463,0.6075677810341262,60.373144181568186,0.9938002286943891,2.47985445352169
652,50,40,6,500,0,1.0,86946825.57789089,32484833.33333368,21738311.328073602,0.9999999999999918,0.6691834033751146,63.16274301561703,0.948652821363648,2.4839995440637397
653,50,40,6,500,0,1.0,91259019.91122493,35786666.666667186,21738311.328073643,0.9999999999999937,0.6074416354714975,60.17816107758247,0.9970350528702617,2.4829883612474597
654,50,40,6,500,0,1.0,87864354.36501758,33352000.00000049,21633386.545476966,0.9951732781349344,0.6486383588833247,62.5031622856437,0.9591389045904991,2.4780495916971588
655,50,40,6,500,0,1.0,88637016.0210379,34408000.000000365,21337401.018888786,0.9815574308816141,0.6201290693701629,61.95831320287821,0.9678883363388577,2.463991591834988
656,50,40,6,500,0,1.0,88658773.91122459,33795666.66666712,21738311.32807359,0.9999999999999912,0.6432277706631018,61.94310791506123,0.9681336511003699,2.4827158676308514
657,50,40,6,500,0,1.0,94654752.11743326,38393666.666667394,21733914.161752194,0.9997977227276201,0.5660807119686002,58.019274015810716,0.9669879002635119,2.419852469838392
658,50,40,6,500,0,1.0,81162922.92414886,29487333.333333295,20826077.236448158,0.9580356506143362,0.7062719779040102,67.66390122657835,0.8800894868218461,2.4451070691450543
659,50,40,6,500,0,1.0,76477211.04756938,28425833.333333448,19215831.81107964,0.8839615700168715,0.6759988910701965,71.80962700881,0.8213326156388938,2.3621317284950507
660,50,35,6,400,0,1.0,76249337.59564582,31113500.00000018,17390649.062458962,0.9999999999999974,0.558942229657829,57.62410715356701,0.9604017858927835,2.4075555696190465
661,50,35,6,400,0,1.0,81382687.40201822,35068000.00000042,17375408.850829586,0.999123654811578,0.49547761066583157,53.98936973284366,0.8998228288807277,2.2962049174133927
662,50,35,6,400,0,1.0,79936610.9289796,33936833.333333604,17390649.06245898,0.9999999999999983,0.5124417146303821,54.966053088036354,0.9161008848006059,2.3260542565049116
663,50,35,6,400,0,1.0,87981570.92898166,40096833.333334066,17390649.062458992,0.9999999999999991,0.43371627175359667,49.94000395317624,0.8323333992196039,2.1793064166224814
664,50,35,6,400,0,1.0,77124854.22652148,31786333.333333664,17389085.51806752,0.9999100928098846,0.5470616989922504,56.96996181146846,0.9494993635244743,2.387148722718275
665,50,35,6,400,0,1.0,76766412.73535046,31533333.333333507,17375408.85082955,0.9991236548115758,0.5510171940009341,57.23596874517861,0.9539328124196434,2.3947465676203907
666,50,35,6,400,0,1.0,74008149.3356105,30132666.66666669,16922020.49891512,0.9730528422567328,0.5615839011565005,59.36913758071553,0.9894856263452588,2.4387527472704593
667,50,35,6,400,0,1.0,82239858.73535177,35724333.33333381,17375408.850829557,0.9991236548115763,0.4863746144316942,53.426648191836854,0.8904441365306143,2.27954382807597
668,50,35,6,400,0,1.0,77875089.92897868,32358333.333333377,17390649.062459007,1.0,0.5374395795763786,56.42112264662683,0.9403520441104471,2.37030370777155
669,50,35,6,400,0,1.0,76187084.92897908,31065833.3333335,17390649.06245902,1.0000000000000009,0.5597998571568635,57.67119196246793,0.9611865327077989,2.4090264184332897
670,50,35,2,500,0,1.0,78207384.93250957,30074000.000000134,19008821.01798069,0.8744387147235254,0.6320682655443441,70.22099006045586,0.8433697252908487,2.3490243377263242
671,50,35,2,500,0,1.0,86898377.91122372,32446333.333333537,21738311.328073647,0.9999999999999939,0.6699774395074999,63.197957568442526,0.9480962116377979,2.484078163243798
672,50,35,2,500,0,1.0,86778661.24455747,32354666.666666992,21738311.328073613,0.9999999999999922,0.6718756076837982,63.28514315890568,0.9467195399623478,2.4842200261093863
673,50,35,2,500,0,1.0,90370161.24455833,35104666.66666722,21738311.32807357,0.9999999999999902,0.6192427785880289,60.770058660603425,0.9872476975434882,2.4826419204139114
674,50,35,2,500,0,1.0,87875765.03168416,33359333.333333798,21633386.54547698,0.9951732781349351,0.6484957696639625,62.49504625103289,0.9592686534414564,2.4780652691726264
675,50,35,2,500,0,1.0,89283075.03514121,34391500.00000045,21662327.656648483,0.9965046194123105,0.6298744648139278,61.509978210746716,0.9751477280504961,2.479047299901638
676,50,35,2,500,0,1.0,88667790.24455786,33801166.6666671,21738311.328073587,0.9999999999999911,0.6431231070349637,61.93680912598438,0.9682352909297833,2.482733776557754
677,50,35,2,500,0,1.0,94668557.11743344,38402833.33333412,21733914.16175218,0.9997977227276195,0.5659455898241467,58.010813381127065,0.9668468896854511,2.4196033615447683
678,50,35,2,500,0,1.0,80088171.43135566,29485499.99999994,20301826.141868807,0.9339191915818302,0.6885359292489138,68.5719239414409,0.8668707426911285,2.41769948609026
679,50,35,2,500,0,1.0,79742887.86461677,28310333.333333366,20882345.468333982,0.9606240868105349,0.7376227338074658,68.86883767394637,0.8625915754892535,2.4526897625352264
680,50,35,2,600,0,0.9994225875905265,88604887.85439773,32112666.666667037,22783835.29578463,0.873413262263562,0.7094968328941135,74.3728721922075,0.7869835996375439,2.3540036535433613
681,50,35,2,600,0,1.0,99108523.56013593,34974500.00000045,26085973.593688227,0.9999999999999885,0.7458569413054623,66.49074936528055,0.8974667953864425,2.4941523484308123
682,50,35,2,600,0,1.0,93531050.16154435,31302333.33333363,25704507.643505443,0.9853765875820951,0.8211690601394529,70.45574692701805,0.8400763916967757,2.497011639808338
683,50,35,2,600,0,1.0,98895427.89346926,34811333.33333379,26085973.59368827,0.99999999999999,0.7493529002151001,66.63402080729729,0.8953263292684377,2.4948086494405177
684,50,35,2,600,0,1.0,93781288.59983672,32041166.666667,25355714.136896808,0.9720056660270328,0.791348030509601,70.2677484857195,0.8427127373172973,2.4757911617249784
685,50,35,2,600,0,1.0,87763609.22382422,31491166.666666962,22769389.404826496,0.8728594822443401,0.7230405162768274,75.08579077683532,0.777688013402781,2.3561204264242432
686,50,35,2,600,0,1.0,96848586.01504754,34001000.00000047,25603520.423806086,0.9815052649597418,0.753022570624562,68.04229438079902,0.8745566211985834,2.476974677698233
687,50,35,2,600,0,1.0,97845475.47425129,34015666.666667044,26080696.994102594,0.9997977227276189,0.7667260280293092,67.34905183974655,0.8847198857702014,2.4981007081936486
688,50,35,2,600,0,1.0,89049985.53425463,31735000.000000186,23241780.804093197,0.8909685015443135,0.7323705941103849,74.00113498575605,0.7918745867554929,2.377771062043801
689,50,35,2,600,0,1.0,85424727.92686999,27765833.33333331,24002383.078023147,0.9201260206684598,0.864457507537075,77.14159775424004,0.7514930666066423,2.443059072636302
690,50,40,4,700,0,1.0,78962357.18993041,27630166.666666668,20935835.134177633,0.6879176458233704,0.7577165706870256,97.36031539064007,0.5365090099139723,2.1426822664635927
691,50,40,4,700,0,1.0,96019193.23217258,33447333.333333854,25552534.19497481,0.8396149021794787,0.7639632714608363,80.06524259593648,0.7157525946497277,2.326923211818397
692,50,40,4,700,0,1.0,104529014.9071706,34035833.333333865,29330592.113471024,0.9637557684224219,0.861756250426381,73.54704343887033,0.7978903816554479,2.4872953819965526
693,50,40,4,700,0,1.0,103160921.59718177,34844333.33333379,28147578.785023574,0.9248838658368551,0.8078093650337177,74.52240519931553,0.7850247079062418,2.4312721999332156
694,50,40,4,700,0,1.0,97276985.59094164,33058666.66666719,26414120.835011818,0.8679252441977698,0.7990074464087501,79.02999823954129,0.7282093981480331,2.367415355275033
695,50,40,4,700,0,1.0,94838805.53336968,33165000.000000276,25156409.0776159,0.8265988721793097,0.7585228125317561,81.06175480347014,0.7039631649377984,2.3107814149632033
696,50,40,4,700,0,1.0,102758902.17279963,35181666.66666721,27736365.140457563,0.911372051262117,0.7883755310187258,74.81395613853655,0.7812193825967777,2.411919807411758
697,50,40,4,700,0,1.0,110133418.51108304,36873833.333334014,30256885.722017583,0.9941922766605067,0.8205516754523404,69.80442543174445,0.8492453982769224,2.505686738638795
698,50,40,4,700,0,1.0,106817140.64755538,37053500.000000566,28523883.023045406,0.9372486138334964,0.769802664337916,71.97159513346273,0.8191184438027875,2.4349605752731205
699,50,40,4,700,0,1.0,84545339.30005018,28458833.333333388,23132391.23151916,0.7600929227931137,0.8128369480425801,90.93109169171477,0.5971910530884582,2.247460611522522
700,50,40,2,700,0,1.0,80406711.73217088,27507333.333333332,21719034.194974963,0.7136522989032098,0.7895725089663955,95.61142141476353,0.5523774444223067,2.1840354515954234
701,50,40,2,700,0,1.0,99845285.18993194,33443666.66666712,27422168.467510957,0.9010480572970462,0.819951016161822,76.99712595718252,0.7533047394250453,2.409265552354503
702,50,40,2,700,0,1.0,105622242.43653363,34054166.66666719,29852448.72451535,0.9809031317363848,0.8766166271728341,72.78580555245692,0.8080779444520179,2.5093712461902853
703,50,40,2,700,0,1.0,103215534.7638483,34831500.00000043,28182412.11835689,0.9260284327724113,0.8091070473093763,74.4829740754556,0.785540784241426,2.4328264220889273
704,50,40,2,700,0,1.0,98974136.98088865,33078833.333333842,27229549.689711925,0.8947189161228033,0.8231714043636618,77.67483743237358,0.744843891721467,2.403381015212396
705,50,40,2,700,0,1.0,95416646.53336996,33176000.000000354,25431409.07761585,0.8356349269337036,0.7665604375939107,80.57084669509271,0.709746478733757,2.3229948288088855
706,50,40,2,700,0,1.0,103615427.74587648,35196333.33333388,28145038.10600671,0.9248003832379107,0.7996582439271025,74.1955147727115,0.7893133309075143,2.4290399260491964
707,50,40,2,700,0,1.0,110008913.1777496,36778500.000000656,30256885.722017586,0.9941922766605069,0.8226786226196569,69.88342833255928,0.8481279199724786,2.506270818068204
708,50,40,2,700,0,1.0,107706441.14755535,37070000.00000055,28947383.02304543,0.9511641381552663,0.7808843545466685,71.37734677787645,0.8272714143734409,2.451978898010776
709,50,40,2,700,0,1.0,83677213.80004992,27463333.33333331,23343224.564852476,0.7670205647714831,0.8499778334088782,91.87447395619922,0.5878748272315607,2.2678570939586633
710,50,40,4,800,0,1.0,95426917.12862983,32241000.00000038,26032375.693164703,0.7484590022968288,0.8074307773693247,92.06836251617834,0.5859781899559398,2.2319228118513994
711,50,40,4,800,0,1.0,103761928.79529664,35027666.66666709,28324042.359831646,0.8143469015476377,0.8086191589457279,84.67267428434933,0.6628468983099127,2.309742225466495
712,50,40,4,800,0,1.0,94996119.85684116,30589166.66666686,26874980.40841388,0.7726848006618853,0.8785783771514003,92.48588272068555,0.581914715646511,2.284777417367631
713,50,40,4,800,0,1.0,118582215.73924898,37823500.00000083,33774959.20249569,0.9710666658039031,0.8929622907053801,74.09036797996033,0.7906977730539778,2.505067605618282
714,50,40,4,800,0,1.0,110734426.76006834,36283500.00000052,30926472.633837648,0.889169591162594,0.8523563777980956,79.34117922546761,0.7244424263670978,2.4063275286055745
715,50,40,4,800,0,1.0,94417181.76570083,32118166.666667033,25617873.48252749,0.7365416147068512,0.7976131934427723,93.05297866020017,0.5764406014243609,2.2145311561785785
716,50,40,4,800,0,1.0,103994251.45676279,35370500.00000059,28218909.284249507,0.8113242117329978,0.7978091710393983,84.48351593407864,0.6649399129323984,2.303187249763917
717,50,40,4,800,0,1.0,112466916.01680839,36910500.00000064,31372361.973388445,0.9019893927108102,0.8499576536050149,78.11897321597176,0.7393507173397342,2.419316840223746
718,50,40,4,800,0,1.0,104774474.59340079,35421833.33333361,28566972.633837495,0.821331410093965,0.8064792232804797,83.8543932966033,0.6719487396776569,2.3171321183020406
719,50,40,4,800,0,1.0,93705770.9619631,31104333.333333693,25916875.693164665,0.7451382521745875,0.8332239567851542,93.75943348853421,0.5696932477772324,2.2362724132053557
720,50,45,4,700,0,1.0,78960523.85659708,27630166.666666668,20935835.134177633,0.6879176458233704,0.7577165706870256,97.3625759368324,0.5364887969047532,2.142662053454374
721,50,45,4,700,0,1.0,96017359.89883925,33447333.333333854,25552534.19497481,0.8396149021794787,0.7639632714608363,80.06677134321976,0.7157343581348111,2.32690497530348
722,50,45,4,700,0,1.0,104527181.57383727,34035833.333333865,29330592.113471024,0.9637557684224219,0.861756250426381,73.54833340234465,0.7978732276823677,2.4872782280234724
723,50,45,4,700,0,1.0,103159088.26384844,34844333.33333379,28147578.785023574,0.9248838658368551,0.8078093650337177,74.52372960428877,0.7850073799203653,2.4312548719473392
724,50,45,4,700,0,1.0,97275152.25760831,33058666.66666719,26414120.835011818,0.8679252441977698,0.7990074464087501,79.03148770860653,0.7281913209495532,2.3673972780765533
725,50,45,4,700,0,1.0,94836972.20003635,33165000.000000276,25156409.0776159,0.8265988721793097,0.7585228125317561,81.06332184229151,0.7039447795510834,2.3107630295764885
726,50,45,4,700,0,1.0,102757068.83946627,35181666.66666721,27736365.140457563,0.911372051262117,0.7883755310187258,74.81529092670381,0.7812020034169591,2.4119024282319397
727,50,45,4,700,0,1.0,110131585.17774971,36873833.333334014,30256885.722017583,0.9941922766605067,0.8205516754523404,69.80558744879662,0.8492289511422837,2.505670291504156
728,50,45,4,700,0,1.0,106815307.31422204,37053500.000000566,28523883.023045406,0.9372486138334964,0.769802664337916,71.97283042386941,0.8191015798237946,2.4349437112941272
729,50,45,4,700,0,1.0,84543505.96671684,28458833.333333388,23132391.23151916,0.7600929227931137,0.8128369480425801,90.93306354040415,0.5971714272376978,2.247440985671762
730,50,50,4,700,0,1.0,78958690.52326374,27630166.666666668,20935835.134177633,0.6879176458233704,0.7577165706870256,97.36483658799952,0.5364685837184658,2.1426418402680865
731,50,50,4,700,0,1.0,96015526.5655059,33447333.333333854,25552534.19497481,0.8396149021794787,0.7639632714608363,80.06830014888325,0.7157161213881446,2.3268867385568135
732,50,50,4,700,0,1.0,104525348.24050392,34035833.333333865,29330592.113471024,0.9637557684224219,0.861756250426381,73.54962341106989,0.797856073476355,2.48726107381746
733,50,50,4,700,0,1.0,103157254.93051508,34844333.33333379,28147578.785023574,0.9248838658368551,0.8078093650337177,74.52505405633727,0.7849900517010789,2.431237543728053
734,50,50,4,700,0,1.0,97273318.92427497,33058666.66666719,26414120.835011818,0.8679252441977698,0.7990074464087501,79.03297723381655,0.7281732435184395,2.3673792006454395
735,50,50,4,700,0,1.0,94835138.866703,33165000.000000276,25156409.0776159,0.8265988721793097,0.7585228125317561,81.06488894170025,0.7039263939337216,2.3107446439591266
736,50,50,4,700,0,1.0,102755235.50613296,35181666.66666721,27736365.140457563,0.911372051262117,0.7883755310187258,74.81662576250095,0.7811846240036328,2.4118850488186134
737,50,50,4,700,0,1.0,110129751.84441638,36873833.333334014,30256885.722017583,0.9941922766605067,0.8205516754523404,69.80674950453704,0.849212503778597,2.5056538441404697
738,50,50,4,700,0,1.0,106813473.98088871,37053500.000000566,28523883.023045406,0.9372486138334964,0.769802664337916,71.97406575668082,0.8190847156131124,2.434926847083445
739,50,50,4,700,0,1.0,84541672.63338351,28458833.333333388,23132391.23151916,0.7600929227931137,0.8128369480425801,90.93503547461479,0.5971518011807604,2.2474213596148243
740,50,45,4,800,0,1.0,95425083.79529652,32241000.00000038,26032375.693164703,0.7484590022968288,0.8074307773693247,92.07013135924592,0.5859609151529269,2.2319055370483865
741,50,45,4,800,0,1.0,103760095.46196331,35027666.66666709,28324042.359831646,0.8143469015476377,0.8086191589457279,84.6741703627357,0.6628303706673351,2.3097256978239176
742,50,45,4,800,0,1.0,94994286.52350783,30589166.66666686,26874980.40841388,0.7726848006618853,0.8785783771514003,92.4876676433147,0.5818974046915985,2.284760106412719
743,50,45,4,800,0,1.0,118580382.40591565,37823500.00000083,33774959.20249569,0.9710666658039031,0.8929622907053801,74.09151346742242,0.7906826776249862,2.5050525101892904
744,50,45,4,800,0,1.0,110732593.42673501,36283500.00000052,30926472.633837648,0.889169591162594,0.8523563777980956,79.34249282992751,0.7244265660273466,2.406311668265823
745,50,45,4,800,0,1.0,94415348.4323675,32118166.666667033,25617873.48252749,0.7365416147068512,0.7976131934427723,93.05478553938217,0.5764232423770369,2.2145137971312545
746,50,45,4,800,0,1.0,103992418.12342948,35370500.00000059,28218909.284249507,0.8113242117329978,0.7978091710393983,84.48500533540879,0.6649234070974179,2.303170743928937
747,50,45,4,800,0,1.0,112465082.68347503,36910500.00000064,31372361.973388445,0.9019893927108102,0.8499576536050149,78.12024666115268,0.7393350254627911,2.419301148346803
748,50,45,4,800,0,1.0,104772641.26006745,35421833.33333361,28566972.633837495,0.821331410093965,0.8064792232804797,83.85586059810996,0.6719323073552821,2.3171156859796658
749,50,45,4,800,0,1.0,93703937.62862976,31104333.333333693,25916875.693164665,0.7451382521745875,0.8332239567851542,93.7612679076534,0.5696758304403929,2.2362549958685163
750,50,45,6,700,0,1.0,77511723.2329991,27593500.000000004,20252128.957051624,0.6654521678145374,0.7339456378151238,99.18241627644616,0.5204610262385947,2.107617536490694
751,50,45,6,700,0,1.0,97155715.06550595,34655500.00000054,25338034.194974873,0.8325667794710522,0.7311403441004884,79.1286441030937,0.7270131343893048,2.3119254096696955
752,50,45,6,700,0,1.0,104618623.04139112,34096333.33333379,29336657.739412487,0.9639550750701555,0.86040506035093,73.48404879080097,0.7987285353015772,2.4870525835823214
753,50,45,6,700,0,1.0,103943131.45987807,34965333.33333377,28453102.06273461,0.9349228660773617,0.8137517749790533,73.96159700044713,0.792396577486747,2.4433979974699898
754,50,45,6,700,0,1.0,97318208.09094137,33071500.000000447,26426954.168345217,0.8683469267529771,0.7990854411909003,78.99652234467725,0.7286158025312676,2.367884155483988
755,50,45,6,700,0,1.0,94749463.53336962,33287833.333333593,25035409.077615928,0.8226230080873764,0.752088873640992,81.13819026840663,0.70306694005688,2.3047380389696737
756,50,45,6,700,0,1.0,100411634.3364633,35181666.66666724,26591692.37178832,0.873759957394623,0.7558394724085808,76.5628410572366,0.7587770010957641,2.363448579022629
757,50,45,6,700,0,1.0,108753078.42427556,36868333.333334036,29587620.83501205,0.9722013160635019,0.802521246824596,70.69041273487252,0.8367971884322611,2.478814185891938
758,50,45,6,700,0,1.0,106790703.98088832,37046166.666667104,28516549.68971211,0.9370076523733805,0.7697570964979311,71.98941212500893,0.8188752428073491,2.434680920005694
759,50,45,6,700,0,1.0,82384017.58172521,28634833.33333343,21966288.554607656,0.7217766768374062,0.7671177372992422,93.31664351491087,0.5739130402767693,2.187607230116163
760,50,45,2,700,0,1.0,80404878.39883755,27507333.333333332,21719034.194974963,0.7136522989032098,0.7895725089663955,95.61360147658834,0.5523573745039315,2.1840153816770482
761,50,45,2,700,0,1.0,99843451.8565986,33443666.66666712,27422168.467510957,0.9010480572970462,0.819951016161822,76.9985397844788,0.753286988920797,2.4092478018502548
762,50,45,2,700,0,1.0,105620409.1032003,34054166.66666719,29852448.72451535,0.9809031317363848,0.8766166271728341,72.78706895073994,0.8080609292263674,2.509354230964635
763,50,45,2,700,0,1.0,103213701.43051499,34831500.00000043,28182412.11835689,0.9260284327724113,0.8091070473093763,74.48429707925494,0.7855234632083569,2.432809101055858
764,50,45,2,700,0,1.0,98972303.64755532,33078833.333333842,27229549.689711925,0.8947189161228033,0.8231714043636618,77.67627625781643,0.7448260302632579,2.4033631537541873
765,50,45,2,700,0,1.0,95414813.20003662,33176000.000000354,25431409.07761585,0.8356349269337036,0.7665604375939107,80.57239481130222,0.7097281661362022,2.3229765162113307
766,50,45,2,700,0,1.0,103613594.41254313,35196333.33333388,28145038.10600671,0.9248003832379107,0.7996582439271025,74.19682758413542,0.7892960607704875,2.4290226559121697
767,50,45,2,700,0,1.0,110007079.84441628,36778500.000000656,30256885.722017586,0.9941922766605069,0.8226786226196569,69.88459298140543,0.8481114572788665,2.506254355374592
768,50,45,2,700,0,1.0,107704607.81422202,37070000.00000055,28947383.02304543,0.9511641381552663,0.7808843545466685,71.37856175346337,0.8272546626335124,2.4519621462708474
769,50,45,2,700,0,1.0,83675380.46671659,27463333.33333331,23343224.564852476,0.7670205647714831,0.8499778334088782,91.87648693223406,0.5878551045967608,2.2678373713238633
770,50,50,2,700,0,1.0,80403045.06550421,27507333.333333332,21719034.194974963,0.7136522989032098,0.7895725089663955,95.6157816378318,0.5523373043995604,2.183995311572677
771,50,50,2,700,0,1.0,99841618.52326527,33443666.66666712,27422168.467510957,0.9010480572970462,0.819951016161822,76.99995366369762,0.753269238182952,2.4092300511124094
772,50,50,2,700,0,1.0,105618575.76986697,34054166.66666719,29852448.72451535,0.9809031317363848,0.8766166271728341,72.78833239288323,0.8080439137683129,2.50933721550658
773,50,50,2,700,0,1.0,103211868.09718166,34831500.00000043,28182412.11835689,0.9260284327724113,0.8091070473093763,74.48562013005484,0.7855061419418929,2.432791779789394
774,50,50,2,700,0,1.0,98970470.31422201,33078833.333333842,27229549.689711925,0.8947189161228033,0.8231714043636618,77.677715136565,0.74480816857166,2.4033452920625895
775,50,50,2,700,0,1.0,95412979.86670329,33176000.000000354,25431409.07761585,0.8356349269337036,0.7665604375939107,80.57394298700493,0.7097098533074264,2.322958203382555
776,50,50,2,700,0,1.0,103611761.0792098,35196333.33333388,28145038.10600671,0.9248003832379107,0.7996582439271025,74.19814044201777,0.7892787904001861,2.4290053855418683
777,50,50,2,700,0,1.0,110005246.51108295,36778500.000000656,30256885.722017586,0.9941922766605069,0.8226786226196569,69.88575766907135,0.8480949943560914,2.506237892451817
778,50,50,2,700,0,1.0,107702774.4808887,37070000.00000055,28947383.02304543,0.9511641381552663,0.7808843545466685,71.37977677041329,0.8272379106625125,2.4519453942998473
779,50,50,2,700,0,1.0,83673547.13338324,27463333.33333331,23343224.564852476,0.7670205647714831,0.8499778334088782,91.87849999647975,0.587835381759412,2.2678176484865142
780,50,45,2,800,0,1.0,96935384.2467897,32213500.000000373,26786995.240013577,0.770155131755213,0.8315456327320305,90.63563391498052,0.6001390512200017,2.2653755574056262
781,50,45,2,800,0,1.0,107077201.29352047,35044166.66666706,29932415.63047954,0.8605893754447124,0.8541340393449943,82.05107991117856,0.6924508636060139,2.375758095082009
782,50,45,2,800,0,1.0,97641874.79643817,30616666.666666884,28149589.131171577,0.8093311822368311,0.9194204397769639,89.97983721959928,0.6067345163716586,2.34227086819323
783,50,45,2,800,0,1.0,115420745.6200864,37189166.666667454,32637234.725923687,0.9383558545947922,0.8776005931635017,76.11976471646557,0.7644010100341809,2.4664814845649823
784,50,45,2,800,0,1.0,110789897.08012368,36065333.3333339,31093495.240013935,0.8939716720273283,0.8621435701878105,79.30145465922833,0.7249222211991309,2.4146370773493793
785,50,45,2,800,0,1.0,94460840.7657008,32153000.000000358,25617873.48252749,0.7365416147068512,0.7967490897436385,93.00997036213305,0.5768539450367741,2.214253216831685
786,50,45,2,800,0,1.0,106085480.85992241,35354000.00000057,29250930.629536517,0.8409959434084654,0.8273725923385201,82.81811920710396,0.6836549232835372,2.3455529971543534
787,50,45,2,800,0,1.0,114539003.20958693,36701500.0000007,32517737.53518048,0.9349201809084902,0.8860056819252581,76.70574873018126,0.7569719007130675,2.4657764462532743
788,50,45,2,800,0,1.0,104647215.59340106,35049666.666667014,28742972.633837484,0.8263916007564263,0.8200640795586416,83.9563666379483,0.6708076952832692,2.3268589589301825
789,50,45,2,800,0,1.0,95882807.45676172,30955833.33333359,27074909.28424935,0.7784329724269937,0.8746302834979663,91.6306085839419,0.5902690614187456,2.2899732882171184
790,50,45,2,600,0,1.0,88736539.52106442,32153000.000000373,22824168.629117962,0.8749594316326473,0.709861245579501,74.26253080824391,0.7884322122376127,2.3563212087012135
791,50,45,2,600,0,1.0,99104856.89346926,34974500.00000045,26085973.593688227,0.9999999999999885,0.7458569413054623,66.4932093800768,0.897429999780832,2.494115552825202
792,50,45,2,600,0,1.0,93527383.4948777,31302333.33333363,25704507.643505443,0.9853765875820951,0.8211690601394529,70.45850908852711,0.8400377188090588,2.496972966920621
793,50,45,2,600,0,1.0,98891761.22680262,34811333.33333379,26085973.59368827,0.99999999999999,0.7493529002151001,66.63649143518305,0.8952894630575329,2.494771783229613
794,50,45,2,600,0,1.0,93777621.93317005,32041166.666667,25355714.136896808,0.9720056660270328,0.791348030509601,70.27049592594888,0.8426741498195057,2.4757525742271866
795,50,45,2,600,0,1.0,87759942.55715755,31491166.666666962,22769389.404826496,0.8728594822443401,0.7230405162768274,75.08892790931468,0.7776473526270148,2.356079765648477
796,50,45,2,600,0,1.0,96844919.34838086,34001000.00000047,25603520.423806086,0.9815052649597418,0.753022570624562,68.04487054498408,0.8745190719806081,2.4769371284802575
797,50,45,2,600,0,1.0,97841808.80758463,34015666.666667044,26080696.994102594,0.9997977227276189,0.7667260280293092,67.35157577635833,0.8846826702711055,2.498063492694553
798,50,45,2,600,0,1.0,89046318.86758795,31735000.000000186,23241780.804093197,0.8909685015443135,0.7323705941103849,74.00418213580558,0.79183437176524,2.377730847053548
799,50,45,2,600,0,1.0,85421061.26020332,27765833.33333331,24002383.078023147,0.9201260206684598,0.864457507537075,77.14490902807492,0.7514515944288914,2.4430176004585515
800,50,45,4,600,0,1.0,87647661.37468298,32180500.000000373,22275221.266315922,0.853915656485422,0.6921962451271939,75.18512070538215,0.7764016169304444,2.3301586130321996
801,50,45,4,600,0,1.0,100391659.76969299,35995666.66666713,26063113.276244175,0.9991236548115695,0.7240625244587914,65.64091095931238,0.9102689418363631,2.4895189614033963
802,50,45,4,600,0,1.0,94402386.22680214,31373833.333333623,26085973.59368823,0.9999999999999886,0.8314563705536352,69.80543886007264,0.8492310542423247,2.514396150685233
803,50,45,4,600,0,1.0,98951619.56013608,34857166.66666718,26085973.593688287,0.9999999999999908,0.7483675837208391,66.59618133885284,0.8958911518943471,2.4945852188710185
804,50,45,4,600,0,1.0,93772833.26650333,32037500.000000317,25355714.136896808,0.9720056660270328,0.7914385996690303,70.27408440642635,0.8426237526643392,2.4757746323995633
805,50,45,4,600,0,1.0,87363217.24964102,31540666.666666895,22544219.903842494,0.8642276594689584,0.7147667530968167,75.42991441317459,0.7732404327895621,2.3450538352670156
806,50,45,4,600,0,1.0,96140735.2587085,33986333.3333338,25269196.64488678,0.9686890371996939,0.7435105281010926,68.54326610117214,0.8672848856415714,2.4620933081224456
807,50,45,4,600,0,1.0,97834625.80758442,34010166.666666985,26080696.99410259,0.9997977227276187,0.7668500201636475,67.35652071650424,0.8846097615613467,2.4980897776922646
808,50,45,4,600,0,1.0,89177415.39049046,32263000.000000175,22969222.7381599,0.8805200486639024,0.7119369785252386,73.89539123941364,0.7932714136988408,2.362820996519032
809,50,45,4,600,0,1.0,82930831.76020338,27760333.33333333,22790549.744689856,0.8736706591700302,0.8209753633370107,79.4614000623384,0.7229923283728219,2.3797726190424306
810,50,40,2,800,0,1.0,96937217.58012302,32213500.000000373,26786995.240013577,0.770155131755213,0.8315456327320305,90.6339197608817,0.6001561969784964,2.265392703164121
811,50,40,2,800,0,1.0,107079034.62685381,35044166.66666706,29932415.63047954,0.8605893754447124,0.8541340393449943,82.04967508921354,0.6924670766321982,2.3757743081081935
812,50,40,2,800,0,1.0,97643708.1297715,30616666.666666884,28149589.131171577,0.8093311822368311,0.9194204397769639,89.9781477811494,0.6067516006225278,2.342287952444099
813,50,40,2,800,0,1.0,115422578.95341973,37189166.666667454,32637234.725923687,0.9383558545947922,0.8776005931635017,76.11855565578398,0.7644164136428162,2.4664968881736176
814,50,40,2,800,0,1.0,110791730.413457,36065333.3333339,31093495.240013935,0.8939716720273283,0.8621435701878105,79.30014241327218,0.7249380759767297,2.414652932126978
815,50,40,2,800,0,1.0,94462674.09903413,32153000.000000358,25617873.48252749,0.7365416147068512,0.7967490897436385,93.00816522290081,0.5768713003259697,2.2142705721208804
816,50,40,2,800,0,1.0,106087314.19325572,35354000.00000057,29250930.629536517,0.8409959434084654,0.8273725923385201,82.81668799716431,0.6836712310400599,2.345569304910876
817,50,40,2,800,0,1.0,114540836.54292026,36701500.0000007,32517737.53518048,0.9349201809084902,0.8860056819252581,76.70452098285332,0.7569873903753523,2.4657919359155587
818,50,40,2,800,0,1.0,104649048.92673439,35049666.666667014,28742972.633837484,0.8263916007564263,0.8200640795586416,83.95489581707528,0.6708241394508221,2.3268754030977354
819,50,40,2,800,0,1.0,95884640.79009503,30955833.33333359,27074909.28424935,0.7784329724269937,0.8746302834979663,91.62885658854741,0.5902862974816756,2.2899905242800487
820,50,40,2,900,0,1.0,101688424.84719071,32637000.00000042,28835856.27811407,0.7369440943565388,0.8835326861572357,97.19690333341863,0.5379722022205254,2.244798351146314
821,50,40,2,900,0,1.0,108837466.68672973,35445666.666667245,30534696.284396186,0.7803605304010075,0.8614507542359391,90.8124775491959,0.5983728092232077,2.2875334126119586
822,50,40,2,900,0,1.0,97600441.95248173,30070333.33333355,28476697.552861944,0.7277652477511732,0.9470030557092287,101.26798406109758,0.5026808846590498,2.260283329226433
823,50,40,2,900,0,1.0,116910610.2653029,36609833.33333408,33732715.763120756,0.8620907743636949,0.9214113447603806,84.54151404710737,0.6642974691496891,2.4014265449579937
824,50,40,2,900,0,1.0,93827493.68672842,30044666.666666847,26651696.284395833,0.6811245690760591,0.8870691287770099,105.34012592300577,0.4696963929835865,2.1793516960051944
825,50,40,2,900,0,1.0,103443981.29054172,34221000.00000038,28683026.821477324,0.7330383055210725,0.8381703287886679,95.54736657166649,0.5529674668234176,2.223503729854352
826,50,40,2,900,0,1.0,99877960.70142603,32712166.666667037,27904361.982149534,0.7131383431516101,0.8530270179438604,98.95876858706109,0.5224046448021078,2.204826259157196
827,50,40,2,900,0,1.0,128995525.36809461,39854833.33333428,37562361.982150316,0.9599631987983633,0.9424794646107187,76.62126241818177,0.7580385475819683,2.512022119270543
828,50,40,2,900,0,1.0,101827371.79054154,33429000.000000328,28398860.154810518,0.7257759948480919,0.8495276602593628,97.06427482318736,0.53916269170494,2.2187848199124303
829,50,40,2,900,0,1.0,99535153.08021016,31166666.666667007,28722134.250956014,0.7340377552659257,0.9215658048434984,99.29959109054832,0.5194456026785945,2.256698246553393
830,50,35,2,800,0,0.9991572270198226,95991822.58012296,31931166.666667018,26504661.90668022,0.7620377425675137,0.8300561699910723,91.52654636457831,0.5912936948513576,2.254495857864038
831,50,35,2,800,0,1.0,107080867.96018714,35044166.66666706,29932415.63047954,0.8605893754447124,0.8541340393449943,82.04827031535247,0.6924832894828075,2.3757905209588026
832,50,35,2,800,0,1.0,97645541.46310484,30616666.666666884,28149589.131171577,0.8093311822368311,0.9194204397769639,89.97645840613926,0.6067686847128962,2.3423050365344675
833,50,35,2,800,0,1.0,115424412.28675306,37189166.666667454,32637234.725923687,0.9383558545947922,0.8776005931635017,76.11734663351041,0.7644318170725144,2.4665122916033155
834,50,35,2,800,0,1.0,110793563.74679033,36065333.3333339,31093495.240013935,0.8939716720273283,0.8621435701878105,79.29883021074428,0.7249539305763638,2.414668786726612
835,50,35,2,800,0,1.0,94464507.43236746,32153000.000000358,25617873.48252749,0.7365416147068512,0.7967490897436385,93.00636015373559,0.5768886554636373,2.2142879272585483
836,50,35,2,800,0,1.0,106089147.52658905,35354000.00000057,29250930.629536517,0.8409959434084654,0.8273725923385201,82.8152568366903,0.6836875386219337,2.3455856124927497
837,50,35,2,800,0,1.0,114542669.8762536,36701500.0000007,32517737.53518048,0.9349201809084902,0.8860056819252581,76.70329327482725,0.7570028798587365,2.465807425398943
838,50,35,2,800,0,1.0,104650882.2600677,35049666.666667014,28742972.633837484,0.8263916007564263,0.8200640795586416,83.95342504773564,0.670840583445309,2.3268918470922224
839,50,35,2,800,0,1.0,95886474.12342839,30955833.33333359,27074909.28424935,0.7784329724269937,0.8746302834979663,91.62710466014856,0.5903035333887751,2.290007760187148
840,50,35,2,900,0,1.0,101690258.18052405,32637000.00000042,28835856.27811407,0.7369440943565388,0.8835326861572357,97.19515100899771,0.5379879141470897,2.2448140630728783
841,50,35,2,900,0,1.0,108839300.02006307,35445666.666667245,30534696.284396186,0.7803605304010075,0.8614507542359391,90.81094786697501,0.5983880647551366,2.287548668143888
842,50,35,2,900,0,1.0,97602275.28581506,30070333.33333355,28476697.552861944,0.7277652477511732,0.9470030557092287,101.26608187213493,0.5026968214788478,2.2602992660462307
843,50,35,2,900,0,1.0,116912443.59863621,36609833.33333408,33732715.763120756,0.8620907743636949,0.9214113447603806,84.54018833043445,0.664312147149023,2.4014412229573274
844,50,35,2,900,0,1.0,93829327.02006173,30044666.666666847,26651696.284395833,0.6811245690760591,0.8870691287770099,105.33806767991351,0.4697125057492235,2.1793678087708317
845,50,35,2,900,0,1.0,103445814.62387508,34221000.00000038,28683026.821477324,0.7330383055210725,0.8381703287886679,95.54567321971516,0.5529830731859582,2.2235193362168926
846,50,35,2,900,0,1.0,99879794.03475934,32712166.666667037,27904361.982149534,0.7131383431516101,0.8530270179438604,98.95695215951608,0.5224204602112771,2.2048420745663653
847,50,35,2,900,0,1.0,128997358.70142795,39854833.33333428,37562361.982150316,0.9599631987983633,0.9424794646107187,76.62017346321518,0.7580523055375038,2.512035877226079
848,50,35,2,900,0,1.0,101829205.12387489,33429000.000000328,28398860.154810518,0.7257759948480919,0.8495276602593628,97.06252727767432,0.539178395456009,2.218800523663499
849,50,35,2,900,0,1.0,99536986.41354352,31166666.666667007,28722134.250956014,0.7340377552659257,0.9215658048434984,99.29776212970778,0.5194614370143646,2.2567140808891635
850,50,30,2,900,0,0.9990530303030303,87848775.29054087,28909833.33333346,24455360.15481036,0.624993864154063,0.8459184068215633,112.50925203352539,0.4167977442779284,2.092585500038209
851,50,30,2,900,0,0.9836088858252799,111442935.85339637,36221166.66666724,31310196.2843963,0.8001796104956513,0.8644171120310631,88.6893361549823,0.6199257274322526,2.295068302882383
852,50,30,2,900,0,1.0,97604108.61914839,30070333.33333355,28476697.552861944,0.7277652477511732,0.9470030557092287,101.2641797546313,0.5027127582051784,2.2603152027725613
853,50,30,2,900,0,1.0,116914276.93196954,36609833.33333408,33732715.763120756,0.8620907743636949,0.9214113447603806,84.53886265533865,0.6643268250123282,2.4014559008206326
854,50,30,2,900,0,1.0,93831160.35339506,30044666.666666847,26651696.284395833,0.6811245690760591,0.8870691287770099,105.33600951725178,0.4697286184379277,2.179383921459536
855,50,30,2,900,0,1.0,103447647.9572084,34221000.00000038,28683026.821477324,0.7330383055210725,0.8381703287886679,95.54397992778415,0.5529986794357701,2.2235349424667046
856,50,30,2,900,0,1.0,99881627.3680927,32712166.666667037,27904361.982149534,0.7131383431516101,0.8530270179438604,98.95513579865231,0.5224362755186345,2.2048578898737228
857,50,30,2,900,0,1.0,130903752.51482792,40901666.666667715,37824634.38172722,0.9666659682294766,0.9247700024055967,75.5043290212817,0.7722820208481798,2.512098022772657
858,50,30,2,900,0,1.0,101831038.45720822,33429000.000000328,28398860.154810518,0.7257759948480919,0.8495276602593628,97.0607797950858,0.5391940990989926,2.218816227306483
859,50,30,2,900,0,1.0,99538819.74687684,31166666.666667007,28722134.250956014,0.7340377552659257,0.9215658048434984,99.2959332362399,0.5194772712495056,2.2567299151243043
860,50,35,4,900,0,1.0,99858862.86809288,32664500.000000425,27924528.648816183,0.7136537329413047,0.8548892114930833,98.97769427893309,0.5222398896320198,2.2061512588264867
861,50,35,4,900,0,1.0,105961613.10803132,35425500.00000065,29143115.393539432,0.7447965676233651,0.8226592537448703,93.27717566854275,0.5742906829977313,2.2324180859936273
862,50,35,4,900,0,1.0,96206963.3564585,30085000.00000018,27786377.10580328,0.7101230604768677,0.9235957156657176,102.73476737208011,0.49054114344729843,2.2294177159798725
863,50,35,4,900,0,1.0,118239014.25762156,37539333.333333984,33787690.70650071,0.8634957425210714,0.9000610215018945,83.59169823984642,0.674897149612214,2.3949459668137294
864,50,35,4,900,0,1.0,92998108.35339502,30041000.000000168,26248362.951062467,0.6708167732821552,0.8737513049186884,106.27958111192247,0.46239935715282116,2.161400401087772
865,50,35,4,900,0,1.0,103400322.29054177,34186166.66666706,28683026.821477327,0.7330383055210726,0.8390243662342078,95.58770979676231,0.5525957836118377,2.223815276599204
866,50,35,4,900,0,1.0,98620994.3680927,32697500.00000037,27299361.982149493,0.6976766494607545,0.8349067048596738,100.22003999584241,0.5115376956959115,2.17946305958365
867,50,35,4,900,0,1.0,125064633.20142797,39849333.33333428,35646528.64881682,0.9110011687773195,0.8945326224315582,79.02953654436615,0.7282150016823526,2.443841099627599
868,50,35,4,900,0,1.0,101419480.79054107,33955166.66666685,27863526.821477175,0.7120947386125476,0.8205975572144747,97.45464996426817,0.5356661501993983,2.192144195970978
869,50,35,4,900,0,1.0,97924607.5552236,31295000.000000425,27853426.495146498,0.711836609435849,0.8900280075138559,100.93275068195837,0.5054973355951969,2.217519741606282
870,50,30,4,900,0,0.9990530303030303,88158153.51385628,29557000.000000086,24193856.278113913,0.6183107354921596,0.818549117911623,112.11441717012042,0.41954955996110865,2.0734418845934375
871,50,30,4,900,0,0.9836088858252799,108565248.94136456,36201000.00000061,29918615.39353957,0.7646156477180095,0.8264582578806956,91.04018179277773,0.5961062456962772,2.240881737826114
872,50,30,4,900,0,1.0,96208796.68979184,30085000.00000018,27786377.10580328,0.7101230604768677,0.9235957156657176,102.73280968130757,0.4905571491729172,2.229433721705491
873,50,30,4,900,0,1.0,118240847.5909549,37539333.333333984,33787690.70650071,0.8634957425210714,0.9000610215018945,83.59040214420861,0.6749117286238715,2.394960545825387
874,50,30,4,900,0,1.0,92999941.68672837,30041000.000000168,26248362.951062467,0.6708167732821552,0.8737513049186884,106.27748599341837,0.46241550379221974,2.1614165477271703
875,50,30,4,900,0,1.0,103402155.6238751,34186166.66666706,28683026.821477327,0.7330383055210726,0.8390243662342078,95.58601501454457,0.5526113926574139,2.22383088564478
876,50,30,4,900,0,1.0,98622827.70142603,32697500.00000037,27299361.982149493,0.6976766494607545,0.8349067048596738,100.21817697138576,0.5115535793964675,2.1794789432842063
877,50,30,4,900,0,1.0,127346471.28521895,40896166.66666773,36092033.97684223,0.922386733933638,0.882528533077867,77.61345799573175,0.7456062499052806,2.451629076367574
878,50,30,4,900,0,1.0,101421314.12387443,33955166.66666685,27863526.821477175,0.7120947386125476,0.8205975572144747,97.4528883339855,0.5356818778588097,2.1921599236303893
879,50,30,4,900,0,1.0,97926440.88855693,31295000.000000425,27853426.495146498,0.711836609435849,0.8900280075138559,100.9308610658897,0.5055132557773544,2.2175356617884394
880,50,25,2,900,0,0.8796619696365398,87165371.02991077,28493666.66666675,24386192.791561693,0.6232261871557903,0.8558460754399793,113.39136039022168,0.4107148887674608,1.975053718755984
881,50,25,2,900,0,0.9218544546088416,87504561.0699675,28708166.66666682,24415013.211306162,0.6239627367460892,0.85045532495304,112.95182650075856,0.4137346545501094,2.015953369121383
882,50,25,2,900,0,0.9716096652111674,90231092.78581445,27872166.666666694,26278530.886195093,0.6715877606743968,0.9428233979966298,109.53873764403602,0.4379521472620435,2.163820530870515
883,50,25,2,900,0,1.0,116916110.2653029,36609833.33333408,33732715.763120756,0.8620907743636949,0.9214113447603806,84.53753702181801,0.6643415027396032,2.4014705785479076
884,50,25,2,900,0,0.9690270809358775,89716210.68672805,28411166.66666675,25683696.28439582,0.6563858591706915,0.9040000569399033,110.16738139456592,0.43338750380067936,2.1256146302884797
885,50,25,2,900,0,0.8950343019973861,89334684.69657731,29360833.333333377,24892192.791561715,0.6361577855154146,0.8478026665306392,110.63787859743438,0.43000233361803336,2.0032787688399307
886,50,25,2,900,0,0.9098904506690922,95334848.86809227,31159333.333333578,26674195.31548276,0.6816995659802031,0.8560579595888622,103.67457563891959,0.48291742919958724,2.077654247539769
887,50,25,2,900,0,0.9535247489570295,126762122.03476098,39187500.00000087,36895028.64881692,0.9429084821211766,0.9414999336221014,77.97124126156268,0.7411733890838478,2.4478980849385583
888,50,25,2,900,0,0.9975240447891145,100073733.45720807,32904666.66666695,27874526.82147717,0.7123758603160175,0.8471298950952326,98.76517702046515,0.5240929191945717,2.1993208800598723
889,50,25,2,900,0,0.9703205534338267,99277740.71984008,30924666.666666977,28748068.67732498,0.7347005489131406,0.9296161212405855,99.55706010566757,0.5172213592442483,2.2312348096705437
890,50,20,4,900,0,0.845785118541481,71945966.91354145,23862666.66666639,19909300.91762262,0.5088124171691424,0.8343284175122724,137.37809670245326,0.27537129039844754,1.7886191429497464
891,50,20,4,900,0,1.0,76473260.74687529,25019499.999999873,21381467.584289223,0.5464358718168869,0.8545921215167902,129.2451754177862,0.31534555009896753,1.9990192473123995
892,50,20,4,900,0,0.9378462143428141,95382100.85645862,29837500.00000022,27538877.1058033,0.7037978221487914,0.9229619474085663,103.62321558501023,0.48333098392923607,2.1595467561989032
893,50,20,4,900,0,0.9769136432771596,113262343.88855702,35498833.33333378,32656759.828480206,0.834593086617795,0.9199389602985956,87.26466061593281,0.6348217613578289,2.347686572873865
894,50,20,4,900,0,1.0,82346104.5655308,26189166.6666666,23502140.66969113,0.6006328927506454,0.8973993319002587,120.02753563326725,0.3677106500161884,2.0856301155363957
895,50,20,4,900,0,0.8032390150799242,89577192.68672784,28337833.333333347,25661696.284395915,0.6558236157637537,0.9055631029564447,110.33835403355333,0.43215430490855905,1.959843802353639
896,50,20,4,900,0,0.8677012781791987,98677645.55522294,32109000.000000224,27699426.49514649,0.7079009055872676,0.8626686130102555,100.16250331458032,0.5120284673255733,2.0698646359129764
897,50,20,4,900,0,0.9715864728070832,110127034.70142631,35399833.33333379,31189695.31548308,0.7971000252546805,0.8810689875794899,89.74907956794364,0.6090724865637007,2.285514149434376
898,50,20,4,900,0,0.8821336056239983,85384760.18052235,28258999.999999914,23665856.278113928,0.604816893725596,0.8374626235222054,115.75601991624092,0.39484302481308536,1.9469467292548481
899,50,20,4,900,0,0.8240853462884907,88766330.21394575,27463333.33333339,25823352.95946551,0.6599549975703787,0.9402847296807425,111.34627258080782,0.42495533500765376,2.0012684650407384
900,50,20,4,800,0,0.8655563208094899,79286544.62342766,27039833.333333366,21466742.617582798,0.617192105380437,0.7938933037401402,110.8107314012517,0.42876533115121346,1.9294362949528154
901,50,20,4,800,0,0.9838094281505292,82388273.33997066,27247000.000000004,22848474.706346337,0.6569183997758047,0.8385684554756976,106.63896260752888,0.45963800568790747,2.114302198218995
902,50,20,4,800,0,0.9177607869328904,92127706.69017428,29621166.666666802,26088480.40841382,0.7500720736390086,0.880737774510807,95.36544776422872,0.5546465974510282,2.1769976039925645
903,50,20,4,800,0,0.976650395221071,113338057.82473785,34838833.33333389,33114384.980349746,0.9520744413109165,0.95050212111052,77.51853321490708,0.746786792012444,2.4838388841219308
904,50,20,4,800,0,0.9447081640808831,98184517.09528781,31060333.33333363,28127162.076762587,0.808686380127133,0.9055653645087192,89.48254022040364,0.6117842016468642,2.2809446573347225
905,50,20,4,800,0,0.8386412384687618,77372269.40657085,25543833.3333332,21486020.6962279,0.6177463710256084,0.8411431603020171,113.55231102028222,0.40961461816892153,1.9211703848792971
906,50,20,4,800,0,0.8412637026467699,96638585.05487047,32391333.33333372,26524322.623166718,0.7626030094651401,0.8188709723742894,90.91399667132447,0.5973612272172163,2.0937217077634176
907,50,20,4,800,0,0.8959463583640723,110390291.76006843,36089166.66666722,30878805.96717093,0.887799122858176,0.8556253529592109,79.58852051134893,0.7214621647473632,2.301908805478804
908,50,20,4,800,0,0.9311898305035556,92778031.79009432,30723000.00000003,25703575.950916108,0.739005653515317,0.83662324483013,94.69698624214658,0.5608604794989024,2.161348905866562
909,50,20,4,800,0,0.7968883437262002,82787617.29351877,26223999.99999989,23695415.630479176,0.6812688688437223,0.9035774721811805,106.12456653813877,0.4635955456973814,1.9833458671685258
910,50,20,6,900,0,0.845785118541481,70433501.7468749,23880999.999999754,19159467.584289305,0.48964928771593214,0.8022891664624388,140.32810743274652,0.26215960257774884,1.7497760542891807
911,50,20,6,900,0,0.9889683593317832,78722984.6238738,26884000.00000001,21291026.821477152,0.5441245207891721,0.7919590396323889,125.55164222016305,0.3353678230183568,1.9579034140560512
912,50,20,6,900,0,0.9378462143428141,92751419.3806129,29810000.0000002,26272519.626132287,0.6714341337954098,0.8813324262372396,106.56225064805783,0.4602260437217813,2.103138199054387
913,50,20,6,900,0,0.9776125912148557,110420658.88855676,34651833.33333371,31809759.828480132,0.8129467154505967,0.9179820162034655,89.51042404098794,0.6114999530195439,2.323498157197172
914,50,20,6,900,0,1.0,85208035.5552223,27456000.00000004,24091426.49514638,0.6156929868490774,0.87745580183371,115.99610219384095,0.39326626796679937,2.0952309094337673
915,50,20,6,900,0,0.8032390150799242,87536937.33349213,28326833.333333332,24672975.272567905,0.6305553489363214,0.8710107120775203,112.91005032932998,0.4140228256917664,1.914070410433707
916,50,20,6,900,0,0.8677012781791987,96893960.0531732,32118166.6666669,26823068.677324817,0.6855042508058717,0.8351369788849909,102.00635823508499,0.4965326831445582,2.0323435444317495
917,50,20,6,900,0,0.9715864728070832,108016206.52991208,35394333.33333379,30163026.124895282,0.7708619350948356,0.8521993009679956,91.50293569384847,0.5915264213174836,2.244872334898963
918,50,20,6,900,0,0.9517968632638395,92474648.84718917,30385666.666666623,25770522.94478065,0.6586048463228734,0.8481144490751349,106.8811844458323,0.45778617344316824,2.088074595967116
919,50,20,6,900,0,0.9830199572034947,89235304.9135429,28213166.666666817,25574300.91762242,0.6535900944562302,0.906466871293744,110.76109404877457,0.4291201908479786,2.1373136450864685
920,50,20,8,900,0,0.9969046469627285,64632056.565530084,21404166.666666385,17906807.336358014,0.45763565291886843,0.83660380781117,152.92411421225427,0.21251658706851972,1.8787042802801843
921,50,20,8,900,0,0.9896995498140552,87684748.790541,29555166.666666828,23962193.488143787,0.6123902411151565,0.8107615754090483,112.71971621439162,0.4153382888695019,2.053647099010796
922,50,20,8,900,0,0.9378462143428141,90723155.04727957,29764166.66666687,25311852.95946557,0.6468828383590213,0.8504136280023092,108.94462383775284,0.4423102453252616,2.060487362069923
923,50,20,8,900,0,0.978225777076281,114709001.85931873,36191833.33333371,32921083.874728024,0.8413482889950034,0.9096274170893346,86.1641182452418,0.6465733452856588,2.3525010560334074
924,50,20,8,900,0,1.0,85146527.22188887,27437666.66666668,24073093.16181311,0.615224450676629,0.877373920103013,116.07989571016986,0.3927174319060895,2.0946165679884996
925,50,20,8,900,0,0.8032390150799242,86291885.83349213,28354333.333333332,24047808.605901267,0.6145782654557724,0.8481175812950849,114.53915863041482,0.4029325998011755,1.8846656799171677
926,50,20,8,900,0,0.8628780371943336,84831550.71983926,28387333.333333388,23314068.677324876,0.5958264273989168,0.8212842116433914,116.51089619523493,0.389906516481619,1.909811922990666
927,50,20,8,900,0,0.9715864728070832,106651942.20142625,35405333.333333775,29490195.315482963,0.7536667220685496,0.8329308761998925,92.67341781111816,0.5800987313177463,2.2180299050847436
928,50,20,8,900,0,0.9517968632638395,92474648.84718917,30385666.666666623,25770522.94478065,0.6586048463228734,0.8481144490751349,106.8811844458323,0.45778617344316824,2.088074595967116
929,50,20,8,900,0,0.9689373780437998,87978976.58020954,28073833.333333474,25049967.584289107,0.6401899599241568,0.8922888188035947,112.34274805400857,0.4179559920263836,2.1007244251130595
930,50,25,8,900,0,0.9224756169397075,84430259.20142518,29126166.6666668,22648195.315482866,0.5788090225101552,0.7775892919476564,117.06466489011042,0.3863244385519179,1.9308714890497507
931,50,25,8,900,0,0.9574484572564709,90263079.12387462,31087833.33333359,24244526.821477115,0.6196056981708885,0.7798718733956022,109.49992063128867,0.43823557216777614,2.0195815281407286
932,50,25,8,900,0,0.9716096652111674,84084572.54727887,27785999.999999996,23333686.29279891,0.5963277853516514,0.8397641363563995,117.54593857800207,0.3832380370112049,2.026659011307492
933,50,25,8,900,0,1.0,118520413.86862378,37576000.00000058,33899865.561390445,0.8663625412749907,0.9021680211142729,83.39322887410677,0.67713328609859,2.3988677029900085
934,50,25,8,900,0,1.0,91270589.52006145,29656000.000000104,25648862.95106258,0.6554956404430384,0.864879381948425,108.29118177030644,0.44715364012204256,2.1390571456807828
935,50,25,8,900,0,0.9209589656343918,97932875.88855633,32679166.666666903,26973426.49514652,0.689346873158243,0.8254012952741449,100.92422907346626,0.505569134866916,2.086849136720624
936,50,25,8,900,0,0.9098904506690922,92211690.85339542,31417833.33333362,24985196.28439587,0.6385346310003424,0.795255230343562,107.18597510280942,0.4554665875228654,2.0015612224668073
937,50,25,8,900,0,0.9538673156657131,116063608.20142724,38206666.666667394,32298861.98214992,0.8254464636879183,0.845372412724201,85.15847605604992,0.657501696787927,2.2876669426330007
938,50,25,8,900,0,1.0,102407940.79054107,34237500.000000186,28164193.48814389,0.719778731840731,0.8226124421509672,96.51400002481955,0.544130230170606,2.20222018389138
939,50,25,8,900,0,0.9703205534338267,96202521.58021043,31018166.666667074,27187634.250955872,0.6948212776318455,0.8765068078692224,102.73951074930213,0.4905023646187356,2.16202836434794
940,50,20,10,900,0,0.9645432463484143,67420070.73219681,23041333.333333064,18223974.00302467,0.46574132870225554,0.790925322739926,146.60026150461957,0.2361382851007586,1.8334217896411136
941,50,20,10,900,0,0.9896995498140552,87684748.790541,29555166.666666828,23962193.488143787,0.6123902411151565,0.8107615754090483,112.71971621439162,0.4153382888695019,2.053647099010796
942,50,20,10,900,0,0.9378462143428141,90484312.04727963,29863166.666666884,25132186.292798962,0.6422911838690114,0.8415780741983864,109.23219480118877,0.4401953910728858,2.051304064774409
943,50,20,10,900,0,0.978225777076281,114709001.85931873,36191833.33333371,32921083.874728024,0.8413482889950034,0.9096274170893346,86.1641182452418,0.6465733452856588,2.3525010560334074
944,50,20,10,900,0,1.0,85146527.22188887,27437666.66666668,24073093.16181311,0.615224450676629,0.877373920103013,116.07989571016986,0.3927174319060895,2.0946165679884996
945,50,20,10,900,0,0.789427042147662,74676690.66682498,25204666.666666515,20386641.939234674,0.5210115918174815,0.8088439418322584,132.35455282957344,0.29941963923930626,1.7359218348527752
946,50,20,10,900,0,0.8628780371943336,84831550.71983926,28387333.333333388,23314068.677324876,0.5958264273989168,0.8212842116433914,116.51089619523493,0.389906516481619,1.909811922990666
947,50,20,10,900,0,0.9715864728070832,106703063.43840988,36210166.66666718,29002156.713067196,0.7411941544985241,0.8009396084819674,92.62901815096464,0.5805281599609654,2.1928663195536227
948,50,20,10,900,0,0.9517968632638395,92474648.84718917,30385666.666666623,25770522.94478065,0.6586048463228734,0.8481144490751349,106.8811844458323,0.45778617344316824,2.088074595967116
949,50,20,10,900,0,0.9689373780437998,87978976.58020954,28073833.333333474,25049967.584289107,0.6401899599241568,0.8922888188035947,112.34274805400857,0.4179559920263836,2.1007244251130595
950,50,25,10,900,0,0.9092728739404872,82322981.22188897,28303000.000000037,22144426.49514645,0.5659344453348745,0.7824056282071307,120.06124964497741,0.36750409136828555,1.9027014678744774
951,50,25,10,900,0,0.9574484572564709,90263079.12387462,31087833.33333359,24244526.821477115,0.6196056981708885,0.7798718733956022,109.49992063128867,0.43823557216777614,2.0195815281407286
952,50,25,10,900,0,0.9716096652111674,83913388.71394573,27905166.666666716,23174186.29279898,0.592251520651337,0.8304622068601015,117.78573302161723,0.38170945439501996,2.0176888850942687
953,50,25,10,900,0,1.0,118520413.86862378,37576000.00000058,33899865.561390445,0.8663625412749907,0.9021680211142729,83.39322887410677,0.67713328609859,2.3988677029900085
954,50,25,10,900,0,1.0,91270589.52006145,29656000.000000104,25648862.95106258,0.6554956404430384,0.864879381948425,108.29118177030644,0.44715364012204256,2.1390571456807828
955,50,25,10,900,0,0.9209589656343918,96908050.0001594,32638833.333333507,26498975.272568,0.6772215517123577,0.8118848796444273,101.99152701951739,0.49665543470289125,2.067122304052825
956,50,25,10,900,0,0.9216128610914506,94056940.85339542,31967833.33333362,25535196.28439587,0.6525907161738466,0.7987778220105306,105.08315399504298,0.47171235340670925,2.0323474721065846
957,50,25,10,900,0,0.9538673156657131,113565475.7717441,38215833.3333341,31073823.379734058,0.7941387419853949,0.8131138501860075,87.03173154370882,0.6372910253497203,2.2416494211642393
958,50,25,10,900,0,1.0,102407940.79054107,34237500.000000186,28164193.48814389,0.719778731840731,0.8226124421509672,96.51400002481955,0.544130230170606,2.20222018389138
959,50,25,10,900,0,0.9703205534338267,96202521.58021043,31018166.666667074,27187634.250955872,0.6948212776318455,0.8765068078692224,102.73951074930213,0.4905023646187356,2.16202836434794
960,50,20,10,800,0,0.980457353797877,60601319.460185006,21618666.66666642,15802915.63047949,0.45435094382397323,0.7309847491587366,144.97704139548082,0.2426138914830624,1.8078590446079288
961,50,20,10,800,0,0.9855092818086512,89347798.29529577,30983333.3333335,23863542.35983152,0.6861026944458752,0.7702057781548592,98.33258533089761,0.5278852110733161,2.1295591154058546
962,50,20,10,800,0,0.9595637408282613,70970688.02350646,24034999.999999795,19323480.40841406,0.5555709950506514,0.8039725570382452,123.79476999138042,0.3453329805091444,1.948074766968002
963,50,20,10,800,0,0.9883846473094946,116842359.7598817,36778500.00000055,33588322.15383787,0.9657006484693141,0.9132597075421064,75.19362000267166,0.7762916435837904,2.49528405692697
964,50,20,10,800,0,0.9816367695192787,100889826.55487025,32347333.333333664,28627155.95650026,0.823061745817681,0.8849927646740575,87.08311135039695,0.636745527451417,2.326376508709942
965,50,20,10,800,0,0.95879771727278,67437054.17893633,23583999.99999979,17886375.555036787,0.5142526736868005,0.7584114465331134,130.28149148816476,0.3099456896683897,1.8754725641676604
966,50,20,10,800,0,0.9020813736545564,93274156.22153656,31262000.00000021,25602155.956500024,0.7360897188066171,0.8189545120753583,94.19329379011204,0.5655886511035834,2.1228336344184267
967,50,20,10,800,0,0.8959463583640723,103926859.58012345,36133166.66666719,27696328.573347032,0.7962994501779342,0.7665070938522769,84.53829968013706,0.6643330583670423,2.1734850918129363
968,50,20,10,800,0,0.9311898305035556,92778031.79009432,30723000.00000003,25703575.950916108,0.739005653515317,0.83662324483013,94.69698624214658,0.5608604794989024,2.161348905866562
969,50,20,10,800,0,0.9618474271975774,77257702.79009409,26064499.999999963,21098242.61758277,0.6065973311809074,0.80946277955007,113.72069946048806,0.40846665700665813,2.0178843078442914
