int(self),self.nb_electrical,self.nb_activeCS_Cparking,self.nb_activeCS_Cparking_fast,self.nb_solar,self.nb_wind,self.avg_statisfied_day,self.monthly_profit,self.monthly_energy_consumption,self.monthly_renew_charge,self.self_consumption,self.self_sufficiency,self.payback_period,self.payback_period_norm,self.metric
0,200,25,10,300,4,0.8351903714226818,80961217.9467354,41539666.66666716,13042986.796844285,1.0000000000000016,0.31398872074509016,44.46326390949699,0.7410543984916165,1.8274357465103706
1,200,25,10,300,4,0.8989496649601635,86198147.88484886,45567500.0000011,13031556.638122216,0.9991236548115793,0.28598357685020903,41.76191818887956,0.6960319698146594,1.8237684962549903
2,200,25,10,300,4,0.8482149586291859,88955896.94673614,47661166.66666762,13042986.796844292,1.0000000000000022,0.2736606698712236,40.467244146337386,0.6744540691056231,1.741597563631788
3,200,25,10,300,4,0.8108595899976636,84677223.28007033,44385000.00000104,13042986.796844315,1.000000000000004,0.2938602410013295,42.51202224822186,0.708533704137031,1.7544814869357581
4,200,25,10,300,4,0.9301427680579276,80769671.2800694,41393000.0000007,13042986.796844285,1.0000000000000016,0.31510126825415086,44.56870930572032,0.7428118217620053,1.9250356044232535
5,200,25,10,300,4,0.43388753473677416,93723005.35234268,51524000.0000003,12907431.92728632,0.9896070684062379,0.25051300223752515,38.40892624459593,0.6401487707432655,1.2744467072700596
6,200,25,10,300,4,0.9114930500781256,86484944.94673653,45769166.66666767,13042986.796844298,1.0000000000000024,0.2849732198935385,41.62342939822658,0.6937238233037762,1.8331954492967326
7,200,25,10,300,4,0.7995919019729132,92039197.5395719,50022500.00000028,13042693.609682197,0.9999775214706084,0.26073654075030483,39.11159697423785,0.6518599495706308,1.6600410841437878
8,200,25,10,300,4,0.9900270475928358,89558024.01901102,48398166.666667156,12867098.593952997,0.9865147296680677,0.26585921492796627,40.195169996558306,0.6699194999426384,1.8726339194778472
9,200,25,10,300,4,0.8517595945256364,84725109.94673662,44421666.6666676,13042986.796844298,1.0000000000000024,0.2936176819910109,42.487994435924065,0.7081332405987344,1.7947869807171797
10,200,50,8,900,4,0.6844984768098591,189583642.55925953,84846666.6666629,38456676.049752034,0.9828187528094047,0.45324910878157154,53.73775850316583,0.8956293083860971,1.9427270722212135
11,200,50,8,900,4,0.6842515921189173,176045625.3925967,74425999.99999714,38491509.38308547,0.9837089715370624,0.5171782627453705,57.87022527416027,0.9645037545693378,2.0624979568845516
12,200,50,8,900,4,0.6712969518493515,189063615.7259242,84393833.33332922,38491509.383085184,0.9837089715370552,0.45609386210786007,53.885566299381104,0.8980927716563517,1.9342648131919913
13,200,50,8,900,4,0.7055321524071145,185278766.8377743,81497166.66666308,38490629.82159921,0.9836864930076693,0.4722940857445052,54.98633315559681,0.9164388859266135,1.9998063069293321
14,200,50,8,900,4,0.7534808124567712,177534531.70693326,75674499.99999744,38422385.57358594,0.9819424076209853,0.5077322687772927,57.384892404017506,0.9564148734002917,2.116081500878897
15,200,50,8,900,4,0.7522070471022891,183387107.8925937,80101999.99999644,38456676.049752146,0.9828187528094076,0.48009632780397316,55.553523456876796,0.9258920576146132,2.062176166960081
16,200,50,8,900,4,0.6557567098624351,172703592.55926442,71921666.66666402,38456676.04975219,0.9828187528094087,0.5347022369210058,58.99008728787148,0.9831681214645247,2.0666866208637646
17,200,50,8,900,4,0.7596602149497421,189753640.2259237,84976833.33332898,38456676.04975203,0.9828187528094043,0.45255482631251254,53.68961558719108,0.8948269264531846,2.0165310024529366
18,200,50,8,900,4,0.700172146780241,186530867.55926016,82509166.66666321,38456676.04975198,0.9828187528094033,0.46608974012689813,54.61723377640633,0.9102872296067722,1.9833311684885317
19,200,50,8,900,4,0.6718221361922422,189288683.05925933,84566166.66666295,38491509.38308544,0.9837089715370617,0.45516441031090604,53.82149548164258,0.8970249246940429,1.93297858913501
20,200,35,10,700,4,0.5733250375180744,144197808.9535072,62877833.33333278,30306340.631288227,0.9958172849079365,0.481987673949036,55.42247873250796,0.9237079788751327,1.882623155552436
21,200,35,10,700,4,0.8648988877960921,142291919.62017474,61418499.99999962,30306340.63128823,0.9958172849079368,0.49343993473120346,56.16481962807739,0.9360803271346232,2.195731162715678
22,200,35,10,700,4,0.5297298737117332,147906631.28683814,65717666.666665554,30306340.631288175,0.9958172849079349,0.4611597180558554,54.032736263875485,0.9005456043979247,1.7992032525543422
23,200,35,10,700,4,0.5479974488446665,150427407.78683832,67593166.66666558,30341173.9646217,0.996961851843498,0.4488793092687701,53.12728656020385,0.8854547760033975,1.79255567226308
24,200,35,10,700,4,0.5911630483958253,149717169.36465538,67145833.33333233,30279670.260936737,0.9949409397195145,0.4509538233090243,53.37931537120466,0.8896552561867443,1.841581363229789
25,200,35,10,700,4,0.5085417224794182,154284678.78683537,70546666.6666648,30341173.964621633,0.9969618518434958,0.4300865710350941,51.799051356497465,0.8633175226082911,1.7159285019157846
26,200,35,10,700,4,0.7780290006195556,134191889.9535102,55216333.33333345,30306340.63128828,0.9958172849079383,0.5488655041314142,59.55501485796721,0.9925835809661201,2.209704984890807
27,200,35,10,700,4,0.5555086421942071,152927091.786834,69507166.6666646,30341173.964621678,0.9969618518434972,0.4365186414536042,52.25888955725267,0.8709814926208779,1.7757050479779684
28,200,35,10,700,4,0.6262965159648888,149324076.6201709,66802999.99999873,30306340.631288268,0.9958172849079379,0.4536673597187079,53.519835386817036,0.8919972564469506,1.8812276601868057
29,200,35,10,700,4,0.5135056626789404,145519024.4535055,63834833.33333233,30341173.964621596,0.9969618518434945,0.4753074830819443,54.91927966128886,0.9153213276881477,1.8090729768326437
30,200,40,10,400,4,0.587674837334423,119513006.73534581,64265666.666666,17375408.850829583,0.9991236548115778,0.2703684525821942,39.30785550733393,0.6551309251222323,1.4591005245224107
31,200,40,10,400,4,0.9240209495557391,120281688.59563974,64830333.3333324,17390649.062459037,1.0000000000000016,0.26824864485954547,39.05665155560759,0.6509441925934598,1.7895640580368353
32,200,40,10,400,4,0.6038180807032785,129957189.59563737,72238833.33333121,17390649.062459018,1.0000000000000007,0.24073823260978552,36.14882727625332,0.6024804546042221,1.398889121395329
33,200,40,10,400,4,0.5878539540584163,130859853.26230507,72929999.99999788,17390649.06245898,0.9999999999999983,0.23845672648374447,35.89947476544533,0.5983245794240889,1.3769439146695008
34,200,40,10,400,4,0.6113616180346738,126262632.40201037,69433833.33333173,17375408.85082956,0.9991236548115766,0.2502441247542139,37.206574190870434,0.6201095698478406,1.4316664876858856
35,200,40,10,400,4,0.5995452761345595,118950439.26230758,63810999.99999954,17390649.062459074,1.0000000000000038,0.27253371773611446,39.49375915830363,0.6582293193050606,1.4758015696285116
36,200,40,10,400,4,0.5833842997406823,121318434.92897324,65624166.66666565,17390649.062459018,1.0000000000000007,0.2650037317927992,38.722886614473396,0.6453814435745566,1.4407687287494784
37,200,40,10,400,4,0.6280418952745584,145415005.59563497,84074833.33332944,17390649.062459014,1.0000000000000004,0.2068472618138978,32.30615699361509,0.5384359498935848,1.3319556546192615
38,200,40,10,400,4,0.5693422710091165,123317602.4020102,67178833.33333199,17375408.85082961,0.9991236548115794,0.25864409946828426,38.09512923131095,0.6349188205218491,1.4111763711055931
39,200,40,10,400,4,0.5275233530310115,134310087.59563708,75571833.33333085,17390649.062458977,0.9999999999999982,0.23012077774734696,34.97726852910341,0.5829544754850569,1.294574450713946
40,200,25,6,200,4,0.4360525798683178,79848807.29782458,47509000.00000101,8695324.531229502,0.9999999999999997,0.18302478543495582,31.33171408144702,0.5221952346907837,1.104667642907066
41,200,25,6,200,4,0.7681454941360223,73695370.63115877,42797333.333334416,8695324.531229496,0.9999999999999991,0.20317444695688072,33.94785830607149,0.5657976384345248,1.4964826901360517
42,200,25,6,200,4,0.460871293553752,89517125.29782048,54912000.00000016,8695324.531229498,0.9999999999999994,0.1583501699306067,27.947724993140643,0.465795416552344,1.0533468460505815
43,200,25,6,200,4,0.45396851126377136,84726064.29782233,51243500.00000058,8695324.531229502,0.9999999999999999,0.1696863901027331,29.528103550353425,0.49213505917255707,1.0818526825185149
44,200,25,6,200,4,0.420107966681599,84644656.96448898,51181166.66666733,8695324.531229507,1.0000000000000004,0.16989305046249556,29.556502320631786,0.49260837201052976,1.0486307790621252
45,200,25,6,200,4,0.43232380248179786,90754995.63115427,55859833.33333348,8695324.531229502,0.9999999999999997,0.15566327381146522,27.566526587338462,0.4594421097889744,1.0162965313199446
46,200,25,6,200,4,0.46546566106114,76256906.80416182,44759000.000001065,8695129.073121442,0.9999775214706065,0.19426549013877065,32.80752006405092,0.5467920010675154,1.1676700542396719
47,200,25,6,200,4,0.46750556609602484,91583434.964488,56494166.66666691,8695324.531229498,0.9999999999999992,0.1539154401999521,27.317167138031973,0.45528611896719956,1.0459240372231862
48,200,25,6,200,4,0.5130320550956724,82288987.34600696,49582500.00000063,8564621.284857517,0.9849685602989788,0.17273476095108975,30.402610126680564,0.5067101687780095,1.1579300326345536
49,200,25,6,200,4,0.4126373817868736,87946442.63115418,53709333.33333371,8695324.531229505,1.0000000000000002,0.16189596838344877,28.446858396450494,0.47411430660750825,1.016268463101141
50,200,50,7,900,4,0.6844984768098591,189605191.5592596,84863166.66666292,38456676.049752034,0.9828187528094047,0.45316098326624316,53.73165110205268,0.8955275183675446,1.9425547817903983
51,200,50,7,900,4,0.6842515921189173,176052808.3925966,74431499.99999712,38491509.38308547,0.9837089715370624,0.5171400466615204,57.86786415403992,0.964464402567332,2.0624280320154655
52,200,50,7,900,4,0.6712969518493515,189049249.72592413,84382833.3333292,38491509.383085184,0.9837089715370552,0.4561533177137577,53.88966110561061,0.8981610184268435,1.934380624447201
53,200,50,7,900,4,0.7055321524071145,185252429.17110765,81476999.99999641,38490629.82159921,0.9836864930076693,0.47241098496018386,54.99415066017882,0.916569177669647,2.0000301180449087
54,200,50,7,900,4,0.7534808124567712,177563263.706933,75696499.99999736,38422385.57358597,0.9819424076209862,0.5075847043600076,57.37560679676905,0.9562601132794841,2.115808689224261
55,200,50,7,900,4,0.7522070471022891,183365558.8925938,80085499.99999645,38456676.04975214,0.9828187528094072,0.48019524195708135,55.56005207045176,0.9260008678408627,2.0623641085088167
56,200,50,7,900,4,0.6557567098624351,172749084.89259776,71956499.99999736,38456676.04975219,0.9828187528094087,0.5344433935746403,58.9745526370458,0.98290921061743,2.0662206353395773
57,200,50,7,900,4,0.7596602149497421,189765611.89259034,84985999.99999565,38456676.04975203,0.9828187528094043,0.4525060133404795,53.686228492053765,0.8947704748675628,2.016435500489689
58,200,50,7,900,4,0.6870481484917615,184754272.22592786,81148833.33333011,38456676.04975198,0.9828187528094033,0.47390300599622726,55.142432579538884,0.9190405429923147,1.985211096281058
59,200,50,7,900,4,0.6718221361922422,189281500.05925938,84560666.66666296,38491509.38308544,0.9837089715370617,0.45519401514203367,53.82353794116409,0.8970589656860681,1.9330363139919373
60,200,50,9,550,4,0.6453784340261013,152462416.2356684,79242166.66666363,23912142.46088092,0.9999999999999899,0.3017603312320903,41.61550208014899,0.6935917013358165,1.58037840034759
61,200,50,9,550,4,0.6611178942992689,144171000.51109546,72926333.33333081,23891187.169890434,0.9991236548115667,0.3276071355553951,44.00885044500819,0.7334808407501365,1.6566844434937216
62,200,50,9,550,4,0.6673083270217129,155627724.90233448,81665833.33332998,23912142.460880965,0.9999999999999919,0.29280473222235265,40.76908535405072,0.6794847559008453,1.5810368687004406
63,200,50,9,550,4,0.6596165007448093,151473556.5690017,78484999.99999706,23912142.460880898,0.9999999999999891,0.30467149724000503,41.88717914674244,0.6981196524457073,1.6014733509825207
64,200,50,9,550,4,0.7610150181122716,160045269.90233275,85048333.33332895,23912142.460880894,0.9999999999999889,0.28115944808891563,39.643783311258744,0.6607297218543124,1.6466722984377165
65,200,50,9,550,4,0.686107187199285,154641259.56900236,80910499.99999703,23912142.460880976,0.9999999999999923,0.295538186772815,41.02915365332298,0.6838192275553829,1.60635696417292
66,200,50,9,550,4,0.6547857519735919,148083180.5690021,75888999.99999718,23912142.460880894,0.9999999999999889,0.31509365600919476,42.846189389101646,0.7141031564850274,1.620963833265975
67,200,50,9,550,4,0.7367689295616174,159215729.21142644,84413999.99999653,23911604.951083846,0.9999775214706004,0.28326586764144374,39.85033408084063,0.6641722346806772,1.6275538583554496
68,200,50,9,550,4,0.745348370800864,148071208.90233436,75879833.33333041,23912142.46088084,0.9999999999999865,0.31513172091243075,42.84965353517806,0.7141608922529676,1.7116146397837761
69,200,50,9,550,4,0.6332608301204062,163524236.23566538,87712166.6666618,23912142.460880965,0.9999999999999919,0.2726205881078713,38.80036468023062,0.6466727446705104,1.4980300452772137
70,200,50,3,900,4,0.6844984768098591,188654641.22592512,84135333.33332935,38456676.04975205,0.982818752809405,0.4570811634797176,54.002381991755534,0.9000396998625922,1.9502031074562254
71,200,50,3,900,4,0.6659912827697584,175763094.05926317,74209666.66666375,38491509.38308553,0.9837089715370639,0.5186859220912868,57.963249079837624,0.9660541513306271,2.046994171773415
72,200,50,3,900,4,0.6712969518493515,187816168.05925798,83438666.6666626,38491509.38308531,0.9837089715370584,0.4613150104238704,54.243466392018185,0.9040577732003031,1.944406733388751
73,200,50,3,900,4,0.7055321524071145,185084233.72592524,81346833.33332942,38491509.383085504,0.9837089715370634,0.47317772316177875,55.04412663850237,0.9174021106417062,2.0014764415782436
74,200,50,3,900,4,0.7534808124567712,176615107.70693302,74970499.99999732,38422385.57358605,0.9819424076209881,0.512500057670516,57.683627025300495,0.9613937837550083,2.124874642348192
75,200,50,3,900,4,0.6859339506897832,181746989.5592615,78846166.66666335,38456676.04975215,0.9828187528094077,0.48774312912807555,56.05484869216007,0.9342474782026678,2.0103759321949117
76,200,50,3,900,4,0.6557567098624351,171439384.5592654,70953666.66666426,38456676.04975221,0.9828187528094092,0.5419970222316938,59.425085001271384,0.9904180833545231,2.0797724110023132
77,200,50,3,900,4,0.7624016140065564,188872525.55925697,84302166.66666237,38456676.04975203,0.9828187528094046,0.4561766034058515,53.94008456144498,0.8990014093574163,2.026344306088654
78,200,50,3,900,4,0.6870481484917615,182860354.55926156,79698666.66666348,38456676.04975206,0.9828187528094051,0.48252596509042717,55.71355269738542,0.9285592116230903,2.001628132187194
79,200,50,3,900,4,0.6647379003807309,186542285.25737053,82485333.33332911,38477439.36426974,0.9833493908409413,0.46647613350581574,54.613890818073735,0.9102315136345622,1.9481503208199458
80,200,46,6,900,4,0.6536361353047697,181906482.22592893,78967166.66666359,38456676.04975204,0.9828187528094049,0.48699576891349633,56.00570070585331,0.9334283450975551,1.9766610955331219
81,200,46,6,900,4,0.6367636426041627,167949456.7259356,68225666.66666512,38491509.383085385,0.9837089715370603,0.5641793076371979,60.659916373678556,0.989061657300876,2.077168746014797
82,200,46,6,900,4,0.6423893304897037,184736127.72592652,81079166.66666308,38491509.383085184,0.9837089715370552,0.4747398248594919,55.14784858495336,0.9191308097492227,1.94131200012652
83,200,46,6,900,4,0.5986480935920665,177586648.39259693,75604833.33333051,38491509.38308547,0.9837089715370624,0.5091144003106534,57.368051552375036,0.956134192539584,1.962073806380173
84,200,46,6,900,4,0.7248426685697513,176231086.70693237,74675333.33333056,38422385.57358588,0.9819424076209838,0.5145257993302649,57.80932405496677,0.9634887342494463,2.0999520422834097
85,200,46,6,900,4,0.6416933982398411,176363600.55926478,74722999.99999756,38456676.04975204,0.9828187528094048,0.5146564785909733,57.7658880159714,0.9627648002661899,2.0161833813788097
86,200,46,6,900,4,0.6818193193836493,170590862.89260057,70302833.33333142,38456676.04975203,0.9828187528094043,0.5470145970847985,59.720666319707675,0.9953444386617946,2.1147754357132826
87,200,46,6,900,4,0.7360737990018371,181985495.2259285,79027666.66666351,38456676.04975193,0.982818752809402,0.486622947023871,55.981384600746395,0.9330230766791066,2.0583952333000406
88,200,46,6,900,4,0.6394645735091569,176988521.55926287,75201499.99999702,38456676.049752235,0.9828187528094098,0.5113817683125171,57.56192497821795,0.9593654163036326,2.007935404462803
89,200,46,6,900,4,0.6585198970421553,183242063.72592857,79935166.66666353,38491509.38308541,0.9837089715370609,0.4815341105573507,55.59749651825405,0.9266249419709008,1.9703721274589365
90,200,50,7,900,4,0.6844984768098591,189605191.5592596,84863166.66666292,38456676.049752034,0.9828187528094047,0.45316098326624316,53.73165110205268,0.8955275183675446,1.9425547817903983
91,200,50,7,900,4,0.6842515921189173,176052808.3925966,74431499.99999712,38491509.38308547,0.9837089715370624,0.5171400466615204,57.86786415403992,0.964464402567332,2.0624280320154655
92,200,50,7,900,4,0.6712969518493515,189049249.72592413,84382833.3333292,38491509.383085184,0.9837089715370552,0.4561533177137577,53.88966110561061,0.8981610184268435,1.934380624447201
93,200,50,7,900,4,0.7055321524071145,185252429.17110765,81476999.99999641,38490629.82159921,0.9836864930076693,0.47241098496018386,54.99415066017882,0.916569177669647,2.0000301180449087
94,200,50,7,900,4,0.7534808124567712,177563263.706933,75696499.99999736,38422385.57358597,0.9819424076209862,0.5075847043600076,57.37560679676905,0.9562601132794841,2.115808689224261
95,200,50,7,900,4,0.7522070471022891,183365558.8925938,80085499.99999645,38456676.04975214,0.9828187528094072,0.48019524195708135,55.56005207045176,0.9260008678408627,2.0623641085088167
96,200,50,7,900,4,0.6557567098624351,172749084.89259776,71956499.99999736,38456676.04975219,0.9828187528094087,0.5344433935746403,58.9745526370458,0.98290921061743,2.0662206353395773
97,200,50,7,900,4,0.7596602149497421,189765611.89259034,84985999.99999565,38456676.04975203,0.9828187528094043,0.4525060133404795,53.686228492053765,0.8947704748675628,2.016435500489689
98,200,50,7,900,4,0.6870481484917615,184754272.22592786,81148833.33333011,38456676.04975198,0.9828187528094033,0.47390300599622726,55.142432579538884,0.9190405429923147,1.985211096281058
99,200,50,7,900,4,0.6718221361922422,189281500.05925938,84560666.66666296,38491509.38308544,0.9837089715370617,0.45519401514203367,53.82353794116409,0.8970589656860681,1.9330363139919373
100,200,50,8,900,4,0.6844984768098591,189583642.55925953,84846666.6666629,38456676.049752034,0.9828187528094047,0.45324910878157154,53.73775850316583,0.8956293083860971,1.9427270722212135
101,200,50,8,900,4,0.6842515921189173,176045625.3925967,74425999.99999714,38491509.38308547,0.9837089715370624,0.5171782627453705,57.87022527416027,0.9645037545693378,2.0624979568845516
102,200,50,8,900,4,0.6712969518493515,189063615.7259242,84393833.33332922,38491509.383085184,0.9837089715370552,0.45609386210786007,53.885566299381104,0.8980927716563517,1.9342648131919913
103,200,50,8,900,4,0.7055321524071145,185278766.8377743,81497166.66666308,38490629.82159921,0.9836864930076693,0.4722940857445052,54.98633315559681,0.9164388859266135,1.9998063069293321
104,200,50,8,900,4,0.7534808124567712,177534531.70693326,75674499.99999744,38422385.57358594,0.9819424076209853,0.5077322687772927,57.384892404017506,0.9564148734002917,2.116081500878897
105,200,50,8,900,4,0.7522070471022891,183387107.8925937,80101999.99999644,38456676.049752146,0.9828187528094076,0.48009632780397316,55.553523456876796,0.9258920576146132,2.062176166960081
106,200,50,8,900,4,0.6557567098624351,172703592.55926442,71921666.66666402,38456676.04975219,0.9828187528094087,0.5347022369210058,58.99008728787148,0.9831681214645247,2.0666866208637646
107,200,50,8,900,4,0.7596602149497421,189753640.2259237,84976833.33332898,38456676.04975203,0.9828187528094043,0.45255482631251254,53.68961558719108,0.8948269264531846,2.0165310024529366
108,200,50,8,900,4,0.700172146780241,186530867.55926016,82509166.66666321,38456676.04975198,0.9828187528094033,0.46608974012689813,54.61723377640633,0.9102872296067722,1.9833311684885317
109,200,50,8,900,4,0.6718221361922422,189288683.05925933,84566166.66666295,38491509.38308544,0.9837089715370617,0.45516441031090604,53.82149548164258,0.8970249246940429,1.93297858913501
110,200,47,7,900,4,0.6591390133557364,183706654.2259291,80345833.33333029,38456676.04975205,0.982818752809405,0.4786393326733829,55.45689154770994,0.9242815257951656,1.9663320052896083
111,200,47,7,900,4,0.6478782537407122,170001033.72593474,69796833.3333316,38491509.383085385,0.9837089715370603,0.5514793085133232,59.92787088826852,0.9987978481378087,2.0878595486891793
112,200,47,7,900,4,0.6551074650394556,185336738.7259261,81539333.33332965,38491509.38308519,0.9837089715370554,0.47206063392416253,54.96913385891399,0.9161522309818999,1.9489082031606857
113,200,47,7,900,4,0.6085935316924271,178362045.7259302,76198833.33333056,38491509.3830855,0.9837089715370633,0.5051456524892582,57.11865413146526,0.9519775688577544,1.9646876225415881
114,200,47,7,900,4,0.7389599844038662,176838880.70693195,75140999.99999714,38422385.57358588,0.9819424076209838,0.5113371604528466,57.61063381125916,0.9601772301876527,2.1082069429537964
115,200,47,7,900,4,0.6761070498806991,179698540.22592998,77276833.33333048,38456676.049752116,0.9828187528094068,0.4976481875735099,56.693838398415274,0.9448973066402545,2.019122906579762
116,200,47,7,900,4,0.6954375259936594,174270586.559266,73120666.6666645,38456676.04975203,0.9828187528094046,0.5259344287035107,58.45966437104594,0.9743277395174323,2.0905128084739
117,200,47,7,900,4,0.7216681518253487,183962847.89259252,80541999.99999616,38456676.049752034,0.9828187528094047,0.4774735672041155,55.37966016892818,0.922994336148803,2.0266413417374443
118,200,47,7,900,4,0.6484509721918322,178738412.55926305,76541666.66666381,38456676.04975212,0.9828187528094069,0.5024279941176295,56.99838022575087,0.9499730037625145,2.0003663712484503
119,200,47,7,900,4,0.6621758983495152,187007983.39259213,82818999.99999611,38491509.383085534,0.983708971537064,0.46476665237550974,54.47788813706637,0.9079648022844395,1.9419540225343626
120,200,45,9,900,4,0.6974880237310296,176431008.5592654,74774333.33333103,38456676.04975198,0.9828187528094032,0.514303161732232,57.74381772905747,0.9623969621509578,2.071327515267773
121,200,45,9,900,4,0.6257867725144461,167193214.05926934,67646333.33333188,38491509.383085385,0.9837089715370604,0.5690110237522539,60.93429124694298,0.9845490885124742,2.0655446800287236
122,200,45,9,900,4,0.6210828862292757,184556919.39259332,80941666.66666313,38491509.38308518,0.983708971537055,0.47554629115313735,55.201398211076004,0.9200233035179334,1.9215432226697189
123,200,45,9,900,4,0.5951649313872748,173724955.3925989,72647666.66666436,38491509.38308556,0.9837089715370647,0.5298382060871895,58.6432730805814,0.9773878846763567,1.9964233809333831
124,200,45,9,900,4,0.6756138684658872,167603644.26377487,68027666.66666496,38448761.15037356,0.9826164755370347,0.5651930021173913,60.78507448183182,0.9870006562086077,2.114768926368408
125,200,45,9,900,4,0.6693715366289231,179498149.55926347,77122833.33333059,38456676.04975203,0.9828187528094043,0.49864189874274234,56.757131062436805,0.9459521843739468,2.014237239997064
126,200,45,9,900,4,0.6159800669126666,160736914.70261186,63986999.999998555,37672958.85925711,0.9627896699338846,0.5887595739643672,63.38183122930414,0.9451951604443871,2.0321828865285476
127,200,45,9,900,4,0.7141503241364321,181358546.55926168,78547333.33333012,38456676.04975204,0.9828187528094048,0.48959874788560964,56.174909830736766,0.9362484971789461,2.042077819623866
128,200,45,9,900,4,0.6267187511487287,177980142.22593054,75960499.99999736,38456676.04975203,0.9828187528094043,0.5062720236142911,57.24121732112935,0.9540202886854892,1.9857566587256508
129,200,45,9,900,4,0.6443519097900527,182119488.059263,79075333.33333048,38491509.38308535,0.9837089715370595,0.48677011857578945,55.94019678270135,0.9323366130450225,1.9661046176957067
130,200,42,8,727,4,0.6878449672301559,145527928.98528418,62171999.99999904,31406635.91278092,0.9936449029960116,0.5051572397989675,56.95305401369459,0.9492175668949099,2.0411883259642396
131,200,42,8,727,4,0.8409621084417942,157272133.9852823,71164499.99999867,31406635.912780832,0.9936449029960089,0.4413244793792048,52.70011787832436,0.8783352979720728,2.072356989917231
132,200,42,8,727,4,0.7207320111053069,158329972.81861293,71919833.3333314,31441469.246114045,0.9947469619435838,0.43717383354311007,52.34801631334361,0.8724669385557268,1.9429380164955217
133,200,42,8,727,4,0.5523443426191035,160293166.6080315,73481833.33333139,31403998.181897182,0.9935614503188328,0.4273709127457536,51.706882928250266,0.8617813821375044,1.7560224549532109
134,200,42,8,727,4,0.6681327191712491,148980557.65194926,64815666.66666538,31406635.91278095,0.9936449029960126,0.4845531570985653,55.633165364860325,0.9272194227476721,1.9829946675977732
135,200,42,8,727,4,0.6124886091701042,164208517.6519457,76475666.66666469,31406635.912780777,0.993644902996007,0.4106748889117008,50.47399561554834,0.841233260259139,1.7822617805586038
136,200,42,8,727,4,0.6285219289540307,154846217.81861466,69252333.33333184,31441469.246114187,0.9947469619435882,0.4540131390920382,53.5257503654935,0.8920958394248917,1.883828279652553
137,200,42,8,727,4,0.6502900349383152,166846616.48527452,78440999.99999678,31441469.246114247,0.9947469619435901,0.4008295310630351,49.6759249578879,0.827932082631465,1.7988857424202083
138,200,42,8,727,4,0.6056805298276277,168836763.9852779,80019499.99999747,31406635.912780754,0.9936449029960065,0.3924872801352389,49.09037465751662,0.8181729109586103,1.7378432648944293
139,200,42,8,727,4,0.5660437447114948,161047541.1519429,74000666.66666387,31441469.246114176,0.9947469619435879,0.4248808917863176,51.464678943345724,0.8577446490557621,1.763693107196311
140,200,33,6,675,4,0.5545537745272487,139608959.29445356,60961999.999999456,29287548.703980274,0.9979837069243597,0.4804230291653905,55.277970976942854,0.9212995162823809,1.860191714141942
141,200,33,6,675,4,0.5476252818190056,132873699.62778935,55804833.33333333,29287548.703980356,0.9979837069243624,0.5248210048230056,58.07996632605235,0.9679994387675391,1.9354815244449493
142,200,33,6,675,4,0.47637699749351337,139754557.12778667,61018833.33333278,29322382.037313573,0.9991706652278989,0.48054642207155457,55.22038177934743,0.9203396963224572,1.781153831473214
143,200,33,6,675,4,0.48796371768250857,137602051.46112186,59370666.66666656,29322382.037313513,0.9991706652278968,0.49388668990264945,56.08419291757761,0.9347365486262935,1.8178096182309216
144,200,33,6,675,4,0.5646873549363042,140947391.62778553,61986833.333332494,29287548.7039804,0.997983706924364,0.4724801563339655,54.753052971564586,0.9125508828594098,1.8552223628628863
145,200,33,6,675,4,0.5159438502618889,144917196.29444957,65026499.99999853,29287548.70398028,0.9979837069243599,0.45039405017924905,53.253169377632915,0.8875528229605486,1.7638119133658368
146,200,33,6,675,4,0.5338483416974759,147108011.29444805,66703999.99999824,29287548.703980308,0.9979837069243609,0.43906735284212467,52.460093315742185,0.8743348885957031,1.7594371125668786
147,200,33,6,675,4,0.5260561862740752,140685952.79445237,61731999.999999255,29322382.037313543,0.9991706652278979,0.47499484930528574,54.85480139780035,0.9142466899633391,1.820298755681643
148,200,33,6,675,4,0.5264194904394223,139556283.9611193,60921666.666665904,29287548.70398028,0.9979837069243599,0.4807410943667657,55.2988355733953,0.9216472595565883,1.8326596254894232
149,200,33,6,675,4,0.5061796179893522,144976598.12778363,65017333.33333212,29322382.0373136,0.9991706652278998,0.45099330492352013,53.23134974651499,0.8871891624419165,1.7541634243700848
150,200,26,10,238,4,0.9262424860509173,79074660.42441088,44324500.00000088,10347436.192163134,1.0000000000000013,0.23344733030633014,36.91498622103311,0.6152497703505518,1.7282501206465333
151,200,26,10,238,4,0.8535394863162777,84147793.64027609,48332166.66666743,10268920.110757114,0.9924120255541683,0.21246554456328845,34.68944191785493,0.5781573652975821,1.6016692872644906
152,200,26,10,238,4,0.8494248628609896,86846666.4244102,50275500.00000068,10347436.19216311,0.9999999999999988,0.20581468492929897,33.61142252409516,0.560190375401586,1.5742669862060148
153,200,26,10,238,4,0.8251936879137655,87198633.42440918,50545000.00000063,10347436.192163123,1.0000000000000002,0.20471730521640108,33.4757539810582,0.5579292330176366,1.5468967651045231
154,200,26,10,238,4,0.7902147769083032,83889664.75774357,48011333.33333418,10347436.192163143,1.000000000000002,0.21552070050466476,34.796181489455215,0.5799363581575869,1.542567695469622
155,200,26,10,238,4,0.8283929804594805,90174789.75774041,52823833.33333343,10347436.192163134,1.000000000000001,0.19588574965523356,32.37090996100089,0.5395151660166815,1.5246167462003488
156,200,26,10,238,4,0.8221548779060812,84720498.42441021,48647500.00000087,10347436.192163125,1.0000000000000002,0.21270232164372144,34.454943659289754,0.5742490609881625,1.566565796209221
157,200,26,10,238,4,0.9154547940233305,86458784.42441021,49978500.00000077,10347436.192163114,0.9999999999999992,0.2070377500757917,33.762214209153946,0.5627035701525658,1.6437885642365297
158,200,26,10,238,4,0.8069833106974978,75294008.0910779,41429666.666667424,10347436.192163125,1.0000000000000002,0.2497590983634015,38.76855640981473,0.6461426068302455,1.6529331962184646
159,200,26,10,238,4,0.4900634435307428,101399424.42440653,61418499.9999996,10347436.192163125,1.0000000000000002,0.16847425762861665,28.787540132204104,0.47979233553673506,1.104635185170371
160,200,48,6,900,4,0.6705383779302752,184855567.55926082,81225833.3333299,38456676.04975203,0.9828187528094046,0.4734537581404149,55.11221617241258,0.9185369362068764,1.9678383206494834
161,200,48,6,900,4,0.6671180060143337,170714178.39260104,70343166.66666485,38491509.383085385,0.9837089715370603,0.5471961415312036,59.67752705677756,0.9946254509462927,2.099500370185589
162,200,48,6,900,4,0.6553525183328364,186236641.3925924,82228666.66666289,38491509.383085184,0.9837089715370552,0.4681032898067213,54.70352087441167,0.9117253479068612,1.9415604980850747
163,200,48,6,900,4,0.624128131481214,180466298.05926207,77810333.33333012,38491509.383085586,0.9837089715370655,0.4946837744312518,56.452645782397,0.9408774297066167,1.960752580732832
164,200,48,6,900,4,0.7038457166702938,171959688.22593346,71351499.999998,38456676.049752,0.9828187528094037,0.5389750187417655,59.24528071145668,0.9874213451909447,2.122447076854651
165,200,48,6,900,4,0.6603911363166612,178443542.89259708,76316166.66666397,38456676.04975204,0.9828187528094048,0.5039125748771457,57.09256740173506,0.9515427900289176,2.0150639862472954
166,200,48,6,900,4,0.6338310403029417,167259611.89260063,67752666.66666466,38456676.04975225,0.9828187528094101,0.5676038736446297,60.91010187529137,0.9849460955985514,2.072860234817197
167,200,48,6,900,4,0.734673569495501,186170056.55925792,82232333.33332923,38456676.049752034,0.9828187528094047,0.46765882093929745,54.72308591557646,0.9120514319262744,2.0208520581732135
168,200,48,6,900,4,0.6657914579988914,181888988.55926278,78954333.33333047,38456676.04975198,0.9828187528094033,0.4870749257978669,56.01108720597799,0.9335181200996331,1.988969518736818
169,200,48,6,900,4,0.6559245734801901,185216655.39259407,81447666.66666324,38491509.383085474,0.9837089715370626,0.4725919226221389,55.00477253735876,0.9167462089559794,1.9507443205338806
170,200,35,10,784,4,0.647229174002089,151591176.64174846,63215166.66666573,33699610.692249365,0.9886737903148655,0.533093756913555,58.803686319201226,0.9800614386533538,2.053765618186287
171,200,35,10,784,4,0.844958060620068,140976268.62595135,57331999.999999516,32268916.52478582,0.9467003135811157,0.5628430287585657,63.23135153797836,0.947568680187684,2.2428011638146046
172,200,35,10,784,4,0.5981795735727942,153931330.77459428,64905499.99999921,33764314.84037609,0.9905720702671693,0.5202072989249986,57.90971828245402,0.9651619713742338,1.979507384087027
173,200,35,10,784,4,0.5092787483155155,152134556.84347424,64206999.999998994,33332624.78126484,0.9779072163351646,0.5191431585538238,58.59365672699475,0.9765609454499126,1.901154220608487
174,200,35,10,784,4,0.5553309946943564,147233489.97508365,59878499.9999995,33699610.69224938,0.9886737903148659,0.5627998478961507,60.544105838342475,0.990972563566794,1.996543436578071
175,200,35,10,784,4,0.5686892072737934,150218895.93334174,62393833.33333308,33553383.569225274,0.9843838023595947,0.5377676250466858,59.3408701655986,0.9890145027599767,1.9879178100711188
176,200,35,10,784,4,0.8503388031876811,145843327.15024245,59178166.66666628,33467532.853543613,0.9818651277894533,0.5655385210234152,61.121205708760336,0.9814867532284626,2.284256373234876
177,200,35,10,784,4,0.7711158648867871,152346726.5110765,63985166.66666565,33577565.72852476,0.985093254682678,0.5247710911413108,58.5120547329377,0.9752009122156283,2.166133650015464
178,200,35,10,784,4,0.5723537219281003,151146877.6753924,62874166.66666613,33700121.689634554,0.9886887818744498,0.5359931348004853,58.97654081313035,0.9829423468855059,1.9840905766539945
179,200,35,10,784,4,0.541455093625873,151944034.10792726,63383833.33333238,33764314.84037631,0.9905720702671759,0.5326960056645909,58.66712735603833,0.9777854559339721,1.9453973540915177
180,200,39,10,508,4,0.6208768399527269,133813030.37646313,67824166.66666548,22086124.30932284,0.9999999999999943,0.32563797529380967,43.96911110560198,0.7328185184266996,1.6142057386144741
181,200,39,10,508,4,0.8545754247240873,128763381.376465,63957666.66666588,22086124.309322793,0.9999999999999922,0.3453241098433297,45.693425701504566,0.7615570950250761,1.892391807623827
182,200,39,10,508,4,0.6008752728737726,133277744.84055369,67444666.66666526,22066769.240553454,0.9991236548115714,0.3271833093877537,44.145704949006074,0.7357617491501013,1.5983836695340767
183,200,39,10,508,4,0.5580693799078178,133018635.12443778,67259499.99999864,22058334.858196612,0.998741768780382,0.3279586505727378,44.23169726930295,0.7371949544883825,1.5576312548543905
184,200,39,10,508,4,0.6109500195694728,129764212.70979822,64723999.99999919,22086124.309322815,0.9999999999999932,0.3412354661226607,45.3410064079689,0.755683440132815,1.6396218326004164
185,200,39,10,508,4,0.5800850724720253,139489994.70979536,72170999.99999821,22086124.309322827,0.9999999999999938,0.30602491733969844,42.17965605519401,0.7029942675865668,1.527899273930351
186,200,39,10,508,4,0.9240649871486065,127542271.3764645,63022666.66666579,22086124.309322823,0.9999999999999937,0.35044731487067826,46.13090182966362,0.768848363827727,1.973271202872876
187,200,39,10,508,4,0.6469540531381599,142530798.0431298,74499333.33333172,22086124.309322935,0.9999999999999986,0.2964606973125945,41.279780095103455,0.687996334918391,1.5721189459066265
188,200,39,10,508,4,0.6254640415576692,136504261.0431277,69884833.33333145,22086124.30932277,0.9999999999999912,0.31603601605484305,43.10224424526279,0.7183707374210465,1.59666359182259
189,200,39,10,508,4,0.56967236074579,136152294.04312724,69615333.33333142,22086124.30932279,0.9999999999999921,0.31725947793096443,43.21366776336735,0.7202277960561224,1.5437077391466838
190,200,35,5,533,4,0.6068823248633345,134729492.37202415,66819499.99999867,23173039.87572644,0.9999999999999909,0.3468005578570163,45.707438598489844,0.761790643308164,1.6461134144571115
191,200,35,5,533,4,0.5584629198338078,132476424.70536035,65094333.33333266,23173039.875726454,0.9999999999999916,0.3559916614717107,46.484799191224134,0.7747466531870689,1.6180029021982452
192,200,35,5,533,4,0.6180628796421728,138783098.70535344,69923333.33333105,23173039.875726484,0.9999999999999929,0.33140639570568586,44.37240598780819,0.7395400997968032,1.6227280960035246
193,200,35,5,533,4,0.5233933768998257,128496136.13651597,62078499.999999225,23152732.29373029,0.9991236548115713,0.372958951871108,47.924709529456294,0.7987451588242716,1.6205056972209837
194,200,35,5,533,4,0.5791193810119172,135514833.70535803,67420833.33333215,23173039.875726413,0.9999999999999898,0.34370740808197486,45.44255290449814,0.7573758817416357,1.6114611892191326
195,200,35,5,533,4,0.5184051434573398,132672760.03869067,65244666.66666531,23173039.875726376,0.9999999999999882,0.35517140418721616,46.416008819023084,0.773600146983718,1.5761424137908309
196,200,35,5,533,4,0.5564070194159022,128705349.70535876,62206833.3333323,23173039.875726428,0.9999999999999905,0.37251598633151467,47.846806788510676,0.7974467798085113,1.651866588289625
197,200,35,5,533,4,0.5483662907645284,134449355.37202257,66604999.99999836,23173039.875726454,0.9999999999999916,0.347917421751025,45.802674047490754,0.7633779007915126,1.5900781289568608
198,200,35,5,533,4,0.6130341446456445,133522748.37202412,65895499.99999868,23173039.87572639,0.9999999999999889,0.3516634652704184,46.12053058436193,0.7686755097393655,1.6630404266013448
199,200,35,5,533,4,0.5127119787310038,132136429.37202467,64833999.99999888,23173039.87572642,0.9999999999999902,0.3574211042929145,46.60440749963063,0.7767401249938438,1.575388987159179
200,200,22,10,597,4,0.8866904078173491,108727210.16297208,44623333.33333404,24627966.56725353,0.9488518841101744,0.5519078187925556,63.10159149412739,0.949620173628632,2.2778368364800254
201,200,22,10,597,4,0.8395941316224166,101296970.22288175,41273833.33333419,23136608.372968107,0.8913937083137031,0.560563594520361,67.73015999298087,0.8791181291998648,2.16716313643857
202,200,22,10,597,4,0.9717953158716912,112465007.42733726,45402500.00000094,25955543.725719918,0.9999999999999931,0.571676531594502,61.00439734050386,0.9833993788151647,2.4125359199624574
203,200,22,10,597,4,0.990787096049944,98199727.87629808,37438500.000000745,24069601.53390032,0.9273395228491808,0.6429104139829277,69.86638505396476,0.8483688688659158,2.353484296102202
204,200,22,10,597,4,0.9118266810412711,105363107.67514469,41011666.66666715,25288158.943456702,0.9742873896491691,0.6166089066555794,65.11634054258715,0.9182621686432285,2.3233759750089633
205,200,22,10,597,4,0.9044757395070805,120806122.23046286,51984166.66666732,25831316.36430465,0.9952138409147505,0.4969073858573154,56.79232040004959,0.9465386733341599,2.2485403215270927
206,200,22,10,597,4,0.943672276129663,107615473.6425871,43021000.00000074,25106693.171913456,0.9672959825932874,0.5835915755541021,63.7534712042091,0.9393587161425989,2.3499042527155436
207,200,22,10,597,4,0.7785152122799828,117946916.50751185,49635666.66666724,25932797.709863044,0.9991236548115726,0.5224629676884783,58.1690492906022,0.96948415484337,2.1659697412741354
208,200,22,10,597,4,0.825830077380269,103355665.12256145,41066666.66666742,24273384.637656614,0.9351907590209106,0.5910726778650042,66.38107346959877,0.899108803579039,2.1977970232513115
209,200,22,10,597,4,0.9000624356548421,107353642.03405118,42306000.00000118,25434637.726067822,0.9799308384691594,0.6012063945082757,63.908963589924824,0.9369274823592073,2.3179550336206702
210,200,29,10,899,4,0.4546724980075742,150896612.99903172,55982666.66666651,37969440.53962894,0.9714460940313352,0.6782356540053298,67.4423355020255,0.8833454559618446,1.8806064771736826
211,200,29,10,899,4,0.7948239025791315,128906738.5226751,49479833.33333433,31382239.884173572,0.8029129195521386,0.6342430394370691,78.94715293110814,0.7292155714975825,2.0314339056263693
212,200,29,10,899,4,0.4678844553567323,145964205.3669279,56492333.33333323,35237360.354772165,0.9015459694458952,0.6237547340601773,69.7213400670205,0.8504222106154918,1.817310453220366
213,200,29,10,899,4,0.48880288544346895,142377979.78546003,53474666.66666666,35410540.97224366,0.9059767862294354,0.6621928322241747,71.47748560089684,0.8258918661505663,1.8444490173733752
214,200,29,10,899,4,0.5131179687823505,146301652.7211074,55227333.33333353,36208340.02982291,0.9263884322082153,0.6556235444373458,69.56052656083057,0.8527045908527666,1.8903213951849938
215,200,29,10,899,4,0.5024883844197323,153719742.0395777,57443833.333332896,38415924.372659795,0.9828693588854296,0.6687562814574252,66.2037280636329,0.9017702819123052,1.9392636914979777
216,200,29,10,899,4,0.8653517104376747,154163627.9668067,60960166.666666,36391304.84796278,0.9310695772396157,0.596968591751934,66.01310655579015,0.9046397845875189,2.2475663684267406
217,200,29,10,899,4,0.5037805348219928,146036934.2169097,57528166.66666657,34612631.47075469,0.8855623145491655,0.601664079985539,69.68661766676296,0.85091449805318,1.8360262968636039
218,200,29,10,899,4,0.8499980059512693,141442649.32361656,51879666.66666689,35970687.159728296,0.9203080963089336,0.6933484632976595,71.95015116491307,0.8194112486262719,2.2240880252156687
219,200,29,10,899,4,0.46686103102614873,158012365.4841082,62947499.99999939,37002959.40334007,0.9467187261412852,0.5878384273138795,64.40521264788934,0.9292102837806628,1.8663420566579152
220,200,27,10,605,4,0.9816608152900697,109780314.93723108,42826666.66666742,26287988.419014927,0.9994157290217539,0.6138228927229405,63.29641160141549,0.9465417557456476,2.4192608852140696
221,200,27,10,605,4,0.8680862031207985,115888622.55925098,47479666.666667804,26303356.706969023,0.9999999999999909,0.5539920255049894,59.96015697267695,0.9993359495446158,2.3106157730694057
222,200,27,10,605,4,0.5040806595914956,121522153.72149304,51855833.33333388,26263462.854151797,0.9984833170434518,0.506470751040253,57.180520482916826,0.9530086747152804,1.8622659351389785
223,200,27,10,605,4,1.0,109526539.43349627,43090666.66666764,25995865.6743903,0.9883098177922862,0.6032829771580014,63.44307083872764,0.9442309295632055,2.4268573112896066
224,200,27,10,605,4,1.0,112747912.76221949,45111000.00000078,26280305.88687969,0.9991236548115752,0.5825697919992736,61.63040920016418,0.9731923909715022,2.439248224570921
225,200,27,10,605,4,0.44503008876147415,125516236.8925796,54851499.99999994,26303356.706969075,0.9999999999999928,0.47953760073961704,55.360965019584654,0.9226827503264109,1.751342919679579
226,200,27,10,605,4,0.8420552333652938,117081000.5592502,48392666.666667566,26303356.706969004,0.9999999999999901,0.5435401377681573,59.34950988468474,0.9891584980780791,2.2660458416578986
227,200,27,10,605,4,0.7874752769607372,126531434.22591281,55628833.33333333,26303356.70696905,0.9999999999999918,0.4728367490534415,54.91678840527164,0.9152798067545274,2.081024482958018
228,200,27,10,605,4,0.9032331637211741,116253348.43967393,47773000.00000074,26294392.601108167,0.999659202969379,0.5504027923954485,59.772041779990644,0.9962006963331774,2.3397560939707103
229,200,27,10,605,4,0.42990527403965884,122738810.2259148,52724833.33333376,26303356.706968952,0.9999999999999881,0.4988798454928337,56.6137148242689,0.943561913737815,1.772571064171741
230,200,36,10,334,4,0.564618353998853,101084457.3844964,54974333.333333574,14302917.545712138,0.9849685602989835,0.2601744610341567,39.304954518253844,0.6550825753042308,1.4278404981304091
231,200,36,10,334,4,0.8465934456294405,109983698.34069347,61445999.99999959,14521191.967153337,1.0000000000000033,0.23632444694778235,36.124626285002485,0.6020771047500414,1.637730107937708
232,200,36,10,334,4,0.6013845322393531,120863549.0073585,69776666.66666521,14521191.96715333,1.0000000000000029,0.2081095681529685,32.872772913180846,0.5478795485530141,1.315751735314742
233,200,36,10,334,4,0.5336298454875614,116453187.007359,66399666.66666551,14521191.967153333,1.000000000000003,0.21869374796791533,34.117743808496435,0.5686290634749406,1.2772139073368343
234,200,36,10,334,4,0.5781931601069372,108489634.34069206,60301999.99999926,14521191.967153331,1.000000000000003,0.24080780019159412,36.62211624313468,0.6103686040522446,1.381208004312457
235,200,36,10,334,4,0.5108758320209918,120693551.34069172,69646499.9999984,14521191.967153324,1.0000000000000024,0.20849851704182773,32.91907443161353,0.5486512405268922,1.2263258861813462
236,200,36,10,334,4,0.8744017319985835,103224495.34069377,56270499.9999997,14521191.967153322,1.0000000000000022,0.25806047515400427,38.49008887751562,0.641501481291927,1.722351593413714
237,200,36,10,334,4,0.8751083862227325,120427780.3406915,69442999.99999835,14521191.967153324,1.0000000000000024,0.20910951380489998,32.99172324491907,0.5498620540819845,1.5922580513486368
238,200,36,10,334,4,0.6334860161977935,120413414.34069163,69431999.99999827,14521191.967153339,1.0000000000000036,0.20914264268858307,32.99565934372274,0.5499276557287124,1.3507277860773725
239,200,36,10,334,4,0.5224797462945219,119249768.34069124,68540999.99999848,14521191.96715334,1.0000000000000038,0.21186139634895412,33.31763285819537,0.5552938809699228,1.247262744343608
240,200,23,9,220,4,0.8992993285759312,73830060.00444432,41548833.33333401,9556474.867956283,0.9991236548115794,0.23000585338431792,36.860324911508684,0.6143387485251447,1.6976427598085304
241,200,23,9,220,4,0.964602228901243,68270879.07980037,37574166.66666721,9376745.117845358,0.980333018380219,0.24955297614527422,39.86179812946328,0.6643633021577213,1.8286079119751837
242,200,23,9,220,4,0.7752530011068306,79291948.96094093,45717833.333334416,9564856.98435245,0.9999999999999999,0.209215010576155,34.32126509263326,0.572021084877221,1.5146460944449758
243,200,23,9,220,4,0.8296346200512735,72951339.67111078,40876000.00000071,9556474.86795627,0.9991236548115779,0.2337918306085748,37.30431836165022,0.621738639360837,1.6384067238989704
244,200,23,9,220,4,0.912061344731212,66117912.33777632,35643666.66666682,9556474.867956275,0.9991236548115786,0.2681114419940775,41.15979927038825,0.6859966545064708,1.8125471528329449
245,200,23,9,220,4,0.3989043237957344,86877417.69215825,51619333.33333364,9505369.298271935,0.9937805984785936,0.18414358893189653,31.324595876491383,0.5220765979415231,1.0682957928827745
246,200,23,9,220,4,0.9624274921371848,78073233.29427367,44784666.66666751,9564856.984352464,1.000000000000001,0.21357437034295107,34.85701674148037,0.5809502790246729,1.7142372674362187
247,200,23,9,220,4,0.8755265140924059,81312351.67111096,47278000.00000099,9556474.867956279,0.9991236548115788,0.2021336534531088,33.46846996883589,0.5578078328139315,1.5950412696688245
248,200,23,9,220,4,0.9305689996312899,75372425.2942738,42716666.66666736,9564856.984352475,1.0000000000000024,0.2239139364265077,36.10604261936561,0.6017673769894268,1.7114675257619227
249,200,23,9,220,4,0.93858059509512,76665365.29427436,43706666.66666783,9564856.984352473,1.0000000000000022,0.21884206034973044,35.49712428231584,0.5916187380385973,1.7052729814135017
250,200,22,10,548,4,0.9612237487991339,99420810.5143714,39468000.00000047,23371971.29381955,0.9809773631743854,0.5921752126740466,63.59674566408837,0.94181561527191,2.3767795342102813
251,200,22,10,548,4,0.974935871681551,106296050.67690778,44575666.66666775,23471838.300099194,0.985169019550167,0.5265616883673144,59.48330121143063,0.9913883535238438,2.3875735758992462
252,200,22,10,548,4,0.9258887842092167,98098771.79268205,40326000.00000091,22179884.069958616,0.9309426199841004,0.5500144837067429,64.4538140942522,0.9284579058144967,2.2943582769891075
253,200,22,10,548,4,0.8838424521326657,101683097.70270309,40489166.66666734,23825189.21556873,0.9999999999999942,0.5884336768823347,62.18181922905676,0.9642895621340372,2.3188789557725706
254,200,22,10,548,4,0.9533580958111183,95201989.98894003,38146166.66666717,22155521.224469494,0.9299200532683154,0.5808059671649629,66.41499826563025,0.8986005792247829,2.3166034487678715
255,200,22,10,548,4,0.8210887900516155,107872449.36937134,45228333.33333442,23825189.215568684,0.9999999999999922,0.5267757500586234,58.614039423075056,0.976900657051251,2.2194100471497653
256,200,22,10,548,4,0.9875028176215594,88519100.95934747,37101166.66666721,19560050.73662535,0.820981968270942,0.5272085083566572,71.42910322715291,0.8265581115512509,2.235827735858136
257,200,22,10,548,4,0.8932604221041207,114674750.36936879,50436833.333333835,23825189.215568744,0.9999999999999949,0.47237678579282677,55.13715948483911,0.9189526580806519,2.190114508819034
258,200,22,10,548,4,0.9250002774508024,104041516.03603627,42295000.00000061,23825189.21556876,0.9999999999999954,0.5633098289530302,60.77227861433693,0.9872111708156884,2.362859311428915
259,200,22,10,548,4,0.8581768577525424,105903128.5043109,44086166.666667655,23592074.91669442,0.990215637040057,0.5351355470543041,59.70399637195441,0.9950666061992401,2.281351901595226
260,200,32,10,505,4,0.5780820855536274,119563045.24366695,57115666.66666642,21955694.441354353,0.9999999999999928,0.3844075666575041,48.93401625959257,0.8155669376598761,1.7011750765395068
261,200,32,10,505,4,0.8262382634045392,112439903.57700333,51661500.00000037,21955694.44135437,0.9999999999999936,0.42499142381375327,52.03401829665575,0.8672336382775959,2.033465040733138
262,200,32,10,505,4,0.5009441118380031,132954551.57699463,67369499.99999857,21955694.44135443,0.9999999999999963,0.32589961987776217,44.00526293085823,0.7334210488476371,1.49508485658785
263,200,32,10,505,4,0.5138894736574271,123324542.91033298,59995833.33333303,21955694.441354338,0.9999999999999921,0.3659536541374448,47.44148943859405,0.7906914906432341,1.597343887610617
264,200,32,10,505,4,0.5125142267475097,122320202.24504402,59256999.99999978,21936453.674172264,0.9991236548115732,0.3701917693128634,47.83101967309778,0.7971836612182963,1.6058513034160966
265,200,32,10,505,4,0.5177930151958082,131065422.57699735,65922999.99999915,21955694.44135435,0.9999999999999926,0.3330505960189104,44.63953867438129,0.7439923112396882,1.5282258032506248
266,200,32,10,505,4,0.8750152378732216,108411953.10366738,48984833.33333432,21695946.36586816,0.9881694438688714,0.44291150728697093,53.967296340518395,0.8994549390086399,2.1287993827114384
267,200,32,10,505,4,0.7668841166042484,123346091.91033222,60012333.333332844,21955694.44135444,0.9999999999999967,0.36585303756485527,47.43320124202419,0.7905533540337365,1.8501199006898692
268,200,32,10,505,4,0.8500930585360229,115830279.57700275,54257500.00000022,21955694.441354416,0.9999999999999957,0.40465731818374095,50.510971926908944,0.841849532115149,2.015668445198165
269,200,32,10,505,4,0.4707947149259783,128376586.24366313,63864166.66666563,21955694.44135439,0.9999999999999946,0.34378737854594643,45.57450989462496,0.759575164910416,1.5053997826731513
270,200,22,10,528,4,0.8612542782234189,92739849.8820124,36336666.66666699,22107237.61933188,0.963040955356068,0.6084002647279612,65.81032865337612,0.9077023060691992,2.255676796074987
271,200,22,10,528,4,1.0,95632056.03464241,40219666.66666736,21043796.014953427,0.9167150490496895,0.5232215420719482,63.82002283616197,0.9383173628548966,2.356894596512455
272,200,22,10,528,4,0.9686653724596856,103239126.3729217,43044833.333334245,22955656.762445804,0.9999999999999959,0.5332964489531145,59.11750916947706,0.9852918194912843,2.3805943511134613
273,200,22,10,528,4,0.8581507827366801,107357379.70625542,46198166.666667655,22955656.762445766,0.9999999999999942,0.4968954055704651,56.84974816542007,0.9474958027570011,2.203162909950053
274,200,22,10,528,4,0.834962983404285,93099368.81133845,38877666.666667394,20663105.32520031,0.9001313070251136,0.5314903670110499,65.55619095944606,0.9115551494290697,2.1717104264421945
275,200,22,10,528,4,0.4445410525482786,114866009.03958598,51947500.00000033,22955656.76244576,0.999999999999994,0.44190108787613674,53.13356014568815,0.8855593357614692,1.6836212586106571
276,200,22,10,528,4,0.9727891144624762,86355354.35134189,36397166.66666714,18952767.86302588,0.8256251632944561,0.520720968107196,70.67587233987375,0.8370000023671191,2.226365891315352
277,200,22,10,528,4,0.8726799351986296,112292100.7062535,49976666.666667275,22955656.762445804,0.9999999999999959,0.45932748807667956,54.35146338535025,0.9058577230891708,2.145999648749144
278,200,22,10,528,4,0.961902602715297,93080678.14363348,38525666.66666731,20878342.67624742,0.9095075297694449,0.5419333260834008,65.56935469015433,0.9113551802574941,2.306804443839512
279,200,22,10,528,4,0.9543258195159965,99951706.7062537,40527666.66666721,22955656.762445807,0.9999999999999961,0.5664194031018852,61.061888797323924,0.9824575457331243,2.3899188877306288
280,200,23,10,474,4,0.8529779706464893,101432405.7745146,45364000.00000076,20595878.529939026,0.999415729021756,0.4540137229948567,54.325044919564505,0.9054174153260751,2.12160636436845
281,200,23,10,474,4,0.9359126520940936,96547908.36435308,42034666.666667655,20334098.11176949,0.9867128250359797,0.4837459107982858,57.07342699963132,0.9512237833271887,2.274133164059911
282,200,23,10,474,4,0.9262856748721671,99830235.42472632,44146666.66666756,20589859.488233063,0.9991236548115769,0.46639669635078485,55.19690479098263,0.9199484131830438,2.219351445135839
283,200,23,10,474,4,0.9304115245167974,97614171.98250908,42421500.00000073,20607919.1390139,0.9999999999999977,0.48578949681207756,56.44999991381746,0.9408333318969576,2.2598764538634173
284,200,23,10,474,4,1.0,94671536.3158415,40168333.33333384,20607919.139013905,0.9999999999999979,0.5130389396045055,58.204611591139376,0.970076859852323,2.380508011535927
285,200,23,10,474,4,0.7846111839326632,105349173.75805914,48372500.0000009,20589859.48823301,0.9991236548115744,0.42565216782743553,52.3052986884813,0.871754978141355,1.9968878963359669
286,200,23,10,474,4,1.0,74505466.50833547,31887166.666666914,16044294.863348577,0.7785499717423807,0.5031583718637629,73.95860006303725,0.79243615785768,2.19496285534869
287,200,23,10,474,4,0.8861518972077862,99631540.60563564,44315333.33333428,20385382.433202583,0.9892013985346987,0.4600074263205094,55.30698377746765,0.9217830629577942,2.175940901221988
288,200,23,10,474,4,0.9240375717575796,97413047.98250988,42267500.00000094,20607919.139013838,0.9999999999999947,0.48755945203793416,56.56654949334257,0.9427758248890429,2.25686095827697
289,200,23,10,474,4,0.9764052089740481,97238896.86003783,42208833.333333984,20560319.111779023,0.9976902070066447,0.48710939128331054,56.667858006774345,0.9444643001129057,2.3105570221136023
290,200,20,9,211,4,0.8841531887443137,68175103.56488587,37827166.666667126,9168207.531259779,0.9994157290217565,0.2423709819995242,38.46829506469251,0.6411382510782085,1.7191882254221418
291,200,20,9,211,4,0.9813182609828737,65087773.17274788,35702333.33333377,9015792.666054714,0.9828011603502572,0.25252670692077844,40.292974734893356,0.6715495789148893,1.8548892054343857
292,200,20,9,211,4,0.8824800231332472,74959654.89587194,43013666.66666751,9173567.380447116,0.9999999999999978,0.21327099248565035,34.98655381542354,0.583109230257059,1.6362060473788267
293,200,20,9,211,4,0.9187580896429635,69268324.5625377,38655833.33333389,9173567.380447116,0.9999999999999978,0.2373139210670313,37.861172715852966,0.6310195452642161,1.7396287717608048
294,200,20,9,211,4,1.0,64743616.68910641,35216500.00000013,9157491.95824261,0.9982476367657375,0.2600341305422906,40.507159379022895,0.6751193229837149,1.8831466274175475
295,200,20,9,211,4,0.37845443217991404,80430706.56253856,47202833.333334416,9173567.380447133,0.9999999999999996,0.19434357500673172,32.60670099871401,0.5434450166452335,1.077374308830533
296,200,20,9,211,4,0.8170932949859431,70637883.22920428,39704500.00000062,9173567.380447134,0.9999999999999997,0.2310460371103273,37.127103476335904,0.6187850579389317,1.6207151826131367
297,200,20,9,211,4,0.8722987800355761,75821902.88456574,43686500.00000093,9165528.168812616,0.9991236548115779,0.2098022997679471,34.588686121379986,0.5764781020229998,1.6166187218729338
298,200,20,9,211,4,1.0,61433050.737212226,33007333.333333727,8949881.277311135,0.9756162358808447,0.27114826838412764,42.690049875895355,0.7115008312649226,1.9284194459722248
299,200,20,9,211,4,0.989603780443475,68633826.22920473,38170000.00000059,9173567.380447142,1.0000000000000007,0.2403344873053969,38.21118745794261,0.6368531242990435,1.818724494586836
300,200,25,10,200,4,0.7820112738354107,74390874.03434342,43341833.33333409,8687704.425414793,0.999123654811578,0.20044616845344893,33.630469227247076,0.560507820454118,1.5028760290522878
301,200,25,10,200,4,0.8716967710110506,77547852.96449187,45747166.666667834,8695324.531229505,1.0000000000000002,0.19007350978886015,32.26137029410138,0.5376895049016898,1.5614450837438283
302,200,25,10,200,4,0.8491352227705251,76578147.96449222,45004666.66666795,8695324.531229498,0.9999999999999992,0.1932093974972058,32.669894304051795,0.5444982384008632,1.548200979169153
303,200,25,10,200,4,0.8874263298120953,77332362.96449186,45582166.66666783,8695324.531229498,0.9999999999999994,0.1907615448562693,32.351268008566265,0.5391878001427711,1.5792233658398818
304,200,25,10,200,4,0.9025754844128696,71911592.29782389,41431500.00000054,8695324.531229507,1.0000000000000004,0.20987230805617454,34.78994025940525,0.5798323376567541,1.6503056685145636
305,200,25,10,200,4,0.4267221932513535,89861076.83875087,55183333.333333366,8690244.105459508,0.9994157290217576,0.15747950659244037,27.840752503882154,0.46401254173136924,1.016718340256675
306,200,25,10,200,4,0.8699851178368752,73053689.29782473,42306000.000000834,8695324.531229515,1.000000000000001,0.2055340739192867,34.24604594301433,0.5707674323835722,1.6051798093558767
307,200,25,10,200,4,0.8711488674894555,82980595.29782344,49907000.00000087,8695324.5312295,0.9999999999999996,0.17423055946519223,30.14921730822557,0.5024869551370928,1.513020270198702
308,200,25,10,200,4,0.8426412078181037,82532854.96448965,49564166.66666724,8695324.531229496,0.9999999999999991,0.17543570518814458,30.312776664231684,0.5052129444038614,1.4882027163724807
309,200,25,10,200,4,0.938007285942808,70333726.63115843,40223333.333334304,8695324.531229502,0.9999999999999999,0.21617612988885287,35.57041720709395,0.5928402867848992,1.7037884766387896
310,200,37,10,332,4,0.575675628433503,101751406.96103595,55619666.66666682,14217271.33286357,0.9849685602989846,0.2556159032392055,38.83150236451308,0.6471917060752179,1.4273600571000853
311,200,37,10,332,4,0.8633829512607796,111938515.4743816,63079499.99999945,14434238.721841045,1.0000000000000042,0.22882614354649564,35.29759156850948,0.5882931928084913,1.6347370589064674
312,200,37,10,332,4,0.6377405189836809,118374483.47437939,68007499.99999851,14434238.721841058,1.000000000000005,0.21224480714393815,33.37847721933399,0.5563079536555665,1.3638443183543978
313,200,37,10,332,4,0.5423207467177261,119013770.4743804,68496999.9999986,14434238.721841045,1.0000000000000042,0.2107280424228994,33.19918345793901,0.5533197242989835,1.264222904955029
314,200,37,10,332,4,0.5928774367391346,109627983.80771366,61310333.333332494,14434238.721841041,1.000000000000004,0.23542913465116652,36.04152756225357,0.6006921260375595,1.3819128704976273
315,200,37,10,332,4,0.517521406047318,121015433.14104696,70029666.66666509,14434238.721841034,1.0000000000000033,0.20611605636432212,32.650050472445194,0.5441675078740865,1.2265817590128623
316,200,37,10,332,4,0.6045897727829136,114936220.8077139,65374833.33333216,14434238.721841037,1.0000000000000038,0.22079197736908898,34.37697857327513,0.5729496428879188,1.3541729975661037
317,200,37,10,332,4,0.5590224807490416,119985869.80771393,69241333.3333318,14434238.721841043,1.000000000000004,0.2084627494440897,32.93021091843582,0.548836848640597,1.2746295289449103
318,200,37,10,332,4,0.6492389734421024,121341062.47437994,70278999.99999823,14434238.72184105,1.0000000000000047,0.20538480516002525,32.562431211892935,0.5427071868648823,1.3562540044350049
319,200,37,10,332,4,0.6730168260401913,125626919.14104442,73560666.66666415,14434238.72184105,1.0000000000000047,0.1962222390839517,31.451539423361453,0.5241923237226909,1.3541869410300436
320,200,32,10,688,4,0.541427927628415,135633207.71716228,57086333.33333292,29817320.5061805,0.9968375185319526,0.5223197701641499,57.95070493643891,0.9658450822739818,1.9251288260337167
321,200,32,10,688,4,0.8918969804000361,131391511.19288762,55388666.66666685,28829256.154003464,0.9638050528290104,0.5204901632223806,59.821520649543096,0.9970253441590516,2.305314455136992
322,200,32,10,688,4,0.5157908684928227,142684062.88382876,62430499.99999959,29852153.839513734,0.998002048844289,0.47816618222685914,55.087021221140354,0.9181170203523392,1.8164408346266492
323,200,32,10,688,4,0.5120337786587599,142917672.11078623,62650499.9999993,29825940.675511234,0.9971257036558705,0.4760686774329266,54.99697751798736,0.916616291966456,1.8095050125715573
324,200,32,10,688,4,0.5658957317194762,142023788.69796202,62006999.999999225,29799843.84153173,0.9962532475537108,0.48058838262667286,55.343122951857914,0.9223853825309652,1.87275182035178
325,200,32,10,688,4,0.5007436255964467,147810787.05049235,66410666.666665554,29817320.506180342,0.9968375185319472,0.4489839057909498,53.176362543249304,0.8862727090541551,1.7462034592833617
326,200,32,10,688,4,0.7395299165213914,125574837.3844134,50578000.00000068,29056711.91690772,0.9714092383970019,0.5744930981238351,62.59247603832138,0.9577122284537982,2.1568366234742578
327,200,32,10,688,4,0.8719781478960398,135311910.55049723,56785666.66666673,29852153.839513633,0.9980020488442856,0.5256987474453106,58.08830847205207,0.9681384745342012,2.2606756203864897
328,200,32,10,688,4,0.5848310787211904,146769252.0504921,65613166.66666547,29817320.50618039,0.9968375185319489,0.45444111328540665,53.55372389099564,0.8925620648499274,1.840946034199443
329,200,32,10,688,4,0.5407324241581213,146414434.2171579,65286833.33333189,29852153.8395138,0.9980020488442912,0.4572461599890911,53.68350492235078,0.8947250820391797,1.801254434188574
330,200,28,10,518,4,0.445583951499925,113348052.04136142,51469000.000000276,22520890.535884224,0.9999999999999912,0.4375622323317745,52.87642700567061,0.8812737834278435,1.676907520793188
331,200,28,10,518,4,0.9288268840665976,114254467.09610733,52163833.333333835,22520384.29938447,0.9999775214706034,0.43172410577029907,52.45694240522345,0.8742823734203908,2.1484885421032276
332,200,28,10,518,4,0.495350627999414,119501488.70802593,56180666.66666655,22520890.535884306,0.9999999999999949,0.4008654911396154,50.15368481846762,0.8358947469744603,1.6519377678855665
333,200,28,10,518,4,0.4845678746966575,122556658.0413592,58519999.99999986,22520890.53588423,0.9999999999999917,0.3848409182481936,48.90342226839601,0.8150570378066001,1.6074976471018125
334,200,28,10,518,4,0.8713331962141155,107247290.70803078,46797666.66666764,22520890.53588428,0.9999999999999938,0.4812396031686155,55.88430216215435,0.9314050360359059,2.1877299147849136
335,200,28,10,518,4,0.46790009577402897,120466405.04135904,56919499.99999978,22520890.535884243,0.9999999999999921,0.3956621287236243,49.75196195107098,0.829199365851183,1.6136291646041114
336,200,28,10,518,4,0.8768858449307532,101287596.92180839,43209833.3333344,21899131.896113917,0.9723919159067088,0.506808987833326,59.172496753248005,0.9862082792208001,2.268541314418214
337,200,28,10,518,4,0.8514945027490634,121120322.49227598,57451166.66666642,22501154.461824283,0.9991236548115765,0.39165705010616636,49.48335569682958,0.8247225949471596,1.9895427377811559
338,200,28,10,518,4,0.8623069794442866,112198772.04136188,50589000.00000044,22520890.53588435,0.9999999999999969,0.4451736649446353,53.41805343279986,0.8903008905466643,2.1087468019466593
339,200,28,10,518,4,0.44421133972906796,115038451.37469415,52763333.333333634,22520890.535884283,0.9999999999999939,0.42682842635449153,52.099449604712085,0.8683241600785347,1.653998240891196
340,200,22,7,697,4,0.7349760137086356,108443184.85406072,39072000.00000062,28027681.56209144,0.9249081291961619,0.7173341923139587,73.39197950254571,0.7999551156099358,2.108798483169738
341,200,22,7,697,4,0.843103225811468,119078509.74650706,47402666.6666677,27908342.48243184,0.9209699623997601,0.5887504742862124,66.83708098919551,0.8923013654485682,2.206404970689006
342,200,22,7,697,4,0.8440926681442263,109670214.11486524,40742166.66666768,27561986.87889772,0.9095402937490846,0.6764978186947274,72.57084400021442,0.8109782315895013,2.1962691546895097
343,200,22,7,697,4,0.4421008385355081,122660474.45016782,47668500.0000009,29487057.15804344,0.9730672446497978,0.6185857989666737,64.88528628049107,0.9218051258560302,1.8587746035648773
344,200,22,7,697,4,0.8801773093174979,107669219.09888251,38808000.00000052,27818222.43316116,0.917996018015907,0.7168166984426094,73.9195479136024,0.7929520979984656,2.246582766070051
345,200,22,7,697,4,0.4319812015126874,130483950.0610919,52565333.333333805,30184085.600011185,0.9960690498768441,0.5742203784498829,60.99493459750187,0.9835544853057844,1.8749119895783781
346,200,22,7,697,4,0.9454543625286658,105610306.57515346,38023333.333333686,27313518.74499052,0.9013408928679288,0.7183357257383256,75.36063721523607,0.774133747251616,2.2942566903709425
347,200,22,7,697,4,0.41212915226547275,130193229.82303295,53218000.000000335,29626202.288773917,0.9776590073421764,0.5566951461680959,61.131135703586104,0.9813243306962721,1.8388095998962215
348,200,22,7,697,4,0.9384589855106142,98245681.9084871,36468666.66666711,24710185.411657028,0.81543139094665,0.6775730420175328,81.00976903405729,0.7045733636928502,2.1850907828174906
349,200,22,7,697,4,0.43345397763004634,124626219.10214385,49184666.6666673,29480044.461757634,0.9728358270140595,0.5993746925550766,63.86184269521091,0.9376635857242968,1.8506173173984044
350,200,23,10,437,4,0.7338310066638376,93266966.45574556,41616666.666667484,18999284.10073641,0.9999999999999968,0.45653065520390956,54.72527084304641,0.9120878473841069,2.0111433782110724
351,200,23,10,437,4,0.9504583971794046,96144108.80755053,44339166.66666757,18668174.950812012,0.9825725459881078,0.4210312541765925,53.087600096399875,0.8847933349399979,2.1720767354606765
352,200,23,10,437,4,0.8825421080669924,100662467.08003883,47305500.000000715,18982634.169531293,0.9991236548115762,0.4012775294528333,50.704698067271245,0.8450783011211874,2.0486424327504467
353,200,23,10,437,4,0.9335716899130333,95002858.12241189,42945833.33333409,18999284.10073646,0.9999999999999996,0.44240110450923364,53.72533101502463,0.8954221835837438,2.182914757104164
354,200,23,10,437,4,0.8527582790322402,93664425.78907818,41921000.0000006,18999284.100736428,0.9999999999999977,0.45321638559996547,54.493047461730804,0.9082174576955134,2.123548845207726
355,200,23,10,437,4,0.7783238645589851,104211464.1224103,49996833.33333389,18999284.100736395,0.999999999999996,0.3800097492988459,48.97791277555221,0.8162985462592035,1.8986302102572652
356,200,23,10,437,4,1.0,77154780.23491755,34068833.33333372,15946714.121481707,0.8393323683634777,0.46807338441727847,66.15351614584836,0.9025252580291646,2.2769839655629873
357,200,23,10,437,4,0.8555814312908783,104103124.08003725,49940000.00000042,18982634.169531304,0.9991236548115767,0.3801088139673837,49.02888405227746,0.8171480675379577,1.976816550002743
358,200,23,10,437,4,0.9452375568173585,93487144.35936032,41822000.0000007,18975864.174080383,0.9987673258354414,0.4537292375802225,54.596383652282995,0.90993972753805,2.2181606744195865
359,200,23,10,437,4,0.8635174775986894,95658905.45574585,43448166.66666758,18999284.100736395,0.999999999999996,0.4372862092547671,53.35687227114744,0.889281204519124,2.102627649521627
360,200,36,9,459,4,0.5828891835110243,122481523.98516496,62489166.666665845,19955769.799171634,0.9999999999999952,0.3193476703829501,43.64429691981515,0.7274049486635857,1.56577226848097
361,200,36,9,459,4,0.8248234908322699,109578638.35075264,52985166.66666724,19716305.848747984,0.9880002649442425,0.3721099147009277,48.78341326791349,0.8130568877985581,1.9355683103915702
362,200,36,9,459,4,0.5840128623016441,127648495.31849594,66445499.99999866,19955769.79917165,0.9999999999999959,0.3003329013879352,41.87765775587198,0.6979609625978663,1.5222401460098585
363,200,36,9,459,4,0.5652659406289214,128077080.9851631,66773666.66666546,19955769.79917161,0.9999999999999941,0.2988568816924632,41.73752211466512,0.6956253685777519,1.499976814560644
364,200,36,9,459,4,0.5629305987833013,121377736.31849748,61643999.999999024,19955769.79917161,0.9999999999999941,0.32372606902816053,44.04119043687709,0.7340198406146181,1.5559312946204478
365,200,36,9,459,4,0.5577062291750939,133483485.65183032,70913333.33333176,19955769.799171664,0.9999999999999967,0.2814106862720519,40.047051317967295,0.6674508552994549,1.4502856334921903
366,200,36,9,459,4,0.8272410916949379,110342253.9851695,53194166.666666895,19955769.799171623,0.9999999999999946,0.3751495896950769,48.44581116422069,0.8074301860703449,1.9347909495213442
367,200,36,9,459,4,0.558510873609602,126178374.65182938,65319833.33333199,19955769.79917162,0.9999999999999943,0.30550858415905374,42.36557979725488,0.7060929966209147,1.5090107375577597
368,200,36,9,459,4,0.6379010354437022,129408330.31849578,67792999.99999845,19955769.799171556,0.9999999999999912,0.2943632793824143,41.30815989081634,0.6884693315136057,1.5618609904632392
369,200,36,9,459,4,0.5446660040375657,129073123.65182708,67536333.33333132,19955769.79917159,0.9999999999999929,0.2954819844997831,41.415438386846006,0.6902573064474334,1.4713088980848257
370,200,35,10,735,4,0.5991211532455822,141927006.47618377,58901333.333332926,31732649.329519406,0.9930318851725373,0.5387424619055532,59.01695672983536,0.983615945497256,2.0137310682672807
371,200,35,10,735,4,0.8058200745776712,134631059.40815347,55315333.33333355,30457573.161616504,0.9531300390454535,0.5506171856197146,62.21521272150615,0.963753028183871,2.210066851257314
372,200,35,10,735,4,0.5765528649604652,153127241.30951458,67422666.66666572,31767482.662852608,0.9941219489206823,0.4711691814254314,54.70026057002798,0.9116710095004663,1.8651592196012767
373,200,35,10,735,4,0.5520796183147955,158167312.97617802,71281833.3333316,31767482.662852805,0.9941219489206886,0.4456602920732993,52.957212475763214,0.8826202079293869,1.7912280599028219
374,200,35,10,735,4,0.5441236485144879,141356177.9678418,58527333.33333301,31692442.151216663,0.9917736539529239,0.5414981402060035,59.255280670545176,0.9875880111757529,1.9649101718550437
375,200,35,10,735,4,0.6048812350003063,160823085.1428449,73369999.99999842,31732649.329519253,0.9930318851725324,0.43250169455526694,52.08269691232607,0.8680449485387679,1.8189275391832878
376,200,35,10,735,4,0.8344815882665656,144019945.4669785,60622833.333332516,31656836.733519673,0.99065942883132,0.5221932891103204,58.15930545481638,0.9693217575802731,2.221557977135095
377,200,35,10,735,4,0.7650027057854866,144455422.47618335,60837333.33333285,31732649.329519387,0.9930318851725366,0.5215982948439495,57.983977731130054,0.9663996288521676,2.148680970512814
378,200,35,10,735,4,0.6250560599385631,152198696.47617984,66766333.33333203,31732649.329519425,0.9930318851725377,0.4752791975424746,55.03397988241587,0.9172329980402645,1.9225124160128073
379,200,35,10,735,4,0.5511087495709818,158835331.9761779,71793333.3333317,31767482.66285264,0.9941219489206834,0.44248513319974037,52.73448857875177,0.8789081429791962,1.7840049991099702
380,200,38,10,476,4,0.6157938164242821,130328223.51547763,67338333.3333319,20694872.384326074,0.9999999999999918,0.30732676857153945,42.44882536393196,0.7074804227321994,1.5691356540137131
381,200,38,10,476,4,0.8428117574336796,118337402.18214968,58156999.99999997,20694872.384326138,0.9999999999999949,0.3558449091996862,46.75005448813633,0.7791675748022722,1.9066552595957007
382,200,38,10,476,4,0.6075482433851888,128757540.84881267,66135666.66666573,20694872.384326153,0.9999999999999956,0.31291545738295184,42.966648504851555,0.7161108084141926,1.5739914177057428
383,200,38,10,476,4,0.6109726955144714,130366532.84881048,67367666.66666524,20694872.38432616,0.999999999999996,0.30719295187592366,42.4363514094214,0.7072725234903566,1.563999580505567
384,200,38,10,476,4,0.5959813593003737,126451797.84881333,64370166.6666659,20694872.384326153,0.9999999999999957,0.3214978841284094,43.75010948135695,0.7291684913559492,1.5823481579590504
385,200,38,10,476,4,0.5864220122025595,134544644.51547855,70566833.333332,20694872.384326175,0.9999999999999968,0.2932662754834292,41.11854485121141,0.6853090808535235,1.5063441134428264
386,200,38,10,476,4,0.5496223412467935,124141266.18214491,62600999.999998845,20694872.384326085,0.9999999999999925,0.3305837348337322,44.56439160112016,0.7427398600186693,1.5568291891324488
387,200,38,10,476,4,0.8195937981099869,133697050.5154781,69917833.33333187,20694872.38432621,0.9999999999999984,0.2959884681446552,41.379222493465015,0.689653708224417,1.746038280850128
388,200,38,10,476,4,0.6337018315113817,134638023.515477,70638333.33333148,20694872.3843261,0.9999999999999931,0.2929694318617367,41.090026840479055,0.684833780674651,1.552911157675422
389,200,38,10,476,4,0.5589082098630204,132492700.84881182,68995666.66666545,20694872.3843262,0.9999999999999979,0.2999445238250697,41.755356820093176,0.6959226136682196,1.4947864425912958
390,200,26,6,593,4,0.4744322738858725,121928761.69471182,52922833.33333369,25781637.235095177,0.9999999999999877,0.4871552713874919,55.909203909315664,0.9318200651552611,1.795976556151127
391,200,26,6,593,4,0.4651288318495324,125285617.02804436,55493166.66666685,25781637.235095188,0.9999999999999881,0.4645912061562253,54.411193892065626,0.9068532315344271,1.7436550283089398
392,200,26,6,593,4,0.4117683081814889,120769904.36137953,52035500.00000061,25781637.235095277,0.9999999999999917,0.49546246764410784,56.44568517336641,0.9407614195561068,1.748899701852882
393,200,26,6,593,4,0.4220668120961952,121059618.6947126,52257333.33333389,25781637.23509529,0.999999999999992,0.493359220430211,56.31060194556632,0.9385100324261053,1.7552642208664693
394,200,26,6,593,4,0.43779575142586913,123683006.04682325,54301500.000000164,25759043.621354617,0.999123654811568,0.4743707562655643,55.116221847157234,0.9186036974526206,1.7358960538909411
395,200,26,6,593,4,0.42991214347581236,121220039.02804533,52380166.66666705,25781637.235095248,0.9999999999999905,0.4922022757041321,56.236081547728595,0.9372680257954766,1.7609419898345946
396,200,26,6,593,4,0.4528821280374479,114822569.37086138,47923333.333334655,25500111.94282852,0.9890803951005972,0.5321022176287366,59.36933860086518,0.9894889766810863,1.8680528788215234
397,200,26,6,593,4,0.5428012365868762,124837876.69471025,55150333.33333333,25781637.235095218,0.9999999999999892,0.4674792639832075,54.60634368742715,0.9101057281237858,1.8268903758972281
398,200,26,6,593,4,0.5062313445720724,125094070.36137703,55346499.99999997,25781637.235095207,0.9999999999999889,0.46582235977153424,54.49450945442047,0.9082418242403411,1.787131056629641
399,200,26,6,593,4,0.46749544082258293,127189112.02804261,56950666.666666426,25781637.235095188,0.9999999999999881,0.4527012367738504,53.59688334404759,0.8932813890674598,1.7229378193091232
400,200,22,10,597,4,0.8866904078173491,108727210.16297208,44623333.33333404,24627966.56725353,0.9488518841101744,0.5519078187925556,63.10159149412739,0.949620173628632,2.2778368364800254
401,200,22,10,597,4,0.8395941316224166,101296970.22288175,41273833.33333419,23136608.372968107,0.8913937083137031,0.560563594520361,67.73015999298087,0.8791181291998648,2.16716313643857
402,200,22,10,597,4,0.9717953158716912,112465007.42733726,45402500.00000094,25955543.725719918,0.9999999999999931,0.571676531594502,61.00439734050386,0.9833993788151647,2.4125359199624574
403,200,22,10,597,4,0.990787096049944,98199727.87629808,37438500.000000745,24069601.53390032,0.9273395228491808,0.6429104139829277,69.86638505396476,0.8483688688659158,2.353484296102202
404,200,22,10,597,4,0.9118266810412711,105363107.67514469,41011666.66666715,25288158.943456702,0.9742873896491691,0.6166089066555794,65.11634054258715,0.9182621686432285,2.3233759750089633
405,200,22,10,597,4,0.9044757395070805,120806122.23046286,51984166.66666732,25831316.36430465,0.9952138409147505,0.4969073858573154,56.79232040004959,0.9465386733341599,2.2485403215270927
406,200,22,10,597,4,0.943672276129663,107615473.6425871,43021000.00000074,25106693.171913456,0.9672959825932874,0.5835915755541021,63.7534712042091,0.9393587161425989,2.3499042527155436
407,200,22,10,597,4,0.7785152122799828,117946916.50751185,49635666.66666724,25932797.709863044,0.9991236548115726,0.5224629676884783,58.1690492906022,0.96948415484337,2.1659697412741354
408,200,22,10,597,4,0.825830077380269,103355665.12256145,41066666.66666742,24273384.637656614,0.9351907590209106,0.5910726778650042,66.38107346959877,0.899108803579039,2.1977970232513115
409,200,22,10,597,4,0.9000624356548421,107353642.03405118,42306000.00000118,25434637.726067822,0.9799308384691594,0.6012063945082757,63.908963589924824,0.9369274823592073,2.3179550336206702
410,200,20,9,709,4,0.8559800624594425,99936524.57440752,36003000.00000047,25831839.876885746,0.8380179185742911,0.7174913167481991,80.95758817364263,0.7051863842927776,2.1351595001507793
411,200,20,9,709,4,0.9734216258277127,91115095.09308518,36232166.666667126,21380536.24194732,0.6936119364657106,0.5900981975117978,88.7956050721831,0.6188287186052088,2.0643289024423597
412,200,20,9,709,4,0.9482529143341443,105607088.33470377,39937333.333333924,26091637.059395555,0.846446071395614,0.6533144524604005,76.61057725934221,0.7581735556412565,2.229078031943721
413,200,20,9,709,4,1.0,90481709.83548267,33018333.333333574,23119863.267682604,0.7500379293788574,0.700212910030259,89.41718734880979,0.6124509289250222,2.1726212569492294
414,200,20,9,709,4,0.9875465099904479,78485196.39908247,30064833.333333496,19147563.39633081,0.621171441896415,0.6368757539427806,103.08466272876122,0.487688833807208,1.9847359469518806
415,200,20,9,709,4,0.7159016555783699,122816445.69883823,46387000.000001006,30379627.638930336,0.9855539691471513,0.6549168439202725,65.8757054396383,0.9067138003838148,2.1465489310984025
416,200,20,9,709,4,0.9012893383122371,92245908.30089468,36036000.000000514,22057455.165556867,0.7155720519708557,0.6120949929391872,87.70708803266811,0.6301579349959081,2.021123267659495
417,200,20,9,709,4,0.8813771434646948,121319979.61707237,48181833.33333397,28505289.710624564,0.9247480499067979,0.5916190343654597,66.68827365069448,0.8945171285167322,2.2491894994737947
418,200,20,9,709,4,0.9729327080873604,112635791.50176588,42339000.0000007,27991161.949778628,0.9080690878940729,0.6611200536096309,71.82992095255226,0.8210548613160392,2.3228836122911045
419,200,20,9,709,4,0.8926227389474438,114435256.71775126,43008166.66666759,28442862.071456537,0.9227228174616283,0.661336306006749,70.70041377156258,0.8366577193998141,2.2583495031526573
420,200,23,10,543,4,0.9337461511498307,101134356.7035911,40410333.33333409,23607806.10228795,0.9999999999999929,0.5842022115371689,61.976366927120004,0.9675971469978034,2.3687050673773693
421,200,23,10,543,4,0.944046660238827,84293533.66252035,37455000.000000656,17272443.629014645,0.7316412018201286,0.4611518790285501,74.35849142467414,0.7871722460472913,2.1001404095089584
422,200,23,10,543,4,0.895225905105469,107965389.70359237,45640833.333334394,23607806.102288023,0.9999999999999959,0.5172518636956119,58.05508614573587,0.9675847690955979,2.276612165157556
423,200,23,10,543,4,0.8240038485401605,103018697.03692484,41853166.66666749,23607806.102287997,0.9999999999999948,0.5640626022472421,60.842741951525475,0.9860524814314413,2.2613064117693957
424,200,23,10,543,4,0.9546022957111847,95413315.29834762,38529333.33333387,22014611.66341898,0.9325140831822265,0.5713727635243798,65.69250822488242,0.9094864885161463,2.321186995046835
425,200,23,10,543,4,0.41507404568308476,115816408.70359033,51652333.33333393,23607806.10228789,0.9999999999999902,0.4570520744907481,54.119619751304654,0.9019936625217443,1.6827093677974276
426,200,23,10,543,4,1.0,88932115.3618697,36455833.333333656,20173123.651473116,0.854510731072037,0.5533579075540614,70.48005070491583,0.8397361767716447,2.282422502814894
427,200,23,10,543,4,0.821665355210835,109470791.92423156,46806833.3333344,23599317.190935772,0.9996404193038706,0.5041852975370811,57.256733872339694,0.9542788978723282,2.179292491112828
428,200,23,10,543,4,0.9446906617277373,105934995.0369247,44086166.66666743,23607806.102288023,0.9999999999999959,0.5354923752111421,59.16779434232519,0.9861299057054198,2.3592144676020705
429,200,23,10,543,4,0.4093968711430692,109874760.4168275,47426500.0000011,23401505.490559485,0.9912613391166136,0.49342678651300304,57.04622222812196,0.9507703704686994,1.754908670822171
430,200,45,10,406,4,0.6018015293802192,122817844.59304152,66388666.666665636,17636039.98359203,0.9991236548115772,0.26564835338751047,38.78654617156419,0.6464424361927364,1.460762648282964
431,200,45,10,406,4,0.8073661977114791,120959598.19243695,64942166.66666554,17651112.018436562,0.9999775214706076,0.2717973995083349,39.38240595360915,0.6563734325601526,1.6811775498782997
432,200,45,10,406,4,0.6497210755381758,140498171.1945704,79902166.66666327,17651508.798395887,0.9999999999999989,0.22091401941620237,33.90563705916831,0.5650939509861386,1.3915462420572764
433,200,45,10,406,4,0.6253175091985799,134457268.19457182,75276666.66666402,17651508.79839588,0.9999999999999982,0.23448844881189165,35.42895124945216,0.5904825208242027,1.4033907890722959
434,200,45,10,406,4,0.6946226992224892,137289764.52790433,77445499.99999684,17651508.798395853,0.9999999999999968,0.22792168426050027,34.697998182025984,0.5782999697004331,1.4552600163313225
435,200,45,10,406,4,0.6687124295991492,138170879.19457188,78120166.66666365,17651508.798395865,0.9999999999999976,0.22595329159644925,34.476729306265746,0.5746121551044291,1.4240872179807376
436,200,45,10,406,4,0.6049661980563351,127678910.52790758,70086499.99999844,17651508.79839587,0.9999999999999978,0.2518531928173937,37.30984216816898,0.6218307028028163,1.4282794551130664
437,200,45,10,406,4,0.7243355185375394,136269778.5279041,76664499.99999712,17651508.798395872,0.999999999999998,0.23024357816716387,34.95771440638642,0.5826285734397737,1.4911589545110442
438,200,45,10,406,4,0.6253992989009678,128774945.92637272,70949999.99999811,17636039.983592045,0.9991236548115778,0.24856997862709676,36.992288878332296,0.616538147972205,1.4407934297748501
439,200,45,10,406,4,0.6255481659560043,140921968.19456998,80226666.66666329,17651508.798395887,0.9999999999999989,0.22002046865211025,33.803672067812876,0.5633945344635479,1.3649590753412404
440,200,26,6,455,4,0.430195470159331,102828529.31979658,47738166.66666755,19764527.56781861,0.999123654811575,0.41401940937164,51.558648510003685,0.8593108085000615,1.6207218061567046
441,200,26,6,455,4,0.8567988877719858,97483983.25255123,43618666.6666679,19781863.308547027,0.9999999999999942,0.45351829435134344,54.38534437257159,0.9064224062095264,2.126035929462587
442,200,26,6,455,4,0.43999069512875266,110035078.58587974,53229000.00000024,19781863.30854709,0.9999999999999974,0.3716369518222586,48.1819076982996,0.80303179497166,1.5403320515582197
443,200,26,6,455,4,0.4483484666807462,112168429.5858799,54862500.00000028,19781863.308547102,0.9999999999999981,0.36057167115146044,47.2655275604161,0.7877587926736017,1.5245645962755163
444,200,26,6,455,4,0.48609215181151466,107760461.9192141,51487333.333333746,19781863.30854702,0.9999999999999939,0.3842083484976278,49.19893535696404,0.8199822559494007,1.6134410865590176
445,200,26,6,455,4,0.4588592438648158,104063611.25254937,48656666.66666757,19781863.308547016,0.9999999999999938,0.4065601830899496,50.94672322233213,0.8491120537055356,1.633219444042311
446,200,26,6,455,4,0.8300596885374096,97476800.25255035,43613166.6666677,19781863.30854705,0.9999999999999953,0.45357548695645994,54.389351992104274,0.9064891998684046,2.0994092779709823
447,200,26,6,455,4,0.46678201177139444,117074418.58587815,58618999.99999984,19781863.30854709,0.9999999999999976,0.3374650421970205,45.28487148634455,0.7547478581057425,1.4915019036347534
448,200,26,6,455,4,0.49732072393828003,110537888.58587885,53614000.00000008,19781863.30854703,0.9999999999999944,0.36896824166350206,47.96273990597364,0.7993789984328941,1.5918743157019757
449,200,26,6,455,4,0.4196557641323888,114613043.91921149,56734333.333333306,19781863.30854709,0.9999999999999976,0.34867534606112294,46.257387629780304,0.7709564604963384,1.4695525014776256
450,200,24,10,345,4,0.891271669256138,87695097.93874629,43626000.00000074,14999434.816370957,1.000000000000003,0.3438187048175561,46.683339162920234,0.7780556527153373,1.9443822858255202
451,200,24,10,345,4,0.8287316929103584,82113591.19973083,39667833.333334,14798292.272520669,0.9865899918021773,0.3730552195318731,49.85654555093213,0.8309424258488689,1.9581182943847257
452,200,24,10,345,4,0.8244924480679356,91866026.60541368,46819666.66666774,14999434.816370979,1.0000000000000047,0.320366117152421,44.563808311687076,0.742730138528118,1.8235154803179905
453,200,24,10,345,4,0.9181202694032733,80428296.27207966,38061833.33333386,14999434.816370916,1.0000000000000004,0.39408072346411865,50.90123985905169,0.8483539976508615,2.08173884582543
454,200,24,10,345,4,0.8736753118662346,87270705.15090819,43321666.66666734,14986290.133840557,0.9991236548115796,0.3459305997885659,46.91035775316406,0.7818392958860676,1.932259087583155
455,200,24,10,345,4,0.4117052763448138,101323643.2720758,54061333.33333341,14999434.816370958,1.0000000000000033,0.2774521805425493,40.40419262271291,0.6734032103785486,1.3070702311574018
456,200,24,10,345,4,0.8266718995113189,86354779.54824345,42672666.66666744,14952941.377049455,0.9969003205860324,0.3504102870779699,47.40791443643115,0.7901319072738525,1.8971320364475472
457,200,24,10,345,4,0.9053445811507242,92413733.150908,47259666.66666752,14986290.133840552,0.9991236548115793,0.31710528640716074,44.299692918095,0.7383282153015833,1.897357025578036
458,200,24,10,345,4,0.9858359647667896,95330626.93874492,49472500.00000046,14999434.816370968,1.000000000000004,0.30318732258064235,42.94422612609641,0.7157371021016068,1.9441229249329102
459,200,24,10,345,4,0.7873616570117165,92965025.60541333,47661166.666667685,14999434.816370973,1.0000000000000042,0.31470977035190745,44.03699104409877,0.7339498507349795,1.7730793240282219
460,200,48,7,900,4,0.6705383779302752,185918651.55926138,82039833.33333004,38456676.04975203,0.9828187528094046,0.4687561454872967,54.79708417932802,0.9132847363221336,1.958828030642246
461,200,48,7,900,4,0.6671180060143337,170711784.05926776,70341333.33333154,38491509.383085385,0.9837089715370603,0.5472104033155428,59.67836406924901,0.9946394011541501,2.0995257298209182
462,200,48,7,900,4,0.6553525183328364,186258190.3925923,82245166.66666287,38491509.383085184,0.9837089715370552,0.46800937906892554,54.697191992074565,0.911619866534576,1.9413798881225528
463,200,48,7,900,4,0.624128131481214,180399256.72592914,77758999.9999969,38491509.383085616,0.9837089715370663,0.49501034456573706,56.47362514069432,0.9412270856782387,1.9613634928120423
464,200,48,7,900,4,0.7038457166702938,171962082.5592667,71353333.3333313,38456676.049752004,0.9828187528094039,0.5389611704627641,59.24445580314938,0.9874075967191563,2.1224222497596616
465,200,48,7,900,4,0.6856792954130438,180119576.2259297,77599499.9999971,38456676.049752116,0.9828187528094068,0.4955789154537536,56.56131450820825,0.9426885751368042,2.024831002912851
466,200,48,7,900,4,0.6338310403029417,168588466.89259982,68770166.66666448,38456676.04975224,0.9828187528094099,0.5592057997496995,60.429993746192565,0.99285905613647,2.0740547362391712
467,200,48,7,900,4,0.734673569495501,186174845.22592473,82235999.99999589,38456676.049752034,0.9828187528094047,0.46763796937781454,54.721678364426836,0.9120279727404472,2.0208119177382002
468,200,48,7,900,4,0.6657914579988914,181884199.892596,78950666.66666378,38456676.04975198,0.9828187528094033,0.48709754677714423,56.01256187187217,0.9335426978645363,1.989012193285143
469,200,48,7,900,4,0.6559245734801901,186227064.05926093,82221333.33332999,38491509.383085445,0.9837089715370618,0.46814504001095025,54.70633418114808,0.911772236352468,1.9422128418414184
470,200,20,10,438,4,0.7767349741852945,86429671.60444957,36663000.00000062,18819242.038936265,0.9882622752182252,0.5133033859459386,59.181527651861025,0.9863587941976838,2.173736477139729
471,200,20,10,438,4,0.9549651263151107,81186455.493125,36899500.00000059,16109586.054883325,0.8459690424557967,0.4365800635478277,63.00361272002014,0.951172150798586,2.255401327951959
472,200,20,10,438,4,0.9010499461060895,99074818.05556823,45994666.66666769,19042760.723392636,0.9999999999999999,0.41402106164610847,51.62805342858283,0.8604675571430472,2.0927343525660236
473,200,20,10,438,4,0.990871273829439,87437425.90703216,37161666.66666714,18993227.219959546,0.9973988276094734,0.5110972925494722,58.49943484656749,0.9749905807761248,2.3747396886451417
474,200,20,10,438,4,0.9121650965770357,91716660.19284943,40558833.333333805,18916377.351316474,0.9933631801653156,0.46639352754187346,55.77002029124026,0.9295003381873376,2.214780256797872
475,200,20,10,438,4,0.8447300250370651,101651120.7222337,47967333.333334,19042760.72339257,0.9999999999999963,0.3969943584535094,50.31956326361693,0.8386593877269488,2.0009848995268213
476,200,20,10,438,4,0.9766774189820883,77703569.47612374,32640666.666666895,17124300.704143222,0.8992551528049856,0.5246308501912677,65.82760656280684,0.9074409570634703,2.3038230561985724
477,200,20,10,438,4,0.9148846509121503,101402110.05556734,47776666.66666744,19042760.723392647,1.0000000000000004,0.3985786797612294,50.44313177701144,0.8407188629501906,2.0744664576713245
478,200,20,10,438,4,0.9742795391673997,88677322.25432721,38683333.33333362,18628463.76492243,0.9782438605153886,0.48156304433232977,57.68148913349039,0.9613581522248398,2.3208881268581036
479,200,20,10,438,4,0.8277139886317129,91592526.38890146,40265500.00000081,19042760.72339255,0.9999999999999953,0.4729299455710761,55.845604457743235,0.9307600742957206,2.1368180193842945
480,200,20,10,508,4,0.9852964842281878,94677435.70980403,37852833.3333337,22086124.30932287,0.9999999999999958,0.583473477793102,62.14405740808142,0.9648966419812309,2.4169719084439003
481,200,20,10,508,4,0.8722681002445463,98406055.35971521,42284000.00000081,21081495.701827824,0.9545131326155278,0.4985690971012066,59.789410097710345,0.9964901682951725,2.267613546220684
482,200,20,10,508,4,0.8870821862024693,108294009.37647143,48279000.000000566,22086124.309322864,0.9999999999999953,0.4574685538085421,54.330244432507946,0.9055040738751324,2.1585611031244354
483,200,20,10,508,4,0.9277706000574226,96519248.82456975,39677000.000000484,21822313.400635004,0.9880553552541311,0.5499990775672238,60.9582033806947,0.9841567888655196,2.351926650976721
484,200,20,10,508,4,0.9403934063414711,91247746.35226263,37797833.333333775,20447344.73023958,0.9258004910172662,0.5409660535279185,64.47983906677719,0.9280552749497952,2.3012215241136014
485,200,20,10,508,4,0.45393506731067873,106270797.70980617,46729833.33333427,22086124.309322897,0.999999999999997,0.47263434799301923,55.36459805323438,0.9227433008872397,1.7547858465923338
486,200,20,10,508,4,0.9618430134352425,78336271.63025223,33711333.333333656,16750660.629697924,0.7584246287442635,0.49688514138759754,75.10748057771787,0.7774069325747445,2.1367580591200652
487,200,20,10,508,4,0.951787479060062,99619657.87199795,43351000.00000076,20993697.025538515,0.9505378459124529,0.4842724971866427,59.06103399351093,0.9843505665585155,2.3235560433678915
488,200,20,10,508,4,0.9548334686064017,103488424.00177675,44817666.66666734,21946991.05341175,0.9937004223120991,0.4896950842319193,56.853122044828766,0.9475520340804794,2.2941415700724166
489,200,20,10,508,4,0.8819073649748622,97134021.70980468,39733833.33333386,22086124.30932285,0.9999999999999947,0.5558518385084723,60.572391592904744,0.99050550022392,2.3170943360055603
490,200,23,9,346,4,0.8875402911006719,87066248.2052352,43076000.00000066,15042911.439027105,1.0000000000000033,0.3492179273615673,47.146627822113715,0.7857771303685619,1.9526917633584877
491,200,23,9,346,4,0.8682302463625435,76711616.13561156,36501666.66666724,14179781.748304453,0.9426221649830819,0.3884694328561499,53.51053995190705,0.8918423325317841,2.0708481251792477
492,200,23,9,346,4,0.821938037616828,91639424.87190291,46577666.66666775,15042911.439027123,1.0000000000000044,0.3229640408284394,44.79382106269172,0.7465636843781953,1.8268729546577749
493,200,23,9,346,4,0.8105854442259995,83216160.20523581,40128000.00000073,15042911.439027112,1.0000000000000038,0.37487319176203243,49.32791887869069,0.8221319813115114,1.9326159789471369
494,200,23,9,346,4,0.8846295841540492,80512284.0160803,38078333.333333984,15029728.655967653,0.999123654811581,0.39470552779710405,50.98451807900709,0.8497419679834515,2.050135974375184
495,200,23,9,346,4,0.402286208152103,96776218.09459607,50515666.66666726,15039868.59993268,0.9997977227276309,0.297726816101919,42.41620597312031,0.7069367662186719,1.34740442725231
496,200,23,9,346,4,0.8110333067549254,83513289.684132,40428666.66666733,14996283.236113364,0.9969003205860322,0.37093192708424183,49.15241652586882,0.8192069420978138,1.9269857905201326
497,200,23,9,346,4,0.8619312167071207,100390713.20523313,53278500.00000038,15042911.439027103,1.000000000000003,0.28234487530668084,40.88904111686321,0.6814840186143869,1.7692911355668524
498,200,23,9,346,4,0.9182610405083129,95298030.80505496,49492666.666667126,14970493.641639957,0.9951859187843638,0.30247902669028043,43.07413243823567,0.7179022073039278,1.8781464691644651
499,200,23,9,346,4,0.3697916039609809,96705834.20523418,50457000.00000066,15042911.439027071,1.000000000000001,0.29813329050531884,42.447077094525746,0.7074512849087624,1.3157495212739985
500,200,26,10,200,4,0.9161922874998673,78884671.03434329,46783000.00000079,8687704.425414791,0.9991236548115777,0.1857021658597064,31.714653394584285,0.5285775565764047,1.593331576764037
501,200,26,10,200,4,0.725124237109761,78687188.96449195,46619833.333334565,8695324.531229496,0.9999999999999991,0.18651556450357537,31.794247995425938,0.529904133257099,1.4042408219697204
502,200,26,10,200,4,0.852487190581826,76735807.29782553,45125666.66666795,8695324.531229498,0.9999999999999992,0.1926913256586255,32.60277161469172,0.5433795269115287,1.5500197780202551
503,200,26,10,200,4,0.8916044063890972,76307221.63115856,44797500.000001214,8695324.531229498,0.9999999999999994,0.19410289706410544,32.78588771181834,0.546431461863639,1.5933181859040206
504,200,26,10,200,4,0.9364572591547395,78131703.63115792,46194500.00000079,8695324.53122951,1.0000000000000009,0.18823289636708618,32.02029245145391,0.5336715408575652,1.6207151171059737
505,200,26,10,200,4,0.434006748555077,90466476.50541751,55647166.666666634,8690244.105459508,0.9994157290217576,0.1561668747218549,27.654442801806056,0.46090738003010095,1.0198476283626619
506,200,26,10,200,4,0.875115335511367,75198645.29782464,43948666.666667506,8695324.531229507,1.0000000000000002,0.19785183921914978,33.269216354784156,0.5544869392464026,1.5878837461330892
507,200,26,10,200,4,0.77746631756136,82764738.63115612,49742000.00000061,8695324.531229502,0.9999999999999997,0.17480850249747484,30.22784873579263,0.5037974789298771,1.421110598489217
508,200,26,10,200,4,0.86083912183701,85889343.63115491,52134500.000000246,8695324.531229496,0.9999999999999991,0.16678638005983476,29.12817695689683,0.4854696159482805,1.4797378418331582
509,200,26,10,200,4,0.9535538598564616,79146900.9644914,46971833.33333429,8695324.531229507,1.0000000000000004,0.18511784433712397,31.609576237513227,0.5268262706252205,1.6284744059513812
510,200,50,7,900,4,0.6844984768098591,189605191.5592596,84863166.66666292,38456676.049752034,0.9828187528094047,0.45316098326624316,53.73165110205268,0.8955275183675446,1.9425547817903983
511,200,50,7,900,4,0.6842515921189173,176052808.3925966,74431499.99999712,38491509.38308547,0.9837089715370624,0.5171400466615204,57.86786415403992,0.964464402567332,2.0624280320154655
512,200,50,7,900,4,0.6712969518493515,189049249.72592413,84382833.3333292,38491509.383085184,0.9837089715370552,0.4561533177137577,53.88966110561061,0.8981610184268435,1.934380624447201
513,200,50,7,900,4,0.7055321524071145,185252429.17110765,81476999.99999641,38490629.82159921,0.9836864930076693,0.47241098496018386,54.99415066017882,0.916569177669647,2.0000301180449087
514,200,50,7,900,4,0.7534808124567712,177563263.706933,75696499.99999736,38422385.57358597,0.9819424076209862,0.5075847043600076,57.37560679676905,0.9562601132794841,2.115808689224261
515,200,50,7,900,4,0.7522070471022891,183365558.8925938,80085499.99999645,38456676.04975214,0.9828187528094072,0.48019524195708135,55.56005207045176,0.9260008678408627,2.0623641085088167
516,200,50,7,900,4,0.6557567098624351,172749084.89259776,71956499.99999736,38456676.04975219,0.9828187528094087,0.5344433935746403,58.9745526370458,0.98290921061743,2.0662206353395773
517,200,50,7,900,4,0.7596602149497421,189765611.89259034,84985999.99999565,38456676.04975203,0.9828187528094043,0.4525060133404795,53.686228492053765,0.8947704748675628,2.016435500489689
518,200,50,7,900,4,0.6870481484917615,184754272.22592786,81148833.33333011,38456676.04975198,0.9828187528094033,0.47390300599622726,55.142432579538884,0.9190405429923147,1.985211096281058
519,200,50,7,900,4,0.6718221361922422,189281500.05925938,84560666.66666296,38491509.38308544,0.9837089715370617,0.45519401514203367,53.82353794116409,0.8970589656860681,1.9330363139919373
520,200,25,10,606,4,0.8448892302149801,117474897.82573843,48625500.000000656,26346833.32962524,0.9999999999999936,0.5418316177648536,59.243975766839554,0.9873995961139925,2.265754120540856
521,200,25,10,606,4,0.9247938136293664,114679889.64502421,46927833.33333424,26064815.021158483,0.9892959315095445,0.5554233632739202,60.68788539597248,0.9886007132847832,2.3577332175332857
522,200,25,10,606,4,0.9377765952845984,116696739.49240483,48029666.666667245,26346833.32962534,0.9999999999999972,0.5485533246040646,59.639027022284274,0.9939837837047379,2.3706030386725883
523,200,25,10,606,4,1.0,100449951.50676194,38809833.33333421,24294278.106438186,0.9220948036711778,0.625982541532111,69.28505086965123,0.8566285817695948,2.3574146149952835
524,200,25,10,606,4,0.9719346773679457,109554386.58826429,42791833.33333397,26199569.995898128,0.9944105869618232,0.6122563104929929,63.52716871261764,0.942908393073324,2.404648118835664
525,200,25,10,606,4,0.46584186068391725,125142130.6273886,54532500.000000104,26323744.409006633,0.9991236548115704,0.4827166260304696,55.61420414618388,0.926903402436398,1.778918563944691
526,200,25,10,606,4,0.7982572800178467,112132719.88222997,45626166.66666763,25651348.405185897,0.9736027128673,0.5622069588398183,62.06645132044927,0.9661454803418447,2.214168327431546
527,200,25,10,606,4,0.81665988676189,105775245.00380754,44388666.66666784,23337390.436214216,0.8857759163782595,0.5257511024483786,65.79686957708749,0.9079059428177788,2.145166711538372
528,200,25,10,606,4,0.9091066977098404,114632224.50819132,46643666.66666754,26222675.699457135,0.9952875691505336,0.562191559399775,60.71311997877769,0.9881850185972495,2.34704496382691
529,200,25,10,606,4,0.4188335976875017,119606431.9607247,50293833.33333412,26323744.409006547,0.9991236548115671,0.5233990464504821,58.1881750496943,0.969802917494905,1.8073557523427923
530,200,20,10,506,4,0.9271015922572563,91405693.30404729,37711666.66666711,20579350.888585735,0.9354602875129385,0.5457025029014583,64.12817175952053,0.9335106917556903,2.2971742863341134
531,200,20,10,506,4,0.8722681002445463,98295253.43375841,42284000.00000082,21027419.6032642,0.955827814697246,0.49729021859955996,59.633398310023296,0.9938899718337216,2.263990246957916
532,200,20,10,506,4,0.8870821862024693,108115842.17682686,48279000.000000656,21999171.06401057,0.9999999999999958,0.4556674965100825,54.21666133269385,0.9036110222115642,2.1552272056220994
533,200,20,10,506,4,0.9277706000574226,96343372.45190097,39677000.000000514,21736478.177272934,0.9880589643140019,0.5478357279348905,60.84154883540556,0.9860720895449082,2.3521112719502435
534,200,20,10,506,4,0.9505622004917494,94183053.52753228,40010666.666667245,20469475.936650407,0.9304657833284115,0.5116004716238197,62.237098718470314,0.9634015473611861,2.3232441251519913
535,200,20,10,506,4,0.45393506731067873,106092630.51016136,46729833.3333343,21999171.06401061,0.9999999999999976,0.47077358284344023,55.25058594374827,0.9208430990624712,1.751397032647902
536,200,20,10,506,4,0.9618430134352425,78274115.98997566,33711333.33333366,16720326.007796222,0.7600434561441127,0.49598530685415565,74.88656915334168,0.7802745095528616,2.1389057684714285
537,200,20,10,506,4,0.951787479060062,99494597.36922117,43351000.00000079,20932662.12911252,0.9515204944861358,0.4828645735764374,58.91455571449271,0.9819092619082118,2.3199883998294237
538,200,20,10,506,4,0.9279088998827058,103547535.22092994,44958833.33333402,21885862.479710665,0.9948494157361518,0.4867978294152873,56.608590320314896,0.9434765053385816,2.2608236687535173
539,200,20,10,506,4,0.9303950571867496,91046139.05160426,36419166.66666709,21227691.9074032,0.9649314442638451,0.5828714342009369,64.38142310106797,0.9295787816883689,2.326270986235868
540,200,20,10,508,4,0.9852964842281878,94677435.70980403,37852833.3333337,22086124.30932287,0.9999999999999958,0.583473477793102,62.14405740808142,0.9648966419812309,2.4169719084439003
541,200,20,10,508,4,0.8722681002445463,98406055.35971521,42284000.00000081,21081495.701827824,0.9545131326155278,0.4985690971012066,59.789410097710345,0.9964901682951725,2.267613546220684
542,200,20,10,508,4,0.8870821862024693,108294009.37647143,48279000.000000566,22086124.309322864,0.9999999999999953,0.4574685538085421,54.330244432507946,0.9055040738751324,2.1585611031244354
543,200,20,10,508,4,0.9277706000574226,96519248.82456975,39677000.000000484,21822313.400635004,0.9880553552541311,0.5499990775672238,60.9582033806947,0.9841567888655196,2.351926650976721
544,200,20,10,508,4,0.9403934063414711,91247746.35226263,37797833.333333775,20447344.73023958,0.9258004910172662,0.5409660535279185,64.47983906677719,0.9280552749497952,2.3012215241136014
545,200,20,10,508,4,0.45393506731067873,106270797.70980617,46729833.33333427,22086124.309322897,0.999999999999997,0.47263434799301923,55.36459805323438,0.9227433008872397,1.7547858465923338
546,200,20,10,508,4,0.9618430134352425,78336271.63025223,33711333.333333656,16750660.629697924,0.7584246287442635,0.49688514138759754,75.10748057771787,0.7774069325747445,2.1367580591200652
547,200,20,10,508,4,0.951787479060062,99619657.87199795,43351000.00000076,20993697.025538515,0.9505378459124529,0.4842724971866427,59.06103399351093,0.9843505665585155,2.3235560433678915
548,200,20,10,508,4,0.9548334686064017,103488424.00177675,44817666.66666734,21946991.05341175,0.9937004223120991,0.4896950842319193,56.853122044828766,0.9475520340804794,2.2941415700724166
549,200,20,10,508,4,0.8819073649748622,97134021.70980468,39733833.33333386,22086124.30932285,0.9999999999999947,0.5558518385084723,60.572391592904744,0.99050550022392,2.3170943360055603
