int(self),self.nb_electrical,self.nb_activeCS_Cparking,self.nb_activeCS_Cparking_fast,self.nb_solar,self.nb_wind,self.avg_statisfied_day,self.monthly_profit,self.monthly_energy_consumption,self.monthly_renew_charge,self.self_consumption,self.self_sufficiency,self.payback_period,self.payback_period_norm,self.metric
0,200,20,4,500,0,0.4027094129505922,110820873.57789165,50759500.00000058,21738311.328073576,0.9999999999999906,0.428260942839731,49.55564617653035,0.8259274362755059,1.571245603497883
1,200,20,4,500,0,0.3837874238303455,109733846.24455908,49927166.66666748,21738311.32807361,0.9999999999999921,0.43540045989805,50.04654614730867,0.8341091024551445,1.5662168942039298
2,200,20,4,500,0,0.4260953737874238,104035332.91122776,45563833.333334506,21738311.328073643,0.9999999999999937,0.4770957519978876,52.787835116422364,0.8797972519403727,1.6875692273261067
3,200,20,4,500,0,0.4251604388417274,109951730.57789192,50094000.000000656,21738311.328073654,0.9999999999999942,0.43395039980982497,49.94737209806355,0.8324562016343926,1.60477696032398
4,200,20,4,500,0,0.3566040731736016,101779829.19835329,43906500.00000101,21693886.54547701,0.9979563829992903,0.49409282328303344,53.957646060668104,0.899294101011135,1.6511724328111634
5,200,20,4,500,0,0.42487228167343255,106309949.57789348,47305500.00000103,21738311.328073714,0.9999999999999969,0.45953031525030374,51.6583821345541,0.8609730355759017,1.6534695694495771
6,200,20,4,500,0,0.43648819331105804,102634647.91122814,44491333.33333461,21738311.328073613,0.9999999999999923,0.48859653553665117,53.50824611148885,0.8918041018581475,1.7191695235985265
7,200,20,4,500,0,0.40926867275939005,112018353.43021747,51696333.33333374,21725610.263648637,0.9994157290217505,0.4202543751713235,49.025894702345816,0.8170982450390969,1.5625704179355457
8,200,20,4,500,0,0.8431313774652591,104463918.57789476,45892000.000001326,21738311.32807362,0.9999999999999926,0.4736841133110998,52.57126168309467,0.8761876947182444,2.0982663628323834
9,200,20,4,500,0,0.39920690621418425,99845562.76355301,42375666.66666755,21725610.263648685,0.9994157290217528,0.5126907013533293,55.00294502826611,0.9167157504711019,1.7260752177679497
10,200,25,4,500,0,0.4258054116822178,110977066.24455841,50880500.00000068,21738311.328073572,0.9999999999999903,0.42724248637637763,49.48589997772879,0.8247649996288132,1.5923644004121331
11,200,25,4,500,0,0.4142744683270537,116847971.5778893,55375833.33333342,21738311.328073632,0.9999999999999931,0.3925595339978077,46.99953217706685,0.7833255362844475,1.5116476318097474
12,200,25,4,500,0,0.4928091372577677,108142175.57789274,48709833.333334155,21738311.32807363,0.999999999999993,0.44628178419976655,50.78314700673246,0.846385783445541,1.696220348063122
13,200,25,4,500,0,0.42739584133478387,106987382.25252315,47855500.000000775,21719261.063536856,0.9991236548115712,0.4538508857610202,51.33128677770301,0.8555214462950502,1.6459979962386502
14,200,25,4,500,0,0.4186079901211691,110320977.19835103,50447833.33333388,21693886.545477014,0.9979563829992905,0.43002613020334757,49.78019719790958,0.829669953298493,1.5922988475823403
15,200,25,4,500,0,0.46764935348277936,105834291.16206281,47641000.000001006,21293221.97595196,0.979525118331201,0.4469516167996371,51.89055399436153,0.8648425665726922,1.6900532134951813
16,200,25,4,500,0,0.4738244040661854,109190893.57789274,49512833.33333423,21738311.328073617,0.9999999999999925,0.43904397839092,50.29540303269295,0.8382567172115493,1.6633163039904706
17,200,25,4,500,0,0.5274617905534246,120044406.57788727,57823333.333333015,21738311.328073643,0.9999999999999937,0.3759435866963814,45.74807070612497,0.7624678451020829,1.5906845050126126
18,200,25,4,500,0,0.44847167531523113,110502988.2445588,50517500.00000074,21738311.328073654,0.9999999999999941,0.43031249226650836,49.69820352591612,0.828303392098602,1.6210250612270398
19,200,25,4,500,0,0.46348001880661255,110519748.57789163,50530333.33333396,21738311.32807366,0.9999999999999946,0.4302032045716446,49.69066678729831,0.8281777797883052,1.6358203622522334
20,200,20,2,500,0,0.4027094129505922,110763409.57789162,50715500.00000057,21738311.328073572,0.9999999999999903,0.42863249555014393,49.58135562031456,0.8263559270052426,1.57197133639595
21,200,20,2,500,0,0.3837874238303455,109264556.911226,49567833.33333418,21738311.328073606,0.9999999999999919,0.43855681933659735,50.26149517507231,0.8376915862512052,1.5723244655508286
22,200,20,2,500,0,0.4260953737874238,104126317.57789433,45633500.000001155,21738311.328073632,0.9999999999999931,0.4763673908000281,52.741709567244804,0.8790284927874134,1.6862177792148598
23,200,20,2,500,0,0.4251604388417274,109973279.57789208,50110500.0000007,21738311.328073654,0.9999999999999942,0.43380751196003536,49.93758503046422,0.8322930838410704,1.6044995322508262
24,200,20,2,500,0,0.3495769743143794,108100910.91122577,48676833.3333341,21738311.32807358,0.9999999999999908,0.44658433672568204,50.802532131389306,0.8467088688564884,1.5535533125514136
25,200,20,2,500,0,0.42487228167343255,106333892.91122693,47323833.333334394,21738311.32807369,0.9999999999999959,0.459352292426435,51.64675015316933,0.8607791692194888,1.6531332848340694
26,200,20,2,500,0,0.43648819331105804,102586761.2445614,44454666.666667916,21738311.3280736,0.9999999999999917,0.48899953498859483,53.53322332603756,0.8922203887672926,1.7199082100692265
27,200,20,2,500,0,0.40926867275939005,111781314.4302178,51514833.33333386,21725610.263648637,0.9994157290217506,0.42173503936371237,49.129857060576875,0.8188309510096146,1.5654876552599746
28,200,20,2,500,0,0.3767402867119774,101708040.9112271,43781833.333334364,21738311.32807363,0.9999999999999929,0.4965144141536585,53.99573082715611,0.8999288471192685,1.6738806651541727
29,200,20,2,500,0,0.39920690621418425,99867111.7635529,42392166.666667506,21725610.2636487,0.9994157290217535,0.5124911504165062,54.99107667199268,0.9165179445332113,1.7257177710806006
30,200,20,6,500,0,0.4027094129505922,110820873.5778917,50759500.0000006,21738311.328073576,0.9999999999999906,0.4282609428397308,49.55564617653033,0.8259274362755055,1.5712456034978823
31,200,20,6,500,0,0.3837874238303455,109705114.24455917,49905166.666667506,21738311.328073613,0.9999999999999922,0.43559240014707723,50.05965344293296,0.8343275573822161,1.5665889013302232
32,200,20,6,500,0,0.7206481636024098,101020867.24456012,43255666.6666676,21738311.328073643,0.9999999999999937,0.5025540698653704,54.363025677704506,0.9060504279617417,2.028741847456448
33,200,20,6,500,0,0.736834210362552,93797163.5778913,37724500.000000395,21738311.32807366,0.9999999999999946,0.5762385539390432,58.54974490182194,0.9758290816970323,2.173654135210819
34,200,20,6,500,0,0.8694619860393019,98190765.24455878,41088666.6666673,21738311.328073643,0.9999999999999937,0.5290585723899528,55.929903248252025,0.9321650541375337,2.2248738980887977
35,200,20,6,500,0,0.8733201650417594,95485168.57789145,39017000.00000045,21738311.328073677,0.9999999999999951,0.5571497380135179,57.51469135774837,0.9585781892958062,2.27761814474838
36,200,20,6,500,0,0.43648819331105804,102613098.91122825,44474833.333334655,21738311.32807361,0.9999999999999921,0.4887778030588002,53.519482973134046,0.8919913828855675,1.7195018186436657
37,200,20,6,500,0,0.8395241757128591,101135070.58585796,43373000.00000105,21719261.063536838,0.9991236548115703,0.5007553331228255,54.301638078531546,0.9050273013088591,2.145155743519979
38,200,20,6,500,0,0.7815788695489222,101202836.57789424,43395000.00000118,21738311.328073606,0.9999999999999919,0.5009404615295083,54.26527739440433,0.9044212899067389,2.0867525286792676
39,200,20,6,500,0,0.9206893489422012,89582887.15668383,36996666.66666714,20145472.827402964,0.926726668109967,0.5445212945509337,61.304119283347454,0.9784991885859454,2.3348055731688935
40,200,20,4,400,0,0.36521662108643455,93640091.92898247,44425333.33333444,17390649.062458977,0.9999999999999982,0.39145793081556796,46.922209381557415,0.7820368230259569,1.4604197887648458
41,200,20,4,400,0,0.369093082803256,94344025.92898254,44964333.33333447,17390649.062459003,0.9999999999999997,0.38676541545799775,46.572106254056116,0.7762017709009352,1.4547071860705894
42,200,20,4,400,0,0.4359485349917675,90520275.59564936,42036500.00000108,17390649.06245898,0.9999999999999986,0.41370354483504895,48.5394014886448,0.8089900248107467,1.5759013956705534
43,200,20,4,400,0,0.3918251768266117,99807793.73535131,49171833.33333394,17375408.850829583,0.9991236548115778,0.3533610132663219,44.02261422239757,0.7337102370399595,1.4082242244796288
44,200,20,4,400,0,0.7396220429284611,85070672.06868523,37887666.66666717,17375408.850829564,0.9991236548115767,0.45860329704906605,51.64882201062769,0.8608137001771282,1.967318380744842
45,200,20,4,400,0,0.42318050842948046,99036919.2623146,48557666.66666759,17390649.06245902,1.0000000000000009,0.3581442490192148,44.36527340235959,0.7394212233726598,1.4491171310175122
46,200,20,4,400,0,0.40425689738528053,96647273.7353532,46751833.33333437,17375408.85082957,0.9991236548115772,0.3716519248976871,45.46222392192285,0.7577037320320474,1.4592821693354776
47,200,20,4,400,0,0.9301734242415236,82590243.59564702,35964500.000000454,17390649.062459014,1.0000000000000002,0.4835504195097608,53.199988384966794,0.8866664730827799,2.203680232932112
48,200,20,4,400,0,0.3572700177235088,88846636.5956492,40755000.000001,17390649.06245898,0.9999999999999986,0.4267120368656252,49.453757264854794,0.8242292877475799,1.5228689349635889
49,200,20,4,400,0,0.4237303553416483,96142170.26231617,46341166.666667975,17390649.062458992,0.9999999999999991,0.3752743038937698,45.701069447588615,0.7616844907931436,1.4856342892498078
50,200,20,4,600,0,0.38549402299883884,111689062.22680597,44603166.666668,26085973.59368819,0.999999999999987,0.5848457753826316,59.001301189351494,0.9833550198225249,1.836725663127469
51,200,20,4,600,0,0.362175017268493,120227254.8934698,51140833.33333386,26085973.59368819,0.999999999999987,0.5100811209637685,54.81119905664525,0.9135199842774209,1.6837598983169286
52,200,20,4,600,0,0.4504959355650737,109045718.22680445,42579166.66666758,26085973.5936883,0.9999999999999913,0.6126464098723025,60.431533737930536,0.9928335732177767,1.9334466366806924
53,200,20,4,600,0,0.39096461442559993,115949627.10302821,47901333.33333425,26063113.27624416,0.999123654811569,0.5440999542721914,56.83330049991939,0.9472216749986565,1.7734662528420095
54,200,20,4,600,0,0.3972430355961079,116027594.2268047,47925166.66666754,26085973.593688298,0.9999999999999911,0.5443063719553294,56.795110196964025,0.9465851699494005,1.7792733031097718
55,200,20,4,600,0,0.7951767604066335,103040730.22680286,37981166.666667216,26085973.593688257,0.9999999999999896,0.6868133836600038,63.95335112139828,0.9362346070474876,2.2808620743821244
56,200,20,4,600,0,0.403479789644004,108800261.80758703,42399500.000001036,26080696.994102553,0.9997977227276174,0.6151180319131574,60.56786896022405,0.9905801645803088,1.8861543797548388
57,200,20,4,600,0,0.4217087957189223,110654575.96441117,44429000.00000124,25692110.931058764,0.9849013623656715,0.5782734459712812,59.552891894135655,0.9925481982355943,1.8768757507315414
58,200,20,4,600,0,0.37771498549335336,112880205.80758822,45523500.00000132,26080696.99410254,0.9997977227276169,0.5729062351115751,58.3787029165481,0.9729783819424683,1.8090183555250818
59,200,20,4,600,0,0.47991091451343154,110972766.01824588,44832333.33333443,25590323.093333967,0.9809993482292536,0.5708006072997912,59.38213704537671,0.9897022840896118,1.9262536844428761
60,200,25,4,600,0,0.43997380757227283,125988581.89346816,55553666.666666776,26085973.593688294,0.999999999999991,0.4695634898450431,52.30473984993434,0.8717456641655724,1.6873702636138797
61,200,25,4,600,0,0.41842462647990003,127705318.89346743,56868166.66666661,26085973.59368819,0.999999999999987,0.4587095931295168,51.60160952651668,0.8600268254419448,1.6454191264254583
62,200,25,4,600,0,0.5029853252346129,116337024.22680503,48163500.00000095,26085973.59368831,0.9999999999999916,0.5416129142127917,56.64404813340287,0.9440674688900478,1.880343125494894
63,200,25,4,600,0,0.4036607796811938,121106536.22680211,51815500.00000025,26085973.593688253,0.9999999999999893,0.5034395806985964,54.41324808149876,0.9068874680249793,1.7132999122650503
64,200,25,4,600,0,0.47125797327595814,117753121.10302754,49283666.66666734,26063113.276244186,0.9991236548115698,0.5288387621912025,55.962847848714645,0.9327141308119108,1.827043113840831
65,200,25,4,600,0,0.44865730538919363,118412911.22680473,49753000.00000093,26085973.593688197,0.9999999999999872,0.5243095611056159,55.65102598801987,0.9275170998003311,1.7956220540740175
66,200,25,4,600,0,0.45929403748802655,114619052.80758816,46856333.33333461,26080696.994102567,0.9997977227276179,0.5566098569549871,57.49305930020505,0.9582176550034175,1.8627995780554336
67,200,25,4,600,0,0.4775025971961787,121846385.22680248,52382000.00000037,26085973.593688242,0.999999999999989,0.49799499052514334,54.082851844425875,0.9013808640737646,1.777279453690058
68,200,25,4,600,0,0.4095313146088163,117758023.80758724,49259833.33333427,26080696.99410257,0.9997977227276181,0.52945158822642,55.960517907191765,0.9326752984531961,1.7657678836431483
69,200,25,4,600,0,0.47910833774545336,113471007.22680564,45969000.00000123,26085973.593688212,0.9999999999999878,0.567468807102341,58.074746678050715,0.9679124446341786,1.9009958280615047
70,200,20,2,600,0,0.38549402299883884,111665118.89347267,44584833.33333467,26085973.593688175,0.9999999999999865,0.5850862646195992,59.013952300418886,0.9835658716736481,1.8371289063681662
71,200,20,2,600,0,0.362175017268493,120277535.8934698,51179333.33333383,26085973.593688186,0.9999999999999868,0.5096974089871159,54.78828570146804,0.9131380950244673,1.6830710394826531
72,200,20,2,600,0,0.4157591680128302,105727525.32100269,40140833.33333429,26020707.818935458,0.9974980510304257,0.6482353667861447,62.32813999942304,0.9619408340025114,1.8962882954442573
73,200,20,2,600,0,0.39096461442559993,115971176.1030284,47917833.33333428,26063113.27624415,0.9991236548115685,0.5439125991974519,56.822740110401604,0.9470456685066934,1.7731403622902548
74,200,20,2,600,0,0.39518088585954003,115077043.89347208,47197333.33333443,26085973.593688283,0.9999999999999906,0.552700158067285,57.26424469245353,0.9544040782075588,1.791745090520927
75,200,20,2,600,0,0.42197195268117516,105825435.99930955,41382000.0000011,25277392.548871815,0.9690032253573871,0.6108306159410164,62.270473424205825,0.962865808990115,1.8735022544241033
76,200,20,2,600,0,0.403479789644004,109082793.1409204,42615833.33333437,26080696.994102564,0.9997977227276178,0.6119954710284189,60.41099434891494,0.9931735013135532,1.8862496677802922
77,200,20,2,600,0,0.4217087957189223,110678519.29774454,44447333.33333458,25692110.931058764,0.9849013623656715,0.578034923678767,59.54000868291603,0.9923334780486005,1.8764702127105364
78,200,20,2,600,0,0.37690618302011025,116937440.89347216,48621833.33333442,26085973.593688246,0.9999999999999892,0.5365074042941134,56.35320860153922,0.9392201433589871,1.7453322498143882
79,200,20,2,600,0,0.44711007150702275,106143587.22067101,42161166.66666773,24936035.572148975,0.9559173815226977,0.5914455776164088,62.08382599977424,0.9658657463811614,1.8861322799813114
80,200,20,6,600,0,0.3980807833942765,115294928.22680548,47364166.666667804,26085973.5936883,0.9999999999999913,0.5507533527882403,57.15602673377531,0.9526004455629219,1.7912839111877905
81,200,20,6,600,0,0.362175017268493,120198522.89347,51118833.33333391,26085973.59368819,0.999999999999987,0.5103006444530469,54.82430100942615,0.9137383501571025,1.6841538829880331
82,200,20,6,600,0,0.4504959355650737,108084472.98272918,42696500.000001,25542058.231360827,0.9791491254725757,0.5982237005693729,60.968979337605546,0.9839800508844964,1.9130549469050684
83,200,20,6,600,0,0.8472331316607866,108690008.43636006,42342666.66666722,26063113.276244227,0.9991236548115715,0.6155283860938663,60.629308018302766,0.9895663451987393,2.329222185734619
84,200,20,6,600,0,0.806222103728259,106048012.89346968,40283833.33333387,26085973.593688365,0.9999999999999937,0.6475544017332351,62.1397782023485,0.9649654609559903,2.2892310860708376
85,200,20,6,600,0,0.8787014708479031,105772465.13686779,42155666.66666755,24758417.668877874,0.9491084386771036,0.5873093613878092,62.30165848430317,0.9623654885537515,2.3109144485119018
86,200,20,6,600,0,0.403479789644004,108527782.61512487,42377500.00000113,25961737.895780165,0.9952374521325736,0.6126302376444923,60.71993586535895,0.9880727690229056,1.8816567487825036
87,200,20,6,600,0,0.7805164016845294,113896637.56013829,46293500.00000099,26085973.5936883,0.9999999999999913,0.5634910644839501,57.857722064187676,0.9642953677364613,2.195604621008151
88,200,20,6,600,0,0.8680661825465538,104521225.55715945,39578000.00000085,25790722.738159813,0.9886816240740138,0.6516429010601662,63.04748116827467,0.9504769641978922,2.339857467592579
89,200,20,6,600,0,0.7661916998424216,114086835.76969427,46475000.000000775,26063113.276244204,0.9991236548115706,0.5607985643086341,57.76126540403619,0.9626877567339365,2.1775183080232656
90,200,20,4,700,0,0.4140325637536048,121033345.28684676,45136666.66666777,30306340.631288305,0.9958172849079391,0.6714350630962462,63.51803283450572,0.9430519756068146,1.8942325898374164
91,200,20,4,700,0,0.38536993867426156,123663405.67775191,47133166.66666795,30317385.7220175,0.9961802087064711,0.6432282799164779,62.167137948903346,0.9645255410903145,1.8644781036977585
92,200,20,4,700,0,0.4285850945797188,122819753.62215638,46905833.33333428,30050545.93565295,0.987412285360139,0.6406569034196673,62.59416562298933,0.9576852599018887,1.8987958772173412
93,200,20,4,700,0,0.40482826757294266,107492120.69666329,41660666.666667655,25913188.561896525,0.851465420750084,0.6220060943630902,71.51966069861565,0.825311535634262,1.7277446786976767
94,200,20,4,700,0,0.3867980325922216,124677283.0110841,47932500.000000924,30302719.055351052,0.9956982857862439,0.6321956721504297,61.66159395145415,0.9726867096845999,1.8652412799971654
95,200,20,4,700,0,0.44060708498325774,124606955.92821296,48143333.33333443,30134014.60625129,0.9901549307339689,0.6259228956501544,61.696395219132086,0.9721226944282865,1.9134680959316677
96,200,20,4,700,0,0.37024009580263717,102423114.86670546,38610000.00000099,25383742.41094909,0.8340686774429386,0.6574395858831504,75.0592286712329,0.7780323734738573,1.674224137983015
97,200,20,4,700,0,0.7566512996091052,111741721.28238077,39105000.00000086,29616117.430800848,0.9731376680629982,0.7573486109397827,68.79972772723161,0.8635857088805341,2.226115897241465
98,200,20,4,700,0,0.39298779943256007,109772588.86670578,41085000.00000107,27393075.74428262,0.9000921175150616,0.6667415296162078,70.03387712150172,0.8460039203879324,1.7723849435134587
99,200,20,4,700,0,0.4080496105706746,118568062.52986996,44634333.33333452,29423356.04190612,0.9668038409190486,0.6592090403181109,64.83870813072677,0.922521003308899,1.8579378461340625
100,200,25,4,700,0,0.4357305108395358,138919576.2868422,58833499.999999814,30306340.631288163,0.9958172849079345,0.5151204778109115,55.33993268253405,0.9223322113755674,1.7701591044638325
101,200,25,4,700,0,0.44050885685224955,135669154.01108065,56327333.333333276,30317385.72201762,0.996180208706475,0.5382357716564661,56.66579154294797,0.9444298590491329,1.8155273332265554
102,200,25,4,700,0,0.46879778125841914,129256046.95351186,51434166.66666716,30306340.63128828,0.9958172849079383,0.5892258511292037,59.47729472776611,0.9912882454627685,1.9314667076245506
103,200,25,4,700,0,0.4491207041758682,122557151.93067552,50420333.333334014,27683193.393853422,0.9096249137577465,0.5490482026534212,62.72828536639466,0.9555469090624767,1.8439061753610821
104,200,25,4,700,0,0.4326696448402382,132040419.01108176,53571833.33333347,30302719.05535104,0.9956982857862434,0.5656464819264657,58.22308091399487,0.9703846818999146,1.8555715122813252
105,200,25,4,700,0,0.49077110905843324,130855883.69799486,52701000.00000046,30279670.260936685,0.9949409397195128,0.5745558957313224,58.75012863573518,0.9791688105955864,1.9295846362390776
106,200,25,4,700,0,0.4316970877777483,122379454.78882478,46262333.3333348,30246712.602319647,0.9938580044182757,0.6538086262182774,62.81936795082061,0.9540974481459199,1.9088414368982902
107,200,25,4,700,0,0.4915289172086181,135603424.62017676,56294333.33333345,30306340.631288126,0.9958172849079332,0.5383550854370434,56.69325845961057,0.9448876409935095,1.8671006265517622
108,200,25,4,700,0,0.4637736092555991,114855375.05538796,43638833.33333472,28246815.709475946,0.9281446305023441,0.6472862254064624,66.93461230084033,0.890852088307616,1.872454677888385
109,200,25,4,700,0,0.4546310259550128,126152534.45351325,49003166.66666764,30341173.964621548,0.996961851843493,0.6191676176972429,60.94051168534332,0.984447021687449,1.9344121418002562
110,200,20,2,700,0,0.4140325637536048,120975881.28684649,45092666.66666772,30306340.631288264,0.9958172849079377,0.6720902282253038,63.54820413972782,0.9425778763351478,1.8942826226689957
111,200,20,2,700,0,0.3793198463500555,126038584.3444178,48951833.33333434,30317385.72201754,0.9961802087064724,0.6193309557085077,60.995607337131204,0.9835434574329439,1.8583280683498056
112,200,20,2,700,0,0.40101057136622686,121584041.95351404,45558333.33333461,30306340.631288256,0.9958172849079375,0.6652205735786517,63.230337439672574,0.9475846957862485,1.8807717260153969
113,200,20,2,700,0,0.40482826757294266,107571133.69666326,41721166.666667655,25913188.561896533,0.8514654207500842,0.6211041212948484,71.46712817658505,0.8260344469981881,1.7277460116070094
114,200,20,2,700,0,0.3867980325922216,123753070.34441823,47224833.33333449,30302719.05535101,0.9956982857862424,0.6416691582892532,62.122095060785306,0.96524989654905,1.8653832557726742
115,200,20,2,700,0,0.42670625809433727,126533128.95351335,49347833.33333434,30306340.63128817,0.9958172849079348,0.6141372089545482,60.757210886837385,0.9874591190963008,1.9054751443542766
116,200,20,2,700,0,0.37024009580263717,102995050.70003869,38573333.333334304,25686242.41094907,0.844008337672773,0.6659067337784762,74.64242162849008,0.783456012968046,1.6864214957934642
117,200,20,2,700,0,0.42590469522154867,121249257.36466327,45343833.33333448,30279670.2609367,0.9949409397195133,0.6677792333599776,63.40492442670022,0.9448314374712979,1.9049595193808289
118,200,20,2,700,0,0.39298779943256007,109668312.53337261,41028166.666667804,27378409.077615917,0.899610194594826,0.6673076401402734,70.10046769581291,0.8450655097796318,1.7718994213244106
119,200,20,2,700,0,0.38592646478239057,107566108.87210648,40029000.00000112,26989296.34233066,0.8868245801160254,0.6742435819613257,71.47046667961756,0.8259884863017617,1.7513098166532128
120,200,20,6,700,0,0.4140325637536048,120841145.54087569,45136666.66666779,30212538.900702074,0.9927351119129055,0.6693568916778965,63.619059266527124,0.9414654254057617,1.8909835025016837
121,200,20,6,700,0,0.38536993867426156,124053682.01108491,47432000.00000119,30317385.722017553,0.9961802087064727,0.639175782636549,61.9715584041516,0.9676746953236277,1.8643852601071285
122,200,20,6,700,0,0.4285850945797188,120980752.77785447,46882000.00000098,29168225.530104503,0.9584206653766618,0.6221625683653405,63.545645265709176,0.9426180761596659,1.868933225431657
123,200,20,6,700,0,0.8445988154519567,102866317.08219993,36888500.000000514,26697300.83725293,0.8772300805817718,0.7237296403283558,74.73583402287767,0.7822372202659539,2.205819747980595
124,200,20,6,700,0,0.7402646970938322,120559451.75556692,44821333.333334215,30276048.684999608,0.9948219405978233,0.6754829995760726,63.76770869518333,0.9391358407328225,2.2197869374875125
125,200,20,6,700,0,0.8650909812218687,104936369.69093066,38085666.66666708,26944520.428304344,0.8853533160766803,0.707471413435607,73.26153956576633,0.8016961089615329,2.2327642209318874
126,200,20,6,700,0,0.37024009580263717,101634126.00793655,38635666.666667685,24982322.437578835,0.8208786670470053,0.6466129510101591,75.64191578131606,0.7705131200829948,1.6580435766937591
127,200,20,6,700,0,0.8528278585409286,105089087.28435631,37984833.33333384,27083322.735165592,0.8899141351488062,0.7130035953428402,73.15507441032287,0.8031199168183105,2.2263506516335116
128,200,20,6,700,0,0.8208319270322292,101108526.86670491,37229500.00000088,25622075.744282436,0.8418999248967485,0.6882197113654988,76.03513015410766,0.7654800166148547,2.1368877127394827
129,200,20,6,700,0,0.7779836264997166,109794279.84126905,40601000.00000079,27712155.77091236,0.9105765705756447,0.6825486015347361,70.02004121812492,0.8461990300246999,2.1702215377522056
130,200,20,4,800,0,0.3767016431329821,127543582.60507715,45677500.00000126,33138897.480920646,0.9527792022569531,0.725497180907881,68.88468882988913,0.8623637210289171,1.819463108888204
131,200,20,4,800,0,0.36927899073688436,139184885.41742748,52778000.0000005,34294607.49182974,0.9860071170621548,0.6497898270459171,63.1232333428348,0.9492777097931464,1.8383885621667646
132,200,20,4,800,0,0.439056376366268,133788511.16974467,48805166.666667655,34193165.85476258,0.9830905601037907,0.7006054520476701,65.66931587162206,0.9098381086680446,1.9093788466724488
133,200,20,4,800,0,0.39381619389917505,132713788.07362276,51315000.00000033,32068926.992169328,0.9220163915962214,0.6249425507584356,66.20110937626234,0.9018096403453341,1.7955798748512577
134,200,20,4,800,0,0.3991150697235429,116399438.08391207,41431500.00000117,30406409.183622077,0.874217203579251,0.7338959290303565,75.47974581858666,0.7725985051029948,1.7588303180508227
135,200,20,4,800,0,0.4096937423738889,124299799.09340444,44847000.00000137,32085139.30050446,0.922482513023803,0.7154355765269356,70.68233467857785,0.8369098575965794,1.8189520611920167
136,200,20,4,800,0,0.44097382613326297,123201780.79975303,44737000.00000132,31619371.465633154,0.9090911832005605,0.7067834558784053,71.31228090184888,0.8281690199694094,1.8345696108053966
137,200,20,4,800,0,0.8480213788457971,121692939.374762,42947666.666667916,32023484.646864243,0.9207098749405785,0.7456396850476156,72.19646468513271,0.8160542760859094,2.260587402969799
138,200,20,4,800,0,0.38111705967353293,124427447.84240443,44727833.33333476,32223392.309614494,0.9264574368065065,0.7204326681659102,70.60982244952734,0.8379219056770625,1.7953850998833236
139,200,20,4,800,0,0.4864587007518284,116476064.84240359,43143833.333334476,29352392.30961421,0.843913076625095,0.6803380701671564,75.43008953717239,0.7732381759102581,1.8039673327958115
140,200,25,4,800,0,0.41266685959286825,144118652.256393,56420833.33333347,34381508.34052004,0.9885056106025106,0.6093761171054419,60.96226867546403,0.9840901096670338,1.8842578629442557
141,200,25,4,800,0,0.39809093725704725,131084601.05452894,49899666.66666748,32176819.45072046,0.9251184166604853,0.6448303485805504,67.02389090191653,0.889527506888312,1.8034827230097996
142,200,25,4,800,0,0.49807171423495594,137414258.99568903,51617500.000000626,34171044.7351653,0.9824545539513514,0.6620050319206643,63.93659627619597,0.9364960846528305,1.9641718244243178
143,200,25,4,800,0,0.43824967288891975,132971620.8419275,51841166.666667156,31860284.939934365,0.9160177065705613,0.614574998760973,66.07274502913884,0.9037410423968942,1.8336507142945924
144,200,25,4,800,0,0.4589990666447607,120926552.32407852,44636166.66666798,30574126.561285585,0.8790392598768956,0.6849630881075814,72.65401875060817,0.8098547952490978,1.8168243323799236
145,200,25,4,800,0,0.48708627462071197,128515109.4907447,47780333.33333449,32273626.56128571,0.9279017259612931,0.6754583802530663,68.36394595790878,0.8698807903584266,1.8973337691815915
146,200,25,4,800,0,0.48589931998449354,128256121.54106624,47741833.333334565,32171768.60634253,0.9249731994129925,0.6738695680519537,68.50199346771048,0.8678816763972889,1.8928766508233457
147,200,25,4,800,0,0.48439434245337576,146113131.9230583,57947999.999999754,34381508.3405201,0.9885056106025124,0.5933165655504978,60.130118931585926,0.9978337009602213,1.9568812958539952
148,200,25,4,800,0,0.42944513069605544,134039809.75242484,48781333.33333431,34331896.088704556,0.9870792046173947,0.7037916707628028,65.54619867207818,0.9117069707541507,1.9041854380604484
149,200,25,4,800,0,0.4691263466558986,136099462.36172017,51591833.3333339,33545727.035164334,0.9644759926637559,0.6502138975838676,64.55425941837612,0.926904885202941,1.9162023499259337
150,200,20,2,800,0,0.3767016431329821,129695505.96839198,45633500.00000124,34217173.40249953,0.9837808031088312,0.7498257508737792,67.74174582534249,0.8789483903339265,1.855510634165932
151,200,20,2,800,0,0.369805376134552,133761720.41742934,48625500.0000011,34294607.4918298,0.9860071170621564,0.7052803054329316,65.68246859103046,0.9096386831045742,1.8436683035854715
152,200,20,2,800,0,0.439056376366268,133912874.94315709,48550333.33333438,34416287.42955302,0.9895055470887242,0.708878499211518,65.60832932404273,0.9107633769144114,1.9169225526498939
153,200,20,2,800,0,0.38951891327097043,125981566.80172491,47532833.33333434,31194006.73583283,0.8968614864171738,0.6562623043545094,69.7387738781457,0.8501751448414382,1.7647039015960162
154,200,20,2,800,0,0.3991150697235429,117250429.25057869,41418666.666667834,30829909.183622107,0.8863932873607999,0.7443481807789057,74.93192183734917,0.7796849400144267,1.7742785543610942
155,200,20,2,800,0,0.4096937423738889,125067662.35405879,44572000.00000143,32635170.17442064,0.9382964965025314,0.7321899437857757,70.24837463682616,0.8429848910743687,1.8384305884768781
156,200,20,2,800,0,0.3892836134340885,123944690.13605025,46101000.00000144,31112551.22956501,0.894519552370455,0.6748780119642532,70.88484379892434,0.8340899211461202,1.7632759441516113
157,200,20,2,800,0,0.428927179423664,127777668.73267473,46399833.33333486,32792737.790468536,0.9428267361583944,0.706742577174504,68.75849346086352,0.8641794015803863,1.8585006427436535
158,200,20,2,800,0,0.38111705967353293,124372378.17573772,44685666.66666808,32223392.309614494,0.9264574368065065,0.7211124889326214,70.6410871036469,0.8374853971050155,1.7954924479246455
159,200,20,2,800,0,0.420082514285447,119568944.43452242,43618666.66666806,30559199.170905072,0.8786100812324729,0.7005991128623242,73.47894590481414,0.7987964685345003,1.7793582731098065
160,200,20,6,800,0,0.3767016431329821,126701738.78502212,45677500.00000129,32728041.541411016,0.9409666489119334,0.7165024692991099,69.34237907269036,0.8558104897086506,1.8057141082809207
161,200,20,6,800,0,0.3705903074417249,136047562.9434966,50816333.333334014,34013794.50634176,0.9779334395220173,0.6693476737730253,64.57888557437023,0.9265245281927942,1.8325929746529392
162,200,20,6,800,0,0.439056376366268,132432177.48651692,48735500.000001036,33575621.19075017,0.9653354820214696,0.6889356052723262,66.34188281691956,0.8996962730998002,1.889901133683929
163,200,20,6,800,0,0.8764649724850478,116836263.06927633,41823833.333333984,30369531.512578953,0.8731569305868321,0.726129794716214,75.19754371800295,0.7762408794532839,2.233609687711303
164,200,20,6,800,0,0.8211308242629194,121683667.17802197,42410500.00000088,32361340.903539695,0.9304236083228701,0.7630502093476621,72.20196599718238,0.8159794566956317,2.2475504484366806
165,200,20,6,800,0,0.8109683924811402,118217082.70758788,41492000.00000091,31254936.086343877,0.898613271249707,0.7532761999022267,74.3192083476788,0.7876877905961784,2.2012771429991
166,200,20,6,800,0,0.445586297966997,120930376.03222388,44080666.66666778,30929164.81156024,0.88924699418858,0.7016492070195428,72.65172149682954,0.8098858032091791,1.8167914667918104
167,200,20,6,800,0,0.9072682236979034,111227615.67170696,39908000.00000058,28853392.388988905,0.8295662883357927,0.7229977044449354,78.98937639670046,0.7287025852093684,2.21436897246322
168,200,20,6,800,0,0.91883240404273,109731349.30093068,38967500.000000745,28722609.87518855,0.8258061493861008,0.7370914191361521,80.06645371602556,0.7157381470897728,2.2242436864414246
169,200,20,6,800,0,0.7514448756159788,115901402.84240273,42203333.333334245,29671392.30961424,0.8530846722008073,0.7030580280297039,75.80408678872091,0.7684333505201247,2.0823246485598665
170,200,20,4,900,0,0.4193687017118966,135720565.156936,48011333.33333435,35642067.91455981,0.910887167939769,0.7423678002671394,72.82463043512378,0.8075552214027821,1.8208181633283904
171,200,20,4,900,0,0.3469006876400932,133929425.2905441,47738166.66666777,34942026.8214776,0.8929965547955571,0.7319515863577387,73.79856949701876,0.7945525457739377,1.727014502500222
172,200,20,4,900,0,0.4099029953268681,131521698.59875152,46509833.33333451,34549872.913005546,0.8829744661799104,0.7428509292946224,75.14957687821273,0.7768616912717843,1.7810454300343503
173,200,20,4,900,0,0.3590768058533982,118427497.96713793,44342833.33333445,29540551.96053394,0.7549536625992559,0.6661854856786297,83.45865757243833,0.6763952893979778,1.5684204837942797
174,200,20,4,900,0,0.38010146102444087,135720328.9138553,46401666.666667834,36667928.54100487,0.9371045940151435,0.7902286959736492,72.82475719811633,0.8075535152693092,1.8198379330726695
175,200,20,4,900,0,0.4270189308110959,131759781.57216957,47050666.66666779,34321349.06726832,0.8771341922892573,0.7294551065645722,75.01378555782051,0.77862186690559,1.7892048829683438
176,200,20,4,900,0,0.39044823711607723,121137111.8593815,42304166.66666785,32162373.609587368,0.8219582960698597,0.7602649134542256,81.59184124740668,0.6977712019970388,1.6964313698764966
177,200,20,4,900,0,0.44881228908497217,137220238.84353584,48348666.66666754,36158962.1816498,0.9240971858377923,0.7478792007014838,72.02873339456809,0.8183387650488088,1.865454414694968
178,200,20,4,900,0,0.4193896822956016,124483966.67391557,44210833.33333443,32580503.501177277,0.8326442403785431,0.7369348425425851,79.39817684224757,0.7237545616109711,1.732692117940641
179,200,20,4,900,0,0.7662040296236543,124381075.51020285,44040333.333334304,32638962.181649663,0.8341382407273622,0.741115239401358,79.46385701729393,0.7229627229859185,2.0820589441306594
180,200,25,4,900,0,0.45033704335547126,157488683.3026054,61121499.999999516,37910527.559430785,0.9688610988142479,0.6202486450664837,62.75879506217504,0.9550611418197106,1.9015971012283688
181,200,25,4,900,0,0.40770278873785465,143736572.77174357,52383833.333333924,36768156.71306771,0.9396660771484161,0.7018989328081621,68.76329252469142,0.864110283476159,1.8333322184605434
182,200,25,4,900,0,0.48764685382649,145156343.59103763,53419666.66666711,36800842.162536114,0.9405014034423475,0.6889006326484467,68.0907203604311,0.8738510516172816,1.912618411562529
183,200,25,4,900,0,0.4379464277967016,142123363.15473267,52647833.333333716,35812571.73648863,0.9152446520187498,0.6802287856699714,69.54380884752425,0.8529422118033013,1.83507166813598
184,200,25,4,900,0,0.4088367213079151,142951532.79536793,50165500.000000715,37798953.86141184,0.9660096635370167,0.7534850417400664,69.14091655210476,0.8586888817119256,1.8703136364118937
185,200,25,4,900,0,0.45620036892699595,137145147.48958635,49965666.66666755,35092559.04811325,0.8968436344300078,0.7023334499312053,72.06817142947396,0.8178010472429349,1.8358681761148952
186,200,25,4,900,0,0.44335930901950393,130761235.16578303,47083666.66666809,33813876.60604137,0.8641649629470504,0.7181657462115033,75.58662158145738,0.7712235291528186,1.7891154351415253
187,200,25,4,900,0,0.48860810457561066,148145153.34280512,55056833.33333361,37216005.69845676,0.9511115380274996,0.6759561610297826,66.7169986798628,0.894088980502808,1.9234620139022447
188,200,25,4,900,0,0.4578978570943358,134055564.58370164,48836333.33333431,34304528.99806336,0.8767043298794952,0.7024386692570971,73.72912889288345,0.7954726482551001,1.8153214407551137
189,200,25,4,900,0,0.466072414142985,126388751.02241135,47298166.6666679,31543197.668329537,0.8061343146740331,0.666901063853681,78.20157980869197,0.7383334970165437,1.7379267622424734
190,200,20,2,900,0,0.4192599867163282,136775549.88887948,47787666.666667864,36299507.34775162,0.9276890309749769,0.7595999110178507,72.26291547012528,0.8151509855938844,1.8420909011244935
191,200,20,2,900,0,0.3469006876400932,135080500.12387776,47190000.00000122,35853193.48814438,0.9162828025663321,0.7597625235885455,73.16970244362362,0.8029241396031152,1.7576348461140447
192,200,20,2,900,0,0.4099029953268681,131444398.44224009,46614333.333334565,34445540.479373656,0.8803080924099307,0.7389474012865731,75.19377103272443,0.7762896895301182,1.777350605886245
193,200,20,2,900,0,0.3590768058533982,120117782.28463416,44359333.33333449,30354966.463948384,0.7757672619202205,0.6842971745280421,82.28423645534095,0.6897652608616326,1.5962798063374644
194,200,20,2,900,0,0.3779233087217348,136091344.22189292,45983666.6666679,37115426.495147154,0.9485410837576761,0.8071436922199802,72.62622069398297,0.810230088670225,1.8338683511679439
195,200,20,2,900,0,0.4270189308110959,132360621.3606467,46508000.00000133,34960471.7881778,0.8934679439282126,0.7517087767303863,74.67326685532348,0.7830533518377969,1.8114393040332017
196,200,20,2,900,0,0.39044823711607723,121829521.84058252,42267500.00000116,32523670.167844012,0.8311917782439494,0.7694722935551693,81.12811944655944,0.7031849576593877,1.7092110296196004
197,200,20,2,900,0,0.416025082055186,137716090.6224269,49346000.000000924,35765274.746587515,0.9140359056214763,0.7247856917802222,71.76939132768582,0.821883581642679,1.817737217122043
198,200,20,2,900,0,0.3801506096445122,131362591.17391643,45580333.33333468,35064670.16784427,0.8961308917455454,0.7692938511750661,75.24059864892908,0.7756840626339762,1.7712697532185413
199,200,20,2,900,0,0.38115546482041,116583041.67687057,42300500.00000128,29942128.848316066,0.76521656975994,0.7078433788800407,84.77905412173588,0.6616727137762601,1.6091028817007027
200,200,20,6,900,0,0.42821028465504246,133776756.29804096,46946166.66666778,35372325.99546337,0.9039935035948888,0.7534656928779246,73.88279005644226,0.7934380338321513,1.8244208727895335
201,200,20,6,900,0,0.3469006876400932,130969840.01385956,47835333.333334394,33435689.611447595,0.8544998200242837,0.6989747385777638,75.46622946896836,0.7727725699000898,1.678853048402394
202,200,20,6,900,0,0.7379723392978652,113045407.10359856,40571666.666667685,29317542.103592917,0.7492543070652667,0.7226112337080601,87.43212354432195,0.6330524131556488,1.949113739419962
203,200,20,6,900,0,0.8029248716588189,123481008.4623097,41796333.33333389,33629980.703908265,0.8594652239226115,0.8046155732298962,80.04307806586182,0.7160170488244102,2.1626343790671463
204,200,20,6,900,0,0.8019325689623514,128636314.6805258,43235500.00000095,35228689.61144794,0.9003226576899159,0.8148093490637823,76.83522358788707,0.7553401814159184,2.2091202296292956
205,200,20,6,900,0,0.9379323726913936,109966580.02006258,38036166.66666712,29431029.61772948,0.7521546528195082,0.7737643458041022,89.88003444498115,0.6077445860065432,2.1646884353412186
206,200,20,6,900,0,0.46825196423494836,125302547.85938156,44504166.66666787,32793040.27625409,0.838075940402146,0.736853259648045,78.87948145389598,0.7300384870584351,1.7877730590118195
207,200,20,6,900,0,0.8830800699780247,136895609.64586374,48422000.00000058,35953787.69116425,0.9188536401765284,0.7425093488737312,72.19953967529328,0.8160124545097688,2.2931000035867783
208,200,20,6,900,0,0.920527881866418,113597218.24936242,40062000.0000008,29911703.066224076,0.7644389926971119,0.7466352919530598,87.00741226165962,0.6375493853754843,2.1553855008043503
209,200,20,6,900,0,0.7805558327969706,113213481.34353553,41820166.666667424,28603795.51498265,0.7310134291710776,0.6839713419358794,87.30232374012553,0.6344233968873595,1.9621563032330336
210,200,25,6,900,0,0.45033704335547126,156944804.30832863,61121499.99999948,37645091.25182876,0.962077470909167,0.6159058801212189,62.976280378053225,0.9516055455467874,1.8946672929992339
211,200,25,6,900,0,0.42666243816581945,138295460.95720893,51698166.66666715,34549693.48814425,0.8829698807051236,0.6682962997684108,71.46872306285036,0.8260124901067758,1.787311968087324
212,200,25,6,900,0,0.48764685382649,143741500.6634672,53386666.6666671,36131371.72448313,0.923392069808864,0.6767864334006526,68.76093511184574,0.8641442352211796,1.8932202357681915
213,200,25,6,900,0,0.4380366153868892,143445025.98806524,52512166.666666836,36544071.736488685,0.9339392452995117,0.695916281048936,68.9030514088536,0.862099841044894,1.856869481270932
214,200,25,6,900,0,0.4088367213079151,141551489.8471918,50149000.000000745,37126189.61144779,0.9488161515385015,0.7403176456449228,69.82476843352053,0.8489575104064511,1.8500483482303043
215,200,25,6,900,0,0.49409731103653276,151480795.15720707,58393499.999999814,36717203.91599519,0.9383639010475442,0.6287892302395867,65.24787508371983,0.916251320365407,1.9133800155936092
216,200,25,6,900,0,0.5198117148249394,137563451.99026826,50594500.00000063,34895901.247893274,0.8918177457210515,0.6897172864222956,71.84902571868592,0.8207934685818339,1.8923790125446098
217,200,25,6,900,0,0.4921232685885859,148222012.19702917,55682000.00000021,36855044.83342865,0.9418866350036145,0.6618843582024444,66.68240333198028,0.894604651142205,1.9162354062927465
218,200,25,6,900,0,0.8659606977995138,137225545.02604654,48420166.66666735,36116873.60958753,0.9230215484673587,0.7459056028910891,72.02594821630312,0.8183767529195235,2.2810619330319084
219,200,25,6,900,0,0.8918884844769174,119531034.34353665,44726000.00000107,29835795.514982805,0.762499059959731,0.6670794507664913,82.68814918470119,0.6851374391539286,2.110689484244039
220,200,20,8,900,0,0.42821028465504246,130509691.26541813,46931500.000001125,33787206.246338665,0.863483361405979,0.7199259824710025,75.73230695871675,0.7693532008874394,1.773504271519284
221,200,20,8,900,0,0.36125518709699,132487257.0138592,48715333.33333427,33615356.27811415,0.8590914745142921,0.690036462402943,74.60189170469488,0.7839854152949235,1.697269772314268
222,200,20,8,900,0,0.7407428766170365,119050489.46317036,43327166.66666775,30491968.340572707,0.7792685529143321,0.7037609584572868,83.02191821779672,0.6813367259480246,1.9850883693308905
223,200,20,8,900,0,0.7928509480746098,126506957.73270062,43325333.33333389,34132213.63235678,0.8723005490484492,0.7878119106378795,78.12850911238971,0.7392332204793459,2.162333697064259
224,200,20,8,900,0,0.8821975980761982,129748458.59765007,46112000.00000108,33938028.27280627,0.8673378473151956,0.7359912446392582,76.17662750545392,0.763676920314117,2.234667514101722
225,200,20,8,900,0,1.0,98475182.52006252,35786666.66666711,25256529.6177293,0.6454689663526069,0.70575250422119,100.36843544805166,0.5102740944843945,2.0748760978613463
226,200,20,8,900,0,0.9299860382032257,103037996.27985227,36600666.66666748,26964548.046127707,0.6891199709116664,0.7367228660532716,95.92383738864153,0.549508727225245,2.0688730582710884
227,200,20,8,900,0,0.8413601649674168,120860693.90233207,40652333.33333416,33080322.060678363,0.8454178626397165,0.813737351542208,81.77844823551263,0.6956044235038196,2.187954469705003
228,200,20,8,900,0,0.9833912350430667,110406833.24936217,40018000.00000073,28382703.066223953,0.7253630759147671,0.709248414868895,89.52163293803284,0.6113857263558944,2.162175693294077
229,200,20,8,900,0,0.8492547371168263,109388634.67686965,42124500.00000096,26543128.848315928,0.6783499633876806,0.6301114279888266,90.35490779454751,0.6029535420542942,1.9562974215621818
230,200,25,8,900,0,0.45033704335547126,156686219.9749954,62885166.66666633,36394757.918495305,0.9301233039480644,0.5787494865269579,63.08021216911924,0.94995860455903,1.8632952371360676
231,200,25,8,900,0,0.45129627097620983,146218577.62387502,54462833.33333363,36654360.15481088,0.9367578333023988,0.673016035182599,67.59606173590723,0.8810851299573212,1.8707942290796105
232,200,25,8,900,0,0.7465327321345527,120342333.91603073,44440000.00000124,30414036.399557516,0.7772768838222484,0.6843842574157666,82.13069896829867,0.6915326015860235,1.9855727396531895
233,200,25,8,900,0,0.8882863019031131,121266077.43693122,41977833.333334126,32434208.77025987,0.8289054563817977,0.772650853909228,81.50506892696703,0.6987810524855017,2.205188037515997
234,200,25,8,900,0,0.8133535976771274,137471620.99194103,48830833.33333421,35975216.84981558,0.9194012948659822,0.7367315770394034,71.89702084461065,0.8201371630143531,2.2228760223230033
235,200,25,8,900,0,0.833564594713875,131476742.44703709,48596166.666667424,33199031.452920683,0.8484516614183584,0.6831615275468265,75.17527294975004,0.7765290576117957,2.156622874363132
236,200,25,8,900,0,0.5198117148249394,136574748.15693504,50565166.66666732,34432067.914559916,0.8799637805580625,0.6809444165692352,72.36916145466908,0.8137088208555566,1.8782760689358842
237,200,25,8,900,0,0.8401471094677936,145034053.10578254,52957666.66666703,37035630.60311457,0.9465017785669382,0.6993440786624721,68.14813340968357,0.8730152773262105,2.2726376497239817
238,200,25,8,900,0,0.9546375602064324,118984070.859381,43890000.00000099,30101706.94292057,0.7692948302864607,0.6858443140332624,83.06826223554728,0.6808106644505162,2.1841236758835585
239,200,25,8,900,0,0.8286355984800257,118486364.34353647,45859000.00000099,28603795.51498265,0.7310134291710776,0.6237335204645114,83.41719365566111,0.6768628842484533,2.004485299100088
240,200,20,10,900,0,0.8596405264060011,115650242.76874514,42001666.666667454,29677354.531678416,0.7584498600391851,0.7065756406097661,85.46285561858872,0.6541746416723663,2.0790756805661803
241,200,20,10,900,0,0.7932771651878006,116640023.19658133,44011000.000001214,28879692.79156195,0.7380644030233259,0.6561926062021121,84.73763746893434,0.6621296092680465,1.9803608594175368
242,200,20,10,900,0,0.9891414141414159,104031285.34058154,40826500.0000008,24755836.834510244,0.6326730019768144,0.6063668655042623,95.0079581122356,0.5579611355729769,2.0321960421178025
243,200,20,10,900,0,0.920094101020431,121313726.02604645,43638833.33333399,31397873.609587394,0.8024203376786896,0.7194938821978952,81.47305604872705,0.6991539851778891,2.194843191956636
244,200,20,10,900,0,0.8171212455252723,104170325.51385799,37891333.33333397,26694522.944780566,0.6822190694143582,0.7045020746550694,94.88114730605443,0.5591416409975742,1.9398645462469022
245,200,20,10,900,0,1.0,104928799.86324592,39686166.66666729,25920692.79156179,0.6624426647898694,0.6531417611903741,94.19530207990172,0.565569720321853,2.0880831292741524
246,200,20,10,900,0,0.9457128653197783,104035890.71915866,37885833.333334275,26632418.603784733,0.6806318986749368,0.7029650996313681,95.00375237504315,0.5580002475754146,2.0660851926002874
247,200,20,10,900,0,0.8592131132966536,123237931.98822322,43358333.333334215,32515754.99669137,0.8309894940259777,0.7499309243903295,80.20095631712246,0.7141354667584103,2.1732933195673274
248,200,20,10,900,0,0.984276852851999,118322873.24936269,43318000.00000086,30142703.066224027,0.7703425484699823,0.6958470627966072,83.53245428016375,0.6755638717105474,2.216518374799832
249,200,20,10,900,0,0.9590678170966356,101895068.0102025,40965833.33333414,23624462.181649238,0.603759004733618,0.5766869671469828,96.9997880467616,0.5397424842897025,1.9601598751039244
250,200,20,8,800,0,0.3767016431329821,123837007.48691757,45662833.33333464,31339277.934071764,0.9010381907402036,0.6863191713334521,70.94648181746601,0.833233500288394,1.758990480488138
251,200,20,8,800,0,0.3705903074417249,134902674.8588097,50843833.333333984,33437511.888144143,0.9613646899564351,0.6576512763883601,65.12695177612522,0.9180997847640848,1.8148111133164977
252,200,20,8,800,0,0.7742955353271247,126129756.64838171,48040666.66666746,30942644.858489726,0.8896345601408648,0.6440927448652367,69.65683779516533,0.8513369382878504,2.1409066695071646
253,200,20,8,800,0,0.8660147242287906,115256223.06927633,41862333.33333397,29573864.845912166,0.8502806519669506,0.7064552424831803,76.22842191105963,0.7630179682359227,2.1941968864512575
254,200,20,8,800,0,0.9622564931650268,115892670.19325659,40929166.666667536,30479263.962869994,0.8763118574068989,0.7446832282488692,75.80979871590893,0.7683602000796463,2.326363275843769
255,200,20,8,800,0,0.8756972336583194,105883659.66087292,39209500.00000058,26690525.13138308,0.7673815116251068,0.6807157737635696,82.97597597343538,0.6818586280397348,2.10212848070891
256,200,20,8,800,0,0.445586297966997,118440835.3424034,44018333.333334416,29753892.309614267,0.855456636573837,0.6759431822258953,74.17880813319937,0.7895331410631959,1.775873984810909
257,200,20,8,800,0,0.9453964768317846,106105463.3009299,39044500.0000005,26903943.208521906,0.7735175125406658,0.6890584642784915,82.8025223836236,0.6838326604696646,2.1804759087242425
258,200,20,8,800,0,1.0,122386535.57435656,44533500.000000924,31351204.44494225,0.901381090847832,0.703991477088969,71.78730861829276,0.8216381861683969,2.3848313678395723
259,200,20,8,800,0,0.9167035580610802,110974924.50906946,41877000.0000009,27475058.976280887,0.7899377095588392,0.6560894757571053,79.16923610326023,0.7265214521065825,2.168096590773347
260,200,25,8,800,0,0.41266685959286825,144099497.58972642,56406166.666666836,34381508.34052002,0.98850561060251,0.6095345663834613,60.97037218696302,0.9839572088832657,1.884251721582903
261,200,25,8,800,0,0.4156867204461754,137146579.9267347,52858666.66666699,33249305.967171066,0.9559535658432081,0.6290227897128985,64.06138603451488,0.9345503567440037,1.853455308960498
262,200,25,8,800,0,0.8003696402427875,131712735.14838046,51106000.00000038,31714478.1918231,0.9118256046085357,0.6205627165464498,66.70425597116628,0.8942788859251286,2.191098699405076
263,200,25,8,800,0,0.9318781259662557,123507513.73594406,46806833.33333423,30450198.179245595,0.8754761846404596,0.6505502724868166,71.13575307477906,0.8306091891495955,2.2829275331053047
264,200,25,8,800,0,0.9310925740774852,136730587.6127634,51034500.00000042,34208978.66248361,0.9835451954559343,0.6703108419301321,64.25628788257961,0.9315195221755895,2.3988607697971807
265,200,25,8,800,0,0.8681322290440044,125353807.52188706,47298166.66666748,31038100.79154913,0.8923790216246361,0.656222069034711,70.08801865444717,0.8452408655622311,2.2383507498340043
266,200,25,8,800,0,0.4973525698816811,124016174.34240359,47023166.66666777,30560558.97628098,0.8786491771101202,0.649904316162181,70.84398504136054,0.8346581125520289,1.8519341353634549
267,200,25,8,800,0,0.8097988499162875,140804406.26582253,53973333.33333348,34324011.51740154,0.9868525146510025,0.6359438892799182,62.39719503815399,0.9608343564975582,2.2793883178377805
268,200,25,8,800,0,0.6375849203574547,122207463.69539005,46849000.00000133,29788841.562738914,0.8564614654620264,0.635847970345964,71.89249931492867,0.8201989699186029,1.9664622665528286
269,200,25,8,800,0,0.8668932024930668,130625429.49258886,50255333.3333342,31726027.73348901,0.9121576664431582,0.631296732688175,67.25949177069285,0.886041464765085,2.257972053408692
270,200,20,10,800,0,0.8068581713273592,121624117.02911808,47279833.33333423,29228642.278728437,0.8403551291775524,0.6182052731163298,72.23731784952312,0.8154988252152091,2.1169212150356325
271,200,20,10,800,0,0.7658493933316469,134260710.9530648,50770500.000000656,33170947.431135137,0.9537006730456333,0.6533508126005201,65.43835450917106,0.9133471489275569,2.20187719233962
272,200,20,10,800,0,0.9660190946731045,117289780.67573646,44086166.66666764,29148892.30961438,0.8380622311716287,0.6611800143570448,74.90678172797968,0.7800116978768112,2.2749748040355513
273,200,20,10,800,0,0.87409296546258,107712459.2524238,40348000.0000007,26857396.088704,0.7721792324209666,0.6656438011476042,81.56716559047739,0.6980582270606869,2.10466623344135
274,200,20,10,800,0,0.9525137362305365,119273483.52659039,43851500.00000097,30266597.296203256,0.8701974603564224,0.6902066587506148,73.66096587630331,0.7963768586939787,2.301055921925007
275,200,20,10,800,0,0.9502766138000132,93130499.29009609,35805000.000000566,22636409.28424945,0.6508212891580455,0.6322136373201813,94.33859011785971,0.5642206755536008,2.020268199209759
276,200,20,10,800,0,0.8914073929667591,119806921.05800565,42714833.33333406,31251430.970231064,0.8985124953643382,0.7316294722808361,73.33299213779371,0.8007419563969264,2.2774529271883543
277,200,20,10,800,0,0.9616368726139702,114407422.67592454,42599333.33333392,28689861.725682013,0.8248646046114082,0.6734814721438901,76.79396838513739,0.7558597218821651,2.2562817722112474
278,200,20,10,800,0,0.9681888355276318,122051078.70899205,44722333.33333428,31067127.72522625,0.8932135774130046,0.6946669685964265,71.98461572755203,0.8189407062760897,2.3428631166808627
279,200,20,10,800,0,0.9849888657185922,104157023.67573598,41457166.666667506,24415225.64294741,0.7019641864791658,0.5889265380641122,84.35148864614405,0.6664046941561945,2.1225347903260765
280,200,20,8,700,0,0.4166663976398249,114734393.07581589,43178666.66666772,28480179.474123422,0.9358125859752402,0.6595891367833512,67.00519167709321,0.8898047746724702,1.834142481738976
281,200,20,8,700,0,0.38536993867426156,123458666.581729,47468666.66666782,30003621.887941223,0.9858704371258807,0.6320721434758471,62.27023353529188,0.962869658678364,1.8538973121333033
282,200,20,8,700,0,0.792088655379648,114598929.49986207,44410666.66666787,27628810.23256421,0.9078379711281958,0.6221210422247687,67.08439628146137,0.8886309390337784,2.178416428193241
283,200,20,8,700,0,0.9002476874999803,103062580.01210418,38236000.00000058,25934210.51509772,0.8521561680961579,0.6782668300841439,74.59351395139834,0.7840948902109848,2.22695604177828
284,200,20,8,700,0,0.9055875374602745,118018992.6289956,43389500.00000065,29948823.310066696,0.9840698445799272,0.6902320448510871,65.14036282420544,0.9178945963572706,2.3756677696984148
285,200,20,8,700,0,0.9232305694773768,101325653.91683851,38034333.3333341,25215055.108265176,0.8285258857941272,0.6629550960517604,75.87219724542459,0.7675615396682005,2.2211561859869855
286,200,20,8,700,0,0.7381134358367587,96163522.8654412,35561166.66666721,24272070.537874892,0.7975409395737753,0.6825442698601335,79.94507450353407,0.7171875415258301,2.0013363932506953
287,200,20,8,700,0,0.9077821499054566,100621492.52415596,37202000.000000656,25401910.13054493,0.8346656392939586,0.6828103362868793,76.40316007193402,0.7607990615933831,2.2148294805283433
288,200,20,8,700,0,0.9014440940080577,106019211.0333718,39801666.66666757,26379242.410949238,0.8667791956538553,0.6627672813772113,72.51327306689824,0.8117567512588331,2.2434146703686597
289,200,20,8,700,0,0.9420868899293663,100549916.50793533,38987666.66666732,24228822.43757898,0.7961198770199664,0.621448383785776,76.45754732569354,0.760109744530717,2.199355341488704
290,200,25,8,700,0,0.46786990931069294,136032010.2868428,56622499.999999925,30306340.631288197,0.9958172849079355,0.5352349442586999,56.51463933958767,0.9419106556597945,1.8379685203774474
291,200,25,8,700,0,0.44050885685224955,137584620.67774603,57793999.99999964,30317385.72201765,0.996180208706476,0.5245766986541481,55.8768848010022,0.9312814133500367,1.7914516291256048
292,200,25,8,700,0,0.46879778125841914,129483508.62017831,51608333.33333377,30306340.63128834,0.9958172849079403,0.5872373447044357,59.37281188874084,0.9895468648123473,1.928134521834315
293,200,25,8,700,0,0.9462655164051926,102798456.86670479,39502833.33333412,24998742.410949223,0.8214182007867892,0.6328341615398573,74.7851692945985,0.7815942865328985,2.234127132169977
294,200,25,8,700,0,0.7857322784215948,123238849.67775053,46832500.00000091,30302719.055350926,0.9956982857862396,0.6470446603395149,62.38130281240325,0.9610888868132226,2.2644568935064293
295,200,25,8,700,0,0.8744101771276361,123876402.03132892,47356833.3333341,30279670.260936726,0.9949409397195141,0.6393938979788816,62.06024613191235,0.9662454040897965,2.352170699600538
296,200,25,8,700,0,0.4271479937452521,128778767.5408745,51469000.00000066,30051205.567368645,0.9874339597903237,0.5838700104406197,59.697729267053944,0.9949621544508991,1.8892061565486469
297,200,25,8,700,0,0.8497913018877412,118926742.93714449,45780166.66666788,28868966.29435831,0.9485874914131667,0.6305998513408108,64.64315603146703,0.9255325903078461,2.279803773268236
298,200,25,8,700,0,0.8033241343490443,114114206.48379001,44005500.00000141,27651386.115398422,0.908579778086082,0.6283620482757277,67.36935073103326,0.884420622515984,2.1904343954856107
299,200,25,8,700,0,0.7959397666775001,123952142.12017924,47318333.33333418,30341173.96462182,0.9969618518435018,0.6412139191565203,62.02232465289873,0.9668562880298691,2.2757671900325853
300,200,20,10,700,0,0.9120619376826866,113370337.14396374,45167833.33333417,26546598.410912875,0.8722782428507572,0.5877323850139453,67.8113887077677,0.8779287738668838,2.2601766195607267
301,200,20,10,700,0,0.3907756187461087,124263571.59059408,48508166.6666676,29733889.339803413,0.9770074623112776,0.6129666689760729,61.8668842493009,0.9693643442649353,1.8505132981919024
302,200,20,10,700,0,0.7847232661263974,114429276.49986175,44608666.66666777,27419810.23256414,0.9009705695148529,0.6146745079258917,67.18385569805895,0.8871591140151714,2.163621986482282
303,200,20,10,700,0,0.9107945572098209,104051604.36670333,39204000.00000037,25799909.077616025,0.8477432403045992,0.6580937934296445,73.88449266871763,0.7934155188626693,2.230685110816206
304,200,20,10,700,0,0.893024086158365,122327556.9623292,46751833.333334014,29908489.976733375,0.9827445565492829,0.6397287088934039,62.84601925277932,0.9536737432687988,2.358480796541887
305,200,20,10,700,0,0.9061385079728801,101376502.74248138,38875833.33333405,24703512.80745654,0.811717434014868,0.6354465149503183,75.83414096981332,0.7680485363209012,2.1825442562540363
306,200,20,10,700,0,0.9027178228392909,103624612.03210807,38826333.333333924,25832237.204541594,0.8488054902137138,0.6653277553346406,74.1889387978402,0.7893998440588242,2.224379871165828
307,200,20,10,700,0,0.9618519301623252,102049750.85748936,38232333.333334,25442243.4638783,0.8359909273246044,0.6654640521690502,75.33384388890742,0.7744795180839951,2.2687026899815605
308,200,20,10,700,0,0.9606336276847739,110257052.70003895,42005333.33333436,27042909.07761594,0.8885862077944642,0.6437970355577532,69.72615185819568,0.850354012448686,2.3260252685796625
309,200,20,10,700,0,0.9552609839748338,96704930.67460175,38479833.3333339,22675989.104245715,0.7450962878401486,0.5892954085277236,79.49749765984888,0.7225574877572379,2.1492547985542507
310,200,20,8,600,0,0.9017092580817897,91135398.24655196,34167833.33333379,22706218.275524724,0.8704378310425978,0.6645495502746077,72.3077983614267,0.8145414413885165,2.2478903396899925
311,200,20,8,600,0,0.3436186233437685,117620871.76969503,49181000.00000091,26063113.27624409,0.9991236548115662,0.5299427273996788,56.02577077394064,0.9337628462323441,1.7013356514958557
312,200,20,8,600,0,0.8892991907140045,107039136.68491167,42108000.00000086,25406989.760000676,0.9739713056425031,0.6033767873088287,61.564397883721945,0.9742636753522061,2.3462642959132736
313,200,20,8,600,0,0.8727758215872107,106876764.30246724,43314333.333334,24558847.390173055,0.9414579563982629,0.5669912359305082,61.65792951357038,0.9727461173325118,2.299114927664129
314,200,20,8,600,0,0.8352359561061883,110187815.22680347,43453666.66666729,26085973.593688395,0.9999999999999949,0.6003169719552939,59.80516072885175,0.9967526788141959,2.312242212484619
315,200,20,8,600,0,0.8977024925313823,100033953.95812924,38657666.66666716,24187347.303462148,0.9272165831416103,0.6256804765797688,65.87563261528443,0.9067149008985935,2.304961774693791
316,200,20,8,600,0,0.8803301811875643,103831870.47819893,39664166.66666754,25399366.590952657,0.9736790731513278,0.6403605250150748,63.46606268047177,0.9438691720781821,2.336487773277806
317,200,20,8,600,0,0.8441848712961832,119813035.22680211,50823666.666666865,26085973.593688346,0.9999999999999929,0.5132642980046351,55.000693267854594,0.9166782211309099,2.1714745308308014
318,200,20,8,600,0,0.9523257246294798,111091621.25041817,44667333.33333427,25753497.926019777,0.9872546191739919,0.5765622436833608,59.31860500213192,0.9886434167021986,2.4022189362783672
319,200,20,8,600,0,0.873677593960151,99351577.7401613,39799833.33333391,23126319.54131724,0.8865423196975337,0.5810657383318247,66.32808607463289,0.8999031781809598,2.2384333628065707
320,200,25,8,600,0,0.43997380757227283,127844190.22680084,56974499.999999955,26085973.593688376,0.9999999999999941,0.4578534887307198,51.545557043377755,0.8590926173896293,1.665349215946478
321,200,25,8,600,0,0.3955944757739966,124077903.89346816,54090666.666666776,26085973.5936882,0.9999999999999875,0.48226385809667993,53.11018153286926,0.8851696922144877,1.6665752544658283
322,200,25,8,600,0,0.5029853252346129,116886479.6849122,48792333.33333423,25953323.093334008,0.9949148725510243,0.5319139569741188,56.37777797538218,0.9396296329230364,1.8681461237369443
323,200,25,8,600,0,0.754846727551236,109614782.10302734,43052166.66666741,26063113.276244227,0.9991236548115715,0.6053844740971714,60.11780412797083,0.9980385240802706,2.237192830909244
324,200,25,8,600,0,0.8422732099466229,115300277.89347118,47369666.666667566,26085973.5936883,0.9999999999999913,0.5506894058860693,57.15337482610824,0.952556247101804,2.2353809817572823
325,200,25,8,600,0,0.8161220416089907,120536684.89346886,51379166.666666895,26085973.59368831,0.9999999999999916,0.5077149997960559,54.67049310194743,0.9111748850324571,2.1334689264782924
326,200,25,8,600,0,0.46225991949502304,116951133.47425397,48642000.000001006,26080696.994102556,0.9997977227276176,0.5361764934439789,56.34661079578764,0.939110179929794,1.83031129418
327,200,25,8,600,0,0.8254660236305202,118132774.22680384,49538500.00000065,26085973.59368839,0.9999999999999947,0.526579803459694,55.782995389139025,0.9297165898189838,2.1764464562172594
328,200,25,8,600,0,0.8096551032041508,110988880.84873232,44762666.666668035,25643486.993034054,0.9830373745083628,0.5728766604543951,59.373515163030554,0.9895585860505093,2.257515017618176
329,200,25,8,600,0,0.8229440806945307,118259673.89347017,49635666.66666724,26085973.593688313,0.9999999999999918,0.5255489720500987,55.72313691593786,0.9287189485989643,2.172102206933574
330,200,20,10,600,0,0.865547165469468,105994316.90649775,43477500.00000091,24024175.324464317,0.9209614215923663,0.552565702362459,62.171257783689974,0.9644593152660563,2.2720590426254916
331,200,20,10,600,0,0.8971157208830428,125579635.76969098,55274999.99999991,26063113.27624413,0.9991236548115677,0.47151720083662,52.47506858584526,0.8745844764307543,2.148913957983093
332,200,20,10,600,0,0.9940054558375161,99695666.90682848,40221500.00000068,23025486.2079839,0.8826768962748199,0.572467118530724,66.09916162312811,0.9033432339730432,2.3553223846351385
333,200,20,10,600,0,1.0,104132169.31606103,41493833.333333954,24379724.89802765,0.9345913354725734,0.5875505572641867,63.28303773254447,0.9467527613498228,2.416793207161172
334,200,20,10,600,0,0.8972372001482635,110653361.76969387,43846000.000000656,26063113.276244227,0.9991236548115715,0.5944239674370259,59.55354536553121,0.9925590894255201,2.3653354635234045
335,200,20,10,600,0,1.0,97026583.35878406,39350666.66666728,22277914.116861094,0.854018886312574,0.5661381624248825,67.91746933551494,0.8763779579427571,2.329288487882663
336,200,20,10,600,0,0.9205081139893138,106107832.812341,41506666.66666764,25335753.772085775,0.9712404898782744,0.6104020343419173,62.10474594891137,0.9655290407119915,2.374358782174839
337,200,20,10,600,0,1.0,94288464.17505583,37737333.3333338,21969907.357273743,0.8422115156395518,0.5821796459016748,69.88977981193315,0.8480381436078334,2.3137818603291733
338,200,20,10,600,0,0.9920829097748717,110291451.9170851,44814000.00000099,25269497.926019773,0.9687005867449662,0.5638750820283664,59.748964089747226,0.9958160681624537,2.4389990435600186
339,200,20,10,600,0,0.9366986555012676,98702962.74016148,41218833.33333394,21905319.5413173,0.8397355560697671,0.5314395816148034,66.76395335110504,0.8933895599783297,2.25523988077144
340,200,20,8,500,0,0.4027094129505922,110346795.57789186,50396500.00000061,21738311.328073613,0.9999999999999922,0.4313456555132469,49.76854988166317,0.8294758313610529,1.5772617687222426
341,200,20,8,500,0,0.3837874238303455,110377921.91122508,50420333.33333399,21738311.328073695,0.999999999999996,0.4311417614865711,49.754515259101844,0.8292419209850307,1.5579427540046331
342,200,20,8,500,0,0.7568807601326428,106651927.25129092,48095666.66666727,21401571.458250538,0.984509382318563,0.4449792037726948,51.49274037083589,0.8582123395139315,1.9710764626647301
343,200,20,8,500,0,0.7841353111528252,95253330.87956482,39332333.333333835,21424176.124725565,0.985549236156972,0.5446962920597631,57.65467673716997,0.9609112789528329,2.1808036237534685
344,200,20,8,500,0,0.8703157247390981,99016810.24455912,41721166.66666736,21738311.328073647,0.9999999999999939,0.5210379542296265,55.46330957779736,0.9243884929632894,2.211534581086089
345,200,20,8,500,0,0.8604967564491325,100935070.50037995,43200666.66666736,21731494.95707356,0.9996864351192075,0.503036101844259,54.409235291308654,0.9068205881884775,2.169746226113017
346,200,20,8,500,0,0.43648819331105804,102574789.57789508,44445500.00000137,21738311.328073613,0.9999999999999922,0.4891003887474084,53.53947127358754,0.892324521226459,1.7200930255354439
347,200,20,8,500,0,0.9598813826174494,102928426.25252447,44746166.666667625,21719261.063536935,0.9991236548115748,0.4853881948219729,53.35552286135635,0.8892587143559392,2.237450652830967
348,200,20,8,500,0,0.8741610320493319,104674619.91122736,46053333.33333449,21738311.328073688,0.9999999999999957,0.4720247103663826,52.46544009099336,0.874424001516556,2.126204801858994
349,200,20,8,500,0,0.9432384973052605,98160755.86501873,41198666.66666737,21653553.212143756,0.9961009797563914,0.525588689249087,55.94700195210189,0.9324500325350316,2.2961594812395614
350,200,25,8,500,0,0.45715089909254836,109229202.9112259,49542166.666667536,21738311.3280736,0.9999999999999917,0.43878402562275004,50.27776321377501,0.8379627202295835,1.6461408398203319
351,200,25,8,500,0,0.4142744683270537,116986842.91122244,55482166.66666672,21738311.328073636,0.9999999999999934,0.39180718119167934,46.94374053813514,0.7823956756355857,1.510115888915983
352,200,25,8,500,0,0.824531015336673,111235550.25128989,51100500.000000335,21724238.1249172,0.9993526082617832,0.42512770178211673,49.37090694111361,0.8228484490185601,1.9874816257809265
353,200,25,8,500,0,0.8290866308527846,98919203.57789192,41647833.33333388,21738311.328073718,0.999999999999997,0.5219553957126245,55.51803695705651,0.9253006159509418,2.1719515633738258
354,200,25,8,500,0,0.8625106648051576,105426336.56762424,46680333.33333429,21706436.262056448,0.9985336917143068,0.46500174081996,52.091348127963855,0.8681891354660642,2.10270119292719
355,200,25,8,500,0,0.8295156699153361,104330396.9112278,45791166.666667916,21738311.328073647,0.9999999999999939,0.4747271779798809,52.638542194685975,0.8773090365780996,2.0866064488773404
356,200,25,8,500,0,0.4738244040661854,109131035.2445596,49467000.00000095,21738311.328073613,0.9999999999999923,0.4394507717887318,50.32299004305264,0.838716500717544,1.664101522214715
357,200,25,8,500,0,0.8432748040218547,99207185.9817783,42196000.00000088,21529466.397482384,0.9903927712028999,0.5102252914371489,55.356877081552305,0.9226146180258717,2.1740696551974454
358,200,25,8,500,0,0.8444684261393618,103866645.74166779,45967166.66666788,21399801.240440745,0.9844279492310026,0.4655453618801866,52.87356649274056,0.8812261082123426,2.0981308238558536
359,200,25,8,500,0,0.9859242146362267,97935034.99001832,42159333.33333409,20931972.827402953,0.9629070313465661,0.4964967700486072,56.07594872008502,0.9345991453347504,2.317720776009863
360,200,20,10,500,0,0.7655864007835937,98137994.7039004,41499333.33333425,21450804.638309736,0.986774193936916,0.5168951622911836,55.9599777493898,0.9326662958231633,2.111768826439704
361,200,20,10,500,0,0.8702181448935256,107909364.244559,48530166.66666739,21738311.32807367,0.9999999999999948,0.44793399283758234,50.89271017808732,0.8482118363014554,2.076777175465047
362,200,20,10,500,0,0.7452660829134429,102131837.91122678,44106333.33333428,21738311.3280736,0.9999999999999916,0.49286144834996776,53.77167504587047,0.8961945840978411,2.0357498256912585
363,200,20,10,500,0,0.927014434724898,96026287.91122523,39431333.3333339,21738311.32807367,0.9999999999999949,0.5512953656501604,57.19058936316565,0.9531764893860941,2.3212272166311205
364,200,20,10,500,0,0.9394538931280225,99922444.36501837,42452666.66666727,21714053.212143786,0.9988840846207466,0.5114885569530806,54.96062506175652,0.9160104176959419,2.264655156386429
365,200,20,10,500,0,0.9780104342885895,94046298.15874353,38369833.33333386,21448574.504022215,0.9866716038942092,0.558995769350625,58.394642931402025,0.9732440488567005,2.39845109862579
366,200,20,10,500,0,0.9585653184432701,97842078.53728701,41180333.33333398,21509710.364706945,0.9894839594521949,0.5223296807871057,56.12922458415588,0.935487076402598,2.311916139475553
367,200,20,10,500,0,0.902255832244073,99311313.24455918,41946666.66666739,21738311.32807368,0.9999999999999953,0.5182369197728854,55.29883575777678,0.9216472626296129,2.238492630691994
368,200,20,10,500,0,0.928423263328847,102503845.53168684,44903833.33333445,21411553.212143734,0.9849685602989752,0.476831299751169,53.576526534336985,0.8929421089056164,2.2028304120353983
369,200,20,10,500,0,0.8956847449621711,101560709.19835228,43802000.000000745,21653553.21214377,0.9961009797563921,0.4943507879125018,54.074061153652316,0.9012343525608719,2.1923997278530445
370,200,20,8,400,0,0.36521662108643455,94078254.9289821,44760833.333334364,17390649.06245906,1.0000000000000029,0.3885238001033342,46.703672419485216,0.7783945403247536,1.4544302014938555
371,200,20,8,400,0,0.369093082803256,94351208.92898254,44969833.33333451,17390649.062459003,0.9999999999999999,0.3867181124188856,46.568560698646486,0.7761426783107748,1.4546102510491392
372,200,20,8,400,0,0.7754214969128449,85458654.92898138,38160833.33333402,17390649.062459,0.9999999999999996,0.45571984528094744,51.414336016069704,0.8569056002678284,1.996902973405431
373,200,20,8,400,0,0.8416243585857947,84957991.65561593,37841833.3333338,17349629.40732748,0.9976412809559779,0.4584775070092781,51.71732422549044,0.8619554037581739,2.070361767951391
374,200,20,8,400,0,0.8494098536940038,88556008.5253486,40657833.333333954,17310742.569715045,0.9954052035403064,0.4257664796791462,49.61605737618924,0.826934289603154,2.016957327040475
375,200,20,8,400,0,1.0,85726820.26231378,38366166.66666712,17390649.06245903,1.000000000000001,0.4532808610657521,51.253504872285,0.8542250812047499,2.2168497700573515
376,200,20,8,400,0,0.4121542001646417,98402320.06868577,48095666.66666748,17375408.850829583,0.9991236548115777,0.3612676578796972,44.651386236961535,0.7441897706160255,1.445358097084425
377,200,20,8,400,0,0.9907236270599112,75662490.20558995,33275000.000000324,15723852.386003936,0.9041555797906838,0.47254252099184924,58.071046671358246,0.9678507778559707,2.3366084217093612
378,200,20,8,400,0,0.9581765793259607,91808426.92898151,43022833.33333412,17390649.06245899,0.9999999999999988,0.4042190556749014,47.85835186348229,0.7976391977247048,2.079191021590587
379,200,20,8,400,0,0.8310232753358395,88839358.78166957,41501166.66666747,16911502.41499912,0.9724480296428835,0.40749462661689334,49.457808568814016,0.8242968094802336,1.9813157861095878
380,200,25,8,400,0,0.4377943143861003,105706428.0108398,53681833.33333366,17380488.210919023,0.9994157290217581,0.3237685289732203,41.56606256290707,0.6927677093817846,1.389576846946461
381,200,25,8,400,0,0.39923802168031286,105071200.26231223,53179500.0000005,17390649.062459037,1.0000000000000018,0.32701791221163934,41.81735802989587,0.6969559671649311,1.3578083186145555
382,200,25,8,400,0,0.5305385343793513,104831766.92897919,52996166.66666706,17390649.062459003,0.9999999999999997,0.3281491880694303,41.91286790936841,0.6985477984894735,1.491605683324369
383,200,25,8,400,0,0.8752193182897369,93379670.59564775,44227333.333334066,17390649.062459003,0.9999999999999997,0.39321043688952645,47.05306810329214,0.7842178017215357,1.974005469522894
384,200,25,8,400,0,0.924839763967032,104041636.92897865,52391166.666666985,17390649.062459044,1.000000000000002,0.33193857226171597,42.23116945958198,0.7038528243263663,1.894243446102771
385,200,25,8,400,0,0.8665610232399258,94500218.5956486,45085333.33333439,17390649.06245901,1.0000000000000002,0.3857274145869744,46.49513054356383,0.7749188423927306,1.950061797302236
386,200,25,8,400,0,0.470192768303354,102937007.83184454,51555166.66666708,17384395.72076307,0.9996404193038754,0.337199874324195,42.68435708931435,0.7114059514885724,1.4513586192512824
387,200,25,8,400,0,0.7544026519348705,93848959.9289826,44586666.66666785,17390649.06245898,0.9999999999999983,0.3900414711974847,46.81778043491241,0.7802963405818735,1.8467321694747318
388,200,25,8,400,0,0.793257941981797,96777229.59564883,46828833.333334506,17390649.062458962,0.9999999999999973,0.37136626784335564,45.401175652144815,0.7566862608690802,1.8470372171255618
389,200,25,8,400,0,0.8524949405711006,97608063.26231493,47465000.000001006,17390649.062459033,1.0000000000000016,0.36638889839794936,45.014723713879725,0.7502453952313287,1.895851454520789
390,200,20,6,400,0,0.36521662108643455,94097409.59564878,44775500.00000103,17390649.062459044,1.000000000000002,0.38839653521364687,46.69416532166871,0.7782360886944786,1.4541699379518307
391,200,20,6,400,0,0.369093082803256,94315293.92898262,44942333.33333451,17390649.06245901,1.0000000000000002,0.3869547433924634,46.586293876244895,0.7764382312707483,1.455095108787975
392,200,20,6,400,0,0.4359485349917675,90489149.26231602,42012666.66666775,17390649.062458992,0.9999999999999991,0.41393823440054295,48.55609800533053,0.8092683000888422,1.5763674226010442
393,200,20,6,400,0,0.744497457564569,91035057.26231362,42430666.666667126,17390649.06245902,1.0000000000000009,0.4098603776150623,48.264922680714676,0.8044153780119113,1.8768011376685303
394,200,20,6,400,0,0.7891890378210696,92699118.92898174,43704833.333334245,17390649.06245898,0.9999999999999986,0.3979113460934974,47.398508753531516,0.789975145892192,1.8974932605880597
395,200,20,6,400,0,0.8149296727568303,96115832.59564742,46321000.000000715,17390649.062458996,0.9999999999999994,0.3754376861997523,45.71359245759654,0.7618932076266091,1.8771730293432412
396,200,20,6,400,0,0.40425689738528053,96680794.40201995,46777500.000001065,17375408.85082957,0.9991236548115772,0.3714480006590599,45.446461493992445,0.7574410248998741,1.4588563228124025
397,200,20,6,400,0,0.9302606046709513,80911815.92897993,34679333.33333369,17390649.062459018,1.0000000000000007,0.5014701088772998,54.30356431323508,0.9050594052205846,2.236496096993376
398,200,20,6,400,0,0.868144678720037,86492906.06868604,38976666.66666735,17375408.85082956,0.9991236548115766,0.44579001584270733,50.799541831913714,0.8466590305318953,2.071435721926098
399,200,20,6,400,0,0.7783307392335629,90220983.92898189,41807333.33333423,17390649.062459044,1.000000000000002,0.4159712585302101,48.70042210422591,0.8116737017370984,1.9227814477948293
400,200,20,10,400,0,0.9227408171610795,83957407.928981,37011333.33333396,17390649.062459003,0.9999999999999997,0.4698736169765668,52.333678568503274,0.8722279761417212,2.1708676868840544
401,200,20,10,400,0,0.8095741518617526,101790402.59564772,50666000.00000084,17390649.062458962,0.9999999999999974,0.3432410109828815,43.1651696816048,0.7194194946934134,1.803586455341471
402,200,20,10,400,0,0.8115319809568076,88281573.9289811,40322333.33333394,17390649.06245901,1.0000000000000002,0.43129074199886125,49.77029525475647,0.8295049209126079,1.9860694954685045
403,200,20,10,400,0,0.9482511812373202,85184015.35868168,38360666.66666722,17129242.569715075,0.9849685602989812,0.4465314098568367,51.58009964075024,0.8596683273458373,2.165144636468627
404,200,20,10,400,0,0.886649943998806,86680949.29795767,40030833.33333394,16795272.961422797,0.9657645842373161,0.4195584144244447,50.68933872536078,0.8448223120893463,2.0671189876277083
405,200,20,10,400,0,1.0,85280229.65221837,38100333.33333379,17342131.60186263,0.9972101408968623,0.45517007555128364,51.52190628377026,0.8586984380628376,2.2228344985038646
406,200,20,10,400,0,0.9163537681363775,85586703.45340274,38413833.33333384,17291884.067057494,0.9943207987783093,0.45014731846749473,51.33741367188167,0.8556235611980278,2.132095184108401
407,200,20,10,400,0,0.9912289345586889,77745560.20559022,34870000.00000039,15723852.386003928,0.9041555797906834,0.4509278000001076,56.51512431553703,0.9419187385922838,2.293889913151059
408,200,20,10,400,0,1.0,89203514.78364046,42219833.33333416,16631159.484449692,0.9563277037400049,0.39391817000184026,49.25590668323984,0.8209317780539974,2.1360663140554697
409,200,20,10,400,0,0.9251065186212168,79133462.63230518,37532000.00000058,14704491.930520374,0.8455401450347699,0.39178546122029595,55.52391938686998,0.9253986564478329,2.1639335440452863
410,200,20,8,300,0,0.8935724285698838,76976486.28006937,38487166.66666722,13042986.796844307,1.0000000000000033,0.3388918417873694,42.81567215225493,0.7135945358709156,1.878280437870695
411,200,20,8,300,0,0.3815944864790231,88378833.18567894,47525500.00000109,12846931.92728635,0.9849685602989837,0.2703166074483394,37.291734697104566,0.6215289116184094,1.2193766840561042
412,200,20,8,300,0,0.9940486833616607,74855629.88484797,36881166.66666718,13031556.638122233,0.9991236548115807,0.3533390566492036,44.028752480875525,0.7338125413479254,2.010532470028949
413,200,20,8,300,0,0.8321896975650068,76251526.21818112,37950000.00000054,13031556.638122246,0.9991236548115817,0.3433875266962335,43.22274141201599,0.7203790235335998,1.8272787424555934
414,200,20,8,300,0,0.8471597210701675,82955136.61340277,43065000.0000007,13042986.796844324,1.0000000000000044,0.3028674514534799,39.729908653631334,0.6621651442271889,1.75161882646014
415,200,20,8,300,0,0.967446403265512,79352187.88484794,40324166.66666729,13031556.638122253,0.9991236548115823,0.32316989327629136,41.53382644953288,0.6922304408255481,1.9182127587120932
416,200,20,8,300,0,0.8013540735089835,76349170.94673611,38006833.33333395,13042986.796844315,1.000000000000004,0.3431747833988828,43.167462843824026,0.7194577140637338,1.7953516142918233
417,200,20,8,300,0,0.8521034730588777,90437428.28006828,48794166.666667216,13042986.796844287,1.0000000000000018,0.26730627220147507,36.442876170621595,0.6073812695103599,1.6733297603304176
418,200,20,8,300,0,0.8530480269239799,87462875.00673908,46854500.000000864,12827589.721849661,0.9834856020059211,0.2737749783233078,37.682273761822444,0.6280378960303741,1.7001059056130001
419,200,20,8,300,0,0.9045179841929385,79732363.94673663,40597333.33333416,13042986.796844328,1.0000000000000049,0.32127693436787463,41.33578683559016,0.6889297805931693,1.8504693122804075
420,200,25,8,300,0,0.441538443037539,97051105.45721558,53867000.00000043,13038296.790572358,0.999640419303879,0.24204609112392103,33.95942771051624,0.5659904618419372,1.201165777778613
421,200,25,8,300,0,0.42519704146140885,100489400.61339848,56492333.333333336,13042986.796844332,1.000000000000005,0.23088065277608755,32.79748888820184,0.546624814803364,1.1565263784856428
422,200,25,8,300,0,0.48125800940269464,93667944.94673458,51269166.666667245,13042986.796844292,1.0000000000000022,0.25440216108143254,35.185996680873025,0.5864332780145504,1.271213016282391
423,200,25,8,300,0,0.8700863326435897,89399371.5515141,48018666.66666737,13031556.638122225,0.99912365481158,0.27138522459575515,36.86603096645796,0.614433849440966,1.7016283617611598
424,200,25,8,300,0,0.8225901965145118,93751746.613401,51333333.33333377,13042986.79684432,1.0000000000000042,0.254084158380082,35.15454505173874,0.5859090841956456,1.611766607414223
425,200,25,8,300,0,0.9500914622298701,79594576.55151482,40511166.66666734,13031556.638122236,0.9991236548115808,0.321678137421913,41.40734385171216,0.6901223975285361,1.8975563696959363
426,200,25,8,300,0,0.4664698335129465,90155980.88484794,48598000.000001006,13031556.638122266,0.9991236548115833,0.2681500604576731,36.55664291656449,0.6092773819427415,1.2902672638218264
427,200,25,8,300,0,0.8669692926782255,96821281.94673368,53683666.66666703,13042986.796844311,1.0000000000000036,0.24296005855618819,34.04003679493923,0.5673339465823205,1.6286712861054968
428,200,25,8,300,0,0.8880997724019495,88374073.94673656,47215666.66666775,13042986.79684428,1.000000000000001,0.2762427752831471,37.29374298152638,0.6215623830254396,1.7306563756539068
429,200,25,8,300,0,0.919143181815783,81221872.42753501,42454500.00000071,12587097.166520024,0.9650471446897008,0.2964844048692085,40.57773973310533,0.6762956622184222,1.832626367929572
430,200,20,6,300,0,0.38032295353193096,82979079.94673736,43083333.33333444,13042986.796844337,1.0000000000000056,0.3027385716869014,39.71844472263984,0.6619740787106639,1.284487889592116
431,200,20,6,300,0,0.3730291945812321,90066829.55151463,48528333.33333428,13031556.638122246,0.9991236548115817,0.2685350133211936,36.592827974642255,0.6098804662440376,1.1977376714822245
432,200,20,6,300,0,0.40924415340851983,84171457.94673707,43996333.33333443,13042986.796844307,1.0000000000000033,0.29645622279532347,39.15579081552267,0.6525965135920445,1.2990056452368233
433,200,20,6,300,0,0.7135605478863225,77071010.92479731,38571500.000000216,13035366.158189293,0.9994157290217593,0.3379533115950694,42.76316036928469,0.7127193394880782,1.6966425366504563
434,200,20,6,300,0,0.7973895142162629,80201653.28006917,40956666.666667216,13042986.7968443,1.0000000000000027,0.3184582110403872,41.0939159631892,0.6848985993864866,1.7370546824350592
435,200,20,6,300,0,0.9409436719855506,77044050.55151436,38556833.33333384,13031556.638122229,0.9991236548115803,0.33798306322153154,42.77812467552329,0.7129687445920548,1.924298867154831
436,200,20,6,300,0,0.40773105607430044,88938575.61340311,47646500.00000104,13042986.796844315,1.000000000000004,0.273744908793805,37.057036019175015,0.6176172669862503,1.2443442500955948
437,200,20,6,300,0,0.8321262320439775,91057560.6134019,49269000.00000074,13042986.796844319,1.0000000000000042,0.26473008985049673,36.19468803906133,0.6032448006510223,1.6471551045753972
438,200,20,6,300,0,0.8386868062942797,82685108.51901256,43165833.33333425,12846931.927286327,0.9849685602989822,0.2976180681623828,39.85965621901755,0.6643276036502925,1.7411088644744785
439,200,20,6,300,0,0.858781389374099,83089219.28007045,43167666.66666777,13042986.796844332,1.000000000000005,0.3021471347422994,39.665795738082245,0.6610965956347041,1.7615956928026426
440,200,20,10,300,0,0.9922937478808508,78647730.9467356,39766833.3333338,13042986.7968443,1.0000000000000027,0.327986558233473,41.905849797905674,0.6984308299650945,1.9531138244327237
441,200,20,10,300,0,0.4021309958408852,90800027.23253809,49107666.66666764,13020130.746316547,0.9982476367657408,0.2651343798249348,36.29734594197295,0.6049557656995491,1.219194265400382
442,200,20,10,300,0,0.9943358539180154,80027389.8848483,40841166.66666731,13031556.638122233,0.9991236548115807,0.31907895150208804,41.18339989274096,0.6863899982123493,1.9359890133320352
443,200,20,10,300,0,0.9296705111160918,63570336.88742566,31142833.33333367,11181371.345741523,0.8572707708672099,0.3590351342173342,51.844935253944136,0.8640822542324023,2.0809808727223613
444,200,20,10,300,0,0.8922748121676215,84016349.21818149,43895500.00000073,13031556.638122259,0.9991236548115826,0.2968768242330545,39.22807918541139,0.6538013197568565,1.7835775913109218
445,200,20,10,300,0,1.0,75828816.32504606,37656666.66666722,13012222.055495642,0.9976412809559797,0.3455489613745804,43.46368781324898,0.724394796887483,2.0008339659871472
446,200,20,10,300,0,0.7984184256813036,76392268.94673605,38039833.33333394,13042986.796844315,1.000000000000004,0.34287707526349415,43.143109184228734,0.7190518197371456,1.7917719056292445
447,200,20,10,300,0,0.946110566150769,79303778.28006925,40269166.666667275,13042986.79684429,1.000000000000002,0.3238951256381622,41.55918004764605,0.6926530007941009,1.8978796674553995
448,200,20,10,300,0,0.8312282771632707,90178512.84007177,49155333.33333412,12686423.055182982,0.9726624164223219,0.258088435066716,36.54750889322136,0.609125148220356,1.6468241734369995
449,200,20,10,300,0,0.8974431234772305,81344273.21818116,41849500.00000068,13031556.638122229,0.9991236548115803,0.31139097571349755,40.51668137915528,0.6752780229859213,1.8218339270339499
450,200,20,8,200,0,0.3931477611756576,84658461.96448895,51190333.33333379,8695324.531229498,0.9999999999999994,0.16986262766855895,25.96078347043317,0.43267972450721953,0.9617175878177242
451,200,20,8,200,0,0.3736184769673578,79855429.29782495,47512666.66666789,8695324.531229502,0.9999999999999997,0.1830106609724272,27.52223636295525,0.4587039393825875,0.9787309451278872
452,200,20,8,200,0,0.8282145949761183,71872721.96449156,41400333.33333405,8695324.531229502,0.9999999999999997,0.21003030244271825,30.579056141575027,0.5096509356929171,1.50588977262321
453,200,20,8,200,0,0.8130316064062236,77960264.03434367,46073500.00000086,8687704.425414795,0.9991236548115782,0.18856185063897107,28.19128471694,0.46985474528233334,1.4337358321997338
454,200,20,8,200,0,0.820699667025992,71786525.96449152,41334333.33333417,8695324.531229507,1.0000000000000002,0.21036566529590406,30.615773231415595,0.5102628871902599,1.4992550864529752
455,200,20,8,200,0,0.8800326739442171,74202408.29782453,43184166.66666733,8695324.5312295,0.9999999999999996,0.20135445934033,29.61898475287675,0.49364974588127913,1.5347659872977604
456,200,20,8,200,0,0.39131571831306533,71379489.29782538,41022666.666667774,8695324.531229496,0.9999999999999991,0.21196390283166855,30.79035758899661,0.5131726264832769,1.074059467061677
457,200,20,8,200,0,0.7716745696315035,73110592.29782465,42348166.666667596,8695324.531229502,0.9999999999999997,0.20532942074381758,30.061307546887345,0.5010217924481224,1.4369598986746799
458,200,20,8,200,0,0.87819973326146,72928622.96449175,42208833.33333438,8695324.53122951,1.0000000000000009,0.20600722276686073,30.136315628365665,0.5022719271394277,1.5452774386143764
459,200,20,8,200,0,0.9729174059653165,66030548.6311574,36927000.00000052,8695324.53122949,0.9999999999999986,0.2354733536769672,33.284593957817556,0.5547432326302926,1.716039321537183
460,200,25,8,200,0,0.4592513999394295,86366182.63115475,52499333.333333656,8695324.531229498,0.9999999999999994,0.16562733237049573,25.447460256361857,0.42412433760603097,1.015877603441857
461,200,25,8,200,0,0.42233891106087385,85990626.67933881,52416833.33333387,8564621.284857517,0.9849685602989788,0.16339448112770572,25.558599638954266,0.4259766606492378,0.9790311566122762
462,200,25,8,200,0,0.8130070051517927,83694106.6311565,50453333.333334014,8695324.531229502,0.9999999999999997,0.17234390587796083,26.25991349290337,0.4376652248817228,1.3885473547358842
463,200,25,8,200,0,0.8126598076618506,81042332.0343431,48434833.33333421,8687704.425414788,0.9991236548115774,0.1793689340401976,27.11916037989435,0.4519860063315725,1.4081409612255813
464,200,25,8,200,0,0.7769486429631532,84414800.96448845,51005166.66666696,8695324.531229509,1.0000000000000007,0.17047928865826256,26.03571855751421,0.4339286426252368,1.3472607165150001
465,200,25,8,200,0,0.8094950716357499,80491635.36767645,48013166.666667484,8687704.425414784,0.9991236548115769,0.1809442081945849,27.3047005438603,0.45507834239767164,1.4093287805890893
466,200,25,8,200,0,0.41241338104905534,79041916.96449193,46891166.666667946,8695324.531229498,0.9999999999999994,0.18543630174615536,27.80549971969075,0.46342499532817916,1.0241874177741588
467,200,25,8,200,0,0.7705539577439372,77183914.29782553,45468500.00000137,8695324.531229496,0.9999999999999991,0.19123842948918998,28.474845050219457,0.47458075083699097,1.3981254521722801
468,200,25,8,200,0,0.7146158054841163,83418758.29782361,50242500.00000071,8695324.531229502,0.9999999999999997,0.17306711511627365,26.346592119644875,0.4391098686607479,1.292179366237883
469,200,25,8,200,0,0.4909701626013319,83413969.6311562,50238833.333333984,8695324.53122949,0.9999999999999986,0.1730797463694296,26.34810463664941,0.4391350772774902,1.068569036974366
470,200,20,6,200,0,0.38184753861091836,82920175.96448977,49859333.3333339,8695324.531229502,0.9999999999999997,0.17439712787768394,26.50500887674429,0.4417501479457382,0.9631153888588038
471,200,20,6,200,0,0.3736184769673578,79807542.6311585,47476000.00000123,8695324.531229502,0.9999999999999997,0.18315200377515536,27.538750443143375,0.4589791740523896,0.9791192540398717
472,200,20,6,200,0,0.8429934597466064,70932895.70101017,40692666.66666735,8687704.425414788,0.9991236548115774,0.21349557886141587,30.984213717482575,0.5164035619580429,1.5301934847937821
473,200,20,6,200,0,0.8128014921176174,76916334.70101033,45274166.6666675,8687704.425414788,0.9991236548115774,0.1918909847502725,28.573904470920283,0.47623174118200473,1.4425460210998402
474,200,20,6,200,0,0.8670950109944615,67978288.36767684,38430333.33333394,8687704.425414804,0.9991236548115792,0.2260637280988455,32.33091113022253,0.5388485188370422,1.5867945123105802
475,200,20,6,200,0,0.8763864398564607,74319730.63115758,43274000.00000065,8695324.531229496,0.9999999999999991,0.2009364637248548,29.57222774269046,0.4928704623781743,1.5300060732145189
476,200,20,6,200,0,0.39131571831306533,71427375.96449213,41059333.33333443,8695324.531229496,0.9999999999999991,0.21177461554569638,30.769714977245798,0.5128285829540966,1.073563993703719
477,200,20,6,200,0,0.7631361975296463,73354814.29782474,42535166.66666761,8695324.531229502,0.9999999999999997,0.20442671823462097,29.961223691151428,0.49935372818585716,1.4260313003032004
478,200,20,6,200,0,0.9084323518843438,74882398.96449177,43704833.33333428,8695324.531229507,1.0000000000000004,0.19895567304674888,29.3500212385312,0.48916702064218665,1.5567639109639297
479,200,20,6,200,0,0.8465145758827474,70232603.63115801,40144500.000000894,8695324.531229498,0.9999999999999994,0.2166006434562469,31.293158538479236,0.5215526423079873,1.5413477329557321
480,200,20,10,200,0,0.8679565669592813,70515134.96449102,40360833.33333383,8695324.531229502,0.9999999999999997,0.21543966794283387,31.167776975917807,0.5194629495986302,1.5597712509121786
481,200,20,10,200,0,0.3748669056206024,79177832.9644917,46993833.333334565,8695324.531229502,0.9999999999999997,0.18503118206068045,27.75776903348228,0.4626294838913713,0.9855213351605181
482,200,20,10,200,0,0.9720272135436137,75281005.03434385,44022000.00000084,8687704.425414791,0.9991236548115778,0.19734915327369554,29.19461554740594,0.48657692579009904,1.6164834619526691
483,200,20,10,200,0,0.7535438377392221,68866586.03434335,39110500.000000566,8687704.425414788,0.9991236548115774,0.22213227714845535,31.913880541485977,0.5318980090247662,1.4631476684827525
484,200,20,10,200,0,0.8415762000542794,73072282.9644916,42318833.3333343,8695324.531229513,1.000000000000001,0.20547174499681342,30.077067676508594,0.5012844612751433,1.5072380573268733
485,200,20,10,200,0,0.9851925217607197,71344721.03434342,41008000.00000057,8687704.425414788,0.9991236548115774,0.2118538925432761,30.805362585159433,0.5134227097526572,1.6680983455479979
486,200,20,10,200,0,0.9568181741776559,70876679.2978248,40637666.66666748,8695324.531229494,0.999999999999999,0.21397204230630013,31.00878909358625,0.5168131515597708,1.6448089595824666
487,200,20,10,200,0,0.927802671111069,62025183.34600796,34065166.666667014,8564621.284857523,0.9849685602989795,0.25141874010668086,35.433994410617956,0.5905665735102993,1.719504236706713
488,200,20,10,200,0,0.9941789215686272,73569471.83875506,42707500.000000745,8690244.105459511,0.9994157290217581,0.20348285676893663,29.873804243382363,0.497896737389706,1.6548619443734827
489,200,20,10,200,0,0.9762433440390554,70107697.80416073,40049166.66666716,8695129.073121434,0.9999775214706056,0.21711136078040724,31.34891130128603,0.5224818550214338,1.6724142876848151
490,200,25,10,200,0,0.4592513999394295,86303929.96448807,52451666.666667,8695324.531229498,0.9999999999999994,0.16577785004409348,25.465815993597744,0.4244302665599624,1.0163039465346668
491,200,25,10,200,0,0.4257290843923633,86675406.01267204,52941166.66666715,8564621.284857519,0.9849685602989791,0.16177620978364238,25.356673837543713,0.42261123062572853,0.9777612828450057
492,200,25,10,200,0,0.8084655507819752,82844118.29782371,49802500.000000656,8695324.531229502,0.9999999999999999,0.17459614539891347,26.52934263961785,0.4421557106602975,1.3902981777614036
493,200,25,10,200,0,0.8742136010203396,80363588.96449083,47903166.66666743,8695324.531229502,0.9999999999999997,0.18151878333504803,27.348206175449832,0.4558034362574972,1.4752320639458754
494,200,25,10,200,0,0.892746674736814,76332678.36767742,44828666.66666782,8687704.42541478,0.9991236548115766,0.19379796615442257,28.79238678634712,0.47987311310578534,1.5276581607661375
495,200,25,10,200,0,0.9416136686249585,83737204.6311564,50486333.333333835,8695324.5312295,0.9999999999999996,0.17223125462130504,26.246397998127783,0.43743996663546303,1.5168386389574655
496,200,25,10,200,0,0.41241338104905534,79039522.63115852,46889333.33333459,8695324.531229498,0.9999999999999994,0.18544355214894503,27.8063420278502,0.46343903379750334,1.0242072565657148
497,200,25,10,200,0,0.8415052462196306,79706294.03434353,47411833.33333428,8687704.425414797,0.9991236548115785,0.18323915813031114,27.573732120239097,0.45956220200398495,1.4476587747278644
498,200,25,10,200,0,0.8087458092920299,79855990.29782481,47514500.00000106,8695324.531229498,0.9999999999999994,0.18300359955864642,27.52204301522344,0.45870071692039066,1.4138494058593376
499,200,25,10,200,0,0.8355190337074254,78620514.29782449,46568500.0000009,8695324.5312295,0.9999999999999996,0.18672116411800532,27.9545360346341,0.4659089339105683,1.450804898912398
500,200,30,10,200,0,0.509819182913312,92008939.70100632,56833333.333333336,8687704.425414788,0.9991236548115773,0.1528628344647763,23.886809337679633,0.3981134889613272,1.0302229394464602
501,200,30,10,200,0,0.4743987793934731,92834984.701005,57465833.333332986,8687704.425414788,0.9991236548115774,0.15118034354468318,23.67426468672868,0.39457107811214465,0.9899141323413643
502,200,30,10,200,0,0.8930394709323937,87253793.70100756,53192333.33333383,8687704.425414793,0.999123654811578,0.16332625175460208,25.188589593378573,0.41980982655630955,1.443510298892385
503,200,30,10,200,0,0.8234029025614649,86206323.29782164,52378333.333333634,8695324.5312295,0.9999999999999996,0.16600995063918508,25.494649532925116,0.4249108255487519,1.381121688621565
504,200,30,10,200,0,0.8728516738737181,83434832.03434199,50268166.66666741,8687704.425414795,0.9991236548115783,0.17282715884634745,26.34151644358054,0.4390252740596757,1.4501386750104717
505,200,30,10,200,0,0.8128574927782264,84692434.62923558,51304000.0000005,8641244.816610847,0.9937805984785929,0.16843218494875178,25.950369824901998,0.43250616374836665,1.3801094044855944
506,200,30,10,200,0,0.4702273799304761,83146365.29782315,50035333.3333341,8695324.531229498,0.9999999999999994,0.1737836834882556,26.432905300522386,0.4405484216753731,1.0498027483964538
507,200,30,10,200,0,0.8177668988249832,95034230.29782076,59137833.333333254,8695324.531229503,1.0,0.14703488513381757,23.126403961104085,0.3854400660184014,1.3208348729504387
508,200,30,10,200,0,0.9030102122259935,81067251.50542164,48451333.3333343,8690244.10545951,0.9994157290217579,0.17936026745998052,27.110824151390094,0.4518470691898349,1.498345495383813
509,200,30,10,200,0,0.54263014552757,90398800.96448678,55588499.99999999,8695324.531229503,1.0,0.15642308267410535,24.312269372504254,0.40520448954173754,1.072973101208592
510,200,25,10,300,0,0.43618920001000616,95143377.21817853,52416833.33333369,13031556.638122244,0.9991236548115815,0.24861396252709186,34.64035118747382,0.577339186457897,1.2124195564895766
511,200,25,10,300,0,0.42519704146140885,100982633.28006513,56869999.99999998,13042986.796844332,1.000000000000005,0.229347402793113,32.6372950768617,0.5439549179476949,1.1526298816435943
512,200,25,10,300,0,0.8927280972901201,88005346.61340314,46933333.333334126,13042986.796844313,1.0000000000000038,0.2779045482282122,37.44999737888712,0.624166622981452,1.7392183588541419
513,200,25,10,300,0,0.9606565568300334,90742592.5515134,49047166.66666719,13031556.638122236,0.9991236548115808,0.26569438203611007,36.32032000991174,0.6053386668318623,1.7785507292907838
514,200,25,10,300,0,0.7443772593037661,96994196.88484366,53833999.99999999,13031556.638122233,0.9991236548115807,0.24206926176992674,33.97935243397023,0.5663225405661705,1.5043552092858778
515,200,25,10,300,0,0.9504177356766993,78221567.04488957,39820000.00000072,12802007.667912992,0.9815242373020283,0.32149692787324863,42.13415972743957,0.7022359954573261,1.9098512734326243
516,200,25,10,300,0,0.9477779049695815,85788716.88484882,45254000.00000113,13031556.638122236,0.9991236548115808,0.28796474650024106,38.41763951807132,0.6402939919678553,1.8184436941376294
517,200,25,10,300,0,0.8539476681753745,86140055.28346738,45530833.3333342,13026575.703659529,0.9987417687803912,0.2861044867835192,38.26094595776924,0.6376824326294873,1.720513690231677
518,200,25,10,300,0,0.8711453217306345,90303906.6134021,48693333.333334155,13042986.796844264,1.0,0.2678598055211674,36.496759925454505,0.6082793320909085,1.6937124982384768
519,200,25,10,300,0,0.9119187600204253,86092797.21818152,45486833.33333419,13031556.638122246,0.9991236548115817,0.2864907421148684,38.281948159351664,0.6380324693225278,1.7791438230348477
520,200,30,10,300,0,0.5154497927195456,107852536.61339602,62131666.66666584,13042986.79684432,1.0000000000000042,0.20992494643382864,30.55839114673766,0.5093065191122943,1.192696268978903
521,200,30,10,300,0,0.4642560814545037,106698467.94673,61247999.99999953,13042986.79684429,1.000000000000002,0.2129536768032326,30.888915871270544,0.5148152645211758,1.1494342874182655
522,200,30,10,300,0,0.8493174639906508,95753970.28006683,52867833.33333358,13042986.79684428,1.000000000000001,0.2467093121559906,34.41946052325821,0.5736576753876368,1.62034258910308
523,200,30,10,300,0,0.9305350794782576,93323721.94673473,51007000.0000006,13042986.796844304,1.0000000000000029,0.2557097417382741,35.31577964583436,0.5885963274305727,1.7236992002994498
524,200,30,10,300,0,0.5067296628486467,99446032.28006458,55694833.3333333,13042986.796844305,1.000000000000003,0.23418665639561384,33.14159373114267,0.5523598955190445,1.2464388834841822
525,200,30,10,300,0,1.0,87067328.94673696,46216500.000001095,13042986.796844315,1.000000000000004,0.28221494048324747,37.85346397862039,0.6308910663103399,1.856663018696938
526,200,30,10,300,0,0.5109286660428843,91858389.94673532,49885000.00000088,13042986.796844332,1.000000000000005,0.2614610964587371,35.879139639951134,0.5979856606658522,1.3180832038757262
527,200,30,10,300,0,0.8649649918685437,106526075.94673038,61115999.99999946,13042986.796844326,1.0000000000000047,0.21341361994967667,30.938903650671445,0.5156483941778575,1.5513442820061427
528,200,30,10,300,0,0.9272697115726446,100893812.67340253,57141333.33333366,12827589.721849658,0.9834856020059208,0.22448880650054107,32.66602691156733,0.5444337818594555,1.6512945386325328
529,200,30,10,300,0,0.5757019659710673,98768435.94673243,55175999.99999998,13042986.796844305,1.000000000000003,0.23638877042272566,33.36896011775952,0.556149335295992,1.3209623176052396
530,200,25,10,400,0,0.4377943143861003,105644175.34417315,53634166.666667014,17380488.210919023,0.9994157290217581,0.32405627403400655,41.590556087788535,0.6931759347964755,1.390215268409781
531,200,25,10,400,0,0.9520736983180272,110238171.59564288,57135833.33333308,17390649.06245898,0.9999999999999983,0.30437377120241044,39.85733740320547,0.6642889567200911,1.8598616720000467
532,200,25,10,400,0,0.8055784499829105,91514484.92898238,42799166.66666773,17390649.062458977,0.9999999999999982,0.40633148766428967,48.01207156888555,0.8002011928147592,1.9308448329291015
533,200,25,10,400,0,0.9025517202690223,95656580.73535249,45994666.66666745,17375408.8508296,0.9991236548115789,0.37777007879528,45.93306562102686,0.765551093683781,1.9703188769890274
534,200,25,10,400,0,0.8876483092788091,105174156.59564526,53258333.333333634,17390649.062459044,1.000000000000002,0.3265338581591415,41.77642248078579,0.6962737080130965,1.845149103819219
535,200,25,10,400,0,0.9171039013097093,98242460.73535207,47974666.66666735,17375408.850829583,0.9991236548115777,0.36217883433262,44.72404260960162,0.745400710160027,1.9522476789358323
536,200,25,10,400,0,0.4620516548689203,103359151.06868435,51892500.00000046,17375408.850829583,0.9991236548115777,0.33483468421890306,42.5100240720846,0.70850040120141,1.4384198034454527
537,200,25,10,400,0,0.8975143589012968,95563302.59564883,45899333.33333446,17390649.062459018,1.0000000000000007,0.3788867462662912,45.97790030961171,0.7662983384935286,1.9669220944078583
538,200,25,10,400,0,0.8616362306072602,99844370.59564723,49177333.333334126,17390649.062459018,1.0000000000000007,0.353631396492803,44.00648703364704,0.733441450560784,1.8779827983622868
539,200,25,10,400,0,0.9576198514728024,92997256.07469407,44038500.00000088,17324373.714669418,0.9961890239086788,0.39339154863742115,47.24655527977043,0.7874425879961738,2.059775678378913
540,200,30,10,400,0,0.48675903194873077,114702499.34416908,60571499.999999486,17380488.210919015,0.9994157290217577,0.2869416839754532,38.30605283339329,0.6384342138898881,1.3547465930189815
541,200,30,10,400,0,0.9282319218727924,116480759.59564167,61917166.66666623,17390649.06245898,0.9999999999999986,0.28086958752622354,37.72125126289442,0.6286875210482403,1.7816151129420115
542,200,30,10,400,0,0.5580659155032909,110456616.9289756,57304499.99999973,17390649.062459003,0.9999999999999997,0.30347789549614923,39.77851324946196,0.662975220824366,1.4638234527245761
543,200,30,10,400,0,0.919075385149378,102327855.2623128,51080333.33333376,17390649.062458992,0.9999999999999991,0.3404568437126914,42.93845491764382,0.7156409152940636,1.907081775413595
544,200,30,10,400,0,0.9440817813738915,112240395.2623096,58670333.333333164,17390649.062459007,1.0,0.29641299229807894,39.14633398903791,0.6524388998172985,1.8336510750296533
545,200,30,10,400,0,0.8266788049868782,105172323.26231158,53258333.33333352,17390649.062459014,1.0000000000000002,0.32653385815914165,41.777150715225424,0.696285845253757,1.7841917367679485
546,200,30,10,400,0,0.5011071854840252,107173985.92897823,54791000.00000027,17390649.062459007,1.0,0.3173997383230626,40.99688895504616,0.6832814825841027,1.438308458726578
547,200,30,10,400,0,0.8890300110543995,104224167.26231234,52532333.333333805,17390649.062458992,0.9999999999999991,0.331046575679591,42.157208979579984,0.7026201496596663,1.8564874212577385
548,200,30,10,400,0,0.9667553339757264,102378136.26231354,51118833.33333407,17390649.062458996,0.9999999999999994,0.3402004296353675,42.91736654340135,0.7152894423900225,1.954205120074043
549,200,30,10,400,0,0.7967695580314552,105239364.59564516,53309666.66666692,17390649.062459018,1.0000000000000007,0.3262194297930757,41.750537138665095,0.6958422856444183,1.753587387510334
550,200,25,10,500,0,0.4429503052173801,111824660.2445578,51529500.00000047,21738311.3280736,0.9999999999999917,0.4218614837728563,49.110813196208845,0.8185135532701474,1.5989530455058127
551,200,25,10,500,0,0.8759741313931514,116496004.57788792,55106333.333333105,21738311.328073762,0.9999999999999991,0.3944793640429809,47.14153090399117,0.7856921817331861,1.9772498043607223
552,200,25,10,500,0,0.889544450888915,109707346.8081618,49943666.66666719,21715756.37294283,0.998962432969583,0.4348050077676035,50.05863472027227,0.8343105786712045,2.0716990357742024
553,200,25,10,500,0,0.9030745388803516,104407015.57789315,45849833.33333425,21738311.328073654,0.9999999999999941,0.4741197458676306,52.59991361311182,0.8766652268851971,2.1590355624596533
554,200,25,10,500,0,0.8948514694521718,113033798.57789151,52455333.33333382,21738311.328073654,0.9999999999999942,0.4144156551238537,48.58546796704885,0.8097577994508142,2.036141793002069
555,200,25,10,500,0,0.8697205772147183,104244200.91122727,45725166.66666779,21738311.328073643,0.9999999999999937,0.4754124022454398,52.68206722287344,0.8780344537145574,2.1280849527256276
556,200,25,10,500,0,0.49597586072293254,108424706.91122657,48926166.6666677,21738311.32807362,0.9999999999999927,0.44430849194002864,50.6508171103146,0.84418028517191,1.6956029394468655
557,200,25,10,500,0,0.8865894026480112,102681818.19835316,44661833.33333429,21653553.212143797,0.9961009797563933,0.4848335053899862,53.48366533003288,0.8913944221672147,2.165850629127215
558,200,25,10,500,0,0.8984265454549302,109458827.8661761,50407500.00000057,21298828.46893166,0.9797830267259743,0.4225329260314719,50.1722894997035,0.8362048249950583,2.0726577112751663
559,200,25,10,500,0,0.9842628468133625,104812774.86501934,46293500.00000091,21653553.21214376,0.9961009797563917,0.4677450011803673,52.39628477609228,0.8732714129348713,2.231730260692528
560,200,30,10,500,0,0.4670035849095261,122752958.57788698,59898666.66666614,21738311.32807364,0.9999999999999936,0.3629181171769071,44.73863655608302,0.7456439426013837,1.5029820212524354
561,200,30,10,500,0,0.8624375468573351,121788042.244553,59159833.333332755,21738311.32807377,0.9999999999999994,0.36745051673135176,45.093096980509365,0.7515516163418228,1.9079495765842394
562,200,30,10,500,0,0.8817647904462396,121038615.91122173,58585999.99999986,21738311.32807373,0.9999999999999976,0.37104959082500566,45.372296755508785,0.7562049459251464,1.9348094090313905
563,200,30,10,500,0,0.5192338583585387,113108583.91122305,52514000.00000009,21738311.328073658,0.9999999999999943,0.4139526855328792,48.55334414150581,0.8092224023584301,1.6596184091432722
564,200,30,10,500,0,0.8685169294316551,117547677.91122109,55912999.99999967,21738311.328073658,0.9999999999999943,0.38878814100609493,46.71976595018517,0.7786627658364195,1.9582102080729507
565,200,30,10,500,0,0.7611992366607337,113539563.91122301,52844000.00000016,21738311.32807363,0.999999999999993,0.4113676354566945,48.369042568228096,0.8061507094704683,1.8964440544965577
566,200,30,10,500,0,0.523613037359528,118960334.57788716,56994666.66666628,21738311.328073606,0.999999999999992,0.38140957039384543,46.16496767167666,0.7694161278612778,1.5981568215358823
567,200,30,10,500,0,0.9586086144409375,108966387.24455939,49342333.33333413,21738311.32807366,0.9999999999999946,0.4405610732111029,50.39902798350508,0.8399837997250846,2.151041272734904
568,200,30,10,500,0,0.9137907824298136,115916412.25252068,54693833.333333634,21719261.0635369,0.9991236548115733,0.39710621362317106,47.377242732774256,0.7896207122129043,2.021096465541255
569,200,30,10,500,0,0.5250949987455196,119788773.91122165,57628999.99999995,21738311.32807369,0.9999999999999959,0.37721132291161935,45.84569839632974,0.7640949732721622,1.5909590303469774
570,200,25,10,600,0,0.435805877370285,129335859.89346611,58116666.66666637,26085973.593688376,0.9999999999999941,0.44885529556102965,50.951066513401734,0.849184441890029,1.6440745557091376
571,200,25,10,600,0,0.867573580584936,132824403.5601327,60787833.333332986,26085973.59368831,0.9999999999999916,0.4291314916694699,49.612871003908886,0.8268811833984814,2.0377599573189933
572,200,25,10,600,0,0.8839043774457237,110650352.3515791,44874500.00000104,25406989.760000676,0.9739713056425031,0.5661787821591346,59.555165075856685,0.9925860845976114,2.329433487770643
573,200,25,10,600,0,0.9707820504378942,106929234.64939535,43763500.000000864,24299058.231360942,0.931498996734401,0.555235715410341,61.62767386867538,0.9732367587126933,2.3882073814788605
574,200,25,10,600,0,0.8392167050531575,121606951.89346811,52198666.6666667,26085973.593688402,0.9999999999999951,0.4997440597529001,54.18933619660899,0.9031556032768165,2.142167556132294
575,200,25,10,600,0,0.8826993252444679,117215744.56013702,48836333.33333396,26085973.593688365,0.9999999999999937,0.5341509448638929,56.21940998394744,0.936990166399124,2.247010247534706
576,200,25,10,600,0,0.9344084950491408,112554010.66791028,46264166.666667975,25450305.352808654,0.9756317992657297,0.5501083708300074,58.54789146024439,0.9757981910040731,2.35029338271722
577,200,25,10,600,0,0.8272205194328104,129192199.89346603,58006666.66666629,26085973.59368839,0.9999999999999947,0.4497064750089971,51.00772341855047,0.8501287236425078,2.037114423082516
578,200,25,10,600,0,0.8597015562558888,104981439.37468626,43008166.6666679,23829887.932982564,0.9135134576210786,0.5540782083941084,62.77109591230249,0.9548653608232008,2.2578294837943766
579,200,25,10,600,0,0.9006512737938882,108220360.74016245,45263166.666667536,23973319.54131721,0.9190118764483273,0.5296430035013772,60.89242315336703,0.98523634815948,2.30960202475447
580,200,30,10,600,0,0.4929536966920157,137656729.22679672,64489333.333332494,26085973.593688376,0.9999999999999941,0.4045005932819182,47.871252186610924,0.7978542031101821,1.6144083744277324
581,200,30,10,600,0,0.4421023217456409,130343086.7696894,58925166.666666284,26063113.27624412,0.9991236548115673,0.4423086899979514,50.55734188376167,0.8426223647293613,1.6385716384733633
582,200,30,10,600,0,0.5102695684029265,123393685.5601357,53568166.666667044,26085973.593688197,0.9999999999999872,0.4869678246786122,53.40467763877976,0.8900779606463293,1.7899217887921455
583,200,30,10,600,0,0.7842287961064455,116120746.76969437,48035166.66666746,26063113.2762442,0.9991236548115705,0.542584008443337,56.7495489248768,0.9458258154146133,2.1641218182757282
584,200,30,10,600,0,0.5182340647514057,121017252.70468731,52237166.66666703,25774530.521239065,0.9880608990371431,0.4934136394822119,54.45339282392055,0.9075565470653425,1.8205215234025176
585,200,30,10,600,0,0.9215261013072371,122494462.10302618,52915500.00000037,26063113.276244193,0.9991236548115703,0.4925421337083466,53.796717719838874,0.8966119619973145,2.2121717702712287
586,200,30,10,600,0,0.48287475143574454,121825112.13173938,52438833.33333361,26040261.492632817,0.9982476367657303,0.4965835400475985,54.092295789343616,0.9015382631557269,1.7816798466295503
587,200,30,10,600,0,0.8259749734800771,133435519.56013034,61257166.66666576,26085973.59368836,0.9999999999999936,0.4258436198271562,49.38565099999797,0.8230941833332995,1.9897440526751016
588,200,30,10,600,0,0.9186077591181815,121393860.08375081,52400333.333334066,25854331.259353112,0.9911200425967056,0.49340012963058927,54.284458830567154,0.9047409805094525,2.2180688433321056
589,200,30,10,600,0,0.9041328449770678,122257423.10302538,52734000.00000014,26063113.276244186,0.9991236548115698,0.4942373663337527,53.9010215718912,0.89835035953152,2.19787309757559
590,200,25,10,700,0,0.47397301478261783,130884193.62017873,52680833.3333339,30306340.631288223,0.9958172849079364,0.5752821038256398,58.73742113054325,0.9789570188423874,1.913155716685517
591,200,25,10,700,0,0.44050885685224955,137577437.67774594,57788499.99999962,30317385.72201766,0.9961802087064763,0.5246266250554671,55.87980216645329,0.9313300361075548,1.7915401930041779
592,200,25,10,700,0,0.790467612980642,123897889.34960064,49751166.66666738,28764047.02274152,0.9451400140200009,0.5781582413023703,62.049483170027706,0.9664187473443127,2.219412953366851
593,200,25,10,700,0,0.9738245560479631,111854735.19311148,43508666.66666751,26865340.748222694,0.8827515999870319,0.6174710191430559,68.73021501260011,0.8645867917841666,2.3323881631465744
594,200,25,10,700,0,0.864433636788667,127862002.17972578,50678833.33333374,30107424.35971575,0.9892812182844125,0.5940828227376093,60.12575956063828,0.9979062023814701,2.3376060973602244
595,200,25,10,700,0,0.9605283412921605,114896049.52415684,43726833.33333421,28210576.79721177,0.9269538785188574,0.6451548087683278,66.91091670983556,0.8912039789006768,2.3678561672074996
596,200,25,10,700,0,0.4271479937452521,130234251.64871098,52625833.33333383,30024197.16058671,0.9865465072721036,0.5705220280392032,59.03055381111864,0.983842563518644,1.8674081796952584
597,200,25,10,700,0,0.9084863224225713,112162960.366705,42390333.333334185,27728575.744282734,0.911116104315428,0.6541249752919025,68.54134354929245,0.8673126760899257,2.299098978746019
598,200,25,10,700,0,0.8706600690544863,116537377.03877413,45182500.000001356,28083796.342330854,0.922788078038526,0.6215635775428543,65.96853469116718,0.9053120589611424,2.2732229900499124
599,200,25,10,700,0,0.9210380654408211,104249590.10099675,41602000.00000086,24368982.317061942,0.8007253037304302,0.585764682396554,73.74417484569558,0.7952731958652559,2.18492300722332
600,200,30,10,700,0,0.5483989407872516,131998073.72377661,54241000.00000042,29856431.295156047,0.9810339925595579,0.5504402812476874,58.24175901299694,0.9706959835499489,1.9594471493353505
601,200,30,10,700,0,0.4537146301242148,137707292.67774776,57889333.33333345,30317385.722017437,0.9961802087064691,0.523712815061221,55.82710872103492,0.9304518120172486,1.80313669419044
602,200,30,10,700,0,0.4994083763183908,137536741.182412,58690499.99999983,29723498.380874842,0.9766660322246259,0.5064447973841582,55.89633674542163,0.9316056124236938,1.836169826649411
603,200,30,10,700,0,0.8031628567193465,126657882.2648658,50829166.66666746,29424836.797557775,0.9668524961523077,0.5788966990256378,60.69736728996734,0.9884444955093347,2.2547247114491915
604,200,30,10,700,0,0.8899983561367065,134844225.07100445,55747999.999999955,30284937.56515595,0.9951140148079977,0.5432470683281189,57.012452672347386,0.9502075445391232,2.274803555338325
605,200,30,10,700,0,0.8828877775235437,131524660.86941028,54835000.00000022,29246779.340853732,0.9610018164133762,0.5333597034896255,58.45139572443492,0.974189928740582,2.283765469055826
606,200,30,10,700,0,0.48656153273461467,134509222.82077727,55771833.333333574,30106251.091968205,0.9892426666058366,0.5398110352950218,57.15444516576663,0.9525740860961105,1.8709844470667427
607,200,30,10,700,0,0.7799845756922241,132649378.2868448,54033833.33333377,30306340.63128819,0.9958172849079354,0.5608771164601428,57.95579368171392,0.965929894695232,2.1946161635555703
608,200,30,10,700,0,0.8416428273750773,128816910.55538641,52187666.66666749,29612649.042809274,0.973023702449175,0.5674261934711676,59.680052617738696,0.9946675436289782,2.2902513257809898
609,200,30,10,700,0,0.48112789340145057,120031027.58355145,49291000.00000074,27171050.065177247,0.892796713175869,0.5512375497591211,64.04843943078518,0.934752032720616,1.8568699659293635
610,200,25,10,800,0,0.4191720879044727,145149504.6450971,57630833.333333634,34113373.830370404,0.9807964529630624,0.5919292131880254,60.52931438851292,0.9912168923646405,1.8839323508195336
611,200,25,10,800,0,0.8014092644489768,133803172.09340177,51003333.33333383,32800139.300504398,0.9430395375900512,0.6430979537383977,65.66212043065049,0.909947226650924,2.225834854090619
612,200,25,10,800,0,0.7585453739714885,133920309.19505212,53205166.66666677,31453893.70183088,0.9043335182276214,0.5911811892046352,65.60468724130308,0.9108186631852869,2.1423089885204836
613,200,25,10,800,0,0.9003060447464125,122372819.73594424,47186333.33333425,29654531.512578852,0.8525999060205793,0.6284559408990938,71.79535471159345,0.8215280105974976,2.2245988080631856
614,200,25,10,800,0,0.8875655449384107,131805675.55585447,48880333.33333416,33178441.624785177,0.9539161392316027,0.6787687268523389,66.65722066176806,0.8949802055138748,2.3255607319341567
615,200,25,10,800,0,0.9117532180354623,127949751.86492658,49696166.666667275,30776586.073657457,0.8848601901838878,0.6192949705776853,68.66601827626016,0.8655123476816888,2.2727015421792993
616,200,25,10,800,0,0.85496511548738,122173323.83765996,44841500.000001244,31051728.406209275,0.8927708303090389,0.6924774685549863,71.91258880436365,0.8199243929130874,2.2288714832444563
617,200,25,10,800,0,0.8057578793984331,131147887.37984644,48786833.33333426,32917008.156748082,0.9463996438121923,0.6747108985706005,66.99154805714483,0.8900071336487377,2.2355337319036512
618,200,25,10,800,0,0.6177062257194869,113883561.9190925,45402500.00000122,26648396.088703938,0.7661702560092919,0.5869367565377066,77.14721819327875,0.7514226745541646,1.8386783055038167
619,200,25,10,800,0,0.9085836744522288,126632990.54651254,49802500.000000715,30066174.82341453,0.8644350971441898,0.6037081436356427,69.38002460561775,0.8552737007576457,2.246823890118389
620,200,30,10,800,0,0.4771987537741614,152860409.44912627,63176666.6666664,34342695.355032034,0.9873896952232569,0.543597773783024,57.47596798714592,0.9579327997857654,1.870009772586346
621,200,30,10,800,0,0.4486257495087262,147418141.53016716,59101166.66666626,34284293.73523769,0.9857105853871434,0.5800950415852691,59.59782092492397,0.9932970154153995,1.905998798192341
622,200,30,10,800,0,0.868156920910156,141458477.66049898,55592166.666666694,33612302.58361744,0.9663901118037029,0.6046229999481478,62.10868479078336,0.9654656583555538,2.317320979224228
623,200,30,10,800,0,0.7959296423217618,133278117.21781723,50383666.6666671,32939750.390995268,0.947053507683676,0.6537783486247856,65.92079917846765,0.9060326044746745,2.2249849256962646
624,200,30,10,800,0,0.8890035117625814,139638613.41742703,53001666.66666703,34375274.15849647,0.9883263711157846,0.6485696831891368,62.918126906175104,0.9525283120974063,2.360387570411297
625,200,30,10,800,0,0.7837840291541448,140538929.36232457,55174166.666666694,33429950.071087312,0.9611472795242634,0.6058985951351743,62.51506283607197,0.9589486854403643,2.2274515907026484
626,200,30,10,800,0,0.5585879692112214,138677839.13289598,54385833.33333344,33024129.23355891,0.9494794908157774,0.6072193291799429,63.354030138734025,0.9456332195285845,1.9899966520837604
627,200,30,10,800,0,0.9166887133946454,131588876.15749703,50966666.66666724,31743733.280052815,0.9126667200874533,0.622833223284221,66.76704183934505,0.8933435741094009,2.308298866131423
628,200,30,10,800,0,0.7491433603392055,135789463.11573857,52072166.666667186,33089172.010283127,0.9513495411080527,0.6354483427221094,64.70163294269398,0.9246309916164173,2.18213302613331
629,200,30,10,800,0,0.551082969347521,140381519.41589692,55218166.666666694,33325082.356871624,0.9581322191363775,0.6035166389721669,62.585161042252466,0.9578289965914123,1.9917252771166667
630,200,25,10,900,0,0.45033704335547126,156423870.13181278,63171166.66666637,36084428.077996165,0.9221923536390901,0.5712167430499093,63.186008578302506,0.9482850436448496,1.8555954814402482
631,200,25,10,900,0,0.9294355392721556,142708467.25180933,54475666.66666703,34933095.77931091,0.8927683084512242,0.641260546531063,69.2586795327289,0.857005171872522,2.2994491483695283
632,200,25,10,900,0,0.7625650967033905,128452758.3465752,49586166.66666741,31092187.08959136,0.7946080544760418,0.6270334889688501,76.94501953265001,0.7539592238501863,2.018151111728657
633,200,25,10,900,0,0.915192082159886,114104527.69271335,41675333.33333406,29131873.609587204,0.7445092667638475,0.6990195705594043,86.62057676289014,0.641673110024919,2.1160808486323286
634,200,25,10,900,0,0.859690314728468,138741056.5260124,49886833.33333376,35921678.311051644,0.9180330362097443,0.7200633095115546,71.23918649233364,0.829178543523848,2.2649195058615597
635,200,25,10,900,0,0.9123911540456658,133037031.8243144,50077500.0000006,33016341.381639205,0.8437827392323838,0.6593049050299796,74.2935997929683,0.7880240547827435,2.227859132852393
636,200,25,10,900,0,0.5198117148249394,137679519.56177703,51322333.333333954,34488637.82094116,0.881409510416884,0.6720005810519282,71.78845504007677,0.8216224872531238,1.8790346669196056
637,200,25,10,900,0,0.8490228277507537,137794811.63625002,50282833.333334,35207466.066169545,0.8997802577624309,0.7001885878779519,71.72839007967296,0.8224454111278768,2.231619109180992
638,200,25,10,900,0,0.956747934492055,126900110.85938084,47190000.00000093,31861706.942920618,0.8142743028416752,0.6751792104878149,77.88645678136821,0.7422214627547524,2.2391127656370595
639,200,25,10,900,0,0.9047500922403032,117119027.67687026,46526333.33333445,27511128.848315984,0.7030886732930495,0.5913023201552237,84.39106946199438,0.6659652251019762,2.0437571734664584
640,200,30,10,900,0,0.46215327013364044,162360200.88329393,65332666.66666626,37604801.47224456,0.961047804411972,0.5755895693666996,60.87575616578949,0.9855100682080539,1.9081349938350538
641,200,30,10,900,0,0.8871679720271103,158697466.900434,62930999.999999374,37348014.10465429,0.9544852133022833,0.593475617814029,62.28076725510085,0.9627006301963359,2.3246490964746696
642,200,30,10,900,0,0.857253020143327,141391838.42732468,56061500.00000017,33280634.176341422,0.8505371429288888,0.5936450893454744,69.90361049078705,0.8478426837495517,2.1800117753692585
643,200,30,10,900,0,0.49078423466500376,136903014.8593706,52809166.666666724,33162881.011568565,0.847527781995258,0.6279758440593053,72.19563433393216,0.8160655696915208,1.8092304796039689
644,200,30,10,900,0,0.8733727413538844,148670744.75256914,55737000.000000216,37039884.21306413,0.9466104860282943,0.6645475036881063,66.48113599248786,0.8976106016212111,2.302621345925581
645,200,30,10,900,0,0.8994558950791303,134439281.10394195,51183000.000000484,32996965.887721002,0.8432875690636693,0.6446860459082252,73.51869125481505,0.798267502999489,2.2134722348051996
646,200,30,10,900,0,0.5409488730194156,149373929.30556127,57777500.00000006,36082486.239902966,0.9221427270179424,0.6245075719770313,66.16817302691133,0.9023048148659499,1.9428597454669907
647,200,30,10,900,0,0.8716918095954542,149205980.85781604,56589500.00000002,36757732.48307268,0.9393996701217285,0.6495504021606954,66.24265289619082,0.9011854506828118,2.2925175820068224
648,200,30,10,900,0,0.9608583850832254,134047783.8435354,51283833.33333397,32741628.848316137,0.836762043293078,0.638439576766864,73.73340846527287,0.7954159122321399,2.2670259587288566
649,200,30,10,900,0,0.8494999248263722,137495258.92732415,55704000.000000104,31606800.843008142,0.8077597903841925,0.5674063055257806,71.88466043926852,0.8203061342145433,2.12373110346154
650,200,35,10,900,0,0.5064949620167978,169493502.89260167,69459499.99999835,38456676.04975208,0.9828187528094057,0.5536561024734268,58.3137396497304,0.97189566082884,1.9213155048243793
651,200,35,10,900,0,0.5277021564854638,170957183.47143283,70742833.3333316,38353038.78547592,0.9801701451479246,0.5421473381587797,57.81447611209386,0.963574601868231,1.9249946288807185
652,200,35,10,900,0,0.5893810655050538,159729411.55927306,61983166.66666615,38456676.04975196,0.9828187528094028,0.6204374206397805,61.878397369117444,0.969178355312425,2.0549093573293034
653,200,35,10,900,0,0.5237812403819657,163742884.3521617,65119999.99999905,38416055.48340608,0.9817806325542143,0.5899271419442053,60.36170694747821,0.9939896855152364,1.9897126394525664
654,200,35,10,900,0,0.5406533288822588,168404329.657098,68757333.3333317,38372662.59497552,0.9806716613983884,0.5580882901456781,58.69089007465084,0.9781815012441807,1.965305462242982
655,200,35,10,900,0,0.8603378269022645,149014445.06503612,56369499.99999989,36805374.035319746,0.9406172223329697,0.6529306457449476,66.32779792379388,0.8999074999889345,2.282589843487157
656,200,35,10,900,0,0.6219485965479579,156754379.33579582,62281999.99999946,36814260.94149895,0.940844340715122,0.5910898966234106,63.05278386402934,0.9503929664070203,2.0452134802537065
657,200,35,10,900,0,0.8517745214361181,157362024.53261328,60402833.33333278,38308568.82997339,0.979033647907551,0.634218077462819,62.80930884917271,0.9542574176086694,2.313406401015043
658,200,35,10,900,0,0.9244693511055387,144680553.30480897,55911166.66666699,34982383.09979228,0.8940279207687875,0.625677931357637,68.3146405942828,0.8705959139580912,2.2956076101497396
659,200,35,10,900,0,0.8365428691785662,155317890.10016644,61581666.666665986,36559573.824712485,0.9343354247039497,0.5936762644409248,63.635940416302425,0.9412005790175293,2.2526844597488354
660,200,30,8,900,0,0.46215327013364044,162273757.69782862,64857833.333332986,37865264.69716784,0.9677043376375852,0.5838194517316291,60.908184664119936,0.9849775685956809,1.9141864001146245
661,200,30,8,900,0,0.4551518411876558,163153490.1381024,64766166.66666558,38353038.78547588,0.9801701451479236,0.5921770695935871,60.57976443920255,0.9903837936216023,1.919277290484128
662,200,30,8,900,0,0.5215835530902719,148253949.09083018,56103666.6666667,36602762.53009451,0.9354391776519192,0.6524130186992144,66.668038596021,0.8948188561095234,1.9383328241591669
663,200,30,8,900,0,0.49078423466500376,140392557.69270405,52855000.00000011,34836714.34490199,0.890305134539958,0.6590996943506179,70.40116771455929,0.840840917835412,1.8589049079809103
664,200,30,8,900,0,0.46880976727811163,150038063.19198194,55447333.333333716,37891823.259467006,0.968383082026245,0.6833840508013624,65.87528384282817,0.9067201715336308,1.9222371794528326
665,200,30,8,900,0,0.8261634307697902,136431367.06564364,49124166.66666744,35281457.00291599,0.9016712085060227,0.7182097813957579,72.44521705367383,0.812678022447073,2.2134092783334696
666,200,30,8,900,0,0.5409488730194156,148157973.17277005,57020333.333333276,35971653.41114554,0.9193102257796975,0.6308565963804533,66.71122578380779,0.8941750093538446,1.939809159477623
667,200,30,8,900,0,0.8694802204658886,153458336.8847474,58019500.00000009,37921605.605049975,0.9691442150920284,0.6536010411163473,64.40705797185252,0.9291817059867342,2.3215427593457005
668,200,30,8,900,0,0.9393646376156533,136502048.8435344,51074833.333333686,34072628.848316334,0.8707777694129631,0.6671118949316088,72.40770438053508,0.8131862767307089,2.2862404302916493
669,200,30,8,900,0,0.5699069890569569,135552605.84353393,52999833.33333353,32382295.514982928,0.8275787343130585,0.6109886291777548,72.91486532843716,0.8063416398723849,1.8650395322715458
670,200,35,8,900,0,0.5064949620167978,169555755.55926836,69507166.66666502,38456676.04975208,0.9828187528094057,0.5532764158576403,58.292329667010975,0.9715388277835163,1.9206549224864262
671,200,35,8,900,0,0.5277021564854638,170978732.4714324,70759333.3333315,38353038.78547592,0.9801701451479246,0.5420209176477577,57.807189567576266,0.9634531594596044,1.9247720500632743
672,200,35,8,900,0,0.5893810655050538,158956041.89260712,61390999.999999665,38456676.04975189,0.982818752809401,0.6264220496449333,62.17945466129328,0.9643275650164235,2.054846270237424
673,200,35,8,900,0,0.5237812403819657,158960786.2809524,62247166.66666576,37913284.50347636,0.9689315567057447,0.6090764693998427,62.1775988357975,0.9643573925390675,1.9753998084409075
674,200,35,8,900,0,0.5406533288822588,167820112.32376504,68309999.99999844,38372662.594975516,0.980671661398388,0.5617429746007377,58.8952054860492,0.98158675810082,1.971634466663669
675,200,35,8,900,0,0.6037908417143617,159585786.10452527,61981333.33333257,38387749.19693913,0.9810572224205324,0.6193437141871683,61.93408724713317,0.9682792155787785,2.0675450286428747
676,200,35,8,900,0,0.6227390991519334,157178794.16912845,62575333.33333257,36834427.608165696,0.9413597305048191,0.588641332710964,62.882528474959386,0.9530936216752613,2.0467457869959658
677,200,35,8,900,0,0.5348702583660824,161549104.89260468,63376499.99999904,38456676.04975209,0.9828187528094059,0.6067970943449491,61.18139748635931,0.9805026230760812,2.0008105569181227
678,200,35,8,900,0,0.8785248297294359,137668685.80480903,52880666.66666702,33491883.099792358,0.8559359299485932,0.633348352260917,71.79410439069318,0.8215451303365702,2.2067486418747397
679,200,35,8,900,0,0.6024204885439729,167654654.8926036,68051499.99999887,38456676.04975196,0.9828187528094028,0.5651113649185191,58.953328831408676,0.982555480523478,2.037065061002266
680,200,30,6,900,0,0.46215327013364044,161394481.04027545,63310499.99999963,38422385.57358572,0.9819424076209796,0.6068880450096894,61.24001227485301,0.9795452249018334,1.9272089310432254
681,200,30,6,900,0,0.4551518411876558,163014618.8047688,64659833.33333218,38353038.78547594,0.980170145147925,0.593150906958879,60.63137203564016,0.9895323044160325,1.9192048711707914
682,200,30,6,900,0,0.5215835530902719,148420125.81077138,56140333.33333336,36660493.15638761,0.9369145714706382,0.653015238415416,66.5933945683443,0.8959327635780409,1.9399285074006456
683,200,30,6,900,0,0.49078423466500376,139772628.85937065,52314166.66666677,34878881.01156876,0.8913827677365961,0.6667196140924612,70.7134156426605,0.8364764371119195,1.8606363630508922
684,200,30,6,900,0,0.46880976727811163,149685667.24681485,55416166.666667074,37739704.04106754,0.9644954444074273,0.6810233603503298,66.03037005341817,0.9043795345832681,1.9180079901416438
685,200,30,6,900,0,0.5830980721459273,158007458.15720522,62822833.33333268,37080203.915995374,0.9476409172620617,0.5902345046943509,62.55274349243934,0.9583466442395476,2.013632320140956
686,200,30,6,900,0,0.5409488730194156,149064034.00610337,57049666.666666605,36395153.41114557,0.9301334113632964,0.6379555839265016,66.30573274030215,0.9002385045843943,1.951551844745011
687,200,30,6,900,0,0.4813426276677851,154918836.97564477,58719833.33333298,38188011.05042132,0.9759526107844375,0.6503426335296403,63.799859287310944,0.9386327459786818,1.940249480470179
688,200,30,6,900,0,0.5023629739841562,144350001.30871636,53716666.66666673,36218904.1688874,0.9256290943433938,0.6742582221946141,68.47107662203521,0.8683289943654557,1.9100985461053033
689,200,30,6,900,0,0.5012796435083265,135134446.34353462,52268333.33333372,32644462.181649633,0.8342788015790964,0.6245552536267859,73.14049280132254,0.80331512021397,1.8042389666237253
690,200,30,8,800,0,0.47439084989503616,157381425.58972248,66577499.999999344,34381508.34051987,0.9885056106025056,0.5164133279339147,55.82488509732842,0.9304147516221403,1.8179362638643082
691,200,30,8,800,0,0.4486257495087262,147489971.53016704,59156166.66666623,34284293.735237665,0.9857105853871427,0.5795557025934954,59.56879582286031,0.9928132637143385,1.9050835752978612
692,200,30,8,800,0,0.5286164560652902,142610022.77509615,57298999.999999896,33086397.645239633,0.9512697751075564,0.5774341200586344,61.607170583344555,0.9735693913926182,1.964133143504816
693,200,30,8,800,0,0.4907387186147849,142358661.5085921,57891166.66666659,32586284.939934414,0.9368909930532164,0.5628887240701855,61.71594974900583,0.9718059226792932,1.9128556205502265
694,200,30,8,800,0,0.5038786584693975,140169195.70885274,53489333.33333394,34323390.12958382,0.9868346490780877,0.6416866315324569,62.67996299450201,0.9563167905933865,1.9735447542887496
695,200,30,8,800,0,0.8789654278978694,139094358.6795337,55709499.999999814,32383724.587376174,0.9310671634816249,0.5812962706069212,63.16431581702055,0.948627954314759,2.2926303986981655
696,200,30,8,800,0,0.5585879692112214,138842347.5728994,54393166.66666677,33099742.26756092,0.9516534474556487,0.6085275834445049,63.27896462127307,0.9468170340204374,1.9922270699872628
697,200,30,8,800,0,0.8210518466742299,145701619.66526964,57757333.333333306,34303095.3303741,0.9862511516152608,0.5939175746290362,60.29994738688714,0.9950133517047959,2.291199258082255
698,200,30,8,800,0,0.7885476844295551,138889171.98651537,52897166.66666718,34076121.19075006,0.9797253992178415,0.644195584339736,63.25763106178648,0.9471537435022912,2.251057895403635
699,200,30,8,800,0,0.5528626439213133,141543644.14963385,55056833.33333334,33995080.43743308,0.977395389767765,0.6174543354430676,62.07131413623935,0.9660671803899175,2.0128932926656846
700,200,35,8,800,0,0.5412927721994597,160228848.92305326,68759166.6666653,34381508.340520084,0.9885056106025119,0.5000279963716949,54.83282229793217,0.9138803716322028,1.8551955409290186
701,200,35,8,800,0,0.5044502813777785,148044477.13746673,60730999.99999906,33552037.32103648,0.9646574202185724,0.5524696995115674,59.34567887893544,0.9890946479822573,1.9355206889692897
702,200,35,8,800,0,0.5339037938165305,155009202.2563868,64762499.99999857,34381508.34052031,0.9885056106025183,0.530886058143541,56.679215634360844,0.9446535939060141,1.9032662342373774
703,200,35,8,800,0,0.5266382760054074,160959120.58971915,69318333.33333176,34381508.3405201,0.9885056106025123,0.4959944460174684,54.584045736648804,0.9097340956108134,1.8331679284301954
704,200,35,8,800,0,0.5194240201572906,155367550.08408704,65046666.66666524,34375274.15849658,0.9883263711157879,0.5284709566234088,56.548487732766624,0.9424747955461104,1.884675581002128
705,200,35,8,800,0,0.6787218662898735,160384480.58972034,68878333.3333321,34381508.34051996,0.9885056106025082,0.4991628960319486,54.77961438472941,0.9129935730788236,1.9910457561942558
706,200,35,8,800,0,0.5822890504520808,146245485.75639156,57997499.999999724,34416341.673853524,0.9895071066711272,0.5934107793241724,60.0757004878424,0.9987391207796522,2.055756794691071
707,200,35,8,800,0,0.8867913478111245,148151831.58972338,59511833.33333268,34381508.34052016,0.9885056106025141,0.5777255785071407,59.30267554390081,0.9883779257316802,2.337349736348517
708,200,35,8,800,0,0.8787523809321914,145568345.92305785,57533666.66666628,34381508.34052025,0.9885056106025167,0.5975893825734582,60.3551544416384,0.9940982434965028,2.3509221304874606
709,200,35,8,800,0,0.5938303905382601,151278374.42305544,61851166.66666573,34416341.67385346,0.9895071066711252,0.5564380355076133,58.07703866138985,0.9679506443564975,2.006931463300848
710,200,30,6,800,0,0.47439084989503616,157400580.25638926,66592166.666666046,34381508.34051992,0.9885056106025071,0.5162995898995163,55.818091557787405,0.9303015259631234,1.8177320477777728
711,200,30,6,800,0,0.4500443785547162,146256889.86350057,58211999.99999957,34284293.73523774,0.985710585387145,0.5889557777646877,60.07101619759356,0.9988170968888788,1.9200260976553452
712,200,30,6,800,0,0.5286164560652902,143480008.46570492,57187166.66666647,33582268.81358642,0.9655266083794445,0.5872343529332608,61.23361779770185,0.9796496251242609,1.9780535635361596
713,200,30,6,800,0,0.4907387186147849,143646119.64948857,57889333.333333276,33215788.343658045,0.9549898978572509,0.573780806083874,61.162807748919796,0.9808064582474801,1.9305698217293643
714,200,30,6,800,0,0.4970817084985189,140385443.69683677,53621333.3333338,34344793.735237636,0.987450025927363,0.6405061493293217,62.5834115606244,0.9578569254024576,1.967343553364434
715,200,30,6,800,0,0.5277607168337699,143374430.132377,55925833.33333338,34334695.85116798,0.9871597008212273,0.6139326641146987,61.278709124689165,0.9789136733412616,1.9978205214667903
716,200,30,6,800,0,0.5585879692112214,138707159.6328963,53709333.333333544,33469629.23355901,0.9622880984301359,0.6231622542368591,63.34063809865751,0.9458443090515963,2.002962081652305
717,200,30,6,800,0,0.8577991127691962,143451194.25639206,55911166.66666654,34381508.34052022,0.9885056106025156,0.6149309769459343,61.24591743932806,0.979448823384738,2.329192717710682
718,200,30,6,800,0,0.5317381437097503,137955482.2824051,52180333.33333382,34077338.67694982,0.9797604032649989,0.6530686275854154,63.68576191857903,0.9404193696244578,1.9946124154025404
719,200,30,6,800,0,0.5528626439213133,140958268.14963418,54545333.33333345,34035413.77076636,0.9785550167945777,0.6239839724284318,62.329085872943885,0.961925669549317,2.013975491413376
720,200,30,8,700,0,0.5091706727881046,142214739.95350748,61357999.999999486,30306340.631288238,0.9958172849079369,0.4939264746453354,54.05768770883579,0.9009614618139299,1.8052733143183028
721,200,30,8,700,0,0.4445079421057193,137068005.67774796,57399833.33333347,30317385.722017445,0.9961802087064692,0.528178985223837,56.087487098005255,0.9347914516334209,1.8018425819182098
722,200,30,8,700,0,0.4994083763183908,136659874.3490781,57924166.66666634,29783998.38087484,0.9786539642705927,0.514189501460962,56.254990988522465,0.937583183142041,1.8483431606292013
723,200,30,8,700,0,0.5689227604941322,124198848.76400803,51348000.00000047,27894026.727186847,0.9165525557361194,0.5432349210716404,61.899124480676115,0.9688436086703321,1.9723543060217765
724,200,30,8,700,0,0.6032441082868245,137172036.34441397,57502499.999999955,30302719.055350807,0.9956982857862358,0.5269808974453428,56.044950595450345,0.9340825099241724,1.958911336167271
725,200,30,8,700,0,0.8447862992346673,130015611.62017871,52017166.666667216,30306340.631288208,0.9958172849079359,0.5826219029862811,59.12982221287983,0.9854970368813305,2.2963808585050227
726,200,30,8,700,0,0.48656153273461467,133012417.21294074,54615000.00000035,30113092.832083452,0.9894674751087338,0.5513703713647031,57.79761138911215,0.9632935231518691,1.8909513529782462
727,200,30,8,700,0,0.8330396336771101,136954389.6201769,57330166.666666865,30306340.631288156,0.9958172849079342,0.5286281619849011,56.13401674324566,0.935566945720761,2.191509108985792
728,200,30,8,700,0,0.7607374294275474,128184410.96382073,50843833.33333377,30160500.06368263,0.9910251999832228,0.593198783143463,59.974531553371456,0.9995755258895243,2.234871981831842
729,200,30,8,700,0,0.48112789340145057,119983140.91688484,49254333.33333409,27171050.065177247,0.892796713175869,0.5516479104750884,64.07400190769735,0.9343538745882887,1.8568000963698101
730,200,35,8,700,0,0.53909018472662,152429526.95350346,69180833.33333193,30306340.631288223,0.9958172849079364,0.43807423488618724,50.4351102680064,0.84058517113344,1.7301347437690098
731,200,35,8,700,0,0.4936082861735155,145285918.67774266,63693666.666665584,30317385.72201757,0.9961802087064734,0.4759874459839244,52.91496980552009,0.8819161634253347,1.75631440638599
732,200,35,8,700,0,0.5471685397501231,148735070.6201711,66351999.99999881,30306340.631288186,0.9958172849079352,0.45675097406692683,51.687876759292024,0.8614646126548671,1.7740339316585316
733,200,35,8,700,0,0.5116154862756139,130530269.73705634,53934833.333333395,29336120.41827994,0.9639374195677032,0.5439178839577373,58.89668362354961,0.9816113937258268,1.9283611871676307
734,200,35,8,700,0,0.5432410253637716,143977292.6777451,62714666.66666607,30302719.055350687,0.9956982857862319,0.4831839291502941,53.395919988626936,0.8899319998104489,1.819720168494456
735,200,35,8,700,0,0.5897875844040339,143335848.95350623,62217833.33333256,30306340.631288175,0.9958172849079349,0.48710054670212805,53.63487261650564,0.8939145436084274,1.8733825653741638
736,200,35,8,700,0,0.5644806825728444,140795887.45025626,60441333.33333256,30199043.167525303,0.99229166397132,0.4996422398721464,54.602447125567714,0.9100407854261285,1.87423525989669
737,200,35,8,700,0,0.5471746986545044,147164387.95350465,65149333.333332166,30306340.631288186,0.9958172849079352,0.46518266696955807,52.23954046836994,0.8706590078061657,1.7899798400363167
738,200,35,8,700,0,0.7753378175268467,137838094.06288612,58547499.99999999,29962612.19922858,0.984522925152542,0.5117658687258821,55.774131616275696,0.9295688602712616,2.114319372778814
739,200,35,8,700,0,0.5646745329497225,141456262.8646568,60765833.33333269,30314503.594270032,0.99608550665507,0.49887415232140353,54.34754067662292,0.905792344610382,1.8695661994172275
740,200,30,6,700,0,0.5200827737229506,148059307.62017295,65833166.66666593,30306340.631288175,0.9958172849079349,0.46035064338828985,51.92378732259142,0.8653964553765238,1.7537597438101065
741,200,30,6,700,0,0.4636127391223007,136974626.677747,57328333.3333332,30317385.722017545,0.9961802087064726,0.5288377310001038,56.12572332893947,0.9354287221489912,1.822111646071375
742,200,30,6,700,0,0.4994083763183908,137363820.62017548,57643666.666666426,30306340.6312882,0.9958172849079358,0.5257531726171998,55.96670189640055,0.9327783649400092,1.8527892793521599
743,200,30,6,700,0,0.5689227604941322,126824703.73017818,51393833.3333339,29146343.28786845,0.9577016503257749,0.5671175196998628,60.61752776774414,0.9897606532646096,2.012377429518632
744,200,30,6,700,0,0.6032441082868245,137114572.34441406,57458500.0,30302719.055350844,0.9956982857862369,0.5273844436480389,56.068438741064234,0.9344739790177372,1.959625642222993
745,200,30,6,700,0,0.5072410754379287,132002908.28684403,53538833.33333352,30306340.631288283,0.9958172849079384,0.5660627762020995,58.23962592774328,0.9706604321290547,1.930751728528663
746,200,30,6,700,0,0.48855509642623823,127738533.78882326,50367166.66666762,30246712.602319665,0.9938580044182761,0.6005244011936167,60.183875389625456,0.9969401012350293,1.965914718616161
747,200,30,6,700,0,0.49965487634301814,133358100.95351064,54576500.000000186,30306340.631288245,0.9958172849079372,0.5553001865507708,57.64779151046856,0.960796525174476,1.9046915507581108
748,200,30,6,700,0,0.5196191198902269,126357583.54184264,50015166.66666741,29797108.77265648,0.979084750517831,0.5957614611432407,60.84161935127721,0.9860709306500408,1.9822992194548603
749,200,30,6,700,0,0.48112789340145057,120334970.24907094,49239666.66666744,27352106.189556297,0.8987459242795335,0.5554892638636032,63.88666556436328,0.9372757409500398,1.862795045442373
750,200,30,8,600,0,0.5006226838260968,136378155.22679698,63510333.333332494,26085973.593688354,0.9999999999999933,0.4107358948468548,48.320055283349134,0.8053342547224855,1.6345456544260661
751,200,30,8,600,0,0.4421023217456409,130402945.10302272,58970999.99999962,26063113.27624412,0.9991236548115673,0.44196491964260887,50.53413475281433,0.8422355792135722,1.6379098366733
752,200,30,8,600,0,0.5102695684029265,123441572.22680232,53604833.33333369,26085973.59368819,0.999999999999987,0.48663472995945045,53.38396037189476,0.8897326728649126,1.7893100252353995
753,200,30,8,600,0,0.4884662639235121,125542448.43635657,55249333.333333015,26063113.276244193,0.9991236548115703,0.4717362491778666,52.490612395063195,0.8748435399177199,1.7406988031835253
754,200,30,8,600,0,0.5182340647514057,121007675.37135397,52229833.333333686,25774530.521239065,0.9880608990371431,0.49348291725812304,54.45770261908525,0.9076283769847541,1.8206487755426584
755,200,30,8,600,0,0.9035956251378573,114379020.5601387,46665666.666667804,26085973.59368835,0.9999999999999931,0.5589971269460284,57.613712442442065,0.9602285407073677,2.3110218674020477
756,200,30,8,600,0,0.48287475143574454,121834689.46507272,52446166.66666694,26040261.492632817,0.9982476367657303,0.4965141047988766,54.08804363464273,0.9014673939107122,1.781553429185558
757,200,30,8,600,0,0.5435394232920181,129551910.89346668,58283499.99999986,26085973.593688294,0.999999999999991,0.44757047180914594,50.86609649022417,0.8477682748370695,1.7493640755764044
758,200,30,8,600,0,0.876671278872269,118133335.22680478,49540333.33333425,26085973.59368831,0.9999999999999916,0.5265603163823651,55.78273048287522,0.929712174714587,2.227631706692748
759,200,30,8,600,0,0.5006900887236994,133358900.89346378,61198499.9999991,26085973.59368834,0.9999999999999928,0.4262518459388502,49.41402452967413,0.8235670754945689,1.6652586409693484
760,200,35,8,600,0,0.5680900625535518,140032468.89346233,66309833.33333221,26085973.593688324,0.9999999999999921,0.3933952519916166,47.05908602535292,0.7843181004225487,1.6671243645693936
761,200,35,8,600,0,0.528412320102539,138049857.84958735,64815666.666665465,26070732.31637826,0.9994157290217468,0.40222886930184687,47.734927819918056,0.7955821303319676,1.6457775458759842
762,200,35,8,600,0,0.5458776584556009,135983651.2267966,63209666.66666567,26085973.5936883,0.9999999999999913,0.41268962437742196,48.46023724579496,0.8076706207632492,1.6836999787207878
763,200,35,8,600,0,0.5218811794651274,134029875.22679976,61713666.666666426,26085973.593688205,0.9999999999999877,0.422693626917133,49.16665026248078,0.8194441710413464,1.6794802520401801
764,200,35,8,600,0,0.5479282740952387,145752531.22679278,70689666.66666485,26085973.593688328,0.9999999999999923,0.3690210298585225,45.21225082359762,0.753537513726627,1.5966826117086836
765,200,35,8,600,0,0.5707227061139741,133211013.22679757,61086666.66666588,26085973.59368824,0.9999999999999888,0.4270321989581235,49.468882792600475,0.8244813798766746,1.7368298451571476
766,200,35,8,600,0,0.5595160376013129,130347390.56013285,58893999.99999976,26085973.5936882,0.9999999999999875,0.44293091985072003,50.55567258908757,0.8425945431514595,1.7564553166333483
767,200,35,8,600,0,0.5852480298429369,144746911.22679353,69919666.66666496,26085973.593688264,0.9999999999999898,0.37308492499042567,45.526360073237875,0.7587726678872979,1.6424886377225754
768,200,35,8,600,0,0.849726041923607,127620244.89346804,56805833.333333544,26085973.59368841,0.9999999999999954,0.45921293752733694,51.636008107498036,0.8606001351249672,2.0776965270704437
769,200,35,8,600,0,0.579673064388702,139079524.2267962,65580166.66666571,26085973.59368831,0.9999999999999916,0.3977722979308585,47.38152532973905,0.7896920888289841,1.687582991562373
770,200,30,6,600,0,0.5006226838260968,136440407.8934637,63557999.99999916,26085973.593688354,0.9999999999999933,0.4104278547734148,48.29800864525039,0.8049668107541732,1.6339317783990017
771,200,30,6,600,0,0.47633692017085816,138087709.22679666,64819333.333332345,26085973.59368823,0.9999999999999886,0.40244125096969985,47.72184314519148,0.795364052419858,1.593653973366476
772,200,30,6,600,0,0.5102695684029265,123484670.22680253,53637833.33333372,26085973.593688212,0.9999999999999878,0.48633533408361673,53.365328569907575,0.8894221428317929,1.7887599785016128
773,200,30,6,600,0,0.4884662639235121,125496956.10302354,55214499.99999976,26063113.27624416,0.999123654811569,0.4720338548070574,52.50964011103402,0.8751606685172336,1.7412540162863916
774,200,30,6,600,0,0.5201055998045376,120988520.70468727,52215166.666667014,25774530.521239065,0.9880608990371431,0.4936215311880436,54.46632425636974,0.9077720709394956,1.8227748956944683
775,200,30,6,600,0,0.5385027028348323,130670064.56013177,59139666.66666612,26085973.593688227,0.9999999999999885,0.44109098112978545,50.43083143934244,0.840513857322374,1.7318893450610346
776,200,30,6,600,0,0.48287475143574454,121863421.46507277,52468166.66666694,26040261.492632817,0.9982476367657303,0.496305915510027,54.07529118069855,0.9012548530116425,1.7811743368554087
777,200,30,6,600,0,0.5435394232920181,129535150.56013334,58270666.66666651,26085973.593688294,0.999999999999991,0.4476690432067884,50.87267796813851,0.8478779661356418,1.7495526239930905
778,200,30,6,600,0,0.4668206715010396,114920139.89347301,47080000.0000014,26085973.593688197,0.9999999999999872,0.5540776039440828,57.34242932621311,0.9557071554368851,1.865789910093191
779,200,30,6,600,0,0.5006900887236994,133787486.56013006,61526666.66666567,26085973.593688298,0.9999999999999911,0.42397833341134555,49.255727642646534,0.8209287940441089,1.6608015494968846
780,200,30,8,500,0,0.47645786895391035,123119291.57788697,60179166.66666621,21738311.328073673,0.999999999999995,0.3612265262575449,44.60551981429987,0.7434253302383311,1.5088644201982775
781,200,30,8,500,0,0.4943696883877759,121735680.09687938,59139666.666666076,21725610.26364865,0.9994157290217514,0.36736105372562466,45.11249286675468,0.7518748811125779,1.5401334124808534
782,200,30,8,500,0,0.8168958719874502,117286695.57788879,55713166.66666655,21738311.328073613,0.9999999999999923,0.3901826557110736,46.82372517139386,0.780395419523231,1.90943741607954
783,200,30,8,500,0,0.46416330560613955,110423535.0103995,50458833.333333835,21737822.682803407,0.9999775214705964,0.4308031170519174,49.733962958918056,0.8288993826486343,1.6377051818963078
784,200,30,8,500,0,0.4824342896093741,121194247.57788639,58705166.66666615,21738311.32807368,0.9999999999999953,0.370296390631271,45.31403189306204,0.7552338648843673,1.5339052669987583
785,200,30,8,500,0,0.5765576958781576,123531116.91122048,60494499.99999961,21738311.328073695,0.999999999999996,0.35934359864241927,44.456814908804354,0.7409469151467393,1.6049794899388323
786,200,30,8,500,0,0.523613037359528,119034558.91122052,57051499.99999963,21738311.328073606,0.999999999999992,0.38102961934521873,46.13618137650215,0.7689363562750359,1.597373089110739
787,200,30,8,500,0,0.7556703375379061,107328663.24455984,48088333.33333427,21738311.328073625,0.9999999999999928,0.45204958918808863,51.16806483917858,0.8528010806529763,1.9701110895413532
788,200,30,8,500,0,0.8109184968961414,120844674.91122207,58437499.999999955,21738311.328073703,0.9999999999999964,0.37199249331463047,45.44511377133104,0.7574185628555173,1.865931054403363
789,200,30,8,500,0,0.5250949987455196,119762436.2445548,57608833.333333224,21738311.328073658,0.9999999999999943,0.3773433702830359,45.8557805953926,0.7642630099232101,1.5912327048951584
790,200,35,8,500,0,0.5801535513476327,125935588.57788476,62336999.99999913,21738311.328073654,0.9999999999999941,0.34872244939721125,43.608006775651035,0.7268001129275172,1.5859316237929189
791,200,35,8,500,0,0.587952096846702,127465880.76354358,63528666.666665524,21725610.26364865,0.9994157290217514,0.3419812094852042,43.08447066072214,0.7180745110120357,1.5796115754469011
792,200,35,8,500,0,0.5795478304366074,131974097.24455065,66960666.666665584,21738311.328073673,0.999999999999995,0.324642994316176,41.61271124153693,0.6935451873589488,1.5328074132484968
793,200,35,8,500,0,0.5451488286152749,123876461.91121835,60760333.33333235,21738311.328073613,0.9999999999999923,0.35777142973882026,44.33287741085103,0.7388812901808506,1.5702472625871817
794,200,35,8,500,0,0.5216946821617198,136564034.24454856,70475166.66666481,21738311.32807362,0.9999999999999927,0.30845349299976865,40.21410198065546,0.6702350330109242,1.438692509572459
795,200,35,8,500,0,0.6418074027310046,131907055.91121346,66909333.33333133,21738311.328073613,0.9999999999999923,0.32489206281247657,41.63386076705803,0.6938976794509671,1.5956187324319528
796,200,35,8,500,0,0.5865243105276532,126773605.24455202,62978666.6666659,21738311.328073643,0.9999999999999937,0.3451694435376092,43.31974301279884,0.7219957168799807,1.5846555822377213
797,200,35,8,500,0,0.6058243099467214,133554357.244549,68170666.66666517,21738311.328073654,0.9999999999999942,0.31888072085854324,41.12033566934895,0.6853389278224824,1.5462678144560384
798,200,35,8,500,0,0.8277621340948537,117727813.9112226,56052333.33333349,21738311.328073658,0.9999999999999943,0.38782170224386014,46.64827976964995,0.7774713294941659,1.9154908253841079
799,200,35,8,500,0,0.5920641593461802,126210936.91121772,62547833.333332285,21738311.328073613,0.9999999999999922,0.34754699195134353,43.51286928377033,0.7252144880628388,1.5953162409700938
800,200,30,6,500,0,0.47645786895391035,123138446.24455374,60193833.333332896,21738311.328073647,0.9999999999999939,0.36113851077890824,44.59858125132787,0.7433096875221312,1.5086783650991682
801,200,30,6,500,0,0.4943696883877759,121699765.0968796,59112166.66666614,21725610.263648655,0.9994157290217515,0.3675319564271684,45.12580608210895,0.7520967680351492,1.5404920215646598
802,200,30,6,500,0,0.5538215599790851,122597326.91122104,59779499.99999968,21738311.328073654,0.9999999999999941,0.3636415715767741,44.795430197078375,0.7465905032846396,1.591325320525144
803,200,30,6,500,0,0.46416330560613955,110373254.01039962,50420333.33333385,21737822.682803407,0.9999775214705964,0.4311320700538113,49.75661947488247,0.8292769912480412,1.6383459528972297
804,200,30,6,500,0,0.4824342896093741,121184670.24455322,58697833.333332844,21738311.32807368,0.9999999999999953,0.37034265310316156,45.31761310170199,0.7552935516950331,1.5340019637869364
805,200,30,6,500,0,0.5765576958781576,123492807.57788634,60465166.66666611,21738311.328073695,0.999999999999996,0.35951792621218104,44.47060608397252,0.7411767680662087,1.6053488049141111
806,200,30,6,500,0,0.523613037359528,119072868.24455383,57080833.33333295,21738311.328073606,0.999999999999992,0.3808338116076398,46.12133797533834,0.768688966255639,1.596969052901279
807,200,30,6,500,0,0.5325098462764524,121383399.91121957,58849999.999999315,21738311.32807361,0.9999999999999921,0.36938506929607245,45.24341882017418,0.7540569803362362,1.5820748820495467
808,200,30,6,500,0,0.7679342706137711,111607336.9112252,51364500.00000073,21738311.328073613,0.9999999999999922,0.42321664433749584,49.206442443549136,0.8201073740591522,1.92661496014292
809,200,30,6,500,0,0.5250949987455196,119736098.57788818,57588666.66666656,21738311.328073658,0.9999999999999943,0.37747551013637576,45.86586722990303,0.7644311204983839,1.5915065273530042
810,200,30,8,400,0,0.48675903194873077,114764752.01083583,60619166.66666617,17380488.210919015,0.9994157290217577,0.28671605313367593,38.285274206710675,0.638087903445178,1.3542197779008496
811,200,30,8,400,0,0.4533073841349249,118542280.59564026,63495666.66666604,17390649.06245905,1.0000000000000027,0.27388717963628845,37.06525619316957,0.6177542698861594,1.290171397730115
812,200,30,8,400,0,0.5580659155032909,110504503.59564222,57341166.66666639,17390649.062459003,0.9999999999999997,0.3032838373093052,39.76127539632032,0.6626879232720053,1.4633809086227405
813,200,30,8,400,0,0.5387489088999434,110430279.26230893,57284333.33333289,17390649.062458962,0.9999999999999973,0.3035847333906146,39.78800044110413,0.6631333406850689,1.444750036297504
814,200,30,8,400,0,0.9241781097006921,107647816.32227999,55218166.666666746,17349629.407327443,0.9976412809559758,0.31420147488889383,40.816434091386306,0.6802739015231051,1.8558131911349123
815,200,30,8,400,0,0.8246612307633489,103819524.92897865,52222500.00000032,17390649.062459014,1.0000000000000002,0.3330106575223114,42.32151903031469,0.7053586505052448,1.796428407286443
816,200,30,8,400,0,0.5011071854840252,107212295.26231165,54820333.33333363,17390649.06245901,1.0000000000000002,0.31722990366942166,40.98223985644446,0.6830373309407409,1.4379284393603036
817,200,30,8,400,0,0.8027848001722178,107877919.92897762,55330000.000000164,17390649.06245902,1.0000000000000009,0.31430777268134774,40.72937263614924,0.678822877269154,1.73305389558645
818,200,30,8,400,0,0.9007573670129357,100977350.40201762,50070166.66666724,17375408.85082955,0.9991236548115758,0.3470211906124276,43.51272817624068,0.7252121362706779,1.9035864557735556
819,200,30,8,400,0,0.4991798752001323,111107875.59564236,57803166.666666396,17390649.06245901,1.0000000000000002,0.3008597982658232,39.54535154636981,0.6590891924394968,1.3989569062522877
820,200,35,8,400,0,0.5294802105106552,122429574.01083499,66489499.99999916,17380488.210919064,0.9994157290217606,0.2614019989760682,35.88838755259533,0.5981397925432556,1.3367416022347653
821,200,35,8,400,0,0.4976584959634144,126089780.26230565,69276166.66666529,17390649.062459007,1.0,0.251033651243107,34.846598914357216,0.5807766485726202,1.2792620655305202
822,200,35,8,400,0,0.5777623572241702,122009836.26230495,66152166.66666517,17390649.06245898,0.9999999999999986,0.2628885785417869,36.011850639270705,0.6001975106545118,1.3882707307121116
823,200,35,8,400,0,0.5673712040366102,114292875.09394005,60248833.3333326,17387131.32940185,0.9997977227276267,0.28858868076674343,38.443341252800145,0.6407223542133358,1.4389645028633407
824,200,35,8,400,0,0.5366395185030869,124306001.92897293,67910333.33333203,17390649.06245902,1.0000000000000007,0.25608251658990566,35.34664402214921,0.5891107337024869,1.3306162654774982
825,200,35,8,400,0,0.6158200641431352,117908343.2623068,63011666.666665815,17390649.062459007,1.0,0.2759909391772832,37.26453852570262,0.6210756420950436,1.4576884575800053
826,200,35,8,400,0,0.5483154173736982,115376691.49850516,61082999.999999225,17384395.720763057,0.9996404193038747,0.28460284728587787,38.082215245849085,0.6347035874308181,1.4107012826332186
827,200,35,8,400,0,0.8209231585536781,111479558.26230818,58089166.666666254,17390649.06245895,0.9999999999999968,0.2993785254701951,39.4135038610533,0.656891731017555,1.7173177099473893
828,200,35,8,400,0,0.8649719623521755,103236036.52534689,52092333.33333388,17189742.569715038,0.9884474413794214,0.3299860357515474,42.5607195692874,0.70934532615479,1.8383061171082034
829,200,35,8,400,0,0.5494828078865475,119830992.92897305,64483833.33333238,17390649.062458996,0.9999999999999992,0.26969006281873104,36.66664101335053,0.6111106835558421,1.3763455416973742
830,200,30,6,400,0,0.48675903194873077,114036874.67750266,60061833.333332874,17380488.210919,0.9994157290217568,0.28937658486813533,38.52964238476113,0.6421607064126855,1.3604210062559245
831,200,30,6,400,0,0.4533073841349249,118123272.26230632,63174833.33333251,17390649.062459033,1.0000000000000016,0.2752781154277034,37.19673452868002,0.6199455754780003,1.293475451955088
832,200,30,6,400,0,0.5580659155032909,110547601.59564237,57374166.6666664,17390649.062459,0.9999999999999996,0.3031093970130415,39.745774097130635,0.6624295682855106,1.4629830013992347
833,200,30,6,400,0,0.5456013145115439,109000862.26230933,56189833.33333303,17390649.062458966,0.9999999999999977,0.30949814282760035,40.309772866074866,0.6718295477679145,1.4650293765415388
834,200,30,6,400,0,0.4953634297818728,112556447.26230921,58912333.33333314,17390649.062458996,0.9999999999999994,0.29519538742525425,39.036413345211486,0.650606889086858,1.3821266288089342
835,200,30,6,400,0,0.5486152488213816,113882807.06867982,59951833.333332986,17375408.850829616,0.9991236548115798,0.2898228108258527,38.58176763547996,0.6430294605913327,1.4235029580733964
836,200,30,6,400,0,0.5011071854840252,106266533.59564546,54096166.66666703,17390649.062458992,0.9999999999999991,0.32147655063283365,41.34697774859993,0.6891162958099989,1.4474047218002912
837,200,30,6,400,0,0.5086125504187794,116957131.06867772,62305833.33333243,17375408.850829557,0.9991236548115764,0.2788729067769975,37.56761096867144,0.6261268494778574,1.3578377253182348
838,200,30,6,400,0,0.45418879932127054,101808260.09394656,50688000.000000894,17387131.329401925,0.9997977227276308,0.343022635128662,43.15759837114879,0.7192933061858131,1.4479002136100132
839,200,30,6,400,0,0.5015841690490273,110530841.26230916,57361333.33333308,17390649.062459014,1.0000000000000002,0.30317721105609624,39.7518009437089,0.6625300157284817,1.406655953622386
840,200,30,8,300,0,0.4972267651125155,103626538.28006434,58895833.333333254,13042986.796844292,1.0000000000000022,0.22145856605890588,31.80459421593981,0.5300765702656636,1.204470188225304
841,200,30,8,300,0,0.4642560814545037,106032843.28006278,60738333.333332755,13042986.796844315,1.000000000000004,0.21474061076493878,31.082822058207555,0.5180470343034592,1.154095604369914
842,200,30,8,300,0,0.4861604015739117,101308823.61339729,57121166.66666644,13042986.79684432,1.0000000000000042,0.2283389426017391,32.532210743824656,0.5422035123970776,1.2110350680523807
843,200,30,8,300,0,0.5045118477006358,96542228.88484466,53489333.33333343,13031556.638122246,0.9991236548115817,0.2436290719293982,34.13842872771482,0.5689738121285803,1.2683889173727347
844,200,30,8,300,0,0.5067296628486467,99436454.94673137,55687499.99999998,13042986.796844305,1.000000000000003,0.23421749579069467,33.144785800796875,0.5524130966799479,1.2465167561611503
845,200,30,8,300,0,0.9719140176358204,83148328.21818185,43233666.666667536,13031556.638122236,0.9991236548115808,0.30142149955949393,39.63759790036663,0.6606266316727771,1.8736778489561927
846,200,30,8,300,0,0.5109286660428843,91867967.28006862,49892333.33333421,13042986.796844332,1.000000000000005,0.2614226660778363,35.8753992014695,0.5979233200244917,1.3179901189296452
847,200,30,8,300,0,0.5729034104395875,104532119.21817583,59607166.666666314,13031556.638122264,0.999123654811583,0.21862399048418127,31.52906517776723,0.5254844196294538,1.2732870224563864
848,200,30,8,300,0,0.9350717099852829,98270946.1856761,55102666.666667104,12846931.927286327,0.9849685602989822,0.23314537579462988,33.537888134025046,0.5589648022337508,1.6805528128547376
849,200,30,8,300,0,0.5757019659710673,98722943.61339924,55141166.66666667,13042986.796844305,1.000000000000003,0.23653810003133116,33.38433680529634,0.5564056134216057,1.3213380594177377
850,200,35,8,300,0,0.5446932592909678,110936998.9467281,64494833.333332025,13042986.796844332,1.000000000000005,0.20223304911005163,29.708753898982266,0.4951458983163711,1.2016255968953802
851,200,35,8,300,0,0.52391424945676,112088673.28006169,65376666.66666533,13042986.796844315,1.000000000000004,0.1995052281167274,29.403506202318983,0.4900584367053164,1.1735768686554584
852,200,35,8,300,0,0.5796093850111128,109512370.61339715,63403999.99999934,13042986.796844313,1.0000000000000038,0.20571236510069477,30.09523016933769,0.5015871694889615,1.2457664465806302
853,200,35,8,300,0,0.5398726738732591,107204233.28006318,61636666.666665874,13042986.7968443,1.0000000000000027,0.21161083981684822,30.743188950290467,0.5123864825048411,1.2215478282315788
854,200,35,8,300,0,0.5822155964294308,111451780.61339569,64888999.99999881,13042986.796844315,1.000000000000004,0.20100458932707477,29.571532925368704,0.4928588820894784,1.235878149980569
855,200,35,8,300,0,0.6044414412958354,104182584.61339706,59322999.999999695,13042986.796844332,1.000000000000005,0.2198639110773966,31.63484580681238,0.5272474301135397,1.3075800002712925
856,200,35,8,300,0,0.5784391510809301,97133667.28006679,53925666.66666708,13042986.796844328,1.0000000000000049,0.2418697366778509,33.93056282429012,0.5655093804048353,1.3374443208280462
857,200,35,8,300,0,0.5526182489164927,112907535.28006224,66003666.66666538,13042986.79684434,1.000000000000006,0.19761003373819527,29.190257247445096,0.48650428745741825,1.1972105633644672
858,200,35,8,300,0,0.9875619338898255,101929516.94673261,57597833.333333574,13042986.796844274,1.0000000000000009,0.22644926105746258,32.33410790833389,0.5389017984722315,1.7076231412080272
859,200,35,8,300,0,0.6081722381701951,106323118.61339743,60961999.99999954,13042986.796844339,1.0000000000000058,0.21395273771930773,30.997962089354168,0.5166327014892361,1.2959671298348774
860,200,30,6,300,0,0.4972267651125155,102295288.94673039,57876499.99999976,13042986.796844292,1.0000000000000022,0.22535894183035163,32.21849250278052,0.536974875046342,1.214488793623139
861,200,30,6,300,0,0.4642560814545037,105582708.61339584,60393666.6666661,13042986.796844315,1.000000000000004,0.21596613546968674,31.215338603103845,0.5202556433850641,1.1572846332153173
862,200,30,6,300,0,0.4861604015739117,101351921.61339739,57154166.66666645,13042986.796844319,1.0000000000000042,0.2282071029556498,32.518377032570626,0.5419729505428438,1.2106990344812754
863,200,30,6,300,0,0.5045118477006358,96453638.55151159,53421500.000000216,13031556.638122253,0.9991236548115823,0.2439384262538903,34.16978404852877,0.5694964008088128,1.2691589895125608
864,200,30,6,300,0,0.5067296628486467,98778013.28006509,55183333.33333344,13042986.796844305,1.000000000000003,0.2363573566326357,33.36572472515139,0.5560954120858564,1.2519109602406118
865,200,30,6,300,0,0.527876010609942,103004011.61339712,58419166.666666396,13042986.796844326,1.0000000000000047,0.22326554007978636,31.9968120500982,0.53328020083497,1.2397686435087412
866,200,30,6,300,0,0.5109286660428843,91927825.61340193,49938166.666667536,13042986.796844332,1.000000000000005,0.26118273191535074,35.852039118822724,0.597533985313712,1.317408836888877
867,200,30,6,300,0,0.5678801124966888,110754468.61339563,64353666.6666656,13042986.79684432,1.0000000000000042,0.20267666898303444,29.75771579478624,0.495961929913104,1.2259833775962203
868,200,30,6,300,0,0.7276767753106873,87225354.9467376,46337500.000001356,13042986.796844337,1.0000000000000056,0.2814779993923702,37.78488493411707,0.6297480822352846,1.582607257059868
869,200,30,6,300,0,0.5444083237509776,97789153.61339957,54426166.66666686,13042986.796844313,1.0000000000000038,0.23964551603874854,33.70312430588818,0.5617187384314697,1.2978434750134462
870,200,30,8,200,0,0.509819182913312,92071192.36767301,56881000.00000001,8687704.425414788,0.9991236548115773,0.1527347343649863,23.870658601046493,0.3978443100174415,1.0298512804227427
871,200,30,8,200,0,0.4743987793934731,92842167.7010051,57471333.33333304,8687704.425414788,0.9991236548115774,0.15116587560316735,23.67243305949013,0.3945405509915022,0.9898720308675092
872,200,30,8,200,0,0.5329906092565118,92364548.63115296,57093666.66666636,8695324.5312295,0.9999999999999996,0.1522992835964797,23.794843720577877,0.39658072867629796,1.0514107648099935
873,200,30,8,200,0,0.4849584047880539,89560784.2978196,54946833.33333315,8695324.531229503,1.0,0.15824978445035412,24.53975830193245,0.4089959716988742,1.0205542040472113
874,200,30,8,200,0,0.4453559180311189,89919934.29782,55221833.33333342,8695324.531229502,0.9999999999999997,0.15746171407860093,24.441743837587335,0.40736239729312224,0.9786876865871219
875,200,30,8,200,0,0.8265711457690628,91509771.63115346,56439166.6666665,8695324.531229494,0.999999999999999,0.15406543088392258,24.01710725340488,0.40028512089008134,1.3501086113662821
876,200,30,8,200,0,0.4702273799304761,83148759.63115664,50037166.66666749,8695324.531229498,0.9999999999999994,0.17377731615291345,26.43214414441443,0.4405357357402405,1.0497849685930474
877,200,30,8,200,0,0.760294654534087,85634077.63115494,51940166.666667126,8695324.531229502,0.9999999999999999,0.1674104087311251,25.665016320563577,0.427750272009393,1.32197325352838
878,200,30,8,200,0,0.9517524963437307,87276590.29782076,53197833.33333356,8695324.531229507,1.0000000000000004,0.16345260673955023,25.18201034779515,0.4197001724632525,1.5022147541986235
879,200,30,8,200,0,0.54263014552757,90331759.63115352,55537166.66666672,8695324.531229503,1.0,0.156567665459398,24.33031315867365,0.4055052193112275,1.0733894972063158
880,200,35,8,200,0,0.5526298381635518,109503747.63115205,70218499.99999839,8695324.531229498,0.9999999999999994,0.12383238792098518,20.070545963440264,0.3345090993906711,0.986204847891011
881,200,35,8,200,0,0.5335760419001038,108165315.29781857,69193666.66666535,8695324.531229502,0.9999999999999997,0.12566648004243644,20.318897919805945,0.33864829866343243,0.9727575245974853
882,200,35,8,200,0,0.5814106321531715,101468364.96448638,64065833.33333229,8695324.53122951,1.0000000000000009,0.13572483301650104,21.65995284115619,0.3609992140192698,1.050989712585642
883,200,35,8,200,0,0.532506664247824,97824189.63115267,61275499.999999136,8695324.531229502,0.9999999999999999,0.14190540315835243,22.466835741618024,0.3744472623603004,1.0204782491348063
884,200,35,8,200,0,0.5355849426013185,95251843.1720829,59313833.33333266,8690244.105459504,0.9994157290217572,0.14651294001893211,23.073569253976885,0.3845594875662814,1.0373547821827456
885,200,35,8,200,0,0.6128288455826266,101552166.63115276,64129999.99999917,8695324.531229509,1.0000000000000007,0.13558903058209296,21.642078873438724,0.3607013145573121,1.0820013846056131
886,200,35,8,200,0,0.5138488692631449,88433614.29782087,54085166.66666693,8695324.531229498,0.9999999999999994,0.1607709667388062,24.852540716004153,0.41420901193340254,1.0566746545875922
887,200,35,8,200,0,0.5985265477110377,100843443.96448556,63587333.33333248,8695324.531229496,0.9999999999999991,0.13674617373317977,21.794178318364533,0.36323630530607554,1.071159792003657
888,200,35,8,200,0,0.9368957811861792,95654923.63115352,59614499.999999724,8695324.531229507,1.0000000000000002,0.14585922101551715,22.976339497951425,0.38293899163252376,1.436522149631117
889,200,35,8,200,0,0.6208074297628693,102722995.6311525,65026499.99999888,8695324.531229515,1.0000000000000013,0.13371970706142364,21.395404081590858,0.3565900680265143,1.0843732634385224
890,200,30,6,200,0,0.480216661542148,97614074.03433925,61125166.66666628,8687704.425414791,0.9991236548115777,0.1421297462106145,22.515195905324525,0.37525326508874207,0.9691737235993816
891,200,30,6,200,0,0.4743987793934731,92794281.0343386,57434666.66666644,8687704.425414788,0.9991236548115774,0.15126238088636634,23.684649263963827,0.39474415439939714,0.9901528385019633
892,200,30,6,200,0,0.5329906092565118,92388491.96448626,57111999.9999997,8695324.5312295,0.9999999999999996,0.1522503945095522,23.78867706645569,0.3964779511075948,1.0512688759717483
893,200,30,6,200,0,0.4849584047880539,89589516.29781972,54968833.33333322,8695324.531229503,1.0,0.1581864486462848,24.53188822555889,0.40886480375931483,1.0203723674643965
894,200,30,6,200,0,0.4453559180311189,89910356.96448672,55214500.000000104,8695324.531229502,0.9999999999999997,0.15748262741181185,24.444347394462007,0.4074057899077001,0.9787478098682685
895,200,30,6,200,0,0.5492479844750774,91229634.63115326,56224666.66666659,8695324.531229502,0.9999999999999999,0.15465319844011846,24.090856100496662,0.401514268341611,1.0744848115687833
896,200,30,6,200,0,0.4702273799304761,83196646.29782327,50073833.33333418,8695324.531229498,0.9999999999999994,0.1736500673584544,26.416930222552764,0.4402821703758794,1.049429604193119
897,200,30,6,200,0,0.5331544769756736,92709332.63115413,57357666.6666667,8695324.531229496,0.9999999999999991,0.1515982960353366,23.70635121216965,0.39510585353616084,1.0495389673401039
898,200,30,6,200,0,0.4740025745622904,80658652.96449134,48130500.00000118,8695324.531229502,0.9999999999999997,0.18066142116182646,27.24816147087834,0.454136024514639,1.0726677360063905
899,200,30,6,200,0,0.54263014552757,90286267.29782017,55502333.33333339,8695324.531229503,1.0,0.15666592752069575,24.342572417467334,0.4057095402911222,1.073672427835249
900,200,25,6,200,0,0.435646771010927,90294036.03433996,55518833.33333353,8687704.425414791,0.9991236548115777,0.15648211433504114,24.3404780263023,0.405674633771705,0.9665070962506649
901,200,25,6,200,0,0.42233891106087385,85942740.01267233,52380166.666667245,8564621.284857517,0.9849685602989788,0.16350885898016276,25.57284070389113,0.42621401173151885,0.979360009976523
902,200,25,6,200,0,0.5201201796558612,86761247.63115536,52801833.333333775,8695324.531229502,0.9999999999999997,0.16467845872579098,25.331585932736004,0.4221930988789334,1.0740560455154275
903,200,25,6,200,0,0.8226391702041493,76687039.70101076,45100000.00000103,8687704.425414786,0.9991236548115772,0.19263202717105518,28.65934072522338,0.477655678753723,1.4544004706947165
904,200,25,6,200,0,0.43191046921033616,77346728.9644926,45593166.666668124,8695324.531229502,0.9999999999999997,0.190715520920077,28.414905574209083,0.47358175957015136,1.058064645516549
905,200,25,6,200,0,0.8185906812054621,75206194.96449186,43954166.66666769,8695324.531229502,0.9999999999999997,0.19782708195042484,29.223656389446077,0.4870609398241013,1.4639132865899032
906,200,25,6,200,0,0.41241338104905534,79089803.63115875,46927833.33333464,8695324.531229498,0.9999999999999994,0.18529141265622584,27.788664266377566,0.4631444044396261,1.0237909156136622
907,200,25,6,200,0,0.46049550056402877,93678476.6311525,58098333.33333279,8695324.531229494,0.999999999999999,0.1496656449908989,23.461098846147635,0.3910183141024606,0.9712463306592085
908,200,25,6,200,0,0.42131684199029873,81771456.9644907,48981166.66666754,8695324.531229502,0.9999999999999999,0.1775238346281941,26.87734915808576,0.44795581930142936,1.0112917289942835
909,200,25,6,200,0,0.4909701626013319,83368477.29782295,50204000.00000066,8695324.53122949,0.9999999999999986,0.17319983529657748,26.362482214334413,0.43937470357224023,1.0689047344108342
910,200,35,6,200,0,0.5384818637777237,111366538.96448462,71644833.33333148,8695324.531229502,0.9999999999999997,0.12136708436146443,19.734832566727157,0.32891387611211925,0.9644894073790145
911,200,35,6,200,0,0.5335760419001038,108079119.29781856,69127666.66666529,8695324.531229502,0.9999999999999997,0.12578646076915187,20.335102786541302,0.3389183797756884,0.9731235902911136
912,200,35,6,200,0,0.5814106321531715,101492308.29781966,64084166.66666562,8695324.53122951,1.0000000000000009,0.13568600457049432,21.654842981310093,0.36091404968850155,1.0508734854980684
913,200,35,6,200,0,0.532506664247824,97852921.63115272,61297499.99999918,8695324.531229502,0.9999999999999999,0.14185447255156602,22.460238931693812,0.3743373155282302,1.020327557817307
914,200,35,6,200,0,0.5355849426013185,95242265.83874953,59306499.9999993,8690244.105459504,0.9994157290217572,0.146531056552985,23.07588947664263,0.38459815794404384,1.0374079457877503
915,200,35,6,200,0,0.6128288455826266,101600053.29781945,64166666.666665845,8695324.531229509,1.0000000000000007,0.13551155113604604,21.63187841602411,0.3605313069337352,1.0817693934251986
916,200,35,6,200,0,0.5138488692631449,88481500.96448757,54121833.333333656,8695324.531229498,0.9999999999999994,0.16066204700929904,24.83909038661196,0.413984839776866,1.05636334664745
917,200,35,6,200,0,0.5985265477110377,100845838.29781885,63589166.6666658,8695324.531229496,0.9999999999999991,0.13674223121699894,21.793660869865914,0.3632276811644319,1.0711480138490688
918,200,35,6,200,0,0.5356342727468675,88191786.63115543,53900000.000000626,8695324.53122949,0.9999999999999986,0.1613232751619553,24.920688013633974,0.4153448002272329,1.0800376931036646
919,200,35,6,200,0,0.6208074297628693,102677503.29781917,64991666.66666558,8695324.531229515,1.0000000000000013,0.13379137629793042,21.404883537391978,0.35674805895653294,1.0845885897577467
920,200,30,4,200,0,0.480216661542148,97614074.03433925,61125166.66666626,8687704.425414791,0.9991236548115777,0.14212974621061453,22.515195905324525,0.37525326508874207,0.9691737235993816
921,200,30,4,200,0,0.4743987793934731,92844562.03433876,57473166.66666649,8687704.425414791,0.9991236548115777,0.1511610535713446,23.6718225800574,0.39453037633428995,0.9898579985848388
922,200,30,4,200,0,0.5329906092565118,90556826.96448633,55709499.99999989,8695324.531229494,0.9999999999999988,0.15608333464183866,24.269843298086307,0.40449738830143844,1.062354665271421
923,200,30,4,200,0,0.4849584047880539,89591910.63115309,54970666.66666656,8695324.531229502,0.9999999999999999,0.15818117295095904,24.531232613715197,0.40885387689525327,1.0203572200440745
924,200,30,4,200,0,0.4453559180311189,89907962.63115343,55212666.66666675,8695324.531229502,0.9999999999999997,0.15748785661314713,24.444998370349616,0.4074166395058269,0.9787628428274635
925,200,30,4,200,0,0.5492479844750774,90997384.2978196,56046833.33333323,8695324.531229502,0.9999999999999997,0.15514390401889222,24.152342586100705,0.40253904310167843,1.0759021507918696
926,200,30,4,200,0,0.4702273799304761,83167914.29782328,50051833.333334185,8695324.531229498,0.9999999999999994,0.17372639426253483,26.426056473289748,0.44043427455482914,1.049642769895333
927,200,30,4,200,0,0.5143232535667148,99715151.96448576,62721999.99999907,8695324.531229502,0.9999999999999999,0.13863276890452522,22.040782736637272,0.36734637894395455,0.9925758476342896
928,200,30,4,200,0,0.4740025745622904,80165420.297825,47752833.333334595,8695324.531229502,0.9999999999999997,0.1820902326471924,27.41581085504057,0.45693018091734283,1.0766049415973873
929,200,30,4,200,0,0.54263014552757,90338942.6311536,55542666.666666746,8695324.531229503,1.0,0.1565521616636368,24.328378614895183,0.40547297691491974,1.0733448517733992
930,200,25,4,200,0,0.435646771010927,90294036.03433995,55518833.33333351,8687704.425414791,0.9991236548115777,0.1564821143350412,24.340478026302304,0.40567463377170504,0.966507096250665
931,200,25,4,200,0,0.41364923462893693,87295183.96448834,53210666.66666719,8695324.531229494,0.9999999999999988,0.1634131852867108,25.17664663945338,0.419610777324223,0.9639905601825286
932,200,25,4,200,0,0.49737905377346586,85568869.63115612,51888833.33333391,8695324.531229502,0.9999999999999999,0.16757602691451415,25.684574419103562,0.4280762403183927,1.0595161156234698
933,200,25,4,200,0,0.45987516207159135,83644972.36767513,50427666.666667245,8687704.425414791,0.9991236548115778,0.17228051582956497,26.275338944930382,0.4379223157488397,1.035621890484083
934,200,25,4,200,0,0.43191046921033616,77382643.96449263,45620666.66666815,8695324.531229502,0.9999999999999997,0.19060055818041283,28.40171758680758,0.47336195978012635,1.0577528755347927
935,200,25,4,200,0,0.4552869787940856,82595107.63115698,49611833.33333433,8695324.531229502,0.9999999999999997,0.17526714791624295,26.60932424490157,0.44348873741502615,1.0389894345421062
936,200,25,4,200,0,0.41241338104905534,79061071.63115875,46905833.33333465,8695324.531229498,0.9999999999999994,0.18537831892755177,27.79876309106118,0.463312718184353,1.0240287543754498
937,200,25,4,200,0,0.46049550056402877,93156511.96448547,57698666.66666612,8695324.531229494,0.999999999999999,0.15070234779364475,23.592553581631293,0.3932092263605215,0.9742666051594662
938,200,25,4,200,0,0.42131684199029873,81860047.2978241,49049000.00000091,8695324.531229502,0.9999999999999999,0.177278324353796,26.848262034395614,0.44747103390659354,1.010610535379929
939,200,25,4,200,0,0.4915615718996786,83643825.63115619,50414833.333334014,8695324.53122949,0.9999999999999986,0.17247551873746234,26.275699173440834,0.43792831955734723,1.0674703064469957
940,200,35,4,200,0,0.5384818637777237,111366538.96448454,71644833.33333147,8695324.531229502,0.9999999999999997,0.12136708436146447,19.73483256672717,0.32891387611211953,0.9644894073790148
941,200,35,4,200,0,0.5429620903698453,100994286.96448512,63702833.33333235,8695324.531229502,0.9999999999999997,0.13649823840221081,21.761626979681154,0.3626937829946859,1.0148544640862998
942,200,35,4,200,0,0.5814106321531715,99660643.29781929,62681666.66666569,8695324.531229507,1.0000000000000004,0.13872197396202468,22.05283778303778,0.367547296383963,1.0599355077067543
943,200,35,4,200,0,0.5274152499643179,99418815.63115194,62496499.9999988,8695324.531229502,0.9999999999999999,0.13913298394677573,22.10647940279164,0.36844132337986063,1.007162960501599
944,200,35,4,200,0,0.5355849426013185,95270997.8387496,59328499.99999932,8690244.105459504,0.9994157290217572,0.14647672038665402,23.06893020811931,0.3844821701353218,1.0372484890459637
945,200,35,4,200,0,0.6128288455826266,101367802.96448584,63988833.33333241,8695324.531229498,0.9999999999999994,0.1358881554525861,21.68144061255819,0.36135734354263654,1.082896713487332
946,200,35,4,200,0,0.5138488692631449,88452768.96448763,54099833.333333686,8695324.531229498,0.9999999999999994,0.1607273811298761,24.847158836625923,0.4141193139437654,1.0565500881108112
947,200,35,4,200,0,0.5420650267021827,105679997.29781885,67290666.66666538,8695324.531229502,0.9999999999999999,0.12922036534878045,20.79674542199634,0.346612423699939,0.992053742681146
948,200,35,4,200,0,0.5356342727468675,87461514.96448927,53340833.3333341,8695324.53122949,0.9999999999999986,0.16301441105899542,25.128766645447897,0.4188127774241316,1.0848585790181953
949,200,35,4,200,0,0.6208074297628693,102730178.6311524,65031999.9999989,8695324.531229515,1.0000000000000013,0.13370839788457473,21.39390809287981,0.3565651348813301,1.0843392829518592
950,200,30,2,200,0,0.47927897915285234,96873078.29781964,60545833.33333273,8695324.531229502,0.9999999999999997,0.14361557274069925,22.687417790557262,0.37812362984262105,0.9722950671880328
951,200,30,2,200,0,0.4743987793934731,92942729.70100552,57548333.33333317,8687704.425414791,0.9991236548115777,0.150963614794778,23.646820004859645,0.39411366674766074,0.9892833379769563
952,200,30,2,200,0,0.5329906092565118,90508940.2978196,55672833.3333332,8695324.531229494,0.999999999999999,0.1561861326361364,24.28268403947876,0.40471140065797934,1.0626509160234001
953,200,30,2,200,0,0.4699777186637353,92211311.29781994,56976333.333333105,8695324.531229502,0.9999999999999999,0.1526129187773205,23.834386140564085,0.39723976900940144,0.9893078226949932
954,200,30,2,200,0,0.44782939049787884,90552038.2978203,55705833.33333349,8695324.531229502,0.9999999999999997,0.15609360835153965,24.271126761073734,0.40451877935122893,0.9772230565303395
955,200,30,2,200,0,0.5492479844750774,91006961.63115299,56054166.66666661,8695324.531229502,0.9999999999999997,0.15512360718762228,24.149800857077086,0.40249668095128477,1.07584355117646
956,200,30,2,200,0,0.4702273799304761,82930875.29782344,49870333.33333429,8695324.531229502,0.9999999999999997,0.17435866075146883,26.50158933096034,0.44169315551600563,1.051407464047657
957,200,30,2,200,0,0.5143232535667148,98891501.29781884,62091333.333332404,8695324.531229502,0.9999999999999997,0.14004087308850882,22.224356705650244,0.37040594509417074,0.9967618971316927
958,200,30,2,200,0,0.4740025745622904,80110350.63115838,47710666.666667946,8695324.531229502,0.9999999999999997,0.18225116391643942,27.434657103412807,0.45724428505688014,1.0770477907523222
959,200,30,2,200,0,0.54263014552757,90372463.29782027,55568333.33333341,8695324.531229503,1.0,0.15647985119635568,24.3193548100731,0.405322580167885,1.0731366066525396
960,200,30,4,300,0,0.4972267651125155,101603326.61339778,57346666.66666661,13042986.79684432,1.0000000000000042,0.2274410624885666,32.437914287398975,0.5406319047899829,1.2198115198933517
961,200,30,4,300,0,0.4642560814545037,105211586.94672939,60109499.99999953,13042986.796844313,1.0000000000000038,0.21698711180170216,31.32544708852957,0.5220907848088262,1.1599365557046917
962,200,30,4,300,0,0.4861604015739117,100169120.94673154,56248499.999999955,13042986.796844337,1.0000000000000056,0.23188150433957075,32.90235522534592,0.5483725870890986,1.220038192134667
963,200,30,4,300,0,0.5045118477006358,96472793.21817832,53436166.666666895,13031556.638122253,0.9991236548115823,0.24387147228229689,34.16299964018222,0.5693833273363703,1.2689923528628437
964,200,30,4,300,0,0.5067296628486467,97820279.9467325,54450000.00000027,13042986.796844337,1.0000000000000056,0.23954062069502796,33.692399999209876,0.5615399999868312,1.2599021593915003
965,200,30,4,300,0,0.527876010609942,102968096.61339733,58391666.66666647,13042986.796844326,1.0000000000000047,0.22337068868578913,32.007972453587904,0.5334662075597983,1.2400387691183719
966,200,30,4,300,0,0.5109286660428843,91956557.61340219,49960166.66666759,13042986.796844332,1.000000000000005,0.2610677198870585,35.84083708152701,0.5973472846921168,1.317130126644648
967,200,30,4,300,0,0.5678801124966888,108149433.94672844,62358999.99999897,13042986.79684432,1.0000000000000042,0.20915965292651478,30.474500695245656,0.507908344920761,1.2431161797586616
968,200,30,4,300,0,0.4738465886218981,91640505.61340259,49718166.666667655,13042986.796844333,1.0000000000000053,0.2623384503352713,35.96444583035979,0.5994074305059965,1.2831247793961116
969,200,30,4,300,0,0.5444083237509776,97841828.94673295,54466500.00000021,13042986.796844311,1.0000000000000036,0.23946805461787082,33.6849794763577,0.5614163246059616,1.297399092051236
970,200,25,4,300,0,0.441538443037539,96421395.79054967,53384833.33333393,13038296.790572384,0.999640419303881,0.24423222807799166,34.18121022806251,0.5696868371343752,1.2066110626343076
971,200,25,4,300,0,0.42519704146140885,99378429.94673279,55641666.66666689,13042986.796844333,1.0000000000000053,0.234410426182614,33.16413835242277,0.5527356392070462,1.1654610216145462
972,200,25,4,300,0,0.4458799351878296,92365427.6134018,50271833.33333393,13042986.796844315,1.000000000000004,0.25944919713512526,35.68218201505727,0.5947030335842879,1.2481423264802176
973,200,25,4,300,0,0.42680844746265334,90957559.61340165,49193833.33333402,13042986.79684432,1.0000000000000042,0.2651345892983363,36.234481377998605,0.6039080229666435,1.242824141867966
974,200,25,4,300,0,0.4281818867651071,89720212.21818127,48264333.33333437,13031556.63812223,0.9991236548115805,0.2700038669988594,36.73419755166524,0.6122366258610873,1.256421606225282
975,200,25,4,300,0,0.46144594468768535,98042391.94673322,54618666.666667044,13042986.796844313,1.0000000000000038,0.23880090073316004,33.61607091135251,0.5602678485225419,1.2127545137967553
976,200,25,4,300,0,0.4664698335129465,89549659.12388557,48123166.66666784,13038296.790572384,0.999640419303881,0.27093596896654903,36.80416019719847,0.6134026699533078,1.2966212786394937
977,200,25,4,300,0,0.5335394247985954,96663255.94673313,53562666.66666702,13042986.79684434,1.000000000000006,0.2435089141101561,34.095685767259596,0.5682614294543266,1.2966079855410468
978,200,25,4,300,0,0.4401020051367962,88661393.94673693,47435666.66666775,13042986.796844337,1.0000000000000056,0.27496159985476554,37.172887243121195,0.6195481207186866,1.2796194057392953
979,200,25,4,300,0,0.4935689564145009,93608086.61340143,51223333.33333402,13042986.79684434,1.000000000000006,0.254629793652193,35.20849660790049,0.5868082767983416,1.2840810681345969
980,200,35,4,300,0,0.5446932592909678,111018406.2800612,64557166.66666531,13042986.796844337,1.0000000000000056,0.20203778248494916,29.68696912911749,0.49478281881862485,1.2011063040975518
981,200,35,4,300,0,0.52391424945676,111267416.94672847,64747833.33333215,13042986.796844315,1.000000000000004,0.2014428302132821,29.620531243013676,0.49367552071689463,1.1787440343442803
982,200,35,4,300,0,0.5456776785506109,115091167.28006306,67675666.66666542,13042986.796844296,1.0000000000000024,0.19272786570521952,28.63642864947224,0.47727381082453735,1.177133781939324
983,200,35,4,300,0,0.5398726738732591,106452412.61339614,61060999.9999992,13042986.796844345,1.000000000000006,0.2136058498361395,30.960312867397157,0.5160052144566193,1.2267625681987901
984,200,35,4,300,0,0.5486789751304455,111731917.61339454,65103499.999998525,13042986.796844319,1.0000000000000042,0.2003423287049792,29.497390453852695,0.49162317423087826,1.200576012325307
985,200,35,4,300,0,0.6044414412958354,104144275.28006399,59293666.66666644,13042986.796844332,1.000000000000005,0.2199726805590993,31.646482642823717,0.5274413773803953,1.30786096312351
986,200,35,4,300,0,0.5784391510809301,97222257.61340007,53993500.00000043,13042986.796844328,1.0000000000000049,0.2415658699073819,33.89964480258831,0.5649940800431386,1.3366859270499742
987,200,35,4,300,0,0.5526182489164927,112684862.2800618,65833166.66666531,13042986.79684434,1.000000000000006,0.19812182000731055,29.24793919354287,0.4874656532257145,1.1985813581480556
988,200,35,4,300,0,0.5346965952811966,98932334.55151148,55320833.33333366,13031556.638122259,0.9991236548115826,0.2355632743202021,33.31367863642157,0.5552279772736929,1.278375192011051
989,200,35,4,300,0,0.6081722381701951,104237654.28006324,59365166.666666165,13042986.79684434,1.000000000000006,0.2197077432643349,31.61813284041219,0.5269688806735365,1.3109073134551994
990,200,30,2,300,0,0.4972267651125155,101603326.61339778,57346666.666666605,13042986.79684432,1.0000000000000042,0.22744106248856666,32.437914287398975,0.5406319047899829,1.219811519893352
991,200,30,2,300,0,0.4642560814545037,105309754.61339612,60184666.6666662,13042986.796844315,1.000000000000004,0.21671610925558696,31.296246127429033,0.5216041021238172,1.1592330709827905
992,200,30,2,300,0,0.4861604015739117,100130811.6133982,56219166.666666605,13042986.796844337,1.0000000000000056,0.23200249256945618,32.91494343144822,0.548582390524137,1.2203447861536136
993,200,30,2,300,0,0.5045118477006358,96494342.21817835,53452666.66666693,13031556.638122253,0.9991236548115823,0.2437961929829916,34.155370400349874,0.5692561733391646,1.2688049754261936
994,200,30,2,300,0,0.5067296628486467,97803519.61339918,54437166.66666694,13042986.796844337,1.0000000000000056,0.23959709138996832,33.69817377766916,0.5616362296278193,1.2600435655884408
995,200,30,2,300,0,0.527876010609942,103887520.61339702,59095666.6666664,13042986.796844339,1.0000000000000058,0.22070969890930067,31.724695907074942,0.5287449317845824,1.2331887015219651
996,200,30,2,300,0,0.5109286660428843,91973317.94673558,49973000.00000094,13042986.796844332,1.000000000000005,0.26100067630208484,35.834305791911234,0.5972384298651873,1.3169676369497396
997,200,30,2,300,0,0.5678801124966888,107514935.61339481,61873166.6666656,13042986.796844339,1.0000000000000058,0.2108019921965833,30.654345660877564,0.510905761014626,1.2474274672685814
998,200,30,2,300,0,0.4738465886218981,91760222.28006925,49809833.33333433,13042986.796844333,1.0000000000000053,0.26185566029821566,35.91752415268357,0.5986254025447262,1.2819565194051967
999,200,30,2,300,0,0.5444083237509776,97875349.61339962,54492166.66666688,13042986.796844311,1.0000000000000036,0.23935526140168636,33.67344293551099,0.5612240489251832,1.2971165817975099
1000,200,30,4,400,0,0.47634963581493434,109601739.06868179,56673833.33333344,17375408.850829624,0.99912365481158,0.30658608795057546,40.08877995308661,0.6681463325514435,1.3897648387268382
1001,200,30,4,400,0,0.4533073841349249,118152004.26230648,63196833.33333251,17390649.062459018,1.0000000000000007,0.27518228596568783,37.1876890911256,0.6197948181854266,1.2932480310929018
1002,200,30,4,400,0,0.5580659155032909,109561136.26230939,56618833.333333135,17390649.062458966,0.9999999999999977,0.3071530803200177,40.10363665342462,0.6683939442237438,1.472182323983049
1003,200,30,4,400,0,0.5442831710488367,107991183.01083733,55432666.6666664,17380488.210918978,0.9994157290217555,0.3135423434602772,40.68665494255272,0.678110915709212,1.4732279615262704
1004,200,30,4,400,0,0.4953634297818728,112546869.92897594,58904999.99999979,17390649.062458996,0.9999999999999994,0.29523213755129546,39.03973520341135,0.6506622533901891,1.3822113932130984
1005,200,30,4,400,0,0.5486152488213816,113846892.06867991,59924333.33333303,17375408.850829616,0.9991236548115798,0.289955814012611,38.59393893115125,0.6432323155191875,1.4238122155506578
1006,200,30,4,400,0,0.5017550003337122,105608091.92897853,53592000.000000305,17390649.062459014,1.0000000000000004,0.32450084084301606,41.604766450612814,0.6934127741768802,1.454768447185005
1007,200,30,4,400,0,0.5086125504187794,116073722.9289723,61605499.99999891,17390649.06245898,0.9999999999999986,0.28229052702208873,37.85352868098018,0.630892144683003,1.3653371167194535
1008,200,30,4,400,0,0.45418879932127054,101896850.4272801,50755833.33333424,17387131.329401907,0.9997977227276299,0.34256419779798575,43.12007664197323,0.7186679440328871,1.4469081015925462
1009,200,30,4,400,0,0.5015841690490273,110068734.92897587,57007499.99999979,17390649.062459014,1.0000000000000002,0.3050589670211652,39.918692649962686,0.6653115441660448,1.4109428868320042
1010,200,25,4,400,0,0.456631262487993,101654486.59564698,50563333.33333404,17390649.062459044,1.000000000000002,0.3439379470457934,43.222883191347016,0.7203813865224503,1.452163006647078
1011,200,25,4,400,0,0.39923802168031286,105064017.26231274,53174000.000000566,17390649.06245902,1.0000000000000009,0.32705173698534695,41.82021699236975,0.6970036165394958,1.3578830278080862
1012,200,25,4,400,0,0.5305385343793513,104108678.26231237,52442500.00000043,17390649.062458955,0.999999999999997,0.3316136542395731,42.20397447491722,0.7033995745819536,1.4992290323529633
1013,200,25,4,400,0,0.4412346773536833,104144593.26231128,52470000.00000025,17390649.06245903,1.000000000000001,0.33143985253399927,42.18942013564966,0.7031570022608277,1.4095435616417102
1014,200,25,4,400,0,0.4526327600264893,99217995.02534918,48728166.6666677,17371242.56971502,0.9988840846207471,0.3564928409588154,44.28430547177887,0.7380717578629812,1.4758987906565229
1015,200,25,4,400,0,0.47709390956157965,100821157.73535174,49949166.66666732,17375408.850829612,0.9991236548115795,0.34786183655041397,43.58013832308301,0.7263356387180502,1.481719017519961
1016,200,25,4,400,0,0.4698805230295427,103221933.49851094,51773333.333333716,17384395.720763065,0.9996404193038751,0.33577895417389136,42.56653456373576,0.7094422427289293,1.4479459290975851
1017,200,25,4,400,0,0.4205270848466368,108241297.59564403,55606833.33333343,17390649.062459003,0.9999999999999997,0.31274302131558723,40.59263975579706,0.676543995929951,1.3472654978290577
1018,200,25,4,400,0,0.4282941824434441,96832198.40202065,46894833.333334625,17375408.85082961,0.9991236548115792,0.37051861827342303,45.37540273286114,0.7562567122143523,1.4809657892765347
1019,200,25,4,400,0,0.5083837216365122,101545076.67750806,50495500.000000745,17380488.21091903,0.9994157290217585,0.3441987545606791,43.269453761446755,0.7211575626907792,1.5049002879758349
1020,200,35,4,400,0,0.5294802105106552,120593120.34416725,65083333.333332315,17380488.210919052,0.9994157290217598,0.26704975484127,36.43491425929022,0.6072485709881703,1.3503685853718417
1021,200,35,4,400,0,0.4858969004828036,121665052.26230523,65888166.66666546,17390649.062459003,0.9999999999999999,0.26394191768060515,36.11390385570323,0.6018983975950538,1.2989488322223415
1022,200,35,4,400,0,0.5777623572241702,121135904.59563816,65482999.999998525,17390649.06245898,0.9999999999999986,0.2655750204245281,36.27165714960295,0.6045276191600492,1.3947499927238418
1023,200,35,4,400,0,0.5492377148504669,114407727.0686785,60355166.66666588,17375408.850829557,0.9991236548115764,0.2878860221990901,38.404748635224784,0.6400791439204131,1.4196256765301523
1024,200,35,4,400,0,0.5366395185030869,123932485.92897291,67624333.333332,17390649.062459018,1.0000000000000007,0.25716555277133024,35.4531740976949,0.5908862349615817,1.3332581956817329
1025,200,35,4,400,0,0.6082312009627191,121818289.59563974,66005499.99999894,17390649.06245906,1.0000000000000029,0.26347272670397676,36.06847555145174,0.6011412591908624,1.4201506415167628
1026,200,35,4,400,0,0.5483154173736982,115391057.49850523,61093999.99999926,17384395.720763054,0.9996404193038745,0.28455160442536526,38.077474071653405,0.63462456786089,1.4105812687748804
1027,200,35,4,400,0,0.5527329033982004,121076046.2623046,65437166.6666652,17390649.06245898,0.9999999999999986,0.2657610338027987,36.2895893584192,0.6048264893069867,1.370168219747426
1028,200,35,4,400,0,0.5144752247343422,108536922.59564407,55836000.000000186,17390649.062459007,1.0,0.3114594358918789,40.482076466910414,0.6747012744485069,1.438344047896352
1029,200,35,4,400,0,0.5494828078865475,119435927.92897256,64181333.333332315,17390649.062458992,0.9999999999999991,0.2709611682907689,36.787925343644936,0.6131320890607489,1.3793838315799114
1030,200,30,2,400,0,0.47634963581493434,109544275.0686818,56629833.33333342,17375408.850829624,0.99912365481158,0.30682429786707704,40.10980945599563,0.6684968242665938,1.39030589837519
1031,200,30,2,400,0,0.4533073841349249,117120046.59564021,62406666.666665964,17390649.062458996,0.9999999999999992,0.2786665270130198,37.515353927152205,0.6252558987858701,1.3014965045312108
1032,200,30,2,400,0,0.5580659155032909,109522826.92897604,56589499.999999784,17390649.062458966,0.9999999999999977,0.3073122940202517,40.11766426417495,0.6686277377362492,1.4725434884557416
1033,200,30,2,400,0,0.5442831710488367,108012732.01083745,55449166.666666456,17380488.210918978,0.9994157290217555,0.31344904271333884,40.67853778163067,0.6779756296938445,1.4730180349133524
1034,200,30,2,400,0,0.4953634297818728,112544475.59564255,58903166.66666644,17390649.062458996,0.9999999999999994,0.2952413265125938,39.04056575630015,0.6506760959383358,1.3822325869302836
1035,200,30,2,400,0,0.5486152488213816,113004187.5956417,59255166.666666254,17390649.062459007,1.0,0.2934874719075264,38.8817449466754,0.6480290824445899,1.4314343087919927
1036,200,30,2,400,0,0.4992558683378092,102318277.92898041,51073000.000000745,17390649.06245898,0.9999999999999986,0.34050572831943937,42.94247410076386,0.7157079016793977,1.4873683526727584
1037,200,30,2,400,0,0.5086125504187794,115920485.59563904,61488166.66666565,17390649.06245898,0.9999999999999986,0.2828292012142055,37.903567927818415,0.6317261321303069,1.3666020435204507
1038,200,30,2,400,0,0.45418879932127054,101437163.26231405,50398333.33333423,17390649.062459033,1.0000000000000016,0.3450639716086919,43.315485751881084,0.7219247625313514,1.4521647391395756
1039,200,30,2,400,0,0.5015841690490273,110090283.92897591,57023999.99999981,17390649.062459014,1.0000000000000002,0.30497069764413354,39.91087899123445,0.6651813165205741,1.410742043684908
1040,200,30,4,500,0,0.4748077158777749,124529553.91121818,61258999.99999907,21738311.328073602,0.9999999999999918,0.35485906280014257,44.100374790672674,0.7350062465112113,1.4937012126291003
1041,200,30,4,500,0,0.4943696883877759,121043717.76354656,58609833.33333287,21725610.263648644,0.999415729021751,0.3706820004091831,45.370384365820485,0.7561730727636747,1.5470883614787971
1042,200,30,4,500,0,0.503447657713391,118661042.91122217,56765499.99999992,21738311.328073665,0.9999999999999947,0.38294935001142766,46.28140681444004,0.7713567802406673,1.5811639179632004
1043,200,30,4,500,0,0.46416330560613955,110461844.34373294,50488166.66666718,21737822.682803407,0.9999775214705964,0.43055282292820807,49.716714695716355,0.8286119115952726,1.6372174755439786
1044,200,30,4,500,0,0.4824342896093741,121170304.24455288,58686833.33333271,21738311.32807365,0.999999999999994,0.37041206848907987,45.322985976135975,0.7553830996022662,1.5341470440029044
1045,200,30,4,500,0,0.5765576958781576,121754521.57788607,59134166.666666016,21738311.32807367,0.9999999999999948,0.3676100054070361,45.10551172004654,0.7517585286674424,1.622404228871229
1046,200,30,4,500,0,0.523613037359528,119094417.24455409,57097333.33333301,21738311.328073613,0.9999999999999923,0.3807237581686314,46.11299275870236,0.768549879311706,1.5967419232061393
1047,200,30,4,500,0,0.5325098462764524,120799182.57788667,58402666.66666611,21738311.328073613,0.9999999999999923,0.37221436226782717,45.462228160849506,0.757703802680825,1.5879851387715394
1048,200,30,4,500,0,0.48958794039913084,113448579.24455717,52774333.33333367,21738311.328073587,0.9999999999999911,0.4119106761760474,48.407834073986216,0.8067972345664369,1.6259137159064057
1049,200,30,4,500,0,0.5289516863752561,112981684.2445571,52416833.33333366,21738311.328073613,0.9999999999999922,0.41472004212527414,48.60787867272892,0.8101313112121488,1.6708590312876241
1050,200,35,4,500,0,0.5801535513476327,125954743.2445516,62351666.66666584,21738311.328073636,0.9999999999999934,0.34864042118212174,43.60137505371444,0.726689584228574,1.585755472521904
1051,200,35,4,500,0,0.587952096846702,126773918.43021047,62998833.33333225,21725610.26364864,0.9994157290217507,0.3448573428129465,43.31963599455401,0.7219939332425669,1.585831904339626
1052,200,35,4,500,0,0.5795478304366074,127860632.57788421,63810999.99999891,21738311.32807362,0.9999999999999926,0.3406671471701429,42.95145338542542,0.7158575564237569,1.5679391045964786
1053,200,35,4,500,0,0.5451488286152749,122856475.9112184,59979333.333332315,21738311.328073565,0.99999999999999,0.3624300258101224,44.70094033926727,0.7450156723211212,1.580108521584494
1054,200,35,4,500,0,0.5216946821617198,136080378.91121474,70104833.33333139,21738311.32807362,0.9999999999999927,0.3100829186015357,40.35703048404289,0.6726171747340481,1.4423781917769964
1055,200,35,4,500,0,0.6418074027310046,131928604.9112137,66925833.33333139,21738311.328073617,0.9999999999999925,0.32481196341334434,41.627060361139364,0.6937843393523228,1.5954413128140028
1056,200,35,4,500,0,0.5773265563764367,128011475.57788414,63926499.999998905,21738311.32807363,0.9999999999999929,0.34005164255940806,42.90084131292358,0.7150140218820596,1.5643818923060229
1057,200,35,4,500,0,0.5959997470788735,133231122.24454747,67923166.66666476,21738311.328073613,0.9999999999999923,0.320042665777865,41.22009863370909,0.6870016438951515,1.5390355235963171
1058,200,35,4,500,0,0.5286182242476793,125008981.5778847,61627499.999999076,21738311.328073587,0.999999999999991,0.3527371924558665,43.93124342492486,0.7321873904154143,1.5429953686277869
1059,200,35,4,500,0,0.5676133398073655,125308273.24455099,61856666.66666555,21738311.32807358,0.9999999999999907,0.3514303712034376,43.826316154578485,0.7304386025763081,1.5791962393464236
1060,200,30,2,500,0,0.49070998698950585,119597227.24455403,57482333.333332986,21738311.32807362,0.9999999999999927,0.37817378083829384,45.91912477009432,0.7653187461682387,1.5585677578283796
1061,200,30,2,500,0,0.4943696883877759,120205701.09688036,57968166.66666631,21725610.263648637,0.9994157290217506,0.37478518837032004,45.686684989872965,0.7614447498312161,1.555642588915248
1062,200,30,2,500,0,0.503447657713391,115105457.91122282,54043000.000000045,21738311.32807363,0.999999999999993,0.4022410178575137,47.711030386027836,0.7951838397671306,1.6204243117665325
1063,200,30,2,500,0,0.46416330560613955,108146524.01040094,48715333.33333421,21737822.682803415,0.9999775214705966,0.4462213680046602,50.781105081766924,0.8463517513627821,1.6674921513726497
1064,200,30,2,500,0,0.4824342896093741,121153543.91121954,58673999.999999374,21738311.328073647,0.9999999999999938,0.37049308600187264,45.32925594008503,0.7554875990014172,1.5343163574122893
1065,200,30,2,500,0,0.5765576958781576,121155938.24455267,58675833.33333265,21738311.328073647,0.9999999999999939,0.37048150990170114,45.328360124741295,0.7554726687456882,1.6284155725452067
1066,200,30,2,500,0,0.523613037359528,119046530.57788742,57060666.66666634,21738311.3280736,0.9999999999999917,0.3809684078011776,46.131541787410036,0.7688590297901673,1.5972467933906374
1067,200,30,2,500,0,0.5325098462764524,120823125.91122001,58420999.99999945,21738311.328073613,0.9999999999999922,0.37209755615401685,45.45321898090384,0.7575536496817307,1.5877415408813964
1068,200,30,2,500,0,0.48958794039913084,112210708.91122481,51826500.00000057,21738311.32807358,0.9999999999999907,0.41944393945323993,48.94185281678259,0.8156975469463765,1.6408406389080994
1069,200,30,2,500,0,0.5289516863752561,113003233.24455714,52433333.33333366,21738311.328073613,0.9999999999999922,0.41458953581831165,48.59860945849986,0.809976824308331,1.6706001393382364
1070,200,30,4,600,0,0.5006226838260968,134522546.8934642,62089499.999999255,26085973.593688283,0.9999999999999906,0.4201350243388753,48.98658367819058,0.8164430613031762,1.6531737646003732
1071,200,30,4,600,0,0.47633692017085816,138116441.22679707,64841333.333332434,26085973.59368824,0.9999999999999888,0.40230470677687996,47.711915695677945,0.7951985949279657,1.593379280520328
1072,200,30,4,600,0,0.5102695684029265,123515796.56013581,53661666.66666705,26085973.59368819,0.999999999999987,0.48611933273947266,53.35188035476613,0.8891980059127689,1.7883630405072735
1073,200,30,4,600,0,0.46713432849948106,125273172.24776487,55021999.99999999,26076593.581144404,0.999640419303867,0.4739303111690671,52.60344159695035,0.8767240266158391,1.723002604050574
1074,200,30,4,600,0,0.5201055998045376,120986126.37135392,52213333.33333366,25774530.521239065,0.9880608990371431,0.4936388634047287,54.46740215298171,0.9077900358830285,1.8228067264113492
1075,200,30,4,600,0,0.5385027028348323,130650909.8934652,59124999.99999948,26085973.593688227,0.9999999999999885,0.4412003990475849,50.43822507913206,0.840637084652201,1.7321001067251012
1076,200,30,4,600,0,0.48287475143574454,121178642.13173997,51943833.33333374,26040261.492632814,0.99824763676573,0.5013157447492826,54.38087012755817,0.9063478354593028,1.7902751826944736
1077,200,30,4,600,0,0.5470525329720228,130006834.22679946,58631833.33333303,26085973.593688246,0.9999999999999892,0.4449114433346228,50.68810450767508,0.8448017417945847,1.7477834294343058
1078,200,30,4,600,0,0.4668206715010396,115008730.22680628,47147833.3333347,26085973.593688227,0.9999999999999885,0.553280431982116,57.298258897428006,0.9549709816238001,1.8644159987105327
1079,200,30,4,600,0,0.5017119468313377,132760317.56013055,60740166.666665785,26085973.593688298,0.9999999999999911,0.4294682584070729,49.636820106394445,0.8272803351065741,1.67256688866357
1080,200,35,4,600,0,0.5341022269566965,141313437.22679377,67290666.66666508,26085973.593688257,0.9999999999999896,0.38766109604633936,46.63250805671111,0.7772084676118518,1.6214395714056198
1081,200,35,4,600,0,0.51243789486592,144399732.8934608,69653833.33333188,26085973.59368827,0.99999999999999,0.3745088008129078,45.63581848771149,0.7605969747951915,1.5726419103114377
1082,200,35,4,600,0,0.5458776584556009,136057875.56013027,63266499.99999907,26085973.593688257,0.9999999999999896,0.4123188985274773,48.43380049020141,0.8072300081700235,1.6829627854476064
1083,200,35,4,600,0,0.5218811794651274,132454403.8934664,60507333.33333307,26085973.593688183,0.9999999999999867,0.43112086017708534,49.75146017266592,0.8291910028777654,1.695968870484561
1084,200,35,4,600,0,0.5479282740952387,144394944.22679222,69650166.66666472,26085973.59368832,0.9999999999999919,0.3745285164719258,45.63733193905881,0.7606221989843135,1.608173286257093
1085,200,35,4,600,0,0.5707227061139741,133167915.22679722,61053666.666665815,26085973.59368822,0.9999999999999882,0.4272630133110529,49.48489272943084,0.8247482121571806,1.737281328919997
1086,200,35,4,600,0,0.533897354411822,129966691.56013225,58602499.9999996,26085973.59368817,0.9999999999999862,0.44513414263364787,50.7037604858247,0.8450626747637451,1.7350673432824855
1087,200,35,4,600,0,0.5852480298429369,144392549.89345983,69648333.33333154,26085973.59368824,0.9999999999999888,0.3745383750798858,45.638088702376194,0.7606348117062699,1.6455135416131155
1088,200,35,4,600,0,0.5156647821347135,132064127.560132,60208499.99999951,26085973.59368832,0.9999999999999919,0.43326064581726054,49.89848584733583,0.8316414307889305,1.6939147295774524
1089,200,35,4,600,0,0.5535525325759659,138303760.22679654,64986166.66666576,26085973.593688272,0.9999999999999902,0.4014080985495165,47.64729454350163,0.7941215757250272,1.6688005871406064
1090,200,30,2,600,0,0.5006226838260968,134084383.89346404,61753999.9999992,26085973.59368819,0.999999999999987,0.422417553416597,49.14666278539853,0.8191110464233089,1.6576677729826832
1091,200,30,2,600,0,0.47633692017085816,137481942.89346325,64355499.99999899,26085973.593688227,0.9999999999999885,0.4053417904248842,47.93211283831311,0.7988685473052185,1.599478899815984
1092,200,30,2,600,0,0.5102695684029265,123477487.22680244,53632333.33333369,26085973.59368819,0.999999999999987,0.48638520781036343,53.36843296702264,0.8894738827837106,1.7888516174349278
1093,200,30,2,600,0,0.4404984570129928,121220676.76969306,51940166.666667104,26063113.27624404,0.9991236548115644,0.5017910982748192,54.36201294701521,0.9060335491169201,1.7479648847497682
1094,200,30,2,600,0,0.5053415215077829,128771358.22679883,57685833.33333284,26085973.593688287,0.9999999999999908,0.4522076233683345,51.17442334027184,0.8529070556711973,1.7200146758736476
1095,200,30,2,600,0,0.5385027028348323,128864737.22679909,57757333.33333294,26085973.5936882,0.9999999999999875,0.451647818349561,51.137340918967595,0.8522890153161266,1.7521099728306075
1096,200,30,2,600,0,0.48287475143574454,120639917.13174063,51531333.33333391,26040261.492632773,0.9982476367657285,0.5053286963135531,54.623711261371625,0.9103951876895271,1.7975328961761141
1097,200,30,2,600,0,0.5470525329720228,130037960.56013227,58655666.66666624,26085973.59368819,0.999999999999987,0.4447306641646737,50.6759716287056,0.8445995271450932,1.747436591448855
1098,200,30,2,600,0,0.4668206715010396,114953660.56013963,47105666.666668035,26085973.593688227,0.9999999999999885,0.5537757013031865,57.32570818440752,0.9554284697401253,1.8652697022837144
1099,200,30,2,600,0,0.4976416379731404,131749892.00644493,59970166.66666618,26083628.27710104,0.9999100928098748,0.43494340147631044,50.017498304117325,0.8336249717352887,1.6792213308894777
1100,200,30,4,700,0,0.5200827737229506,147590018.28683928,65473833.33333248,30306340.631288238,0.9958172849079369,0.4628771386730368,52.08888845761142,0.8681481409601903,1.7585326256215703
1101,200,30,4,700,0,0.4636127391223007,137024907.6777472,57366833.33333327,30317385.722017556,0.996180208706473,0.5284828176911327,56.105128113496235,0.9350854685582706,1.8214844618334776
1102,200,30,4,700,0,0.4994083763183908,136877770.95350918,57271499.999999836,30306340.631288256,0.9958172849079375,0.5291696678328374,56.16543830634981,0.9360906384391635,1.8588347490238242
1103,200,30,4,700,0,0.5689227604941322,126958649.66963285,51408500.000000566,29202366.35901928,0.9595424777382414,0.5680454858441495,60.55357409680169,0.9908161961655458,2.0141753453349978
1104,200,30,4,700,0,0.6032441082868245,136202331.34441426,56760000.000000045,30302719.055350892,0.9956982857862386,0.5338745429061112,56.443967765572914,0.9407327960928819,1.9710765387045952
1105,200,30,4,700,0,0.5072410754379287,131251087.62017795,52963166.666667014,30306340.63128829,0.9958172849079386,0.5722154194824974,58.573228911042655,0.9762204818507109,1.9412338928746375
1106,200,30,4,700,0,0.48855509642623823,126486297.45549026,49408333.333334394,30246712.602319643,0.9938580044182754,0.6121783626713239,60.77970621841697,0.9870889681511161,1.9653867547144135
1107,200,30,4,700,0,0.49965487634301814,133360495.28684387,54578333.33333347,30306340.631288264,0.9958172849079377,0.5552815335381229,57.646756511097095,0.9607792751849515,1.904659378358468
1108,200,30,4,700,0,0.5196191198902269,125299288.20851061,49204833.33333448,29797108.772656403,0.9790847505178284,0.6055728015741484,61.355496187709605,0.9776616762232163,1.981739037372762
1109,200,30,4,700,0,0.48112789340145057,119453734.95230082,48037000.00000114,27688586.116298743,0.909802109886078,0.5764012348043818,64.35797091710714,0.9299421969176529,1.8721910781626088
1110,200,35,4,700,0,0.5450381268972181,152965857.62016943,69591499.9999984,30306340.631288216,0.9958172849079362,0.4354891133441427,50.2582740985876,0.8376379016431267,1.731067319215659
1111,200,35,4,700,0,0.4936082861735155,145003387.34440947,63477333.33333225,30317385.722017564,0.9961802087064731,0.47760963055607375,53.01807178986843,0.8836345298311404,1.7593305204495149
1112,200,35,4,700,0,0.5471685397501231,147882687.95350417,65699333.333332025,30306340.63128827,0.9958172849079381,0.4612884042144853,51.98580108590617,0.8664300180984361,1.7826292812201476
1113,200,35,4,700,0,0.5116154862756139,132542616.36466043,53995333.33333352,30279670.260936715,0.9949409397195138,0.560783097198584,58.002476568357395,0.9667079428059566,1.9269499068404379
1114,200,35,4,700,0,0.5432410253637716,142789703.34441152,61805333.33333268,30302719.055350687,0.9956982857862319,0.49029294756683905,53.84001661140004,0.8973336101900007,1.8328089936072436
1115,200,35,4,700,0,0.5805840073092151,147588184.95350432,65473833.33333215,30306340.631288104,0.9958172849079325,0.4628771386730371,52.08953550327852,0.868158925054642,1.8190446433022869
1116,200,35,4,700,0,0.5644806825728444,140316138.120174,59850999.99999943,30341173.964621574,0.9969618518434937,0.506945146524233,54.789136182010445,0.913152269700174,1.883189069492405
1117,200,35,4,700,0,0.5471746986545044,146970446.95350373,65000833.33333192,30306340.63128819,0.9958172849079354,0.46624541682217685,52.30847533880161,0.8718079223133601,1.791978954425606
1118,200,35,4,700,0,0.5714828739817726,148117332.62017348,65878999.99999934,30306340.631288197,0.9958172849079355,0.4600303682704428,51.90344616665698,0.8650574361109497,1.8045646047090766
1119,200,35,4,700,0,0.5410481966342278,140864862.53132388,60312999.99999948,30314503.59426992,0.9960855066550663,0.502619726995344,54.57571080432125,0.9095951800720208,1.8527391583025237
1120,200,30,2,700,0,0.5200827737229506,147465512.95350552,65378499.99999902,30306340.631288238,0.9958172849079369,0.4635520948215192,52.1328671770456,0.8688811196174266,1.7598055691975927
1121,200,30,2,700,0,0.4636127391223007,137123075.34441382,57441999.999999925,30317385.722017553,0.9961802087064727,0.5277912628741616,56.06496193795576,0.9344160322992626,1.8202617817208926
1122,200,30,2,700,0,0.4994083763183908,136839461.6201759,57242166.66666651,30306340.631288264,0.9958172849079377,0.5294408369929221,56.18116228298939,0.9363527047164898,1.859313750629218
1123,200,30,2,700,0,0.5689227604941322,126825936.50296637,51470833.333333954,29097866.35901923,0.9561087769315696,0.5653272829405434,60.61693855357565,0.9897703729956733,2.0109549598422403
1124,200,30,2,700,0,0.6032441082868245,135936560.34441468,56556500.00000016,30302719.055350862,0.9956982857862375,0.5357955151989742,56.55432196108141,0.9425720326846903,1.974452553130694
1125,200,30,2,700,0,0.5072410754379287,131277425.28684463,52983333.33333367,30306340.63128829,0.9958172849079386,0.571997621225947,58.56147759755308,0.9760246266258846,1.940863799044571
1126,200,30,2,700,0,0.48855509642623823,126438410.78882362,49371666.66666774,30246712.602319643,0.9938580044182754,0.6126330068322382,60.80272562773744,0.9867103373713414,1.9653718392633701
1127,200,30,2,700,0,0.49965487634301814,133415564.95351048,54620500.000000134,30306340.631288264,0.9958172849079377,0.554852859847277,57.62296177870149,0.9603826963116915,1.9039198605325311
1128,200,30,2,700,0,0.5196191198902269,125244218.54184395,49162666.66666782,29797108.772656403,0.9790847505178284,0.606092199487193,61.38247409345698,0.9772221872921457,1.9817150667721268
1129,200,30,2,700,0,0.4970165856572904,128351093.45351315,50688000.000000894,30341173.964621585,0.9969618518434942,0.5985869232287928,59.89664593534925,0.9982774322558208,1.9741635564961455
1130,200,30,4,800,0,0.47439084989503616,157400580.25638923,66592166.66666603,34381508.34051992,0.9885056106025071,0.5162995898995164,55.81809155778741,0.9303015259631235,1.8177320477777728
1131,200,30,4,800,0,0.4500443785547162,146285621.86350092,58233999.999999695,34284293.735237755,0.9857105853871452,0.5887332784153232,60.0592176324617,0.9990135263443344,1.9200445276313092
1132,200,30,4,800,0,0.5286164560652902,143138425.7034132,56330999.99999999,33961268.76691699,0.9764232676119255,0.602887730857201,61.37974451531571,0.9772666450420888,1.98819328579314
1133,200,30,4,800,0,0.4907387186147849,144433622.482822,57891166.66666661,33598955.01032472,0.9660063546119849,0.5803813767268711,60.82932664134299,0.9862729760788003,1.9413167960750821
1134,200,30,4,800,0,0.4970817084985189,140383049.36350328,53619500.00000042,34344793.73523765,0.9874500259273634,0.6405280492215962,62.58447896547921,0.957839885201825,1.9673440330776208
1135,200,30,4,800,0,0.5488230594680826,147239029.58972582,58811500.000000045,34381508.340520054,0.9885056106025111,0.5846051935509217,59.67031991776359,0.9945053319627265,2.0110125462715462
1136,200,30,4,800,0,0.5572090722152673,137915490.72230777,53595666.66666715,33155710.129643437,0.9532625841210345,0.6186266948753906,63.704228973742836,0.9401299678904579,1.9922403960060375
1137,200,30,4,800,0,0.5535399473470316,145313985.5897244,57337499.99999957,34381508.34052018,0.9885056106025146,0.5996338930110388,60.460801239087836,0.9923493953537929,2.0255964571096556
1138,200,30,4,800,0,0.5317381437097503,138641690.06212413,52248166.66666719,34369001.657128215,0.9881460299063876,0.6578030168291941,63.370548902448895,0.9453729105015175,2.003353467674623
1139,200,30,4,800,0,0.5128432308454458,143378907.75639206,55801166.66666653,34416341.67385344,0.9895071066711247,0.6167674213595329,61.27679543303199,0.9789448961546787,1.9852020640877508
1140,200,35,4,800,0,0.5412927721994597,159381254.92305312,68110166.66666524,34381508.340520136,0.9885056106025133,0.5047926032656043,55.12442479036605,0.9187404131727674,1.8638672679847106
1141,200,35,4,800,0,0.5044502813777785,149600141.91742313,60725499.99999924,34314774.158496566,0.9865869305755665,0.5650801419255007,58.72855391306795,0.9788092318844658,1.9353236268026448
1142,200,35,4,800,0,0.5339037938165305,153713867.92305347,63770666.66666522,34381508.3405203,0.9885056106025182,0.5391429968928413,57.15684680056337,0.9526141133427228,1.9178323046735264
1143,200,35,4,800,0,0.5166029071086322,158121835.5897188,67145833.33333163,34381508.340520196,0.9885056106025151,0.5120423209261593,55.56348348242461,0.9260580580404102,1.85229482188997
1144,200,35,4,800,0,0.5194240201572906,155355578.41742042,65037499.999998555,34375274.15849658,0.988326371115788,0.5285454416067246,56.55284534678045,0.9425474224463408,1.884807795889011
1145,200,35,4,800,0,0.6643275005451358,159038865.25638676,67847999.99999864,34381508.340520106,0.9885056106025125,0.5067431367250442,55.24310039458846,0.9207183399098077,1.9904403498349788
1146,200,35,4,800,0,0.5790355065128118,143992216.369135,56319999.99999997,34385861.25059464,0.9886307614827039,0.6105444114097063,61.015798086453046,0.9832125384586478,2.0506835740992244
1147,200,35,4,800,0,0.5785474589498786,157781840.25638494,66885499.999998175,34381508.340520166,0.9885056106025143,0.5140353042217088,55.68321415014341,0.9280535691690568,1.9178292714963026
1148,200,35,4,800,0,0.5431218620962673,144754317.23632187,57020333.33333298,34311417.8800991,0.9864904339357511,0.6017400438457505,60.69456281332561,0.9884906977474237,2.0130045949202913
1149,200,35,4,800,0,0.5938303905382601,151311895.08972237,61876833.333332434,34416341.67385347,0.9895071066711256,0.5562072236058294,58.06417264677272,0.9677362107795453,2.006532380202469
1150,200,30,2,800,0,0.47439084989503616,157343116.2563892,66548166.666666,34381508.34051992,0.9885056106025071,0.5166409544042575,55.83847713860972,0.9306412856434954,1.8183448990619375
1151,200,30,2,800,0,0.4408876675282689,146958631.25075862,58701499.99999976,34314774.158496514,0.9865869305755648,0.5845638383771564,59.78417140405046,0.9964028567341744,1.9049415949641686
1152,200,30,2,800,0,0.5286164560652902,143951609.92305908,56294333.33333328,34381508.340520084,0.9885056106025119,0.6107454570416225,61.03300966690082,0.9829305348799267,2.0001433565785147
1153,200,30,2,800,0,0.4714746713622217,143831429.60225832,57258666.6666662,33708204.458561935,0.9691473945997634,0.5887004783886376,61.08400663398574,0.9820954485518825,1.9245305026250143
1154,200,30,2,800,0,0.47069666195794024,141688162.7507601,54571000.00000024,34375274.15849651,0.9883263711157858,0.6299183478128743,62.008002852396835,0.9670871009570985,1.9417184411653383
1155,200,30,2,800,0,0.5488230594680826,148144087.5897255,59504499.99999998,34381508.340520054,0.988505610602511,0.5777967773953241,59.30577549832193,0.9884295916386988,1.9994900730230407
1156,200,30,2,800,0,0.5572090722152673,138511369.88897452,53577333.333333835,33458210.129643477,0.9619597868221413,0.6244844236924165,63.43017188439018,0.944433944578843,2.0012305557480436
1157,200,30,2,800,0,0.5535399473470316,145366660.9230578,57377833.333332926,34381508.340520166,0.9885056106025142,0.5992123846988601,60.4388925508188,0.9927118127431256,2.0256216678492454
1158,200,30,2,800,0,0.5177638280265765,140393630.58972642,53570000.00000021,34381508.34052029,0.9885056106025178,0.6418052704969229,62.579762081050696,0.9579151884957525,1.9891232329198676
1159,200,30,2,800,0,0.5295879889571925,144423629.44840583,56602333.33333341,34415559.841421224,0.989484628141732,0.6080236946902279,60.833535575552446,0.9862037925375887,2.0022107372469633
1160,200,30,4,900,0,0.46215327013364044,161394481.0402755,63310499.99999965,38422385.57358569,0.981942407620979,0.6068880450096888,61.24001227485299,0.9795452249018337,1.9272089310432252
1161,200,30,4,900,0,0.4551518411876558,162966732.13810217,64623166.66666554,38353038.78547595,0.9801701451479253,0.5934874560280491,60.64918815224334,0.9892385209868881,1.9191803269969832
1162,200,30,4,900,0,0.5215835530902719,149885098.75749686,56173333.333333395,37354429.196761236,0.9546491607223763,0.6649850913261546,65.94251251080847,0.9057047806786012,1.9592764068297968
1163,200,30,4,900,0,0.49078423466500376,139861219.1927039,52382000.00000008,34878881.01156876,0.8913827677365961,0.6658562294599043,70.66862463412306,0.837101113969397,1.8605703322023244
1164,200,30,4,900,0,0.46880976727811163,151004148.323772,55432666.6666671,38372662.59497545,0.9806716613983865,0.6922391597308775,65.4538309689869,0.913111589634924,1.9357126846977375
1165,200,30,4,900,0,0.530684894472527,146914930.3872196,54186000.00000009,37171554.11772592,0.9499755103823186,0.6859992270646635,67.27566744883956,0.8858026249355221,1.96528690105978
1166,200,30,4,900,0,0.5047174966703406,141400275.7006151,52957666.66666711,35263085.912126645,0.9012017073844495,0.6658731045324193,69.89943938247218,0.8479016265261319,1.885317606822408
1167,200,30,4,900,0,0.4813426276677851,155514823.8926067,58754666.66666629,38456676.04975209,0.9828187528094059,0.654529728981851,63.5553560271876,0.9424655295161521,1.947431940369418
1168,200,30,4,900,0,0.5023629739841562,143634114.13814217,53034666.66666699,36304216.433125935,0.9278093788024508,0.68453746794158,68.81234349727053,0.8634041479904211,1.9133970963278413
1169,200,30,4,900,0,0.5012796435083265,136445380.51020136,52228000.00000042,33309962.18164969,0.8512866646390379,0.6377797767796857,72.43777666229627,0.8127788060717064,1.8242822710037814
1170,200,35,4,900,0,0.5064949620167978,169574910.22593534,69521833.33333178,38456676.049752094,0.9828187528094062,0.5531596939535007,58.28574514255199,0.9714290857091998,1.9204518028887982
1171,200,35,4,900,0,0.5047093733183302,170960403.32376373,70691499.99999817,38387329.26164224,0.9810464903363497,0.5430260959470833,57.813387239629535,0.9635564539938256,1.9026867040698225
1172,200,35,4,900,0,0.5893810655050538,159054209.55927372,61466166.666666284,38456676.04975192,0.9828187528094018,0.6256560012649587,62.141077733102485,0.9649445611441066,2.0548504276611275
1173,200,35,4,900,0,0.5237812403819657,157277978.0014476,61295666.66666573,37698472.75164385,0.9634417161966039,0.6150267188813416,62.84287301753733,0.9537237526123042,1.9695263680993431
1174,200,35,4,900,0,0.5406533288822588,165186345.65709847,66293333.33333179,38372662.594975494,0.9806716613983876,0.5788313947351627,59.834243324912904,0.9972373887485484,2.0009558334189377
1175,200,35,4,900,0,0.6037908417143617,159605772.49043486,61988666.66666585,38392829.26164222,0.9811870511880841,0.6193523965936147,61.92633164688535,0.9684043834436086,2.067677142432862
1176,200,35,4,900,0,0.6227390991519334,155109843.61659867,60613666.66666603,37075026.00452309,0.947508587871743,0.6116611655983548,63.721294339196355,0.9398626115554424,2.0519306431860596
1177,200,35,4,900,0,0.5348702583660824,161596991.55927143,63413166.66666574,38456676.04975206,0.9828187528094053,0.6064462330339275,61.16326736426133,0.9807989450480019,2.0008261898412263
1178,200,35,4,900,0,0.5589469784720414,156734100.55927294,59689666.66666613,38456676.04975212,0.982818752809407,0.6442769443580821,63.06094184183098,0.9502637537794542,2.0246322877379614
1179,200,35,4,900,0,0.6024204885439729,165978621.55927026,66768166.66666544,38456676.04975207,0.9828187528094056,0.5759732215165327,59.54863287300248,0.9924772145500413,2.0556762803072406
1180,200,30,2,900,0,0.46215327013364044,161372932.0402753,63293999.99999958,38422385.573585734,0.9819424076209801,0.6070462535719972,61.248189984756614,0.9794117267215064,1.9272019997127448
1181,200,30,2,900,0,0.46993975399253296,160870121.65710104,62963999.9999991,38387329.261642225,0.9810464903363494,0.6096710701614062,61.43962532127367,0.9762918063350493,1.9339684164567073
1182,200,30,2,900,0,0.5215835530902719,148895557.72604525,56277833.33333347,36804884.037438646,0.9406046996930576,0.6539854478661857,66.38075810283961,0.8991135294086174,1.943885440791838
1183,200,30,2,900,0,0.49078423466500376,142444701.19270417,52398500.00000016,36129214.34490217,0.9233369346976976,0.6895085612164865,69.38692641594895,0.8551753241348292,1.8975664077730223
1184,200,30,2,900,0,0.46880976727811163,150987387.9904387,55419833.333333775,38372662.59497544,0.9806716613983862,0.6923994585868801,65.46109666209931,0.9130010231864472,1.935730357334063
1185,200,30,2,900,0,0.530684894472527,147513961.03299588,53753333.3333336,37739681.64942064,0.9644948721548889,0.7020900716126837,67.00247170360502,0.8898451130100695,1.9822020647727434
1186,200,30,2,900,0,0.5047174966703406,141930890.03394845,52921000.00000045,35545419.24546001,0.9084171644401824,0.6716694553288809,69.63811752068837,0.8516026007489322,1.8936556616823776
1187,200,30,2,900,0,0.4813426276677851,155538767.22594005,58772999.99999963,38456676.04975209,0.9828187528094059,0.6543255585005415,63.545572440101125,0.9426192202726028,1.947422294740821
1188,200,30,2,900,0,0.4894069271225838,135495872.30481064,49952833.333334215,34296716.43312587,0.8765046679191589,0.6865820043532785,72.94539554507953,0.8059314478257845,1.844603978430991
1189,200,30,2,900,0,0.5012796435083265,139819791.07931316,52268333.33333377,34931111.637861855,0.8927176007035801,0.6683035293108299,70.68956349958631,0.8368090324777444,1.872731499434735
1190,200,25,2,900,0,0.45033704335547126,158586192.55927306,61104999.999999456,38456676.04975193,0.9828187528094019,0.6293539980321131,62.32446747408882,0.961999715005891,1.9158199567870529
1191,200,25,2,900,0,0.40770278873785465,145080632.70294276,52422333.33333389,37399576.39642514,0.9558029659656873,0.7134283046619713,68.12625376563801,0.8733336897708438,1.8517791222382756
1192,200,25,2,900,0,0.48764685382649,144202365.83943808,53524166.666667074,36268653.41114542,0.9269005117733866,0.6776126686290331,68.54117782647965,0.867315071651505,1.8970520603812215
1193,200,25,2,900,0,0.4417293970503746,141934518.82139972,51997000.0000005,36135238.403155304,0.9234908886538725,0.6949485240139808,69.63633710864282,0.8516278711826686,1.8493160874442278
1194,200,25,2,900,0,0.423251736896269,147480697.4714408,52787166.666667126,38338372.11880917,0.9797953162099624,0.7262820594426456,67.0175837886444,0.8896210176488275,1.893898402099213
1195,200,25,2,900,0,0.45620036892699595,137718304.32292008,49533000.00000101,35648059.04811328,0.9110402804552478,0.7196830203725304,71.76823769790684,0.8218993842841759,1.8538461695091963
1196,200,25,2,900,0,0.44335930901950393,131374492.49911633,47047000.000001416,34136543.272708096,0.8724111995821742,0.7255838474867062,75.23378254014173,0.7757721867553368,1.799598573764206
1197,200,25,2,900,0,0.42335992080383616,140387258.33731368,51073000.000000685,35969051.734494336,0.9192437359822369,0.7042674551033589,70.40382522644488,0.8408036762479505,1.8275775611344738
1198,200,25,2,900,0,0.4578978570943358,131506165.48664011,47433833.333334595,33954243.9336113,0.867752263150505,0.7158233173988411,75.15845331984916,0.7767467703150344,1.807303281328443
1199,200,25,2,900,0,0.466072414142985,129900736.69203228,47338500.00000124,33231489.682135217,0.8492811807536685,0.7019970992349641,76.0873283069398,0.7648143621579934,1.7924844556889497
1200,200,35,2,900,0,0.5064949620167978,167985072.8926019,68304499.99999838,38456676.04975216,0.9828187528094078,0.5630181913307771,58.83737066518417,0.9806228444197361,1.9375323595011555
1201,200,35,2,900,0,0.5047093733183302,171010684.32376397,70729999.99999821,38387329.26164225,0.9810464903363499,0.5427305140908132,57.7963887992379,0.963273146653965,1.9021669312449458
1202,200,35,2,900,0,0.5893810655050538,159111673.5592738,61510166.666666314,38456676.049751975,0.9828187528094031,0.6252084514443769,62.11863516298188,0.9653055592538756,2.0548533859144307
1203,200,35,2,900,0,0.5237812403819657,155959906.04574767,60290999.99999926,37695555.57788398,0.96336716339145,0.6252269091221649,63.37398021450967,0.9453188475562603,1.9692816152359578
1204,200,35,2,900,0,0.5406533288822588,165169585.32376513,66280499.99999845,38372662.594975494,0.9806716613983876,0.5789434689686467,59.840314914067214,0.9973385819011202,2.0011466859582967
1205,200,35,2,900,0,0.6037908417143617,159632110.15710145,62008833.333332494,38392829.26164224,0.9811870511880847,0.6191509692701216,61.91611443507756,0.9685693040301354,2.067680921160594
1206,200,35,2,900,0,0.6022272966493653,153205139.86798686,58747333.333332896,37335019.94533378,0.9541531278292522,0.6355185474291155,64.51350136501054,0.9275347464242961,2.038176881016954
1207,200,35,2,900,0,0.5348702583660824,161620934.89260474,63431499.99999907,38456676.04975206,0.9828187528094053,0.6062709544903183,61.15420633204276,0.9809470737467283,2.0008340957050654
1208,200,35,2,900,0,0.54240235359421,153372826.01586187,57575833.33333297,38163553.44844516,0.9753275596271346,0.6628397929995873,64.44296722404928,0.9286257686938173,2.001299956687697
1209,200,35,2,900,0,0.5926429030230861,163926677.89260325,65196999.99999868,38456676.049752094,0.9828187528094062,0.5898534602781244,60.29402978858257,0.99511149136636,2.0596371626119456
1210,200,40,2,900,0,0.5859968485897419,183077116.89259517,79861833.33333015,38456676.049752094,0.9828187528094061,0.48154011052113277,53.98708570333491,0.8997847617222485,1.8710136987288966
1211,200,40,2,900,0,0.5603174526744485,176740884.99042714,75118999.9999974,38387329.26164219,0.9810464903363484,0.5110202380442167,55.92254446692026,0.9320424077820043,1.9011760508918263
1212,200,40,2,900,0,0.6518361546020768,170892354.5592674,70531999.99999817,38456676.04975205,0.982818752809405,0.5452372830736836,57.8364083372272,0.9639401389537866,2.0519661200148103
1213,200,40,2,900,0,0.548441756737471,152933432.50268763,60298333.33333225,36214727.10396549,0.9255223431064526,0.6005925056629449,64.62811851049183,0.9257645813070441,1.954680342574871
1214,200,40,2,900,0,0.5829800754813236,172037094.32376218,71540333.33333112,38372662.59497548,0.9806716613983871,0.536378023515546,57.451563215775764,0.9575260535962627,1.9696085478900232
1215,200,40,2,900,0,0.6618910447631451,166618510.3047672,67413499.99999848,38358538.785475925,0.9803107059996597,0.5690038165275025,59.31993979493172,0.988665663248862,2.105759761234009
1216,200,40,2,900,0,0.6313514517686157,165248454.39260325,66155833.33333203,38491509.383085445,0.9837089715370618,0.5818309201721118,59.811754586930725,0.9968625764488455,2.0936787643551504
1217,200,40,2,900,0,0.6468018716247189,174785540.55926424,73512999.99999738,38456676.04975206,0.9828187528094051,0.5231275563472233,56.5481559193892,0.9424692653231533,2.007773182025651
1218,200,40,2,900,0,0.5880021165096291,161512925.3736059,63403999.99999873,38422385.57358605,0.9819424076209881,0.6059930851931553,61.19510235566069,0.9802786876471211,2.0530752723112746
1219,200,40,2,900,0,0.7198999192470552,169992085.2259329,69842666.66666442,38456676.049752176,0.9828187528094083,0.5506186674299389,58.1427069787611,0.969045116312685,2.129439969503691
1220,200,35,2,800,0,0.5412927721994597,157844092.9230528,66933166.66666506,34381508.340520285,0.9885056106025176,0.5136692323514915,55.661253058630315,0.9276875509771719,1.879915709057825
1221,200,35,2,800,0,0.5044502813777785,149660000.25075665,60771333.33333261,34314774.15849658,0.9865869305755667,0.564653962260117,58.70506471521659,0.9784177452536098,1.934591196439482
1222,200,35,2,800,0,0.5339037938165305,153033877.25638756,63249999.99999875,34381508.34052025,0.9885056106025167,0.5435811595339277,57.410817509907176,0.9568469584984529,1.9256156799421256
1223,200,35,2,800,0,0.5166029071086322,157262269.923052,66487666.666664965,34381508.340520196,0.9885056106025151,0.5171110683262722,55.867182918692876,0.9311197153115479,1.861411477081198
1224,200,35,2,800,0,0.5194240201572906,155116145.08408737,64854166.66666531,34375274.15849655,0.988326371115787,0.5300395629964243,56.64013887940085,0.9440023146566808,1.8874579852111109
1225,200,35,2,800,0,0.5939892123025216,149715331.25638944,60708999.99999921,34381508.34052016,0.9885056106025141,0.5663329710672323,58.683368805791865,0.9780561467631977,2.025111735919505
1226,200,35,2,800,0,0.5790355065128118,143944329.70246828,56283333.33333328,34385861.25059464,0.9886307614827039,0.6109421602119277,61.03609651147895,0.982879966950861,2.050669201633215
1227,200,35,2,800,0,0.5785474589498786,157834515.58971846,66925833.33333154,34381508.34052015,0.9885056106025139,0.5137255171598571,55.66463056051802,0.9277438426753003,1.9172717153530647
1228,200,35,2,800,0,0.5431218620962673,144873989.2563912,57001999.99999959,34381508.340520255,0.9885056106025168,0.6031631932304218,60.64442654679235,0.9893170301609922,2.014969446841597
1229,200,35,2,800,0,0.5938303905382601,151388513.75638887,61935499.99999906,34416341.67385352,0.989507106671127,0.5556803719006715,58.03478600852056,0.9672464334753427,2.00562112153414
1230,200,40,2,800,0,0.5821027107294473,164365215.94839436,71928999.99999733,34380726.50808804,0.9884831320731241,0.47798143319230507,53.452915504692136,0.8908819250782023,1.8553697823614936
1231,200,40,2,800,0,0.5704995532202112,162582778.25074962,70667666.66666432,34314774.15849662,0.9865869305755679,0.48557955536239245,54.0389338558956,0.90064889759826,1.859612095108385
1232,200,40,2,800,0,0.6295070473527502,167151427.58971483,74061166.66666415,34381508.34052011,0.9885056106025127,0.46423125489320244,52.56192021025017,0.8760320035041695,1.8769240547714816
1233,200,40,2,800,0,0.568999345376148,153182886.92305484,63365499.99999888,34381508.34052022,0.9885056106025156,0.5425903423869586,57.35497075736134,0.9559161792893557,1.9589877985750705
1234,200,40,2,800,0,0.5652233479708751,170502692.08408058,76636999.99999705,34375274.15849658,0.988326371115788,0.4485467092722563,51.5288051620172,0.8588134193669533,1.7828741347556334
1235,200,40,2,800,0,0.6395605405920498,167328608.25638053,74196833.33333048,34381508.34052022,0.9885056106025158,0.46338242207805197,52.506263522723,0.8751043920453834,1.8853708702998748
1236,200,40,2,800,0,0.6242377768880152,153845660.7563886,63818333.3333324,34416341.67385351,0.9895071066711266,0.5392861247894389,57.107883035532154,0.9517980505922026,2.0074647273117687
1237,200,40,2,800,0,0.6194212841063689,163308522.58971548,71118666.66666418,34381508.34052023,0.9885056106025161,0.4834385956877908,53.7987844153903,0.8966464069231717,1.9028185675797733
1238,200,40,2,800,0,0.6256337867606648,157387336.25638515,66584833.333331525,34381508.34052026,0.988505610602517,0.5163564526534501,55.82278859900053,0.9303798099833422,1.9690987588667672
1239,200,40,2,800,0,0.6826257447065044,171355420.42304444,77225499.99999645,34416341.67385356,0.9895071066711282,0.44566032817987766,51.27237865198256,0.8545396441997093,1.8936936514501157
1240,200,35,2,700,0,0.5450381268972181,152908393.62016952,69547499.9999984,30306340.631288216,0.9958172849079362,0.43576463037907776,50.27716149511582,0.8379526915852636,1.7316025227857441
1241,200,35,2,700,0,0.4936082861735155,145101555.01107618,63552499.999998935,30317385.722017556,0.996180208706473,0.4770447381616469,52.9822027021913,0.8830367117031883,1.7582807884060214
1242,200,35,2,700,0,0.5471685397501231,147844378.62017077,65669999.99999866,30306340.63128827,0.9958172849079381,0.46149445151955065,51.999271610798566,0.8666545268466428,1.7830186278124065
1243,200,35,2,700,0,0.5116154862756139,132621629.36466044,54055833.33333353,30279670.260936715,0.9949409397195138,0.5601554613767236,57.96791999034632,0.9661319998391052,1.925871855216098
1244,200,35,2,700,0,0.538339140317839,148054842.34441048,65836833.333332375,30302719.055350795,0.9956982857862354,0.46026999661311024,51.92535332357698,0.8654225553929497,1.771977693001277
1245,200,35,2,700,0,0.5805840073092151,147614522.62017098,65493999.99999881,30306340.631288115,0.9958172849079329,0.4627346112817764,52.08024158829946,0.8680040264716576,1.818775722806294
1246,200,35,2,700,0,0.5644806825728444,141118239.7868405,60465166.66666606,30341173.964621585,0.9969618518434942,0.5017959204824026,54.47772032596526,0.9079620054327543,1.8738794243915209
1247,200,35,2,700,0,0.5471746986545044,147025516.62017033,65042999.999998584,30306340.63128819,0.9958172849079354,0.4659431550095913,52.28888275129051,0.8714813791881751,1.7914106018503526
1248,200,35,2,700,0,0.5714828739817726,148062262.9535069,65836833.33333269,30306340.631288197,0.9958172849079355,0.46032500496867496,51.9227509200913,0.8653791820015218,1.8051220599582343
1249,200,35,2,700,0,0.5410481966342278,140898383.19799066,60338666.666666165,30314503.594269924,0.9960855066550665,0.5024059242432191,54.56272687811534,0.9093787813019224,1.8523517173307256
1250,200,40,2,700,0,0.6354866541469673,155071037.62016702,71204833.33333114,30306340.631288238,0.9958172849079369,0.42562195868664116,49.5759886435441,0.8262664773924017,1.802250698488682
1251,200,40,2,700,0,0.5707583398182875,156772096.67773652,72489999.9999975,30317385.722017627,0.9961802087064753,0.4182285242380835,49.038063296449856,0.8173010549408309,1.7226422141495852
1252,200,40,2,700,0,0.6634271388269957,157400723.95349902,72988666.66666417,30306340.631288294,0.9958172849079387,0.41521981446374323,48.84221499687137,0.8140369166145228,1.809639907012513
1253,200,40,2,700,0,0.6242251813790998,148065218.28683642,65840499.999998435,30306340.631288294,0.9958172849079387,0.46029936940468275,51.921714558965235,0.8653619093160873,1.8578265862189332
1254,200,40,2,700,0,0.5927544128611273,151754648.3444056,68671166.66666463,30302719.055350818,0.9956982857862361,0.4412728154516823,50.6594037406526,0.8443233956775433,1.7900960609000165
1255,200,40,2,700,0,0.5851266116331475,149317454.62016928,66799333.33333169,30306340.631288197,0.9958172849079355,0.4536922618682164,51.486278141802444,0.8581046356967074,1.806185056824428
1256,200,40,2,700,0,0.5920605396475941,145016775.45350587,63451666.66666576,30341173.96462162,0.9969618518434953,0.4781777305238431,53.013177102843535,0.8835529517140589,1.8581556757807274
1257,200,40,2,700,0,0.6209411704397586,155827646.95349914,71784166.66666421,30306340.631288163,0.9958172849079345,0.4221869813160637,49.335276186863894,0.8222546031143982,1.7809453586070079
1258,200,40,2,700,0,0.5866667212227702,150643915.2868366,67814999.99999848,30306340.631288294,0.9958172849079387,0.44689730341796025,51.032927452541905,0.8505487908756985,1.7947333548328368
1259,200,40,2,700,0,0.6196896216346572,147691667.86465463,65541666.6666656,30314503.594270118,0.9960855066550729,0.4625226231802255,52.0530380024223,0.867550633373705,1.8572583535525427
1260,200,35,2,600,0,0.5341022269566965,140281479.56012708,66500499.99999839,26085973.5936882,0.9999999999999875,0.3922673302259206,46.97555244400952,0.7829258740668253,1.6308419652042585
1261,200,35,2,600,0,0.51243789486592,143233692.5601269,68760999.99999838,26085973.5936882,0.9999999999999875,0.3793716437179334,46.00733167047077,0.7667888611745128,1.5827240710147796
1262,200,35,2,600,0,0.556426831950967,137690810.89346164,64516833.333331935,26085973.593688205,0.9999999999999877,0.40432817678624605,47.85940294228394,0.7976567157047324,1.6775460890846963
1263,200,35,2,600,0,0.5218811794651274,132499896.2267999,60542166.66666648,26085973.59368816,0.9999999999999859,0.43087281195786253,49.73437857430656,0.828906309571776,1.6954857386031934
1264,200,35,2,600,0,0.5397980865598845,142201631.8495856,67994666.66666505,26070732.31637828,0.9994157290217478,0.3834231947071178,46.34124035208253,0.7723540058680421,1.618890648193621
1265,200,35,2,600,0,0.5707227061139741,133177492.56013039,61060999.9999991,26085973.59368822,0.9999999999999882,0.4272116996722721,49.4813340702046,0.8246889011700768,1.7371809670218687
1266,200,35,2,600,0,0.533897354411822,129978663.2267989,58611666.666666254,26085973.59368819,0.999999999999987,0.4450645251574779,50.69909042302967,0.8449848403838279,1.7349338149216322
1267,200,35,2,600,0,0.5852480298429369,144210580.5601255,69508999.999998,26085973.59368823,0.9999999999999886,0.37528915095439414,45.695676242371995,0.7615946040395333,1.6470739546459856
1268,200,35,2,600,0,0.5156647821347135,132009057.89346538,60166333.333332844,26085973.59368832,0.9999999999999919,0.43356429000197005,49.91930179001909,0.8319883631669849,1.6945045773032743
1269,200,35,2,600,0,0.5714069891394683,136156043.2267968,63341666.66666576,26085973.59368823,0.9999999999999886,0.4118296054785729,48.39888001903293,0.8066480003172155,1.7075186738395423
1270,200,40,2,600,0,0.6233680550354944,145528024.8934578,70519166.66666447,26085973.59368824,0.9999999999999888,0.36991324240959145,45.28199984040492,0.754699997340082,1.6739986463032497
1271,200,40,2,600,0,0.6088203962532112,150976179.10301337,74726666.66666394,26063113.27624405,0.9991236548115647,0.348779283739562,43.64794525303014,0.727465754217169,1.6153095774620296
1272,200,40,2,600,0,0.6414963070204719,141883849.56012592,67728833.33333145,26085973.593688197,0.9999999999999872,0.3851531513218977,46.44503247148965,0.7740838745248274,1.7237027026028175
1273,200,40,2,600,0,0.5793117623233954,140602881.22679627,66747999.999998905,26085973.59368816,0.9999999999999859,0.3908128122743541,46.868171850408054,0.7811361975068009,1.6730982096496796
1274,200,40,2,600,0,0.5821889131740836,150785877.84958258,74568999.9999975,26070732.31637828,0.9994157290217478,0.34961890754038755,43.703031702834245,0.7283838617139041,1.5902679009202978
1275,200,40,2,600,0,0.5776848609274389,134890001.89346296,62373666.6666656,26085973.593688205,0.9999999999999877,0.4182209414286262,48.85313890946988,0.8142189818244979,1.726480595894838
1276,200,40,2,600,0,0.5638366919362585,136060830.89346233,63270166.66666551,26085973.593688197,0.9999999999999872,0.4122950036013078,48.43274847527509,0.8072124745879182,1.7008851694052232
1277,200,40,2,600,0,0.656494799906937,147421942.5601254,71969333.3333313,26085973.59368827,0.99999999999999,0.3624595697290838,44.70026568339634,0.7450044280566056,1.6914668837468096
1278,200,40,2,600,0,0.5848243436655055,137459121.5601284,64340833.333332,26085973.59368819,0.999999999999987,0.4054341891803608,47.940070656696584,0.7990011776116097,1.7081728726214038
1279,200,40,2,600,0,0.5638964075522295,141263717.226793,67253999.99999817,26085973.593688216,0.999999999999988,0.38787244764161133,46.6489211056251,0.777482018427085,1.6516763840926036
1280,200,35,2,500,0,0.54485892041129,126273189.57788382,62595499.99999883,21738311.328073587,0.999999999999991,0.34728233384307167,43.49141744465655,0.7248569574109425,1.54754174489669
1281,200,35,2,500,0,0.587952096846702,125935901.76354426,62357166.6666657,21725610.263648633,0.9994157290217504,0.34840598803637596,43.60789832839993,0.7267983054733322,1.593475192749135
1282,200,35,2,500,0,0.5795478304366074,126572481.24455075,62824666.66666554,21738311.32807363,0.999999999999993,0.3460155458271277,43.38857819646666,0.723142969941111,1.5795032370394204
1283,200,35,2,500,0,0.5451488286152749,122878024.91121851,59995833.33333236,21738311.328073565,0.99999999999999,0.36233035063113683,44.6931011787333,0.744885019645555,1.5798981287657394
1284,200,35,2,500,0,0.5216946821617198,135864888.9112147,69939833.33333139,21738311.328073613,0.9999999999999923,0.31081445711300737,40.421039195702676,0.6736839865950446,1.4440302344471703
1285,200,35,2,500,0,0.6418074027310046,131954942.57788032,66945999.99999804,21738311.328073613,0.9999999999999922,0.3247141177676672,41.61875177020155,0.6936458628366925,1.5952245597818306
1286,200,35,2,500,0,0.5708321486593816,128237286.87313223,64111666.666665606,21730494.65095368,0.9996404193038672,0.33894758599767133,42.825297804632676,0.7137549634105446,1.5557451808680631
1287,200,35,2,500,0,0.5959997470788735,133255065.57788076,67941499.9999981,21738311.328073613,0.9999999999999922,0.31995630546976767,41.21269218685217,0.6868782031142029,1.5388429945688906
1288,200,35,2,500,0,0.5286182242476793,123771111.24455212,60679666.66666588,21738311.32807358,0.9999999999999908,0.3582470458760023,44.37061237293953,0.7395102062156589,1.55472606716414
1289,200,35,2,500,0,0.5676133398073655,124819829.2445507,61482666.666665494,21738311.32807358,0.9999999999999907,0.35356812751681765,43.9978169593575,0.733296949322625,1.5837647911434445
1290,200,40,2,500,0,0.5913310469662604,135834323.57788044,69917833.33333124,21738311.328073636,0.9999999999999933,0.3109122564544709,40.430134706352646,0.6738355784392108,1.5138964305690479
1291,200,40,2,500,0,0.636720183100049,143137040.2445464,75509499.9999971,21738311.328073587,0.9999999999999911,0.2878884289801207,38.367427401163134,0.6394571233527189,1.5064880496368644
1292,200,40,2,500,0,0.6110423000200828,140158489.57788002,73228833.33333069,21738311.328073595,0.9999999999999915,0.2968545358236539,39.182785263595775,0.6530464210599296,1.5015723497389355
1293,200,40,2,500,0,0.6095729990999241,134584481.5778786,68960833.33333077,21738311.328073554,0.9999999999999896,0.31522692341896047,40.80559612530155,0.6800932687550258,1.5418478065901184
1294,200,40,2,500,0,0.623083031844743,143462669.57788044,75758833.33333051,21738311.328073625,0.9999999999999928,0.28694094631087375,38.28034161192512,0.6380056935320852,1.4906414824255272
1295,200,40,2,500,0,0.7088117159251731,140565526.2445451,73540499.99999696,21738311.328073613,0.9999999999999923,0.29559645811592944,39.06932337339803,0.6511553895566338,1.5964442719745504
1296,200,40,2,500,0,0.6508812132219459,132982672.57788163,67734333.3333317,21738311.3280736,0.9999999999999917,0.32093489753705584,41.29710956729129,0.6882851594548548,1.5959142907064454
1297,200,40,2,500,0,0.7018944050138888,134512651.57787952,68905833.33333105,21738311.328073606,0.9999999999999919,0.31547853463892983,40.82738638766914,0.6804564397944856,1.634733672519518
1298,200,40,2,500,0,0.5581241044877142,131134247.24454825,66318999.99999837,21738311.32807361,0.9999999999999921,0.3277840638139016,41.87922007710549,0.6979870012850914,1.5183383568239268
1299,200,40,2,500,0,0.7003693624346504,134201388.24454585,68667499.99999759,21738311.328073565,0.9999999999999901,0.31657350752647656,40.922080403465536,0.6820346733910922,1.635662841846924
1300,200,35,2,400,0,0.5294802105106552,120535656.34416735,65039333.33333232,17380488.210919052,0.9994157290217598,0.26723041765884215,36.45228418928847,0.6075380698214745,1.3508026144592034
1301,200,35,2,400,0,0.4858969004828036,121370549.26230538,65662666.66666549,17390649.062458996,0.9999999999999994,0.26484835211981406,36.20153345853402,0.603358890975567,1.3011344731542218
1302,200,35,2,400,0,0.5777623572241702,122340254.26230462,66405166.666665055,17390649.06245898,0.9999999999999986,0.2618869876459322,35.914589408809285,0.5985764901468215,1.3858484374877373
1303,200,35,2,400,0,0.5492377148504669,114429276.0686785,60371666.66666591,17375408.850829557,0.9991236548115764,0.28780734092973703,38.39751636078617,0.6399586060131028,1.4194421936073593
1304,200,35,2,400,0,0.5366395185030869,123930091.59563956,67622499.99999864,17390649.062459018,1.0000000000000007,0.25717252486168607,35.45385905415239,0.5908976509025398,1.3332751892949757
1305,200,35,2,400,0,0.6082312009627191,121315479.59563819,65620499.99999863,17390649.06245902,1.0000000000000007,0.26501853936589,36.21796669843916,0.6036327783073194,1.4238788107627505
1306,200,35,2,400,0,0.5483154173736982,115343170.83183867,61057333.33333261,17384395.720763054,0.9996404193038745,0.28472248576359804,38.093282578522285,0.6348880429753714,1.410981448959948
1307,200,35,2,400,0,0.5527329033982004,120922808.928971,65319833.33333185,17390649.06245898,0.9999999999999986,0.2662384175678042,36.335576711428196,0.6055929451904699,1.3713165826429137
1308,200,35,2,400,0,0.5144752247343422,108481852.92897741,55793833.33333352,17390649.062459007,1.0,0.31169482402402204,40.50262676538721,0.6750437794231202,1.4388748633766801
1309,200,35,2,400,0,0.5686083551760164,116826104.59563997,62182999.9999992,17390649.06245899,0.999999999999999,0.2796688654850878,37.60974497273428,0.6268290828789047,1.4191725304429914
1310,200,40,2,400,0,0.5634551200852815,126538811.01083319,69637333.33333167,17380488.210919034,0.9994157290217588,0.2495857807725662,34.72294361627785,0.5787157269379642,1.3418394716412987
1311,200,40,2,400,0,0.5291287422149787,137022867.26230207,77648999.99999674,17390649.062458985,0.9999999999999987,0.22396488122782926,32.06618054188703,0.5344363423647838,1.242736989562026
1312,200,40,2,400,0,0.6071163884773864,117494684.59564003,62696333.33333254,17390649.06245898,0.9999999999999986,0.277379044959448,37.39573424211774,0.623262237368629,1.4522818618135738
1313,200,40,2,400,0,0.6205359984029215,119405261.73534273,64183166.66666532,17375408.8508296,0.9991236548115789,0.270715979799947,36.79737338324916,0.613289556387486,1.450398338630365
1314,200,40,2,400,0,0.5871062375346503,132610110.92897066,74270166.66666417,17390649.062459044,1.000000000000002,0.23415389843557144,33.133220153578115,0.5522203358929686,1.3266496921760762
1315,200,40,2,400,0,0.6628793598894152,129571701.92896949,71943666.66666406,17390649.062458996,0.9999999999999992,0.2417259206850678,33.910182042747714,0.5651697007124619,1.4214297971499312
1316,200,40,2,400,0,0.5878088793781109,120272010.40200998,64846833.33333218,17375408.850829564,0.9991236548115768,0.2679453715421191,36.53219053471955,0.6088698422453258,1.411035018857132
1317,200,40,2,400,0,0.5981912594413725,127625108.92897072,70453166.66666466,17390649.06245899,0.9999999999999988,0.24683984958035216,34.42739470996536,0.5737899118327561,1.3694530509384104
1318,200,40,2,400,0,0.5458752842664647,120542670.92897193,65030166.66666544,17390649.062458992,0.9999999999999991,0.26742433479527683,36.45016296833994,0.607502716138999,1.367317468241685
1319,200,40,2,400,0,0.6569731614762685,126935540.92897122,69925166.6666647,17390649.06245899,0.9999999999999988,0.2487037198689953,34.61441900230779,0.5769069833717965,1.4328431207432613
1320,200,35,2,300,0,0.5446932592909678,111018406.28006124,64557166.66666531,13042986.796844337,1.0000000000000056,0.20203778248494916,29.686969129117475,0.49478281881862457,1.2011063040975516
1321,200,35,2,300,0,0.52391424945676,111365584.61339512,64822999.99999881,13042986.796844315,1.000000000000004,0.20120924358398337,29.594421036277478,0.4932403506046246,1.1781219949285713
1322,200,35,2,300,0,0.5456776785506109,115052857.94672967,67646333.33333206,13042986.796844296,1.0000000000000024,0.19281143787312258,28.645963766723465,0.4774327294453911,1.1773595582945
1323,200,35,2,300,0,0.5398726738732591,106473961.61339617,61077499.99999924,13042986.796844345,1.000000000000006,0.21354814451875906,30.954046886758597,0.5159007814459766,1.226611970934243
1324,200,35,2,300,0,0.5486789751304455,111715157.2800612,65090666.66666519,13042986.796844319,1.0000000000000042,0.20038182837546523,29.501815870318172,0.49169693117196955,1.2006813690027873
1325,200,35,2,300,0,0.5965488038308614,102233597.28006333,57830666.66666633,13042986.796844333,1.0000000000000053,0.2255375486508498,32.23793437465901,0.5372989062443169,1.3142777489958581
1326,200,35,2,300,0,0.5784391510809301,97239017.94673342,54006333.33333379,13042986.796844328,1.0000000000000049,0.24150846746698015,33.89380178443808,0.5648966964073013,1.3365426214618155
1327,200,35,2,300,0,0.5547003092308469,114226195.73711948,67017499.9999986,13040348.497051494,0.999797722727634,0.19458124366101043,28.85327641992879,0.4808879403321465,1.1912532444918018
1328,200,35,2,300,0,0.5216904470460031,101565578.2800639,57319166.666666456,13042986.796844333,1.0000000000000053,0.22755018182128225,32.449970312894145,0.5408328385482357,1.2445634310512648
1329,200,35,2,300,0,0.6212586382624887,107843520.28006263,62126166.66666582,13042986.79684434,1.000000000000006,0.20994353098953772,30.560946002513838,0.5093491000418973,1.298562563096016
1330,200,40,2,300,0,0.5965610842304082,118759846.94672646,70486166.6666643,13042986.796844337,1.0000000000000056,0.18504321363546192,27.751804037592244,0.46253006729320406,1.2071257224319818
1331,200,40,2,300,0,0.567527407037041,118019997.94672742,69919666.66666465,13042986.796844315,1.000000000000004,0.1865424624952163,27.925775778166663,0.46542959630277775,1.1821909733359917
1332,200,40,2,300,0,0.5984187450145962,118853225.94672723,70557666.66666447,13042986.796844337,1.0000000000000056,0.18485569907609486,27.730000374388272,0.4621666729064712,1.2084699771819434
1333,200,40,2,300,0,0.5971354779073597,113535411.61339512,66485833.33333179,13042986.796844346,1.0000000000000062,0.1961769318803953,29.028828566920485,0.48381380944867475,1.2378908328603506
1334,200,40,2,300,0,0.5858881119897956,117427348.92478977,69477833.3333314,13035366.158189327,0.9994157290217619,0.18761906543127213,28.066715549466284,0.46777859249110476,1.2037619568259181
1335,200,40,2,300,0,0.6544154500811634,117499826.8728988,69521833.33333133,13042693.609682245,0.9999775214706121,0.187605720164878,28.04940303073904,0.46749005051231735,1.2719900767253831
1336,200,40,2,300,0,0.5844672931408597,115771718.94672814,68198166.6666649,13042986.796844319,1.0000000000000042,0.19125128187968868,28.468092466663194,0.4744682077777199,1.2119365264223305
1337,200,40,2,300,0,0.6129173340647692,125248490.28005898,75454499.99999687,13042986.796844326,1.0000000000000047,0.17285896529491104,26.314089635974877,0.4385681605995813,1.1897726669002793
1338,200,40,2,300,0,0.6077137217272868,113810759.94672781,66696666.666665025,13042986.796844333,1.0000000000000053,0.1955568013920434,28.95859760134005,0.48264329335566747,1.246802456196589
1339,200,40,2,300,0,0.6483867247025573,122557259.61339325,73393833.33333069,13042986.796844298,1.0000000000000024,0.1777122982200335,26.891919829119857,0.4481986638186643,1.2387552270972484
1340,200,35,2,200,0,0.5384818637777237,110782321.63115151,71197499.99999823,8695324.531229502,0.9999999999999997,0.12212963279932185,19.838905410536082,0.3306484235089347,0.9668339935261159
1341,200,35,2,200,0,0.5429620903698453,101092454.6311519,63777999.99999904,8695324.531229502,0.9999999999999999,0.1363373660389105,21.74049495601764,0.362341582600294,1.0143735658012678
1342,200,35,2,200,0,0.5814106321531715,99612756.63115263,62644999.99999902,8695324.531229507,1.0000000000000004,0.1388031691472527,22.06343920526205,0.3677239867543675,1.060177154225341
1343,200,35,2,200,0,0.5274152499643179,99536137.96448512,62586333.33333212,8695324.531229502,0.9999999999999999,0.13893327932982713,22.080422698178058,0.3680070449696343,1.006568918397814
1344,200,35,2,200,0,0.5355849426013185,95062690.83874962,59168999.99999939,8690244.105459504,0.9994157290217572,0.1468715730443238,23.119480214672496,0.3853246702445416,1.0384068712813193
1345,200,35,2,200,0,0.6128288455826266,101358225.63115223,63981499.999999024,8695324.531229498,0.9999999999999994,0.1359037304725527,21.683489290725223,0.3613914881787537,1.0829433181394226
1346,200,35,2,200,0,0.5138488692631449,88215729.9644872,53918333.33333363,8695324.531229502,0.9999999999999997,0.16126842195720914,24.913924091369683,0.4152320681894947,1.058095675018407
1347,200,35,2,200,0,0.5416809379276154,104209876.6311515,66164999.999998525,8695324.531229502,0.9999999999999997,0.1314187943962774,21.090131483209248,0.3515021913868208,0.9983181648314582
1348,200,35,2,200,0,0.5356342727468675,87406445.29782265,53298666.666667454,8695324.53122949,0.9999999999999986,0.1631433781563522,25.14459880517242,0.4190766467528737,1.085225622024823
1349,200,35,2,200,0,0.582982825765868,102354268.29781918,64744166.66666551,8695324.53122951,1.0000000000000007,0.1343028257047044,21.472480205760288,0.3578746700960048,1.0482997564256364
1350,200,40,2,200,0,0.5824163907948656,112413423.63115174,72447833.33333163,8695324.531229502,0.9999999999999997,0.12002187134047772,19.55104585384188,0.32585076423069803,1.0042846520979458
1351,200,40,2,200,0,0.5730497078743136,120063318.63114902,78305333.33333004,8695324.531229502,0.9999999999999999,0.11104383521637355,18.305341090495283,0.3050890181749214,0.9669737942223339
1352,200,40,2,200,0,0.6311407256074231,107047722.63115156,68339333.33333156,8695324.531229502,0.9999999999999997,0.12723747960515264,20.531029955423136,0.3421838325903856,1.0751145418819308
1353,200,40,2,200,0,0.587543734550065,106262381.2978177,67737999.99999799,8695324.531229507,1.0000000000000002,0.12836701011588422,20.682766310688127,0.3447127718448021,1.0349501144875743
1354,200,40,2,200,0,0.5419833915433553,108326296.63115044,69318333.33333138,8695324.531229496,0.9999999999999991,0.12544047314894677,20.288702451293787,0.33814504085489644,0.9804808109174092
1355,200,40,2,200,0,0.6612955626080825,106346182.96448578,67802166.66666551,8695324.531229494,0.9999999999999988,0.12824552604606504,20.66646812075948,0.3444411353459913,1.108333118790926
1356,200,40,2,200,0,0.6000310720066641,95657478.47082272,59618166.66666631,8695129.073121442,0.9999775214706065,0.1458469718087299,22.975725841136082,0.3829287640189347,1.0996374134725828
1357,200,40,2,200,0,0.7175852723420262,110530230.03433591,71017833.33333115,8687704.425414791,0.9991236548115777,0.12233130775249021,19.88415295360608,0.331402549226768,1.1468528677707863
1358,200,40,2,200,0,0.5815510356601702,99306842.96448496,62412166.66666557,8695324.531229502,0.9999999999999997,0.13932098492382075,22.1314053935437,0.3688567565590617,1.0618645801582884
1359,200,40,2,200,0,0.6638500833340414,109080511.63115032,69895833.333331,8695324.531229507,1.0000000000000002,0.12440404694456937,20.148420346906132,0.33580700578176886,1.0991803266714657
1360,200,45,2,200,0,0.6194258456028606,118778122.63114862,77322666.66666326,8695324.531229502,0.9999999999999997,0.11245505239382007,18.503407456817676,0.3083901242802946,1.0177800117982112
1361,200,45,2,200,0,0.6215535510053246,125934784.96448147,82802499.99999599,8695324.531229502,0.9999999999999999,0.10501282607686874,17.45188988586327,0.2908648314310545,0.9964286432978742
1362,200,45,2,200,0,0.6805230632355331,119429381.29781689,77821333.33333057,8695324.531229505,1.0000000000000002,0.11173445839054176,18.40250678783492,0.3067084464639153,1.076619076411882
1363,200,45,2,200,0,0.6123195856900399,111805194.41301511,72051833.33333142,8651781.395649677,0.9949923507255607,0.12007718603944717,19.657405110188304,0.3276234185031384,1.036004753024736
1364,200,45,2,200,0,0.5924645493717074,113682981.2978159,73421333.33333048,8695324.531229496,0.9999999999999991,0.11843049065525689,19.33270903797299,0.32221181729954984,1.009420759195463
1365,200,45,2,200,0,0.6705338269296884,118220242.96448287,76895499.999997,8695324.531229492,0.9999999999999987,0.11307975799923053,18.590724776807377,0.30984541294678963,1.0708430462758625
1366,200,45,2,200,0,0.654326053893971,108384321.6311509,69364166.66666466,8695324.531229502,0.9999999999999997,0.12535758661984098,20.27784062236846,0.33796401037280766,1.0925761335626514
1367,200,45,2,200,0,0.716681420412273,113594390.96448283,73353499.99999708,8695324.531229507,1.0000000000000002,0.11854000874163949,19.347786288912616,0.3224631048152103,1.1339765322207949
1368,200,45,2,200,0,0.6475042688622519,105008311.63115123,66779166.66666503,8695324.531229502,0.9999999999999997,0.13021013835996326,20.92977180434936,0.34882953007248935,1.1005019096227118
1369,200,45,2,200,0,0.7175160020899015,111185691.63115044,71509166.66666418,8695324.531229518,1.0000000000000016,0.12159734110400512,19.766931947422012,0.32944886579036686,1.1442427407634725
1370,200,40,4,200,0,0.5824163907948656,114630576.2978183,74145499.99999829,8695324.531229502,0.9999999999999997,0.11727379991003772,19.172894972541716,0.31954824954236194,0.9957836802652578
1371,200,40,4,200,0,0.5730497078743136,120906123.96448277,78950666.66666353,8695324.531229502,0.9999999999999997,0.11013617615088553,18.177739290076182,0.3029623215012697,0.9641209702962918
1372,200,40,4,200,0,0.6311407256074231,107265606.9644852,68506166.66666509,8695324.531229502,0.9999999999999997,0.12692761767767427,20.489326096179873,0.34148876826966457,1.074171588019227
1373,200,40,4,200,0,0.5825888107885582,105417181.63115092,67090833.3333315,8695324.5312295,0.9999999999999996,0.12960525453645785,20.848593805988713,0.3474765634331452,1.0337495778508696
1374,200,40,4,200,0,0.5625400985894086,107546890.70100367,68733499.99999818,8687704.425414795,0.9991236548115783,0.1263969450910404,20.43573724609306,0.34059562076821764,1.0042532754304585
1375,200,40,4,200,0,0.6612955626080825,108024610.63115263,69087333.33333239,8695324.531229494,0.9999999999999988,0.12585989517465254,20.345363775522728,0.33908939625871215,1.1010728750065168
1376,200,40,4,200,0,0.6000310720066641,95705365.1374894,59654833.333332956,8695129.073121438,0.999977521470606,0.14575732739936959,22.964229819745864,0.38273716366243105,1.0993740975885908
1377,200,40,4,200,0,0.7175852723420262,110475160.36766914,70975666.66666445,8687704.425414791,0.9991236548115777,0.12240398482224042,19.894064807741092,0.33156774679568485,1.1470762069955034
1378,200,40,4,200,0,0.5815510356601702,99361912.63115162,62454333.33333222,8695324.531229502,0.9999999999999997,0.13922692096992986,22.119139434831624,0.3686523239138604,1.0615848963499745
1379,200,40,4,200,0,0.6638500833340414,109046990.96448354,69870166.66666429,8695324.531229507,1.0000000000000002,0.12444974652362074,20.154613901412652,0.3359102316902109,1.0993201122431489
1380,200,45,4,200,0,0.597590935052659,120861192.63114944,78917666.66666383,8695324.531229502,0.9999999999999997,0.11018223039914782,18.18449704287928,0.3030749507146547,0.9888116700866321
1381,200,45,4,200,0,0.6215535510053246,126777590.29781508,83447833.33332951,8695324.531229502,0.9999999999999997,0.10420072258193121,17.335871385763966,0.28893118976273274,0.9938453188336023
1382,200,45,4,200,0,0.6805230632355331,119477267.9644835,77857999.99999723,8695324.531229505,1.0000000000000002,0.1116818378487736,18.395131035749248,0.30658551726248745,1.0764540507770395
1383,200,45,4,200,0,0.6385279903601452,116427892.30965385,75577333.33333115,8660758.895229632,0.9960248020788955,0.11459466103456788,18.876919923575436,0.3146153320595906,1.04481905124739
1384,200,45,4,200,0,0.6208143690456823,116104799.03433579,75287666.66666386,8687704.425414795,0.9991236548115783,0.11539346097521666,18.929450102661495,0.31549083504435826,1.028619972870214
1385,200,45,4,200,0,0.6927154274856518,114726910.63115053,74220666.66666436,8695324.531229494,0.9999999999999988,0.1171550313645314,19.156795802390025,0.31927993003983374,1.1057193826171108
1386,200,45,4,200,0,0.654326053893971,108542347.63115123,69485166.66666487,8695324.531229496,0.9999999999999991,0.12513929156913184,20.24831826439361,0.33747197107322685,1.0919094582225033
1387,200,45,4,200,0,0.716681420412273,113539321.29781611,73311333.33333041,8695324.531229507,1.0000000000000002,0.11860818970095374,19.357170492812113,0.3226195082135352,1.1341874803865712
1388,200,45,4,200,0,0.6475042688622519,105063381.29781787,66821333.3333317,8695324.531229502,0.9999999999999997,0.13012797107555044,20.918801325934933,0.3486466887655822,1.1002533344882743
1389,200,45,4,200,0,0.7175160020899015,111152170.96448377,71483499.99999748,8695324.531229518,1.0000000000000016,0.12164100150705862,19.772893151158144,0.32954821918596905,1.1443770224815175
1390,200,40,6,200,0,0.5824163907948656,114630576.29781827,74145499.99999829,8695324.531229502,0.9999999999999997,0.11727379991003772,19.17289497254172,0.319548249542362,0.9957836802652578
1391,200,40,6,200,0,0.5730497078743136,120855842.96448277,78912166.66666351,8695324.531229502,0.9999999999999997,0.11018990985204877,18.185301977049562,0.30308836628415936,0.9642900020401121
1392,200,40,6,200,0,0.6311407256074231,109097271.96448512,69908666.66666505,8695324.531229507,1.0000000000000002,0.12438120973884556,20.145324996902385,0.33575541661503977,1.0664011100135393
1393,200,40,6,200,0,0.5825888107885582,107708558.63115159,68845333.33333173,8695324.531229494,0.999999999999999,0.12630230852582158,20.405063700892846,0.34008439501488075,1.0237150526240963
1394,200,40,6,200,0,0.5625400985894086,107743226.03433749,68883833.33333166,8687704.425414795,0.9991236548115783,0.12612109409438121,20.398498178433666,0.3399749696405611,1.0034119435054747
1395,200,40,6,200,0,0.6430781417242978,105067608.96448371,66823166.66666469,8695324.531229498,0.9999999999999994,0.13012440093724617,20.917959603924444,0.3486326600654074,1.095810322539502
1396,200,40,6,200,0,0.5895646086560659,92990591.631153,57575833.333333135,8695324.531229498,0.9999999999999992,0.15102385893206688,23.63464906984966,0.3939108178308277,1.104294513632547
1397,200,40,6,200,0,0.7175852723420262,110417696.36766964,70931666.66666457,8687704.425414791,0.9991236548115777,0.12247991389010618,19.90441815306262,0.33174030255104364,1.1473095060051548
1398,200,40,6,200,0,0.5815510356601702,100092184.29781845,63013499.99999883,8695324.531229502,0.9999999999999997,0.13799145470779536,21.95775839460726,0.365962639910121,1.0579068393365274
1399,200,40,6,200,0,0.6638500833340414,108441224.63115051,69406333.3333311,8695324.531229507,1.0000000000000002,0.12528142769722916,20.267200112093406,0.3377866685348901,1.1018618940267149
1400,200,40,4,300,0,0.5965610842304082,118759846.94672647,70486166.6666643,13042986.796844337,1.0000000000000056,0.1850432136354619,27.75180403759224,0.462530067293204,1.2071257224319818
1401,200,40,4,300,0,0.567527407037041,117921830.28006066,69844499.99999796,13042986.796844315,1.000000000000004,0.18674321953546372,27.94902345199848,0.46581705753330804,1.1827390401987201
1402,200,40,4,300,0,0.5984187450145962,118891535.28006065,70586999.99999784,13042986.796844337,1.0000000000000056,0.18477887991903233,27.721065189682516,0.4620177531613753,1.2082596021111973
1403,200,40,4,300,0,0.5971354779073597,113513862.61339504,66469333.33333175,13042986.796844346,1.0000000000000062,0.19622562981692795,29.0343392791136,0.48390565465189334,1.2380216364127954
1404,200,40,4,300,0,0.5858881119897956,117444109.2581231,69490666.66666475,13035366.158189327,0.9994157290217619,0.18758441649031551,28.06271017609207,0.4677118362682012,1.2036674814502493
1405,200,40,4,300,0,0.6544154500811634,118093621.53956595,69976499.99999812,13042693.609682243,0.9999775214706119,0.18638676712442884,27.9083658967625,0.4651394316127083,1.2686642953934149
1406,200,40,4,300,0,0.5844672931408597,115690311.61339597,68135833.33333185,13042986.796844319,1.0000000000000042,0.19142624605522696,28.488124494068472,0.4748020749011412,1.2124103648861824
1407,200,40,4,300,0,0.6202644794165267,122205292.61339274,73124333.3333306,13042986.796844324,1.0000000000000044,0.17836725755008334,26.96937202569904,0.4494895337616507,1.212447819218244
1408,200,40,4,300,0,0.6077137217272868,114809196.94672789,67461166.66666496,13042986.796844333,1.0000000000000053,0.1933406645825079,28.70675945524878,0.47844599092081297,1.240832244314106
1409,200,40,4,300,0,0.6483867247025573,122523738.94672658,73368166.66666397,13042986.796844298,1.0000000000000024,0.17777446799376811,26.8992770571017,0.4483212842850283,1.2389275833826001
1410,200,45,4,300,0,0.6406267810995485,130619540.94672525,79568499.99999663,13042986.796844337,1.0000000000000056,0.16392148647825316,25.23205927774797,0.42053432129579954,1.1922982915779505
1411,200,45,4,300,0,0.6046847659558221,123371893.94672644,74018999.99999724,13042986.796844315,1.000000000000004,0.17621133488489174,26.71435036429909,0.44523917273831815,1.1908930066020535
1412,200,45,4,300,0,0.6779379182108062,128586751.94672821,78011999.99999784,13042986.7968443,1.0000000000000027,0.16719205759171232,25.630945257606367,0.4271824209601061,1.238873985244282
1413,200,45,4,300,0,0.6499260431891429,117137572.88484001,69263333.33333176,13031556.63812225,0.9991236548115818,0.18814509800456053,28.136147256868284,0.4689357876144714,1.2693779092072628
1414,200,45,4,300,0,0.6589175458224871,130346586.94672471,79359499.99999644,13042986.796844311,1.0000000000000036,0.16435318766933885,25.28489680628968,0.42141494677149466,1.2118150427294527
1415,200,45,4,300,0,0.7175776822740741,124465503.53956415,74856833.33333059,13042693.609682243,0.9999775214706119,0.17423517705597202,26.47962613152773,0.44132710219212884,1.2982929261109806
1416,200,45,4,300,0,0.6484862335753274,115262254.45721097,67816833.33333188,13038296.790572383,0.9996404193038808,0.19225752884223918,28.593922750517656,0.4765653791752943,1.278857635824413
1417,200,45,4,300,0,0.6830054449738828,126877197.9467251,76702999.99999659,13042986.796844337,1.0000000000000056,0.17004532804251354,25.976298762397676,0.4329383127066279,1.2519800201145217
1418,200,45,4,300,0,0.6435152787951652,116449876.28006071,68718833.3333314,13042986.796844326,1.0000000000000047,0.18980221526138674,28.30230572399782,0.47170509539996364,1.2670621464042382
1419,200,45,4,300,0,0.6523175427698596,118509525.88483906,70313833.33333105,13031556.638122236,0.9991236548115808,0.18533417992366596,27.810422625457758,0.4635070437576293,1.2640919304664218
1420,200,40,6,300,0,0.5965610842304082,118740692.28005967,70471499.99999757,13042986.796844332,1.000000000000005,0.18508172519167013,27.75628082263985,0.4626046803773309,1.2072311447610753
1421,200,40,6,300,0,0.567527407037041,118292951.94672717,70128666.66666453,13042986.796844315,1.000000000000004,0.18598652187186476,27.861338699910476,0.46435564499850795,1.1806722695330407
1422,200,40,6,300,0,0.5984187450145962,120074335.94672696,71492666.66666433,13042986.796844319,1.0000000000000042,0.1824381073608213,27.447996893043307,0.4574666148840551,1.2018358457873084
1423,200,40,6,300,0,0.5971354779073597,114325541.61339565,67090833.33333196,13042986.7968443,1.0000000000000027,0.1944078818046862,28.8282036847471,0.48047006141245163,1.2331318447635602
1424,200,40,6,300,0,0.5858881119897956,118401842.5914565,70223999.99999806,13035366.158189317,0.9994157290217613,0.18562551489789356,27.83571545733541,0.4639285909555902,1.1983171148637006
1425,200,40,6,300,0,0.6544154500811634,119329081.07045218,70926166.6666647,13040348.497051459,0.9997977227276313,0.1838580753748873,27.619419930453933,0.46032366550756554,1.2618255758886388
1426,200,40,6,300,0,0.5844672931408597,115661579.61339587,68113833.33333181,13042986.796844315,1.000000000000004,0.1914880745738571,28.495201353953167,0.4749200225658861,1.2125777753658316
1427,200,40,6,300,0,0.6204164176772005,123785552.61339284,74334333.3333307,13042986.79684432,1.0000000000000042,0.1754638295921326,26.625078051664442,0.443751300861074,1.2045387822119806
1428,200,40,6,300,0,0.6063061020237911,115393414.28006212,67908499.99999845,13042986.796844332,1.000000000000005,0.19206707255858438,28.561421988962277,0.4760236998160379,1.2359834598866966
1429,200,40,6,300,0,0.6483867247025573,122471063.6133933,73327833.33333063,13042986.796844298,1.0000000000000024,0.17787225128491152,26.9108465523245,0.44851410920540835,1.239198634935895
1430,200,40,4,400,0,0.5634551200852815,126596275.0108331,69681333.33333167,17380488.210919034,0.9994157290217588,0.24942818082680368,34.70718233711074,0.5784530389518456,1.3414507036985701
1431,200,40,4,400,0,0.5291287422149787,136790616.92896962,77471166.66666374,17390649.062459003,0.9999999999999999,0.22447898761207496,32.12062419662556,0.535343736610426,1.2440556689150646
1432,200,40,4,400,0,0.6071163884773864,117532993.92897342,62725666.66666588,17390649.06245898,0.9999999999999986,0.27724933008485414,37.383545276275576,0.6230590879379263,1.451974940483196
1433,200,40,4,400,0,0.6205359984029215,119371741.06867616,64157499.999998644,17375408.8508296,0.9991236548115789,0.2708242816635618,36.80770641916153,0.6134617736526923,1.4506571973864633
1434,200,40,4,400,0,0.613226463810248,130945948.40200946,73019833.33333123,17375408.850829616,0.9991236548115798,0.2379546495472251,33.554302776217654,0.5592383796036275,1.3628285630516557
1435,200,40,4,400,0,0.6628793598894152,131410549.92897049,73351666.6666643,17390649.062458996,0.9999999999999994,0.23708594300233427,33.43567165935246,0.557261194322541,1.4098093086138235
1436,200,40,4,400,0,0.5878088793781109,120315108.40201026,64879833.33333223,17375408.85082957,0.9991236548115772,0.26780908578417845,36.51910436151498,0.608651739358583,1.4107078873640366
1437,200,40,4,400,0,0.5981912594413725,127589193.92897074,70425666.66666466,17390649.06245899,0.9999999999999988,0.24693623625561914,34.437085655122495,0.5739514275853749,1.3696916760312428
1438,200,40,4,400,0,0.5458752842664647,120597740.59563851,65072333.3333321,17390649.062458992,0.9999999999999991,0.26725104467017713,36.43351839179402,0.6072253065299003,1.3669014265325066
1439,200,40,4,400,0,0.6569731614762685,126913991.92897119,69908666.66666469,17390649.06245899,0.9999999999999988,0.24876241947769198,34.62029625905266,0.5770049376508777,1.4329880347092998
1440,200,45,4,400,0,0.6156235648919666,132409547.92897089,74117999.99999765,17390649.062459037,1.0000000000000018,0.23463462401116586,33.18340760710842,0.553056793451807,1.3563880575527063
1441,200,45,4,400,0,0.5805463999561831,141019570.59563607,80710666.66666335,17390649.062459014,1.0000000000000002,0.2154690300636809,31.157377528817754,0.5192896254802959,1.2722112494874236
1442,200,45,4,400,0,0.6540690752078322,125760484.26230472,69026833.33333154,17390649.062459007,1.0,0.25194041538135353,34.93784256456614,0.5822973760761023,1.4379187835890175
1443,200,45,4,400,0,0.6092406569415582,124216139.26230331,67844333.33333114,17390649.062458977,0.9999999999999982,0.25633163755940613,35.37221512513564,0.5895369187522607,1.4038428857413439
1444,200,45,4,400,0,0.6216905780471723,137744122.595636,78202666.66666362,17390649.06245903,1.000000000000001,0.22237923339092922,31.898275710089745,0.5316379285014957,1.3312318932614113
1445,200,45,4,400,0,0.6626514640235239,123203235.40200923,67092666.666665055,17375408.8508296,0.9991236548115789,0.2589762743692309,35.66302447872521,0.5943837413120868,1.4642162248309956
1446,200,45,4,400,0,0.6515400224067996,125779538.06867513,69065333.33333135,17375408.850829575,0.9991236548115774,0.2515793092168296,34.932549979639795,0.5822091663273299,1.4350126361075932
1447,200,45,4,400,0,0.7020112996873281,131535616.26230288,73448833.33333057,17390649.06245899,0.9999999999999988,0.2367722981185493,33.40388044587153,0.5567313407645255,1.448160478946693
1448,200,45,4,400,0,0.6090906249437644,126363856.26230422,69488833.33333139,17390649.06245899,0.9999999999999988,0.25026537687052075,34.77101862798026,0.5795169771330043,1.3888199035731854
1449,200,45,4,400,0,0.6337911952452171,133609108.9289697,75036499.99999717,17390649.062458977,0.9999999999999982,0.23176252973499073,32.88548239877766,0.548091373312961,1.3672925923461707
1450,200,40,6,400,0,0.5634551200852815,126965002.34416686,69963666.66666515,17380488.210919034,0.9994157290217588,0.24842163138370982,34.606386948189304,0.576773115803155,1.3389655409954044
1451,200,40,6,400,0,0.5291287422149787,136761884.92896956,77449166.6666637,17390649.062459014,1.0000000000000004,0.22454275250381017,32.127372347068935,0.5354562057844823,1.2442191500025093
1452,200,40,6,400,0,0.6071163884773864,117501867.59564006,62701833.333332576,17390649.06245898,0.9999999999999983,0.2773547141757023,37.39344820560991,0.6232241367601651,1.4522242965781134
1453,200,40,6,400,0,0.6205359984029215,119283150.73534283,64089666.66666532,17375408.8508296,0.9991236548115789,0.27111092559117644,36.83504311307687,0.6139173852179478,1.4513421240938105
1454,200,40,6,400,0,0.6407857805957683,132962077.92897123,74539666.66666433,17390649.062459044,1.000000000000002,0.23330730925090784,33.04551243811925,0.5507585406353209,1.3781901686318156
1455,200,40,6,400,0,0.6628793598894152,132238989.26230386,73985999.9999976,17390649.062458996,0.9999999999999994,0.23505324064633257,33.22620676784392,0.5537701127973986,1.40469206520388
1456,200,40,6,400,0,0.5878088793781109,120348629.0686772,64905499.99999896,17375408.850829564,0.9991236548115768,0.2677031815613445,36.508932706600824,0.6084822117766804,1.410453636403867
1457,200,40,6,400,0,0.5981912594413725,127584405.26230401,70421999.99999799,17390649.06245899,0.9999999999999988,0.2469490935000353,34.43837819337462,0.5739729698895769,1.3697235041309777
1458,200,40,6,400,0,0.5458752842664647,121526741.92897272,65783666.66666554,17390649.062458992,0.9999999999999991,0.264361200031304,36.15500531206532,0.6025834218677554,1.3599476661592633
1459,200,40,6,400,0,0.6569731614762685,126904414.59563783,69901333.33333135,17390649.06245899,0.9999999999999988,0.24878851708779254,34.62290901384475,0.5770484835640791,1.4330524587105815
1460,200,40,4,500,0,0.5858664754535273,138650059.577881,72073833.33333111,21738311.328073602,0.9999999999999918,0.3016116990411352,39.609070610714056,0.6601511768452343,1.4873070115316698
1461,200,40,4,500,0,0.636720183100049,143038872.57787967,75434333.33333042,21738311.328073595,0.9999999999999915,0.28817529588305635,38.39375899030459,0.6398959831717431,1.5071564029782372
1462,200,40,4,500,0,0.6110423000200828,140108208.5778803,73190333.33333075,21738311.328073602,0.9999999999999918,0.2970106889535645,39.196846892431275,0.6532807815405213,1.5019316327234558
1463,200,40,4,500,0,0.6095729990999241,136648396.9112124,70541166.66666406,21738311.32807363,0.9999999999999929,0.3081648965460985,40.189274987018756,0.6698212497836459,1.5259261661204488
1464,200,40,4,500,0,0.623083031844743,143742806.57788044,75973333.33333051,21738311.328073617,0.9999999999999925,0.2861308089865886,38.205737947829206,0.6367622991304868,1.4887499781645008
1465,200,40,4,500,0,0.7088117159251731,140539188.57787842,73520333.3333303,21738311.328073617,0.9999999999999925,0.29567754038213256,39.07664513771383,0.6512774189618972,1.5966311671927764
1466,200,40,4,500,0,0.6822867750288816,131140705.58584663,66353833.33333194,21719261.063536864,0.9991236548115715,0.32732488798995263,41.87715763359979,0.6979526272266632,1.642099312647507
1467,200,40,4,500,0,0.7018944050138888,135532637.57788086,69686833.33333127,21738311.328073606,0.9999999999999919,0.3119428777039313,40.52012930718815,0.6753354884531358,1.6267841956301696
1468,200,40,4,500,0,0.5784656884088892,135803197.24454844,69893999.99999821,21738311.328073625,0.9999999999999928,0.3110182752178181,40.439401364833905,0.6739900227472317,1.5012703313303755
1469,200,40,4,500,0,0.7003693624346504,134179839.24454579,68650999.99999757,21738311.328073565,0.9999999999999901,0.3166495947338616,40.92865240351846,0.6821442067253077,1.6358332449470474
1470,200,45,4,500,0,0.6240313639156465,143889421.9112141,76086999.99999733,21738311.3280736,0.9999999999999916,0.2857033570527733,38.16680842173842,0.6361134736956404,1.4887075232535056
1471,200,45,4,500,0,0.7220514674361707,148106156.0968732,79335666.66666375,21725610.263648633,0.9994157290217504,0.2738441759735986,37.0801602359319,0.6180026705988649,1.5591294788139145
1472,200,45,4,500,0,0.656957286299519,139100755.24454814,72420333.33333132,21738311.328073643,0.9999999999999937,0.3001686173966922,39.480734596624295,0.6580122432770715,1.5551044234939444
1473,200,45,4,500,0,0.6089659318671471,128548928.24454875,64340833.33333158,21738311.328073554,0.9999999999999896,0.33786182431697054,42.721476366979246,0.7120246061163208,1.5912799974370442
1474,200,45,4,500,0,0.6507107944830649,149137800.5778784,80105666.66666313,21738311.328073654,0.9999999999999942,0.27137045645636326,36.823662268857404,0.6137277044809567,1.4815348641291122
1475,200,45,4,500,0,0.7472822908553945,142083093.34372237,74704666.66666418,21737822.68280348,0.9999775214705998,0.2909834639889191,38.65203009561759,0.6442005015936265,1.6242695636401563
1476,200,45,4,500,0,0.6545290384332874,131872262.91121474,66885499.999998316,21738311.328073632,0.9999999999999931,0.32500783171351305,41.644845388733856,0.6940807564788976,1.6086160602829953
1477,200,45,4,500,0,0.6993902799798951,141001131.2525102,73905333.33333056,21719261.063536838,0.9991236548115704,0.29387948181733825,38.94862368277795,0.6491437280462992,1.583637593480065
1478,200,45,4,500,0,0.6309470868712435,139883702.2445473,73019833.333331,21738311.32807363,0.9999999999999929,0.29770420358041066,39.25975586776458,0.6543292644627431,1.523439714198315
1479,200,45,4,500,0,0.6537860787729235,134887041.76354128,69213833.33333142,21725610.263648614,0.9994157290217496,0.3138911575525492,40.71406658637526,0.6785677764395877,1.5834667812545504
1480,200,40,6,500,0,0.5984476973195366,138343584.91121492,71839166.66666462,21738311.32807361,0.9999999999999921,0.3025969305704766,39.69681719267637,0.6616136198779395,1.5021388616538576
1481,200,40,6,500,0,0.636720183100049,144501810.24454623,76554499.9999969,21738311.328073595,0.9999999999999915,0.2839586350648815,38.00506021831841,0.6334176703053068,1.497304761457261
1482,200,40,6,500,0,0.6110423000200828,141070730.57788083,73927333.33333081,21738311.3280736,0.9999999999999916,0.29404971541524116,38.92940780488937,0.6488234634148229,1.4951055357670986
1483,200,40,6,500,0,0.6095729990999241,138319641.57788023,71820833.33333094,21738311.328073703,0.9999999999999963,0.3026741729267194,39.70368877010043,0.6617281461683404,1.51344048360964
1484,200,40,6,500,0,0.623083031844743,143745200.9112138,75975166.66666387,21738311.328073613,0.9999999999999923,0.28612390445221464,38.205101562952954,0.6367516927158826,1.4887338481223975
1485,200,40,6,500,0,0.7088117159251731,140575103.57787827,73547833.33333023,21738311.328073613,0.9999999999999923,0.29556698467991854,39.066661593868616,0.651111026564477,1.596376330233585
1486,200,40,6,500,0,0.6822867750288816,131119156.58584654,66337333.33333192,21719261.06353686,0.9991236548115714,0.32740630309032603,41.884040006041374,0.6980673334340229,1.6422791509351655
1487,200,40,6,500,0,0.7018944050138888,135506299.91121414,69666666.6666646,21738311.328073606,0.9999999999999919,0.31203317695800353,40.528004997541174,0.6754667499590196,1.6269876965393113
1488,200,40,6,500,0,0.5784656884088892,135803197.24454835,69893999.99999818,21738311.328073625,0.9999999999999928,0.3110182752178183,40.43940136483393,0.6739900227472321,1.501270331330376
1489,200,40,6,500,0,0.7201676013768692,136461638.9112143,70398166.66666454,21738311.328073613,0.9999999999999923,0.30879087279367035,40.24427702772291,0.6707379504620484,1.6379382500738537
1490,200,40,4,600,0,0.6233680550354944,145544785.2267912,70531999.99999785,26085973.593688298,0.9999999999999911,0.3698459365066791,45.2767853532617,0.7546130892210283,1.673857893461866
1491,200,40,4,600,0,0.6088203962532112,151416736.4363472,75063999.99999736,26063113.276244104,0.9991236548115667,0.34721188953752824,43.52094857605276,0.7253491429342127,1.6119390508174465
1492,200,40,4,600,0,0.6414963070204719,141922158.89345932,67758166.66666481,26085973.593688197,0.9999999999999872,0.3849864138446619,46.43249547061181,0.7738749245101969,1.7233603626063982
1493,200,40,4,600,0,0.5793117623233954,140557388.89346284,66713166.666665494,26085973.59368816,0.9999999999999859,0.39101686963875626,46.883341045804556,0.7813890174300759,1.6735142754644765
1494,200,40,4,600,0,0.5821889131740836,150785877.84958252,74568999.99999745,26070732.31637828,0.9994157290217478,0.34961890754038777,43.70303170283427,0.7283838617139045,1.5902679009202982
1495,200,40,4,600,0,0.5776848609274389,135459853.2267962,62809999.99999893,26085973.59368824,0.9999999999999888,0.4153156120631855,48.64762394926638,0.8107937324877731,1.7207310830657603
1496,200,40,4,600,0,0.5846346479112299,134837261.581094,62347999.99999905,26076593.58114431,0.9996404193038635,0.41824266345584,48.8722473500899,0.8145374558348316,1.7337662345107336
1497,200,40,4,600,0,0.656494799906937,147397999.22679207,71950999.99999796,26085973.593688272,0.9999999999999902,0.36255192552833193,44.70752679526326,0.7451254465877211,1.6916617869173236
1498,200,40,4,600,0,0.6057852916894833,134164518.89346382,61818166.66666584,26085973.593688242,0.999999999999989,0.42197908803003314,49.117308021152525,0.8186218003525421,1.7619903624660518
1499,200,40,4,600,0,0.5638964075522295,141347518.89346,67318166.6666649,26085973.593688216,0.999999999999988,0.38750273344276415,46.621264041903906,0.7770210673650652,1.650919661671506
1500,200,45,4,600,0,0.6523652776548282,155922386.89345548,78479499.9999967,26085973.59368822,0.9999999999999882,0.33239219915633145,42.263334542864115,0.7043889090477352,1.6226679460276285
1501,200,45,4,600,0,0.6424885405979337,158924880.89345494,80778499.9999963,26085973.59368823,0.9999999999999886,0.3229321365671487,41.464872982461934,0.6910812163743656,1.5919154662260182
1502,200,45,4,600,0,0.707349793276487,147072930.893458,71703499.99999785,26085973.593688227,0.9999999999999885,0.3638033512128279,44.806341724254864,0.7467723620709144,1.7451648363176637
1503,200,45,4,600,0,0.6072845951494845,143277912.56012484,68797666.66666439,26085973.593688216,0.999999999999988,0.37916945236062866,45.99313238343468,0.766552206390578,1.6771723634285656
1504,200,45,4,600,0,0.6961324958805852,148655585.2267898,72915333.33333078,26085973.593688264,0.9999999999999898,0.3577570368421253,44.329313223896456,0.7388218870649409,1.7211600124192263
1505,200,45,4,600,0,0.6842475108112841,146129563.56012455,70981166.66666444,26085973.59368823,0.9999999999999886,0.36750556265425877,45.09559762894007,0.7515932938156679,1.729845254750359
1506,200,45,4,600,0,0.6770444448877057,147860666.5601254,72306666.66666473,26085973.593688257,0.9999999999999896,0.36076858187842,44.56763352490605,0.7427938920817675,1.7084532024722092
1507,200,45,4,600,0,0.6960658480863559,149745006.89345706,73749499.99999748,26085973.59368822,0.9999999999999882,0.353710514561985,44.006809553847866,0.7334468258974645,1.7124810856334083
1508,200,45,4,600,0,0.692962904959027,143950720.22679284,69312833.3333316,26085973.593688257,0.9999999999999896,0.376351280696296,45.778166233679414,0.7629694372279903,1.757013366744054
1509,200,45,4,600,0,0.7388281661375997,156257593.5601242,78736166.66666394,26085973.59368828,0.9999999999999903,0.33130865646692453,42.172670459464115,0.7028778409910685,1.706752932302208
1510,200,40,6,600,0,0.6233680550354944,146548010.893458,71300166.66666459,26085973.593688354,0.9999999999999933,0.36586132702386087,44.966833461771486,0.7494472243628582,1.6655043410174413
1511,200,40,6,600,0,0.5700531288295261,151511463.89345804,75100666.66666426,26085973.593688257,0.9999999999999896,0.34734676470278686,43.49373856379547,0.7248956427299245,1.5728261833216801
1512,200,40,6,600,0,0.6414963070204719,143449743.56012648,68927833.33333158,26085973.5936882,0.9999999999999875,0.3784534103594658,45.9380395980834,0.76563399330139,1.7098930286094345
1513,200,40,6,600,0,0.5793117623233954,140538234.22679615,66698499.99999883,26085973.59368816,0.9999999999999859,0.39110285229335917,46.889731013452106,0.7814955168908685,1.6736895610489513
1514,200,40,6,600,0,0.5821889131740836,152117127.18291658,75588333.33333084,26070732.31637828,0.9994157290217478,0.34490418251995425,43.32056568538762,0.7220094280897936,1.5801216872798407
1515,200,40,6,600,0,0.5776848609274389,135773510.89346322,63050166.6666657,26085973.593688264,0.9999999999999898,0.4137336183677336,48.53524046506235,0.8089206744177059,1.7175924300393315
1516,200,40,6,600,0,0.5846346479112299,135785417.58109385,63073999.999999024,26076593.581144333,0.9996404193038643,0.413428569317702,48.53098452979633,0.8088497421632721,1.7242272455286636
1517,200,40,6,600,0,0.656494799906937,147311803.2267925,71884999.9999981,26085973.593688264,0.9999999999999898,0.3628847964622516,44.733686341852284,0.7455614390308714,1.6923640761076097
1518,200,40,6,600,0,0.6283960716127002,136036887.56012955,63251833.33333232,26085973.593688264,0.9999999999999898,0.41241450593561735,48.44127293846861,0.8073545489744768,1.765682225335671
1519,200,40,6,600,0,0.5638964075522295,141337941.56012666,67310833.33333154,26085973.593688216,0.999999999999988,0.3875449508180542,46.62442318927242,0.777073719821207,1.6510060880278798
1520,200,40,4,700,0,0.6354866541469673,155597790.95350063,71608166.6666646,30306340.6312882,0.9958172849079358,0.4232246410156534,49.408156458323035,0.8234692743053839,1.797535641264874
1521,200,40,4,700,0,0.5707583398182875,156661957.3444035,72405666.66666424,30317385.722017635,0.9961802087064754,0.418715649171363,49.07253892595792,0.8178756487659654,1.7236065079213434
1522,200,40,4,700,0,0.6634271388269957,157439033.28683236,73017999.99999753,30306340.631288294,0.9958172849079387,0.41505300927564875,48.83033031582378,0.813838838597063,1.8093083848445777
1523,200,40,4,700,0,0.6242251813790998,148687744.95350346,66317166.66666522,30306340.631288245,0.9958172849079372,0.45699088417964545,51.704328439469386,0.8617388073244897,1.851556696047306
1524,200,40,4,700,0,0.5927544128611273,152061123.01107228,68905833.33333126,30302719.055350818,0.9956982857862361,0.4397700105992729,50.55730122051128,0.8426216870085212,1.787192108349067
1525,200,40,4,700,0,0.5851266116331475,149291116.95350266,66779166.666665025,30306340.631288182,0.9958172849079351,0.45382927257186884,51.49536125712287,0.8582560209520479,1.8064460506426905
1526,200,40,4,700,0,0.5920605396475941,145064662.12017247,63488333.33333241,30341173.964621596,0.9969618518434945,0.4779015666598383,52.99567715279534,0.8832612858799223,1.857643078855387
1527,200,40,4,700,0,0.6209411704397586,155791731.95349908,71756666.6666642,30306340.63128819,0.9958172849079354,0.4223487801080861,49.3466495532296,0.8224441592204933,1.7812643537467208
1528,200,40,4,700,0,0.5866667212227702,150696590.62017053,67855333.33333194,30306340.631288294,0.9958172849079387,0.44663166684940875,51.0150891162298,0.8502514852704967,1.7942235399727937
1529,200,40,4,700,0,0.6196896216346572,147658147.19798774,65515999.99999886,30314503.594270118,0.9960855066550729,0.4627038218797034,52.06485484130989,0.8677475806884981,1.857600259826918
1530,200,45,4,700,0,0.6063034434502287,165795817.62016395,79418166.66666356,30306340.631288238,0.9958172849079369,0.3816046366128164,46.36908282941521,0.7728180471569203,1.6844051998974021
1531,200,45,4,700,0,0.6203934509640944,164106500.67773506,78107333.33333036,30317385.72201746,0.9961802087064697,0.38815031096549124,46.8464074747225,0.7807734579120417,1.711687157648529
1532,200,45,4,700,0,0.6644864366636655,159707027.95349833,74755999.99999736,30306340.631288256,0.9958172849079375,0.4054034543219184,48.13689227401092,0.802281537900182,1.7910907380213823
1533,200,45,4,700,0,0.6380070254818048,164112601.28682956,78129333.33332993,30306340.631288175,0.9958172849079349,0.3878996445802195,46.84466603855462,0.7807444339759103,1.7290711751218906
1534,200,45,4,700,0,0.6407465550668243,161610285.3444002,76218999.99999677,30302719.055350706,0.9956982857862323,0.39757434570582123,47.569992117870996,0.7928332019645166,1.7516392335959978
1535,200,45,4,700,0,0.6724681553290632,157556916.62016395,73109666.66666374,30306340.63128823,0.9958172849079368,0.41453260578340456,48.79379569564466,0.8132299282607444,1.817324168216531
1536,200,45,4,700,0,0.6574483979951491,154225942.45350128,70504499.9999981,30341173.964621633,0.9969618518434958,0.43034379315678367,49.84764481058595,0.8307940801764324,1.8325175126970084
1537,200,45,4,700,0,0.6562423533153539,157018191.6201651,72697166.66666405,30306340.631288312,0.9958172849079394,0.4168847565992632,48.961205836564304,0.8160200972760717,1.8057702558708362
1538,200,45,4,700,0,0.6361330503624458,151199961.62016886,68242166.66666496,30306340.631288238,0.9958172849079369,0.44409991815357064,50.84525100153537,0.8474208500255894,1.8388338349108917
1539,200,45,4,700,0,0.7120553828663259,157470264.1201648,72988666.66666387,30341173.96462159,0.9969618518434943,0.41569705750604313,48.82064587212146,0.8136774312020243,1.8582904600731847
1540,200,40,6,700,0,0.6354866541469673,155597790.9535006,71608166.6666646,30306340.6312882,0.9958172849079358,0.4232246410156534,49.40815645832305,0.8234692743053842,1.7975356412648742
1541,200,40,6,700,0,0.5707583398182875,157243780.34440348,72851166.66666423,30317385.722017623,0.9961802087064751,0.4161551160976874,48.89096397429381,0.8148493995715635,1.718531832268001
1542,200,40,6,700,0,0.6648318002822647,158047193.95349985,73483666.66666439,30306340.631288312,0.9958172849079394,0.4124228145659024,48.642432729693894,0.8107072121615649,1.8054772640965515
1543,200,40,6,700,0,0.6242251813790998,148668590.28683677,66302499.99999857,30306340.631288245,0.9958172849079372,0.4570919743793809,51.71099009661278,0.8618498349435464,1.8517485958261508
1544,200,40,6,700,0,0.5927544128611273,153128995.67773888,69723499.99999796,30302719.055350795,0.9956982857862354,0.4346127066964751,50.20473076293815,0.8367455127156358,1.777190090933943
1545,200,40,6,700,0,0.5851266116331475,149327031.95350233,66806666.66666493,30306340.63128817,0.9958172849079348,0.45364246030269867,51.482975985177546,0.8580495997529591,1.8060901796282656
1546,200,40,6,700,0,0.5920605396475941,146316898.45350614,64447166.66666582,30341173.96462159,0.9969618518434943,0.47079143326117756,52.54211975004983,0.8757019958341637,1.8443956820907
1547,200,40,6,700,0,0.6209411704397586,155789337.62016577,71754833.33333084,30306340.63128819,0.9958172849079354,0.4223595711037711,49.34740796410493,0.8224567994017489,1.7812856267245243
1548,200,40,6,700,0,0.5866667212227702,150608000.28683716,67787499.9999986,30306340.631288283,0.9958172849079384,0.4470786004984533,51.0450971087749,0.8507516184795816,1.7950812201011144
1549,200,40,6,700,0,0.6196896216346572,147633735.46425748,65943166.66666551,30030320.38275381,0.986747706438559,0.4553970017022892,52.0734639398272,0.8678910656637867,1.8518982886602755
1550,200,40,4,800,0,0.5821027107294473,164422679.94839427,71972999.99999733,34380726.50808804,0.9884831320731241,0.4776892238490728,53.43423427204515,0.8905705712007526,1.854824661009458
1551,200,40,4,800,0,0.5704995532202112,162522919.91741616,70621833.33333094,34314774.158496626,0.986586930575568,0.4858946948677031,54.058836774926185,0.9009806129154364,1.86019592202981
1552,200,40,4,800,0,0.6295070473527502,167374100.58971626,74231666.66666451,34381508.34052005,0.9885056106025109,0.46316497910399035,52.49199230373528,0.874866538395588,1.8749055690315306
1553,200,40,4,800,0,0.568999345376148,153803019.25638843,63840333.33333229,34381508.34052022,0.9885056106025158,0.538554649472185,57.12371605237567,0.9520619342062612,1.9519049991601571
1554,200,40,4,800,0,0.5652233479708751,170521846.7507478,76651666.66666387,34375274.158496514,0.9883263711157859,0.44846088354457736,51.523016947161175,0.8587169491193529,1.78270900392589
1555,200,40,4,800,0,0.6395605405920498,168741264.92304817,75278499.99999744,34381508.340520054,0.9885056106025111,0.4567241422254857,52.06669515015564,0.867778252502594,1.8727181068750323
1556,200,40,4,800,0,0.6242377768880152,153893547.42305526,63854999.99999906,34416341.673853494,0.9895071066711263,0.5389764571897894,57.090112919729684,0.9515018819954947,2.0069208246353414
1557,200,40,4,800,0,0.6194212841063689,163272607.58971554,71091166.6666642,34381508.34052023,0.9885056106025161,0.4836256029068979,53.81061850912347,0.8968436418187246,1.9031654082506115
1558,200,40,4,800,0,0.6256337867606648,157444800.25638485,66628833.33333144,34381508.340520285,0.9885056106025176,0.5160154638835728,55.80241446966242,0.9300402411610403,1.9684863990285635
1559,200,40,4,800,0,0.7008664617028485,172806386.42304522,78336499.99999677,34416341.67385339,0.9895071066711232,0.43933979273844,50.84187096240523,0.8473645160400872,1.8997028119336878
1560,200,45,4,800,0,0.626198432247215,170109782.615058,76328999.99999665,34380726.508088045,0.9884831320731243,0.4504281008278577,51.647823334660394,0.8607970555776733,1.8473379684871745
1561,200,45,4,800,0,0.6382858715263229,171533357.25074464,77522499.99999651,34314774.15849658,0.9865869305755669,0.4426427702731223,51.219192236510956,0.8536532039418493,1.8460532916866699
1562,200,45,4,800,0,0.6533355582083027,171028414.25638273,77031166.66666432,34381508.34052023,0.9885056106025163,0.44633243696410263,51.37041139158031,0.8561735231930052,1.8665750309725901
1563,200,45,4,800,0,0.6332285990474578,169232664.25638106,75656166.66666391,34381508.3405202,0.9885056106025154,0.45444422914001004,51.91550956551654,0.865258492758609,1.8620424751180749
1564,200,45,4,800,0,0.661402406371179,173201666.7507454,78704999.99999669,34375274.158496544,0.9883263711157868,0.43676099559745873,50.725839796008714,0.8454306632668119,1.8562418661159579
1565,200,45,4,800,0,0.7193181768003332,169718713.923046,76028333.33333027,34381508.34052018,0.9885056106025146,0.452219676969396,51.76683111082061,0.8627805185136769,1.9438744368895269
1566,200,45,4,800,0,0.6788581180635966,156491960.08972022,65845999.99999868,34416341.673853405,0.9895071066711236,0.5226793073816799,56.14218132971759,0.9357030221619598,2.0327045861309
1567,200,45,4,800,0,0.7259946191840257,169472097.589712,75839499.9999967,34381508.34052014,0.9885056106025136,0.4533456620958951,51.84216236746073,0.8640360394576788,1.9527071883184206
1568,200,45,4,800,0,0.6270019477895533,162583600.58971664,70564999.99999782,34381508.34052029,0.9885056106025178,0.4872317486079693,54.03866052992124,0.9006443421653539,1.9174316888412828
1569,200,45,4,800,0,0.7018545721179863,166778016.08971372,73721999.99999711,34416341.673853554,0.9895071066711281,0.4668395007440778,52.67960493830264,0.8779934156383773,1.953319588351626
1570,200,40,6,800,0,0.5821027107294473,164781829.94839478,72247999.99999742,34380726.50808804,0.9884831320731241,0.4758709792394152,53.31777176374043,0.8886295293956739,1.8514290235166533
1571,200,40,6,800,0,0.5704995532202112,163717692.25074926,71536666.66666426,34314774.158496514,0.986586930575565,0.4796809210917153,53.664328388795695,0.8944054731465949,1.8486497632401784
1572,200,40,6,800,0,0.6295070473527502,167967895.25638324,74686333.33333127,34381508.34051997,0.9885056106025087,0.4603453778761967,52.30642431155972,0.8717737385259953,1.869557088179703
1573,200,40,6,800,0,0.568999345376148,154502164.58972222,64375666.66666577,34381508.34052012,0.988505610602513,0.5340761520738261,56.86522271924498,0.9477537119874164,1.9440139790226254
1574,200,40,6,800,0,0.5652233479708751,170485931.75074807,76624166.66666396,34375274.158496484,0.9883263711157853,0.44862183373606285,51.53387091695588,0.8588978486159313,1.7830186635756569
1575,200,40,6,800,0,0.6885308168511377,159137593.92305267,67924999.99999844,34381508.34052011,0.9885056106025127,0.506168691063981,55.208827678066896,0.9201471279677816,2.013612897670104
1576,200,40,6,800,0,0.6242377768880152,153900730.4230551,63860499.999999024,34416341.67385349,0.9895071066711262,0.538930037720563,57.08744835615051,0.9514574726025085,2.0068392796669743
1577,200,40,6,800,0,0.6216825838068659,162410647.58971664,70431166.6666645,34381508.34052013,0.9885056106025132,0.48815758658720476,54.09620693216355,0.9016034488693925,1.9138121019460224
1578,200,40,6,800,0,0.643242994366994,153613866.9230544,63695499.99999881,34381508.340520285,0.9885056106025177,0.5397792362179578,57.19405530231741,0.9532342550386235,2.0283006383799833
1579,200,40,6,800,0,0.7008664617028485,172753711.08971182,78296166.66666342,34416341.67385339,0.9895071066711232,0.4395661133753438,50.85737345137259,0.8476228908562098,1.9001422432593333
1580,200,40,4,900,0,0.5859968485897419,183371619.89259568,80087333.33333029,38456676.049752094,0.9828187528094062,0.4801842494829006,53.90038003584815,0.8983396672641358,1.8684839154401982
1581,200,40,4,900,0,0.5596078732582925,182719535.3237587,79696833.3333304,38387329.26164204,0.9810464903363445,0.48166693275111455,54.092738264066874,0.9015456377344478,1.846487057193632
1582,200,40,4,900,0,0.6518361546020768,172020085.55926698,71395499.99999805,38456676.04975205,0.982818752809405,0.5386428563390284,57.45724383211449,0.9576207305352415,2.040371170208541
1583,200,40,4,900,0,0.548441756737471,151532610.2705107,60281833.33333213,35541582.52994086,0.9083191113490484,0.5895902723032904,65.22556420268738,0.9165920899554704,1.9367060645355738
1584,200,40,4,900,0,0.5829800754813236,172053854.65709543,71553166.66666444,38372662.59497549,0.9806716613983872,0.5362818220713736,57.445966669555204,0.9574327778259201,1.9694383109643425
1585,200,40,4,900,0,0.6598304328060055,167493267.49043205,68029499.99999854,38392829.26164211,0.9811870511880816,0.5643555995802254,59.01013305245004,0.983502217540834,2.0948171300110197
1586,200,40,4,900,0,0.6313514517686157,165296341.05926973,66192499.99999866,38491509.383085415,0.9837089715370612,0.581508620811817,59.79442700704428,0.996573783450738,2.093132131868807
1587,200,40,4,900,0,0.6484423153594268,175060888.89259762,73723833.33333072,38456676.049752034,0.9828187528094047,0.5216315309579226,56.45921292027629,0.9409868820046049,2.0067344221303696
1588,200,40,4,900,0,0.6038723902582269,164343852.8926029,65517833.333331905,38456676.04975214,0.9828187528094072,0.5869650153737224,60.14097774900633,0.99765312906778,2.071097531624985
1589,200,40,4,900,0,0.7325165522684498,172044028.89259988,71413833.3333312,38456676.04975214,0.9828187528094072,0.5385045761407564,57.44924751890143,0.9574874586483572,2.120807671829412
1590,200,45,4,900,0,0.5960554740710123,183872596.55925992,80472333.33332966,38456676.049752235,0.9828187528094098,0.4778869265596953,53.75352382547429,0.8958920637579049,1.8742570790766735
1591,200,45,4,900,0,0.6232397400388917,181751960.1380943,79011166.66666372,38353038.785476044,0.9801701451479278,0.4854128903991732,54.38070649961813,0.9063451083269688,1.9179151606851992
1592,200,45,4,900,0,0.6881763022157531,175968902.2259332,74420499.99999799,38456676.049751945,0.9828187528094025,0.5167484234821452,56.16787895459967,0.9361313159099945,2.037706356911464
1593,200,45,4,900,0,0.5943741984248441,161110656.00618246,65041166.66666484,37183451.6054286,0.9502795687468634,0.5716910306359251,61.3478974328099,0.9777855009215378,2.029512523855122
1594,200,45,4,900,0,0.6092140703546653,180470497.32375765,77999166.66666335,38372662.59497552,0.9806716613983884,0.4919624687653991,54.76684636308623,0.9127807727181039,1.9155648180850886
1595,200,45,4,900,0,0.7259588877438875,174418240.49042815,73333333.33333097,38392829.26164211,0.9811870511880816,0.5235385808405911,56.66723831296997,0.9444539718828329,2.0892437242991933
1596,200,45,4,900,0,0.6138856573259379,167482830.92404893,67890166.66666526,38477439.36426954,0.9833493908409361,0.5667601252651268,59.01381022441734,0.983563503740289,2.0508572612783285
1597,200,45,4,900,0,0.6815717070964803,179792652.55926108,77348333.33332993,38456676.04975213,0.9828187528094071,0.4971881667317179,54.97332543521055,0.9162220905868425,1.995544331068697
1598,200,45,4,900,0,0.6847483702891334,178159717.22593057,76097999.99999736,38456676.04975203,0.9828187528094046,0.5053572505158265,55.477187289571226,0.9246197881595204,2.013653958861315
1599,200,45,4,900,0,0.7185999399294282,177510852.89259666,75601166.66666384,38456676.04975208,0.9828187528094057,0.5086783411599051,55.67997583776027,0.9279995972960045,2.0535422101533567
1600,200,40,6,900,0,0.5859968485897419,183371619.89259562,80087333.33333029,38456676.049752116,0.9828187528094068,0.48018424948290095,53.90038003584817,0.8983396672641362,1.8684839154401989
1601,200,40,6,900,0,0.5596078732582925,182767421.9904255,79733499.99999708,38387329.26164202,0.9810464903363441,0.4814454308621022,54.07856549247478,0.9013094248745797,1.846073642822554
1602,200,40,6,900,0,0.6518361546020768,172963452.89260015,72117833.33333135,38456676.04975199,0.9828187528094035,0.5332478011645716,57.14386383195786,0.952397730532631,2.030832126066365
1603,200,40,6,900,0,0.548441756737471,151917900.52915198,60221333.33333216,35768182.46095172,0.9141102166774099,0.593945375851621,65.06014081009083,0.9191226730519498,1.9427207304707177
1604,200,40,6,900,0,0.5829800754813236,173169613.99042866,72407499.99999775,38372662.594975434,0.9806716613983861,0.5299542532883559,57.0758331802154,0.9512638863369233,1.9582073644489317
1605,200,40,6,900,0,0.6598304328060055,167900304.15709817,68341166.6666651,38392829.26164205,0.9811870511880799,0.5617818824911719,58.86707620703349,0.9811179367838915,2.0903738755828347
1606,200,40,6,900,0,0.6313514517686157,165248454.3926029,66155833.333331935,38491509.383085415,0.9837089715370612,0.5818309201721122,59.81175458693085,0.9968625764488476,2.093678764355153
1607,200,40,6,900,0,0.726761955980162,172360080.89259958,71655833.33333121,38456676.04975192,0.9828187528094018,0.5366859090293146,57.34390439372536,0.9557317398954227,2.1118424230990365
1608,200,40,6,900,0,0.6038723902582269,165787635.89260232,66623333.3333318,38456676.04975222,0.9828187528094093,0.5772253372154866,59.61723229109047,0.9936205381848411,2.0592731982154575
1609,200,40,6,900,0,0.7325165522684498,172096704.22593307,71454166.6666645,38456676.04975216,0.9828187528094078,0.5382006094781503,57.43166346186553,0.9571943910310922,2.1202714308820623
1610,200,35,6,900,0,0.5064949620167978,169574910.22593528,69521833.33333176,38456676.04975211,0.9828187528094064,0.5531596939535011,58.28574514255201,0.9714290857092002,1.920451802888799
1611,200,35,6,900,0,0.5047093733183302,170989135.32376385,70713499.99999818,38387329.26164218,0.9810464903363482,0.5428571526178617,57.80367262098414,0.963394543683069,1.9023896390956887
1612,200,35,6,900,0,0.5893810655050538,159011111.55927363,61433166.66666628,38456676.04975193,0.9828187528094019,0.6259920843477954,62.157920305561,0.964673730013501,2.0548484629967914
1613,200,35,6,900,0,0.5237812403819657,158624680.6810571,61205833.33333233,38412979.83458342,0.9817020296781866,0.6276032486214665,62.30934528954623,0.9622422045163708,1.9881060437955096
1614,200,35,6,900,0,0.5406533288822588,167788985.99043167,68286166.66666509,38372662.594975516,0.980671661398388,0.5619390349188792,58.906131064905736,0.9817688510817623,1.9719734078991245
1615,200,35,6,900,0,0.6037908417143617,159589616.6182753,62016166.6666658,38367416.43970008,0.9805375879340519,0.6186679780761567,61.93260068818388,0.9683032059448585,2.067028430120146
1616,200,35,6,900,0,0.6227390991519334,157791958.0242893,62362666.66666567,37269228.25327477,0.9524717212341787,0.5976208242101368,62.63817322349573,0.9569830936000074,2.0578188521200502
1617,200,35,6,900,0,0.5348702583660824,161551499.22593808,63378333.3333324,38456676.04975207,0.9828187528094056,0.6067795416375624,61.180490724985454,0.9805174412198114,2.000811332895944
1618,200,35,6,900,0,0.5589469784720414,158177883.55927145,60795166.66666566,38456676.049752265,0.9828187528094106,0.63256140509667,62.48534736713937,0.9594237298965635,2.024419832445941
1619,200,35,6,900,0,0.6024204885439729,165747556.10271022,66808499.99999874,38318198.358247355,0.9792797451250047,0.5735527419152964,59.63164846832022,0.993860807805337,2.055123489881547
1620,200,45,6,900,0,0.5960554740710123,183872596.5592599,80472333.33332968,38456676.04975226,0.9828187528094104,0.47788692655969556,53.753523825474296,0.895892063757905,1.8742570790766737
1621,200,45,6,900,0,0.6232397400388917,181799846.80476063,79047833.3333303,38353038.78547602,0.9801701451479272,0.4851877296085808,54.36638244593494,0.9061063740989156,1.917496297824672
1622,200,45,6,900,0,0.6881763022157531,175925804.225933,74387499.99999794,38456676.04975196,0.9828187528094027,0.5169776649269436,56.181638864681354,0.9363606477446892,2.038119081901997
1623,200,45,6,900,0,0.5943741984248441,161546789.97474515,64980666.66666493,37434865.4505054,0.9567048313290409,0.5760923574782202,61.18227419774264,0.9804882962172351,2.0357363806246553
1624,200,45,6,900,0,0.6092140703546653,181191191.65709063,78550999.99999662,38372662.59497555,0.9806716613983891,0.4885063537698719,54.549009306729246,0.9091501551121541,1.909169308482717
1625,200,45,6,900,0,0.7259588877438875,174825277.15709454,73644999.99999762,38392829.26164205,0.9811870511880799,0.5213229582679516,56.53530290770603,0.9422550484617672,2.085272302820016
1626,200,45,6,900,0,0.6138856573259379,167990429.59071547,68278833.33333193,38477439.36426956,0.9833493908409368,0.5635339311734533,58.83549452239903,0.9805915753733172,2.0453043776380175
1627,200,45,6,900,0,0.6815717070964803,180147013.89259523,77619666.66666348,38456676.04975208,0.9828187528094057,0.4954501571734868,54.86518919426987,0.9144198199044978,1.9923516527397673
1628,200,45,6,900,0,0.6847483702891334,180781512.22593042,78105499.9999974,38456676.049752,0.9828187528094036,0.4923683485766466,54.67262596878707,0.9112104328131178,1.9898534819635683
1629,200,45,6,900,0,0.7185999399294282,177563528.2259299,75641499.99999717,38456676.04975208,0.9828187528094058,0.5084071052233697,55.663458024014716,0.9277243004002452,2.053049924508369
1630,200,40,8,900,0,0.5859968485897419,183352465.2259288,80072666.66666359,38456676.04975209,0.9828187528094059,0.48027220337052473,53.906010959934896,0.898433515998915,1.8686481272850766
1631,200,40,8,900,0,0.5596078732582925,182142500.99042645,79254999.99999733,38387329.26164192,0.9810464903363415,0.4843521451219887,54.264106105139625,0.9044017684189938,1.8514913577748773
1632,200,40,8,900,0,0.6518361546020768,173827807.22593537,72779666.66666514,38456676.049751975,0.9828187528094031,0.5283986285054816,56.85971742802565,0.9476619571337608,2.0222170145402227
1633,200,40,8,900,0,0.5423086440946157,156059470.43375283,62105999.99999907,36588189.89771755,0.9350667519030232,0.5891248816172044,63.33354824624801,0.9459560805977233,1.9595646299861027
1634,200,40,8,900,0,0.5829800754813236,173569467.6570958,72713666.66666456,38372662.594975404,0.9806716613983854,0.5277228388286914,56.94434702955048,0.949072450492508,1.9542307970367845
1635,200,40,8,900,0,0.6598304328060055,168070301.8237652,68471333.3333319,38392829.261641994,0.9811870511880784,0.5607139132918321,58.80753406609536,0.980125567768256,2.0885271312077274
1636,200,40,8,900,0,0.6313514517686157,164872580.18711004,66126499.999998584,38326763.22780998,0.9794986333724086,0.5795976382813365,59.94811258963198,0.9991352098271997,2.0941647722208847
1637,200,40,8,900,0,0.726761955980162,172357686.55926624,71653999.99999788,38456676.049751915,0.9828187528094017,0.5366996406307123,57.344700995400025,0.9557450165900004,2.111866685074732
1638,200,40,8,900,0,0.9455945989385829,151324058.85936952,58406333.33333297,36635214.34490208,0.9362685330573192,0.6272472907316384,65.31545660683966,0.9152198737007463,2.36261230522464
1639,200,40,8,900,0,0.7325165522684498,173720062.2259336,72697166.66666473,38456676.049752,0.9828187528094037,0.5289982789299861,56.89498307423763,0.9482497179039605,2.103964893316399
1640,200,45,8,900,0,0.5960554740710123,184495123.22592637,80948999.99999629,38456676.04975223,0.9828187528094096,0.4750728983650693,53.57214774667317,0.8928691291112194,1.868982921874287
1641,200,45,8,900,0,0.6429533815601208,184598822.47142553,81190999.99999656,38353038.785476,0.9801701451479266,0.4723804212964199,53.5420533439748,0.8923675557329134,1.91322527433017
1642,200,45,8,900,0,0.6881763022157531,176526781.8926003,74847666.66666478,38456676.04975191,0.9828187528094013,0.5137992640574796,55.99037094560161,0.9331728490933602,2.032388562555097
1643,200,45,8,900,0,0.5915794601185039,162678240.49803656,64703833.33333175,38163511.06135171,0.9753264763605968,0.5898183939851989,60.75674269491064,0.9874668244661565,2.0509009997728196
1644,200,45,8,900,0,0.6092140703546653,181591045.32375786,78857166.66666342,38372662.594975546,0.9806716613983888,0.48660970482467825,54.42889533665175,0.9071482556108624,1.9056500898252704
1645,200,45,8,900,0,0.7259588877438875,174995274.82376152,73775166.66666438,38392829.261641994,0.9811870511880784,0.5204031518506884,56.480382170055826,0.9413397028342637,2.083621112058702
1646,200,45,8,900,0,0.6138856573259379,167952120.25738195,68249499.99999854,38477439.36426958,0.983349390840937,0.5637761355653945,58.848914707675924,0.9808152451279321,2.0457218109061857
1647,200,45,8,900,0,0.6815717070964803,180144619.55926183,77617833.33333012,38456676.04975207,0.9828187528094056,0.49546185970690143,54.86591841700021,0.9144319736166702,1.9923731684786716
1648,200,45,8,900,0,0.6847483702891334,180795878.225931,78116499.99999756,38456676.04975198,0.9828187528094033,0.4922990155697348,54.668281694169714,0.9111380282361619,1.9897256109810832
1649,200,45,8,900,0,0.722298494752927,178863651.22592962,76636999.99999714,38456676.04975204,0.9828187528094048,0.501802993981412,55.25885182515585,0.9209808637525975,2.044721753690654
1650,200,40,10,900,0,0.5859968485897419,183316550.22592905,80045166.66666365,38456676.04975207,0.9828187528094056,0.4804372037839494,53.91657211429454,0.8986095352382423,1.8689561468551437
1651,200,40,10,900,0,0.588572850785481,179053810.99042836,76889999.9999978,38387329.261641964,0.9810464903363426,0.49924995788324966,55.20016549956793,0.9200027583261322,1.907975575418213
1652,200,40,10,900,0,0.6518361546020768,174601176.89260125,73371833.33333164,38456676.049751945,0.9828187528094025,0.5241340484848114,56.607865856938716,0.9434644309489786,2.0146078243389045
1653,200,40,10,900,0,0.5423086440946157,154337310.3195039,62421333.33333246,35546713.349361025,0.9084502372304659,0.5694641791699663,64.04025040697476,0.9348796198714162,1.932759607302005
1654,200,40,10,900,0,0.5829800754813236,175305359.3237618,74042833.33333108,38372662.5949754,0.980671661398385,0.5182495167658796,56.38047825877448,0.9396746376462414,1.9372543265402686
1655,200,40,10,900,0,0.6598304328060055,168000866.1570981,68418166.6666651,38392829.26164201,0.9811870511880789,0.5611496351355447,58.83183953800351,0.9805306589667251,2.089280799881166
1656,200,40,10,900,0,0.6313514517686157,164843848.18711,66104499.999998584,38326763.22780998,0.9794986333724086,0.5797905320789175,59.95856144283378,0.999309357380563,2.0944932348123126
1657,200,40,10,900,0,0.726761955980162,172381629.89259934,71672333.33333115,38456676.04975193,0.9828187528094019,0.5365623562288531,57.33673597446551,0.9556122662410919,2.1116241072043365
1658,200,40,10,900,0,0.9161337981172339,154227169.6927023,60212166.66666614,36901047.67823543,0.9430623075578465,0.612850354356441,64.08598445846783,0.9341672941741553,2.340581375776542
1659,200,40,10,900,0,0.6991298232546064,173588373.89260083,72596333.33333154,38456676.04975198,0.9828187528094033,0.5297330358707686,56.938144982653675,0.9489690830442279,2.071885334995449
1660,200,40,8,800,0,0.5821027107294473,164852665.86912474,72348833.33333087,34351027.917261355,0.9876292654140932,0.474797261194203,53.29486152789897,0.8882476921316496,1.8501882118164592
1661,200,40,8,800,0,0.5704995532202112,163753607.250749,71564166.6666642,34314774.158496514,0.986586930575565,0.47949659385163945,53.65255854514811,0.8942093090858019,1.8483061373873246
1662,200,40,8,800,0,0.6295070473527502,166837769.9230502,73820999.99999802,34381508.340519994,0.9885056106025093,0.4657415686663811,52.66073745802424,0.8776789576337374,1.8797792599195924
1663,200,40,8,800,0,0.568999345376148,154650613.25638884,64489333.33333246,34381508.34052011,0.9885056106025127,0.5331348079349647,56.81063795999558,0.9468439659999264,1.9423511577240462
1664,200,40,8,800,0,0.5731554448976953,167722871.08408245,74508499.99999756,34375274.158496484,0.988326371115785,0.4613604375138086,52.38283809007492,0.8730473015012487,1.8152910964099909
1665,200,40,8,800,0,0.6886270121058828,159582939.9230532,68265999.99999863,34381508.340519994,0.9885056106025093,0.5036402944440964,55.05475713278805,0.9175792855464675,2.0091185332076273
1666,200,40,8,800,0,0.6242377768880152,153802562.75638887,63785333.33333252,34416341.673853375,0.9895071066711227,0.5395651300276,57.12388560076216,0.9520647600127027,2.0079546409227977
1667,200,40,8,800,0,0.6216825838068659,162434590.92304993,70449499.99999782,34381508.34052012,0.988505610602513,0.48803055153721725,54.08823299319351,0.9014705498865585,1.9135775749231982
1668,200,40,8,800,0,0.8431329437829377,150103774.25638962,61007833.33333259,34381508.34052019,0.9885056106025147,0.5635589146834249,58.53150624309506,0.9755251040515843,2.269505179581262
1669,200,40,8,800,0,0.7008664617028485,172772865.7563783,78310833.33333004,34416341.67385339,0.9895071066711232,0.4394837879883137,50.85173508893802,0.847528918148967,1.8999824102424667
1670,200,45,8,800,0,0.626198432247215,170539768.53578857,76704833.33333023,34351027.917261355,0.9876292654140932,0.44783394245816,51.51760246558713,0.8586267077597856,1.8430922939735286
1671,200,45,8,800,0,0.6382858715263229,172515033.917411,78274166.6666631,34314774.158496544,0.9865869305755657,0.4383920726314315,50.92773540076554,0.8487955900127591,1.8377951196442273
1672,200,45,8,800,0,0.6533355582083027,171045174.58971632,77043999.99999775,34381508.34052012,0.988505610602513,0.4462580907081814,51.365377720092816,0.8560896286682136,1.8664316594430614
1673,200,45,8,800,0,0.6373290730101556,173180919.92304766,78679333.33333063,34381508.34052009,0.9885056106025121,0.4369827105023929,50.731916679412144,0.8455319446568691,1.832447186068939
1674,200,45,8,800,0,0.661402406371179,173500958.41741234,78934166.66666345,34375274.15849652,0.9883263711157863,0.4354929634420826,50.63833698752795,0.8439722831254658,1.8537690602503107
1675,200,45,8,800,0,0.7193181768003332,169663644.256379,75986166.66666351,34381508.34052018,0.9885056106025146,0.4524706252303153,51.78363366239949,0.8630605610399915,1.944355238024577
1676,200,45,8,800,0,0.6788581180635966,156417735.75638637,65789166.666665226,34416341.673853375,0.989507106671123,0.5231308347198115,56.16882227270884,0.9361470378784806,2.0335098237179263
1677,200,45,8,800,0,0.7259946191840257,170164059.9230454,76369333.3333301,34381508.3405202,0.9885056106025154,0.45020045140966264,51.63134920483955,0.8605224867473259,1.9466774670590818
1678,200,45,8,800,0,0.8959617485007471,156106928.92305326,65605833.33333191,34381508.340520196,0.9885056106025151,0.5240617578292723,56.28065365587079,0.9380108942645132,2.253222049028678
1679,200,45,8,800,0,0.700523222177922,168861086.0897142,75316999.99999724,34416341.67385354,0.9895071066711275,0.45695316693249594,52.02974944346972,0.8671624907244954,1.933248246448414
1680,200,40,10,800,0,0.5821027107294473,164790413.20245805,72301166.6666642,34351027.917261355,0.9876292654140932,0.47511028522724436,53.3149946605568,0.8885832443426133,1.850774183253856
1681,200,40,10,800,0,0.5704995532202112,163655439.58408332,71488999.99999781,34314774.15849656,0.9865869305755661,0.4800007575780555,53.68474168856458,0.8947456948094097,1.8492458540920653
1682,200,40,10,800,0,0.6295070473527502,168133104.25638348,74812833.33333135,34381508.34051997,0.9885056106025086,0.45956698615238767,52.25502757983148,0.8709171263305246,1.868077762605185
1683,200,40,10,800,0,0.568999345376148,157037763.58972186,66317166.66666574,34381508.3405201,0.9885056106025123,0.5184405496895561,55.94705247429435,0.9324508745715725,1.9162026596993655
1684,200,40,10,800,0,0.5731554448976953,169990304.7507483,76244666.66666405,34375274.15849653,0.9883263711157864,0.4508548028517541,51.6841240615596,0.86140206769266,1.7952413548717585
1685,200,40,10,800,0,0.6967081267847067,158617899.67961147,68117499.99999882,34005178.79271982,0.9776857284219025,0.4992135470726379,55.38971337879413,0.9231618896465688,2.019240854089386
1686,200,40,10,800,0,0.5946565540777169,153388343.0897221,63468166.6666658,34416341.67385346,0.9895071066711253,0.5422614750258622,57.278146585499556,0.9546357764249926,1.9831015105233993
1687,200,40,10,800,0,0.9350762392137111,153814990.92305374,63849499.999998696,34381508.34052013,0.9885056106025132,0.5384773309191274,57.11927002222504,0.9519878337037506,2.3178459376527636
1688,200,40,10,800,0,0.8911717485497709,153312180.92305574,63464499.99999916,34381508.340520166,0.9885056106025143,0.5417439409515654,57.30660112655637,0.9551100187759396,2.279676920086963
1689,200,40,10,800,0,0.6986941514958878,171324294.0897126,77201666.66666362,34416341.67385332,0.9895071066711213,0.4457979103282056,51.28169385831169,0.8546948976385281,1.9100273773969803
1690,200,40,8,700,0,0.6354866541469673,157180445.28683326,72819999.99999775,30306340.63128819,0.9958172849079354,0.416181552201169,48.91066433849831,0.8151777389749718,1.7836096348828743
1691,200,40,8,700,0,0.6167487859883475,165130714.34440336,78890166.666664,30317385.722017504,0.9961802087064713,0.3842986648781981,46.55584535270653,0.7759307558784421,1.700118473769348
1692,200,40,8,700,0,0.6648318002822647,159174924.95349962,74347166.66666436,30306340.63128829,0.9958172849079386,0.40763275845018837,48.29780822730632,0.8049634704551053,1.7959014774975208
1693,200,40,8,700,0,0.6242251813790998,148819433.28683665,66417999.999998525,30306340.631288245,0.9958172849079372,0.4562970976435442,51.65857596825024,0.860976266137504,1.8502391256314392
1694,200,40,8,700,0,0.5927544128611273,153121812.67773926,69717999.99999805,30302719.055350795,0.9956982857862354,0.43464699296238624,50.20708588514278,0.8367847647523797,1.777256771983416
1695,200,40,8,700,0,0.5851266116331475,149312665.9535023,66795666.66666492,30306340.63128817,0.9958172849079348,0.45371716675166995,51.48792937897225,0.8581321563162041,1.8062325013506877
1696,200,40,8,700,0,0.5590588832260662,147777441.78683832,65565499.999998964,30341173.96462157,0.9969618518434936,0.4627612687255042,52.02282504720357,0.8670470841200595,1.7963149823265292
1697,200,40,8,700,0,0.6209411704397586,155794126.28683236,71758499.9999975,30306340.63128819,0.9958172849079354,0.42233798966379243,49.345891165665655,0.8224315194277609,1.7812430815985536
1698,200,40,8,700,0,0.7947452285813936,145208778.62017304,63653333.33333261,30306340.631288156,0.9958172849079342,0.47611553149280217,52.943080115763586,0.8823846685960598,2.0580223223716954
1699,200,40,8,700,0,0.6196896216346572,149395088.1221483,67142166.66666566,30125712.602319606,0.9898821403263403,0.4486854401330519,51.45952317866238,0.857658719644373,1.8362966933854719
1700,200,45,8,700,0,0.6063034434502287,165745536.620164,79379666.6666636,30306340.63128823,0.9958172849079368,0.3817897190038936,46.38314947580151,0.7730524912633585,1.6847877099167021
1701,200,45,8,700,0,0.6203934509640944,164300441.67773527,78255833.33333042,30317385.72201739,0.9961802087064674,0.3874137483512648,46.79110975902989,0.7798518293171648,1.710176278962271
1702,200,45,8,700,0,0.6717182722949673,161086163.95349917,75811999.9999976,30306340.631288238,0.9958172849079369,0.39975651125533157,47.72476922486801,0.7954128204144669,1.7869363017136997
1703,200,45,8,700,0,0.6380070254818048,165067940.2868305,78860833.3333301,30306340.6312882,0.9958172849079358,0.38430155186401505,46.57355017964897,0.7762258363274828,1.7216741033004996
1704,200,45,8,700,0,0.6429298743732756,162496188.67773426,76897333.33333024,30302719.05535072,0.9956982857862329,0.3940672288855089,47.31064809924005,0.7885108016540008,1.7466944591356834
1705,200,45,8,700,0,0.6681417406254039,157635929.620165,73170166.66666394,30306340.63128823,0.9958172849079368,0.4141898537603808,48.76933842763069,0.8128223071271782,1.8123159307608867
1706,200,45,8,700,0,0.6948481944428377,156306618.12016755,72097666.66666465,30341173.964621603,0.9969618518434948,0.4208343399641568,49.18409784856114,0.8197349641426857,1.8512506305568488
1707,200,45,8,700,0,0.6562423533153539,157020585.95349836,72698999.99999736,30306340.631288312,0.9958172849079394,0.41687424354240654,48.960459250080376,0.8160076541680062,1.8057494023172853
1708,200,45,8,700,0,0.6421116056925921,154245553.62016824,70574166.66666485,30306340.63128831,0.9958172849079393,0.42942541248033284,49.84130705596423,0.8306884509327371,1.8163403866095955
1709,200,45,8,700,0,0.7120353907983387,158528559.45349807,73798999.99999718,30341173.964621603,0.9969618518434948,0.41113258939311864,48.494731968185825,0.8082455328030971,1.8491869951159305
1710,200,40,10,700,0,0.6361896875868038,145819333.62017035,64120833.33333187,30306340.63128828,0.9958172849079383,0.4726442102481872,52.72140400823084,0.8786900668038473,1.892995122589201
1711,200,40,10,700,0,0.6167487859883475,165123531.3444032,78884666.66666396,30317385.722017504,0.9961802087064713,0.3843254589656445,46.55787056761353,0.7759645094602254,1.7001736626210886
1712,200,40,10,700,0,0.6648318002822647,159845338.28683367,74860499.99999791,30306340.631288268,0.9958172849079379,0.4048375395741294,48.0952405768923,0.801587342948205,1.7902891748897733
1713,200,40,10,700,0,0.6242251813790998,149980684.95350355,67307166.66666524,30306340.631288268,0.9958172849079379,0.45026914862392925,51.25860041500239,0.8543100069167066,1.8387505071949497
1714,200,40,10,700,0,0.5927544128611273,153054771.34440553,69666666.66666465,30302719.055350795,0.9956982857862354,0.4349672591677274,50.22907768553538,0.837151294758923,1.7778795149542321
1715,200,40,10,700,0,0.5851266116331475,149243230.2868352,66742499.99999809,30306340.63128817,0.9958172849079348,0.4540785950674463,51.51188422566691,0.8585314037611151,1.8069208914482198
1716,200,40,10,700,0,0.5590588832260662,148754329.78683916,66313499.99999915,30341173.9646216,0.9969618518434946,0.4575414352224206,51.68118474948867,0.8613530791581445,1.7864451105621473
1717,200,40,10,700,0,0.8403805182297696,150476311.95350164,67686666.66666475,30306340.631288256,0.9958172849079375,0.44774461683181005,51.08976888253076,0.8514961480421793,2.050072359737397
1718,200,40,10,700,0,0.831672806562616,145184835.2868406,63634999.99999951,30306340.63128815,0.9958172849079341,0.47625270104955425,52.95181128808164,0.8825301881346941,2.0952051555369535
1719,200,40,10,700,0,0.6196896216346572,149442974.78881502,67178833.33333233,30125712.602319606,0.9898821403263403,0.44844054455128557,51.44303377836259,0.8573838963060432,1.835825953581729
1720,200,40,8,600,0,0.6179382813767297,155026345.22679067,77791999.99999714,26085973.593688294,0.999999999999991,0.335329771617766,42.507613724361946,0.7084602287393658,1.5946623274103082
1721,200,40,8,600,0,0.5770340789635314,145044266.51625064,70172666.66666472,26070732.316378266,0.9994157290217471,0.3715226106515213,45.43302647031335,0.7572171078385559,1.6314692753233044
1722,200,40,8,600,0,0.6414963070204719,143406645.56012627,68894833.33333153,26085973.59368819,0.999999999999987,0.37863468610885975,45.95184535738329,0.7658640892897215,1.7102681451972812
1723,200,40,8,600,0,0.5793117623233954,142132860.2267966,67919499.99999896,26085973.59368817,0.9999999999999862,0.3840719321209457,46.36366276936156,0.7727277128226927,1.6592970208428448
1724,200,40,8,600,0,0.5821889131740836,152126704.51624984,75595666.66666417,26070732.31637828,0.9994157290217478,0.34487072428815335,43.31783838317547,0.7219639730529245,1.5800494656575308
1725,200,40,8,600,0,0.5776848609274389,135785482.56012985,63059333.33333235,26085973.593688264,0.9999999999999898,0.41367347567405305,48.53096130568922,0.8088493550948203,1.7174729965615017
1726,200,40,8,600,0,0.5846346479112299,135756685.58109388,63051999.99999904,26076593.581144333,0.9996404193038643,0.413572822133235,48.541255790040644,0.8090209298340107,1.7245138354518286
1727,200,40,8,600,0,0.6629302160401692,148046863.5601258,72447833.3333314,26085973.593688264,0.9999999999999898,0.3600656140214309,44.511581275909336,0.7418596879318222,1.6928423951891363
1728,200,40,8,600,0,0.6283960716127002,136036887.56012943,63251833.3333323,26085973.593688264,0.9999999999999898,0.41241450593561746,48.44127293846865,0.8073545489744774,1.7656822253356714
1729,200,40,8,600,0,0.5638964075522295,141359490.56012657,67327333.33333153,26085973.593688216,0.999999999999988,0.38744997465648795,46.61731570967328,0.776955261827888,1.6508116491053078
1730,200,45,8,600,0,0.6523652776548282,155840979.56012192,78417166.6666633,26085973.593688227,0.9999999999999885,0.33265641571283516,42.28541182557005,0.7047568637595009,1.6232472739845973
1731,200,45,8,600,0,0.6424885405979337,160426127.89345524,81927999.99999635,26085973.593688298,0.9999999999999911,0.3184012009775591,41.07685005260816,0.6846141675434693,1.5818236689234504
1732,200,45,8,600,0,0.707349793276487,148732203.8934584,72973999.9999979,26085973.593688264,0.9999999999999898,0.3574694218994301,44.30647719521781,0.7384412865869635,1.7317666173829944
1733,200,45,8,600,0,0.6147308052513291,143778328.22679326,69180833.3333315,26085973.593688242,0.999999999999989,0.3770693750969888,45.83305482315368,0.7638842470525613,1.6802705523814814
1734,200,45,8,600,0,0.6961324958805852,148789667.89345676,73017999.99999756,26085973.593688294,0.999999999999991,0.35725401399229184,44.289365607823875,0.7381560934637312,1.72009180053815
1735,200,45,8,600,0,0.6842475108112841,146187027.5601249,71025166.6666645,26085973.59368823,0.9999999999999886,0.3672778934277619,45.07787120365175,0.7512978533941959,1.7293676789476895
1736,200,45,8,600,0,0.6770444448877057,147384194.22679278,71941833.33333158,26085973.59368831,0.9999999999999916,0.3625981210796075,44.71171440446121,0.7451952400743536,1.7123181818257451
1737,200,45,8,600,0,0.7162694171229973,154188889.56012484,77152166.66666421,26085973.593688272,0.9999999999999902,0.33811070668167587,42.73848795979787,0.7123081326632978,1.699066115131636
1738,200,45,8,600,0,0.692962904959027,144539726.22679323,69763833.33333167,26085973.593688253,0.9999999999999893,0.3739182947280067,45.591618110996905,0.7598603018499485,1.7519578425913807
1739,200,45,8,600,0,0.7552892839975357,151119354.22679025,74801833.33333069,26085973.593688313,0.9999999999999918,0.3487344150703423,43.60659184733181,0.7267765307888635,1.7610533468426732
1740,200,40,10,600,0,0.6179382813767297,154930571.89345708,77718666.66666374,26085973.59368828,0.9999999999999903,0.3356461801586396,42.5338906289695,0.7088981771494917,1.5953534026531329
1741,200,40,10,600,0,0.5770340789635314,144984408.18291742,70126833.3333314,26070732.316378266,0.9994157290217471,0.37176542953903496,45.451783971736305,0.7575297328622718,1.6319761554570311
1742,200,40,10,600,0,0.6414963070204719,143691571.22679365,69112999.9999984,26085973.59368823,0.9999999999999886,0.37743946281725343,45.86072755512624,0.764345459252104,1.7077933365263787
1743,200,40,10,600,0,0.5804527454241393,139523036.89346358,65921166.66666567,26085973.593688205,0.9999999999999877,0.3957146833519118,47.23091001116763,0.7871818335194605,1.6842063256251292
1744,200,40,10,600,0,0.6012510019668942,152119521.5162505,75590166.66666435,26070732.31637828,0.9994157290217478,0.3448958173533914,43.31988382763898,0.721998063793983,1.5991657196435902
1745,200,40,10,600,0,0.6304441931455207,146684487.8934589,71404666.66666469,26085973.593688242,0.999999999999989,0.3653258927104059,44.92499578269216,0.748749929711536,1.6714548370253812
1746,200,40,10,600,0,0.5846346479112299,136613856.91442734,63708333.33333241,26076593.581144355,0.999640419303865,0.40931212946204937,48.236688055207615,0.8039448009201269,1.7160291524009963
1747,200,40,10,600,0,0.7023721194487101,143904666.89346042,69276166.66666512,26085973.593688346,0.9999999999999929,0.376550476864659,45.79281646841063,0.7632136078068438,1.766826108747281
1748,200,40,10,600,0,0.8595599652321768,129973944.18999395,58974666.66666636,25853194.821862165,0.991076477518068,0.43837797283345903,50.700931183308015,0.8450155197218002,2.0552778632207445
1749,200,40,10,600,0,0.5638964075522295,143011580.56012633,68592333.33333148,26085973.593688264,0.9999999999999898,0.3803045081863712,46.07878588705935,0.7679797647843224,1.6361197788856487
1750,200,40,8,500,0,0.5984476973195366,138324430.24454796,71824499.99999787,21738311.328073632,0.9999999999999931,0.3026587213008692,39.70231426430516,0.6617052377384193,1.5022799120986514
1751,200,40,8,500,0,0.636720183100049,144932790.24454635,76884499.9999969,21738311.328073613,0.9999999999999923,0.28273984129537805,37.892046311491264,0.6315341051915211,1.4944461613278726
1752,200,40,8,500,0,0.6110423000200828,142852114.5778822,75291333.3333311,21738311.328073684,0.9999999999999956,0.2887226240480223,38.4439531485262,0.6407325524754366,1.482752951733937
1753,200,40,8,500,0,0.6007949054095899,140527216.911214,73511166.66666421,21738311.3280737,0.9999999999999962,0.295714410664245,39.079974119673594,0.6513329019945598,1.4886993359355456
1754,200,40,8,500,0,0.623083031844743,144288714.5778807,76391333.33333063,21738311.328073613,0.9999999999999923,0.2845651513008594,38.06118874969787,0.6343531458282978,1.4850882987137284
1755,200,40,8,500,0,0.7088117159251731,140517639.5778782,73503833.33333021,21738311.328073613,0.9999999999999923,0.2957439135111938,39.08263771365384,0.6513772952275639,1.5967841419616922
1756,200,40,8,500,0,0.6822867750288816,131080847.25251314,66307999.99999858,21719261.063536856,0.9991236548115713,0.32755114109213557,41.89628092211396,0.6982713487018993,1.6425990366044894
1757,200,40,8,500,0,0.7018944050138888,135513482.91121477,69672166.66666475,21738311.328073606,0.9999999999999919,0.3120085447044736,40.525856778384906,0.6754309463064151,1.6269321870838827
1758,200,40,8,500,0,0.8638769291747487,125476437.57788496,61986833.333332516,21738311.32807364,0.9999999999999936,0.35069239964520305,43.76757984216091,0.7294596640360153,1.8738905129269265
1759,200,40,8,500,0,0.7201676013768692,136487976.5778809,70418333.33333118,21738311.328073613,0.9999999999999923,0.30870244010424763,40.23651121288581,0.6706085202147635,1.6377380736750307
1760,200,45,8,500,0,0.6324445827272983,144777719.57787976,76767166.66666359,21738311.328073625,0.9999999999999928,0.28317198969274404,37.93263228632232,0.632210538105372,1.4911927125868656
1761,200,45,8,500,0,0.7220514674361707,148647275.43020627,79749999.99999695,21725610.26364865,0.9994157290217514,0.27242144531221923,36.945177663740914,0.6157529610623486,1.5557415847482945
1762,200,45,8,500,0,0.6578629303903083,144679551.91121647,76691999.99999832,21738311.328073665,0.9999999999999947,0.28344952965203857,37.95837025656589,0.6326395042760982,1.5172620583880372
1763,200,45,8,500,0,0.6089659318671471,129212158.5778825,64848666.66666506,21738311.32807358,0.9999999999999907,0.3352160105282162,42.502192211964505,0.7083698701994084,1.5855086104891285
1764,200,45,8,500,0,0.649032282573456,149623850.24454647,80477833.3333301,21738311.328073688,0.9999999999999958,0.2701155141445727,36.70404144141563,0.6117340240235939,1.476858717912708
1765,200,45,8,500,0,0.7472822908553945,142061544.34372196,74688166.66666406,21737822.68280348,0.9999775214705998,0.29104774762808355,38.65789313617789,0.6442982189362981,1.6244187078941597
1766,200,45,8,500,0,0.6459524689498773,128993614.69834332,64782666.66666558,21673719.878810395,0.9970286813778415,0.3345604772698061,42.574200380714906,0.7095700063452485,1.6231708571109706
1767,200,45,8,500,0,0.6993902799798951,141872668.58584404,74572666.66666397,21719261.06353689,0.9991236548115728,0.29124962314437386,38.709358573015294,0.6451559762169216,1.5775459547123156
1768,200,45,8,500,0,0.6309470868712435,139816660.9112137,72968499.99999759,21738311.32807363,0.999999999999993,0.29791363846145047,39.27858070854231,0.6546430118090385,1.5239210094494422
1769,200,45,8,500,0,0.6537860787729235,134903802.09687468,69226666.66666476,21725610.263648614,0.9994157290217496,0.31383296798414695,40.70900830546145,0.6784834717576909,1.583335924917932
1770,200,40,10,500,0,0.5903885927849867,141887198.24454942,74552499.9999981,21738311.328073636,0.9999999999999934,0.29158393518760867,38.70539462294983,0.6450899103824972,1.4687456513175707
1771,200,40,10,500,0,0.636720183100049,144911241.2445463,76867999.99999687,21738311.328073613,0.9999999999999923,0.28280053244619996,37.89768104140563,0.6316280173567606,1.4945886264137695
1772,200,40,10,500,0,0.8678071720168413,136090517.24455014,70113999.99999857,21738311.32807363,0.999999999999993,0.3100423785274563,40.354024006914585,0.6725670667819098,1.788408141620716
1773,200,40,10,500,0,0.6055643230216378,129671309.57788384,65198833.3333321,21738311.32807362,0.9999999999999927,0.3334156489723594,42.351696901013305,0.7058616150168884,1.5781584572164138
1774,200,40,10,500,0,0.623083031844743,144815467.9112145,76794666.66666406,21738311.32807364,0.9999999999999936,0.28307058643058164,37.92274457426737,0.6320457429044561,1.4815852438936645
1775,200,40,10,500,0,0.7088117159251731,140443415.24454463,73446999.99999677,21738311.328073613,0.9999999999999923,0.2959727603315938,39.10329288445101,0.6517215480741835,1.5973114722646318
1776,200,40,10,500,0,0.679803847343495,129665796.25251415,65224499.9999988,21719261.063536864,0.9991236548115716,0.33299237347219623,42.353497674168,0.7058916279027999,1.6520893740240519
1777,200,40,10,500,0,0.7018944050138888,137050644.91121516,70849166.66666481,21738311.32807361,0.9999999999999921,0.3068252225230715,40.07131818721266,0.667855303120211,1.615209886152557
1778,200,40,10,500,0,0.88561850092217,130494960.2445484,65829499.99999839,21738311.328073632,0.9999999999999931,0.33022142547147043,42.08438386975506,0.701406397829251,1.8512020391285975
1779,200,40,10,500,0,0.7201676013768692,136514314.24454772,70438499.99999791,21738311.328073636,0.9999999999999934,0.30861405805169445,40.2287483945614,0.6704791399093567,1.6375379877275815
1780,200,40,8,400,0,0.5634551200852815,128432728.67750034,71087499.99999845,17380488.21091904,0.9994157290217592,0.24449429521251162,34.21090593685824,0.570181765614304,1.3292323218695947
1781,200,40,8,400,0,0.5291287422149787,136797799.92896947,77476666.66666366,17390649.062459014,1.0000000000000004,0.22446305204740813,32.11893760193092,0.5353156266988486,1.244014810551754
1782,200,40,8,400,0,0.6071163884773864,118794807.59564053,63691833.33333265,17390649.06245898,0.9999999999999986,0.27304362509781477,36.98646505624915,0.6164410842708192,1.4419923728264574
1783,200,40,8,400,0,0.6205359984029215,119285545.0686761,64091499.99999864,17375408.850829598,0.9991236548115786,0.27110317048017235,36.83430374963172,0.613905062493862,1.4513235972809215
1784,200,40,8,400,0,0.6407857805957683,133419395.59563783,74889833.33333099,17390649.062459037,1.0000000000000018,0.23221642095335035,32.93224332477531,0.5488707220795884,1.375429639438037
1785,200,40,8,400,0,0.6509163177451105,121105339.26230404,65460999.99999836,17390649.062459,0.9999999999999996,0.2656642743382997,36.28081162039765,0.6046801936732942,1.4681279308890445
1786,200,40,8,400,0,0.5877017789940681,123394321.92897211,67213666.66666526,17390649.062459003,0.9999999999999997,0.25873680048887926,35.607797273922756,0.5934632878987126,1.3881545072838841
1787,200,40,8,400,0,0.5981912594413725,127610742.92897068,70442166.66666466,17390649.06245899,0.9999999999999988,0.24687839521961727,34.43127043344329,0.5738545072240548,1.3695484828411213
1788,200,40,8,400,0,0.5458752842664647,121809273.26230632,65999999.999998905,17390649.062458992,0.9999999999999991,0.2634946827645346,36.07114534324748,0.6011857557207914,1.3578567861988837
1789,200,40,8,400,0,0.6569731614762685,126925963.59563778,69917833.33333132,17390649.06245899,0.9999999999999988,0.24872980516357754,34.61703087004184,0.5769505145006973,1.4329075201078278
1790,200,45,8,400,0,0.6156235648919666,132390393.26230401,74103333.33333093,17390649.062459044,1.0000000000000022,0.23468106332319208,33.18820868893863,0.5531368114823105,1.3565052270328308
1791,200,45,8,400,0,0.5805463999561831,141026753.59563595,80716166.66666327,17390649.06245901,1.0000000000000002,0.21545434800289584,31.155790571470444,0.519263176191174,1.2721730545496737
1792,200,45,8,400,0,0.6540690752078322,126397376.92897211,69514499.99999833,17390649.062459003,0.9999999999999999,0.2501729720052568,34.76179733119823,0.5793632888533039,1.4335707416653416
1793,200,45,8,400,0,0.6092406569415582,124240082.59563829,67862666.66666488,17390649.062458955,0.999999999999997,0.256262388683902,35.36539825315806,0.589423304219301,1.403673872107981
1794,200,45,8,400,0,0.6216905780471723,138527069.59563628,78802166.66666369,17390649.06245902,1.0000000000000009,0.22068744804977458,31.717988497306727,0.5286331416217788,1.3268736781087709
1795,200,45,8,400,0,0.6626514640235239,123224784.40200907,67109166.66666496,17375408.8508296,0.9991236548115789,0.25891260037744535,35.65678788826806,0.5942797981378011,1.4640613424632813
1796,200,45,8,400,0,0.6515400224067996,126653469.73534201,69734499.99999802,17375408.850829575,0.9991236548115774,0.24916517435172075,34.69150911681603,0.5781918186136005,1.4290639805017769
1797,200,45,8,400,0,0.7148643464854518,136985118.9289699,77621499.99999724,17390649.062458992,0.9999999999999991,0.22404422824165482,32.075016865724606,0.5345836144287435,1.4286833435075192
1798,200,45,8,400,0,0.6090906249437644,127575388.9289715,70416499.99999815,17390649.06245899,0.9999999999999988,0.24696838187725095,34.440812110290956,0.574013535171516,1.3806788656170812
1799,200,45,8,400,0,0.6348666772502242,136070483.59563628,76921166.6666638,17390649.062458977,0.9999999999999982,0.22608405223260558,32.29061794957057,0.5381769658261761,1.3539108848624848
1800,200,40,10,400,0,0.5634551200852815,128370476.01083362,71039833.33333178,17380488.210919045,0.9994157290217593,0.24465834723128702,34.227496356944194,0.5704582726157366,1.3296400704860476
1801,200,40,10,400,0,0.5291287422149787,136764279.26230305,77450999.99999717,17390649.062459014,1.0000000000000004,0.22453743737924176,32.12680989290369,0.5354468315483948,1.2442055236667668
1802,200,40,10,400,0,0.6071163884773864,118746920.92897397,63655166.666666016,17390649.06245898,0.9999999999999986,0.27320090376207995,37.00138046213477,0.6166896743689129,1.4423667858559632
1803,200,40,10,400,0,0.6205359984029215,119192166.0686761,64019999.999998584,17375408.850829598,0.9991236548115786,0.2714059489351762,36.863160935160636,0.6143860155860106,1.4520467731370732
1804,200,40,10,400,0,0.6407857805957683,134923036.92897105,76041166.66666414,17390649.062459037,1.0000000000000018,0.22870045035859457,32.56523200195289,0.5427538666992149,1.366500007581859
1805,200,40,10,400,0,0.697653236918496,133318833.59563938,74812833.33333163,17390649.062459063,1.0000000000000033,0.23245542626322302,32.957084018050644,0.5492847336341774,1.432902311563252
1806,200,40,10,400,0,0.5877017789940681,123526010.26230575,67314499.99999864,17390649.06245901,1.0000000000000002,0.2583492273204044,35.56983659287487,0.5928306098812478,1.3872117707316394
1807,200,40,10,400,0,0.9381195479433845,126540475.92897269,69622666.66666502,17390649.062459014,1.0000000000000002,0.24978430007171165,34.72248675962184,0.5787081126603639,1.7166551006611177
1808,200,40,10,400,0,0.8103727772810735,115739638.26230665,61352499.99999919,17390649.062458966,0.9999999999999977,0.283454611669601,37.96279361131324,0.6327132268552206,1.669849693471975
1809,200,40,10,400,0,0.6545583571810923,127467082.92897113,70332166.66666463,17390649.062458977,0.9999999999999982,0.247264514754408,34.470075717103924,0.5745012619517321,1.4268712309363507
1810,200,40,8,300,0,0.5965610842304082,118652101.94672662,70403666.66666435,13042986.796844332,1.000000000000005,0.18526004985788752,27.77700475529523,0.4629500792549205,1.2077192033716386
1811,200,40,8,300,0,0.567527407037041,118743086.61339407,70473333.33333124,13042986.796844315,1.000000000000004,0.18507691037051416,27.75572114552257,0.4625953524253762,1.1781842877588287
1812,200,40,8,300,0,0.5984187450145962,120031237.94672684,71459666.6666643,13042986.796844319,1.0000000000000042,0.1825223570897068,27.457852275611508,0.4576308712601918,1.2020675019465534
1813,200,40,8,300,0,0.5971354779073597,114265683.28006236,67044999.9999986,13042986.7968443,1.0000000000000027,0.194540783009092,28.84330540361865,0.48072175672697753,1.2334898610416107
1814,200,40,8,300,0,0.5858881119897956,119060284.25812322,70728166.66666466,13035366.158189317,0.9994157290217613,0.18430233346247754,27.681774997737207,0.46136291662895346,1.194692895388731
1815,200,40,8,300,0,0.6544154500811634,119331475.40378538,70927999.99999802,13040348.497051459,0.9997977227276313,0.18385332304663635,27.61886575899532,0.46031442931658867,1.261812537835061
1816,200,40,8,300,0,0.5844672931408597,116078193.61339635,68432833.33333191,13042986.796844315,1.000000000000004,0.1905954519420929,28.392929777808313,0.4732154962968052,1.2101591509913392
1817,200,40,8,300,0,0.6204164176772005,123802312.94672623,74347166.66666403,13042986.796844324,1.0000000000000044,0.1754335421458982,26.621473553714836,0.4436912258952473,1.2044544772891663
1818,200,40,8,300,0,0.9581071449434685,107247892.28006482,61671499.99999984,13042986.796844274,1.0000000000000009,0.21149131765636164,30.730673861575006,0.5121778976929168,1.6394780967614746
1819,200,40,8,300,0,0.6483867247025573,122475852.28006019,73331499.99999732,13042986.796844298,1.0000000000000024,0.17786335745000137,26.909794368800455,0.44849657281334093,1.2391739834758995
1820,200,45,8,300,0,0.6406267810995485,130511795.94672514,79485999.99999666,13042986.796844332,1.000000000000005,0.16409162364246382,25.25288979507526,0.4208814965845876,1.1927815765981071
1821,200,45,8,300,0,0.6046847659558221,124193150.28005984,74647833.33333056,13042986.796844315,1.000000000000004,0.17472693063444308,26.53769545717986,0.44229492428633105,1.1867612347497076
1822,200,45,8,300,0,0.6779379182108062,129539696.61339483,78741666.6666644,13042986.796844298,1.0000000000000024,0.16564275750040858,25.44239400093827,0.4240399000156378,1.234492024226771
1823,200,45,8,300,0,0.6499260431891429,117207008.5515071,69316499.9999985,13031556.638122244,0.9991236548115815,0.18800078824122002,28.11947886675776,0.46865798111262935,1.2689846548947483
1824,200,45,8,300,0,0.6589175458224871,132594865.9467254,81080999.99999662,13042986.796844311,1.0000000000000036,0.16086366469141788,24.85616600965683,0.4142694334942805,1.2018779110699018
1825,200,45,8,300,0,0.7175776822740741,125703357.40378386,75808333.33333048,13040348.497051459,0.9997977227276313,0.17201734853756556,26.218870108721468,0.4369811684786911,1.2921727295828178
1826,200,45,8,300,0,0.6484862335753274,116263085.79054433,68583166.66666517,13038296.79057237,0.9996404193038798,0.19010928518279735,28.347776747794246,0.4724629457965708,1.273036607518136
1827,200,45,8,300,0,0.6830054449738828,127432683.28005904,77128333.33333,13042986.796844337,1.0000000000000056,0.16910759293184388,25.863066798623507,0.43105111331039175,1.2493426326297496
1828,200,45,8,300,0,0.6435152787951652,117211274.280061,69301833.33333169,13042986.796844324,1.0000000000000044,0.18820550870724392,28.118455500493212,0.4686409250082202,1.2627206107691806
1829,200,45,8,300,0,0.6523175427698596,118461639.21817297,70277166.66666447,13031556.638122238,0.999123654811581,0.18543087685838186,27.82166464816568,0.4636944108027613,1.2643566550593266
1830,200,40,10,300,0,0.5965610842304082,118556328.61339302,70330333.33333094,13042986.796844337,1.0000000000000056,0.18545322023467514,27.7994438470464,0.46332406411744004,1.2082477245355885
1831,200,40,10,300,0,0.567527407037041,119408711.28006132,70982999.99999803,13042986.796844296,1.0000000000000024,0.18374803540065449,27.601001339592614,0.46001668899321024,1.1745425243507748
1832,200,40,10,300,0,0.5984187450145962,119983351.28006017,71422999.99999763,13042986.796844319,1.0000000000000042,0.18261605920844476,27.468811004512453,0.4578135167418742,1.2023251091232263
1833,200,40,10,300,0,0.5971354779073597,114213007.94672897,67004666.66666524,13042986.7968443,1.0000000000000027,0.19465788646827453,28.8566080103347,0.48094346683891165,1.2338052539208908
1834,200,40,10,300,0,0.5858881119897956,119079438.9247901,70742833.33333139,13035366.15818931,0.9994157290217607,0.1842641232189315,27.677322212456918,0.46128870354094864,1.1945881141058896
1835,200,40,10,300,0,0.6544154500811634,120459206.40378532,71791499.99999793,13040348.497051448,0.9997977227276306,0.18164195617937812,27.360299792714162,0.456004996545236,1.2557340115699018
1836,200,40,10,300,0,0.5844672931408597,116068616.28006297,68425499.99999855,13042986.796844319,1.0000000000000042,0.19061587853716222,28.39527260364279,0.47325454339404655,1.210214539364636
1837,200,40,10,300,0,0.6204164176772005,123797524.28005947,74343499.99999733,13042986.796844324,1.0000000000000044,0.17544219463496863,26.622503310681044,0.44370838851135075,1.2044785618965261
1838,200,40,10,300,0,0.9494195595639523,111497833.94673166,64925666.66666644,13042986.796844259,0.9999999999999996,0.20089107230593406,29.559318628329372,0.4926553104721562,1.6027877278808558
1839,200,40,10,300,0,0.6483867247025573,122521344.61339356,73366333.33333063,13042986.796844298,1.0000000000000024,0.17777891035640478,26.899802727432,0.4483300454572,1.2389398984448812
1840,200,40,8,200,0,0.5693323348571612,115190850.29781702,74574499.99999766,8695324.531229498,0.9999999999999994,0.11659916635350918,19.07964039086228,0.3179940065143713,0.9806056744543399
1841,200,40,8,200,0,0.5730497078743136,120903729.63114929,78948833.33333012,8695324.531229503,1.0,0.11013873371018601,18.17809927539047,0.3029683212565078,0.9641290160989702
1842,200,40,8,200,0,0.6311407256074231,110624856.6311518,71078333.33333173,8695324.531229507,1.0000000000000002,0.12233438972818302,19.86714439168008,0.331119073194668,1.0601273105846374
1843,200,40,8,200,0,0.5825888107885582,107679826.63115147,68823333.33333167,8695324.531229494,0.999999999999999,0.12634268219929826,20.41050834459816,0.340175139076636,1.0238380956246327
1844,200,40,8,200,0,0.5625400985894086,107752803.36767077,68891166.66666499,8687704.425414795,0.9991236548115783,0.12610766874439647,20.396685109906002,0.3399447518317667,1.0033709854166923
1845,200,40,8,200,0,0.6430781417242978,105019722.2978171,66786499.999998026,8695324.531229498,0.9999999999999994,0.13019584094434888,20.92749773006858,0.34879162883447634,1.0960264433142533
1846,200,40,8,200,0,0.5997485645144405,92498505.70100561,57210999.999999836,8687704.425414788,0.9991236548115774,0.15185374185759404,23.760383839110023,0.3960063973185004,1.1172379553190162
1847,200,40,8,200,0,0.7175852723420262,110415302.0343363,70929833.33333123,8687704.425414791,0.9991236548115777,0.1224830796455894,19.904849776315796,0.33174749627192995,1.1473192323304278
1848,200,40,8,200,0,0.5993478249016406,101114408.17772223,63838499.99999973,8668371.812782256,0.9969003205860293,0.13578595695046553,21.7357747487091,0.362262912478485,1.070239502940498
1849,200,40,8,200,0,0.6638500833340414,108491505.6311508,69444833.3333313,8695324.531229507,1.0000000000000002,0.125211972062665,20.25780716392743,0.3376301193987905,1.101649780382964
1850,200,45,8,200,0,0.597590935052659,120842037.9644825,78902999.99999706,8695324.531229498,0.9999999999999994,0.11020271131933922,18.18737946678763,0.3031229911131271,0.9888760952212575
1851,200,45,8,200,0,0.6215535510053246,126775195.96448147,83445999.99999605,8695324.531229503,1.0,0.10420301190266658,17.336198798823045,0.28893664664705077,0.9938526071745086
1852,200,45,8,200,0,0.6805230632355331,120195567.96448402,78407999.99999738,8695324.531229505,1.0000000000000002,0.11089843550696098,18.285200005456247,0.3047533334242708,1.0739951450653726
1853,200,45,8,200,0,0.6385279903601452,116396765.97632062,75553499.99999781,8660758.895229632,0.9960248020788955,0.11463080989272348,18.88196791006301,0.31469946516771685,1.044932103442041
1854,200,45,8,200,0,0.6208143690456823,116310711.70100269,75445333.33333066,8687704.425414795,0.9991236548115783,0.11515231017710532,18.895938025466087,0.31493230042443476,1.0278685176118012
1855,200,45,8,200,0,0.6927154274856518,115253663.96448432,74623999.99999781,8695324.531229498,0.9999999999999994,0.11652182315648792,19.069241917352468,0.31782069862254114,1.1037535846333832
1856,200,45,8,200,0,0.6693760145225236,105032254.9644849,66797499.999998644,8695324.531229496,0.9999999999999991,0.1301744007070575,20.925000617602215,0.34875001029337027,1.12226554538154
1857,200,45,8,200,0,0.716681420412273,113469885.6311503,73258166.66666406,8695324.531229507,1.0000000000000002,0.1186942688696343,19.369015732898998,0.32281692888165,1.1344537643896304
1858,200,45,8,200,0,0.6475042688622519,104974790.96448447,66753499.9999983,8695324.531229502,0.9999999999999997,0.13026020405266725,20.93645512229283,0.34894091870488053,1.1006533508092662
1859,200,45,8,200,0,0.7175160020899015,111144987.96448393,71477999.9999975,8695324.531229518,1.0000000000000016,0.12165036138713763,19.774171019770147,0.3295695169961691,1.1444058081957809
1860,200,40,10,200,0,0.5693323348571612,115128597.63115026,74526833.33333099,8695324.531229498,0.9999999999999994,0.11667374209150314,19.089957188928206,0.3181659531488034,0.9808372816791671
1861,200,40,10,200,0,0.5730497078743136,121303583.29781649,79254999.99999693,8695324.531229496,0.9999999999999991,0.10971326138703971,18.118178707088212,0.3019696451181369,0.9627899621020823
1862,200,40,10,200,0,0.6311407256074231,110591335.96448505,71052666.66666503,8695324.531229507,1.0000000000000002,0.12237858111677309,19.873166200883897,0.3312194366813983,1.06026302718224
1863,200,40,10,200,0,0.5825888107885582,107627151.2978182,68782999.99999835,8695324.531229494,0.999999999999999,0.12641676767849183,20.42049774148908,0.34034162902481796,1.0240638539561697
1864,200,40,10,200,0,0.5625400985894086,107762380.70100407,68898499.99999832,8687704.425414795,0.9991236548115783,0.1260942462523133,20.394872363649647,0.3399145393941608,1.00333003498542
1865,200,40,10,200,0,0.6430781417242978,106686178.29781716,68062499.99999806,8695324.531229498,0.9999999999999994,0.1277549977040183,20.600606705254602,0.3433434450875767,1.0886255849750892
1866,200,40,10,200,0,0.5997485645144405,92505688.70100588,57216499.99999988,8687704.425414788,0.9991236548115774,0.15183914474696647,23.758538862444055,0.3959756477074009,1.1171955280194146
1867,200,40,10,200,0,0.7175852723420262,110396147.36766964,70915166.66666456,8687704.425414791,0.9991236548115777,0.12250841158212582,19.90830343635382,0.33180505727256365,1.1473970588802904
1868,200,40,10,200,0,0.7955940784058537,100190351.96448547,63088666.66666568,8695324.531229507,1.0000000000000004,0.13782704550045402,21.936243928747306,0.3656040654791218,1.2714597802853387
1869,200,40,10,200,0,0.6638500833340414,108544180.96448414,69485166.66666463,8695324.531229507,1.0000000000000002,0.12513929156913242,20.24797626617243,0.3374662711028738,1.1014277876922212
1870,200,35,10,200,0,0.5526298381635518,109441494.9644854,70170833.33333173,8695324.531229498,0.9999999999999994,0.1239165065907682,20.081962519912604,0.3346993753318767,0.9864624187680431
1871,200,35,10,200,0,0.5335760419001038,108131794.63115233,69167999.99999884,8695324.531229503,1.0,0.12571311200598037,20.325196742520564,0.3387532790420094,0.9728998105468976
1872,200,35,10,200,0,0.5814106321531715,101434844.29781972,64040166.666665606,8695324.53122951,1.0000000000000009,0.13577923018984941,21.667110697652447,0.3611185116275408,1.0511525279325917
1873,200,35,10,200,0,0.532506664247824,97771514.29781932,61235166.66666577,8695324.531229502,0.9999999999999999,0.14199887098474945,22.478939963078997,0.37464899938464996,1.0207547604202736
1874,200,35,10,200,0,0.5355849426013185,95261420.50541615,59321166.666665964,8690244.105459504,0.9994157290217572,0.14649482796404217,23.07124949784937,0.3845208249641561,1.0373016299367084
1875,200,35,10,200,0,0.8259352240169853,100508237.29781935,63330666.666665554,8695324.531229496,0.9999999999999991,0.1373003789301073,21.866864439057117,0.364447740650952,1.3002232678120231
1876,200,35,10,200,0,0.5138488692631449,88431219.96448752,54083333.333333574,8695324.531229498,0.9999999999999994,0.16077641660208555,24.853213614859087,0.4142202269143181,1.0566902294591314
1877,200,35,10,200,0,0.8240892406400999,98777134.29781987,62005166.66666621,8695324.531229502,0.9999999999999999,0.14023548356824403,22.25008870345926,0.370834811724321,1.307112439219016
1878,200,35,10,200,0,0.9483061175034965,88940380.50541879,54481166.66666705,8690244.105459511,0.999415729021758,0.15950914117954124,24.710935432371986,0.4118489238728664,1.4877623543199958
1879,200,35,10,200,0,0.6208074297628693,102775670.96448576,65066833.33333219,8695324.531229515,1.0000000000000013,0.1336368174963128,21.384438353698044,0.3564073058949674,1.084124189654887
1880,200,45,10,200,0,0.6313712362266791,120901063.8387468,78956166.666664,8690244.105459502,0.999415729021757,0.11006415929673799,18.178500091044206,0.3029750015174034,1.022397565181473
1881,200,45,10,200,0,0.6215535510053246,127175049.63114883,83752166.66666286,8695324.531229496,0.9999999999999991,0.10382208457767131,17.281691702691464,0.2880281950448577,0.9926394137123193
1882,200,45,10,200,0,0.6805230632355331,120583449.96448386,78704999.99999727,8695324.531229505,1.0000000000000002,0.11047995084467069,18.226381818129525,0.30377303030215874,1.0726800542134285
1883,200,45,10,200,0,0.6344514158623071,116161116.29781714,75318833.33333075,8695324.531229498,0.9999999999999994,0.1154468828898013,18.920272721598323,0.3153378786933054,1.0421468008674535
1884,200,45,10,200,0,0.6208143690456823,116320289.03433585,75452666.66666394,8687704.425414795,0.9991236548115783,0.11514111838877056,18.894382211784613,0.3149063701964102,1.027833633953109
1885,200,45,10,200,0,0.6927154274856518,115184228.29781757,74570833.33333108,8695324.531229498,0.9999999999999994,0.11660489956390135,19.080737289114108,0.3180122881519018,1.1040116352886749
1886,200,45,10,200,0,0.6693760145225236,105254927.96448538,66967999.99999879,8695324.531229496,0.9999999999999991,0.12984297770919923,20.880732546238324,0.34801220910397207,1.121262605793855
1887,200,45,10,200,0,0.716681420412273,114839444.29781708,74306833.33333085,8695324.531229507,1.0000000000000002,0.11701917766059823,19.138023641949797,0.3189670606991633,1.1292638232399148
1888,200,45,10,200,0,0.9624139593741482,106004354.29781839,67541833.3333319,8695324.531229507,1.0000000000000002,0.128739835774318,20.733110583602052,0.3455518430600342,1.4109576710536367
1889,200,45,10,200,0,0.7175160020899015,111197663.29781729,71518333.33333081,8695324.531229518,1.0000000000000016,0.12158175569755762,19.76480381708831,0.3294133969514718,1.1441948035994194
1890,200,50,10,200,0,0.7145912321258253,131480621.96448,87050333.33332843,8695324.531229498,0.9999999999999994,0.09988846909906515,16.715771245695386,0.2785961874282564,1.0730981948333338
1891,200,50,10,200,0,0.6726435307911005,136961250.96448016,91246833.33332843,8695324.531229502,0.9999999999999999,0.09529453476445725,16.04687445918541,0.2674479076530902,1.0163270662557564
1892,200,50,10,200,0,0.7561069499162839,130364862.63114862,86195999.9999963,8695324.531229502,0.9999999999999997,0.10087851560663921,16.858837232992798,0.28098062054988,1.1177903829514753
1893,200,50,10,200,0,0.7659011650144923,126478859.63114774,83220499.99999587,8695324.531229498,0.9999999999999994,0.1044853675624387,17.376817014396543,0.2896136169066091,1.1391030759710523
1894,200,50,10,200,0,0.6937407944034759,125734221.96448195,82650333.33332954,8695324.531229502,0.9999999999999997,0.10520616409568705,17.47972799816462,0.29132879996941036,1.069234525649436
1895,200,50,10,200,0,0.748294384877828,117955032.96448284,76693833.33333035,8695324.531229494,0.9999999999999988,0.11337710156483462,18.63252414724664,0.31054206912077736,1.149538135250473
1896,200,50,10,200,0,0.694373931665912,112304406.29781751,72367166.66666472,8695324.531229498,0.9999999999999994,0.1201556580387017,19.570024653990014,0.32616707756650026,1.1166655356633737
1897,200,50,10,200,0,0.7706642329627227,122202580.2978154,79946166.6666632,8695324.531229502,0.9999999999999997,0.10876474625087146,17.984890291545586,0.2997481715257598,1.1574242014891796
1898,200,50,10,200,0,0.6768436714568421,111894975.29781675,72053666.6666643,8695324.5312295,0.9999999999999996,0.12067844612899346,19.641632648386512,0.3273605441397752,1.1007469724998122
1899,200,50,10,200,0,0.7127075793013756,113817624.96448334,73525833.3333307,8695324.531229502,0.9999999999999997,0.11826216905028589,19.30983888203449,0.3218306480339082,1.1291479625755125
1900,200,45,10,300,0,0.6406267810995485,130416022.61339152,79412666.66666323,13042986.796844333,1.0000000000000053,0.16424315344543983,25.271434705305737,0.4211905784217623,1.1932118822776627
1901,200,45,10,300,0,0.6046847659558221,124858774.94672705,75157499.99999732,13042986.796844296,1.0000000000000024,0.17354205231473588,26.396222463388774,0.43993704105647957,1.1834554488640903
1902,200,45,10,300,0,0.6779379182108062,129728848.94672887,78886499.99999802,13042986.796844298,1.0000000000000024,0.16533864218649102,25.405297485938295,0.42342162476563827,1.2336304567256373
1903,200,45,10,300,0,0.6402415342785144,116292373.21817432,68616166.6666654,13031556.638122236,0.9991236548115808,0.18991962493954256,28.34063755683101,0.4723439592805168,1.2645211935106653
1904,200,45,10,300,0,0.6589175458224871,132604443.28005853,81088333.3333299,13042986.796844311,1.0000000000000036,0.16084911676786462,24.854370777299835,0.4142395129549972,1.201836352191776
1905,200,45,10,300,0,0.7175776822740741,126831088.40378374,76671833.3333304,13040348.497051448,0.9997977227276306,0.17008004021970627,25.985742466447814,0.43309570777413026,1.2867374222239694
1906,200,45,10,300,0,0.6484862335753274,116253508.457211,68575833.33333182,13038296.790572371,0.99964041930388,0.19012961500877607,28.35011212769611,0.47250186879493516,1.2730917943772835
1907,200,45,10,300,0,0.6830054449738828,127947464.94672608,77522499.99999678,13042986.796844337,1.0000000000000056,0.16824775770705122,25.759009773052426,0.42931682955087375,1.2469204806903975
1908,200,45,10,300,0,0.8650105865549486,118130698.28006104,70005833.33333138,13042986.796844305,1.000000000000003,0.1863128567406717,27.89960652045252,0.464993442007542,1.4790543139550278
1909,200,45,10,300,0,0.6523175427698596,118507131.55150624,70311999.99999778,13031556.638122238,0.999123654811581,0.1853390123751657,27.81098451081453,0.4635164085135755,1.2641051611835676
1910,200,50,10,300,0,0.7347287048795013,140408136.61339074,87064999.99999581,13042986.796844333,1.0000000000000053,0.14980746335318396,23.472998641630568,0.39121664402717615,1.2457913195892245
1911,200,50,10,300,0,0.6673341552679688,132684017.28005803,81150666.66666266,13042986.796844307,1.0000000000000033,0.16072556557569811,24.83946497522387,0.4139910829203978,1.2099056906489252
1912,200,50,10,300,0,0.664296499147067,126796351.61339273,76642499.99999702,13042986.796844328,1.0000000000000049,0.17017955829787437,25.992861451164064,0.43321435751940107,1.2336545033047677
1913,200,50,10,300,0,0.7382134967807584,122912742.94672683,73668833.3333308,13042986.79684432,1.0000000000000042,0.17704891209323848,26.814144091052256,0.44690240151753763,1.3267550279728868
1914,200,50,10,300,0,0.6900385022375682,135461443.9467253,83277333.3333301,13042986.796844311,1.0000000000000036,0.15662109093524632,24.330170297728277,0.4055028382954713,1.2208382132812365
1915,200,50,10,300,0,0.7760775226439736,137048886.94672415,84492833.33332908,13042986.79684432,1.0000000000000042,0.15436796568756297,24.048352915709536,0.40080588192849226,1.3003777771225162
1916,200,50,10,300,0,0.7224374143722752,128194642.28005958,77713166.66666357,13042986.796844319,1.0000000000000042,0.16783496743595364,25.70934277268665,0.4284890462114442,1.2851944345324822
1917,200,50,10,300,0,0.7567735919164624,136744806.61339122,84259999.9999959,13042986.796844337,1.0000000000000056,0.15479452642825742,24.10182939757251,0.4016971566262085,1.2823063696852768
1918,200,50,10,300,0,0.7182674619070633,125850589.94672579,75918333.33333036,13042986.796844346,1.0000000000000062,0.17180286004932746,26.188196665547263,0.43646994442578774,1.292179694372313
1919,200,50,10,300,0,0.7156954041202678,123404104.21817234,74062999.99999726,13031556.638122236,0.9991236548115808,0.17595231948641993,26.70737752913946,0.445122958818991,1.301580218528395
1920,200,45,10,400,0,0.6156235648919666,132328140.5956374,74055666.66666427,17390649.062459044,1.0000000000000022,0.23483211812455868,33.203821804058926,0.5533970300676487,1.3568862894592622
1921,200,45,10,400,0,0.5805463999561831,140993232.92896947,80690499.99999678,17390649.06245901,1.0000000000000002,0.2155228814105713,31.16319775583512,0.5193866292639187,1.2723513343485586
1922,200,45,10,400,0,0.6540690752078322,126349490.26230554,69477833.33333169,17390649.062459003,0.9999999999999999,0.2503049998554851,34.774972110123535,0.5795828685020589,1.4338959435942793
1923,200,45,10,400,0,0.6232832535895793,125355841.92897369,68716999.99999878,17390649.06245903,1.000000000000001,0.253076372112568,35.05062015769091,0.5841770026281818,1.4099213539078155
1924,200,45,10,400,0,0.6216905780471723,140847178.59563634,80578666.66666356,17390649.062459007,1.0,0.21582200080823308,31.195513064655216,0.5199252177442536,1.3142733964380122
1925,200,45,10,400,0,0.6626514640235239,123193658.06867571,67085333.33333161,17375408.8508296,0.9991236548115789,0.2590045839750872,35.66579699703881,0.5944299499506468,1.4642850811542405
1926,200,45,10,400,0,0.6515400224067996,126615160.40200868,69705166.66666467,17375408.850829575,0.9991236548115774,0.2492700280586098,34.702005558019216,0.5783667593003202,1.4293228041540078
1927,200,45,10,400,0,0.7215158467949367,137906937.2623036,78327333.33333074,17390649.06245898,0.9999999999999986,0.22202529209632516,31.860616204120653,0.5310102700686775,1.4301463505406744
1928,200,45,10,400,0,0.9208237022137564,120437881.26230659,64951333.33333248,17390649.06245898,0.9999999999999986,0.26774891553356683,36.481877246167784,0.6080312874361298,1.7430541220767397
1929,200,45,10,400,0,0.6747710113314862,138610871.26230335,78866333.33333048,17390649.062458977,0.9999999999999982,0.22050789389379843,31.69881236577249,0.5283135394295415,1.3794908658760665
1930,200,50,10,400,0,0.6646087338511316,138752697.9289693,78976333.33333004,17390649.062459044,1.0000000000000022,0.2202007655769421,31.66641128844419,0.5277735214740699,1.368542867786755
1931,200,50,10,400,0,0.6417175002352407,149271004.26230118,87030166.66666225,17390649.062459014,1.0000000000000004,0.19982323059391166,29.43505352371818,0.49058422539530305,1.2921603101056731
1932,200,50,10,400,0,0.7912659596793251,147132864.59563538,85392999.99999611,17390649.06245897,0.9999999999999979,0.20365426981672693,29.862804697478442,0.4977134116246407,1.4519027871573473
1933,200,50,10,400,0,0.7498950871190867,130954354.26230505,73005166.66666462,17390649.062458977,0.9999999999999982,0.23821120965127307,33.55214895106964,0.5592024825178273,1.4996665373579325
1934,200,50,10,400,0,0.7207793931152314,148495240.2623009,86436166.6666625,17390649.06245905,1.0000000000000027,0.20119644048451818,29.588827172095375,0.4931471195349229,1.374883665037769
1935,200,50,10,400,0,0.759728919901335,146330762.9289676,84778833.33332917,17390649.062459003,0.9999999999999997,0.20512961052534565,30.026495536914915,0.5004415922819152,1.4242742006035267
1936,200,50,10,400,0,0.6939055346303479,136099776.59563586,76944999.99999687,17390649.062459007,1.0,0.22601402381518895,32.283667981721656,0.5380611330286943,1.4127778867111933
1937,200,50,10,400,0,0.7270219554547792,154366145.59563398,90931499.99999508,17390649.06245899,0.9999999999999988,0.19124999656290645,28.463494913642982,0.47439158189404973,1.3544135345991541
1938,200,50,10,400,0,0.6733899049167335,138151720.2623028,78516166.66666365,17390649.06245898,0.9999999999999986,0.22149131574762287,31.804164230873702,0.530069403847895,1.3806523613627268
1939,200,50,10,400,0,0.6985995007113104,145590913.92896825,84212333.33332957,17390649.062458996,0.9999999999999992,0.20650952626645866,30.179081107655335,0.5029846851275889,1.3667918068520661
1940,200,45,10,500,0,0.6273716160874908,145409823.57788032,77251166.66666368,21738311.328073625,0.9999999999999928,0.2813978385837685,37.767737178077496,0.6294622863012916,1.4819521732557974
1941,200,45,10,500,0,0.7220514674361707,148625726.4302063,79733499.99999695,21725610.26364865,0.9994157290217514,0.2724778200336055,36.95053428437851,0.6158422380729752,1.5558759615360302
1942,200,45,10,500,0,0.6578629303903083,144763353.5778827,76756166.66666482,21738311.328073665,0.9999999999999947,0.28321257134268285,37.93639663815477,0.6322732773025794,1.516706264767034
1943,200,45,10,500,0,0.6351815484422351,131079738.57788318,66278666.66666527,21738311.328073665,0.9999999999999947,0.3279835340895128,41.89663528156151,0.6982772546926918,1.595845630406537
1944,200,45,10,500,0,0.649032282573456,150141026.24454686,80873833.33333017,21738311.328073718,0.9999999999999972,0.2687928892708342,36.57761064624042,0.609626844104007,1.4736934380941304
1945,200,45,10,500,0,0.7472822908553945,141987320.01038846,74631333.33333063,21737822.68280348,0.9999775214705998,0.29126938662229807,38.67810167554535,0.6446350279257558,1.6249328280789888
1946,200,45,10,500,0,0.6772764666816011,135443883.5858464,69650166.66666499,21719261.063536856,0.9991236548115712,0.3118335835071567,40.54668143444967,0.6757780239074944,1.602521357394821
1947,200,45,10,500,0,0.6993902799798951,141863091.2525107,74565333.33333063,21719261.06353689,0.9991236548115728,0.2912782668917327,38.711971884391076,0.645199531406518,1.5776124248997991
1948,200,45,10,500,0,0.8523013696708129,130050175.24455014,65490333.3333321,21738311.3280736,0.9999999999999917,0.3319316030570518,42.22831679905897,0.7038052799843162,1.8216519321007705
1949,200,45,10,500,0,0.6537860787729235,134956477.430208,69266999.99999808,21725610.263648618,0.9994157290217497,0.31365022685621174,40.693119030467095,0.678218650507785,1.5829249107656778
1950,200,50,10,500,0,0.7084250322524973,152267030.58584124,82532999.99999583,21719261.063536838,0.9991236548115704,0.2631585070643008,36.066901540474795,0.60111502567458,1.520066863578518
1951,200,50,10,500,0,0.7423466124222567,156031647.24454397,85385666.66666229,21738311.328073632,0.9999999999999931,0.2545897007859408,35.196705905391475,0.5866117650898579,1.5326301381408673
1952,200,50,10,500,0,0.7340468671905735,156639807.9112136,85851333.33332992,21738311.328073736,0.999999999999998,0.25320877945682774,35.06005320890623,0.5843342201484372,1.520948110904473
1953,200,50,10,500,0,0.7883286260373747,140693861.0968745,73661499.99999766,21725610.26364867,0.9994157290217521,0.2949384721143251,39.03368602712972,0.6505614337854954,1.67484083751433
1954,200,50,10,500,0,0.6764994012754153,158277531.91121113,87105333.33332895,21738311.328073647,0.9999999999999939,0.24956349394688512,34.697280995515726,0.5782880165919287,1.454438213024852
1955,200,50,10,500,0,0.773679679949536,150335528.24454522,81024166.66666304,21738311.32807359,0.9999999999999912,0.26829416731314193,36.53028704609793,0.6088381174349655,1.5971531312350151
1956,200,50,10,500,0,0.7591053290414669,146332202.9112139,77958833.33333036,21738311.328073665,0.9999999999999947,0.27884346646295577,37.52967488183113,0.6254945813638522,1.6076746835756837
1957,200,50,10,500,0,0.7321222504408034,161560162.91121045,89618833.33332835,21738311.32807362,0.9999999999999927,0.24256409640170312,33.99229055629363,0.5665381759382272,1.492711703500393
1958,200,50,10,500,0,0.7034344650038277,141608183.2445455,74341666.66666357,21738311.328073595,0.9999999999999915,0.29241086866595,38.78165706367492,0.6463609510612487,1.5837241109978364
1959,200,50,10,500,0,0.7226441291256795,151103108.01038876,81612666.66666351,21737822.68280356,0.9999775214706034,0.26635354008941914,36.34471899560414,0.6057453165934024,1.5414722777906174
1960,200,45,10,600,0,0.6780134099479246,154275085.56012172,77218166.66666329,26085973.59368824,0.9999999999999888,0.33782171631057517,42.7146092713196,0.7119101545219934,1.660180937518378
1961,200,45,10,600,0,0.6424885405979337,160326611.76967943,81887666.66666321,26063113.276244164,0.9991236548115691,0.31827886099549296,41.10234681106288,0.6850391135177146,1.5821507429120427
1962,200,45,10,600,0,0.707349793276487,149867117.89345917,73842999.999998,26085973.593688264,0.9999999999999898,0.3532626463400589,43.9709530190919,0.732849216984865,1.7228091273333992
1963,200,45,10,600,0,0.6147308052513291,143728047.22679353,69142333.33333154,26085973.59368824,0.9999999999999888,0.37727933577146056,45.84908879755197,0.7641514799591995,1.680705753827697
1964,200,45,10,600,0,0.6961324958805852,148808822.5601236,73032666.66666427,26085973.5936883,0.9999999999999913,0.35718226903516914,44.283664682162964,0.7380610780360494,1.7199393891447698
1965,200,45,10,600,0,0.6842475108112841,147321941.5601245,71894166.66666436,26085973.59368823,0.9999999999999886,0.36283852784100334,44.730607879686374,0.7455101313281063,1.720028464412193
1966,200,45,10,600,0,0.6770444448877057,147374616.8934595,71934499.99999826,26085973.59368831,0.9999999999999916,0.3626350859975247,44.71462005403494,0.745243667567249,1.7123961812529744
1967,200,45,10,600,0,0.7162694171229973,154184100.89345804,77148499.99999751,26085973.593688272,0.9999999999999902,0.3381267762003035,42.73981533643072,0.7123302556071788,1.6991010936904187
1968,200,45,10,600,0,0.9102026826228233,141223574.56012875,67224666.66666555,26085973.593688406,0.9999999999999953,0.3880416949188617,46.66218101705294,0.7777030169508823,1.998339055508795
1969,200,45,10,600,0,0.76662447110872,150159226.56012365,74066666.66666411,26085973.593688283,0.9999999999999906,0.3521958631011141,43.88541517534687,0.7314235862557812,1.7798047478453924
1970,200,50,10,600,0,0.7260801288003353,162710882.89345393,83678833.33332917,26085973.593688212,0.9999999999999878,0.3117392123498715,40.50005680514389,0.6750009467523982,1.6504724454326307
1971,200,50,10,600,0,0.6748427339501961,158903892.89345482,80763833.33332959,26085973.593688212,0.9999999999999878,0.32299078086135197,41.470349656055724,0.6911724942675954,1.624407852906873
1972,200,50,10,600,0,0.7132066471288658,157081805.22679088,79368666.66666386,26085973.593688242,0.999999999999989,0.3286684114682851,41.951389535444974,0.6991898255907496,1.6753312018942434
1973,200,50,10,600,0,0.7515509486247047,154196633.5601253,77159499.99999753,26085973.593688328,0.9999999999999923,0.33807857222622184,42.736341565008715,0.7122723594168119,1.7342861658224942
1974,200,50,10,600,0,0.6764944733514137,163347775.56012207,84166499.99999648,26085973.59368822,0.9999999999999882,0.30993297325764185,40.34214716058099,0.6723691193430166,1.5968099713005437
1975,200,50,10,600,0,0.7449272315806412,158961356.89345518,80807833.3333296,26085973.59368828,0.9999999999999903,0.3228149118425748,41.455358263057946,0.6909226377176324,1.6941017987723335
1976,200,50,10,600,0,0.7254330581254989,153878187.22679105,76915666.66666406,26085973.593688294,0.999999999999991,0.3391503281995758,42.824783153233554,0.7137463858872259,1.7104997065723855
1977,200,50,10,600,0,0.7516417389812236,167578562.56012255,87405999.99999605,26085973.593688212,0.9999999999999878,0.29844602880453736,39.32364557450934,0.655394092908489,1.6457926549333424
1978,200,50,10,600,0,0.6887171972673626,145095772.5601259,70190999.99999811,26085973.593688298,0.9999999999999911,0.37164271193869586,45.4168986713191,0.7569483111886517,1.742979678006971
1979,200,50,10,600,0,0.6848228290471117,155135212.22678962,77878166.66666351,26085973.593688242,0.999999999999989,0.33495875301407924,42.47778376946737,0.7079630628244562,1.6607528942828313
1980,200,45,10,700,0,0.6372612150408181,160798843.95349836,75591999.99999747,30306340.631288186,0.9958172849079352,0.4009199469691132,47.81004521539499,0.7968340869232499,1.7548312595393587
1981,200,45,10,700,0,0.6203934509640944,164293258.67773524,78250333.3333304,30317385.72201739,0.9961802087064674,0.3874409785945772,46.79315549446728,0.779885924907788,1.710232158747544
1982,200,45,10,700,0,0.6717182722949673,161038277.28683254,75775333.33333094,30306340.631288238,0.9958172849079369,0.39994994806519085,47.738960758422124,0.7956493459737021,1.787327576720822
1983,200,45,10,700,0,0.6380070254818048,166607496.62016487,80039666.66666354,30306340.6312882,0.9958172849079358,0.37864151480669234,46.14318176526475,0.7690530294210791,1.709973266748238
1984,200,45,10,700,0,0.6438547558320076,162103518.0110681,76596666.6666637,30302719.055350777,0.9956982857862348,0.3956140700903253,47.42525081704329,0.7904208469507216,1.7507668588549894
1985,200,45,10,700,0,0.6681417406254039,157566493.95349824,73116999.9999972,30306340.63128823,0.9958172849079368,0.41449102987389247,48.79082987191972,0.8131804978653286,1.8129150623898465
1986,200,45,10,700,0,0.6948481944428377,156268308.78683412,72068333.33333129,30341173.964621603,0.9969618518434948,0.42100562842611133,49.1961553796998,0.8199359229949967,1.8515886201787235
1987,200,45,10,700,0,0.6562423533153539,156970304.95349836,72660499.99999736,30306340.631288312,0.9958172849079394,0.4170951291456763,48.97614234920083,0.8162690391533471,1.8061874957852422
1988,200,45,10,700,0,0.6421116056925921,154176117.95350152,70520999.99999818,30306340.63128831,0.9958172849079393,0.4297491616864351,49.8637538812502,0.8310625646875033,1.8169734997292435
1989,200,45,10,700,0,0.7120353907983387,158576446.12016466,73835666.66666383,30341173.964621603,0.9969618518434948,0.41092842164747984,48.48008760503061,0.8080014600838435,1.8487795882001659
1990,200,50,10,700,0,0.6543628357649356,177191010.95349443,88144833.33332877,30306340.631288197,0.9958172849079355,0.3438243568591439,43.38707679712793,0.7231179466187989,1.6525402678710497
1991,200,50,10,700,0,0.6606053899352229,170238949.34439918,82804333.33332913,30317385.722017586,0.996180208706474,0.36613283993211865,45.15887832723473,0.7526479721205789,1.7061596340014966
1992,200,50,10,700,0,0.711880541628378,170438990.95349717,82974833.33332981,30306340.631288223,0.9958172849079364,0.3652473818120294,45.105876049791625,0.7517646008298604,1.755843047907862
1993,200,50,10,700,0,0.654194124480732,163584436.69798163,77768166.66666384,30279670.260936756,0.9949409397195151,0.3893581597560851,46.99591327378918,0.7832652212298197,1.7489458735154197
1994,200,50,10,700,0,0.6485937597648228,167733156.67773303,80908666.66666286,30302719.055350825,0.9956982857862364,0.37452995215204293,45.83351409030373,0.7638919015050621,1.7121096229915191
1995,200,50,10,700,0,0.7566759406972879,170597016.95349455,83095833.3333291,30306340.631288223,0.9958172849079364,0.364715526826934,45.064093952450094,0.7510682325408349,1.79951659469967
1996,200,50,10,700,0,0.7218489943827575,163724823.7868302,77779166.66666357,30341173.964621596,0.9969618518434945,0.39009384215511184,46.95561627239569,0.7825936045399281,1.8165176726467753
1997,200,50,10,700,0,0.7569043938619167,169790126.62016442,82477999.99999677,30306340.631288156,0.9958172849079342,0.36744756942808193,45.27825117415862,0.7546375195693104,1.8054999689736926
1998,200,50,10,700,0,0.7075757400351592,166169894.62016624,79705999.99999747,30306340.631288223,0.9958172849079364,0.38022659061161246,46.26469805239327,0.7710783008732212,1.7828353133976704
1999,200,50,10,700,0,0.7936567505356013,173951021.4534963,85609333.33332947,30341173.964621738,0.9969618518434992,0.35441432357012986,44.19519894601619,0.7365866491002698,1.8137748584919748
2000,200,45,10,800,0,0.626198432247215,170477515.8691219,76657166.66666357,34351027.917261355,0.9876292654140932,0.44811241285023684,51.536414964803846,0.8589402494133974,1.8436286119408019
2001,200,45,10,800,0,0.6382858715263229,172639539.25074562,78369499.99999681,34314774.158496514,0.9865869305755648,0.4378587863709468,50.89100699718216,0.848183449953036,1.8367563505761164
2002,200,45,10,800,0,0.6533355582083027,172544027.2563827,78191666.66666436,34381508.34052005,0.9885056106025109,0.43970808918922805,50.91917778727399,0.8486529631212332,1.8537549926809183
2003,200,45,10,800,0,0.6373290730101556,174593576.58971462,79760999.99999735,34381508.34052009,0.9885056106025121,0.4310566359564353,50.32143891894804,0.838690648649134,1.820865030424438
2004,200,45,10,800,0,0.661402406371179,173433917.08407873,78882833.33333005,34375274.15849652,0.9883263711157863,0.43577636230736244,50.65791136886303,0.8442985228143839,1.8543220190314527
2005,200,45,10,800,0,0.7193181768003332,169610968.92304543,75945833.33333007,34381508.34052019,0.9885056106025147,0.45271092345011243,51.79971587796439,0.8633285979660731,1.9448155135264962
2006,200,45,10,800,0,0.6788581180635966,156408158.4230534,65781833.333331995,34416341.67385333,0.9895071066711216,0.5231891531428996,56.172261655534186,0.9362043609255698,2.033613801503486
2007,200,45,10,800,0,0.9450524067738517,160160535.25638363,68709666.66666456,34381508.34052016,0.9885056106025141,0.5003882278648984,54.856210276369055,0.9142701712728176,2.259633160338588
2008,200,45,10,800,0,0.9470098573541176,159095056.92305258,67893833.3333318,34381508.340520166,0.9885056106025142,0.5064010478200662,55.2235887771756,0.92039314628626,2.2725238418964304
2009,200,45,10,800,0,0.700523222177922,169746989.42304778,75995333.33333066,34416341.67385346,0.9895071066711253,0.45287440904952064,51.758208082876834,0.8626368013812805,1.925459550798819
2010,200,50,10,800,0,0.6756709320780039,188026347.5897094,90047833.33332852,34381508.340520054,0.988505610602511,0.3818138323578605,46.726430165901085,0.7787738360983514,1.7598958340626436
2011,200,50,10,800,0,0.6818094625033116,180136757.9174093,84111499.99999562,34314774.158496544,0.9865869305755657,0.40796768763484575,48.77294396531879,0.8128823994219798,1.821066012033168
2012,200,50,10,800,0,0.6527995357033007,169791104.92304558,76085166.66666348,34381508.34052009,0.9885056106025121,0.4518818824587561,51.744760150904185,0.8624126691817364,1.876717710852042
2013,200,50,10,800,0,0.7164006594167438,170435180.58971462,76578333.33333068,34381508.3405202,0.9885056106025152,0.44897175015371704,51.54921636249437,0.8591536060415729,1.9347316655812903
2014,200,50,10,800,0,0.6569564819244527,172524631.4174119,78187999.99999656,34375274.158496484,0.988326371115785,0.4396489762942906,50.924902304201076,0.8487483717366846,1.8574240346965698
2015,200,50,10,800,0,0.7792363121925509,181211873.20245388,84877833.33332947,34351027.917261325,0.9876292654140923,0.4047114136662641,48.483578061048526,0.8080596343508087,1.9110650774763709
2016,200,50,10,800,0,0.7178018087505502,161190203.08971688,69444833.33333123,34416341.6738534,0.9895071066711235,0.49559254478525316,54.50579397254007,0.9084298995423344,2.022705744121087
2017,200,50,10,800,0,0.735598124088616,179694067.58971027,83667833.33332936,34381508.340520315,0.9885056106025185,0.4109286325551868,48.89309991056765,0.8148849985094608,1.8792260286422262
2018,200,50,10,800,0,0.6894658919084337,168309012.5897138,74950333.33333045,34381508.34052015,0.9885056106025139,0.458723888359689,52.200413185342065,0.8700068864223678,1.9264518890185527
2019,200,50,10,800,0,0.7328175012255891,181779075.42304152,85209666.66666198,34416341.67385355,0.9895071066711277,0.4039018461190488,48.33229556016517,0.8055382593360861,1.8614772374569144
2020,200,45,10,900,0,0.6157547723542315,186816801.04026324,82780499.99999672,38422385.57358579,0.9819424076209816,0.4641477832773095,52.906376433829514,0.8817729405638253,1.8688459395399044
2021,200,45,10,900,0,0.6429533815601208,184577273.47142592,81174499.99999665,38353038.785476,0.9801701451479266,0.47247644008250844,53.54830426363457,0.8924717377272429,1.9134062713533706
2022,200,45,10,900,0,0.6881763022157531,180582782.55926684,77953333.33333142,38456676.049751826,0.9828187528093992,0.49332946270956257,54.732792683356514,0.9122132113892752,1.9950530837726785
2023,200,45,10,900,0,0.5915794601185039,161220583.0257251,65019166.666665144,37251123.16206179,0.9520090181356993,0.5729252629926457,61.3060678388869,0.97846741143504,2.0283870819476606
2024,200,45,10,900,0,0.6092140703546653,183326936.9904242,80186333.33333005,38372662.59497557,0.9806716613983895,0.47854367446211293,53.913517360060766,0.8985586226676794,1.8906076325920351
2025,200,45,10,900,0,0.7259588877438875,174925839.15709454,73721999.9999976,38392829.261641994,0.9811870511880784,0.5207784550289363,56.5028016879983,0.9417133614666383,2.084295013233675
2026,200,45,10,900,0,0.6138856573259379,167868318.59071556,68185333.33333196,38477439.364269555,0.9833493908409364,0.5643066841980239,58.8782927176269,0.981304878627115,2.046635883311472
2027,200,45,10,900,0,0.6815717070964803,180168562.8925951,77636166.66666345,38456676.04975207,0.9828187528094056,0.495344859244128,54.85862706188141,0.9143104510313568,1.9921580455231394
2028,200,45,10,900,0,0.6847483702891334,180779117.8925978,78103666.66666427,38456676.049752,0.9828187528094036,0.4923799059764993,54.67335008168387,0.9112225013613978,1.9898747964317307
2029,200,45,10,900,0,0.7336834153288676,179886031.55926213,77419833.33333026,38456676.0497521,0.9828187528094063,0.4967289955814978,54.944788732769695,0.9157464788794949,2.0468130906735604
2030,200,50,10,900,0,0.6611434894063143,193053031.55925828,87503166.6666624,38456676.049752034,0.9828187528094047,0.43948896382516345,51.19733122122008,0.8532888536870014,1.8660235141534465
2031,200,50,10,900,0,0.632167026514574,195582190.47142336,89602333.33332908,38353038.78547579,0.9801701451479213,0.4280361610986054,50.535276121902974,0.8422546020317162,1.8168505574251745
2032,200,50,10,900,0,0.7505686982085731,191352229.37359446,86254666.66666271,38422385.573585875,0.9819424076209835,0.4454528323907611,51.65239010987927,0.8608731684979879,1.96780413261917
2033,200,50,10,900,0,0.7644055047283993,183126125.559264,79902166.66666415,38456676.04975198,0.9828187528094033,0.48129703678982244,53.972637545926595,0.8995439590987766,2.0489870932590337
2034,200,50,10,900,0,0.6980571142596873,188901505.99042264,84456166.66666305,38372662.594975494,0.9806716613983876,0.4543500387180388,52.32250504398367,0.8720417507330611,1.9335788959671796
2035,200,50,10,900,0,0.7958393882037369,184436692.15708873,81005833.33332953,38392829.26164213,0.9811870511880818,0.4739514141365613,53.589119845967275,0.893151997432788,2.0681525169457737
2036,200,50,10,900,0,0.7173743011377335,184820857.05925998,81145166.66666313,38491509.38308531,0.9837089715370584,0.47435369183730797,53.4777305833557,0.891295509722595,1.9881527643301748
2037,200,50,10,900,0,0.7517006526099901,190869399.5592604,85831166.66666308,38456676.04975196,0.9828187528094028,0.4480502542753922,51.78305177688431,0.8630508629480718,1.9731917189783756
2038,200,50,10,900,0,0.7273492186575974,182623315.55926248,79517166.66666381,38456676.04975186,0.9828187528094002,0.483627343149214,54.12123840667344,0.9020206401112241,2.0162717332881925
2039,200,50,10,900,0,0.7341078434817684,189636317.89259267,84886999.99999629,38456676.04975207,0.9828187528094056,0.4530337513371158,52.11976329132295,0.8686627215220492,1.9651975660735101
2040,200,50,8,900,0,0.6611434894063143,192576559.22592407,87138333.33332884,38456676.04975214,0.9828187528094072,0.4413290291271058,51.324003501405755,0.8554000583567626,1.8696067710647615
2041,200,50,8,900,0,0.632167026514574,195589373.47142234,89607833.33332875,38353038.78547583,0.9801701451479221,0.4280098888543351,50.533420218988155,0.8422236703164693,1.8167986079145115
2042,200,50,8,900,0,0.7505686982085731,191359412.37359482,86260166.66666283,38422385.573585875,0.9819424076209835,0.4454244300508065,51.65045124983797,0.8608408541639662,1.9677490964131845
2043,200,50,8,900,0,0.7644055047283993,178622384.55926445,76453666.66666417,38456676.049752,0.9828187528094037,0.5030063007628139,55.333490393085036,0.9222248398847506,2.089035385223401
2044,200,50,8,900,0,0.6980571142596873,186349146.65708894,82501833.33332963,38372662.59497547,0.980671661398387,0.46511284712837325,53.03914816517894,0.8839858027529824,1.9541331947153684
2045,200,50,8,900,0,0.7958393882037369,183431072.15708894,80235833.3333296,38392829.26164217,0.9811870511880831,0.4784997882697128,53.882910260348865,0.8980485043391477,2.076687723158655
2046,200,50,8,900,0,0.7173743011377335,184849589.05925998,81167166.66666313,38491509.38308531,0.9837089715370584,0.4742251203761002,53.46941830003963,0.8911569716673271,1.987911369105941
2047,200,50,8,900,0,0.7517006526099901,190845456.22592708,85812833.33332974,38456676.04975196,0.9828187528094027,0.4481459771916816,51.78954844122324,0.863159140687054,1.9733765750503893
2048,200,50,8,900,0,0.7273492186575974,182280925.89259562,79254999.99999706,38456676.04975198,0.9828187528094032,0.48522712825378084,54.22289771461758,0.903714961910293,2.0192458831709152
2049,200,50,8,900,0,0.7341078434817684,189207732.22592574,84558833.33332957,38456676.04975205,0.982818752809405,0.4547919422936743,52.23782286126727,0.8706303810211211,1.968571778337829
2050,200,50,6,900,0,0.6597276138538609,192442476.55925682,87035666.66666204,38456676.04975223,0.9828187528094096,0.4418496177783928,51.35976306642772,0.8559960511071286,1.8692033591837038
2051,200,50,6,900,0,0.632167026514574,195254166.80475548,89351166.66666207,38353038.78547588,0.9801701451479236,0.4292393733207497,50.62017452300166,0.843669575383361,1.8192281005545348
2052,200,50,6,900,0,0.7505686982085731,191407299.04026133,86296833.33332947,38422385.573585875,0.9819424076209835,0.44523517363813186,51.63752923508421,0.8606254872514035,1.9673823243704822
2053,200,50,6,900,0,0.7644055047283993,178572103.55926454,76415166.6666642,38456676.049752,0.9828187528094036,0.5032597287591675,55.34907078428274,0.9224845130713789,2.0894978008071123
2054,200,50,6,900,0,0.6980571142596873,186318020.32375556,82477999.99999629,38372662.59497547,0.980671661398387,0.4652472489024612,53.04800889804117,0.8841334816340195,1.954388395015676
2055,200,50,6,900,0,0.7958393882037369,183488536.15708885,80279833.33332957,38392829.26164217,0.9811870511880831,0.4782375307411447,53.86603548647991,0.8977672581079985,2.0761966709046513
2056,200,50,6,900,0,0.7173743011377335,184895081.39259294,81201999.99999636,38491509.38308531,0.9837089715370584,0.4740216913756685,53.45626246819108,0.8909377078031846,1.987529362041453
2057,200,50,6,900,0,0.7517006526099901,190778414.89259297,85761499.9999962,38456676.04975204,0.9828187528094048,0.4484142190814496,51.80774777673101,0.8634624629455169,1.9738944908206668
2058,200,50,6,900,0,0.7273492186575974,182264165.55926234,79242166.66666374,38456676.04975198,0.9828187528094032,0.48530571118180005,54.22788385019286,0.903798064169881,2.0193918517729186
2059,200,50,6,900,0,0.7341078434817684,188980270.55925858,84384666.66666277,38456676.04975213,0.9828187528094071,0.4557306151562358,52.3006976905599,0.871678294842665,1.970370630449422
2060,200,50,8,800,0,0.6756709320780039,188088600.25637606,90095499.99999517,34381508.340520054,0.9885056106025111,0.3816118267895944,46.710964875194065,0.7785160812532345,1.7594764747629137
2061,200,50,8,800,0,0.6818094625033116,179571695.25074163,83678833.33332871,34314774.15849655,0.986586930575566,0.41007711020307946,48.92641898675685,0.8154403164459475,1.8253114671117228
2062,200,50,8,800,0,0.6527995357033007,169824625.5897125,76110833.33333023,34381508.3405201,0.9885056106025123,0.4517294954575652,51.7345465623227,0.8622424427053783,1.8764255747747312
2063,200,50,8,800,0,0.7164006594167438,170528559.58971447,76649833.33333066,34381508.3405202,0.9885056106025154,0.44855294323999056,51.520988748971526,0.8586831458161921,1.9339261598249284
2064,200,50,8,800,0,0.6569564819244527,172591672.75074545,78239333.33332996,34375274.158496484,0.988326371115785,0.4393605197534654,50.90512108708937,0.8484186847848229,1.8568635825120476
2065,200,50,8,800,0,0.7792363121925509,181264548.53578737,84918166.66666289,34351027.917261325,0.9876292654140923,0.40451918906943185,48.46948877190624,0.807824812865104,1.9106764763132003
2066,200,50,8,800,0,0.7178018087505502,161178231.42305005,69435666.66666451,34416341.67385343,0.9895071066711244,0.4956579712710734,54.50984244230605,0.9084973740384342,2.022825559805843
2067,200,50,8,800,0,0.7251695434903878,180596731.25637674,84358999.99999586,34381508.34052021,0.9885056106025155,0.4075618290937766,48.6487210420636,0.8108120173677267,1.8620310241331357
2068,200,50,8,800,0,0.6894658919084337,168378448.25638074,75003499.99999717,34381508.340520166,0.9885056106025143,0.45839871926672043,52.17888685268282,0.8696481142113803,1.9258329815331903
2069,200,50,8,800,0,0.7328175012255891,181728794.42304146,85171166.66666201,34416341.67385355,0.9895071066711277,0.4040844222382234,48.345668213413546,0.8057611368902258,1.8618461759063936
2070,200,50,6,800,0,0.6928740637096247,181310242.58970946,84905333.33332911,34381508.34052004,0.9885056106025106,0.40493932466576604,48.45727342542672,0.807621223757112,1.8244467471993495
2071,200,50,6,800,0,0.6818094625033116,179535780.25074178,83651333.33332877,34314774.15849655,0.9865869305755659,0.41021192121064126,48.93620640815802,0.815603440135967,1.8255824396077918
2072,200,50,6,800,0,0.6527995357033007,169848568.92304605,76129166.66666363,34381508.3405201,0.9885056106025124,0.4516207105098327,51.727253610129715,0.8621208935021619,1.8762169976133287
2073,200,50,6,800,0,0.7164006594167438,170526165.25638112,76647999.99999733,34381508.34052021,0.9885056106025155,0.44856367211827325,51.52171214775636,0.858695202462606,1.9339467995739683
2074,200,50,6,800,0,0.6569564819244527,172582095.41741222,78231999.99999665,34375274.158496484,0.988326371115785,0.4394017046540796,50.907946034322975,0.8484657672387163,1.8569436128864325
2075,200,50,6,800,0,0.7755243265930469,180268707.58971035,84107833.33332944,34381508.340520106,0.9885056106025125,0.4087789089068799,48.73724407009333,0.8122874011682222,1.914834854886773
2076,200,50,6,800,0,0.7178018087505502,161259638.75638372,69497999.99999794,34416341.673853435,0.9895071066711245,0.49521341152053944,54.48232470167431,0.9080387450279052,2.022011282994887
2077,200,50,6,800,0,0.7251695434903878,180036457.25637615,83929999.9999957,34381508.34052019,0.9885056106025147,0.4096450415884898,48.80011600921926,0.813335266820321,1.8662208435815004
2078,200,50,6,800,0,0.6894658919084337,168347321.92304692,74979666.66666369,34381508.34052025,0.9885056106025167,0.45854442769624143,52.188534392106746,0.8698089065351124,1.9261103406005393
2079,200,50,6,800,0,0.7328175012255891,181695273.75637442,85145499.99999523,34416341.67385357,0.9895071066711284,0.40420623137870465,48.3545874274111,0.8059097904568516,1.8620922767854045
2080,200,50,8,700,0,0.6543628357649356,177253263.62016118,88192499.99999544,30306340.631288197,0.9958172849079355,0.34363852517265936,43.37183893253615,0.7228639822089359,1.652137638111999
2081,200,50,8,700,0,0.6606053899352229,170246132.3443993,82809833.33332917,30317385.722017586,0.996180208706474,0.3661085224019584,45.15697299042289,0.7526162165070481,1.7061084243638378
2082,200,50,8,700,0,0.711880541628378,170486877.6201638,83011499.99999647,30306340.631288223,0.9958172849079364,0.36508604990018867,45.093206628653455,0.751553443810891,1.7555028253594198
2083,200,50,8,700,0,0.654194124480732,163637112.031315,77808499.9999972,30279670.260936752,0.994940939719515,0.3891563294619205,46.98078513221864,0.7830130855369773,1.7485322735872457
2084,200,50,8,700,0,0.6485937597648228,167800198.01106665,80959999.99999627,30302719.05535082,0.9956982857862362,0.37429247845049674,45.81520219358132,0.7635867032263554,1.7116144457515756
2085,200,50,8,700,0,0.7566759406972879,170666452.62016138,83148999.99999586,30306340.631288223,0.9958172849079364,0.36448232247278656,45.045759620434126,0.7507626603405687,1.7990244590160858
2086,200,50,8,700,0,0.7218489943827575,163763133.12016356,77808499.99999693,30341173.964621596,0.9969618518434945,0.3899467791388189,46.944631880967776,0.7824105313494629,1.8162169490432756
2087,200,50,8,700,0,0.7569043938619167,169723085.28683046,82426666.66666321,30306340.631288156,0.9958172849079342,0.3676764068823531,45.29613627402359,0.7549356045670598,1.8059811239348589
2088,200,50,8,700,0,0.6887579399691893,161065175.9534979,75797333.33333059,30306340.631288297,0.995817284907939,0.39983386352144396,47.73098812011103,0.7955164686685171,1.8041414994548615
2089,200,50,8,700,0,0.7936567505356013,173903134.7868297,85572666.66666283,30341173.964621738,0.9969618518434992,0.3545661850507923,44.207368713759514,0.7367894785626585,1.8140991771388937
2090,200,50,6,700,0,0.6543628357649356,177272418.2868276,88207166.66666208,30306340.631288223,0.9958172849079364,0.3435813865988568,43.36715251191025,0.7227858751985041,1.6520138202425252
2091,200,50,6,700,0,0.6606053899352229,168852630.34439918,81742833.33332925,30317385.722017553,0.9961802087064727,0.3708873853000659,45.529643123234905,0.7588273853872484,1.716142683562524
2092,200,50,6,700,0,0.711880541628378,168822815.9534968,81737333.33332983,30306340.631288223,0.9958172849079364,0.37077721275414155,45.53768373415621,0.7589613955692702,1.7674637074009614
2093,200,50,6,700,0,0.654194124480732,162681773.0313152,77076999.99999729,30279670.260936726,0.9949409397195141,0.39284962129997003,47.256676988147575,0.7876112831357929,1.756085104656501
2094,200,50,6,700,0,0.6485937597648228,167807381.01106647,80965499.99999622,30302719.055350807,0.9956982857862358,0.3742670526996341,45.813241072471115,0.7635540178745186,1.7115614197990487
2095,200,50,6,700,0,0.7566759406972879,169260978.95349452,82072833.33332922,30306340.63128828,0.9958172849079383,0.369261537593111,45.41980111146746,0.7569966851911243,1.809081855962901
2096,200,50,6,700,0,0.7218489943827575,163811019.78683078,77845166.66666374,30341173.964621596,0.9969618518434945,0.3897631062252557,46.93090861655232,0.7821818102758721,1.815841289638834
2097,200,50,6,700,0,0.7306250813625524,165106810.6201618,78891999.99999627,30306340.631288297,0.995817284907939,0.3841497316748178,46.56258558398447,0.7760430930664078,1.8139879597688147
2098,200,50,6,700,0,0.6887579399691893,161144188.95349795,75857833.33333062,30306340.631288297,0.995817284907939,0.39951497821085563,47.70758443060271,0.7951264071767118,1.8034963297145854
2099,200,50,6,700,0,0.7936567505356013,173883980.12016308,85557999.99999616,30341173.964621734,0.996961851843499,0.3546269660887713,44.21223849768864,0.736870641628144,1.8142289650347623
2100,200,50,8,600,0,0.7260801288003353,161937513.2267877,83086666.6666627,26085973.593688227,0.9999999999999885,0.3139610077070866,40.69347409806905,0.6782245683011509,1.6554735032671557
2101,200,50,8,600,0,0.7014874604598839,163541716.5601209,84314999.99999583,26085973.59368827,0.99999999999999,0.3093871030503417,40.29430617831059,0.6715717696385098,1.620568912538667
2102,200,50,8,600,0,0.7132066471288658,155946891.22679055,78499666.66666377,26085973.593688242,0.999999999999989,0.33230680716719657,42.256693597159185,0.7042782266193197,1.683330319481943
2103,200,50,8,600,0,0.7515509486247047,154246914.56012523,77197999.99999756,26085973.593688328,0.9999999999999923,0.3379099664976963,42.72241048576246,0.7120401747627076,1.7339190965855693
2104,200,50,8,600,0,0.6764944733514137,163180172.2267886,84038166.66666308,26085973.59368822,0.9999999999999882,0.3104062669186739,40.383582821823865,0.6730597136970644,1.5978792005834173
2105,200,50,8,600,0,0.7449272315806412,159052341.56012186,80877499.9999963,26085973.59368828,0.9999999999999903,0.32253684391443194,41.43164404473135,0.6905274007455225,1.6934841074577092
2106,200,50,8,600,0,0.7254330581254989,153887764.56012446,76922999.99999742,26085973.593688294,0.999999999999991,0.33911799583595503,42.82211791714827,0.7137019652858044,1.7104294200800672
2107,200,50,8,600,0,0.7387049723598957,166750123.2267888,86771666.66666256,26085973.5936882,0.9999999999999875,0.3006277808849598,39.51901127555709,0.6586501879259515,1.637857384993815
2108,200,50,8,600,0,0.6818943120251415,148811777.89345792,73036333.3333311,26085973.5936883,0.9999999999999913,0.35716433729818176,44.282785228988935,0.738046420483149,1.7056722023468358
2109,200,50,8,600,0,0.6848228290471117,155084931.2267896,77839666.66666354,26085973.593688242,0.999999999999989,0.33512442576864354,42.49155574221042,0.708192595703507,1.6611149653655337
2110,200,50,6,600,0,0.7260801288003353,160953442.22678766,82333166.66666272,26085973.593688216,0.999999999999988,0.3168343287377845,40.94227441693852,0.6823712402823087,1.6619188320728715
2111,200,50,6,600,0,0.6773248544414805,158192775.89345327,80219333.33332911,26085973.593688197,0.9999999999999872,0.3251831261834998,41.65676948761802,0.6942794914603003,1.6317508468485806
2112,200,50,6,600,0,0.7132066471288658,154256491.89345655,77205333.33333033,26085973.593688227,0.9999999999999885,0.3378778701862899,42.71975797654928,0.7119959662758214,1.6955049095537191
2113,200,50,6,600,0,0.7515509486247047,151993846.8934566,75472833.33333042,26085973.593688257,0.9999999999999896,0.3456339512057,43.35570244905548,0.7225950408175913,1.750653150406856
2114,200,50,6,600,0,0.6764944733514137,163170594.8934553,84030833.33332974,26085973.59368822,0.9999999999999882,0.3104333559350953,40.38595314494569,0.6730992190824281,1.597940377181918
2115,200,50,6,600,0,0.7449272315806412,158305309.5601211,80305499.99999611,26085973.593688216,0.999999999999988,0.32483420928441364,41.62715715796841,0.6937859526328068,1.6985805516409789
2116,200,50,6,600,0,0.7254330581254989,153830300.56012404,76878999.99999732,26085973.593688272,0.9999999999999902,0.3393120825412555,42.83811431171455,0.7139685718619091,1.7108512960204123
2117,200,50,6,600,0,0.7387049723598957,166733362.89345554,86758833.33332926,26085973.5936882,0.9999999999999875,0.3006722496309435,39.52298379665595,0.6587163966109325,1.6379591686755832
2118,200,50,6,600,0,0.6818943120251415,148811777.89345807,73036333.33333114,26085973.5936883,0.9999999999999913,0.35716433729818153,44.282785228988885,0.7380464204831481,1.7056722023468347
2119,200,50,6,600,0,0.6848228290471117,155063382.22678956,77823166.66666354,26085973.59368824,0.9999999999999888,0.3351954785574469,42.49746075035316,0.708291012505886,1.6612702243989552
2120,200,50,8,500,0,0.7084250322524973,152329283.25250793,82580666.6666625,21719261.063536838,0.9991236548115704,0.26300660844997537,36.05216201862214,0.6008693669770356,1.5196996859895133
2121,200,50,8,500,0,0.7423466124222567,156113054.57787713,85447999.99999553,21738311.328073632,0.9999999999999931,0.254403980527043,35.17835209137113,0.5863058681895189,1.5321756650334102
2122,200,50,8,500,0,0.7340468671905735,155588695.5778804,85046499.99999668,21738311.328073736,0.999999999999998,0.25560500817875614,35.29690881206123,0.5882818135343538,1.5268126872679324
2123,200,50,8,500,0,0.7883286260373747,138131924.43020737,71699833.33333111,21725610.26364865,0.9994157290217514,0.3030078209895791,39.75764489384777,0.6626274148974628,1.6933622977265008
2124,200,50,8,500,0,0.661372098359763,155157715.57787833,84716499.99999595,21738311.328073695,0.999999999999996,0.2566006778853557,35.39495267474147,0.5899158779123578,1.4565685185804051
2125,200,50,8,500,0,0.773679679949536,148642734.5778784,79727999.99999626,21738311.328073584,0.9999999999999909,0.27265592173483094,36.9463062933808,0.6157717715563467,1.6075761888937474
2126,200,50,8,500,0,0.7193202209390284,145825348.20646292,77582999.99999757,21730494.650953807,0.999640419303873,0.28009350825508794,37.66011922854854,0.6276686538091423,1.571063681352241
2127,200,50,8,500,0,0.7321222504408034,161569740.2445437,89626166.66666166,21738311.32807362,0.9999999999999927,0.24254424948154837,33.99027560289379,0.5665045933815631,1.4926622434076053
2128,200,50,8,500,0,0.7034344650038277,141612971.911212,74345333.33333018,21738311.328073595,0.9999999999999915,0.2923964471395808,38.78034565536291,0.6463390942560484,1.5836907169715406
2129,200,50,8,500,0,0.7226441291256795,151050432.67705545,81572333.3333302,21737822.68280356,0.9999775214706034,0.26648523824831616,36.357393372989684,0.6059565562164947,1.5417888759408271
2130,200,50,6,500,0,0.7084250322524973,152348437.9191747,82595333.33332925,21719261.063536815,0.9991236548115693,0.26295990568722066,36.047629204531525,0.6007938200755254,1.5195867768777993
2131,200,50,6,500,0,0.7487888356896317,156723609.57787645,85915499.99999529,21738311.32807361,0.9999999999999921,0.2530196684890945,35.04130625112426,0.5840217708520711,1.5352263413329785
2132,200,50,6,500,0,0.7340468671905735,155095462.91121328,84668833.33332981,21738311.328073736,0.999999999999998,0.25674513834970336,35.40915960348797,0.5901526600581328,1.5295956379284692
2133,200,50,6,500,0,0.7549269346663918,138552289.25251007,72031666.66666396,21719261.063536867,0.9991236548115717,0.3015237890308108,39.637021009384064,0.6606170168230677,1.6567629827141082
2134,200,50,6,500,0,0.661372098359763,154386740.24454454,84126166.6666625,21738311.328073647,0.9999999999999939,0.2584013059124457,35.571707721149714,0.5928617953524953,1.4609549384422147
2135,200,50,6,500,0,0.773679679949536,148700198.57787845,79771999.99999627,21738311.328073584,0.9999999999999909,0.2725055323681818,36.932028689415574,0.6155338114902595,1.607217917334341
2136,200,50,6,500,0,0.7193202209390284,144879586.5397959,76858833.33333078,21730494.650953796,0.9996404193038725,0.28273255927149366,37.905961296289995,0.6317660216048332,1.5772722899610565
2137,200,50,6,500,0,0.7259057954792553,161246505.24454358,89378666.66666156,21738311.32807362,0.9999999999999927,0.2432158829259204,34.058412563244296,0.5676402093874049,1.4881187112073966
2138,200,50,6,500,0,0.7034344650038277,141680013.2445455,74396666.66666356,21738311.328073587,0.9999999999999911,0.29219469503214074,38.76199524714138,0.646033254119023,1.5832234751485634
2139,200,50,6,500,0,0.7226441291256795,150160741.91121346,80890333.33333011,21738311.32807368,0.9999999999999954,0.2687380609311522,36.57280811283666,0.609546801880611,1.5471813797512124
2140,200,50,8,400,0,0.6646087338511316,138814950.59563613,79023999.99999674,17390649.062459044,1.0000000000000022,0.22006794217528555,31.65221023489761,0.5275368372482935,1.3681999248396535
2141,200,50,8,400,0,0.6417175002352407,149304524.9289675,87055833.33332871,17390649.062459014,1.0000000000000004,0.1997643167215669,29.428444999174513,0.4904740833195752,1.2920030369320694
2142,200,50,8,400,0,0.7912659596793251,147180751.26230195,85429666.66666275,17390649.06245897,0.9999999999999979,0.20356686079925124,29.85308854803626,0.4975514758006044,1.4516709241193304
2143,200,50,8,400,0,0.7386129727400045,129577612.59563783,71950999.99999775,17390649.062458966,0.9999999999999977,0.24170128368555696,33.90863523401507,0.5651439205669179,1.497117920255368
2144,200,50,8,400,0,0.7207793931152314,148552704.26230082,86480166.66666247,17390649.062459044,1.000000000000002,0.20109407431522702,29.577381454071872,0.49295635756786454,1.3746110101352775
2145,200,50,8,400,0,0.7316234310595089,138958610.5956345,79133999.99999622,17390649.062459,0.9999999999999996,0.21976203733489816,31.61948713481189,0.5269914522468648,1.4344245131742923
2146,200,50,8,400,0,0.6939055346303479,136138085.92896923,76974333.33333023,17390649.062459007,1.0,0.22592789452492446,32.27458333954018,0.5379097223256697,1.4125575725759572
2147,200,50,8,400,0,0.7270219554547792,154385300.2623007,90946166.66666178,17390649.06245899,0.9999999999999988,0.1912191541420282,28.459963432625592,0.4743327238770932,1.354330002645495
2148,200,50,8,400,0,0.6733899049167335,137409476.92896903,77947833.33333007,17390649.06245898,0.9999999999999986,0.2231062534873928,31.975960451921985,0.5329326741986997,1.3848075819053474
2149,200,50,8,400,0,0.7006565480637681,144965992.92896816,83733833.33332957,17390649.062458996,0.9999999999999992,0.20768963237631674,30.3091774231003,0.5051529570516717,1.3719612110164934
2150,200,50,6,400,0,0.6646087338511316,138834105.2623029,79038666.66666345,17390649.062459037,1.0000000000000018,0.22002710566718076,31.647843242110277,0.5274640540351713,1.3680944724200477
2151,200,50,6,400,0,0.6417175002352407,149268609.9289676,87028333.33332878,17390649.062459014,1.0000000000000004,0.19982744005737507,29.43552567476093,0.4905920945793489,1.2921715468604895
2152,200,50,6,400,0,0.7912659596793251,147223849.26230207,85462666.6666628,17390649.06245897,0.9999999999999979,0.2034882568114704,29.84434941768005,0.49740582362800084,1.4514623887565024
2153,200,50,6,400,0,0.7386129727400045,129443529.92897058,71848333.33333091,17390649.06245898,0.9999999999999986,0.24204665933971423,33.94375912346492,0.5657293187244153,1.4979796189361911
2154,200,50,6,400,0,0.7207793931152314,147355537.59563392,85563499.99999565,17390649.062459044,1.000000000000002,0.20324845363338254,29.817678193114517,0.4969613032185753,1.3803394592405127
2155,200,50,6,400,0,0.7661577720194186,145452042.5956334,84105999.9999954,17390649.062459014,1.0000000000000002,0.20677061163840824,30.207894791928528,0.5034649131988088,1.4350391745289541
2156,200,50,6,400,0,0.6999285651191621,135951227.0686742,76855166.6666637,17375408.850829564,0.9991236548115768,0.2260799059377518,32.31894330589986,0.5386490550983309,1.4194415449676945
2157,200,50,6,400,0,0.7270219554547792,154358962.59563395,90925999.9999951,17390649.06245899,0.9999999999999988,0.19126156503596248,28.464819444985558,0.474413657416426,1.3544448648999752
2158,200,50,6,400,0,0.6733899049167335,137409476.92896917,77947833.33333012,17390649.06245898,0.9999999999999986,0.22310625348739263,31.97596045192195,0.5329326741986992,1.3848075819053467
2159,200,50,6,400,0,0.6871191401856399,140301831.59563556,80162499.99999669,17390649.062459007,1.0,0.21694244893135475,31.316768641077953,0.5219461440179659,1.3826192433486897
2160,200,50,8,300,0,0.7347287048795013,137992254.28005734,85215166.66666253,13042986.796844337,1.0000000000000056,0.15305945299461524,23.883949263638556,0.3980658210606426,1.255242088335836
2161,200,50,8,300,0,0.6673341552679688,132018392.61339073,80640999.99999587,13042986.796844337,1.0000000000000056,0.16174138213619627,24.964703286848717,0.41607838811414527,1.212805649091071
2162,200,50,8,300,0,0.664296499147067,126844238.28005943,76679166.66666369,13042986.796844328,1.0000000000000049,0.17009818134232246,25.98304853802821,0.4330508089671368,1.2334258531880617
2163,200,50,8,300,0,0.7382134967807584,122005290.61339338,72973999.9999973,13042986.79684432,1.0000000000000042,0.1787347109497191,27.013582635884454,0.4502263772647409,1.3314276428052745
2164,200,50,8,300,0,0.6900385022375682,135451866.61339173,83269999.99999657,13042986.796844311,1.0000000000000036,0.15663488407403442,24.331890599979033,0.40553150999965054,1.2208779194964463
2165,200,50,8,300,0,0.7760775226439736,137178180.94672415,84591833.33332907,13042986.796844324,1.0000000000000044,0.15418730488378485,24.025686718210594,0.4004281119701766,1.299855478521178
2166,200,50,8,300,0,0.7224374143722752,128204219.61339289,77720499.99999692,13042986.796844319,1.0000000000000042,0.16781913133400886,25.70742218890043,0.4284570364816738,1.285149755921156
2167,200,50,8,300,0,0.7283149564176985,143049086.2800571,89087166.66666201,13042986.796844337,1.0000000000000056,0.14640702230038766,23.039643843285962,0.38399406405476605,1.2294346383127748
2168,200,50,8,300,0,0.7182674619070633,125910448.28005923,75964166.66666377,13042986.796844346,1.0000000000000062,0.1716992019945129,26.1757466915632,0.4362624448593867,1.2918892683620604
2169,200,50,8,300,0,0.7156954041202678,123358611.88483909,74028166.66666394,13031556.638122236,0.9991236548115808,0.1760351123755514,26.717226707096707,0.4452871117849451,1.301810605805654
2170,200,50,6,300,0,0.7340764470746503,137206912.94672385,84613833.33332907,13042986.796844333,1.0000000000000053,0.15414721544954224,24.020655586644736,0.4003442597774123,1.2577384792116963
2171,200,50,6,300,0,0.6673341552679688,131568257.94672401,80296333.33332916,13042986.796844339,1.0000000000000058,0.16243564625422935,25.050115061450228,0.4175019176908371,1.2147845899621894
2172,200,50,6,300,0,0.664296499147067,126887336.28005953,76712166.66666374,13042986.796844328,1.0000000000000049,0.17002500859504893,25.97422324892747,0.4329037208154578,1.233220226838564
2173,200,50,6,300,0,0.7382134967807584,121916700.28005962,72906166.66666391,13042986.796844333,1.0000000000000053,0.17890100924491745,27.033211958895613,0.4505535326482602,1.3318878368249525
2174,200,50,6,300,0,0.6900385022375682,135442289.28005856,83262666.66666329,13042986.796844311,1.0000000000000036,0.15664867964247492,24.33361114552017,0.4055601857586695,1.2209176317102177
2175,200,50,6,300,0,0.7760775226439736,137187758.28005746,84599166.66666235,13042986.796844324,1.0000000000000044,0.15417393942231492,24.024009440200174,0.40040015733666956,1.299816831518495
2176,200,50,6,300,0,0.7224374143722752,127921688.28005934,77504166.66666354,13042986.796844328,1.0000000000000049,0.16828755611218565,25.76420030342701,0.4294033383904502,1.2864707976524739
2177,200,50,6,300,0,0.7267982174065725,142804864.28005692,88900166.66666187,13042986.796844333,1.0000000000000053,0.14671498700053096,23.07904577771632,0.3846507629619387,1.2288209699689359
2178,200,50,6,300,0,0.7182674619070633,125592001.9467257,75720333.33333024,13042986.796844346,1.0000000000000062,0.1722521048530982,26.242116925550963,0.43736861542584937,1.2934377612153911
2179,200,50,6,300,0,0.7156954041202678,123353823.21817207,74024499.99999717,13031556.638122236,0.9991236548115808,0.17604383194918893,26.718263885269458,0.4453043980878243,1.3018348677674432
2180,200,50,8,200,0,0.7145912321258253,131569212.29781318,87118166.66666166,8695324.531229498,0.9999999999999994,0.09981069234962472,16.70451590927804,0.27840859848796734,1.0728483844934924
2181,200,50,8,200,0,0.6879614879345651,133400877.29781407,88520666.66666226,8695324.531229502,0.9999999999999997,0.09822931591752511,16.475154020865,0.27458590034775,1.0411308410163351
2182,200,50,8,200,0,0.7561069499162839,129885995.964482,85829333.33332953,8695324.531229502,0.9999999999999997,0.10130947303831501,16.920992780476503,0.28201654634127504,1.1191710746882109
2183,200,50,8,200,0,0.7659011650144923,126531534.96448117,83260833.33332925,8695324.531229498,0.9999999999999994,0.10443475260952939,17.369583010408807,0.2894930501734801,1.138942017275596
2184,200,50,8,200,0,0.6937407944034759,125724644.6311487,82642999.99999626,8695324.531229502,0.9999999999999997,0.10521549957322332,17.48105955238857,0.2913509925398095,1.0692641866018642
2185,200,50,8,200,0,0.748294384877828,118024468.63114968,76746999.99999712,8695324.531229494,0.9999999999999988,0.11329855930824423,18.621562337794288,0.31035937229657146,1.1492926046209948
2186,200,50,8,200,0,0.694373931665912,112349898.63115075,72401999.99999797,8695324.531229498,0.9999999999999994,0.12009784993825781,19.562100427126026,0.3260350071187671,1.1164872187352852
2187,200,50,8,200,0,0.7706642329627227,120833021.63114862,78897499.99999642,8695324.531229502,0.9999999999999997,0.11021039362755342,18.18873657491526,0.303145609581921,1.1619781574466863
2188,200,50,8,200,0,0.6768436714568421,111962016.63115011,72104999.99999765,8695324.531229502,0.9999999999999997,0.12059253215768373,19.62987150580251,0.32716452509670846,1.1004822222796977
2189,200,50,8,200,0,0.7127075793013756,113781709.96448328,73498333.33333057,8695324.531229502,0.9999999999999997,0.11830641780398414,19.31593399928722,0.3219322333214537,1.1292849468660167
2190,200,50,6,200,0,0.7145912321258253,131588366.9644802,87132833.33332844,8695324.531229502,0.9999999999999997,0.09979389167761088,16.702084315654243,0.27836807192757074,1.0727944173954849
2191,200,50,6,200,0,0.6879614879345651,131981037.63114737,87433499.99999559,8695324.531229502,0.9999999999999997,0.09945072004700647,16.652392187901103,0.2775398697983517,1.045061933770522
2192,200,50,6,200,0,0.7561069499162839,129098260.29781556,85226166.66666298,8695324.531229502,0.9999999999999997,0.10202646524322394,17.024241805659624,0.2837373634276604,1.1214654855385233
2193,200,50,6,200,0,0.7659011650144923,126560266.96448123,83282833.33332929,8695324.531229498,0.9999999999999994,0.10440716511681984,17.36563972812104,0.2894273288020173,1.1388542259099654
2194,200,50,6,200,0,0.6937407944034759,125715067.29781546,82635666.66666296,8695324.531229502,0.9999999999999997,0.10522483670767536,17.482391309495732,0.29137318849159555,1.0692938522612119
2195,200,50,6,200,0,0.748294384877828,118072355.2978164,76783666.6666638,8695324.531229494,0.9999999999999988,0.11324445560770066,18.61400998105308,0.310233499684218,1.1491234490482065
2196,200,50,6,200,0,0.6767362776264918,115152415.36766936,74559833.3333309,8687704.425414786,0.9991236548115772,0.11651990135996015,19.08600868668416,0.3181001447780693,1.0880523434925293
2197,200,50,6,200,0,0.7706642329627227,120844993.29781513,78906666.66666295,8695324.531229502,0.9999999999999997,0.1101975903755058,18.18693468403491,0.3031155780672485,1.1619378833303757
2198,200,50,6,200,0,0.6768436714568421,111962016.6311503,72104999.99999769,8695324.531229502,0.9999999999999997,0.12059253215768365,19.629871505802473,0.3271645250967079,1.1004822222796968
2199,200,50,6,200,0,0.7127075793013756,113736217.63114999,73463499.99999726,8695324.531229502,0.9999999999999997,0.11836251378207988,19.323660007118683,0.3220610001186447,1.1294585904456842
2200,200,45,6,200,0,0.597590935052659,120861192.6311494,78917666.66666381,8695324.531229502,0.9999999999999997,0.11018223039914783,18.184497042879286,0.3030749507146548,0.9888116700866321
2201,200,45,6,200,0,0.6215535510053246,126727309.29781497,83409333.33332947,8695324.531229502,0.9999999999999997,0.10424881945141916,17.342749658126724,0.2890458276354454,0.9939984342019054
2202,200,45,6,200,0,0.6805230632355331,119407832.29781687,77804833.33333056,8695324.531229505,1.0000000000000002,0.11175815381516337,18.405827806323742,0.3067637967720624,1.0766933830597263
2203,200,45,6,200,0,0.6385279903601452,116425497.97632058,75575499.99999782,8660758.895229632,0.9960248020788955,0.11459744090650913,18.87730813440028,0.3146218022400047,1.0448277453253572
2204,200,45,6,200,0,0.6208143690456823,116301134.36766936,75437999.99999733,8687704.425414795,0.9991236548115783,0.11516350414134922,18.89749409538836,0.31495823492313935,1.0279034072819009
2205,200,45,6,200,0,0.6927154274856518,114746065.29781714,74235333.333331,8695324.531229494,0.9999999999999988,0.11713188505783095,19.15359794077235,0.31922663234620585,1.1056475678781226
2206,200,45,6,200,0,0.6693760145225236,104060155.63115194,66053166.66666544,8695324.531229496,0.9999999999999991,0.13164129700412533,21.12047581199327,0.35200793019988785,1.1266969823257118
2207,200,45,6,200,0,0.716681420412273,113481857.29781677,73267333.3333306,8695324.531229507,1.0000000000000002,0.11867941872089195,19.366972415971222,0.32278287359952035,1.134407828988507
2208,200,45,6,200,0,0.6475042688622519,104974790.96448447,66753499.99999833,8695324.531229502,0.9999999999999997,0.1302602040526672,20.93645512229283,0.34894091870488053,1.1006533508092662
2209,200,45,6,200,0,0.7175160020899015,111099495.63115053,71443166.66666415,8695324.531229518,1.0000000000000016,0.12170967409381103,19.782268024840356,0.3297044670806726,1.144588208445623
2210,200,50,4,200,0,0.7145912321258253,131588366.96448019,87132833.33332844,8695324.531229502,0.9999999999999997,0.09979389167761088,16.702084315654247,0.2783680719275708,1.0727944173954849
2211,200,50,4,200,0,0.6879614879345651,130568380.9644809,86351833.33332899,8695324.531229502,0.9999999999999999,0.10069646694893496,16.83255918289955,0.2805426530483259,1.0490613145420389
2212,200,50,4,200,0,0.7561069499162839,127872361.63114879,84287499.99999626,8695324.531229502,0.9999999999999997,0.10316268166964125,17.187451392659913,0.28645752321099854,1.1250946184629955
2213,200,50,4,200,0,0.7659011650144923,126562661.2978146,83284666.66666263,8695324.531229498,0.9999999999999994,0.10440486681698015,17.365311202080026,0.2894218533680004,1.138846911836077
2214,200,50,4,200,0,0.6742180065963956,122482717.29781535,80160666.66666308,8695324.531229498,0.9999999999999994,0.10847370528226503,17.943756053811853,0.2990626008968642,1.060059571719072
2215,200,50,4,200,0,0.748294384877828,118053200.63114983,76768999.99999717,8695324.531229494,0.9999999999999988,0.11326609088603232,18.617030188507083,0.31028383647511804,1.1491910940617718
2216,200,50,4,200,0,0.6767362776264918,115118894.70100272,74534166.66666424,8687704.425414786,0.9991236548115772,0.11656002627987255,19.091566208208707,0.3181927701368118,1.0881770687872017
2217,200,50,4,200,0,0.7706642329627227,120902457.29781468,78950666.66666272,8695324.531229502,0.9999999999999997,0.11013617615088667,18.178290575072747,0.3029715095845458,1.1617446834679779
2218,200,50,4,200,0,0.6768436714568421,111787230.29781708,71971166.66666444,8695324.531229502,0.9999999999999997,0.12081677891233902,19.660564038886626,0.3276760673147771,1.1011731619014904
2219,200,50,4,200,0,0.7127075793013756,113506361.63114993,73287499.9999972,8695324.531229502,0.9999999999999997,0.11864676146996192,19.362791375006513,0.32271318958344186,1.130338178060787
2220,200,50,2,200,0,0.7145912321258253,130654576.96447995,86417833.3333283,8695324.531229502,0.9999999999999997,0.10061956191021537,16.821454334489168,0.2803575722414861,1.0754444538954837
2221,200,50,2,200,0,0.6879614879345651,129182061.96448055,85290333.33332877,8695324.531229502,0.9999999999999999,0.10194970744511846,17.013198013546955,0.28355330022578257,1.0530745541164426
2222,200,50,2,200,0,0.7561069499162839,127824474.96448223,84250833.3333296,8695324.531229502,0.9999999999999997,0.10320757893073129,17.193890298479133,0.28656483830798557,1.1252378513688546
2223,200,50,2,200,0,0.7163577503069732,119573602.2978156,77933166.66666341,8695324.531229498,0.9999999999999992,0.11157412053357504,18.38031101986922,0.3063385169978204,1.1119555637316536
2224,200,50,2,200,0,0.6742180065963956,121376535.29781458,79313666.66666277,8695324.531229494,0.9999999999999988,0.10963210877356051,18.107288979763556,0.30178814966272594,1.06371184327797
2225,200,50,2,200,0,0.7444282725435879,123167496.63114847,80684999.99999619,8695324.531229492,0.9999999999999987,0.10776878640676586,17.843993424513485,0.2973998904085581,1.1280431920775587
2226,200,50,2,200,0,0.6767362776264918,115071008.03433609,74497499.9999976,8687704.425414791,0.9991236548115777,0.11661739555575784,19.099511141365838,0.31832518568943063,1.0883553797605288
2227,200,50,2,200,0,0.7706642329627227,120957526.96448137,78992833.3333294,8695324.531229502,0.9999999999999997,0.11007738505260943,18.170014344335712,0.3028335724055952,1.1615597134104054
2228,200,50,2,200,0,0.6768436714568421,111732160.63115041,71928999.99999776,8695324.531229502,0.9999999999999997,0.12088760487744542,19.670254182726897,0.3278375697121149,1.1013913250709133
2229,200,50,2,200,0,0.7127075793013756,112524684.96448328,72535833.33333059,8695324.531229502,0.9999999999999997,0.11987626158882157,19.531714314007655,0.3255285719001276,1.1341371604725605
2230,200,50,4,300,0,0.7306225623676176,137420008.61339068,84776999.9999957,13042986.796844333,1.0000000000000053,0.15385053489560843,23.98340702533507,0.39972345042225116,1.2534264407063556
2231,200,50,4,300,0,0.6673341552679688,131197136.28005761,80012166.66666262,13042986.796844333,1.0000000000000053,0.16301254346957642,25.120975148151707,0.4186829191358618,1.2164271091794918
2232,200,50,4,300,0,0.664296499147067,125170599.28005913,75397666.66666365,13042986.796844337,1.0000000000000056,0.1729892631095329,26.330464333928074,0.4388410722321346,1.2415289818668278
2233,200,50,4,300,0,0.7382134967807584,121935854.94672634,72920833.33333062,13042986.796844333,1.0000000000000053,0.1788650266409209,27.0289653641247,0.45048275606874505,1.3317882741622402
2234,200,50,4,300,0,0.6900385022375682,133076687.9467245,81451333.33332962,13042986.796844311,1.0000000000000036,0.1601322687188862,24.766170926341584,0.4127695154390264,1.2309138326517037
2235,200,50,4,300,0,0.780028162559212,131884309.94672437,80538333.33332947,13042986.796844332,1.000000000000005,0.1619475628190918,24.99008412245067,0.4165014020408445,1.32608761485533
2236,200,50,4,300,0,0.7224374143722752,126877758.94672635,76704833.33333036,13042986.796844328,1.0000000000000049,0.17004126376449336,25.97618390614738,0.4329363984357897,1.2914068238196594
2237,200,50,4,300,0,0.7267982174065725,142850356.61339027,88934999.99999523,13042986.796844337,1.0000000000000056,0.1466575228745155,23.07169599106947,0.38452826651782446,1.2286525022240093
2238,200,50,4,300,0,0.7182674619070633,125592001.94672565,75720333.33333024,13042986.796844346,1.0000000000000062,0.1722521048530982,26.242116925550974,0.43736861542584954,1.2934377612153913
2239,200,50,4,300,0,0.7156954041202678,123406498.55150525,74064833.33333048,13031556.638122233,0.9991236548115807,0.17594796412318128,26.70685935250368,0.445114322541728,1.3015680979605408
2240,200,50,2,300,0,0.7306225623676176,137420008.61339065,84776999.9999957,13042986.796844333,1.0000000000000053,0.15385053489560843,23.983407025335076,0.39972345042225127,1.2534264407063556
2241,200,50,2,300,0,0.6673341552679688,131295303.94672427,80087333.33332929,13042986.796844333,1.0000000000000053,0.16285954662216653,25.10219254557145,0.41836987575952417,1.2159916683252263
2242,200,50,2,300,0,0.664296499147067,125132289.9467258,75368333.33333029,13042986.796844337,1.0000000000000056,0.17305659048023966,26.33852542299964,0.4389754237166607,1.2417171952479196
2243,200,50,2,300,0,0.7382134967807584,121957403.94672634,72937333.33333065,13042986.796844333,1.0000000000000053,0.17882456350901432,27.024189539486077,0.4504031589914346,1.3316763065794046
2244,200,50,2,300,0,0.6900385022375682,132660073.94672447,81132333.33332959,13042986.796844311,1.0000000000000036,0.16076188445434716,24.84394815974228,0.4140658026623713,1.2327138124634174
2245,200,50,2,300,0,0.780028162559212,131637693.61339098,80349499.99999605,13042986.796844333,1.0000000000000053,0.16232816379498285,25.036901737882857,0.41728169563138096,1.3271723892265794
2246,200,50,2,300,0,0.7224374143722752,126899307.9467259,76721333.33333012,13042986.796844328,1.0000000000000049,0.17000469400312224,25.97177284358101,0.4328628807263502,1.291304050301123
2247,200,50,2,300,0,0.7267982174065725,142395433.28005624,88586666.66666152,13042986.796844337,1.0000000000000056,0.14723419773681246,23.14540518668169,0.3857567531113615,1.2303423287073838
2248,200,50,2,300,0,0.7182674619070633,125649465.94672549,75764333.33333012,13042986.796844346,1.0000000000000062,0.17215206975373062,26.23011546581023,0.43716859109683714,1.293157708806885
2249,200,50,2,300,0,0.7156954041202678,122834252.88483864,73626666.66666393,13031556.638122233,0.9991236548115807,0.17699506480608546,26.831278105219774,0.44718796842032954,1.3044794243854656
2250,200,50,4,400,0,0.6646087338511316,138834105.26230294,79038666.66666347,17390649.062459037,1.0000000000000018,0.22002710566718073,31.64784324211027,0.5274640540351712,1.3680944724200472
2251,200,50,4,400,0,0.6417175002352407,149297341.9289679,87050333.33332887,17390649.062459003,0.9999999999999999,0.19977693819812936,29.429860861759114,0.49049768102931857,1.2920367318230626
2252,200,50,4,400,0,0.7912659596793251,144297973.92896798,83222333.33332928,17390649.06245898,0.9999999999999986,0.20896613163685823,30.44949198082912,0.5074915330138187,1.4659303980026304
2253,200,50,4,400,0,0.7386129727400045,129553669.26230308,71932666.66666403,17390649.06245898,0.9999999999999986,0.24176288560310502,33.91490202492078,0.565248367082013,1.4972716483045014
2254,200,50,4,400,0,0.7207793931152314,147345960.26230064,85556166.66666234,17390649.062459044,1.000000000000002,0.20326587480497127,29.819616311015896,0.49699360518359825,1.3803856981428066
2255,200,50,4,400,0,0.7661577720194186,144915711.9289671,83695333.33332893,17390649.062459014,1.0000000000000002,0.2077851699711644,30.319693713775468,0.5053282285629245,1.4377141365592747
2256,200,50,4,400,0,0.6999285651191621,135917706.40200722,76829499.99999695,17375408.85082957,0.9991236548115772,0.22615543314521455,32.32691395633434,0.538781899272239,1.4196348109075727
2257,200,50,4,400,0,0.7270219554547792,153853758.2623001,90539166.66666168,17390649.06245899,0.9999999999999988,0.1920787400936237,28.55828840078874,0.475971473346479,1.3566564208761571
2258,200,50,4,400,0,0.6733899049167335,137498067.26230225,78015666.66666342,17390649.06245898,0.9999999999999986,0.22291226628574223,31.955358264185907,0.5325893044030985,1.3843090223484258
2259,200,50,4,400,0,0.6871191401856399,140311408.92896894,80169833.33333005,17390649.062459007,1.0,0.21692260466792024,31.314631030640648,0.5219105171773442,1.3825677410973203
2260,200,50,2,400,0,0.6646087338511316,138776641.26230302,78994666.66666351,17390649.062459044,1.000000000000002,0.22014966068333397,31.660947837001167,0.5276824639500195,1.3684109263478184
2261,200,50,2,400,0,0.6417175002352407,149529592.2622997,87228166.66666172,17390649.062458985,0.9999999999999987,0.19936965004568444,29.38415021083283,0.48973583684721383,1.290949057119002
2262,200,50,2,400,0,0.7912659596793251,144259664.59563464,83192999.99999593,17390649.06245898,0.9999999999999986,0.2090398117925767,30.457578092365523,0.5076263015394253,1.4661241106528118
2263,200,50,2,400,0,0.7386129727400045,129575218.26230302,71949166.66666405,17390649.06245898,0.9999999999999986,0.24170744246460507,33.90926180888616,0.565154363481436,1.4971332901931245
2264,200,50,2,400,0,0.7207793931152314,147020330.92896673,85306833.33332881,17390649.062459044,1.000000000000002,0.20385997677942913,29.885662562702816,0.4980943760450469,1.3819617505838218
2265,200,50,2,400,0,0.7661577720194186,144942049.59563383,83715499.99999562,17390649.062459014,1.0000000000000002,0.20773511550979115,30.31418427059663,0.5052364045099439,1.4375822689371955
2266,200,50,2,400,0,0.6999285651191621,135874608.40200692,76796499.99999689,17375408.850829564,0.9991236548115768,0.22625261373669725,32.337167714222474,0.5389527952370412,1.4198834513455612
2267,200,50,2,400,0,0.7270219554547792,153889673.2623001,90566666.66666168,17390649.06245899,0.9999999999999988,0.19202041658954666,28.551623425120322,0.47586039041867206,1.3564986791450886
2268,200,50,2,400,0,0.6733899049167335,137057509.92896858,77678333.33332989,17390649.06245898,0.9999999999999986,0.2238803063375856,32.05807549164676,0.5343012581941127,1.3867954081809146
2269,200,50,2,400,0,0.6616669288114179,145370534.40200663,84067499.99999657,17375408.850829564,0.9991236548115768,0.20668401999381775,30.224832137229523,0.5037472022871587,1.3307613470936308
2270,200,50,4,500,0,0.7084250322524973,152348437.9191746,82595333.33332916,21719261.063536815,0.9991236548115693,0.262959905687221,36.047629204531546,0.6007938200755257,1.5195867768777997
2271,200,50,4,500,0,0.7011590126816616,157686131.5778767,86652499.99999517,21738311.32807363,0.9999999999999929,0.25086767638642665,34.827412817136405,0.5804568802856067,1.4823100340764097
2272,200,50,4,500,0,0.7340468671905735,151820014.91121212,82160833.33332963,21738311.328073647,0.9999999999999938,0.26458241045195446,36.173096170565735,0.6028849361760956,1.5485977317282327
2273,200,50,4,500,0,0.7549269346663918,138667217.2525099,72119666.66666389,21719261.06353685,0.999123654811571,0.30115587144797795,39.60416967190994,0.6600694945318324,1.6559211263566067
2274,200,50,4,500,0,0.661372098359763,154362796.91121113,84107833.3333291,21738311.328073647,0.9999999999999939,0.258457630717013,35.577225276365404,0.59295375460609,1.4610919575394634
2275,200,50,4,500,0,0.773679679949536,148664283.57787848,79744499.9999963,21738311.328073587,0.999999999999991,0.27259950627409535,36.94095089842541,0.6156825149737569,1.6074417999425692
2276,200,50,4,500,0,0.7193202209390284,143119751.53979576,75511333.33333093,21730494.6509538,0.9996404193038726,0.2877779227527147,38.37206214316935,0.6395343690528226,1.5890769281940227
2277,200,50,4,500,0,0.7259057954792553,160952002.24454302,89153166.66666138,21738311.328073625,0.9999999999999928,0.24383106221399778,34.120731170874244,0.5686788528479041,1.4896494980983577
2278,200,50,4,500,0,0.7034344650038277,141680013.24454567,74396666.66666362,21738311.328073587,0.9999999999999911,0.2921946950321405,38.76199524714133,0.6460332541190221,1.583223475148562
2279,200,50,4,500,0,0.7226441291256795,148477525.57787958,79601499.99999672,21738311.328073636,0.9999999999999933,0.2730892172644301,36.98741596498007,0.6164569327496678,1.5575724356868914
2280,200,50,2,500,0,0.7084250322524973,152290973.91917464,82551333.33332917,21719261.063536815,0.9991236548115693,0.2631000637607861,36.06123106753957,0.6010205177923262,1.5199256010534525
2281,200,50,2,500,0,0.6870651858065195,159137097.5778759,87763499.99999477,21738311.328073606,0.9999999999999919,0.24769193717291244,34.509866546438126,0.5751644424406355,1.460383177985485
2282,200,50,2,500,0,0.7340468671905735,151910999.57787874,82230499.99999629,21738311.328073647,0.9999999999999939,0.2643582530578633,36.15143087242061,0.6025238478736769,1.548057317510541
2283,200,50,2,500,0,0.7549269346663918,138241025.9191767,71793333.33333066,21719261.06353685,0.999123654811571,0.30252476177274107,39.7262676798334,0.6621044613305567,1.6590512054151414
2284,200,50,2,500,0,0.661372098359763,154386740.24454424,84126166.6666623,21738311.328073647,0.9999999999999939,0.2584013059124463,35.571707721149785,0.5928617953524964,1.4609549384422165
2285,200,50,2,500,0,0.773679679949536,148652311.9112114,79735333.3333295,21738311.32807358,0.9999999999999908,0.2726308453141806,36.94392592615848,0.615732098769308,1.6075164549701886
2286,200,50,2,500,0,0.7075549434805767,139659195.91121376,72849333.33333091,21738311.3280736,0.9999999999999917,0.2984009644756436,39.32286709921579,0.6553811183202632,1.6016568333813548
2287,200,50,2,500,0,0.7208680335794287,154899127.57787678,84518499.99999532,21738311.32807358,0.9999999999999908,0.2572018117699058,35.45404087081739,0.5909006811802898,1.5175301641756431
2288,200,50,2,500,0,0.7034344650038277,140461297.57787886,73463499.99999705,21738311.328073587,0.9999999999999911,0.29590628445519834,39.09831458701332,0.651638576450222,1.5917980690182083
2289,200,50,2,500,0,0.7226441291256795,148070488.91121197,79289833.33332981,21738311.328073565,0.99999999999999,0.2741626563482228,37.089092096488365,0.6181515349414728,1.5601257891457305
2290,200,50,4,600,0,0.6859238902475686,157583266.76967788,79788499.99999611,26063113.276244067,0.9991236548115654,0.3266525035092192,41.817891804664676,0.6969648634110779,1.644210756466022
2291,200,50,4,600,0,0.6773248544414805,157852780.56012037,79958999.99999598,26085973.593688205,0.9999999999999877,0.3262418688789194,41.74649300833941,0.6957748834723234,1.6340932330169395
2292,200,50,4,600,0,0.7132066471288658,154287618.2267901,77229166.66666369,26085973.593688205,0.9999999999999877,0.3377735992708611,42.711139595878244,0.7118523265979707,1.6952778531435255
2293,200,50,4,600,0,0.7515509486247047,152013001.56012335,75487499.99999711,26085973.593688257,0.9999999999999896,0.3455667970682465,43.350239337216415,0.7225039889536069,1.750508375232909
2294,200,50,4,600,0,0.6764944733514137,163168200.560122,84028999.99999641,26085973.59368822,0.9999999999999882,0.3104401289279813,40.38654576920384,0.6731090961533973,1.597955672647196
2295,200,50,4,600,0,0.7449272315806412,157816865.5601209,79931499.99999611,26085973.59368819,0.999999999999987,0.3263541106283438,41.75599342067525,0.6959332236779209,1.701943743761237
2296,200,50,4,600,0,0.7254330581254989,154364236.8934575,77287833.33333062,26085973.59368824,0.9999999999999888,0.3375172063781814,42.68993992791408,0.711498998798568,1.706945822026612
2297,200,50,4,600,0,0.7400024928503998,161240762.2267888,82553166.66666275,26085973.59368819,0.999999999999987,0.31598998132947975,40.86931808677075,0.6811553014461791,1.6739497793601625
2298,200,50,4,600,0,0.6564286284538081,154108043.22679004,77091666.66666366,26085973.593688227,0.9999999999999885,0.338376049210108,42.76090891831163,0.7126818153051938,1.6398112831270883
2299,200,50,4,600,0,0.6848228290471117,155072959.5601231,77830499.99999693,26085973.593688227,0.9999999999999885,0.335163895820909,42.494836099681706,0.7082472683280284,1.6612012140318675
2300,200,50,2,600,0,0.6859238902475686,157559323.43634462,79770166.66666281,26063113.276244074,0.9991236548115655,0.32672757705464656,41.82424661567132,0.6970707769278554,1.6443767288191413
2301,200,50,2,600,0,0.6773248544414805,157912638.8934538,80004833.33332933,26085973.5936882,0.9999999999999875,0.326054970766635,41.73066859104447,0.6955111431840745,1.6336799742388628
2302,200,50,2,600,0,0.7132066471288658,154249308.89345664,77199833.33333032,26085973.593688205,0.9999999999999877,0.33790194184818045,42.72174732757939,0.7120291221263232,1.6955573227337335
2303,200,50,2,600,0,0.7515509486247047,152058493.8934564,75522333.33333041,26085973.593688257,0.9999999999999896,0.3454074105278695,43.33726996281647,0.7222878327136079,1.7501647097606083
2304,200,50,2,600,0,0.6764944733514137,163139468.5601211,84006999.99999611,26085973.593688216,0.999999999999988,0.3105214279011204,40.39365861714506,0.6732276436190843,1.5981392592913943
2305,200,50,2,600,0,0.7449272315806412,157826442.89345434,79938833.33332951,26085973.593688186,0.9999999999999868,0.3263241719442503,41.7534595546112,0.6958909925768533,1.7018775617128947
2306,200,50,2,600,0,0.7254330581254989,154036213.2267901,77036666.6666638,26085973.59368824,0.9999999999999888,0.338617631349001,42.78084913901205,0.7130141523168675,1.7093413155215673
2307,200,50,2,600,0,0.7400024928503998,161264705.56012207,82571499.99999608,26085973.59368819,0.999999999999987,0.31591982213826114,40.86325012724633,0.6810541687874389,1.6737925193484475
2308,200,50,2,600,0,0.6564286284538081,154033818.89345628,77034833.33333023,26085973.593688227,0.9999999999999885,0.33862569002796494,42.781514133322254,0.7130252355553709,1.6403544160315509
2309,200,50,2,600,0,0.6848228290471117,155094508.56012312,77846999.99999693,26085973.593688227,0.9999999999999885,0.33509285641950565,42.48893182085446,0.7081488636809077,1.661045977863624
2310,200,50,4,700,0,0.6543628357649356,177272418.28682762,88207166.6666621,30306340.631288223,0.9958172849079364,0.3435813865988568,43.36715251191024,0.722785875198504,1.6520138202425252
2311,200,50,4,700,0,0.6606053899352229,167167019.67773187,80452166.66666257,30317385.722017594,0.9961802087064741,0.37683740510844915,45.98873638365213,0.7664789397275356,1.7285542537495178
2312,200,50,4,700,0,0.7117050630748417,167606494.6201629,80805999.9999964,30306340.631288256,0.9958172849079375,0.3750506228657477,45.86815097721855,0.7644691829536424,1.7762147443210825
2313,200,50,4,700,0,0.654194124480732,160615463.36464742,75494833.33333045,30279670.260936726,0.9949409397195141,0.4010826824034919,47.86463170452203,0.7977438617420339,1.7728041321455594
2314,200,50,4,700,0,0.6485937597648228,167735551.01106575,80910499.99999598,30302719.055350818,0.9956982857862361,0.3745214657597261,45.83285984193551,0.7638809973655918,1.7120919297381956
2315,200,50,4,700,0,0.7566759406972879,167417342.28682777,80661166.66666268,30306340.631288227,0.9958172849079365,0.37572405512718504,45.919973970372055,0.7653328995062009,1.822588084305237
2316,200,50,4,700,0,0.7276654623201257,162934693.78683013,77174166.66666368,30341173.96462159,0.9969618518434943,0.3931519480563154,47.18332125175294,0.7863886875292158,1.828575708294394
2317,200,50,4,700,0,0.7306250813625524,165109204.95349514,78893833.3333296,30306340.631288297,0.995817284907939,0.38414080481097673,46.56191035602985,0.7760318392671641,1.813969564478498
2318,200,50,4,700,0,0.6952424096011915,159305340.9534985,74449833.33333075,30306340.631288297,0.995817284907939,0.40707063097910695,48.258269019643734,0.8043044836607289,1.825203398045206
2319,200,50,4,700,0,0.7936567505356013,172840050.7868299,84758666.66666289,30341173.96462168,0.9969618518434973,0.35797134567898303,44.47927413236908,0.7413212355394846,1.8213550626182724
2320,200,50,2,700,0,0.6543628357649356,175024139.28682745,86485666.66666198,30306340.6312882,0.9958172849079358,0.35042038524252395,43.924226859938024,0.7320704476656338,1.6667695916245884
2321,200,50,2,700,0,0.6606053899352229,167265187.34439862,80527333.33332928,30317385.722017586,0.996180208706474,0.37648565359197844,45.961745668994695,0.766029094483245,1.7278230072920506
2322,200,50,2,700,0,0.7117050630748417,167568185.28682953,80776666.66666305,30306340.631288253,0.9958172849079374,0.3751868191881683,45.878637325102325,0.764643955418372,1.7764984738437484
2323,200,50,2,700,0,0.654194124480732,158336058.03131315,73749499.99999686,30279670.260936778,0.9949409397195158,0.4105745837048125,48.55369077383265,0.8092281795638775,1.7918819710084595
2324,200,50,2,700,0,0.6485937597648228,166866408.01106507,80244999.9999959,30302719.055350807,0.9956982857862358,0.3776275039610238,46.071585597325345,0.7678597599554224,1.7185555228890643
2325,200,50,2,700,0,0.7566759406972879,167443679.9534945,80681333.33332936,30306340.631288227,0.9958172849079365,0.37563014118866467,45.91275109418997,0.7652125182364995,1.8223925718847191
2326,200,50,2,700,0,0.6971505431399914,162192450.45349595,76605833.33333015,30341173.964621633,0.9969618518434958,0.39606871493192936,47.39924687311051,0.7899874478851753,1.8039929629707103
2327,200,50,2,700,0,0.7306250813625524,165164274.62016177,78935999.99999627,30306340.631288297,0.995817284907939,0.38393560138960336,46.546385516359976,0.775773091939333,1.8135466544135683
2328,200,50,2,700,0,0.6952424096011915,159250271.28683186,74407666.6666641,30306340.631288305,0.9958172849079391,0.4073013170411116,48.274957008727505,0.8045826168121251,1.825666080046206
2329,200,50,2,700,0,0.7821272844645204,164828611.4534967,78624333.33333015,30341173.96462167,0.996961851843497,0.3859005562055373,46.6411743216618,0.77735290536103,1.8682006347899802
2330,200,50,4,800,0,0.6928740637096247,180668561.25637576,84413999.99999572,34381508.34052007,0.9885056106025115,0.40729628190254946,48.629379339179025,0.8104896556529837,1.829200744884648
2331,200,50,4,800,0,0.6818094625033116,178103968.91740838,82554999.99999557,34314774.15849658,0.9865869305755669,0.4156595500999143,49.32961378347617,0.8221602297246028,1.8364973323078457
2332,200,50,4,800,0,0.6527995357033007,169939553.5897127,76198833.3333303,34381508.340520106,0.9885056106025125,0.451207805113221,51.69955913390047,0.8616593188983412,1.8754250986922187
2333,200,50,4,800,0,0.7164006594167438,170528559.58971444,76649833.33333065,34381508.3405202,0.9885056106025154,0.4485529432399906,51.52098874897154,0.8586831458161923,1.9339261598249287
2334,200,50,4,800,0,0.6569564819244527,172579701.08407888,78230166.66666329,34375274.158496484,0.988326371115785,0.43941200208569964,50.90865232012227,0.8484775386687046,1.8569636222617172
2335,200,50,4,800,0,0.7755243265930469,178724362.5897108,82925333.33332965,34381508.3405201,0.9885056106025123,0.41460802095686433,49.15837926455025,0.8193063210758375,1.926517064434376
2336,200,50,4,800,0,0.7178018087505502,161252455.75638375,69492499.99999796,34416341.673853435,0.9895071066711245,0.495252605300636,54.48475161999003,0.9080791936665005,2.0220830866575596
2337,200,50,4,800,0,0.7251695434903878,180611097.25637484,84369999.99999529,34381508.34052023,0.9885056106025161,0.40750869195830447,48.644851470719345,0.8107475245119891,1.8619240215690205
2338,200,50,4,800,0,0.6894658919084337,168435912.2563804,75047499.99999708,34381508.340520255,0.9885056106025168,0.45812996223087504,52.16108537843711,0.8693514229739517,1.9253212846670853
2339,200,50,4,800,0,0.7328175012255891,181747949.0897079,85185833.3333286,34416341.67385356,0.9895071066711282,0.4040148499714014,48.34057299685659,0.8056762166142765,1.8617055978169867
2340,200,50,2,800,0,0.6928740637096247,180611097.25637585,84369999.99999575,34381508.34052007,0.9885056106025114,0.4075086919583003,48.64485147071907,0.8107475245119845,1.8296285417882494
2341,200,50,2,800,0,0.6818094625033116,178163827.2507418,82600833.33332895,34314774.15849658,0.9865869305755667,0.415428910021066,49.313040338065704,0.8218840056344284,1.8360365961545928
2342,200,50,2,800,0,0.6527995357033007,169891666.92304608,76162166.66666365,34381508.34052011,0.9885056106025127,0.45142502958189845,51.71413147638139,0.8619021912730231,1.8758417506418426
2343,200,50,2,800,0,0.7164006594167438,169668993.923047,75991666.66666381,34381508.34052021,0.9885056106025155,0.45243787705478455,51.78200092342612,0.8630333487237686,1.9413843097843402
2344,200,50,2,800,0,0.6569564819244527,172562940.7507456,78217333.33332998,34375274.158496484,0.988326371115785,0.43948409762326285,50.91359686950652,0.8485599478251087,1.8571037078481716
2345,200,50,2,800,0,0.7659828286515029,172628389.9230436,78257666.66666302,34381508.34052019,0.988505610602515,0.43933725352389486,50.894293829170515,0.8482382304861752,1.9656908619567939
2346,200,50,2,800,0,0.7178018087505502,161563719.08971682,69730833.33333121,34416341.67385349,0.9895071066711262,0.49355987916184196,54.37978309425533,0.9063297182375888,2.0189794303176125
2347,200,50,2,800,0,0.7251695434903878,180647012.25637478,84397499.99999529,34381508.34052023,0.9885056106025161,0.4073759097191522,48.63518023498317,0.8105863372497194,1.8616566085154291
2348,200,50,2,800,0,0.6894658919084337,168380842.5897138,75005333.33333044,34381508.340520255,0.9885056106025168,0.4583875147614603,52.17814488200402,0.8696357480334004,1.9258116517510024
2349,200,50,2,800,0,0.7328175012255891,179312912.08970731,83321333.33332862,34416341.67385359,0.989507106671129,0.4130555800897993,48.99702925801912,0.8166171543003187,1.8798791195977471
2350,200,50,4,900,0,0.6597276138538609,192442476.55925658,87035666.66666196,38456676.049752206,0.982818752809409,0.44184961777839293,51.35976306642778,0.8559960511071297,1.8692033591837052
2351,200,50,4,900,0,0.632167026514574,193295602.13808843,87851499.99999535,38353038.78547591,0.9801701451479243,0.43656669249219354,51.133082649956584,0.852218044165943,1.8336384246742718
2352,200,50,4,900,0,0.7505686982085731,190559705.0402615,85647833.33332957,38422385.57358586,0.9819424076209833,0.44860896158401614,51.86720874652775,0.8644534791087959,1.9739093465845818
2353,200,50,4,900,0,0.7644055047283993,178699003.22593015,76512333.33333056,38456676.049752034,0.9828187528094047,0.5026206151917133,55.30976570419845,0.9218294284033075,2.0883314252850775
2354,200,50,4,900,0,0.6980571142596873,185575776.9904224,81909666.66666296,38372662.59497545,0.9806716613983864,0.4684753846104105,53.260183846677926,0.8876697307779654,1.960507152725981
2355,200,50,4,900,0,0.7958393882037369,183452621.15708938,80252333.3333297,38392829.261642195,0.9811870511880835,0.47840140799616115,53.876580981290864,0.8979430163548477,2.0765035309555135
2356,200,50,4,900,0,0.7173743011377335,184942968.0592599,81238666.66666313,38491509.38308531,0.9837089715370584,0.473807744051523,53.442421216215195,0.8907070202702533,1.9871275166492053
2357,200,50,4,900,0,0.7464170891281916,189674627.2259259,84916333.33332953,38456676.04975205,0.982818752809405,0.4528772562375566,52.10923645695201,0.8684872742825335,1.9772061684007705
2358,200,50,4,900,0,0.7224590556532956,181782904.55926216,78873666.66666366,38456676.04975208,0.9828187528094058,0.4875730731814194,54.371449416343935,0.9061908236057322,2.0187083378041635
2359,200,50,4,900,0,0.7341078434817684,188106338.89259142,83715499.99999599,38456676.04975213,0.9828187528094071,0.45937342606511306,52.54368384493222,0.8757280640822036,1.9773346484160625
2360,200,50,2,900,0,0.6597276138538609,192385012.5592567,86991666.666662,38456676.049752206,0.982818752809409,0.4420731033595663,51.375103853038866,0.8562517308839811,1.8696378274254952
2361,200,50,2,900,0,0.632167026514574,192522960.521865,87228166.66666183,38373259.24282639,0.9806869096402252,0.43991821345355014,51.33829218711546,0.855638203118591,1.839739800396005
2362,200,50,2,900,0,0.7505686982085731,189818287.22592577,85026333.3333295,38456676.04975208,0.9828187528094057,0.45229136130085745,52.069798671379274,0.8678299778563212,1.9802317651055803
2363,200,50,2,900,0,0.7644055047283993,178720552.2259302,76528833.33333059,38456676.04975203,0.9828187528094046,0.5025122476681348,55.30309680055912,0.9217182800093187,2.088133582872226
2364,200,50,2,900,0,0.6980571142596873,185559016.65708908,81896833.33332963,38372662.59497545,0.9806716613983864,0.4685487952726358,53.26499449102572,0.887749908183762,1.960646058661558
2365,200,50,2,900,0,0.7958393882037369,182775024.82375574,79733499.99999627,38392829.26164225,0.9811870511880849,0.48151441065103173,54.07631600395426,0.9012719333992377,2.0823228501238003
2366,200,50,2,900,0,0.7173743011377335,184895081.3925933,81201999.99999647,38491509.38308533,0.983708971537059,0.47402169137566824,53.45626246819097,0.8909377078031828,1.987529362041451
2367,200,50,2,900,0,0.7464170891281916,189698570.55925918,84934666.66666286,38456676.04975204,0.9828187528094049,0.45277950169252174,52.102659344564955,0.8683776557427493,1.9770183462249582
2368,200,50,2,900,0,0.7224590556532956,181802059.22592905,78888333.3333304,38456676.04975208,0.9828187528094058,0.4874824251547992,54.365720839922965,0.9060953473320494,2.0185403431091844
2369,200,50,2,900,0,0.7341078434817684,186368052.892591,82384499.99999583,38456676.0497522,0.9828187528094088,0.46679504093311425,53.033767572258235,0.8838961262043039,1.9914400024325638
2370,200,45,2,900,0,0.5960554740710123,183815132.55926,80428333.33332969,38456676.049752235,0.9828187528094098,0.4781483645865343,53.77032816824028,0.896172136137338,1.8747463018775778
2371,200,45,2,900,0,0.6232397400388917,181802241.13809407,79049666.66666368,38353038.78547606,0.980170145147928,0.48517647705211714,54.365666441330745,0.9060944406888457,1.9174753623694314
2372,200,45,2,900,0,0.6881763022157531,172877817.89260048,72053666.66666475,38456676.04975204,0.9828187528094048,0.5337226796196316,57.172170035951424,0.9528695005991904,2.0680239465106487
2373,200,45,2,900,0,0.5943741984248441,162111397.31182766,65057666.66666491,37661339.50471846,0.9624927196846912,0.5788916423591298,60.96918639833892,0.983976655163173,2.041464167475321
2374,200,45,2,900,0,0.6092140703546653,180453736.99042434,77986333.33333004,38372662.594975516,0.9806716613983881,0.4920434254930626,54.77193304411578,0.912865550735263,1.9157143614843786
2375,200,45,2,900,0,0.7329812243365653,175141329.15709364,73886999.99999736,38392829.26164214,0.9811870511880824,0.51961548393687,56.433281896214744,0.9405546982702457,2.089228309756307
2376,200,45,2,900,0,0.6237052280053044,165874216.60943142,66768166.6666657,38407511.44107806,0.9815622765784167,0.5752368734763116,59.586114117255875,0.9931019019542646,2.076996628740618
2377,200,45,2,900,0,0.6815717070964803,179816595.89259446,77366666.66666326,38456676.04975212,0.982818752809407,0.49707034963059654,54.96600550654209,0.9161000917757015,1.9953280785766592
2378,200,45,2,900,0,0.6847483702891334,177659301.55926242,75714833.33333032,38456676.04975207,0.9828187528094056,0.5079146893244645,55.63345072986807,0.9272241788311345,2.0183043005798393
2379,200,45,2,900,0,0.7185999399294282,177563528.2259301,75641499.9999972,38456676.049752064,0.9828187528094054,0.5084071052233693,55.663458024014645,0.9277243004002441,2.0530499245083678
2380,200,45,2,800,0,0.626198432247215,170052318.61505812,76284999.99999668,34380726.50808804,0.9884831320731241,0.4506879007418174,51.66527614297414,0.8610879357162358,1.8478366885569049
2381,200,45,2,800,0,0.6382858715263229,171593215.58407795,77568333.33332986,34314774.15849658,0.9865869305755667,0.44238122290236287,51.20132500632053,0.8533554167720089,1.845546266620222
2382,200,45,2,800,0,0.6533355582083027,170987710.5897156,76999999.99999753,34381508.34052024,0.9885056106025164,0.44651309533144606,51.38264013067872,0.856377335511312,1.8669233699847716
2383,200,45,2,800,0,0.6332285990474578,168373098.5897137,74997999.99999712,34381508.3405202,0.9885056106025154,0.4584323360692488,52.18054471640367,0.8696757452733945,1.8696502131762514
2384,200,45,2,800,0,0.661402406371179,173172934.75074443,78682999.99999648,34375274.15849654,0.9883263711157867,0.43688311526629736,50.73425597738928,0.845570932956488,1.856479831540705
2385,200,45,2,800,0,0.7193181768003332,169745051.58971268,76048499.99999693,34381508.340520166,0.9885056106025142,0.45209975660955243,51.758798961845315,0.8626466493640886,1.943644631452064
2386,200,45,2,800,0,0.6788581180635966,156444073.42305365,65809333.333332025,34416341.67385343,0.9895071066711244,0.5229705260731119,56.1593661412892,0.9359894356881533,2.033223974610239
2387,200,45,2,800,0,0.7259946191840257,169517589.9230448,75874333.33332989,34381508.34052022,0.9885056106025156,0.45313753452667493,51.82824982344577,0.8638041637240962,1.9523088105294617
2388,200,45,2,800,0,0.6270019477895533,162528530.92305,70522833.33333117,34381508.34052029,0.9885056106025178,0.4875230718257399,54.05697049067456,0.9009495081779093,1.9179699134280546
2389,200,45,2,800,0,0.7018545721179863,166811536.75638044,73747666.66666378,34416341.673853554,0.9895071066711281,0.4666770249072952,52.66901900694796,0.8778169834491327,1.9530131754929552
2390,200,45,2,700,0,0.6071543849318576,165379203.62016386,79099166.66666354,30306340.631288253,0.9958172849079374,0.3831436146350819,46.485893218212745,0.7747648869702124,1.6884341636101357
2391,200,45,2,700,0,0.6203934509640944,162140753.01106778,76602166.66666366,30317385.722017586,0.996180208706474,0.3957771306123035,47.41435979068895,0.7902393298448158,1.727254485298753
2392,200,45,2,700,0,0.6644864366636655,159668718.620165,74726666.666664,30306340.631288253,0.9958172849079374,0.40556259208612716,48.148441763902824,0.8024740293983804,1.7914105397309477
2393,200,45,2,700,0,0.6380070254818048,163490074.62016216,77652666.66666308,30306340.631288256,0.9958172849079375,0.39028074542994434,47.023038052072145,0.7837173008678691,1.7339489226936293
2394,200,45,2,700,0,0.6407465550668243,161593525.01106688,76206166.66666345,30302719.055350706,0.9956982857862323,0.39764129834661655,47.57492603415572,0.7929154339025953,1.7517750276467128
2395,200,45,2,700,0,0.6724681553290632,157583254.28683063,73129833.33333042,30306340.631288245,0.9958172849079372,0.41441829209633263,48.785640547864205,0.8130940091310701,1.8170967981371995
2396,200,45,2,700,0,0.6986061652966908,155293815.12016696,71322166.66666448,30341173.96462162,0.9969618518434953,0.4254101548320305,49.50486916720509,0.8250811527867514,1.8640154419490667
2397,200,45,2,700,0,0.6562423533153539,156769180.9534979,72506499.9999972,30306340.631288245,0.9958172849079372,0.4179810173058887,49.03897534733192,0.8173162557888654,1.8079434229489302
2398,200,45,2,700,0,0.6361330503624458,149993217.62016854,67318166.66666481,30306340.631288264,0.9958172849079377,0.45019557322994685,51.25431750832896,0.854238625138816,1.8505281340852193
2399,200,45,2,700,0,0.7120553828663259,157503784.78683138,73014333.33333051,30341173.964621577,0.996961851843494,0.415550927872008,48.81025564182356,0.8135042606970593,1.8580003858609915
2400,200,45,2,600,0,0.6523652776548282,155663798.8934551,78281499.99999662,26085973.59368822,0.9999999999999882,0.3332329297942598,42.33354220341509,0.7055590367235849,1.624510658213821
2401,200,45,2,600,0,0.6424885405979337,158984739.22678834,80824333.33332966,26085973.593688227,0.9999999999999885,0.32274901032720443,41.44926130677103,0.6908210217795171,1.5915087706392144
2402,200,45,2,600,0,0.707349793276487,147034621.5601246,71674166.6666645,26085973.593688227,0.9999999999999885,0.36395224118902464,44.81801585285364,0.746966930880894,1.7454785171086007
2403,200,45,2,600,0,0.6072845951494845,143323404.893458,68832499.99999774,26085973.593688216,0.999999999999988,0.3789775700968158,45.97853368679487,0.7663088947799145,1.6767755460068519
2404,200,45,2,600,0,0.6961324958805852,147630810.56012294,72130666.66666411,26085973.59368819,0.999999999999987,0.361648863086747,44.63702376893942,0.7439503961489904,1.7294019824989733
2405,200,45,2,600,0,0.6842475108112841,146139140.89345795,70988499.99999781,26085973.59368823,0.9999999999999886,0.3674675981840585,45.09264225663036,0.751544037610506,1.729765626969037
2406,200,45,2,600,0,0.6770444448877057,147532642.89345834,72055499.99999796,26085973.593688242,0.999999999999989,0.3620261269950105,44.66672507696393,0.7444454179493988,1.711110764433113
2407,200,45,2,600,0,0.6960658480863559,149768950.2267903,73767833.33333081,26085973.593688212,0.9999999999999878,0.35362260778102156,43.99977425241532,0.7333295708735886,1.7122935051847619
2408,200,45,2,600,0,0.692962904959027,143895650.56012616,69270666.66666493,26085973.593688257,0.9999999999999896,0.37658037447821463,45.79568579278553,0.7632614298797588,1.7574886344213576
2409,200,45,2,600,0,0.7388281661375997,156259987.89345723,78737999.99999717,26085973.59368828,0.9999999999999903,0.3313009422856717,42.17202425801494,0.7028670709669157,1.7067359909330526
2410,200,45,2,500,0,0.6240313639156465,143147178.5778804,75518666.66666391,21738311.32807358,0.9999999999999908,0.28785348427860274,38.36471004569706,0.639411834094951,1.4937259854334797
2411,200,45,2,500,0,0.7158211284167985,147715879.76353964,79036833.33333032,21725610.26364862,0.9994157290217499,0.2748795637095293,37.17812877526203,0.6196354795877005,1.5553602589721223
2412,200,45,2,500,0,0.656957286299519,136730365.24454695,70605333.33333112,21738311.328073617,0.9999999999999925,0.3078848339323889,40.16518196362401,0.6694196993937335,1.5726848528391635
2413,200,45,2,500,0,0.6089659318671471,126971062.57788253,63132666.66666508,21738311.328073554,0.9999999999999896,0.34432746905575723,43.2523748994492,0.7208729149908201,1.6053008221025729
2414,200,45,2,500,0,0.6507107944830649,147562329.24454442,78899333.3333296,21738311.328073632,0.9999999999999931,0.2755195818478567,37.21681562032567,0.6202802603387612,1.4914067203001116
2415,200,45,2,500,0,0.7472822908553945,142109431.01038903,74724833.33333084,21737822.682803478,0.9999775214705996,0.2909049336495123,38.64486657186403,0.6440811095310671,1.6240873473060715
2416,200,45,2,500,0,0.6545290384332874,131141991.24454792,66326333.33333159,21738311.328073595,0.9999999999999915,0.32774782255525703,41.8767470882696,0.6979457848044934,1.6146730812819865
2417,200,45,2,500,0,0.6993902799798951,141010708.58584285,73912666.6666637,21719261.06353683,0.99912365481157,0.29385032421422175,38.94597832374387,0.6490996387290645,1.583570178080337
2418,200,45,2,500,0,0.6134976025297031,139507791.91121283,72731999.99999738,21738311.32807363,0.9999999999999929,0.29888235340805164,39.36554313392871,0.6560923855654786,1.508695870821623
2419,200,45,2,500,0,0.6537860787729235,131882153.4302068,66912999.99999792,21725610.26364857,0.9994157290217476,0.3246844449307197,41.64172222821876,0.694028703803646,1.6075623385211453
2420,200,45,2,400,0,0.6156235648919666,132352083.9289709,74073999.99999766,17390649.062459044,1.000000000000002,0.23477399711720165,33.19781502162075,0.5532969170270124,1.3567396796127404
2421,200,45,2,400,0,0.5805463999561831,141251820.9289683,80888499.99999635,17390649.06245897,0.9999999999999979,0.21499532149143274,31.106147666652184,0.5184357944442031,1.2709784515935323
2422,200,45,2,400,0,0.6540690752078322,125722174.92897132,68997499.99999818,17390649.062459007,1.0,0.2520475243662374,34.94848862169577,0.5824748103615962,1.4381819050624183
2423,200,45,2,400,0,0.6092406569415582,124237688.26230335,67860833.33333118,17390649.062458977,0.9999999999999982,0.2562693118877044,35.36607982211773,0.5894346637019622,1.403690770153684
2424,200,45,2,400,0,0.6216905780471723,137641166.2623024,78123833.33333021,17390649.06245903,1.000000000000001,0.2226036322137255,31.922135792040205,0.5320355965340035,1.3318090803521563
2425,200,45,2,400,0,0.6626514640235239,123229573.06867604,67112833.33333175,17375408.850829598,0.9991236548115787,0.2588984548533441,35.65540227548568,0.594256704591428,1.4640269324976272
2426,200,45,2,400,0,0.6515400224067996,125710102.40200834,69012166.66666463,17375408.850829564,0.9991236548115768,0.2517731247992032,34.9518448879237,0.5825307481320616,1.4354892703782238
2427,200,45,2,400,0,0.7020112996873281,131595474.59563555,73494666.66666374,17390649.06245899,0.9999999999999988,0.23662464027947172,33.38868614974184,0.5564781024956973,1.4477891144066029
2428,200,45,2,400,0,0.6090906249437644,126308786.59563759,69446666.66666473,17390649.06245899,0.9999999999999988,0.2504173331447557,34.78617852664695,0.5797696421107825,1.3891941335703515
2429,200,45,2,400,0,0.6300328516587488,137590885.26230252,78085333.33333017,17390649.062458977,0.9999999999999982,0.22271338700984838,31.933801367900813,0.5322300227983469,1.3404335840649744
2430,200,45,2,300,0,0.6406267810995485,130619540.94672525,79568499.99999663,13042986.796844337,1.0000000000000056,0.16392148647825316,25.23205927774797,0.42053432129579954,1.1922982915779505
2431,200,45,2,300,0,0.6046847659558221,123470061.61339317,74094166.66666393,13042986.796844315,1.000000000000004,0.17603257292199967,26.693110515484626,0.4448851752580771,1.190395999551499
2432,200,45,2,300,0,0.6779379182108062,128548442.61339487,77982666.6666645,13042986.7968443,1.0000000000000027,0.16725494721277376,25.638583657617758,0.4273097276269626,1.239051603607988
2433,200,45,2,300,0,0.6132508929520082,112856504.8848401,65985333.3333318,13031556.63812225,0.9991236548115818,0.19749171489809683,29.2034562240171,0.486724270400285,1.2579685352707708
2434,200,45,2,300,0,0.6589175458224871,130329826.61339144,79346666.66666313,13042986.796844311,1.0000000000000036,0.16437976974682691,25.288148428038767,0.42146914046731276,1.2118905020872615
2435,200,45,2,300,0,0.7175776822740741,123871708.87289731,74402166.66666383,13042693.609682245,0.9999775214706121,0.17529991657522623,26.60655956059963,0.4434426593433272,1.3012602748775823
2436,200,45,2,300,0,0.6484862335753274,114838489.94672802,67484999.9999983,13042986.796844328,1.0000000000000049,0.19327238344587178,28.699436935550754,0.4783239489258459,1.2814280892578707
2437,200,45,2,300,0,0.6830054449738828,126269037.28005831,76237333.33332984,13042986.796844337,1.0000000000000056,0.17108398505777922,26.101410694136227,0.4350235115689371,1.2548961445890434
2438,200,45,2,300,0,0.6435152787951652,116538466.61339407,68786666.66666476,13042986.796844326,1.0000000000000047,0.18961504356723233,28.280790847656522,0.4713465141276087,1.2665538277765598
2439,200,45,2,300,0,0.6523175427698596,117937280.21817248,69875666.66666448,13031556.638122236,0.9991236548115808,0.18649634786724958,27.94536209333547,0.4657560348889245,1.2672706559525837
