int(self),self.nb_electrical,self.nb_activeCS_Cparking,self.nb_activeCS_Cparking_fast,self.nb_solar,self.nb_wind,self.avg_statisfied_day,self.monthly_profit,self.monthly_energy_consumption,self.monthly_renew_charge,self.self_consumption,self.self_sufficiency,self.payback_period,self.payback_period_norm,self.metric
0,150,30,2,300,0,0.6543072828110713,98052530.28006616,54627833.333333544,13042986.796844333,1.0000000000000053,0.23876082943391405,33.61259511188798,0.5602099185314663,1.4055258648896687
1,150,30,2,300,0,0.6043452477089469,101433328.94673105,57216499.999999925,13042986.796844298,1.0000000000000024,0.22795848744408193,32.49227876303685,0.5415379793839475,1.32825001704816
2,150,30,2,300,0,0.5647167956509017,91307587.61679976,49489000.00000084,13026575.703659553,0.9987417687803929,0.2632216392260771,36.0955763482859,0.6015929391380984,1.3768870461698617
3,150,30,2,300,0,0.622066162047639,91422621.28006926,49551333.33333431,13042986.796844337,1.0000000000000056,0.26322171210012674,36.050158635284134,0.6008359772547356,1.433479508982476
4,150,30,2,300,0,0.5657114235856243,99390962.6133981,55652666.666666634,13042986.796844311,1.0000000000000036,0.2343640939070482,33.159956532664864,0.5526659422110811,1.305868640922344
5,150,30,2,300,0,0.605464983360004,95804251.28006649,52906333.3333336,13042986.79684434,1.000000000000006,0.24652978150399657,34.40139613810374,0.573356602301729,1.3760454108649303
6,150,30,2,300,0,0.595445514324871,103015983.28006278,58428333.33333276,13042986.796844315,1.000000000000004,0.22323051253976856,31.993093644895136,0.533218227414919,1.307248151771605
7,150,30,2,300,0,0.5695399436566072,93845686.61340196,51406666.66666751,13042986.796844339,1.0000000000000058,0.2537216988103513,35.11935517694142,0.585322586282357,1.3578398889872454
8,150,30,2,300,0,0.6461246635385598,105355246.94672967,60219499.999999456,13042986.79684434,1.000000000000006,0.21659075211259574,31.28273242685712,0.521378873780952,1.3407761390095885
9,150,30,2,300,0,0.5395500243264268,97564053.79054737,54261166.666666664,13038296.79057237,0.9996404193038798,0.24028780786576717,33.78088416739525,0.5630147361232541,1.2947950067422949
10,150,20,6,200,0,0.8480840758322358,69787257.63115762,39803500.00000066,8695324.531229507,1.0000000000000002,0.2184562797550306,31.49285520883912,0.5248809201473187,1.5477300197835788
11,150,20,6,200,0,0.49400060718457084,76657746.70101088,45076166.66666782,8687704.425414795,0.9991236548115783,0.19273387840761172,28.670292235070583,0.47783820391784304,1.1260259138285034
12,150,20,6,200,0,0.9040803445947619,62245107.63115779,34028500.00000048,8695324.531229496,0.9999999999999991,0.2555306443489832,35.308799095077084,0.5884799849179514,1.6969848449918998
13,150,20,6,200,0,0.540126008932569,72437784.63115841,41833000.00000091,8695324.531229502,0.9999999999999997,0.20785801953551772,30.340519263404385,0.5056753210567397,1.212087745617723
14,150,20,6,200,0,0.8244816047753312,77377294.29782495,45615166.66666772,8695324.531229502,0.9999999999999997,0.19062353963913975,28.403681208348733,0.4733946868058122,1.450375123292455
15,150,20,6,200,0,0.9571814257691672,69784863.29782456,39801666.66666733,8695324.531229509,1.0000000000000007,0.2184663422276127,31.49393573532318,0.524898928922053,1.6568534284733105
16,150,20,6,200,0,0.9882671128069658,68482345.96449138,38804333.33333405,8695324.531229498,0.9999999999999994,0.22408127609191425,32.09294262698851,0.5348823771164751,1.7024145107969724
17,150,20,6,200,0,0.5696600140572773,72528769.29782516,41902666.66666764,8695324.5312295,0.9999999999999996,0.20751243829897775,30.30245820076121,0.5050409700126869,1.2407109347091465
18,150,20,6,200,0,0.9558951861341206,65077603.964491025,36197333.3333339,8695324.53122951,1.0000000000000007,0.2402200308833811,33.77198707560298,0.5628664512600496,1.7109376621008752
19,150,20,6,200,0,0.9391577074010368,69114449.96449038,39288333.33333382,8695324.531229502,0.9999999999999997,0.22132077880361584,31.799428355853017,0.5299904725975503,1.6462048030414795
20,150,45,4,500,0,0.7984597830614614,140697775.57788146,73643166.66666445,21738311.32807366,0.9999999999999946,0.2951843641714798,39.03260003538637,0.6505433339231063,1.6851506083217513
21,150,45,4,500,0,0.7157646660516748,148041195.9112121,79265999.99999654,21738311.328073595,0.9999999999999915,0.2742450903044753,37.09643093732987,0.6182738489554979,1.553434587250753
22,150,45,4,500,0,0.7933533199484949,138516537.91121167,71972999.99999705,21738311.328073602,0.9999999999999918,0.3020342535127686,39.64725138827981,0.6607875231379968,1.6957682458967067
23,150,45,4,500,0,0.8279503802743426,129638349.91121626,65174999.99999866,21738311.328073647,0.9999999999999938,0.33353757311966387,42.36246453122165,0.7060410755203608,1.8008215142904345
24,150,45,4,500,0,0.7877143288676215,142658009.9191761,75173999.99999684,21719261.063536815,0.9991236548115693,0.2889198534538235,38.496261115036006,0.6416043519172667,1.660454563547947
25,150,45,4,500,0,0.7755071352007166,126020512.24455114,62404833.33333236,21738311.32807359,0.9999999999999912,0.34834339212091897,43.57861987850676,0.7263103313084459,1.7804921802058975
26,150,45,4,500,0,0.738260632842249,137872462.24454588,71479833.33333081,21738311.328073625,0.9999999999999928,0.30411810316766813,39.83246480547461,0.6638744134245768,1.6454295288009604
27,150,45,4,500,0,0.7687322096141594,150138631.91121215,80871999.99999654,21738311.328073636,0.9999999999999933,0.2687989826896152,36.5781939670777,0.6096365661179617,1.5934079618838133
28,150,45,4,500,0,0.8035586104791315,143479990.91121286,75773499.9999971,21738311.328073647,0.9999999999999938,0.2868854062181961,38.27572029467434,0.6379286715779057,1.6709956070315939
29,150,45,4,500,0,0.7654503294824955,141186219.5778805,74017166.66666412,21738311.328073673,0.999999999999995,0.29369283244753247,38.8975639153695,0.648292731922825,1.6486973273633465
30,150,50,2,700,0,0.8830670388514734,160265468.620165,75184999.99999751,30306340.63128828,0.9958172849079383,0.4030902524611197,47.9691605820613,0.7994860097010217,2.005025250521391
31,150,50,2,700,0,0.828744384553634,177624688.51106477,88577499.999995,30242219.05535093,0.9937103537402727,0.34142100483026316,43.281145568461355,0.7213524261410226,1.823233614558867
32,150,50,2,700,0,0.8601948788099344,168160506.67773357,81299166.66666293,30262385.722017597,0.9943729977555952,0.3722348821371968,45.71703637128702,0.761950606188117,1.919933390707809
33,150,50,2,700,0,0.8411322623848352,158043527.28683153,73483666.66666403,30306340.63128832,0.9958172849079396,0.41242281456590446,48.64356125162591,0.8107260208604319,1.9817965348979907
34,150,50,2,700,0,0.8233865752565419,172430434.28324357,84655999.99999565,30206701.618639324,0.9925433082753207,0.3568170196872151,44.584936713501534,0.743082278558359,1.851922469564673
35,150,50,2,700,0,0.8306002614722796,158587259.8444027,73960333.33333065,30267885.72201757,0.9945537188506822,0.4092448527186015,48.476781852103734,0.8079463642017289,1.9659425078488897
36,150,50,2,700,0,0.8069608612298826,161036443.9534957,75775333.33333,30306340.631288256,0.9958172849079375,0.39994994806519607,47.73950424675356,0.7956584041125594,1.922579223794599
37,150,50,2,700,0,0.8164485755831143,176139898.6201606,87339999.99999517,30306340.631288238,0.9958172849079369,0.3469926795430492,43.645988559233054,0.7274331426538843,1.821475861871438
38,150,50,2,700,0,0.8324760480750475,166621967.1201608,79997499.99999592,30341173.964621603,0.9969618518434948,0.37927652694925656,46.13917440103129,0.7689862400171882,1.9048835096516408
39,150,50,2,700,0,0.7568090117845097,165473143.62016347,79172499.99999668,30306340.631288238,0.9958172849079369,0.38278872880469245,46.45950292481913,0.7743250487469855,1.837365043575249
40,150,30,2,700,0,0.6466432146465133,133425142.28684434,54627833.333333634,30306340.631288223,0.9958172849079364,0.5547783754549065,57.61882556941454,0.9603137594902423,2.050779674500681
41,150,30,2,700,0,0.6085903103151177,145437815.84440854,63926499.99999867,30242219.055350926,0.9937103537402726,0.4730779732247433,52.85970471548141,0.8809950785913568,1.8680477674862692
42,150,30,2,700,0,0.6583747745574906,136045464.01107967,56703166.66666634,30262385.722017594,0.994372997755595,0.5336983364600643,56.50905052868134,0.9418175088113557,2.0271509525368976
43,150,30,2,700,0,0.6285817023743024,124712163.28684768,47956333.33333464,30306340.63128827,0.9958172849079381,0.6319570018131936,61.644348052222156,0.972966330818316,2.107113634643173
44,150,30,2,700,0,0.6938430466781232,135343380.84639093,56684833.33333331,29931424.359715566,0.9834981432415933,0.5280323253965448,56.80218679275739,0.9467031132126231,2.062972020207982
45,150,30,2,700,0,0.6313200402091927,133537894.84441535,54774500.00000024,30267885.722017553,0.9945537188506816,0.5525908172966877,57.57017518478208,0.959502919746368,2.032895613792911
46,150,30,2,700,0,0.6932267116445698,132864868.28684434,54198833.3333336,30306340.631288156,0.9958172849079342,0.5591696124692969,57.86179671967665,0.9643632786612775,2.104925680281285
47,150,30,2,700,0,0.6080266703706275,134107527.28684415,55150333.333333574,30306340.63128824,0.9958172849079371,0.5495223473648653,57.32564126364417,0.9554273543940696,2.0030719026565893
48,150,30,2,700,0,0.6227490875433079,135617895.1201766,56252166.66666669,30341173.964621563,0.9969618518434934,0.5393778722233791,56.6872092594235,0.9447868209903916,1.9990382063124028
49,150,30,2,700,0,0.5859582895967393,131727559.95351171,53328000.00000044,30306340.631288264,0.9958172849079377,0.568300716908341,58.36136342852718,0.972689390475453,2.013288253598865
50,150,35,8,600,0,0.7319628327913446,129471064.5601333,58222999.999999836,26085973.59368834,0.9999999999999928,0.4480355459816295,50.89785908834745,0.8482976514724575,1.9386889210491058
51,150,35,8,600,0,0.6610788602322862,150850066.89345804,74592833.33333093,26085973.593688264,0.9999999999999898,0.3497115262684633,43.68443538479983,0.7280739230799972,1.668922004327054
52,150,35,8,600,0,0.6630355503460096,135243802.22679576,62643166.666665435,26085973.593688294,0.999999999999991,0.41642169420482905,48.725338178154,0.8120889696358999,1.8082618753457727
53,150,35,8,600,0,0.6745096888183464,135895060.8934639,63141833.33333254,26085973.593688298,0.9999999999999911,0.4131329772446998,48.491828596818024,0.8081971432803005,1.8132132138944068
54,150,35,8,600,0,0.6696256166563251,134414014.4363541,62043666.666665815,26063113.27624411,0.9991236548115672,0.420076934141725,49.02613784457954,0.817102297409659,1.8227894613793643
55,150,35,8,600,0,0.905117468323323,130091196.89346494,58697833.33333273,26085973.593688287,0.9999999999999908,0.44441118372379257,50.65523384642666,0.8442538974404443,2.104900312742801
56,150,35,8,600,0,0.9115794115071948,135911821.22679842,63154666.6666662,26085973.593688395,0.9999999999999949,0.41304902662809695,48.48584869599743,0.8080974782666239,2.0501161110762967
57,150,35,8,600,0,0.6390720162198936,135265351.2267966,62659666.66666568,26085973.59368822,0.9999999999999882,0.41631203901002717,48.717575788873084,0.8119595964812181,1.7840812439091334
58,150,35,8,600,0,0.710262871612727,135227041.89346424,62630333.33333262,26085973.593688298,0.9999999999999911,0.41650702152346725,48.731377302415844,0.8121896217069308,1.8556581105384318
59,150,35,8,600,0,0.6516995179971977,139290225.5601283,65741499.99999867,26085973.593688283,0.9999999999999906,0.39679614237108696,47.30985231376008,0.788497538562668,1.7576339704567352
60,150,40,10,600,0,0.795749599371052,147005328.56012726,71650333.33333187,26085973.59368836,0.9999999999999936,0.3640733040603053,44.82694650966124,0.7471157751610207,1.8341240177803169
61,150,40,10,600,0,0.7125090940880298,148772346.5601241,73003333.33333105,26085973.593688287,0.9999999999999908,0.3573257877771212,44.29452214989989,0.7382420358316648,1.7366117601413915
62,150,40,10,600,0,0.7333414009094013,142700317.22679344,68353999.99999821,26085973.593688242,0.999999999999989,0.381630535062892,46.17929467897986,0.769654911316331,1.8083007402760458
63,150,40,10,600,0,0.7214238356718496,134193250.89346418,61840166.666665934,26085973.593688216,0.999999999999988,0.42182896650809787,49.10679155713749,0.8184465259522915,1.8773335348306195
64,150,40,10,600,0,0.7640179148988788,143162423.56012514,68707833.33333121,26085973.59368822,0.9999999999999882,0.3796652045063619,46.03023500249998,0.7671705833749997,1.834920661878968
65,150,40,10,600,0,0.9023983661100825,135194082.22679645,62606499.999998964,26085973.59368828,0.9999999999999903,0.41666557935180387,48.743257777697714,0.8123876296282952,2.048118459219821
66,150,40,10,600,0,0.9034908101312351,140928510.56012985,66997333.33333241,26085973.59368831,0.9999999999999916,0.3893583863092362,46.759878280188985,0.7793313046698164,1.9943088238484403
67,150,40,10,600,0,0.7692103064723668,149658249.8934572,73681666.66666417,26085973.593688257,0.9999999999999896,0.35403615001953187,44.03232033443747,0.7338720055739578,1.78631123206195
68,150,40,10,600,0,0.7839894811046625,141354701.89346147,67323666.66666539,26085973.59368835,0.9999999999999931,0.387471076446948,46.61889496231055,0.7769815827051758,1.8709479249673966
69,150,40,10,600,0,0.7229430764112835,147831373.56012377,72282833.33333093,26085973.593688216,0.999999999999988,0.3608875356807506,44.57646466580313,0.7429410777633855,1.7545941827192695
70,150,20,4,600,0,0.5161266650994865,112792849.89347202,45448333.33333449,26085973.59368823,0.9999999999999886,0.5739698616088796,58.423916110141576,0.9737319351690262,1.9490344895556164
71,150,20,4,600,0,0.4831479014929934,116609417.22680525,48370666.66666771,26085973.593688298,0.9999999999999911,0.5392932409522522,56.51173084231132,0.9418621807051887,1.8564446749599837
72,150,20,4,600,0,0.5181216666263351,107595699.63107595,42276666.66666739,25571110.931058887,0.9802628542584199,0.6048516344175302,61.24594219467043,0.9794484192749722,1.9814513934353315
73,150,20,4,600,0,0.5379831460054291,98650378.448457,38688833.333334126,23492237.895780254,0.9005697184890263,0.6072097779061083,66.79954100169061,0.8928598231696417,1.9166107914999575
74,150,20,4,600,0,0.5677333994602919,105936876.62898225,41152833.33333422,25477847.54952593,0.976687623255521,0.6191031208752427,62.20496780435719,0.9639176017325877,2.026933497893074
75,150,20,4,600,0,0.853806309531602,93973788.53797828,35559333.333333954,23204554.679343976,0.8895414463257102,0.6525587659876517,70.1238090165623,0.8447368246313557,2.220590146953079
76,150,20,4,600,0,0.4789053804492707,111526036.29774429,45222833.33333447,25611444.264392175,0.9818090236275034,0.5663387801381646,59.08754779383551,0.9847924632305919,1.9167688677903945
77,150,20,4,600,0,0.5524917114562564,112759329.22680505,45422666.66666773,26085973.593688384,0.9999999999999944,0.5742941907202228,58.44128415082376,0.9740214025137294,1.985948466546164
78,150,20,4,600,0,0.4713808461539075,108858857.18293045,42460000.000001185,26070732.316378247,0.9994157290217464,0.6140068845119528,60.53526713886272,0.9911185561311008,1.9537049098945705
79,150,20,4,600,0,0.8294651097409498,93440704.91200703,33869000.00000036,24021778.54823759,0.920869541708408,0.7092556186553288,70.52386865237804,0.8391231420536513,2.235992746718864
80,150,30,8,500,0,0.9679539062795257,112914642.91122372,52365500.00000025,21738311.328073733,0.9999999999999978,0.4151265876975036,48.63673885341681,0.8106123142236135,2.1106674906611422
81,150,30,8,500,0,0.614546173788783,120363413.91122141,58068999.999999814,21738311.328073658,0.9999999999999943,0.3743531200481105,45.626821486225744,0.760447024770429,1.6744756945977004
82,150,30,8,500,0,0.6643396818343467,120147923.91121978,57903999.99999942,21738311.328073636,0.9999999999999934,0.3754198557625355,45.7086549748294,0.7618109162471567,1.7264864826915318
83,150,30,8,500,0,0.5866058544234524,114310539.24455722,53434333.33333372,21738311.32807366,0.9999999999999946,0.40682291650325014,48.04281421725064,0.8007135702875107,1.712777757913563
84,150,30,8,500,0,0.6631443427573045,123189533.27763925,60338666.66666576,21670929.531955536,0.9969003205860235,0.35915492882323985,44.580086098896224,0.7430014349816038,1.6934697207975002
85,150,30,8,500,0,0.899497443804856,104309408.91122793,45776500.00000132,21738311.32807363,0.9999999999999929,0.47487927928244844,52.64913354723132,0.8774855591205221,2.156886426351337
86,150,30,8,500,0,0.8757578804690755,116815011.91122244,55352000.00000002,21738311.328073677,0.9999999999999951,0.39272856135412754,47.0127932202214,0.7835465536703566,1.9734872832227341
87,150,30,8,500,0,0.6000168508069157,123890266.91121961,60769499.999999374,21738311.328073658,0.9999999999999943,0.35771746234663576,44.327937431400095,0.7387989571900015,1.624989777874226
88,150,30,8,500,0,0.644129252730037,120190020.67706251,57936999.999999724,21737822.68280351,0.9999775214706011,0.37519758846339324,45.69264543814222,0.7615440906357037,1.7058314141364552
89,150,30,8,500,0,0.5810670953265251,114439833.24455705,53533333.33333366,21738311.32807367,0.9999999999999948,0.40607057275355296,47.988535497636256,0.7998089249606043,1.705732478489972
90,150,25,8,600,0,0.8958656633514555,111538780.2268034,44489500.00000065,26085973.593688354,0.9999999999999933,0.5863400036792495,59.08079671124495,0.9846799451874159,2.349617611482271
91,150,25,8,600,0,0.5318073325774594,128579250.56013334,57537333.33333314,26085973.593688328,0.9999999999999923,0.4533747409280076,51.25088201473156,0.8541813669121926,1.7486884922320582
92,150,25,8,600,0,0.8542807273786505,103107148.62023965,38831833.33333405,25577081.968555458,0.9804917526537634,0.658662745819924,63.91215437710631,0.9368776580806963,2.318088582115286
93,150,25,8,600,0,0.975869217803123,103567110.59556174,41341666.666667454,24201835.33214178,0.9277719785010204,0.5854102479050511,63.62830788756599,0.941320315640913,2.385517731768077
94,150,25,8,600,0,0.8972496549898786,114778313.22680415,46970000.0000008,26085973.5936883,0.9999999999999913,0.5553752095739378,57.413284920631554,0.9568880820105259,2.298437904659555
95,150,25,8,600,0,1.0,107643303.37961334,44276833.33333438,24320363.939942677,0.9323157463376012,0.5492796595648312,61.2188570315471,0.9798906610891752,2.41931438874104
96,150,25,8,600,0,0.8539252727474124,105416813.45708595,41281166.66666755,25143131.50662879,0.963856358143065,0.6090702743372463,62.51184971249996,0.9590000404925287,2.300181532709738
97,150,25,8,600,0,0.5944724878706654,120273308.22680308,51177500.000000484,26085973.593688384,0.9999999999999944,0.5097156678948394,54.790211536988835,0.9131701922831472,1.915415214469684
98,150,25,8,600,0,0.8820915306971846,111976617.12109105,45068833.33333428,25930398.95286509,0.994036080721132,0.5753510138831611,58.849786405619106,0.9808297734269851,2.3232021152306985
99,150,25,8,600,0,0.9003522721331879,111376639.49964842,45684833.333334394,25244955.5065775,0.9677597585502994,0.5525894189518091,59.16680580060778,0.9861134300101297,2.328537237304765
100,150,30,8,300,0,0.9848176164753369,89382649.28006858,47989333.33333397,13042986.79684428,1.000000000000001,0.2717892892207457,36.8729280967389,0.6145488016123151,1.8167978494642485
101,150,30,8,300,0,0.5968321907435867,102486835.6133984,58023166.66666672,13042986.796844298,1.0000000000000024,0.22478929617499252,32.1582765266794,0.5359712754446567,1.3126349031282376
102,150,30,8,300,0,0.9589729002284152,86231706.61340344,45576666.66666778,13042986.796844296,1.0000000000000024,0.2861768477329915,38.22028032885663,0.6370046721476105,1.824919050562419
103,150,30,8,300,0,0.622066162047639,93833714.94673538,51397500.00000073,13042986.796844326,1.0000000000000047,0.2537669496929645,35.12383583950457,0.5853972639917429,1.4104769857937534
104,150,30,8,300,0,0.609988080598822,99082625.18567412,55724166.666666694,12846931.927286325,0.9849685602989819,0.2305450704024822,33.26314773981709,0.5543857956636182,1.348809932584426
105,150,30,8,300,0,0.8736479869010421,89018710.61340286,47710666.666667655,13042986.79684434,1.000000000000006,0.27337674587466265,37.02367712685985,0.6170612854476641,1.7094106690484363
106,150,30,8,300,0,0.9141147907396209,96103542.94673477,53135500.00000065,13042986.79684434,1.000000000000006,0.24546652984999073,34.2942611577462,0.57157101929577,1.6820590339153836
107,150,30,8,300,0,0.5902052712127407,101194418.55151121,57051500.00000027,13031556.638122253,0.9991236548115823,0.22841742352299577,32.56898994209183,0.5428164990348638,1.3157557090660013
108,150,30,8,300,0,0.6319371099725831,104730325.94672966,59740999.99999948,13042986.796844333,1.0000000000000053,0.21832555191316597,31.46939504109235,0.5244899173515392,1.331087468854655
109,150,30,8,300,0,0.601546891511629,92227011.6167991,50193000.0000006,13026575.703659529,0.9987417687803912,0.2595297293180199,35.73573449060635,0.5955955748434392,1.4047662498094842
110,150,45,8,400,0,0.8664205601664224,127173140.92897336,70108499.99999878,17390649.06245902,1.0000000000000007,0.24805336103980724,34.54974822438295,0.5758291370730492,1.6406923860713172
111,150,45,8,400,0,0.7493305306812055,136398507.26230288,77172333.33333041,17390649.06245897,0.9999999999999979,0.22534823441638796,32.212962503691095,0.5368827083948516,1.4664918266091673
112,150,45,8,400,0,0.8247016779975932,129205929.92897004,71664999.99999759,17390649.06245898,0.9999999999999986,0.24266586286833972,34.00617914685075,0.5667696524475124,1.5856040207397775
113,150,45,8,400,0,0.7228065968574013,115103306.59564091,60866666.66666615,17390649.062459055,1.0000000000000029,0.2857171258892531,38.17266532086228,0.636211088681038,1.5875913862498419
114,150,45,8,400,0,0.7627131387227177,133697386.3554392,75188666.66666365,17336743.62556453,0.9969003205860302,0.23057655354395468,32.86376884226389,0.5477294807043981,1.4949038622622797
115,150,45,8,400,0,0.7349120432935972,115701889.92897493,61324999.99999956,17390649.062458992,0.9999999999999991,0.2835817213609314,37.97517916688474,0.6329196527814124,1.5946970731637546
116,150,45,8,400,0,0.7340362426728291,130125353.9289709,72368999.99999772,17390649.06245906,1.0000000000000029,0.24030522823943412,33.765902395918644,0.5627650399319774,1.4890454651963538
117,150,45,8,400,0,0.7619380744190646,139276495.92896858,79375999.99999641,17390649.062459018,1.0000000000000007,0.21909203112351094,31.547318667758923,0.5257886444626487,1.4630003437805221
118,150,45,8,400,0,0.8096507117635386,138996358.92896944,79161499.9999969,17390649.062458977,0.9999999999999982,0.21968569396056992,31.610899982245865,0.5268483330374311,1.5122475999694256
119,150,45,8,400,0,0.8299818723479879,133300239.92897178,74799999.99999797,17390649.062458962,0.9999999999999974,0.23249530832165022,32.961681106809785,0.5493613517801631,1.5653394707854713
120,150,45,6,500,0,0.7984597830614614,140702564.2445484,73646833.33333124,21738311.328073688,0.9999999999999957,0.2951696677803432,39.031271601098645,0.650521193351644,1.6851167106373799
121,150,45,6,500,0,0.7157646660516748,147978943.24454522,79218333.33332983,21738311.32807359,0.9999999999999912,0.27441010702162233,37.112036885710346,0.6185339480951725,1.5538266997641452
122,150,45,6,500,0,0.7933621817771093,133093372.91121462,67820499.99999823,21738311.328073636,0.9999999999999934,0.3205271463359044,41.26276072110315,0.6877126786850525,1.7374965775308853
123,150,45,6,500,0,0.8279503802743426,130754109.24454989,66029333.33333208,21738311.32807367,0.9999999999999948,0.3292220325523113,42.00097443766503,0.7000162406277505,1.7913442469439422
124,150,45,6,500,0,0.7877143288676215,142574208.25250944,75109833.33333015,21719261.063536815,0.9991236548115693,0.28916667897728965,38.51888828499484,0.6419814714165806,1.6610291434660338
125,150,45,6,500,0,0.7755071352007166,125917555.9112177,62325999.99999899,21738311.328073587,0.999999999999991,0.34878399589375125,43.61425188297153,0.7269041980495256,1.7814385299652433
126,150,45,6,500,0,0.738260632842249,137822181.24454588,71441333.3333308,21738311.328073625,0.9999999999999928,0.3042819935435284,39.8469966910158,0.66411661151693,1.6458028391940016
127,150,45,6,500,0,0.7708764190794297,146525582.91121206,78105499.9999967,21738311.328073632,0.9999999999999931,0.2783198536348215,37.48014436037279,0.6246690726728799,1.618201374660167
128,150,45,6,500,0,0.8035586104791315,144418569.57788023,76492166.66666384,21738311.328073647,0.9999999999999939,0.2841900324618135,38.026965756910165,0.6337827626151694,1.6646933990637516
129,150,45,6,500,0,0.7520723329047392,138933151.91121465,72291999.99999788,21738311.32807363,0.999999999999993,0.3007014791135155,39.52836255748045,0.6588060426246741,1.6514395588202258
130,150,20,2,200,0,0.5270360213141805,75313378.96449226,44034833.33333453,8695324.531229502,0.9999999999999997,0.19746468586375027,29.182066058092936,0.48636776763488226,1.171375537640063
131,150,20,2,200,0,0.49400060718457084,75314525.70101117,44047666.66666793,8687704.425414793,0.999123654811578,0.19723415751302478,29.18162173290421,0.4863603622150701,1.1381482954100608
132,150,20,2,200,0,0.5019304977552252,71398643.96449153,41037333.3333342,8695324.531229498,0.9999999999999994,0.21188814732672642,30.782097221524616,0.513034953692077,1.1844759693086835
133,150,20,2,200,0,0.5349164986165126,71087380.63115843,40799000.000000894,8695324.531229502,0.9999999999999997,0.21312592296941865,30.91687976806222,0.5152813294677037,1.2206985664597512
134,150,20,2,200,0,0.5081590588439711,68798397.96449172,39046333.33333415,8695324.531229502,0.9999999999999999,0.22269247299095912,31.94551130586398,0.5324251884310663,1.2187382256678045
135,150,20,2,200,0,0.8928133742414269,60638509.96449095,32798333.333333686,8695324.531229509,1.0000000000000007,0.2651148289413918,36.24429428241229,0.6040715713735382,1.7089768087680786
136,150,20,2,200,0,0.47929262164387876,77080396.96449207,45387833.33333456,8695324.531229505,1.0000000000000002,0.19157831279078322,28.513086161354888,0.47521810268924813,1.1077733745657534
137,150,20,2,200,0,0.5696600140572773,72519191.96449193,41895333.33333433,8695324.531229502,0.9999999999999997,0.20754876114832108,30.306460130941943,0.5051076688490324,1.2408066918249665
138,150,20,2,200,0,0.5054908209672818,76986185.50542286,45323666.66666788,8690244.105459506,0.9994157290217575,0.19173744634060072,28.54797890778974,0.47579964846316236,1.1346804265029249
139,150,20,2,200,0,0.4784425472402422,73886356.29782513,42942166.66666766,8695324.531229502,0.9999999999999997,0.202489189675167,29.745681207244658,0.4957613534540776,1.1361952524344534
140,150,30,4,500,0,0.5923940359289908,113477311.24455847,52796333.333334,21738311.328073617,0.9999999999999925,0.4117390348080992,48.39557740458312,0.806592956743052,1.7283782205185223
141,150,30,4,500,0,0.5914974072200019,136017565.24454677,70055333.33333102,21738311.328073576,0.9999999999999906,0.3103020183294295,40.37566758474364,0.6729277930790606,1.5126668149626061
142,150,30,4,500,0,0.6643396818343467,120277217.91121961,58002999.99999939,21738311.328073636,0.9999999999999934,0.37477908604854693,45.65951969435866,0.7609919949059776,1.7251549455791617
143,150,30,4,500,0,0.5866058544234524,114329693.91122381,53449000.00000038,21738311.32807366,0.9999999999999946,0.40671128230787307,48.03476517888995,0.8005794196481658,1.7125542999179166
144,150,30,4,500,0,0.6631443427573045,122526302.9443064,59830833.333332546,21670929.53195555,0.9969003205860241,0.3622033711484742,44.821396451472665,0.7470232741912111,1.699930313867295
145,150,30,4,500,0,0.5752123348166466,107125144.91122715,47932500.000001155,21738311.32807358,0.9999999999999907,0.453519247443239,51.265274875949665,0.8544212479324944,1.7924489807037323
146,150,30,4,500,0,0.6773789086279515,121450441.24455236,58901333.33333252,21738311.32807362,0.9999999999999926,0.369063145057394,45.21844419602991,0.7536407366004985,1.7262701612743652
147,150,30,4,500,0,0.5996510544549575,121115234.57788745,58644666.66666634,21738311.32807363,0.999999999999993,0.3706784020383852,45.34359380254763,0.7557265633757938,1.6519203394614594
148,150,30,4,500,0,0.6615397998501923,123102531.24455345,60166333.33333285,21738311.328073677,0.9999999999999951,0.36130357500164295,44.61159282817736,0.7435265471362893,1.6941092069877959
149,150,30,4,500,0,0.5810670953265251,114138147.2445573,53302333.33333372,21738311.328073647,0.9999999999999938,0.4078303888148765,48.11537713358035,0.8019229522263392,1.7092543586047655
150,150,50,2,300,0,0.9307927853024287,124737224.9467271,75065833.33333072,13042986.796844307,1.0000000000000033,0.1737539732480791,26.421944222404928,0.44036573704008214,1.5101617009409742
151,150,50,2,300,0,0.8578159361099281,136986634.2800572,84445166.66666211,13042986.796844339,1.0000000000000058,0.15445510159663817,24.059281530065373,0.40098802550108953,1.3823680428883283
152,150,50,2,300,0,0.8744982312659089,127469159.28005855,77157666.66666324,13042986.796844348,1.0000000000000064,0.16904330263371878,25.85566594001691,0.43092776566694846,1.4406606390398324
153,150,50,2,300,0,0.9073002008484085,114362578.61339423,67121999.99999827,13042986.796844328,1.0000000000000049,0.19431761265821437,28.81886749984486,0.48031445833074765,1.5430687493057278
154,150,50,2,300,0,0.8675192816462551,141796849.94672337,88128333.33332837,13042986.796844339,1.0000000000000058,0.14799992582988908,23.243111544708608,0.38738519241181013,1.3733044147219764
155,150,50,2,300,0,0.862195253070432,115068906.94672696,67662833.3333314,13042986.79684434,1.000000000000006,0.19276441961260926,28.641968429628385,0.47736614049380643,1.4937729292543258
156,150,50,2,300,0,0.8312873672578656,129463638.94672514,78684833.33332992,13042986.79684434,1.000000000000006,0.1657623997446976,25.457340970897906,0.4242890161816318,1.3881863032352555
157,150,50,2,300,0,0.8567604099388675,130675171.61339219,79612499.99999663,13042986.796844332,1.000000000000005,0.16383089083805785,25.221317556412004,0.4203552926068667,1.4081804152161805
158,150,50,2,300,0,0.8267177287987546,133165278.28005776,81519166.66666254,13042986.796844339,1.0000000000000058,0.15999902023260376,24.74969483462991,0.4124949139104985,1.3672118588953361
159,150,50,2,300,0,0.7887432835448148,125673409.28005967,75782666.66666368,13042986.796844324,1.0000000000000044,0.17211042274633828,26.225118096823508,0.4370853016137251,1.3635169233556106
160,150,25,4,700,0,0.5923477738965977,128611971.28684534,50941000.00000061,30306340.631288175,0.9958172849079349,0.5949302257766398,59.77515096828565,0.9962525161380942,2.0645444706560037
161,150,25,4,700,0,0.5035898794673942,130499009.17774948,52486500.00000045,30242219.05535092,0.9937103537402724,0.5761904309746442,58.91079210822694,0.9818465351371157,1.9463887593842253
162,150,25,4,700,0,0.5474751476560367,122306261.0874415,46350333.33333467,30154901.13263547,0.9908412281741019,0.6505864999022215,62.85696195474157,0.9534998296692897,2.0214441772471035
163,150,25,4,700,0,0.573274942652331,127076940.33402985,50537666.66666732,29814257.849695873,0.9796482414237048,0.5899413213186631,60.49720728081843,0.9917474527668423,2.036975452474104
164,150,25,4,700,0,0.5682425616911764,135273766.344414,56197166.666666634,30207385.722017553,0.9925657868047145,0.5375250660089785,56.831418298995715,0.947190304983262,1.9454529194816212
165,150,25,4,700,0,0.9145031562837415,114701815.79742318,41730333.3333343,29388319.731944047,0.9656526045001059,0.7042435893620955,67.02422229808073,0.8895225938018179,2.367420621575236
166,150,25,4,700,0,0.5772169521250178,126277496.2868466,49153500.000000976,30306340.631288134,0.9958172849079335,0.6165652625202179,60.88020610209693,0.9854369799678397,2.055906142109032
167,150,25,4,700,0,0.6213982370812003,131595310.62017858,53225333.33333389,30306340.631288238,0.9958172849079369,0.5693969155907197,58.4200148452795,0.9736669140879918,2.050582683641768
168,150,25,4,700,0,0.5397712868479575,130760319.81656478,53219833.3333339,29902334.87061764,0.9825423097278978,0.5618644967061275,58.793065134627376,0.9798844189104563,1.9691473031233158
169,150,25,4,700,0,0.5421335918576278,120641925.61302494,46948000.0000014,28961690.71727012,0.9516342658222607,0.6168887006319599,63.72411548419447,0.9398184211159224,1.975462973479118
170,150,25,10,200,0,0.9022773082165163,72931578.29782453,42212500.00000075,8695324.531229494,0.9999999999999988,0.20598932854555732,30.135094444618073,0.5022515740769679,1.5693203451299302
171,150,25,10,200,0,0.548600256779582,85955504.0343402,52196833.333333574,8687704.425414793,0.999123654811578,0.16644121626946884,25.569043247328917,0.4261507207888153,1.1079039505839723
172,150,25,10,200,0,0.9728546077929383,63129177.63115674,34706833.333333544,8695324.531229502,0.9999999999999999,0.25053638422489666,34.814329640741256,0.5802388273456877,1.7535225425185432
173,150,25,10,200,0,0.8605386583549757,71327374.96449167,40984166.66666753,8695324.531229502,0.9999999999999997,0.2121630190007357,30.812854126401163,0.5135475687733527,1.5438166423289168
174,150,25,10,200,0,0.8647569045203006,82623839.63115618,49633833.333333835,8695324.531229509,1.0000000000000007,0.17518946144725378,26.60007099417398,0.4433345165695663,1.4482429902476701
175,150,25,10,200,0,1.0,82415532.6311563,49474333.333333775,8695324.531229496,0.9999999999999991,0.17575425367825911,26.667303235617815,0.4444550539269636,1.585058456869571
176,150,25,10,200,0,0.943276646150236,78824032.63115829,46724333.333334364,8695324.531229498,0.9999999999999992,0.1860984183379675,27.882359308920122,0.46470598848200206,1.556861369302612
177,150,25,10,200,0,0.6177082443360793,80862795.0469741,48288166.666667834,8693565.664700933,0.9997977227276276,0.180035115532806,27.179372154070034,0.45298953590116725,1.2147258726634913
178,150,25,10,200,0,0.9489253206956538,69330100.47082755,39455166.66666725,8695129.073121453,0.9999775214706077,0.22037998588578575,31.700516587665724,0.5283419431277621,1.6535712525320445
179,150,25,10,200,0,0.9762306647200159,68142911.631157,38545833.33333364,8695324.531229502,0.9999999999999997,0.22558403280673048,32.25280439873514,0.537546739978919,1.6942446309443193
180,150,35,2,400,0,0.7613118260554123,117704824.92897199,62855833.333332285,17390649.06245899,0.9999999999999988,0.27667518096903143,37.32897103114849,0.6221495171858081,1.6048014880164456
181,150,35,2,400,0,0.6222122153124133,122215748.92897111,66309833.33333175,17390649.062458992,0.9999999999999991,0.2622635013277479,35.95117682053867,0.5991862803423111,1.4312092967169228
182,150,35,2,400,0,0.6740923417858609,111082098.92897578,57784833.33333308,17390649.06245899,0.999999999999999,0.3009552517377812,39.55452806855342,0.6592421344758903,1.574098677651976
183,150,35,2,400,0,0.6293205139633559,100669143.26231451,49811666.66666767,17390649.06245898,0.9999999999999986,0.3491280301627858,43.64594609244895,0.7274324348741492,1.6360553729677338
184,150,35,2,400,0,0.7042597994902298,119409342.6556069,64225333.33333205,17349629.407327477,0.9976412809559777,0.2701368526541109,36.79611580035516,0.613268596672586,1.5336378782861044
185,150,35,2,400,0,0.6752204988834762,114709513.92897414,60562333.333332784,17390649.062459055,1.0000000000000029,0.28715289034095803,38.30371038552699,0.6383951730921165,1.543337984248359
186,150,35,2,400,0,0.6588316109978847,118341616.73534435,63367333.33333243,17375408.850829612,0.9991236548115795,0.27420135796829903,37.12810523643734,0.6188017539406224,1.4969944513131463
187,150,35,2,400,0,0.6370095517005461,120142256.26230615,64722166.66666571,17390649.06245902,1.0000000000000009,0.26869695435297974,36.57164545342841,0.6095274242238068,1.4614945394067367
188,150,35,2,400,0,0.6806704765905897,114273745.2623074,60228666.666666076,17390649.06245899,0.9999999999999988,0.2887437166541817,38.449776804937464,0.6408296134156244,1.5524950633295593
189,150,35,2,400,0,0.602842281526837,116459771.595639,61902499.99999893,17390649.06245898,0.9999999999999986,0.2809361344446393,37.728049263704136,0.6288008210617356,1.4563920101442842
190,150,40,4,600,0,0.795749599371052,144934230.22679332,70064499.99999835,26085973.593688313,0.9999999999999918,0.3723137051386784,45.4675199205065,0.7577919986751083,1.851392562157103
191,150,40,4,600,0,0.7125090940880298,147905597.89345682,72339666.66666424,26085973.593688216,0.999999999999988,0.36060400601360837,44.55409459719662,0.7425682432866103,1.7435605421855267
192,150,40,4,600,0,0.7235247758455806,144029172.22679338,69371499.99999827,26085973.593688272,0.9999999999999902,0.37603300481738067,45.75323108587662,0.762553851431277,1.7869050311307624
193,150,40,4,600,0,0.7032643630164479,132244263.56013137,60347833.33333271,26085973.59368822,0.9999999999999882,0.4322603174434071,49.83051682240737,0.8305086137067895,1.879581230677963
194,150,40,4,600,0,0.7865550295449235,147065946.22831258,71921666.6666639,25942614.06946029,0.9945043445009496,0.3607065196319323,44.80846973078093,0.7468078288463488,1.8219280740968182
195,150,40,4,600,0,0.7123955315619435,129675143.89346565,58380666.66666623,26085973.593688197,0.9999999999999872,0.4468255517298259,50.81775737541372,0.846962622923562,1.916818595869366
196,150,40,4,600,0,0.722769366063902,143339604.22679132,68843499.99999775,26085973.59368822,0.9999999999999882,0.37891701603911876,45.973337484409726,0.7662222914068287,1.7921252703020256
197,150,40,4,600,0,0.7541250199535575,145937455.8934576,70832666.66666436,26085973.593688197,0.9999999999999872,0.368276034508876,45.154960113947155,0.7525826685657859,1.8013285161264443
198,150,40,4,600,0,0.7839894811046625,140667528.22679442,66797499.9999986,26085973.593688264,0.9999999999999898,0.39052320212116937,46.84663250338376,0.7807772083897293,1.8771852511913274
199,150,40,4,600,0,0.7229430764112835,147728417.22678977,72203999.99999747,26085973.593688183,0.9999999999999867,0.3612815577210279,44.60753133152079,0.7434588555253465,1.7554271781134523
200,150,45,4,400,0,0.812771189221022,125655133.59563893,68946166.66666514,17390649.06245898,0.9999999999999986,0.25223518439448217,34.967134841775334,0.5827855806962555,1.597344917432863
201,150,45,4,400,0,0.7493305306812055,136412873.2623029,77183333.33333042,17390649.06245897,0.9999999999999979,0.22531611827846637,32.2095700715235,0.5368261678587251,1.4664095931627035
202,150,45,4,400,0,0.8247016779975932,127941721.9289697,70696999.99999759,17390649.062459007,1.0,0.24598850110272857,34.34219841467615,0.5723699735779358,1.5938624524577119
203,150,45,4,400,0,0.7228065968574013,114059377.2623074,60067333.333332755,17390649.06245899,0.999999999999999,0.2895192461092411,38.522040935708276,0.642034015595138,1.5964560093399323
204,150,45,4,400,0,0.7627131387227177,133905693.35543878,75348166.66666351,17336743.625564512,0.9969003205860291,0.23008845991252036,32.81264515271291,0.5468774192118818,1.4936613258646159
205,150,45,4,400,0,0.7349120432935972,115766536.92897533,61374499.999999724,17390649.06245899,0.9999999999999988,0.2833530059301349,37.95397285396616,0.6325662142327693,1.5941606622704745
206,150,45,4,400,0,0.7340362426728291,128554671.26230243,71166333.33333069,17390649.062459037,1.0000000000000016,0.24436623678508587,34.1784546361206,0.5696409106020099,1.4991701427029076
207,150,45,4,400,0,0.7619380744190646,139321988.2623017,79410833.33332966,17390649.062459007,1.0,0.21899592703505788,31.537017629462667,0.5256169604910444,1.4627517765381555
208,150,45,4,400,0,0.8096507117635386,136764840.262302,77452833.33333007,17390649.062458977,0.9999999999999982,0.2245321225062958,32.126678110931934,0.5354446351821989,1.5247210449507742
209,150,45,4,400,0,0.8299818723479879,132711233.9289714,74348999.99999782,17390649.062458966,0.9999999999999977,0.23390562162852863,33.10797337888979,0.5517995563148298,1.5689059259656406
210,150,35,8,500,0,0.6428240968346277,120552402.58585343,58245000.00000012,21719261.063536834,0.9991236548115702,0.37289485901857305,45.55529282038923,0.7592548803398205,1.7003948643893065
211,150,35,8,500,0,0.6825761725917157,131054673.24455026,66256666.66666554,21738311.328073647,0.9999999999999938,0.3280924384173771,41.90464837337168,0.6984108062228613,1.6434609295484788
212,150,35,8,500,0,0.6667554329779469,119221877.91122097,57196333.33333303,21738311.328073654,0.9999999999999941,0.38006477095980107,46.063693142709006,0.7677282190451501,1.7385354687909378
213,150,35,8,500,0,0.6669037178965052,113628715.24455783,52913666.666667216,21738311.328073658,0.9999999999999943,0.41082602468310203,48.33109296519152,0.8055182160865254,1.8010827537295122
214,150,35,8,500,0,0.7334315970712838,129795253.91121547,65292333.33333177,21738311.328073643,0.9999999999999937,0.3329381907228643,42.311254337208545,0.7051875722868091,1.7049697219363842
215,150,35,8,500,0,0.646141212331452,113444351.57789005,52772500.00000022,21738311.328073632,0.9999999999999931,0.4119249860831596,48.40963806143641,0.8068273010239402,1.78250850222192
216,150,35,8,500,0,0.877072297440321,123938714.57788548,60807999.99999917,21738311.328073673,0.999999999999995,0.35749097697793003,44.31060963238284,0.7385101605397141,1.901575239562379
217,150,35,8,500,0,0.65709369638595,134931098.9112163,69224833.33333187,21738311.32807364,0.9999999999999936,0.3140247550095091,40.70077279674099,0.6783462132790166,1.586659713672574
218,150,35,8,500,0,0.6893616839122285,130939745.24454923,66168666.666665226,21738311.328073606,0.9999999999999919,0.32852877990701657,41.94142878270655,0.6990238130451092,1.651208520882951
219,150,35,8,500,0,0.6722386081822996,127712183.91121855,63697333.333332494,21738311.32807363,0.999999999999993,0.341275061144484,43.00137881768371,0.7166896469613951,1.661948304059282
220,150,45,2,400,0,0.812771189221022,125396545.5956381,68748166.66666494,17390649.06245898,0.9999999999999986,0.2529616410977178,35.039242740932714,0.5839873790155452,1.5991278811147414
221,150,45,2,400,0,0.7493305306812055,134925992.2623028,76044833.3333303,17390649.062458962,0.9999999999999974,0.22868942307007037,32.56451871377189,0.5427419785628648,1.4750240477001264
222,150,45,2,400,0,0.8247016779975932,128061438.59563588,70788666.66666412,17390649.062459007,1.0,0.24566996217557846,34.310094031301425,0.5718349005216904,1.5930725482597463
223,150,45,2,400,0,0.7228065968574013,112555735.92897484,58915999.99999959,17390649.06245898,0.9999999999999986,0.29517701579297817,39.03666004878317,0.6506110008130528,1.6095592103048366
224,150,45,2,400,0,0.7627131387227177,134008649.6887717,75426999.99999669,17336743.625564512,0.9969003205860291,0.22984798050519403,32.78743581257164,0.5464572635428606,1.4930487866697337
225,150,45,2,400,0,0.7349120432935972,115759353.92897543,61368999.99999973,17390649.06245899,0.9999999999999988,0.2833784005354342,37.95632794128958,0.6326054656881597,1.5942202294101042
226,150,45,2,400,0,0.7340362426728291,128590586.26230249,71193833.33333069,17390649.062459037,1.0000000000000016,0.2442718455829697,34.1689086869657,0.5694818114494283,1.4989355305886332
227,150,45,2,400,0,0.7619380744190646,138199045.92896828,78550999.99999638,17390649.062459007,1.0,0.22139309572710478,31.793273032133165,0.5298878838688861,1.4689404348696344
228,150,45,2,400,0,0.8096507117635386,136640334.92896864,77357499.9999967,17390649.06245898,0.9999999999999983,0.22480882994486273,32.155951625002096,0.5359325270833682,1.5254303028027971
229,150,45,2,400,0,0.8299818723479879,132771092.26230468,74394833.33333115,17390649.062458966,0.9999999999999977,0.23376151653622196,33.09304702652848,0.5515507837754747,1.5685418693524402
230,150,25,4,800,0,0.5895937844619262,135214805.23719007,50125166.6666676,34048806.36270721,0.9789400683211983,0.679275673817342,64.9766124692351,0.9204031106507704,2.0534174341665703
231,150,25,4,800,0,0.5141880206647917,147302854.25075704,58963666.66666596,34314774.1584966,0.9865869305755675,0.5819647267271431,59.644465442901264,0.9940744240483544,1.9738342260948607
232,150,25,4,800,0,0.536668275493966,125471680.11757033,45681166.66666818,32126277.75381426,0.9236652881221347,0.7032718316552015,70.02217545638561,0.846168930720928,1.9454546715390553
233,150,25,4,800,0,0.5597596044249747,116118483.49074496,43776333.33333455,28775626.561285444,0.8273304365448629,0.6573329552791382,75.66237291326887,0.7702504567205497,1.8558764253688351
234,150,25,4,800,0,0.5438708514812496,127406759.24679291,46841666.666668,32330995.240013987,0.9295511376227622,0.6902187206549668,68.9586647673966,0.8613011401297473,1.9573469681349707
235,150,25,4,800,0,0.9199625191885232,118352247.4563036,44467500.00000121,29425260.674946807,0.8460081210673952,0.6617250952931019,74.23433174130278,0.7888028502066884,2.2381454456296934
236,150,25,4,800,0,0.5269684498324554,132979169.6663069,48653000.000001065,33896055.79939985,0.9745483241499846,0.696689943053853,66.0689942796813,0.903797539266498,1.988117943542036
237,150,25,4,800,0,0.5868542660464591,138216643.880156,52365500.00000045,34085879.72026434,0.980005967512884,0.650922453146901,63.565427095870845,0.9423073488739353,2.049899577437915
238,150,25,4,800,0,0.5848039661440605,136663421.02719903,51612000.00000055,33808109.17221287,0.9720197633449472,0.6550435784742406,64.28786820909036,0.931029356339191,2.039868185262644
239,150,25,4,800,0,0.5103847073906762,133753111.26717056,51289333.33333388,32593415.61761944,0.9370960077613913,0.6354813661895734,65.68669630757559,0.9095745904541362,1.9283443907964712
240,150,25,4,600,0,0.57851629774737,121405827.8934707,52044666.66666741,26085973.59368834,0.9999999999999928,0.5012228008061275,54.27910763709231,0.9046517939515385,1.8841463323438106
241,150,25,4,600,0,0.5359760070517268,129527406.56013341,58263333.333333105,26085973.593688294,0.999999999999991,0.44772538921600313,50.87571947131258,0.8479286578552097,1.742084976279739
242,150,25,4,600,0,0.5498346461349422,119665147.56013685,50711833.333333954,26085973.593688186,0.9999999999999868,0.5143961848553664,55.0686656420855,0.9178110940347584,1.8791626880539938
243,150,25,4,600,0,0.5496029464842938,113903761.29549764,47021333.33333454,25626435.641203407,0.9823837147256674,0.5449959374724114,57.854103543641976,0.9642350590606996,1.9498347555229225
244,150,25,4,600,0,0.5380480471546796,116296320.56013864,48132333.333334416,26085973.593688246,0.9999999999999892,0.541963619611647,56.66387352807359,0.9443978921345598,1.916016834978557
245,150,25,4,600,0,0.8192373698833956,113626638.89347209,46088166.666667834,26085973.59368832,0.9999999999999919,0.5660015461746362,57.99520309826385,0.9665867183043975,2.2386253251275017
246,150,25,4,600,0,0.533977364870623,119113102.43636066,50325000.0000006,26063113.276244134,0.999123654811568,0.5178959419025101,55.323888516133444,0.9220648086022241,1.870358926994855
247,150,25,4,600,0,0.5897285733636789,122630378.10302669,53018166.66666715,26063113.2762442,0.9991236548115705,0.49158835385815486,53.73709273295761,0.8956182122159603,1.878617468666163
248,150,25,4,600,0,0.5780724638709277,120730522.84959516,51551500.00000057,26070732.316378236,0.999415729021746,0.5057220898786252,54.58271731506957,0.9097119552511596,1.8923620910249874
249,150,25,4,600,0,0.557060976531314,123045946.22680172,53300500.00000024,26085973.593688212,0.9999999999999878,0.4894132999444301,53.55560424439743,0.8925934040732905,1.8411850205601485
250,150,40,6,300,0,0.8013787170403311,113851463.61339624,66727833.33333215,13042986.796844313,1.0000000000000038,0.1954654623909245,28.94824445289083,0.4824707408815138,1.4402218278345846
251,150,40,6,300,0,0.7316537145788454,129632514.613392,78811333.33332999,13042986.79684434,1.000000000000006,0.16549633466648064,25.42417702710767,0.42373628378512784,1.2877870660971578
252,150,40,6,300,0,0.7515180400292697,112807534.28006116,65928499.99999837,13042986.796844319,1.0000000000000042,0.19783533368489561,29.216133665484577,0.4869355610914096,1.3967218680685958
253,150,40,6,300,0,0.7597947088339992,105109151.87290078,60034333.333332784,13042693.609682221,0.9999775214706101,0.2172539093132653,31.355975586077605,0.5225995931012934,1.456197429385905
254,150,40,6,300,0,0.7861230946530647,117046027.2181728,69191833.3333314,13031556.638122233,0.9991236548115807,0.18833951942482516,28.15815349167432,0.469302558194572,1.4060972683874968
255,150,40,6,300,0,0.7397131566859543,107700421.28006183,62017999.99999896,13042986.796844315,1.000000000000004,0.2103096971338085,30.60155160795215,0.5100258601325358,1.417986774525537
256,150,40,6,300,0,0.7148242813052246,121563611.28006199,72632999.99999821,13042986.796844274,1.0000000000000009,0.17957384104807178,27.11173158888012,0.45186219314800197,1.310345547291684
257,150,40,6,300,0,0.6751010628420004,119470963.94672723,71030666.66666463,13042986.796844332,1.000000000000005,0.18362472730339063,27.586619301654046,0.45977698836090075,1.2817778330456138
258,150,40,6,300,0,0.7627662171907994,120251516.61339399,71628333.33333114,13042986.796844337,1.0000000000000056,0.18209256295476284,27.407554539174132,0.4567925756529022,1.365232843207512
259,150,40,6,300,0,0.7015297358951313,114670325.61339444,67354833.33333156,13042986.796844333,1.0000000000000053,0.1936458922301247,28.741524735105692,0.47902541225176154,1.3354718619309927
260,150,35,10,300,0,0.922131040574678,103476247.83655545,58784000.00000009,13041814.138550635,0.9999100928098836,0.22185993022847397,31.850787682269246,0.5308464613711541,1.6304654461286112
261,150,35,10,300,0,0.6629506898743693,122992467.28006111,73725666.66666454,13042986.79684434,1.000000000000006,0.1769124293689405,26.79676302854604,0.446612717142434,1.251093350511956
262,150,35,10,300,0,0.7611924960735388,99298144.61339873,55583000.0,13042986.796844296,1.0000000000000024,0.23465784136956075,33.190952487900596,0.5531825414650099,1.5021013106341972
263,150,35,10,300,0,0.7432406303077171,98972515.28006606,55333666.66666688,13042986.796844296,1.0000000000000024,0.23571520888749306,33.300153994002855,0.5550025665667142,1.4868153639844257
264,150,35,10,300,0,0.7274954546699854,115077324.21817322,67682999.99999811,13031556.638122257,0.9991236548115825,0.19253810614367894,28.63987342764024,0.477331223794004,1.3588571633789326
265,150,35,10,300,0,0.8424454196710432,93075272.28006783,50818166.666667216,13042986.796844298,1.0000000000000024,0.2566599240464038,35.41004951436279,0.5901674919060464,1.6379408508142128
266,150,35,10,300,0,0.9403019044731058,106907335.94673067,61409333.33333292,13042986.79684434,1.000000000000006,0.21239420929789873,30.82856728973414,0.5138094548289023,1.624026726740327
267,150,35,10,300,0,0.6556221526584581,113376824.61339587,66362999.99999869,13042986.796844307,1.0000000000000033,0.19654004184326457,29.069432939565583,0.48449054899275973,1.2973447351258296
268,150,35,10,300,0,0.7222342748272629,112981759.61339626,66060499.99999879,13042986.796844333,1.0000000000000053,0.19744002538346778,29.171080458276176,0.48618467430460294,1.3663709694386401
269,150,35,10,300,0,0.6495846003892136,103072759.59146175,58485166.666666746,13035366.158189321,0.9994157290217615,0.22288328650038278,31.97547065842811,0.5329245109738019,1.3608157405633219
270,150,20,8,300,0,0.8963886325548183,76069033.9467346,37792333.333333455,13042986.796844278,1.0000000000000009,0.34512255916572765,43.326434279522985,0.7221072379920498,1.8945939178794502
271,150,20,8,300,0,0.4836873011424933,86467623.61340363,45754500.00000114,13042986.796844315,1.000000000000004,0.28506456844340977,38.116000674836485,0.6352666779139414,1.3470056338111625
272,150,20,8,300,0,0.8874687771792503,75882275.94673622,37649333.33333391,13042986.796844311,1.0000000000000036,0.34643340643953263,43.43306732541087,0.7238844554235144,1.8884999577543908
273,150,20,8,300,0,0.8564960776433506,79375608.28006947,40324166.66666728,13042986.796844315,1.000000000000004,0.3234533500632983,41.521571568574004,0.6920261928095667,1.807284950503556
274,150,20,8,300,0,0.7998109443251983,85603269.28006984,45092666.66666765,13042986.796844319,1.0000000000000042,0.28924851336161167,38.50086600334233,0.6416811000557056,1.672890855070193
275,150,20,8,300,0,0.9471545535002143,80764321.61340323,41387500.000000834,13042986.7968443,1.0000000000000027,0.31514314217684175,40.80762314547871,0.6801270524246451,1.8793961196663327
276,150,20,8,300,0,0.888946735061315,81001352.16989268,41570833.333334066,13041814.13855067,0.9999100928098863,0.31372510707147494,40.688209662072936,0.6781368277012156,1.8180636484197106
277,150,20,8,300,0,0.6005672512059224,83821885.28007042,43728666.666667715,13042986.79684432,1.0000000000000042,0.2982708550495634,39.31908700201489,0.6553181167002482,1.4945020519458212
278,150,20,8,300,0,0.8574653635763365,73703432.61340266,35981000.00000047,13042986.796844307,1.0000000000000033,0.36249650640182707,44.71704889631792,0.7452841482719653,1.8927467169697634
279,150,20,8,300,0,0.7906294230665745,76112131.94673617,37825333.333333924,13042986.796844313,1.0000000000000038,0.3448214634859559,43.30190096772516,0.721698349462086,1.7881849433174253
280,150,30,6,500,0,0.5923940359289908,113491677.24455845,52807333.333334,21738311.328073617,0.9999999999999925,0.4116532677546049,48.38945139709188,0.8064908566181981,1.7282075067508729
281,150,30,6,500,0,0.5914974072200019,136676006.91121367,70559499.99999772,21738311.328073613,0.9999999999999922,0.3080848266792468,40.18115632810035,0.6696859388016725,1.5076512073650719
282,150,30,6,500,0,0.6643396818343467,120164684.24455296,57916833.33333274,21738311.328073636,0.9999999999999934,0.3753366694439531,45.70227962171791,0.7617046603619653,1.7263136777514745
283,150,30,6,500,0,0.5866058544234524,114329693.91122381,53449000.00000038,21738311.32807367,0.9999999999999948,0.4067112823078732,48.03476517888995,0.8005794196481658,1.7125542999179166
284,150,30,6,500,0,0.6631443427573045,122442501.27763963,59766666.66666587,21670929.53195555,0.9969003205860241,0.3625922397984803,44.85207295420474,0.7475345492367457,1.7007526838328344
285,150,30,6,500,0,0.5927659978127526,106859373.91122693,47729000.00000109,21738311.328073587,0.999999999999991,0.4554528971500155,51.392777245375726,0.8565462874229287,1.8136746029556936
286,150,30,6,500,0,0.8950483424350861,116089528.9112218,54796499.99999991,21738311.328073673,0.999999999999995,0.3967098505939925,47.30659217507717,0.7884432029179529,2.0008594258282333
287,150,30,6,500,0,0.5996510544549575,122403385.91122016,59630999.999999516,21738311.328073654,0.9999999999999942,0.3645471537970826,44.866405934091006,0.74777343223485,1.6390622097274736
288,150,30,6,500,0,0.644129252730037,120213964.01039596,57955333.33333307,21737822.68280351,0.9999775214706011,0.37507890012084494,45.68354471303413,0.7613924118839022,1.7055847847106151
289,150,30,6,500,0,0.5810670953265251,114107020.91122398,53278500.00000039,21738311.32807363,0.999999999999993,0.4080128255876849,48.12850213899333,0.8021417023165556,1.7096190581132287
290,150,35,2,200,0,0.7422259463656266,100252043.63115229,63134499.999998935,8695324.53122951,1.0000000000000009,0.13772698811631767,21.922745117158453,0.36537908528597424,1.217786622144655
291,150,35,2,200,0,0.6408746137866143,111538930.96448435,71776833.33333133,8695324.5312295,0.9999999999999996,0.12114388622925795,19.704330864528476,0.32840551440880794,1.0661952371788286
292,150,35,2,200,0,0.7057645839508984,102979189.29781853,65222666.66666529,8695324.531229496,0.9999999999999991,0.1333175255723421,21.342176171574867,0.35570293619291443,1.1681215406016865
293,150,35,2,200,0,0.7089749775145431,94373955.29782017,58633666.66666645,8695324.531229502,0.9999999999999997,0.1482991773423039,23.288204813121407,0.38813674688535676,1.215751066273743
294,150,35,2,200,0,0.6988586028395468,104097342.96448484,66078833.33333173,8695324.531229496,0.9999999999999991,0.13159016424164632,21.112930814668623,0.35188218024447704,1.156012914477341
295,150,35,2,200,0,0.6635493761737916,94060297.63115239,58393499.99999956,8695324.531229498,0.9999999999999992,0.14890911713169383,23.365862700312118,0.389431045005202,1.1721077148843486
296,150,35,2,200,0,0.6787606221223383,105514788.29781835,67164166.66666514,8695324.531229498,0.9999999999999994,0.12946374477307637,20.829307772448445,0.3471551295408074,1.1294867474816068
297,150,35,2,200,0,0.6185586686083113,106568294.96448533,67970833.33333181,8695324.531229502,0.9999999999999997,0.12792729035095488,20.623394610305372,0.34372324350508954,1.0646237443941646
298,150,35,2,200,0,0.6915759477616382,96169705.29781899,60008666.66666601,8695324.531229502,0.9999999999999999,0.14490114535505313,22.8533506803815,0.3808891780063583,1.1883860420520391
299,150,35,2,200,0,0.651738456112712,99332619.63115278,62430499.999999136,8695324.531229503,1.0,0.1392800719396709,22.1256623268468,0.36876103878078,1.1319235524452287
300,150,40,10,700,0,0.8005161498380973,150014205.62017077,67332833.33333205,30306340.631288264,0.9958172849079377,0.45009751009966176,51.247146683329206,0.8541191113888201,2.0147132693066467
301,150,40,10,700,0,0.7506032366835541,165228102.84440342,79082666.66666397,30242219.055350944,0.9937103537402733,0.3824127375828497,46.52840447632362,0.775473407938727,1.8320068346885607
302,150,40,10,700,0,0.7407799137070658,149356685.0110752,66898333.333331995,30262385.722017564,0.994372997755594,0.4523638215503849,51.472754630500326,0.8578792438416721,1.9605502147890457
303,150,40,10,700,0,0.8247900692668598,143154440.620174,62080333.33333285,30306340.631288107,0.9958172849079326,0.4881794121265727,53.70283986088658,0.8950473310147763,2.1103809299828944
304,150,40,10,700,0,0.7352576885747889,160918759.34440106,75837666.66666362,30207385.72201762,0.9925657868047167,0.39831639144161657,47.77441754659841,0.7962402924433067,1.850151094171389
305,150,40,10,700,0,0.7338526285234742,150478925.17774034,67748999.99999838,30267885.72201746,0.9945537188506786,0.4467650551597541,51.088881655151674,0.8514813609191946,1.9427460335704723
306,150,40,10,700,0,0.9217074298347284,147112273.62017146,65110833.33333224,30306340.631288253,0.9958172849079374,0.46545772922512274,52.25804625825509,0.8709674376375849,2.1650410508524116
307,150,40,10,700,0,0.7097518983806831,160764762.2868331,75564499.9999978,30306340.631288245,0.9958172849079372,0.40106585276537443,47.82018080730645,0.7970030134551075,1.8276075940480903
308,150,40,10,700,0,0.7579340544523959,156504786.78683287,72247999.99999766,30341173.96462167,0.996961851843497,0.41995866964653217,49.12182021928286,0.8186970036547143,1.912597993824336
309,150,40,10,700,0,0.7078432055686251,149434257.68009466,66916666.666665465,30288559.141093224,0.9952330139296937,0.4526310207884498,51.44603465998982,0.8574339109998304,1.9273819331992155
310,150,35,6,800,0,0.7288569516642958,148408025.25639126,59707999.9999997,34381508.3405201,0.9885056106025123,0.5758274995062683,59.20030257677481,0.9866717096129135,2.176190660882224
311,150,35,6,800,0,0.6874444206032846,166439488.25074852,73619333.33333072,34314774.15849657,0.9865869305755666,0.4661109059916026,52.78675206429258,0.879779201071543,1.9401123464681098
312,150,35,6,800,0,0.7038473534096069,150471061.41742355,61423999.99999937,34294607.4918298,0.9860071170621564,0.5583258578378183,58.388635776464746,0.9731439296077458,2.1236519692876072
313,150,35,6,800,0,0.6553219506970908,125774959.89238118,49305666.6666676,29965882.16644418,0.8615515746083101,0.6077573673028173,69.85333175631726,0.8485534558000923,1.9900813003394369
314,150,35,6,800,0,0.6917351768838792,157224922.6329303,66850666.66666491,34131910.83436016,0.9813294119090794,0.5105694907210259,55.880453638460494,0.9313408939743416,2.0315316634350418
315,150,35,6,800,0,0.6905007120466665,143010852.25075948,55639833.33333338,34340440.825163186,0.987324875047174,0.6171916551121317,61.43449858332931,0.9763752297698877,2.1606292659062594
316,150,35,6,800,0,0.6395618918284695,153215846.58972198,63389333.33333236,34381508.34052006,0.9885056106025113,0.542386337457205,57.342632603313035,0.9557105433885505,2.029181505182784
317,150,35,6,800,0,0.6417819461808468,159137032.92305148,67923166.6666648,34381508.340520166,0.9885056106025143,0.506182353205771,55.209022303741534,0.9201503717290256,1.9668782004744891
318,150,35,6,800,0,0.6871537346900572,150125764.58677837,61000499.9999992,34396019.97077351,0.9889228356928841,0.5638645580081141,58.52293258377695,0.9753822097296159,2.113627590826164
319,150,35,6,800,0,0.663074234310121,152988384.92305452,63215166.66666554,34381508.3405202,0.9885056106025152,0.5438806880287823,57.42788908072215,0.9571314846787026,2.0553102694118492
320,150,35,6,200,0,0.7643434313860716,100177819.2978181,63077666.66666538,8695324.531229505,1.0000000000000002,0.13785108090919157,21.93898824515407,0.3656498040859012,1.240274100199326
321,150,35,6,200,0,0.6590061723273972,114258893.63115123,73859499.99999794,8695324.531229503,1.0,0.11772790949342665,19.23526414578198,0.320587735763033,1.0737762356851714
322,150,35,6,200,0,0.7115469740510597,100623165.29781982,63418666.6666658,8695324.531229496,0.9999999999999991,0.1371098603654489,21.841888927813518,0.3640314821302253,1.1852663444736442
323,150,35,6,200,0,0.7089749775145431,95264647.29782048,59315666.666666456,8695324.531229498,0.9999999999999994,0.14659406224150218,23.0704680313269,0.38450780052211503,1.2107580278298598
324,150,35,6,200,0,0.7132967518886439,103221016.96448468,65407833.33333176,8695324.531229502,0.9999999999999997,0.13294010958773608,21.29217541768842,0.35486959029480697,1.1745184298536397
325,150,35,6,200,0,0.6635493761737916,95736330.964485,59676833.33333248,8695324.531229494,0.9999999999999988,0.14570686890607384,22.956802061020188,0.38261336768366977,1.1627282389823206
326,150,35,6,200,0,0.9247559088760479,96835329.96448691,60518333.33333306,8695324.531229498,0.9999999999999992,0.14368083277072297,22.696261796247448,0.3782710299374575,1.4179716050300837
327,150,35,6,200,0,0.6193347523460968,102986372.29781921,65228166.66666558,8695324.5312295,0.9999999999999996,0.1333062843183233,21.340687616846367,0.35567812694743944,1.0816579067481948
328,150,35,6,200,0,0.6915759477616382,96926314.63115208,60587999.99999918,8695324.531229502,0.9999999999999999,0.14351562242077012,22.674956830491396,0.3779159471748566,1.184304392873111
329,150,35,6,200,0,0.651738456112712,100321479.29782036,63187666.66666612,8695324.531229505,1.0000000000000002,0.13761110339933816,21.90757169235393,0.3651261948725655,1.126953533704748
330,150,35,10,500,0,0.9527476061063906,120308905.24455409,58028666.66666629,21738311.328073703,0.9999999999999963,0.3746133174650548,45.647493748170334,0.7607915624695055,2.01322982254794
331,150,35,10,500,0,0.6825761725917157,131018758.24455017,66229166.66666551,21738311.328073647,0.9999999999999938,0.32822867057173744,41.91613531971813,0.6986022553286355,1.6437613643777411
332,150,35,10,500,0,0.6804980912853662,118532598.98618291,56748999.99999989,21687036.759159237,0.9976412809559716,0.3821571615210714,46.33155812807384,0.7721926354678973,1.7584164559701208
333,150,35,10,500,0,0.6669037178965052,113576039.91122432,52873333.33333385,21738311.328073647,0.9999999999999939,0.41113941485449695,48.35350840100267,0.8058918066833779,1.8017070564634805
334,150,35,10,500,0,0.7334315970712838,129819197.24454874,65310666.66666503,21738311.328073643,0.9999999999999937,0.3328447317652173,42.30345061874589,0.7050575103124316,1.7047648927958892
335,150,35,10,500,0,0.882498881399434,113774769.57789044,53025500.000000305,21738311.328073654,0.9999999999999941,0.40995957281069534,48.26904963529988,0.8044841605883313,2.0149507002363216
336,150,35,10,500,0,0.860784664400755,123605902.24455246,60553166.66666591,21738311.328073673,0.999999999999995,0.35899545019237544,44.42991718255132,0.7404986197091887,1.888479644263844
337,150,35,10,500,0,0.65709369638595,136372487.57788336,70328499.99999857,21738311.32807368,0.9999999999999953,0.30909675775928847,40.270586080374834,0.6711764346729139,1.5755475372662948
338,150,35,10,500,0,0.6893616839122285,130903830.24454911,66141166.66666519,21738311.328073606,0.9999999999999919,0.32866537473747953,41.9529359052401,0.6992155984206684,1.6515095821228805
339,150,35,10,500,0,0.6802551830087009,129498356.57788524,65064999.99999919,21738311.328073647,0.9999999999999939,0.3341014574360089,42.40826019052236,0.706804336508706,1.654340685466214
340,150,30,6,400,0,0.61652245410478,106582585.59564538,54338166.66666699,17390649.062459003,0.9999999999999997,0.3200448253828751,41.22437052399221,0.6870728420665367,1.5596311564776169
341,150,30,6,400,0,0.5754577265293699,122828137.26230513,66777333.33333185,17390649.06245902,1.0000000000000009,0.2604274264090521,35.77193384132203,0.5961988973553672,1.3799985650119788
342,150,30,6,400,0,0.5798793628281194,106793286.9289774,54499500.0,17390649.062459003,0.9999999999999997,0.3190974057093919,41.14303554419189,0.6857172590698648,1.5208745464654978
343,150,30,6,400,0,0.6076593106471742,99176912.59564845,48667666.66666771,17390649.062458992,0.9999999999999991,0.35733476152802246,44.30264952805947,0.7383774921343245,1.6319046120039167
344,150,30,6,400,0,0.693688781154923,112242789.5956419,58672166.666666284,17390649.06245899,0.9999999999999988,0.2964037302603864,39.14549892985375,0.6524249821642292,1.5832367475274614
345,150,30,6,400,0,0.5887047707554197,98753115.59564802,48343166.66666767,17390649.062459007,1.0,0.35973334519788003,44.49277345325226,0.741546224220871,1.6180376711345947
346,150,30,6,400,0,0.924240133291618,104391770.59564506,52660666.66666696,17390649.062459044,1.000000000000002,0.3302398196463954,42.08952463330761,0.7014920772217935,1.8899240662305279
347,150,30,6,400,0,0.6340973604363018,111038439.92897578,57749999.9999997,17390649.062458966,0.9999999999999977,0.3011367803023213,39.57008044070535,0.6595013406784225,1.5345081253565813
348,150,30,6,400,0,0.640671266411262,119155229.92897518,63964999.99999955,17390649.062459014,1.0000000000000004,0.2718775746495605,36.87458790200825,0.6145764650334709,1.4727497911643814
349,150,30,6,400,0,0.5464118444739829,102804327.595646,51445166.66666719,17390649.062459003,0.9999999999999997,0.3380424282642456,42.739445923734515,0.7123240987289086,1.529169885814288
350,150,30,8,600,0,0.9733311450914234,118851635.22680244,50090333.33333367,26085973.593688287,0.9999999999999908,0.5207785985390683,55.4455980973657,0.9240933016227617,2.31404732554544
351,150,30,8,600,0,0.5834141274215896,137453210.8934629,64333499.99999899,26085973.593688324,0.9999999999999921,0.40548040435680843,47.942132142024796,0.7990355357004133,1.7068339866074496
352,150,30,8,600,0,0.6123833854454767,125438446.22680154,55133833.33333346,26085973.593688186,0.9999999999999868,0.473139123774962,52.53413286134921,0.8755688810224868,1.866463565487933
353,150,30,8,600,0,0.6359450051968918,122161649.76969291,52660666.66666706,26063113.27624408,0.999123654811566,0.4949256233541268,53.943279355047345,0.8990546559174557,1.930940159797649
354,150,30,8,600,0,0.6244978986858815,123242842.560135,53452666.66666682,26085973.59368822,0.9999999999999882,0.4880200599974086,53.47004226054408,0.8911673710090681,1.9060813176928764
355,150,30,8,600,0,0.8789083116270372,122306658.2268022,52735833.333333656,26085973.593688313,0.9999999999999918,0.4946536717985207,53.879323460706864,0.8979887243451145,2.1726199734109684
356,150,30,8,600,0,0.8740994888005466,126532656.5601335,55971666.66666651,26085973.59368835,0.9999999999999931,0.46605675955730735,52.079835981853876,0.8679972663642312,2.1149421628106237
357,150,30,8,600,0,0.5711873024887935,127365884.56013362,56609666.66666649,26085973.59368822,0.9999999999999882,0.4608042253152578,51.73912953816718,0.8623188256361196,1.8021495083771193
358,150,30,8,600,0,0.6045577807394094,126943133.43635845,56321833.33333346,26063113.276244123,0.9991236548115675,0.4627532829407908,51.91143326632727,0.8651905544387879,1.83995096153083
359,150,30,8,600,0,0.835145431446635,121480613.22680216,52103333.33333361,26085973.593688257,0.9999999999999896,0.5006584401577913,54.245692583860766,0.9040948763976794,2.1397670599705476
360,150,40,2,200,0,0.7964964004266181,106262381.29781824,67737999.9999986,8695324.53122951,1.0000000000000009,0.12836701011588314,20.68276631068802,0.3447127718448003,1.243902780364125
361,150,40,2,200,0,0.6568945901706053,115858869.29781562,75085999.99999684,8695324.5312295,0.9999999999999996,0.11580487083117845,18.96963101159349,0.3161605168598915,1.0656990036954395
362,150,40,2,200,0,0.7877274346726362,104550432.96448377,66427166.66666479,8695324.53122949,0.9999999999999986,0.13090012667352066,21.021433749074976,0.3503572291512496,1.2428047651627023
363,150,40,2,200,0,0.7382691497426038,99314025.9644857,62417666.66666573,8695324.531229502,0.9999999999999997,0.13930870850501137,22.129804714451154,0.3688300785741859,1.218546195120799
364,150,40,2,200,0,0.770258698660734,114237905.63114922,73844833.33333032,8695324.531229496,0.9999999999999991,0.11775129198246571,19.23879808420373,0.32064663473672883,1.1851063669834354
365,150,40,2,200,0,0.7376609548183805,98693893.63115168,61942833.33333235,8695324.531229498,0.9999999999999992,0.14037660312432648,22.268854932543544,0.3711475822090591,1.2211098195269008
366,150,40,2,200,0,0.7041489307855796,108017427.63115048,69081833.33333123,8695324.531229494,0.999999999999999,0.12586991560101077,20.346716712277917,0.33911194520463195,1.14395680847102
367,150,40,2,200,0,0.656061427778214,111031893.29781736,71389999.99999799,8695324.531229496,0.9999999999999991,0.12180031560764451,19.794312559409484,0.3299052093234914,1.083406889587821
368,150,40,2,200,0,0.7401648449476569,106324633.96448416,67785666.66666476,8695324.531229502,0.9999999999999999,0.12827674283987883,20.670656630091347,0.3445109438348558,1.1872971830544157
369,150,40,2,200,0,0.7698470096717293,106092383.6311515,67607833.3333318,8695324.531229502,0.9999999999999999,0.128614157598548,20.715907445731744,0.34526512409552906,1.2180034598460967
370,150,25,4,300,0,0.6065117017482018,91419665.94673572,49547666.666667566,13042986.796844337,1.0000000000000056,0.2632411912470301,36.051324032623874,0.6008554005437312,1.417960055289557
371,150,25,4,300,0,0.5375982525331162,98310557.28006563,54824000.00000003,13042986.796844328,1.0000000000000049,0.23790651533715748,33.52437511478014,0.5587395852463357,1.286663050049178
372,150,25,4,300,0,0.547467335975664,85120174.94673696,44724166.66666774,13042986.796844333,1.0000000000000053,0.2916317456299321,38.71937530746749,0.6453229217911248,1.4260956542707346
373,150,25,4,300,0,0.554458789877784,80302776.28007013,41035500.00000083,13042986.796844319,1.0000000000000042,0.31784642070509816,41.042167564734186,0.6840361260789031,1.4927720525207655
374,150,25,4,300,0,0.5412043235260982,91876983.61340195,49897833.33333421,13042986.796844326,1.0000000000000047,0.26139385070515614,35.871878574812584,0.597864642913543,1.348184047003766
375,150,25,4,300,0,0.828311225924009,84978909.28007045,44616000.00000114,13042986.796844315,1.000000000000004,0.29233877525649954,38.783740906085534,0.6463956817680923,1.7085779278973008
376,150,25,4,300,0,0.8186155066631596,91754872.61340183,49804333.33333416,13042986.796844315,1.000000000000004,0.26188457758382666,35.91961828432217,0.5986603047387028,1.6267834734689237
377,150,25,4,300,0,0.6064339764188706,96550722.28006718,53476500.00000046,13042986.796844326,1.0000000000000047,0.2439012799424834,34.135425630890545,0.5689237605148424,1.3704787608876998
378,150,25,4,300,0,0.5691004100776408,92651498.92479825,50502833.333334185,13035366.158189341,0.9994157290217631,0.2581115810305518,35.57200950062424,0.592866825010404,1.3684564999124862
379,150,25,4,300,0,0.5644579872951537,91592580.88484654,49698000.000000566,13031556.638122257,0.9991236548115825,0.26221491082381804,35.98326379888342,0.5997210633147236,1.373950979268932
380,150,40,2,700,0,0.8005161498380973,149839419.28683755,67198999.99999872,30306340.6312882,0.9958172849079358,0.4509939229942228,51.306926018468126,0.8551154336411354,2.016426721874611
381,150,40,2,700,0,0.7506032366835541,162158567.51106757,76732333.33333026,30242219.05535094,0.9937103537402731,0.3941261491941965,47.40915091936352,0.7901525153227253,1.8560566713616367
382,150,40,2,700,0,0.7407799137070658,149205842.01107407,66782833.33333169,30262385.72201749,0.9943729977555916,0.45314617861403855,51.524792168857644,0.8587465361476274,1.962043392745924
383,150,40,2,700,0,0.7891133175990682,139436040.9535079,59233166.66666618,30306340.63128829,0.9958172849079386,0.5116447817459565,55.13495612345548,0.9189159353909246,2.117345078386758
384,150,40,2,700,0,0.7352576885747889,160554820.67773363,75558999.99999677,30207385.72201761,0.9925657868047164,0.3997854090448378,47.882710513133624,0.7980451752188937,1.853131191029553
385,150,40,2,700,0,0.7338526285234742,150557938.1777411,67809499.99999858,30267885.722017486,0.9945537188506793,0.44636644897865513,51.062070144213656,0.8510345024035609,1.9419802901099592
386,150,40,2,700,0,0.7053142375342836,146221581.62017182,64428833.33333224,30306340.63128813,0.9958172849079334,0.47038474954984405,52.57637015560389,0.8762728359267314,1.9578948731008903
387,150,40,2,700,0,0.7097518983806831,158710424.286831,73991499.99999717,30306340.631288256,0.9958172849079375,0.40959219141779013,48.43916229538992,0.807319371589832,1.844745023104747
388,150,40,2,700,0,0.7579340544523959,155566208.1201665,71529333.333331,30341173.964621596,0.9969618518434945,0.42417806165241184,49.418187232934216,0.8236364538822369,1.9209129576565622
389,150,40,2,700,0,0.6739117660419552,146384396.28683805,64553499.99999879,30306340.631288256,0.9958172849079375,0.4694763356175703,52.51789258286703,0.8752982097144505,1.9247910442504619
390,150,40,8,800,0,0.7470910655020487,158148734.25638765,67167833.33333212,34381508.340520196,0.9885056106025151,0.511874607744096,55.55403298869678,0.9259005498116131,2.082491301508939
391,150,40,8,800,0,0.6930341031064573,168614103.91741234,75285833.33333008,34314774.15849666,0.9865869305755692,0.45579324341894534,52.10596145802435,0.8684326909670725,1.9261013888086862
392,150,40,8,800,0,0.7595758637300054,157712086.41741908,66969833.33333163,34294607.491829775,0.9860071170621558,0.512090381368188,55.70784205305917,0.9284640342176528,2.0977122030422084
393,150,40,8,800,0,0.7548203958421292,153443067.0840872,63574499.99999857,34375274.15849666,0.9883263711157904,0.5407085255644549,57.257718885307206,0.9542953147551201,2.1416825310488132
394,150,40,8,800,0,0.8070296666311882,169082318.91741493,75621333.33333085,34329440.82516305,0.9870086131307663,0.4539650296014023,51.9616720201907,0.8660278670031782,2.0362295573154885
395,150,40,8,800,0,0.7899171162213111,156874603.25075284,66256666.66666509,34340440.82516316,0.9873248750471733,0.5182941212229809,56.00524124326566,0.933420687387761,2.1379731005874567
396,150,40,8,800,0,0.7580279899111944,158148734.25638455,67167833.33333138,34381508.34052016,0.9885056106025141,0.5118746077441012,55.55403298869787,0.9259005498116312,2.0934282259181067
397,150,40,8,800,0,0.7182917495495742,169596041.9230481,75932999.99999736,34381508.34052015,0.9885056106025139,0.4527874355092167,51.80427503129134,0.8634045838548556,1.9439262818118033
398,150,40,8,800,0,0.7417531782648435,159499474.115066,68148666.66666518,34415559.84142127,0.9894846281417333,0.5050070900103991,55.0835671950978,0.91805945325163,2.063818303524793
399,150,40,8,800,0,0.6866927865446333,165365254.92304942,72693499.99999763,34381508.34052019,0.988505610602515,0.4729653729772443,53.12966139161675,0.8854943565269459,1.9505594414533745
400,150,20,6,300,0,0.8926532935997464,79212793.61340213,40199500.00000049,13042986.796844278,1.0000000000000009,0.32445644340959756,41.606915368812075,0.6934485894802013,1.8456670378076256
401,150,20,6,300,0,0.48176735047245395,85354258.61340374,44902000.000001155,13042986.796844326,1.0000000000000047,0.29047674484085323,38.613187596505455,0.6435531266084242,1.3577018729535608
402,150,20,6,300,0,0.8225302729332354,74357608.5515152,36499833.33333398,13031556.638122233,0.9991236548115807,0.3570305792662616,44.32364171202008,0.7387273618670013,1.846882098213246
403,150,20,6,300,0,0.4744123460246047,83280765.946737,43314333.333334275,13042986.796844332,1.000000000000005,0.30112403431144535,39.57456397684742,0.6595760662807904,1.3748876397545513
404,150,20,6,300,0,0.4861904315113764,78908713.28007017,39966666.66666752,13042986.796844311,1.0000000000000036,0.3263466254423027,41.76725057348533,0.6961208428914222,1.4433885747566406
405,150,20,6,300,0,0.8804871062513215,84710182.94673675,44408833.333334304,13042986.796844315,1.000000000000004,0.29370253208282204,38.906774668073865,0.6484462444678978,1.763895376385477
406,150,20,6,300,0,0.8580632871425675,82320638.28007033,42579166.66666767,13042986.796844333,1.0000000000000053,0.30632320493615484,40.036132722720964,0.6672688787120161,1.7703907298035073
407,150,20,6,300,0,0.6005672512059224,83833856.94673713,43737833.33333438,13042986.79684432,1.0000000000000042,0.29820834281939,39.313472146390076,0.655224535773168,1.4943584612346024
408,150,20,6,300,0,0.5085059866380315,85223093.21818294,44819500.00000137,13031556.638122272,0.9991236548115836,0.29075640375555,38.67261648861178,0.6445436081435296,1.385654717786001
409,150,20,6,300,0,0.8504152450893079,77553520.6134027,38929000.00000061,13042986.796844307,1.0000000000000033,0.3350455135463049,42.49710359932292,0.7082850599887153,1.8267367159150671
410,150,25,8,400,0,0.9344063274036987,99657612.59564698,49034333.33333391,17390649.06245899,0.999999999999999,0.3546627001990194,44.08895502872924,0.7348159171454873,1.9529524047084015
411,150,25,8,400,0,0.53118371747309,114251074.26230784,60208499.99999927,17390649.062458996,0.9999999999999992,0.28884043054484343,38.457406447770644,0.6409567741295107,1.4032128360384755
412,150,25,8,400,0,0.8787324654177571,91523961.40201959,42830333.33333416,17375408.85082959,0.9991236548115782,0.40567998188579557,48.00710035594073,0.8001183392656788,2.0033947901920723
413,150,25,8,400,0,0.9331901363759184,77795198.41172732,35258666.66666726,15501242.758284532,0.8913550438865956,0.43964347559798833,56.479064128688584,0.9413177354781431,2.226222652332452
414,150,25,8,400,0,0.8033822524091583,97204360.69201556,47186333.333334185,17371242.569715004,0.9988840846207463,0.36814139481872626,45.201675817007974,0.7533612636167996,1.851256631880939
415,150,25,8,400,0,0.9930149066147458,97155534.26231477,47118500.00000098,17390649.062459003,0.9999999999999997,0.3690832488822573,45.224392345339524,0.7537398724223254,2.042021378142877
416,150,25,8,400,0,0.920342050091625,94145857.26231423,44814000.00000068,17390649.062459037,1.0000000000000018,0.3880628612143253,46.67013640077395,0.7778356066795659,2.008627945742651
417,150,25,8,400,0,0.6040332948226061,109117623.59564452,56277833.33333344,17390649.062459003,0.9999999999999997,0.30901418964469085,40.26663938615486,0.6711106564359143,1.5223553029742731
418,150,25,8,400,0,0.9011661086794448,95369361.59564799,45750833.33333428,17390649.062459018,1.0000000000000007,0.38011655297627345,46.07139993899784,0.767856665649964,1.9731160167104278
419,150,25,8,400,0,0.5384702664599209,110451267.26230986,57298999.99999983,17390649.062459007,1.0,0.30350702564545734,39.780439907178234,0.6630073317863039,1.4442832187625907
420,150,30,2,400,0,0.5934226667834127,103666287.59564629,52105166.66666727,17390649.06245899,0.9999999999999988,0.3337605495768261,42.3840778126266,0.70640129687711,1.5668324033219836
421,150,30,2,400,0,0.5754577265293699,119873529.92897171,64514999.99999873,17390649.06245899,0.999999999999999,0.2695597777642305,36.653629893133576,0.6108938315522263,1.4019993802929807
422,150,30,2,400,0,0.5798793628281194,106941735.59564386,54613166.666666664,17390649.062459003,0.9999999999999997,0.31843326662603955,41.08592380259607,0.6847653967099345,1.5193913728388855
423,150,30,2,400,0,0.6068027104274145,96260614.5956499,46434666.66666808,17390649.06245898,0.9999999999999986,0.3745186583829277,45.644836348245796,0.7607472724707632,1.6671649096045198
424,150,30,2,400,0,0.693688781154923,112022510.928975,58503499.99999955,17390649.06245897,0.9999999999999979,0.2972582676670474,39.22247380069686,0.653707896678281,1.585203291966842
425,150,30,2,400,0,0.5925121499539273,97670876.92898233,47514500.00000126,17390649.062458996,0.9999999999999994,0.3660071991172913,44.98577404188543,0.7497629006980905,1.6350808099458507
426,150,30,2,400,0,0.5732919413428534,111322556.22651887,57970000.00000001,17389085.518067528,0.9999100928098851,0.29996697460872046,39.46909008323081,0.6578181680538469,1.4710836890836767
427,150,30,2,400,0,0.571821027070881,114524589.2623087,60419333.33333297,17390649.062458977,0.9999999999999982,0.28783252152940697,38.36555999285341,0.6394259998808902,1.4415130441752968
428,150,30,2,400,0,0.640671266411262,117792854.26230706,62921833.33333252,17390649.06245898,0.9999999999999983,0.27638497070374407,37.301074224890286,0.621684570414838,1.4834638133890954
429,150,30,2,400,0,0.5464118444739829,102818693.59564608,51456166.66666726,17390649.062459007,1.0,0.3379701635202546,42.73347429679906,0.7122245716133176,1.5290125469035043
430,150,40,2,600,0,0.7871061362021696,140909355.8934609,66982666.66666522,26085973.59368831,0.9999999999999916,0.38944364104677137,46.76623463513972,0.7794372439189953,1.8780982929585819
431,150,40,2,600,0,0.7125090940880298,147936724.22679043,72363499.99999763,26085973.593688227,0.9999999999999885,0.3604852390181387,44.544720281204036,0.742412004686734,1.7433092899892748
432,150,40,2,600,0,0.7235247758455806,144043538.2267933,69382499.99999829,26085973.593688272,0.9999999999999902,0.37597338801122643,45.74866794527436,0.762477799087906,1.7867812853424678
433,150,40,2,600,0,0.7032643630164479,132249052.22679831,60351499.99999945,26085973.593688212,0.9999999999999878,0.43223405538699866,49.82871248633928,0.8304785414389879,1.8795301487650347
434,150,40,2,600,0,0.7865550295449235,147121015.89497888,71963833.33333045,25942614.06946026,0.9945043445009485,0.36049516636080575,44.7916972290626,0.7465282871510434,1.8214794497846114
435,150,40,2,600,0,0.7123955315619435,129105292.56013286,57944333.33333303,26085973.593688197,0.9999999999999872,0.4501902445511784,51.04205930930907,0.8507009884884844,1.9232487156913707
436,150,40,2,600,0,0.722769366063902,143442560.5601249,68922333.33333115,26085973.593688212,0.9999999999999878,0.37848361092953475,45.94033998185525,0.7656723330309209,1.7912285878384506
437,150,40,2,600,0,0.7541250199535575,145911118.22679093,70812499.99999769,26085973.593688197,0.9999999999999872,0.3683809157096424,45.16311080391705,0.7527185133986175,1.8015482659198891
438,150,40,2,600,0,0.7839894811046625,140705837.5601278,66826833.333331935,26085973.593688257,0.9999999999999896,0.390351783744885,46.83387778551819,0.7805646297586365,1.8768355378592068
439,150,40,2,600,0,0.7229430764112835,147745177.5601226,72216833.3333307,26085973.593688183,0.9999999999999867,0.3612173559768724,44.602471016818015,0.7433745169469669,1.7552914781397484
440,150,40,6,800,0,0.7470910655020487,157995496.92305464,67050499.99999886,34381508.34052017,0.9885056106025145,0.51277034981873,55.60791396655293,0.9267985661092155,2.0841059114662484
441,150,40,6,800,0,0.6930341031064573,168640441.58407906,75305999.99999674,34314774.15849666,0.9865869305755692,0.45567118368387843,52.09782373357736,0.8682970622262893,1.9258681122798493
442,150,40,6,800,0,0.7595758637300054,157721663.7507524,66977166.66666495,34294607.491829775,0.9860071170621558,0.5120343125666805,55.70445930550291,0.9284076550917152,2.097610968875065
443,150,40,6,800,0,0.7369662167441108,143023958.02742684,56695833.333333194,33674654.15361658,0.9681827869872225,0.5939528916637025,61.428869129151074,0.9764668417278106,2.1885953718028834
444,150,40,6,800,0,0.8070296666311882,168009657.58408117,74799999.99999738,34329440.825163096,0.9870086131307675,0.4589497436519291,52.293422451641554,0.8715570408606925,2.045746502413424
445,150,40,6,800,0,0.7525008581305332,153369299.25075388,63572666.66666531,34340440.82516319,0.9873248750471743,0.540176189323985,57.28525880290748,0.9547543133817913,2.1393961229715126
446,150,40,6,800,0,0.7580279899111944,158225352.9230507,67226499.99999788,34381508.34052012,0.988505610602513,0.5114279092399754,55.527131636563794,0.9254521939427299,2.0926225112459047
447,150,40,6,800,0,0.7182917495495742,169102809.25638074,75555333.33333051,34381508.34052015,0.9885056106025137,0.455050713479588,51.95537577781835,0.8659229296303058,1.9482552499635504
448,150,40,6,800,0,0.7417531782648435,158321462.11506543,67246666.66666505,34415559.84142128,0.9894846281417334,0.5117809037586315,55.49342383924313,0.9248903973207188,2.0760682985924674
449,150,40,6,800,0,0.6866927865446333,163605419.9230493,71345999.99999762,34381508.34052023,0.9885056106025163,0.4818981910761835,53.701154913647365,0.8950192485607894,1.9672305879663696
450,150,40,2,300,0,0.8013787170403311,112165852.94672923,65437166.66666552,13042986.796844337,1.0000000000000056,0.19932077535209958,29.383274084005492,0.4897212347334249,1.4505565720554356
451,150,40,2,300,0,0.7316537145788454,128143239.28005841,77670999.99999654,13042986.79684434,1.000000000000006,0.16792608305345522,25.719655742407088,0.42866092904011815,1.2946555100617279
452,150,40,2,300,0,0.7515180400292697,112922462.28006051,66016499.999998175,13042986.796844339,1.0000000000000058,0.19757161916861238,29.18639864428427,0.4864399774047378,1.3960153127688975
453,150,40,2,300,0,0.7597947088339992,104632679.53956728,59669499.999999434,13042693.609682249,0.9999775214706124,0.2185822507257874,31.49876324015653,0.5249793873359422,1.4596398967505713
454,150,40,2,300,0,0.7773558833251583,116337304.55150487,68649166.66666433,13031556.63812227,0.9991236548115834,0.1898283296197727,28.329691947958818,0.4721615324659803,1.4013800794869566
455,150,40,2,300,0,0.7436222555700304,104252581.28006314,59377999.99999958,13042986.79684434,1.000000000000006,0.21966025795487273,31.61360572114943,0.5268934286858238,1.4462438906197523
456,150,40,2,300,0,0.7148242813052246,120064758.6133942,71485333.33333127,13042986.796844274,1.0000000000000009,0.18245682280063952,27.45018636661238,0.45750310611020634,1.3182928456559426
457,150,40,2,300,0,0.6751010628420004,119451809.28006099,71015999.9999981,13042986.796844332,1.000000000000005,0.1836626506258404,27.591042947477046,0.4598507157912841,1.281881899133957
458,150,40,2,300,0,0.7627662171907994,119511667.61339323,71061833.33333088,13042986.796844339,1.0000000000000058,0.18354419222008234,27.577223762465948,0.4596203960410991,1.3692219670079644
459,150,40,2,300,0,0.7015297358951313,114505116.61339433,67228333.33333147,13042986.796844337,1.0000000000000056,0.1940102654661184,28.78299326245541,0.4797165543742568,1.336454502642283
460,150,35,10,900,0,0.9331695160221829,138312982.02603835,50378166.6666671,35401381.01156875,0.9047360486514247,0.7027127693194164,71.45966962189644,0.8261371370990138,2.32147686857673
461,150,35,10,900,0,0.6708545126429182,168905447.4904308,69149666.66666496,38367162.59497545,0.9805311005466513,0.5548423361160053,58.51676276195863,0.9752793793659772,2.0900077609017
462,150,35,10,900,0,0.6951346011560751,147479233.34968716,55650833.33333338,36514191.483498074,0.9331756100612537,0.6561301834383679,67.01824911555228,0.889611152890174,2.109649900796944
463,150,35,10,900,0,0.7110023871625387,140586643.27557102,54283166.66666703,34022040.47937353,0.8694849068263291,0.6267512116286503,70.30397603722753,0.8422040672467168,2.054607423712176
464,150,35,10,900,0,0.7321752621152463,168460480.9904293,68990166.66666453,38251662.5949756,0.9775793226602192,0.5544509376212086,58.67132719727617,0.9778554532879362,2.153591465500149
465,150,35,10,900,0,0.960300883459952,142710010.58038083,56475833.33333343,33660764.07046376,0.8602519395993956,0.5960206708556233,69.25793053902824,0.8570158701305491,2.2941332902749996
466,150,35,10,900,0,0.8560040429508916,152104326.15710384,56244833.33333328,38392829.26164207,0.9811870511880804,0.6826018851208633,64.98040029309442,0.9203450070704623,2.3224305581180444
467,150,35,10,900,0,0.674526292236929,160608796.99507204,63468166.6666658,37939338.53672149,0.9695974070883027,0.5977695674743299,61.5395930043811,0.974666533502088,2.127408479718481
468,150,35,10,900,0,0.6948467309583675,156061839.76937914,59904166.666665934,37991865.02491409,0.9709398012553939,0.6342107258801901,63.33258671438076,0.9459712401678015,2.148186551830321
469,150,35,10,900,0,0.6070007907172698,149086999.55842006,56739833.33333309,36604739.16955655,0.9354896936748932,0.645133004788935,66.29551892032687,0.900391765529199,2.023498960077617
470,150,50,2,200,0,0.922151152368674,114689162.29781578,74193166.66666362,8695324.531229502,0.9999999999999997,0.11719845535500609,19.1631009937358,0.3193850165622633,1.3352949332149422
471,150,50,2,200,0,0.8010802590218646,132275540.63114698,87658999.9999951,8695324.531229502,0.9999999999999999,0.09919488622081006,16.61531670566828,0.2769219450944714,1.157358113092984
472,150,50,2,200,0,0.8561600594447555,119156988.29781547,77614166.66666321,8695324.531229496,0.9999999999999991,0.1120326984708103,18.4445749376186,0.30740958229364335,1.253195800515047
473,150,50,2,200,0,0.8549360624018317,110858228.96448396,71259833.33333102,8695324.531229502,0.9999999999999997,0.12202280196973682,19.82532122810763,0.3304220204684605,1.2829763244460817
474,150,50,2,200,0,0.8588524276924997,120215283.63114855,78424499.99999629,8695324.531229502,0.9999999999999999,0.11087510320409966,18.282201177875322,0.3047033529645887,1.2522558632203682
475,150,50,2,200,0,0.870979215088746,118103481.63114971,76807499.99999692,8695324.531229502,0.9999999999999999,0.11320931590313253,18.60910423338724,0.31015173722312067,1.2716984050343727
476,150,50,2,200,0,0.8188078800296194,122102018.2978149,79869166.66666281,8695324.531229498,0.9999999999999992,0.10886960380492994,17.99970246715677,0.2999950411192795,1.2058986041928428
477,150,50,2,200,0,0.7944908967928725,126105343.6311477,82934499.99999575,8695324.531229496,0.9999999999999991,0.10484568582712792,17.428286040189253,0.2904714340031542,1.1688388794577291
478,150,50,2,200,0,0.848779902890791,120935977.96448173,78976333.33332959,8695324.531229502,0.9999999999999999,0.11010038278847142,18.173251971762138,0.3028875328627023,1.2397477419842704
479,150,50,2,200,0,0.7859753035258267,118567982.29781522,77163166.6666631,8695324.531229498,0.9999999999999994,0.11268750242965535,18.53620140452114,0.30893669007535235,1.1850619955449033
480,150,20,4,300,0,0.47968618809931274,89664058.6134025,48202000.000000775,13042986.796844304,1.0000000000000029,0.27059015801925423,36.757202952525745,0.6126200492087625,1.3087783637234787
481,150,20,4,300,0,0.48176735047245395,85404539.61340384,44940500.00000116,13042986.796844326,1.0000000000000047,0.29022789681565603,38.59045449947885,0.6431742416579809,1.3571239095829597
482,150,20,4,300,0,0.4705283882623539,83158654.94673663,43220833.33333429,13042986.796844311,1.0000000000000036,0.301775458521408,39.63267566209398,0.660544594368233,1.3724933494477134
483,150,20,4,300,0,0.4744123460246047,83280765.94673699,43314333.33333428,13042986.796844332,1.000000000000005,0.3011240343114453,39.57456397684743,0.6595760662807905,1.3748876397545513
484,150,20,4,300,0,0.4861904315113764,78932656.61340347,39985000.00000084,13042986.796844311,1.0000000000000036,0.32619699379377354,41.75458094793611,0.6959096824656019,1.4430577090119971
485,150,20,4,300,0,0.7527875865571443,78176047.28007005,39405666.666667506,13042986.796844319,1.0000000000000042,0.33099266933293964,42.15869329121505,0.7026448881869175,1.7202266102104136
486,150,20,4,300,0,0.8766851606031992,82236836.61340363,42515000.00000096,13042986.796844339,1.0000000000000058,0.30678552973877554,40.076930676377984,0.6679488446062998,1.7900624290005194
487,150,20,4,300,0,0.6005672512059224,83841039.94673716,43743333.33333438,13042986.79684432,1.0000000000000042,0.2981708480570908,39.3101040026909,0.6551684000448483,1.4942723296964433
488,150,20,4,300,0,0.5085059866380315,85237459.2181829,44830500.00000135,13031556.638122272,0.9991236548115836,0.2906850612445072,38.666098570157025,0.6444349761692838,1.385489011802921
489,150,20,4,300,0,0.5180374303765727,86209035.61340325,45556500.00000099,13042986.796844319,1.0000000000000042,0.2863035307111836,38.23033138637256,0.637172189772876,1.3842524447183955
490,150,35,8,300,0,0.7195140373212453,108786887.61339723,62848499.9999994,13042986.7968443,1.0000000000000027,0.20753059813431388,30.29593062458493,0.5049321770764155,1.3904706929051118
491,150,35,8,300,0,0.6629506898743693,123054719.94672783,73773333.33333123,13042986.79684434,1.000000000000006,0.17679812213326468,26.783206702081802,0.44638677836803003,1.2507759659490112
492,150,35,8,300,0,0.683124614413386,98833643.9467318,55227333.3333333,13042986.796844332,1.000000000000005,0.23616904908519346,33.346944101103176,0.5557824016850529,1.4278422553665937
493,150,35,8,300,0,0.7432406303077171,99025190.61339939,55374000.00000022,13042986.796844296,1.0000000000000024,0.2355435185618565,33.282440352647356,0.5547073392107893,1.4863827843679918
494,150,35,8,300,0,0.7274954546699854,114299165.88483934,67087166.666664734,13031556.638122257,0.9991236548115825,0.19424812949504944,28.834856094406156,0.4805809349067693,1.3634748931727942
495,150,35,8,300,0,0.8526825552902527,99915882.61339843,56055999.99999989,13042986.796844313,1.0000000000000038,0.23267780071436311,32.985746748115524,0.5497624458019253,1.5885872416636686
496,150,35,8,300,0,0.9636221915755455,103229639.94673079,58593333.33333312,13042986.79684434,1.000000000000006,0.22260189094625762,31.926876832087366,0.5321146138681228,1.6738183182006743
497,150,35,8,300,0,0.6497277014317647,110666439.28006202,64287666.66666549,13042986.796844324,1.0000000000000044,0.2028847440438741,29.781386492967076,0.4963564415494513,1.3083919382163154
498,150,35,8,300,0,0.7222342748272629,113055983.94672969,66117333.33333216,13042986.796844333,1.0000000000000053,0.1972703093013113,29.15192884927641,0.4858654808212735,1.3659160030895854
499,150,35,8,300,0,0.6495846003892136,103142195.2581284,58538333.33333342,13035366.158189321,0.9994157290217615,0.22268085570462606,31.95394466592241,0.5325657444320402,1.3602950293849547
500,150,20,4,200,0,0.5270360213141805,75342110.96449228,44056833.333334535,8695324.531229502,0.9999999999999997,0.19736608088558183,29.170937366432348,0.48618228944053915,1.171111175463185
501,150,20,4,200,0,0.49400060718457084,76708027.70101093,45114666.66666783,8687704.425414795,0.9991236548115783,0.19256940297496541,28.651499274189206,0.47752498790315345,1.1255811174676966
502,150,20,4,200,0,0.5019304977552252,71391460.96449155,41031833.33333421,8695324.531229498,0.9999999999999994,0.21191654929455536,30.785194339882395,0.5130865723313732,1.1845503095222427
503,150,20,4,200,0,0.540126008932569,72411446.96449175,41812833.33333423,8695324.531229498,0.9999999999999994,0.20795827113436416,30.35155479047022,0.505859246507837,1.2123518723478974
504,150,20,4,200,0,0.5081590588439711,68757694.29782508,39015166.666667484,8695324.531229502,0.9999999999999999,0.22287036745272532,31.96442263581721,0.5327403772636202,1.2191957300697716
505,150,20,4,200,0,0.888704406121058,65728862.63115752,36696000.00000045,8695324.531229509,1.0000000000000007,0.23695564996810015,33.43736544374913,0.5572894240624855,1.6355583501580238
506,150,20,4,200,0,0.8557911128023624,72610176.6311581,41965000.000000775,8695324.531229505,1.0000000000000002,0.20720420663003322,30.26848441871014,0.5044747403118357,1.5260292184182247
507,150,20,4,200,0,0.5696600140572773,72545529.6311586,41915500.00000103,8695324.531229502,0.9999999999999997,0.20744890389543935,30.295457365522296,0.5049242894253716,1.2405434265990003
508,150,20,4,200,0,0.5054908209672818,77093930.50542286,45406166.66666788,8690244.105459506,0.9994157290217575,0.19138907208916422,28.508080799504764,0.4751346799917461,1.1337367586303593
509,150,20,4,200,0,0.4784425472402422,73922271.29782517,42969666.66666768,8695324.531229502,0.9999999999999997,0.20235959935836823,29.73122932255817,0.4955204887093029,1.1358507154362396
510,150,45,8,800,0,0.7924148160962655,161027283.9230508,69373333.33333127,34381508.340520255,0.9885056106025168,0.49560121574843274,54.56094014600918,0.9093490024334864,2.098244791128498
511,150,45,8,800,0,0.7612011986065087,179073112.91740814,83295666.66666214,34314774.15849668,0.9865869305755696,0.4119634974028085,49.06264182748738,0.8177106971247897,1.9084826936535455
512,150,45,8,800,0,0.7777860700714624,162953843.0840838,70984833.33333117,34294607.491829775,0.9860071170621558,0.48312584366844774,53.915880925045435,0.8985980154174239,2.0628847604236444
513,150,45,8,800,0,0.831763499714259,157633711.417419,66784666.66666488,34375274.15849654,0.9883263711157867,0.5147180614087683,55.735539822030375,0.9289256637005062,2.17246361254178
514,150,45,8,800,0,0.8407486753405745,174624297.1270173,80188166.6666638,34124232.04507712,0.9811086383986872,0.4255519668747261,50.31258618959212,0.8385431031598686,2.019733352000224
515,150,45,8,800,0,0.7613478103481282,159190484.584084,68031333.3333312,34340440.82516318,0.9873248750471737,0.5047738908321301,55.190484675981764,0.9198414112663628,2.085008334280195
516,150,45,8,800,0,0.8022661318973833,168564645.25638282,75144666.66666439,34381508.34052002,0.98850561060251,0.4575375720679364,52.121249901703926,0.8686874983617321,2.036983687913464
517,150,45,8,800,0,0.7480142411074858,179212245.58971152,83297499.99999638,34381508.340520225,0.988505610602516,0.4127555849878054,49.02455170454261,0.8170758617423768,1.895294570840107
518,150,45,8,800,0,0.7971571007337653,169335164.08971316,75679999.9999971,34416341.67385352,0.989507106671127,0.45476138575389585,51.88408472173751,0.8647347453622918,2.0257009546991736
519,150,45,8,800,0,0.729258331115781,163730486.25638428,71443166.6666648,34381508.340520054,0.9885056106025111,0.48124278282533606,53.660135023616704,0.8943355837269451,2.0085881411029947
520,150,45,2,900,0,0.8461344091913097,177846059.55926222,75857833.33333018,38456676.049752206,0.982818752809409,0.5069572166762009,55.57502946364972,0.9262504910608287,2.177950673593099
521,150,45,2,900,0,0.7772810019801514,189112348.4904195,84624833.333329,38367162.5949755,0.9805311005466527,0.453379476020366,52.26417036696425,0.8710695061160708,2.011054088912515
522,150,45,2,900,0,0.7819392127967383,169456240.8421493,69683166.66666462,38297718.48486636,0.9787563508621213,0.5495978486176837,58.32656236725379,0.9721093727875633,2.1937268644784487
523,150,45,2,900,0,0.7801663345796152,165484116.55926937,66392333.33333189,38456676.049752094,0.9828187528094062,0.5792336873698207,59.72657802756583,0.9954429671260971,2.238996251601569
524,150,45,2,900,0,0.809200454288229,183948150.9904234,80851833.33332987,38251662.59497556,0.9775793226602183,0.47310816611015455,53.7314452294471,0.8955240871574516,2.0832110743338044
525,150,45,2,900,0,0.7560074397613635,161752217.15710086,63634999.99999904,38392829.261642285,0.9811870511880859,0.6033288168718923,61.10457200348864,0.9817588869713448,2.220429380230222
526,150,45,2,900,0,0.7646220357302627,176209201.82376072,74704666.66666412,38392829.26164221,0.981187051188084,0.5139281249048724,56.09128182695866,0.9348546971159776,2.110619232770138
527,150,45,2,900,0,0.7611034558324001,179184491.89259645,76882666.66666384,38456676.04975208,0.9828187528094058,0.5001995601490604,55.159907509877414,0.9193317918312902,2.080594895782939
528,150,45,2,900,0,0.8029180799128348,176021121.05926353,74405833.33333054,38491509.38308548,0.9837089715370628,0.5173184367231995,56.15121606157866,0.935853601026311,2.1526264303177056
529,150,45,2,900,0,0.7786792926673876,173804424.89259738,72763166.66666396,38456676.04975224,0.98281875280941,0.5285184498075309,56.867366904540575,0.9477894484090096,2.149283500922422
530,150,45,2,200,0,0.8695619765437977,113800303.63114983,73511166.66666403,8695324.531229507,1.0000000000000002,0.11828576426569866,19.312777996827858,0.3218796332804643,1.286070221236821
531,150,45,2,200,0,0.7860023149476145,126698577.2978139,83387333.33332872,8695324.531229502,0.9999999999999999,0.10427632331725023,17.346682550617096,0.2891113758436183,1.158534749445033
532,150,45,2,200,0,0.8542686199260194,113872133.63114887,73566166.66666357,8695324.531229494,0.9999999999999988,0.11819733071901067,19.30059558837324,0.32167659313955405,1.270503077640782
533,150,45,2,200,0,0.8014562506864147,102692991.29781784,65006333.33333186,8695324.531229502,0.9999999999999997,0.13376119041574971,21.401655285570612,0.3566942547595102,1.2651594577785246
534,150,45,2,200,0,0.7838253442581578,114540152.63114999,74077666.66666403,8695324.5312295,0.9999999999999996,0.1173811881839755,19.188031004965616,0.31980051674942694,1.1975308115547652
535,150,45,2,200,0,0.7878570602717275,107651655.63115099,68803166.66666476,8695324.531229494,0.9999999999999988,0.12637971408142165,20.415849501937675,0.3402641583656279,1.2292249899024927
536,150,45,2,200,0,0.7554960418754183,111451462.63114993,71712666.66666414,8695324.531229494,0.999999999999999,0.12125228269152546,19.719795040049387,0.3286632506674898,1.1811611186961284
537,150,45,2,200,0,0.7201972134726627,119115723.63114929,77581166.66666365,8695324.531229496,0.9999999999999991,0.11208035280765952,18.450964599817663,0.30751607666362774,1.1173775723824182
538,150,45,2,200,0,0.7834769372820242,112993413.29781643,72893333.33333075,8695324.531229502,0.9999999999999997,0.11928833726764876,19.45069129124602,0.32417818818743366,1.203085795283577
539,150,45,2,200,0,0.7160974209587415,110012468.2978167,70610833.33333099,8695324.531229502,0.9999999999999997,0.12314434089995335,19.977735560393906,0.3329622593398984,1.1475751530186027
540,150,25,2,400,0,0.5452253696104017,97663132.92898248,47507166.66666793,17390649.06245899,0.9999999999999988,0.3660636969676545,44.98934109757703,0.7498223516262839,1.5878986788108091
541,150,25,2,400,0,0.53118371747309,112735461.26230784,59047999.9999994,17390649.062458992,0.9999999999999991,0.29451715659224986,38.97442695317228,0.6495737825528712,1.4163712252997611
542,150,25,2,400,0,0.5677660401615847,96848958.73535359,46907666.66666788,17375408.850829575,0.9991236548115774,0.37041724915250085,45.367550228457894,0.7561258371409649,1.6202256766245504
543,150,25,2,400,0,0.5526928595745205,95024577.59564927,45486833.33333454,17390649.062458996,0.9999999999999994,0.3823227028141888,46.23856386604103,0.7706427311006838,1.6291937529265554
544,150,25,2,400,0,0.5898082013734091,95405444.52535075,46093666.666668095,17189742.56971502,0.9884474413794202,0.3729306825170736,46.053975450347565,0.7675662575057928,1.6557190048928607
545,150,25,2,400,0,0.5176537217584604,96504275.59564915,46619833.33333464,17390649.06245899,0.9999999999999988,0.37303112900715,45.52958895220278,0.758826482536713,1.5749051075008933
546,150,25,2,400,0,0.544461108376623,102145324.92898074,50939166.666667506,17390649.062459033,1.0000000000000016,0.34140034477318526,43.01518452317722,0.7169197420529536,1.5345011262481247
547,150,25,2,400,0,0.5709536046397937,104371245.5598539,52646000.00000036,17389085.518067475,0.9999100928098821,0.33030212206183485,42.09780171187363,0.7016300285312271,1.5368253308204887
548,150,25,2,400,0,0.5679590519820962,105327393.92897865,53375666.66666706,17390649.06245898,0.9999999999999986,0.32581605342869446,41.71564334880156,0.6952607224800259,1.5238726172050776
549,150,25,2,400,0,0.536745164675985,106615545.2623106,54362000.00000003,17390649.06245899,0.999999999999999,0.31990451165260625,41.21162621444888,0.6868604369074813,1.4795292109055513
550,150,40,4,800,0,0.7470910655020487,157964370.58972135,67026666.66666554,34381508.34052017,0.9885056106025145,0.5129526806323964,55.61887131383086,0.9269811885638476,2.0844343985718137
551,150,40,4,800,0,0.6930341031064573,168630864.25074574,75298666.66666341,34314774.158496656,0.9865869305755689,0.45571556147738085,52.10078261198941,0.8683463768664902,1.9259529291548523
552,150,40,4,800,0,0.7595758637300054,157834197.41741905,67063333.333331615,34294607.491829775,0.9860071170621558,0.5113764226626173,55.66474277285091,0.9277457128808485,2.0964227147409478
553,150,40,4,800,0,0.7369662167441108,143052690.02742684,56717833.333333194,33674654.15361657,0.9681827869872223,0.5937225062126255,61.41653119780927,0.9766676553881591,2.18861187710237
554,150,40,4,800,0,0.8070296666311882,168040783.91741428,74823833.33333063,34329440.825163096,0.9870086131307676,0.4588035562443028,52.28373609776713,0.8713956016294522,2.045468113256083
555,150,40,4,800,0,0.7525008581305332,153448312.25075424,63633166.666665375,34340440.825163215,0.9873248750471748,0.5396626103027601,57.25576170328205,0.9542626950547007,2.1384936414274422
556,150,40,4,800,0,0.7580279899111944,158270845.25638402,67261333.33333121,34381508.34052012,0.988505610602513,0.5111630506956132,55.51117128216396,0.925186188036066,2.092144618503751
557,150,40,4,800,0,0.7182917495495742,167912825.58971387,74644166.66666377,34381508.340520225,0.988505610602516,0.46060542807124777,52.32357903063128,0.8720596505105214,1.958835742517094
558,150,40,4,800,0,0.7287282458603969,157171389.7563854,66364833.33333158,34416341.67385357,0.9895071066711284,0.518593055165077,55.899486628055726,0.9316581104675954,2.075260800460054
559,150,40,4,800,0,0.6866927865446333,163571899.25638276,71320333.33333099,34381508.34052022,0.9885056106025158,0.4820716159560109,53.71215985105808,0.8952026641843014,1.9675527434937434
560,150,25,10,700,0,0.9155367729499733,122908669.28684571,46574000.00000082,30306340.63128828,0.9958172849079383,0.6507137164788883,62.548883204146655,0.9584083044619298,2.394516050595014
561,150,25,10,700,0,0.5035898794673942,131121535.84441547,52963166.66666693,30242219.05535095,0.9937103537402734,0.5710047370408516,58.63110091329385,0.9771850152215642,1.9375786843216396
562,150,25,10,700,0,0.9811826924501046,90693962.04555331,33898333.333333574,22663448.208338574,0.7446842143052899,0.6685711650033457,84.76639267494578,0.661812357407461,2.1778519818602424
563,150,25,10,700,0,0.8929623429902976,112839967.34858745,44854333.333334416,26488469.830120277,0.8703682318004401,0.5905442765868695,68.13011542488927,0.8732774829609171,2.2386752472207103
564,150,25,10,700,0,0.9035620298435759,130067611.75776228,52228000.00000017,30196442.37404969,0.9922062061085909,0.578165780310362,59.10618251619586,0.9851030419365976,2.3511976960284633
565,150,25,10,700,0,1.0,117616768.7976449,46691333.33333434,27648879.517313045,0.9084974153313669,0.5921629892195365,65.36312873232015,0.9144929878962248,2.388223379271854
566,150,25,10,700,0,0.8980345626532762,125613677.04087433,49313000.00000066,29880705.56736872,0.981831605842601,0.6059397231433561,61.20193422487276,0.9801670750718395,2.3629534162398005
567,150,25,10,700,0,0.8249641640414168,124867656.0313295,48115833.33333429,30279670.260936797,0.9949409397195165,0.6293078216304999,61.567584788098515,0.9742119286403016,2.3026223499861183
568,150,25,10,700,0,0.9596665832198955,101889871.17542948,38258000.00000045,25348750.532989003,0.8329189009876423,0.6625738546967616,75.45205339168096,0.7729551728654631,2.2626808398427682
569,150,25,10,700,0,0.8063456839135824,117597790.33716597,44676500.00000117,28923839.923781574,0.9503905500314977,0.6474061290338504,65.37367732810473,0.914332225080536,2.238602812221199
570,150,25,10,900,0,0.9226503085579048,137154523.4431701,50543166.666667186,34729045.60427949,0.8875534963786602,0.6871165361149209,72.0632448123036,0.8178681998778797,2.2902117373277213
571,150,25,10,900,0,0.5686740283581417,151657019.83344844,56880999.99999984,37767252.56228213,0.9651994886994205,0.663969560350244,65.17205738880078,0.9174098532399602,2.017259529878297
572,150,25,10,900,0,0.9640357322665355,84734319.88650589,30290333.333333388,22054568.677324932,0.5636379923515936,0.7281058426998126,116.64458997533083,0.38903868243959144,1.935559088865977
573,150,25,10,900,0,0.9979884624621467,118420365.79054359,43466500.00000094,30096526.821477428,0.7691624444169809,0.6924074130992092,83.46368408861365,0.6763386265737648,2.2282530195152788
574,150,25,10,900,0,0.8752958999855334,149196689.30181268,55318999.99999979,37562099.54537854,0.9599564918281511,0.6790090121907244,66.24677830488505,0.9011234901747169,2.31962659991283
575,150,25,10,900,0,0.9815671409598988,124439319.12386896,46896666.66666741,30847700.890125126,0.7883598383970531,0.6577802450094101,79.42666409289416,0.7234110135468694,2.2312023505142964
576,150,25,10,900,0,0.8807916381421638,127571709.45721033,45670166.66666765,33158193.488144103,0.8474079852161545,0.726036183098596,77.47642515768898,0.7473110716436946,2.208931656264735
577,150,25,10,900,0,0.8270596276468695,141765772.50224638,53892666.66666708,34844615.179231435,0.8905070523586426,0.6465557808588275,69.71922647861552,0.8504521685185393,2.194756420852471
578,150,25,10,900,0,0.963766297412384,104215648.30547166,36758333.3333336,27439693.332749587,0.7012630302181141,0.7464890500861316,94.8398840357362,0.5595263067984653,2.1204838442797547
579,150,25,10,900,0,0.864958906167864,132907498.87247036,47499833.333334394,34596087.46012721,0.8841555491082685,0.7283412389543775,74.36600706393452,0.7870736505118731,2.234705547843239
580,150,35,10,700,0,0.8677237086849039,138034794.9535093,58158833.333333224,30306340.631288335,0.9958172849079401,0.5210960896961205,55.69465295028897,0.9282442158381495,2.21284479627995
581,150,35,10,700,0,0.6642675732053119,155202468.17773882,71404666.66666467,30242219.055350985,0.9937103537402746,0.42353280908836716,49.53400606487704,0.8255667677479507,1.8286605882239564
582,150,35,10,700,0,0.7035401662084654,135340118.75556326,56206333.33333312,30235715.35166602,0.9934966525671702,0.5379414304141195,56.8035558908063,0.9467259315134383,2.0806192420531993
583,150,35,10,700,0,0.7185653728483046,131304323.9535113,53005333.33333364,30306340.63128828,0.9958172849079383,0.571760212141321,58.54948084361555,0.9758246807269259,2.1517982232882873
584,150,35,10,700,0,0.7198789339729055,152329724.6777403,69259666.66666505,30207385.722017407,0.9925657868047099,0.43614685394604047,50.468153974963535,0.8411358995827256,1.9099323167124636
585,150,35,10,700,0,0.9449383782472364,138892185.17774504,58875666.66666609,30267885.722017556,0.9945537188506817,0.5140983947304407,55.350846342878555,0.9225141057146425,2.2787311997462316
586,150,35,10,700,0,0.9236910315575906,139413930.95350924,59214833.333333254,30306340.63128823,0.9958172849079368,0.5118031906074482,55.143700112463456,0.9190616685410576,2.252195252584607
587,150,35,10,700,0,0.665386965828096,151751930.62016994,68661999.99999854,30306340.631288268,0.9958172849079379,0.4413844722159115,50.66031099955037,0.8443385166591728,1.862833060259998
588,150,35,10,700,0,0.918239179365486,137751807.1201749,57887499.99999965,30341173.96462167,0.996961851843497,0.5241403405678575,55.80906821275419,0.9301511368792366,2.2677025886990085
589,150,35,10,700,0,0.6767926665842566,143604014.28683996,62423166.66666591,30306340.631288253,0.9958172849079374,0.4854982893309687,53.53471515527487,0.8922452525879144,1.9574365506369462
590,150,35,4,700,0,0.7006613258357246,145924123.2868399,64199666.666665904,30306340.63128831,0.9958172849079393,0.4720638315560621,52.683544206657714,0.878059070110962,1.9563714611915364
591,150,35,4,700,0,0.6642675732053119,154895993.51107183,71169999.99999791,30242219.055350956,0.9937103537402736,0.42492931088031255,49.63201323506462,0.8272002205844103,1.8314112424939721
592,150,35,4,700,0,0.6952242560901708,138572046.67774537,58639166.66666612,30262385.722017474,0.9943729977555911,0.5160780318390908,55.4787216059403,0.924645360099005,2.0327320416604486
593,150,35,4,700,0,0.6729238252520132,132087270.95351158,53604833.333333716,30306340.631288238,0.9958172849079369,0.5653658214518222,58.20242892826319,0.9700404821377198,2.095256964551191
594,150,35,4,700,0,0.6918044049627706,144882705.9664336,63567166.66666567,30201229.689167496,0.9923635095323402,0.47510737496823,53.06223367874636,0.8843705613124393,1.956260866249794
595,150,35,4,700,0,0.6712055018293893,143439024.17774412,62357166.66666593,30267885.722017422,0.9945537188506773,0.4853954619813994,53.5962932268249,0.893271553780415,1.9527934251949237
596,150,35,4,700,0,0.6583812836940158,143541761.62017423,62375499.999999516,30306340.63128817,0.9958172849079348,0.4858693017496999,53.5579326408344,0.8926322106805734,1.939708935774349
597,150,35,4,700,0,0.665386965828096,149934631.62016988,67270499.99999854,30306340.63128828,0.9958172849079383,0.45051457371788434,51.274344805645306,0.8545724134274217,1.8803710382298253
598,150,35,4,700,0,0.6724337489617157,144501432.78683817,63055666.66666551,30341173.96462156,0.9969618518434933,0.4811807656402351,53.202240640344975,0.8867040106724162,1.94408237214632
599,150,35,4,700,0,0.6746980502523543,146663972.28683877,64766166.66666566,30306340.631288216,0.9958172849079362,0.46793475962946735,52.41778113690081,0.8736296856150134,1.9226755435709415
600,150,40,4,700,0,0.8005161498380973,149920826.62017083,67261333.33333205,30306340.631288256,0.9958172849079375,0.45057597180086884,51.279066246594844,0.8546511041099141,2.0156280313887063
601,150,40,4,700,0,0.7506032366835541,163619110.84440205,77850666.66666372,30242219.055350926,0.9937103537402726,0.38846448399523964,46.985953904314506,0.7830992317385751,1.844474055618321
602,150,40,4,700,0,0.7407799137070658,149198659.011074,66777333.333331674,30262385.72201749,0.9943729977555916,0.4531835012182513,51.527272771462286,0.8587878795243714,1.9621145942060383
603,150,40,4,700,0,0.7891133175990682,140420111.95350713,59986666.666666,30306340.63128831,0.9958172849079393,0.5052179478432204,54.748567659206955,0.9124761276534492,2.105763803527094
604,150,40,4,700,0,0.7352576885747889,160523694.34440053,75535166.6666635,30207385.72201761,0.9925657868047164,0.3999115518646133,47.89199520605333,0.7981999201008888,1.8533868501673685
605,150,40,4,700,0,0.7338526285234742,150565121.17774108,67814999.99999857,30267885.722017486,0.9945537188506793,0.44633024732018167,51.0596341295047,0.8509939021584116,1.9419107285380313
606,150,40,4,700,0,0.7053142375342836,146987768.2868379,65015499.99999875,30306340.63128812,0.9958172849079331,0.46614023780927166,52.302311203186065,0.8717051867197677,1.9499316145014687
607,150,40,4,700,0,0.7097518983806831,159007321.62016487,74218833.33333062,30306340.631288256,0.9958172849079375,0.40833760475830755,48.34871703810307,0.8058119506350512,1.8422339328223802
608,150,40,4,700,0,0.7579340544523959,155549447.7868332,71516499.99999768,30341173.9646216,0.9969618518434946,0.42425417861084624,49.42351200459067,0.8237252000765112,1.9210625974175841
609,150,40,4,700,0,0.6739117660419552,146324537.95350465,64507666.666665435,30306340.631288256,0.9958172849079375,0.4698099031839446,52.53937656336791,0.8756562760561318,1.925415964645243
610,150,20,8,600,0,0.929793934165036,101225814.16154432,36879333.33333367,25902507.64350558,0.9929668735757926,0.702358348221371,65.09999504161523,0.9185123603070825,2.4101929730492153
611,150,20,8,600,0,0.5321968614572233,114808878.56013839,46992000.00000104,26085973.593688328,0.9999999999999923,0.5551152024533484,57.39799989900761,0.9566333316501268,1.932922355070029
612,150,20,8,600,0,0.9303948181413101,83673727.80867271,29483666.6666668,22050215.946968634,0.8452901275765938,0.7478790272682684,78.75590310817935,0.7315436523840222,2.260241692339947
613,150,20,8,600,0,0.8979503177416066,90407189.7238248,34917666.666667126,21872889.404826585,0.8384923539951257,0.6264132599016629,72.89022056907721,0.8066729094961714,2.2057538351591086
614,150,20,8,600,0,0.9405864136143118,105995692.42582583,40698166.6666673,25796349.483889684,0.9888973241210012,0.6338454922348497,62.1704509795192,0.9644722841832193,2.412135091585411
615,150,20,8,600,0,0.9771668615968561,95508438.0734948,39031666.66666728,21740319.54131733,0.8334103177416914,0.5569918324774836,68.99704500380454,0.860750367282185,2.283510694861028
616,150,20,8,600,0,0.862759708723542,116590262.5601375,48356000.000000715,26085973.59368838,0.9999999999999943,0.5394568118472991,56.52101517998527,0.9420169196664212,2.2363420778678025
617,150,20,8,600,0,0.5524917114562564,112740174.5601385,45408000.0000011,26085973.59368839,0.9999999999999947,0.5744796862598607,58.451213382544765,0.9741868897090794,1.9862623501732242
618,150,20,8,600,0,0.9671204510403667,100639024.81227833,37486166.66666731,25229343.327936765,0.9671612691519773,0.6730307623150673,65.479569305167,0.9127199740859687,2.4182650349783894
619,150,20,8,600,0,0.9818353689321427,79158124.92301533,30323333.333333418,19311217.62958274,0.7402912358331555,0.6368434966334843,83.24856110991593,0.6787679119298631,2.1700780781687934
620,150,35,2,900,0,0.7139551317810573,156157066.22594088,59247833.33333315,38456676.04975198,0.9828187528094033,0.6490815593777343,63.29396574151377,0.9465803416742017,2.1798007209574464
621,150,35,2,900,0,0.6708545126429182,166163935.82376525,67050499.999998495,38367162.5949755,0.9805311005466527,0.5722129230203558,59.482221283460895,0.9913703547243482,2.119995205783551
622,150,35,2,900,0,0.6864677071669997,148317231.47139496,54990833.333333395,37343844.056318045,0.9543786413848435,0.6790921648696236,66.63959340359065,0.8952431782601586,2.1249846173228573
623,150,35,2,900,0,0.6988254748958492,136358212.35937303,50693500.00000077,34246381.01156874,0.8752182697870657,0.6755576358225063,72.48408312915672,0.8121517661553858,2.05142334970924
624,150,35,2,900,0,0.7265538523570019,166254344.5405915,67495999.99999821,38127331.31963506,0.9744018481221886,0.5648828274214187,59.449874993112374,0.9908312498852062,2.169291364179343
625,150,35,2,900,0,0.6673572769213794,142922571.83110684,53311500.0000004,35781398.81134187,0.9144479805806222,0.6711759903837182,69.15492684864218,0.8584883970221501,2.062786466250504
626,150,35,2,900,0,0.6380422057259652,164080781.4904325,65415166.6666653,38392829.26164218,0.9811870511880832,0.5869102108579761,60.237402029782025,0.9960511169292393,2.103621491341585
627,150,35,2,900,0,0.7004738804357508,160754186.22593832,62767833.333332404,38456676.049752146,0.9828187528094076,0.612681273312807,61.483935392565286,0.9755710798374906,2.1661899789234873
628,150,35,2,900,0,0.6948467309583675,157272369.05927223,60047166.666665904,38491509.383085586,0.9837089715370655,0.641021242463609,62.84511423793095,0.9536881281922559,2.1613518531215106
629,150,35,2,900,0,0.6070007907172698,150652933.70057142,55960666.66666649,37865610.720956385,0.9677131808009375,0.6766468838998195,65.60642237239428,0.9107923237364598,2.059110621573585
630,150,45,10,900,0,0.8461344091913097,180556444.89259633,77933166.66666378,38456676.04975217,0.982818752809408,0.49345712094876504,54.74077652492194,0.9123462754153657,2.1532463813656877
631,150,45,10,900,0,0.7772810019801514,190125151.49042132,85400333.33332947,38367162.59497538,0.9805311005466497,0.44926244544295835,51.98575739463884,0.8664292899106473,2.0031202482451653
632,150,45,10,900,0,0.7819392127967383,169851305.84215012,69985666.66666487,38297718.484866224,0.9787563508621178,0.5472223143529467,58.19089792094637,0.9698482986824395,2.189565362961535
633,150,45,10,900,0,0.7801663345796152,167670142.8926026,68066166.66666529,38456676.04975199,0.9828187528094035,0.5649895966388505,58.94788320381435,0.9824647200635724,2.214622731954268
634,150,45,10,900,0,0.8656853501243096,186705597.47142473,83016999.99999648,38217372.11880919,0.976702977471792,0.46035597671333356,52.9378879576051,0.8822981326267516,2.116268264121728
635,150,45,10,900,0,0.7560074397613635,160913486.1641566,64496666.666665345,37434279.89140815,0.9566898664771409,0.5804064275891611,61.42306798273576,0.9765612567440076,2.1968938385767
636,150,45,10,900,0,0.7646220357302627,177116654.15709543,75399499.99999782,38392829.261642046,0.9811870511880797,0.509192093603315,55.80389967864604,0.9300649946441006,2.102040705257015
637,150,45,10,900,0,0.7611034558324001,180858130.8925976,78164166.66666421,38456676.04975204,0.9828187528094049,0.49199879803942453,54.649464479257965,0.9108244079876328,2.0655269022515728
638,150,45,10,900,0,0.8029180799128348,176449706.7259313,74733999.99999745,38491509.383085445,0.9837089715370618,0.5150468245120929,56.01482815356509,0.9335804692260848,2.148536008748594
639,150,45,10,900,0,0.7786792926673876,174747792.22593093,73485499.99999739,38456676.04975208,0.9828187528094057,0.5233233229651215,56.560371230448865,0.9426728538408145,2.1400108048802995
640,150,45,2,700,0,0.8012876417875474,149057033.28683585,66601333.33333164,30306340.631288283,0.9958172849079384,0.45504104969803993,51.57623112762541,0.8596038521270902,2.0249243336730696
641,150,45,2,700,0,0.8022734719050282,169816206.51106742,82597166.66666298,30242219.055351008,0.9937103537402753,0.36614111931223253,45.27129746888418,0.7545216244814029,1.8497079918362171
642,150,45,2,700,0,0.768672100812693,151749185.01107168,68731666.6666645,30262385.72201745,0.9943729977555903,0.44029756864160247,50.66122760026089,0.8443537933376815,1.9652639490636565
643,150,45,2,700,0,0.8203593944352566,151901501.28683424,68779333.33333126,30306340.63128829,0.9958172849079386,0.44063149731928974,50.61042803970184,0.8435071339950306,2.016371726285719
644,150,45,2,700,0,0.7594694072988645,159437228.01106885,74704666.66666384,30207385.72201757,0.9925657868047152,0.4043574125938413,48.218349603182254,0.8036391600530376,1.8865944974269753
645,150,45,2,700,0,0.763173028997416,150369346.8444075,67666499.99999844,30267885.722017482,0.9945537188506792,0.4473097577385882,51.12611154688887,0.8521018591148145,1.9731226943031013
646,150,45,2,700,0,0.7282205190326271,154623858.28683352,70863833.33333112,30306340.63128812,0.9958172849079331,0.42767007097587245,49.719364690401264,0.8286560781733544,1.8990126539866794
647,150,45,2,700,0,0.7411481084019672,168606764.9534952,81570499.99999608,30306340.631288238,0.9958172849079369,0.37153555061314686,45.59603526062809,0.7599339210104682,1.7983104699029528
648,150,45,2,700,0,0.802082534885315,161531053.45349604,76097999.9999968,30341173.964621577,0.996961851843494,0.39871184478728555,47.59332546675478,0.7932220911125796,1.9142741018277232
649,150,45,2,700,0,0.7587620445834272,157475509.28683203,73047333.33333072,30306340.63128824,0.9958172849079371,0.4148863380541748,48.81901976260411,0.8136503293767351,1.9043214444035024
650,150,20,8,800,0,0.9240824182329589,118130413.47169916,41288500.000000745,31342345.439253412,0.9011263848372333,0.7591059360173619,74.37373443296073,0.7869722902299437,2.318339457276792
651,150,20,8,800,0,0.5316488074783285,136369767.25076073,50590833.33333383,34314774.15849654,0.9865869305755656,0.6782804689616934,64.42630340377727,0.9288837120599996,2.0031568947076828
652,150,20,8,800,0,0.9611607882282819,87362641.9286207,29714666.666666813,23703328.743429206,0.6814963794133856,0.797697951968582,100.56701361181824,0.508588064551144,2.1079072143542916
653,150,20,8,800,0,0.9236951522861856,95843373.52658746,33660000.00000013,25327597.296203118,0.7281958598910925,0.752453870950773,91.66830920828107,0.5898982860490759,2.11555653509588
654,150,20,8,800,0,0.9661803416560582,127708373.51759921,45813166.666667454,33132850.74878646,0.9526053521576133,0.7232167771736486,68.795802170241,0.8636422116441622,2.4083959750391393
655,150,20,8,800,0,0.958396733939224,109847636.13107309,40654166.666667506,27704308.344429743,0.7965288772411235,0.6814629499500872,79.98169382103546,0.716749959767438,2.220317053666732
656,150,20,8,800,0,0.9331306358939923,98475223.07323939,35161500.00000045,25655020.696227796,0.7376096373426623,0.729633852259644,89.21838129237545,0.6144836105427698,2.131321328244477
657,150,20,8,800,0,0.5250448773605677,118649002.08575821,45250333.33333433,29070229.422037337,0.8358005879375401,0.6424312768680164,74.0486632466552,0.7912475614341604,1.8302374602891414
658,150,20,8,800,0,0.8592161982729961,117884840.91902012,41473666.666667156,31104473.19945604,0.8942873002538159,0.7499812700297138,74.52866654869834,0.784942790281101,2.2441440045778682
659,150,20,8,800,0,0.9124103489452422,111899797.13540597,37251500.00000063,30874656.646528702,0.8876798253947136,0.8288164677000438,78.51488764871142,0.73448811776375,2.3099516408690275
660,150,25,8,800,0,0.8595688815913011,129596086.13648011,46016666.66666779,33925322.66299508,0.9753897781834169,0.737239898507662,67.79371400728496,0.878187430764428,2.3275482311618587
661,150,25,8,800,0,0.5141880206647917,149053111.91742292,60303833.33333251,34314774.15849656,0.9865869305755661,0.5690313909037904,58.944089707214104,0.9824014951202351,1.951814628508059
662,150,25,8,800,0,0.970325031293292,99778650.58430262,34056000.00000037,26996672.1576221,0.7761835702814422,0.7927141225517326,88.05290458981412,0.626536397459327,2.231032726794005
663,150,25,8,800,0,0.954448801420967,105872060.58960105,38294666.66666737,27268859.243337467,0.7840092438585987,0.712079817294061,82.98506660843208,0.6817553270670802,2.205867982323296
664,150,25,8,800,0,0.5438708514812496,124592425.74679236,47479666.66666781,30550828.573347185,0.8783694174847362,0.6434507804747249,70.5163251083599,0.8392286480585678,1.8978601239195974
665,150,25,8,800,0,0.9830196096166363,125431521.82028306,48176333.33333423,30516299.24529697,0.8773766618973455,0.633429261503845,70.04459383493888,0.8458528275221334,2.3356158463418457
666,150,25,8,800,0,0.8930924916519986,128403824.78569561,47089166.666667275,32659853.48252499,0.9390061683501922,0.6935746753327815,68.42319545125225,0.8690222144114786,2.316974446329702
667,150,25,8,800,0,0.6143919437592609,133325159.9190903,51447000.00000057,32284062.7553709,0.9282017778468697,0.6275208030666616,65.8975395591631,0.9063839054539601,2.0227924916665505
668,150,25,8,800,0,0.5848039661440605,138869330.55304024,52468166.66666683,34338980.74818942,0.9872828962524631,0.6544726627546732,63.26666921350442,0.947011078927195,2.055393175274994
669,150,25,8,800,0,0.5207474866825752,129821527.7497678,49164500.0000006,32028968.96848825,0.9208675551284862,0.6514653656294248,67.67598681271654,0.8799122313860389,1.921832010572154
670,150,25,6,800,0,0.5812624410416168,136807036.90385672,51344333.33333428,34048806.362707116,0.9789400683211957,0.6631463328515284,64.22038075551887,0.9320771588490759,2.0438566661719157
671,150,25,6,800,0,0.5141880206647917,147300459.91742375,58961833.33333265,34314774.15849656,0.9865869305755661,0.581982822082595,59.645434949254714,0.9940905824875785,1.9738648608184464
672,150,25,6,800,0,0.536668275493966,125343732.63084842,45595000.0000015,32118755.14763798,0.9234490050452563,0.7044359062975528,70.0936521961986,0.845161507626072,1.9453785081580803
673,150,25,6,800,0,0.5597596044249747,115678198.77677438,43754333.333334565,28574771.161592584,0.8215556262151426,0.6530729412307759,75.95035272769128,0.7665623715250101,1.8487803289346056
674,150,25,6,800,0,0.5438708514812496,126907588.41345908,47543833.33333449,31639828.57334725,0.9096793472087187,0.6654875376059246,69.22990271768673,0.8574163017784042,1.9336771833443935
675,150,25,6,800,0,0.95093511243988,121427576.64755107,45871833.33333453,30031053.675393067,0.8634253260915015,0.6546730639076038,72.3542398074959,0.8139112106198608,2.288584774185824
676,150,25,6,800,0,0.8327601072214477,127345214.67528887,44449166.666667275,33825900.28076484,0.9725312769890923,0.7610018998653378,68.99199174780512,0.8608228635342845,2.302384490648002
677,150,25,6,800,0,0.5868542660464591,139053516.5468218,53276666.666666836,33913546.386931,0.9750511974892239,0.6365553347981774,63.18286813725897,0.9483346788316752,2.0444332127166764
678,150,25,6,800,0,0.5848039661440605,138499807.51569325,52248166.66666696,34298862.135525994,0.9861294426775177,0.6564605865378205,63.43546722261323,0.9443505966374287,2.054323032011746
679,150,25,6,800,0,0.5207474866825752,130981631.93383752,49230500.000000656,32553082.28428604,0.9359363807345754,0.6612381000454111,67.07658066466871,0.8887466998879617,1.9384846666068656
680,150,30,8,800,0,0.9488974325456321,132736552.58972792,47707000.0000008,34381508.34052009,0.9885056106025121,0.7206805781231165,66.18975578758482,0.9019803027537798,2.427422197797905
681,150,30,8,800,0,0.6414252238567973,156011605.5840876,65633333.333332054,34314774.158496514,0.9865869305755648,0.5228254061731414,56.31504122470301,0.9385840204117168,1.9982695692070274
682,150,30,8,800,0,0.6304909131849431,139988109.08409348,53395833.33333361,34294607.49182982,0.9860071170621569,0.6422712288754673,62.76104490219384,0.9550253302448464,2.099333226530163
683,150,30,8,800,0,0.6428893244153672,133613534.32407634,50699000.00000057,32902459.89461917,0.9459813655157164,0.648976506333829,65.75531471752149,0.908534959014182,2.0706054884966125
684,150,30,8,800,0,0.6678591032916753,145339195.78946778,57661999.999999724,34186980.86357669,0.982912734906937,0.5928857976410261,60.45031384876203,0.9925228631043621,2.134690604508858
685,150,30,8,800,0,0.9855665799246324,130360264.69485234,51661500.000000305,30701242.408419233,0.8826939781877852,0.5942770227039295,67.39630377834706,0.8840234145576382,2.345011612645414
686,150,30,8,800,0,0.946380043141482,132820586.57130158,49987666.66666743,32968859.885130357,0.9478904371746496,0.6595398842073682,66.14787832821045,0.9026100665605337,2.3766220170679104
687,150,30,8,800,0,0.585048997541385,146065295.13430494,58336666.66666613,34111326.72896068,0.9807375965798885,0.5847321878000283,60.14981171209481,0.997506252698594,2.050341000480002
688,150,30,8,800,0,0.6288506365403013,146577737.0897246,58250499.99999967,34416341.673853524,0.9895071066711272,0.5908334121398738,59.93952543162779,0.9989920905271299,2.1005094567793305
689,150,30,8,800,0,0.5900412767775783,140289001.98113942,55537166.66666661,33076604.35064557,0.9509882072788086,0.5955760139722457,62.62643454531932,0.9571703405256057,2.0236724284809804
690,150,30,6,800,0,0.6608996681200202,143247675.9230597,55755333.33333353,34381508.3405201,0.9885056106025123,0.6166496778876754,61.33293223353218,0.9780294105861154,2.132248821016276
691,150,30,6,800,0,0.6279305364801213,155209503.91742054,65019166.66666527,34314774.158496566,0.9865869305755662,0.5277639797264494,56.60606972028271,0.9434344953380452,1.993576215599326
692,150,30,6,800,0,0.6304909131849431,139997686.41742682,53403166.66666695,34294607.49182982,0.9860071170621569,0.6421830320641966,62.756751378045266,0.9550936730953796,2.09933101193168
693,150,30,6,800,0,0.6075712497532448,121333778.54958951,46240333.33333461,29751294.883480497,0.8553819577586749,0.6434057183154608,72.41017386110015,0.8131528082910248,1.9354486326966382
694,150,30,6,800,0,0.6678591032916753,145652443.53016794,57726166.66666642,34298960.40190432,0.9861322679423475,0.5941666038550595,60.32030625136928,0.9946757866119632,2.137868172987686
695,150,30,6,800,0,0.8137431539161799,129807584.58379474,48823500.00000109,32240406.82469073,0.926946622546933,0.6603460797503254,67.68325616850608,0.8798056312592296,2.22182564897567
696,150,30,6,800,0,0.9504164919842234,129271368.9656983,47626333.333334416,32741765.55996174,0.9413612293126256,0.6874718935594664,67.96400525727611,0.8756985038672644,2.3760925106990607
697,150,30,6,800,0,0.585048997541385,146188803.99006557,58345833.33333279,34165761.667513095,0.9823026600331534,0.5855732914520616,60.09899363153042,0.998351466467798,2.051859097170832
698,150,30,6,800,0,0.6288506365403013,146611257.7563913,58276166.66666634,34416341.673853524,0.9895071066711272,0.590573190421248,59.92582107574885,0.9987636845958142,2.1000728734731138
699,150,30,6,800,0,0.5900412767775783,141197749.32902032,55603166.66666662,33478044.735165313,0.9625300532179095,0.6020888151184196,62.22337141881239,0.9636219876061609,2.035334316478475
700,150,40,8,600,0,0.795749599371052,144891132.22679308,70031499.99999829,26085973.59368831,0.9999999999999916,0.3724891455086489,45.481044275954815,0.7580174045992469,1.851758320377218
701,150,40,8,600,0,0.7125090940880298,147862499.89345735,72306666.66666436,26085973.593688216,0.999999999999988,0.3607685818784213,44.56708093497875,0.7427846822496458,1.7439086418404126
702,150,40,8,600,0,0.7333414009094013,142654824.89346015,68319166.6666649,26085973.593688242,0.999999999999989,0.38182511389466967,46.19402116207078,0.7699003527011797,1.8087018447263166
703,150,40,8,600,0,0.7032643630164479,132179616.56013098,60298333.33333263,26085973.593688212,0.9999999999999878,0.4326151678104179,49.854888155180696,0.830914802586345,1.880271299851127
704,150,40,8,600,0,0.7865550295449235,147027636.89498016,71892333.33333078,25942614.069460303,0.99450434450095,0.3608536942204485,44.82014496843885,0.7470024161406476,1.8222404010619297
705,150,40,8,600,0,0.7123955315619435,129679932.56013183,58384333.33333276,26085973.593688212,0.9999999999999878,0.4467974900861841,50.81588083757175,0.8469313472928625,1.9167648709237533
706,150,40,8,600,0,0.9134711744012609,138062493.56013116,64802833.33333266,26085973.593688346,0.9999999999999929,0.4025437199559991,47.730559039409975,0.7955093173234996,2.03101546768956
707,150,40,8,600,0,0.7541250199535575,145918301.22679064,70817999.99999762,26085973.593688197,0.9999999999999872,0.36835230582181183,45.160887596669134,0.7526814599444855,1.8014883245554925
708,150,40,8,600,0,0.7839894811046625,140660345.22679442,66791999.9999986,26085973.593688264,0.9999999999999898,0.3905553598288539,46.849024786444986,0.7808170797740831,1.877250848741829
709,150,40,8,600,0,0.7229430764112835,147709262.5601234,72189333.33333088,26085973.593688216,0.999999999999988,0.3613549590939904,44.613315954493345,0.7435552659082224,1.7555823095946983
710,150,45,4,600,0,0.8011855747228079,140344854.22679475,66551833.333332054,26085973.593688298,0.9999999999999911,0.39196476320996115,46.954339981364775,0.7825723330227462,1.897329718313523
711,150,45,4,600,0,0.7239930416847744,162992853.2267892,83893333.33332977,26085973.59368823,0.9999999999999886,0.3109421518637477,40.429993521439336,0.6738332253573223,1.646579988533095
712,150,45,4,600,0,0.7881543809601163,153846499.89345458,76889999.99999644,26085973.593688205,0.9999999999999877,0.33926354004017967,42.833603654055985,0.7138933942342665,1.7734586072265264
713,150,45,4,600,0,0.805419274547932,142652991.56012595,68319166.6666648,26085973.593688242,0.999999999999989,0.3818251138946702,46.194614833734526,0.7699102472289088,1.880789612892577
714,150,45,4,600,0,0.7843113814300396,161460479.89345613,82719999.99999627,26085973.59368831,0.9999999999999916,0.31535267884054013,40.813702550298686,0.6802283758383114,1.7168219003407832
715,150,45,4,600,0,0.7375462188655321,132678198.8934641,60681499.999999225,26085973.59368817,0.9999999999999862,0.42988346685049816,49.66754187921541,0.8277923646535902,1.909245356999521
716,150,45,4,600,0,0.7452391619127774,155018374.76968005,77823166.66666368,26063113.276244204,0.9991236548115706,0.334901731612633,42.50979930470084,0.7084966550783474,1.721657202281231
717,150,45,4,600,0,0.7491065944390929,155678164.89345655,78292499.99999693,26085973.593688257,0.9999999999999896,0.3331861109772875,42.32963565898882,0.7054939276498137,1.7211494108707366
718,150,45,4,600,0,0.8342820579029543,153705234.22679022,76781833.33333041,26085973.593688246,0.9999999999999892,0.33974147869642657,42.8729706776077,0.7145495112934616,1.8206247521535572
719,150,45,4,600,0,0.7779372754671494,151490459.00643656,75089666.66666397,26083628.277100988,0.9999100928098728,0.3473664145146726,43.499769181635465,0.7249961530272577,1.7808265601061453
720,150,40,10,800,0,0.7470910655020487,158115213.58972096,67142166.66666545,34381508.34052019,0.988505610602515,0.5120702838085478,55.56581052850162,0.9260968421416937,2.082844134690581
721,150,40,10,800,0,0.6930341031064573,169660427.58407933,76086999.99999683,34314774.15849666,0.9865869305755692,0.45099391694373675,51.78461545280489,0.8630769242134149,1.9169061608748617
722,150,40,10,800,0,0.7595758637300054,158004195.08408543,67193499.9999982,34294607.491829805,0.9860071170621567,0.5103857886823983,55.60485274029871,0.9267475456716452,2.0946320403475696
723,150,40,10,800,0,0.7548203958421292,153536446.08408758,63645999.99999867,34375274.15849666,0.9883263711157904,0.540101092896606,57.22289543675034,0.953714923945839,2.1406161941052533
724,150,40,10,800,0,0.8070296666311882,169091896.2507482,75628666.66666415,34329440.82516305,0.9870086131307663,0.45392101088428805,51.95872892081974,0.8659788153469956,2.0361452906856146
725,150,40,10,800,0,0.874699866541829,150630181.9174242,61475333.333332896,34340440.82516308,0.9873248750471709,0.5586051992424602,58.32695604667327,0.9721159341112211,2.293699960047018
726,150,40,10,800,0,0.981119095405783,142576379.29933023,55471166.66666683,34236799.56043422,0.9843450764106557,0.6171999187644174,61.62170790965844,0.9733335350342477,2.4482125654515645
727,150,40,10,800,0,0.6839231909310682,167556069.9230488,74370999.99999756,34381508.34052017,0.9885056106025145,0.4622972440940865,52.4349849219723,0.873916415366205,1.9276774015725424
728,150,40,10,800,0,0.743183280576342,160957623.1150662,69265166.66666526,34415559.84142129,0.9894846281417339,0.4968667729775957,54.5845535611517,0.9097425593525283,2.0504192583109466
729,150,40,10,800,0,0.6866927865446333,166902416.92305,73870499.9999978,34381508.34052021,0.9885056106025155,0.46542947916314686,52.640340157870064,0.8773390026311677,1.9363753725063186
730,150,25,10,800,0,0.8722978602478596,136420870.58972663,50526666.66666702,34381508.34052013,0.9885056106025132,0.6804626271378788,64.4021692723432,0.9292574172402742,2.345925379198437
731,150,25,10,800,0,0.532755169127709,141997011.5840919,54900999.99999978,34314774.158496596,0.9865869305755671,0.6250300387697262,61.873133117290784,0.969263392358296,2.0020425925017857
732,150,25,10,800,0,0.9480847074981721,103475640.5843025,36300000.00000035,27370672.15762211,0.7869364754391733,0.7540130070970205,84.90693993667169,0.6602639064598406,2.211559019635629
733,150,25,10,800,0,0.8948761792899566,106460228.79529713,38982166.666667275,27117709.026498295,0.7796635113820156,0.6956439660827269,82.52659325853442,0.6869847252635666,2.1383760774197045
734,150,25,10,800,0,0.9598597363231971,137166566.91742644,51179333.333333544,34329440.8251633,0.9870086131307734,0.6707676436809746,64.05205143968506,0.934695762203357,2.431169613471334
735,150,25,10,800,0,0.9898634389381059,130207934.48694757,51045500.00000021,31018632.578630276,0.8918192894131203,0.6076663482310909,67.47515068584944,0.8828624689928114,2.35885898651579
736,150,25,10,800,0,0.8781309371276435,132358966.45236206,48995833.33333385,33374853.482525002,0.9595631929164424,0.6811773820738086,66.37857816124712,0.8991461969183765,2.322219039705067
737,150,25,10,800,0,0.6143919437592609,132127454.25242366,51415833.33333391,31719396.088704195,0.9119669994714713,0.616918836714446,66.49488593956497,0.897404923551497,2.005331936682315
738,150,25,10,800,0,0.8350577565307763,124265121.61389083,45314500.00000111,31771132.88460434,0.9134544884005599,0.7011250898631467,70.70205932199313,0.8366347736732955,2.232592602094589
739,150,25,10,800,0,0.8935583044689548,122616982.90803738,46575833.33333453,30162816.613648858,0.8672136533063904,0.6476065902627919,71.65239097906479,0.823487823033984,2.2351313997131723
740,150,45,6,800,0,0.7924148160962655,161070381.92305073,69406333.33333127,34381508.340520255,0.9885056106025168,0.495365576732017,54.54634114046679,0.9091056856744465,2.0978129631563256
741,150,45,6,800,0,0.7612011986065087,179099450.58407477,83315833.3333288,34314774.15849668,0.9865869305755696,0.4118637812960547,49.0554268667378,0.8175904477789633,1.9082826714223158
742,150,45,6,800,0,0.7777860700714624,162970603.41741666,70997666.66666439,34294607.491829775,0.9860071170621558,0.4830385152352078,53.91033607145043,0.8985056011908406,2.062722483450469
743,150,45,6,800,0,0.831763499714259,156687949.7507528,66060499.99999834,34375274.15849658,0.9883263711157879,0.5203604901340051,56.07195712226612,0.9345326187044354,2.1825845105258983
744,150,45,6,800,0,0.8407486753405745,174722464.79368377,80263333.33333041,34124232.04507709,0.9811086383986863,0.4251534371661407,50.28431810628628,0.8380719684381046,2.0189433935115915
745,150,45,6,800,0,0.7613478103481282,159152175.2507509,68001999.99999794,34340440.82516318,0.9873248750471737,0.5049916300280023,55.203769512779864,0.9200628252129978,2.0854039395835278
746,150,45,6,800,0,0.8022661318973833,168612531.92304948,75181333.33333105,34381508.34052002,0.98850561060251,0.45731442654898014,52.10644724799944,0.8684407874666573,2.0365584606032248
747,150,45,6,800,0,0.7480142411074858,179224217.2563782,83306666.66666305,34381508.340520225,0.988505610602516,0.41271016733980936,49.02127700427902,0.8170212834046503,1.8952036583839837
748,150,45,6,800,0,0.7971571007337653,168985591.42304614,75412333.33333029,34416341.67385356,0.9895071066711282,0.4563755045441941,51.99141492486914,0.8665235820811523,2.028781086450273
749,150,45,6,800,0,0.729258331115781,162222056.25638455,70288166.66666482,34381508.34052007,0.9885056106025115,0.48915073434154593,54.1590965048208,0.9026516084136801,2.023230527002698
750,150,20,2,900,0,0.4908501012921274,122555246.08269678,42252833.33333442,32887203.066224232,0.8404824134857733,0.7783431422639914,80.64771044832054,0.7088378312385689,1.8223624463418893
751,150,20,2,900,0,0.4688165579445557,147342174.9904377,52666166.66666685,38346995.92830883,0.9800157107569574,0.7281144301048813,67.0805897947512,0.8886873168530992,1.9399954188815598
752,150,20,2,900,0,0.49328968002704215,128030744.51385923,42538833.333334304,35377189.61144798,0.9041178006867632,0.8316445666065244,77.19864504052842,0.7507788955045633,1.909384228816825
753,150,20,2,900,0,0.5219559265815554,119307171.12387747,41739500.00000114,31629193.488144193,0.808332068433815,0.7577760511779809,82.8433019314286,0.6833680452663949,1.811544812790335
754,150,20,2,900,0,0.5400266696157625,134476406.3422651,47204666.66666806,35549021.478246994,0.9085092249690344,0.7530827773718548,73.49839476557743,0.7985375824738461,1.9410304739870925
755,150,20,2,900,0,0.7956551423108298,100100343.38855678,33419833.333333712,27558259.8284798,0.704293177059401,0.8246079372572023,98.73892201982088,0.5243223037105185,1.9796637958271102
756,150,20,2,900,0,0.47904707041185324,127007552.01385957,43000833.33333443,34583356.27811453,0.8838301844196691,0.8042485132795174,77.82056927545096,0.7430369624501306,1.865482843485598
757,150,20,2,900,0,0.5091671312510749,136496026.62185064,47960000.000001065,36053245.4637293,0.9213954345807853,0.7517357269334549,72.4108990174647,0.8131429806348416,1.9236986934326805
758,150,20,2,900,0,0.48574784354666195,130377179.69271548,44803000.00000137,35079206.9429209,0.8965024011066819,0.7829655813878497,75.8092790724191,0.7683668546647265,1.8804871633216682
759,150,20,2,900,0,0.4719151677893163,123193503.26541784,42900000.00000107,32786206.246338747,0.8379012863902036,0.7642472318493689,80.229880131792,0.7137912910242106,1.797104244293022
760,150,30,10,900,0,0.9526185382304487,151137069.28478473,55582999.99999999,38341713.65777715,0.979880714312407,0.6898100796606365,65.39626609654671,0.9139880625544747,2.4184546645134324
761,150,30,10,900,0,0.6327562444196877,164420300.1570998,65713999.99999882,38367162.59497542,0.9805311005466505,0.5838506649264404,60.113015184598595,0.9981181864256343,2.097954962786474
762,150,30,10,900,0,0.9548628788955908,130716448.75903076,46315500.00000081,34282530.873122856,0.8761421343925476,0.7401956337105776,75.61251926465881,0.7708907192724344,2.3179101051364874
763,150,30,10,900,0,0.9531975332834458,123802118.52604805,45826000.0000011,31220040.27625405,0.7978755368059229,0.6812735188812749,79.83546741908494,0.7184988861905279,2.2167152345789938
764,150,30,10,900,0,0.8751387392142792,155111511.65710288,58767499.99999964,38251662.5949754,0.9775793226602143,0.6508982446926556,63.720609092184034,0.9398733455841805,2.335730680552584
765,150,30,10,900,0,1.0,106397388.62386988,42641500.00000099,24755534.22345815,0.632665268291864,0.5805502673090199,92.89513706901829,0.5779590361791538,2.04239925002637
766,150,30,10,900,0,0.9712519711250029,125803677.90264061,46986500.000001065,31457202.978349026,0.8039365897888782,0.6694944926382751,78.56527062467177,0.733871615023991,2.240719180259614
767,150,30,10,900,0,0.8972557802828085,148033068.17387152,56739833.33333331,36089480.644479565,0.9223214796478818,0.6360519325543708,66.76751432586016,0.8933365392572311,2.299433865583536
768,150,30,10,900,0,0.8830771377672016,126960986.43693261,45494166.666667864,32973208.770259865,0.8426804198518316,0.7247788274011465,77.8491115844452,0.742683580000114,2.205583779688233
769,150,30,10,900,0,0.5800333348115696,152995103.44029024,59557666.66666633,36715124.82851389,0.9383107668098708,0.616463452707137,64.60206750248955,0.9261666202553247,1.9993707172326038
770,150,35,8,800,0,0.7288569516642958,148113522.2563912,59482499.99999967,34381508.34052012,0.988505610602513,0.5780104793934403,59.31801408916185,0.9886335681526975,2.1798989033317455
771,150,35,8,800,0,0.6916952136901537,167241589.9174156,74233499.99999751,34314774.15849652,0.9865869305755651,0.46225456375487717,52.533583328994034,0.8755597221499005,1.937058586843956
772,150,35,8,800,0,0.7038473534096069,150461484.08409023,61416666.66666604,34294607.4918298,0.9860071170621564,0.5583925236118884,58.39235239159128,0.973205873193188,2.1237672454923056
773,150,35,8,800,0,0.7163683458465737,143625739.41742566,56055999.99999986,34375274.158496596,0.9883263711157885,0.6132309504512753,61.17148664046527,0.9806645966264372,2.1876177028340313
774,150,35,8,800,0,0.6917351768838792,157157881.2995974,66799333.3333317,34131910.83436015,0.9813294119090791,0.5109618484370251,55.90429145103591,0.9317381908505985,2.032242846484098
775,150,35,8,800,0,0.6905007120466665,143049161.5840925,55669166.666666634,34340440.82516321,0.9873248750471746,0.6168664429770501,61.418046094839944,0.9766429965172724,2.1606368629455788
776,150,35,8,800,0,0.945192424508177,142424975.29933086,55353833.333333686,34236799.56043421,0.9843450764106553,0.6185081953451099,61.687214489840095,0.9722714523971541,2.412270433181419
777,150,35,8,800,0,0.6417819461808468,159630265.58971897,68300833.33333163,34381508.34052017,0.9885056106025145,0.5033834385698714,55.03843502071985,0.9173072503453309,1.961795947382075
778,150,35,8,800,0,0.6871537346900572,150092243.9201117,60974833.33333254,34396019.97077351,0.9889228356928841,0.5641019104183523,58.536002730936204,0.9756000455156034,2.1140353085403425
779,150,35,8,800,0,0.663074234310121,155278079.0621176,64987999.99999883,34369001.65712823,0.9881460299063878,0.5288515057722787,56.5810708959461,0.9430178482657683,2.0291732871937125
780,150,25,2,900,0,0.5853649011172302,137450431.70825407,48231333.333334535,36346987.33117832,0.928902454049672,0.7535969839352858,71.90810445018388,0.8199856757261484,2.0082281639916073
781,150,25,2,900,0,0.5686740283581417,152467227.15710402,56560166.666666664,38367162.594975546,0.9805311005466538,0.6783424600052843,64.82573458108224,0.9227204977432888,2.034068494105658
782,150,25,2,900,0,0.549508262843015,132178736.09463298,45763666.666668095,35347024.936373465,0.9033468966102568,0.7723818371861015,74.77602140879696,0.7817134612055758,1.9491271937974721
783,150,25,2,900,0,0.528376799727359,134138441.89017598,48953666.66666778,34270190.283149086,0.8758267518766155,0.7000535938707003,73.6835754219676,0.796076819912823,1.8844964947367422
784,150,25,2,900,0,0.5576542914331643,139729622.81976414,49657666.66666765,36550208.306374826,0.9340960746613168,0.7360436113867769,70.73517984621641,0.8361730714120691,1.9826622519546548
785,150,25,2,900,0,0.5298320584687882,115138318.34381157,40998833.33333454,30067598.183084875,0.7684231291348006,0.7333769216949423,85.84283792026768,0.6500448195356814,1.7665784153604234
786,150,25,2,900,0,0.5522946732080453,147421407.42379746,52838500.00000054,38276716.97924021,0.9782196254951159,0.7244096062386295,67.04453696868255,0.8892214721398233,2.021043830338772
787,150,25,2,900,0,0.49697503224288103,152474952.41450447,56870000.000000045,38173450.01521307,0.9755804814187984,0.6712405488871646,64.82245013679889,0.9227710095268681,1.9567384808794808
788,150,25,2,900,0,0.5399938947073385,137396865.05842403,49641166.666667685,35422239.16955659,0.9052691105518602,0.7135658073350921,71.93613912367798,0.8196026313759978,1.9304491719514099
789,150,25,2,900,0,0.5565626752670415,133693626.80481073,47861000.00000098,34749549.76645918,0.8880775113786769,0.7260514775382559,73.92872970998157,0.7928307618710282,1.9302346191686743
790,150,40,2,900,0,0.7588489489521328,168873931.55926883,68986499.99999839,38456676.04975213,0.9828187528094071,0.5574521978902108,58.52768339517892,0.9754613899196486,2.18027209718395
791,150,40,2,900,0,0.7327639505171994,181071616.15708986,78466666.66666314,38367162.5949756,0.9805311005466553,0.48896129050523357,54.58503220861101,0.9097505368101835,2.0336835197315697
792,150,40,2,900,0,0.7273203094494739,166631848.32376435,67464833.3333316,38332329.26164226,0.9796408818189999,0.5681823754347561,59.31519154007015,0.9885865256678359,2.1704527354651146
793,150,40,2,900,0,0.7110581175337713,152910424.25625435,58881166.66666642,37106777.57747951,0.9483200475333216,0.6301977300746363,64.63784302524903,0.9256145499433475,2.140830851536828
794,150,40,2,900,0,0.7510950730360626,177615431.0178954,76189666.66666336,38131719.384045616,0.974513991771464,0.5004841345595501,55.64719204495341,0.9274532007492234,2.0789355814329262
795,150,40,2,900,0,0.7224040066430378,153888272.8808473,58353166.66666624,37920548.50212279,0.9691171992215163,0.649845598247277,64.2271163030911,0.9319725305545195,2.174253015795379
796,150,40,2,900,0,0.6918050864040716,171118288.1570955,70805166.66666444,38392829.26164213,0.9811870511880818,0.5422320300775132,57.76004485812853,0.9626674143021422,2.0882581247682244
797,150,40,2,900,0,0.7280299437319065,175573276.22593182,74116166.66666427,38456676.049752064,0.9828187528094054,0.5188702786358349,56.29444419138875,0.9382407365231458,2.0813669031637203
798,150,40,2,900,0,0.7352976013519038,163177356.0592696,64569999.99999855,38491509.38308555,0.9837089715370646,0.5961206347078584,60.57090419095886,0.990530055191752,2.2027241643099424
799,150,40,2,900,0,0.6836369688847289,172422333.55926523,71703499.99999756,38456676.04975224,0.98281875280941,0.5363291338603214,57.32320051568452,0.9553866752614086,2.0680869512343945
800,150,45,10,700,0,0.8041187349655384,148920556.28683627,66496833.33333176,30306340.631288297,0.995817284907939,0.45575614825702,51.62349773386898,0.8603916288978163,2.029115282468971
801,150,45,10,700,0,0.8089530468595354,171291115.8444016,83726499.99999651,30242219.05535097,0.993710353740274,0.36120247538535866,44.88148706429987,0.7480247844049978,1.84593981157282
802,150,45,10,700,0,0.768672100812693,151593553.34440544,68612499.99999791,30262385.722017433,0.9943729977555897,0.4410622805176659,50.71323832969391,0.8452206388282318,1.9667425640550578
803,150,45,10,700,0,0.8203593944352566,155950318.95350027,71879499.99999785,30306340.63128817,0.9958172849079348,0.4216270373512486,49.2964685906944,0.8216078098449067,1.9792688341611622
804,150,45,10,700,0,0.7613783250563354,161244949.67773545,76088833.33333053,30207385.722017564,0.9925657868047149,0.39700156249846574,47.67777232939609,0.7946295388232681,1.8736091138783761
805,150,45,10,700,0,0.763173028997416,153151562.17774144,69796833.3333319,30267885.722017437,0.9945537188506779,0.4336570052894195,50.19733322130828,0.836622220355138,1.9467208535840896
806,150,45,10,700,0,0.7426301121509232,159477171.953501,74579999.99999796,30306340.63128814,0.9958172849079338,0.4063601586388974,48.20627244532242,0.803437874088707,1.8711561131507484
807,150,45,10,700,0,0.7411481084019672,169416471.69798094,82232333.33333012,30279670.26093674,0.9949409397195147,0.3682209787018641,45.37811419957473,0.7563019033262456,1.7920267946897042
808,150,45,10,700,0,0.802082534885315,162244564.7868304,76644333.33333045,30341173.96462164,0.996961851843496,0.39586976159954573,47.3840218321078,0.7897336972017966,1.9085120413667482
809,150,45,10,700,0,0.7885014362766478,164639354.6201632,78532666.66666338,30306340.631288245,0.9958172849079372,0.3859074435855506,46.694789455026715,0.778246490917112,1.8754738820622001
810,150,35,4,800,0,0.7288569516642958,147462263.58972406,58983833.33333285,34381508.340520106,0.9885056106025125,0.5828971499058282,59.579988711174515,0.9929998118529085,2.188174483441867
811,150,35,4,800,0,0.6874444206032846,166032451.58408135,73307666.66666394,34314774.15849657,0.9865869305755666,0.4680925709247944,52.91616136590465,0.8819360227650775,1.9438545001081975
812,150,35,4,800,0,0.6912847587408915,146953785.75075695,58730833.33333261,34294607.49182985,0.9860071170621578,0.5839285013578377,59.78614266461485,0.9964357110769142,2.154863270904076
813,150,35,4,800,0,0.6553219506970908,126008675.75422306,49327666.666667596,30065923.094624706,0.8644278596687821,0.6095143988422482,69.72377058494365,0.8503877618728132,1.9933212316437028
814,150,35,4,800,0,0.6917351768838792,157275203.6329305,66889166.66666493,34131910.83436017,0.9813294119090796,0.5102756176415372,55.86258861572008,0.9310431435953347,2.0309988145924436
815,150,35,4,800,0,0.6905007120466665,142378748.25076002,55155833.33333351,34340440.82516319,0.9873248750471743,0.6226075965098237,61.70724288519724,0.97194695594231,2.1605337451968354
816,150,35,4,800,0,0.6395618918284695,153261338.92305532,63424166.6666657,34381508.34052006,0.9885056106025113,0.5420884522017725,57.32561167569403,0.9554268612615672,2.0286595148514546
817,150,35,4,800,0,0.6417819461808468,159026893.58971736,67838833.33333123,34381508.340520255,0.9885056106025168,0.506811609975427,55.24725913760846,0.9207876522934744,1.9680188864546628
818,150,35,4,800,0,0.6871537346900572,149294930.92011237,60364333.33333269,34396019.97077346,0.9889228356928825,0.5698070047562385,58.848615595001526,0.9808102599166921,2.12380959841174
819,150,35,4,800,0,0.663074234310121,152954864.25638795,63189499.9999989,34381508.34052018,0.9885056106025146,0.5441016045469703,57.440474630953574,0.9573412438492263,2.0556967617969235
820,150,30,2,900,0,0.6480892468287512,154577469.7570252,58089166.666666254,38423386.08607164,0.9819679772368328,0.6614552814392571,63.94075420910946,0.9364311887699004,2.1136846607500575
821,150,30,2,900,0,0.6001379948849117,156147878.49043545,59379833.33333268,38367162.59497555,0.980531100546654,0.6461311937269832,63.29768995616174,0.9465215890247172,2.0635645388912156
822,150,30,2,900,0,0.6028364163823964,136911065.31976438,48499000.00000106,35914041.63970808,0.917837869477295,0.7405109721789583,72.19138918330498,0.8161233104218975,2.0113685045474607
823,150,30,2,900,0,0.6490780772530687,134079207.8514465,49126000.000001065,34132333.7488742,0.8723036188084485,0.6947916327173688,73.71612764113873,0.7956450359341558,2.0005564193611196
824,150,30,2,900,0,0.6164644256343902,154647010.99043602,58411833.333332896,38251662.594975546,0.977579322660218,0.6548615308252466,63.91200151040264,0.9368800450403927,2.0772336953349804
825,150,30,2,900,0,0.5900431597312592,125855290.15625481,45516166.6666681,32419559.048113152,0.828531060486775,0.712264705539324,78.53305163198807,0.7342657975858152,1.8941207217485339
826,150,30,2,900,0,0.6229548888815081,155814981.82377028,59084666.66666651,38392829.2616421,0.981187051188081,0.6497934477356031,63.43292464121817,0.9443906156229758,2.087180262692966
827,150,30,2,900,0,0.5516893720702165,160847004.2259381,62837499.99999905,38456676.04975217,0.982818752809408,0.6120020059638392,61.44845561510398,0.9761481345156107,2.0174391113568984
828,150,30,2,900,0,0.5874537047244038,151787215.7452318,55973499.99999988,38410114.565755695,0.9816288033823914,0.6862196318928739,65.11615587303166,0.9182649948986864,2.0546944051373894
829,150,30,2,900,0,0.5787381197670863,150796577.32976836,56813166.66666644,37391450.2992207,0.9555952912121713,0.6581476177626815,65.5439279525933,0.9117414752534468,2.0169976892306782
830,150,20,10,700,0,0.9065485864293014,99420664.92044957,34985500.000000246,26228616.522099447,0.8618298728208508,0.7496996333366469,77.32597650751295,0.7491872886464465,2.2554955817450653
831,150,20,10,700,0,0.44684059542450416,119227326.49190322,45527166.66666812,29176027.407791447,0.9586770224456304,0.6408487403006378,64.48018441914893,0.9280499331969967,1.8875695208620111
832,150,20,10,700,0,0.9778004793798418,82936215.34016274,30706500.00000006,20910863.67666951,0.6870971241603142,0.6809914407916717,92.69533180973477,0.5798868986243525,2.1024805306375316
833,150,20,10,700,0,0.8988696621866291,97839974.5669106,36879333.33333395,24250072.507031817,0.796818119896732,0.657551813310926,78.57524528220807,0.7337496231972364,2.158660736032606
834,150,20,10,700,0,1.0,106407766.03305902,40652333.333334066,26026672.53931479,0.8551943205089859,0.6402257977643182,72.24848605139907,0.8153470450830803,2.327527683294535
835,150,20,10,700,0,0.9562116443185902,112261684.13213614,43908333.33333412,26808313.38805913,0.8808777732636262,0.6105518327134254,68.48106777866593,0.8681844128870965,2.312837523376427
836,150,20,10,700,0,0.9557461841281413,97777477.35748887,36873833.33333386,24223076.79721173,0.7959310845801207,0.6569177817299001,78.62546884792569,0.7331356881427977,2.2144160976548593
837,150,20,10,700,0,0.9459827854662408,114313277.06650642,44097166.66666758,27689219.48910195,0.9098229214909134,0.6279137999592123,67.25203053646436,0.8861516543312739,2.3344654797648845
838,150,20,10,700,0,0.987801803995636,82909373.15464889,31713000.00000023,20256236.45094261,0.6655871334134549,0.6387360530679047,92.72534223193473,0.5795969269708965,2.0783875734208563
839,150,20,10,700,0,0.9180046445189852,105508069.37683563,40617500.00000076,25609784.143565517,0.8414960427982129,0.6305110886579686,72.86456898895604,0.807017857140844,2.229431372586204
840,150,20,10,800,0,0.8990063224743291,117261607.75673759,42091500.00000078,30406511.512966562,0.8742201456587594,0.7223907799191285,74.92477860465961,0.7797777700560563,2.2566967164656884
841,150,20,10,800,0,0.5316488074783285,135633674.15486717,50552333.33333382,33980068.40159385,0.9769637774747071,0.6721760631212577,64.77594929684152,0.9234864471786774,1.9928761051540123
842,150,20,10,800,0,0.9510717234908879,88760778.59528741,31038333.333333507,23541995.410095878,0.6768578713061294,0.7584812997936664,98.9829082061079,0.522194509591245,2.080051272917066
843,150,20,10,800,0,0.9679188135584768,91689498.52658764,33396000.00000018,23468597.29620313,0.6747475960188432,0.7027367737514373,95.82122425342244,0.5504493115206991,2.0805575440803254
844,150,20,10,800,0,1.0,129111460.12750357,47648333.333333835,32647911.238409977,0.9386628158947398,0.6851847473869592,68.0481809385752,0.8744708232727855,2.422618621182353
845,150,20,10,800,0,0.9883937060491335,105731567.24679038,40322333.333333924,25906995.24001368,0.7448541784429085,0.6424974226031884,83.09533499577161,0.6805035433462464,2.1828951874779308
846,150,20,10,800,0,0.9271875245692527,96069393.36555511,35365000.00000051,24351164.81155996,0.7001223681790733,0.6885667980081892,91.45264367985565,0.5920224467570621,2.070063409732866
847,150,20,10,800,0,0.8615169402668903,125624473.95168814,46247666.66666776,31838874.874744475,0.9154021440026262,0.6884428376511331,69.93700927558739,0.8473708664904422,2.2596420768782393
848,150,20,10,800,0,0.9095664120581557,112013958.29915401,39592666.666667216,29438149.812503282,0.8463786977350684,0.743525311400332,78.43486770225452,0.7354683329224428,2.239854994100864
849,150,20,10,800,0,0.8704019675623798,100178417.13540533,34765500.00000045,26738656.646528374,0.7687653448268588,0.7691146868742871,87.70152545058428,0.6302163594581099,2.1159100765199192
850,150,35,10,800,0,0.9366171010054686,143020775.2563922,55582999.99999998,34381508.34052026,0.988505610602517,0.618561580708495,61.430236161493085,0.9764445942853607,2.407910959857625
851,150,35,10,800,0,0.6916952136901537,167191308.91741547,74194999.99999748,34314774.158496514,0.986586930575565,0.4624944289844017,52.5493822429476,0.87582303738246,1.9375137942601353
852,150,35,10,800,0,0.7038473534096069,150530919.75075692,61469833.33333271,34294607.4918298,0.9860071170621564,0.5579095571295971,58.36541764673448,0.9727569607789079,2.1229319598921927
853,150,35,10,800,0,0.7163683458465737,143719118.4174256,56127499.999999836,34375274.1584966,0.9883263711157886,0.6124497645271338,61.131741529905895,0.9813144222111659,2.1876425796794465
854,150,35,10,800,0,0.6917351768838792,157473933.2995977,67041333.33333182,34131910.834360056,0.9813294119090764,0.5091174226003982,55.79209089344849,0.9298681815574749,2.0288972965216727
855,150,35,10,800,0,0.887020298007375,127241994.40477571,50832833.333333835,29708466.278562006,0.8541505889706362,0.5844345933611487,69.04795889988225,0.8600202745124119,2.214588247208706
856,150,35,10,800,0,0.9469185085265291,147040860.92305943,58661166.666666776,34381508.34051998,0.9885056106025089,0.5861033848148249,59.75073829714079,0.9958456382856798,2.411646854664069
857,150,35,10,800,0,0.6466978628060039,159680546.58971798,68339333.33333142,34381508.340520196,0.9885056106025151,0.503099849874467,55.021104246180776,0.9170184041030129,1.9661961468085905
858,150,35,10,800,0,0.6871537346900572,150041962.9201116,60936333.333332516,34396019.97077354,0.9889228356928847,0.5644583139359769,58.555618901612974,0.9759269816935495,2.1146473675323882
859,150,35,10,800,0,0.663074234310121,157571850.39545196,66744333.33333243,34369001.65712824,0.9881460299063881,0.5149351254357979,55.75742099842464,0.929290349973744,2.0043126846325032
860,150,35,8,900,0,0.739542342491997,159312797.55927387,61664166.66666642,38456676.04975202,0.9828187528094042,0.6236470567685529,62.040213664082046,0.9665680626167474,2.2050280505235866
861,150,35,8,900,0,0.6708545126429182,167861518.15709737,68350333.33333153,38367162.594975546,0.9805311005466539,0.5613310239156585,58.88067800477058,0.981344633412843,2.101263965188288
862,150,35,8,900,0,0.6951346011560751,147467351.6037658,54686500.00000005,37123043.40512441,0.9487357454584019,0.6788337780827879,67.02364891285946,0.8895310944942572,2.1277327181165626
863,150,35,8,900,0,0.7110023871625387,141028590.27557102,54305166.66666703,34223707.1460402,0.8746388047232809,0.6302108850178155,70.08366162270342,0.8453022468122441,2.0604733419890353
864,150,35,8,900,0,0.7321752621152463,168458086.65709606,68988333.33333121,38251662.59497561,0.9775793226602197,0.5544656719007097,58.67216110627515,0.9778693517712524,2.1536171514070666
865,150,35,8,900,0,0.8139748057317445,142314935.1572086,55410666.66666697,34146870.58266179,0.872675129670033,0.6162508527117811,69.45019501348774,0.8542740370213098,2.1612495249224795
866,150,35,8,900,0,0.8679982598059528,151996581.15710366,56162333.333333224,38392829.261642046,0.9811870511880798,0.6836045972978708,65.026462600393,0.9196387246378647,2.3345206622821144
867,150,35,8,900,0,0.674526292236929,159106669.6013344,62270999.99999942,37969290.84171314,0.9703628837248577,0.6097427509067381,62.120588814820536,0.9652741285825717,2.1275946215448913
868,150,35,8,900,0,0.6948467309583675,156260786.97554207,59951833.33333249,38058577.83091545,0.972644748315973,0.6348192493015112,63.25195329745147,0.9472433763389191,2.1499455067384954
869,150,35,8,900,0,0.6070007907172698,149110942.89175338,56758166.66666642,36604739.16955656,0.9354896936748933,0.6449246217646809,66.28487358687762,0.9005515292112439,2.023492017340258
870,150,20,8,900,0,0.9130066856351461,119741070.46530491,40573500.00000073,32584144.850481197,0.8327373005893837,0.8030893280215069,82.54310706921432,0.6867956723530767,2.2422738204054284
871,150,20,8,900,0,0.5128961327370978,148723705.32377085,53724000.00000012,38346995.928308815,0.980015710756957,0.7137777516251345,66.45746203325832,0.8979648381145643,1.9818831721517696
872,150,20,8,900,0,0.9603464017508909,96961501.88650593,33225500.00000006,26150235.343991578,0.668308973276954,0.7870531773484681,101.93530223540733,0.497121058575387,2.0871100022050526
873,150,20,8,900,0,0.9177834760179353,106150775.19657844,37768500.0000004,27739359.458228614,0.7089214530969271,0.7344575362598017,93.1109545050085,0.5758838765917913,2.081233381617568
874,150,20,8,900,0,0.8928603073460656,132294065.75257124,45794833.33333428,35382550.87973094,0.9042548160388056,0.7726319391138785,74.71083410865616,0.7825632192342482,2.293529077871417
875,150,20,8,900,0,0.9594758992416786,114601638.79054278,41737666.66666737,29333860.154810674,0.749671339643053,0.7028150468755683,86.24483998928326,0.6457040547041722,2.1674319914463056
876,150,20,8,900,0,0.9196487479156532,92651289.35339582,33033000.00000041,24169362.951062594,0.6176847713263126,0.7316732646463323,106.6774145182227,0.45934353406385425,1.9643308936965733
877,150,20,8,900,0,0.9018484971521511,122838947.59875177,43842333.33333456,32012539.579672065,0.8181290599128072,0.730174175180864,80.46145130032386,0.7110417090806903,2.1970295463775327
878,150,20,8,900,0,0.9660143916185947,96292432.23566362,32943166.666666955,26003655.39401118,0.6645629000739497,0.7893489917689845,102.643580295185,0.49128722712973993,2.088780812163522
879,150,20,8,900,0,0.8863619671518406,122807836.36435921,43362000.000000685,32303512.78559812,0.8255653220322695,0.7449728514735854,80.48183481285105,0.7108001913147766,2.1931404396454854
880,150,30,10,800,0,0.9211436459154683,140882074.5897261,53944000.000000164,34381508.34052017,0.9885056106025145,0.6373555602202297,62.3627954485042,0.9613853862355206,2.3924134803271726
881,150,30,10,800,0,0.6414252238567973,155961324.58408752,65594833.33333205,34314774.15849651,0.9865869305755647,0.5231322714720495,56.33319685780869,0.9388866142968114,1.9988176553312482
882,150,30,10,800,0,0.876410849914068,122775863.16831857,44128333.33333425,31801249.30941076,0.9143203682391517,0.7206537593249257,71.55966794511703,0.8247614116950689,2.2776952690690773
883,150,30,10,800,0,0.6461703193998275,139799033.75075975,53124500.00000014,34375274.15849658,0.9883263711157879,0.6470700742312208,62.8459279315459,0.9536751947809453,2.1175015735657494
884,150,30,10,800,0,0.6678591032916753,143779962.5414532,58111166.66666642,33139716.38593816,0.9528027466633343,0.5702813811333731,61.10587208886611,0.9817376143622616,2.1058218225606353
885,150,30,10,800,0,0.9838118965724486,134667842.09800673,52697333.333333306,32143301.495692283,0.9241547391431081,0.6099606842033556,65.24051966026151,0.9163636508581781,2.388144094793311
886,150,30,10,800,0,0.9727955303594693,119885443.88531834,45508833.33333462,29510691.82624711,0.8484643592156517,0.6484607418980113,73.28496033600577,0.8013832310246939,2.2929473549025725
887,150,30,10,800,0,0.585048997541385,146767728.8133679,58728999.99999956,34204077.507745124,0.9834042819477357,0.5824052428569426,59.8619333489323,0.9976988891488716,2.0486720809758108
888,150,30,10,800,0,0.9114491827092983,136516972.37832376,53234500.00000003,32703375.00162203,0.9402574591715046,0.6143267054564617,64.35683305114826,0.9299598329110407,2.3328703799855086
889,150,30,10,800,0,0.5900412767775783,140370500.59859744,55518833.33333322,33128064.551129512,0.952467743790043,0.5966995803429392,62.590073858351595,0.9577505725069042,2.025151513558834
890,150,25,8,900,0,0.9599853058275344,139579528.44317007,49569666.66666721,36533045.60427959,0.9336574557477567,0.7370040603651264,70.81124367047993,0.8351137010260099,2.3847022551456454
891,150,25,8,900,0,0.5686740283581417,152910178.82377,56899333.33333311,38367162.594975494,0.9805311005466525,0.6742989829109124,64.63794677391063,0.9256129494235527,2.0337261641104245
892,150,25,8,900,0,0.9807152819490034,90656170.66682631,30987000.00000025,24500641.939234544,0.6261511089152894,0.7906748616914946,109.0251212609046,0.4417172293000226,2.054972400602222
893,150,25,8,900,0,0.9178609865860082,113846419.12387645,41229833.333334155,29289860.15481064,0.7485468528291717,0.7104045247529512,86.81695986630395,0.6395763140788713,2.1257609204672407
894,150,25,8,900,0,0.840695967371918,137829511.44136488,49256166.66666738,35878782.060206614,0.9169367573815594,0.7284119834783346,71.71033181964621,0.822692980599823,2.246118534754409
895,150,25,8,900,0,0.9535146193971731,130059072.45720243,47564000.00000081,33165034.223458663,0.8475828105947558,0.6972717648527899,75.99469851095846,0.7659960173661411,2.277328048645546
896,150,25,8,900,0,0.7772352095910566,132077740.29054399,45804000.00000109,35272026.82147763,0.9014302058996604,0.7700643354614618,74.83320034290156,0.7809688570177608,2.174255534977987
897,150,25,8,900,0,0.49697503224288103,148742352.0354961,56853500.0,36362297.56084096,0.9292937302172426,0.6395788748421989,66.44913076029157,0.8980895332746238,1.906727665391264
898,150,25,8,900,0,0.5399938947073385,133471947.74598162,49575166.66666767,33548778.304528404,0.8573899733008365,0.6767254768925516,74.05151544510646,0.7912099490769953,1.872584225298375
899,150,25,8,900,0,0.5565626752670415,128971665.17686912,47763833.33333413,32506962.181649633,0.8307647802857204,0.6805769117145627,76.6354376090714,0.7578594797169164,1.8588836843556078
900,150,20,10,900,0,0.9591278134381582,124626744.49213968,45494166.6666673,31832208.95988495,0.8135204370925918,0.6996986930899823,79.3072148380108,0.7248526298463813,2.243739397756525
901,150,20,10,900,0,0.5376779785065317,135332225.44136456,48918833.33333393,34874115.39353965,0.8912609751312842,0.7128975287678411,73.03360280794583,0.8047475015266959,1.9127435030475004
902,150,20,10,900,0,1.0,93540425.0655309,33515166.666666638,24295974.00302463,0.6209205090177407,0.7249247555492186,105.66340695026543,0.4671724663623947,2.0471122708017697
903,150,20,10,900,0,0.912949321450429,101357002.69657822,37213000.00000034,25753859.458228536,0.6581789856205751,0.6920661988613737,97.5147225849613,0.5351301041006421,2.00173238464017
904,150,20,10,900,0,1.0,129540708.94136557,46460333.33333425,33614615.3935397,0.8590725400839608,0.7235121442708626,76.29879503341097,0.7621235602435662,2.340933275660256
905,150,20,10,900,0,0.9602856658011353,119048259.45720227,43992666.66666743,30066700.890125133,0.7684001974506774,0.6834480191423862,83.02347338016493,0.6813190663562839,2.1883631474713283
906,150,20,10,900,0,0.9225754426119288,93163249.36324564,34367666.666667216,23568526.12489507,0.6023294738645152,0.6857761498179886,106.09119011578093,0.4638535034505606,1.9350498659168802
907,150,20,10,900,0,0.9527686168402377,109862181.84058158,41376500.00000085,27251003.501177084,0.6964407750472826,0.6586106485849824,89.9654442903942,0.6068800786121926,2.0865372143204164
908,150,20,10,900,0,1.0,95927259.73566326,33707666.66666685,25338155.394011214,0.6475550370140105,0.7517030367179892,103.0343202467761,0.4880981966248659,2.0894606259992576
909,150,20,10,900,0,0.8876828884401865,104502010.8197326,35885666.66666721,28134779.64197039,0.7190270163369218,0.7840116195501444,94.57999824567672,0.5619551120392716,2.076847296119574
910,150,40,10,900,0,0.7648743313058134,162560074.55927145,64151999.99999906,38456676.04975212,0.982818752809407,0.5994618414040512,60.80090715261232,0.9867402429612641,2.2311840473903186
911,150,40,10,900,0,0.7327639505171994,183932844.4904244,80657499.99999684,38367162.59497546,0.9805311005466516,0.47568003713203305,53.73591664600475,0.8955986107667459,2.0089065909895716
912,150,40,10,900,0,0.7450946683036253,167953520.32376418,68476833.33333156,38332329.26164222,0.9796408818189987,0.5597853667538639,58.84842414107777,0.9808070690179629,2.173730030724679
913,150,40,10,900,0,0.7110581175337713,148263997.8091544,58807833.333332896,34885863.4175155,0.8915612137233294,0.5932179684256762,66.66352011310555,0.8948862457088772,2.0805187379831898
914,150,40,10,900,0,0.7510950730360626,179339937.2072517,77516999.99999683,38127331.31963497,0.9744018481221859,0.4918576740539046,55.11209691446432,0.9185349485744053,2.0631161608535917
915,150,40,10,900,0,0.8568395595204377,145321603.2609312,57251333.33333307,34441936.84444379,0.880215996047188,0.6015918728724329,68.01328762010155,0.8749795243262201,2.213092582144604
916,150,40,10,900,0,0.9032419350500982,164241762.82376766,65539833.333332546,38392829.261641845,0.9811870511880746,0.5857938189494273,60.178360424719585,0.9970317402743749,2.368908730484015
917,150,40,10,900,0,0.7280299437319065,178535066.5592656,76383999.99999772,38456676.049751945,0.9828187528094022,0.5034650718704583,55.360552918151924,0.9226758819691987,2.0534778831974716
918,150,40,10,900,0,0.7352976013519038,162990598.05926958,64426999.999998555,38491509.38308548,0.9837089715370627,0.5974437639978013,60.64030758636688,0.9893849484538298,2.2026375610039746
919,150,40,10,900,0,0.6836369688847289,173085563.8925992,72211333.33333111,38456676.04975206,0.9828187528094051,0.5325573462580192,57.1035491217105,0.951725818695175,2.0614086645863194
920,150,30,10,700,0,0.8990913632478568,127463252.28684549,50062833.333334014,30306340.631288297,0.995817284907939,0.605366069265381,60.31385408791581,0.9947827558760272,2.378166974536189
921,150,30,10,700,0,0.6085903103151177,145828092.17774308,64225333.333332285,30242219.05535094,0.9937103537402731,0.4708767940275608,52.71823751647041,0.8786372919411735,1.8639290374783397
922,150,30,10,700,0,0.9732970927814516,108833657.84629087,41526833.33333421,26655009.03511676,0.8758404404371736,0.6418743471518302,70.63807421466727,0.8375274523362968,2.3243240228392126
923,150,30,10,700,0,0.6811494433786317,133954289.95351113,55033000.00000037,30306340.6312882,0.9958172849079358,0.5506939587390838,57.39121906934113,0.9565203178223523,2.078224928192251
924,150,30,10,700,0,0.6938430466781232,135587602.8463911,56871833.33333338,29931424.35971559,0.9834981432415941,0.5262961048623759,56.69987401952673,0.9449979003254455,2.0598778308934693
925,150,30,10,700,0,0.9305950733104725,123220990.58222347,48544833.333334096,29203483.772028957,0.959579194120564,0.6015775885252841,62.39034407753807,0.960944073400237,2.3728012175309368
926,150,30,10,700,0,0.985977518040527,115840360.19132024,45585833.333334446,27487438.681299478,0.9031927308447705,0.6029820378691949,66.36547043968909,0.8993426476759299,2.367705796011813
927,150,30,10,700,0,0.6031681941536938,140972080.95350754,60406499.999999486,30306340.631288312,0.9958172849079394,0.5017066148723824,54.534202432149876,0.9089033738691646,1.9134368599207643
928,150,30,10,700,0,0.9493522010897688,110867555.74248269,43120000.0000011,26632179.474123284,0.8750902980256977,0.6176293941123052,69.3421979813176,0.8558130727108221,2.2992687890904353
929,150,30,10,700,0,0.6007190974276627,136434819.28684258,56932333.33333325,30306340.63128824,0.9958172849079371,0.532322124474463,56.347785999093496,0.9391297666515582,1.9657065636587912
930,150,45,8,600,0,0.8011855747228079,142382431.89346108,68111999.99999864,26085973.59368832,0.9999999999999919,0.3829864575065898,46.2823953233983,0.7713732553899716,1.8789479961180513
931,150,45,8,600,0,0.7239930416847744,162978487.2267891,83882333.33332977,26085973.59368823,0.9999999999999886,0.31098292759726137,40.43355728802483,0.6738926214670805,1.646672005229664
932,150,45,8,600,0,0.7687552960556246,153956639.22679114,76974333.33333057,26085973.593688264,0.9999999999999898,0.3388918417873819,42.80296084076418,0.713382680679403,1.7532514501649332
933,150,45,8,600,0,0.805419274547932,143388051.89345998,68881999.99999826,26085973.593688242,0.999999999999989,0.3787052291409788,45.9578041055774,0.7659634017596234,1.8743468596203385
934,150,45,8,600,0,0.7916327548207268,157730108.56012365,79863666.66666348,26085973.593688272,0.9999999999999902,0.32663130410185665,41.778960657267895,0.6963160109544649,1.7492538090566772
935,150,45,8,600,0,0.7375462188655321,132682987.56013049,60685166.6666658,26085973.593688164,0.999999999999986,0.42985749280337926,49.66574932610388,0.827762488768398,1.9091947018766335
936,150,45,8,600,0,0.7452391619127774,156031177.76968047,78598666.6666638,26063113.276244204,0.9991236548115706,0.331597397024273,42.23386693733277,0.7038977822888796,1.7144148618210755
937,150,45,8,600,0,0.7491065944390929,155716474.22679055,78321833.33333042,26085973.593688253,0.9999999999999893,0.3330613250926952,42.319221731172775,0.7053203621862129,1.7208760166994619
938,150,45,8,600,0,0.8342820579029543,153698051.22679016,76776333.3333304,26085973.593688246,0.9999999999999892,0.3397658166408387,42.87497432401649,0.7145829054002749,1.8206776166159
939,150,45,8,600,0,0.7779372754671494,151538345.67310384,75126333.33333082,26083628.277101018,0.999910092809874,0.3471968765115901,43.486023096856385,0.7247670516142731,1.7804618282906945
940,150,45,10,800,0,0.7924148160962655,162164592.25638407,70244166.66666466,34381508.34052025,0.9885056106025165,0.48945713177399636,54.17828810687323,0.9029714684478872,2.08695198996335
941,150,45,10,800,0,0.7612011986065087,180119436.5840754,84096833.33332889,34314774.158496685,0.9865869305755698,0.4080388380676066,48.7776342554736,0.81296057092456,1.900592839985154
942,150,45,10,800,0,0.7777860700714624,163001729.75075096,71021499.99999799,34294607.49182978,0.9860071170621559,0.48287641758947303,53.90004151142772,0.898334025190462,2.062421229333503
943,150,45,10,800,0,0.831763499714259,157636105.7507523,66786499.999998204,34375274.158496544,0.9883263711157868,0.5147039320595849,55.734693255438216,0.9289115542573037,2.1724381996192306
944,150,45,10,800,0,0.8407486753405745,174633874.46035054,80195499.9999971,34124232.04507712,0.9811086383986872,0.4255130530401127,50.30982692876552,0.8384971154794253,2.01965623325209
945,150,45,10,800,0,0.7753756958486127,161639887.58408287,69906833.33333094,34340440.82516311,0.9873248750471718,0.49123153185069096,54.3541580689961,0.9059026344832684,2.0742635558124336
946,150,45,10,800,0,0.8022661318973833,168737037.25638348,75276666.66666457,34381508.34052004,0.9885056106025106,0.45673526556065625,52.06799966892049,0.8677999944820082,2.0354543388279165
947,150,45,10,800,0,0.7651468300352463,174718081.92304438,79856333.33332992,34381508.34052014,0.9885056106025136,0.4305420359961633,50.28557950784829,0.8380929917974715,1.9476734506296485
948,150,45,10,800,0,0.7971571007337653,169318403.75638035,75667166.66666387,34416341.6738535,0.9895071066711265,0.4548385143779416,51.889220575462275,0.8648203429243713,2.02584825516049
949,150,45,10,800,0,0.729258331115781,163706542.92305085,71424833.33333144,34381508.340520054,0.988505610602511,0.48136630827075966,53.667983228561035,0.8944663871426839,2.0088177648750727
950,150,30,8,900,0,0.93021637034602,148659847.55927494,53505833.3333335,38456676.049752,0.9828187528094037,0.7187380076892279,66.48600925047394,0.8975376997812845,2.402744476278687
951,150,30,8,900,0,0.6327562444196877,164482552.82376656,65761666.66666549,38367162.59497541,0.9805311005466504,0.583427466786265,60.090263862757006,0.9984967333263736,2.0979949511750733
952,150,30,8,900,0,0.9632647075402214,127164149.36130694,44474833.33333416,33722067.851621024,0.8618186508164944,0.7582280882061478,77.72473648935058,0.7442246991033535,2.314071877208493
953,150,30,8,900,0,0.6490780772530687,128888880.43561427,49074666.666667625,31631950.106854223,0.8084025180108678,0.6445678036227844,76.68466020183484,0.7572380045312378,1.9219703246825341
954,150,30,8,900,0,0.6164644256343902,155953710.50467205,59537499.999999404,38171906.054014,0.975541023145855,0.6411405593787843,63.37649785962548,0.9452791820988051,2.0746560552362228
955,150,30,8,900,0,0.9832447853038445,104543879.45720337,41081333.3333344,24845367.55679144,0.6349610955368686,0.6047848387781343,94.54212002957173,0.5623099883310781,2.02938264465743
956,150,30,8,900,0,0.9289522921855854,136279892.653375,49487166.66666762,34976160.55964166,0.8938688943063281,0.70677233948817,72.52573954647319,0.8115881062968578,2.3059582700729795
957,150,30,8,900,0,0.5516893720702165,159672535.32359663,63572666.66666585,37414901.24789345,0.9561946158157053,0.5885375462393786,61.90043879474467,0.9688223861563566,1.991341795218076
958,150,30,8,900,0,0.5874537047244038,148075023.85589042,55907499.999999866,36640472.843285345,0.9364029219685188,0.6553766997859934,66.74859637111463,0.8936182520038423,2.0053733165570407
959,150,30,8,900,0,0.5787381197670863,151531123.17276916,58400833.333333,36737986.744478874,0.9388950377881132,0.629066139087269,65.22620431402018,0.9165823113245599,1.9985733423614616
960,150,45,8,900,0,0.8461344091913097,179646598.22592932,77236499.99999696,38456676.04975224,0.9828187528094099,0.4979080622471727,55.0180192533889,0.9169669875564816,2.1614278465455294
961,150,45,8,900,0,0.7772810019801514,189636707.49042097,85026333.33332936,38367162.594975375,0.9805311005466495,0.4512385879861984,52.11965621423403,0.8686609369039004,2.0069328092730103
962,150,45,8,900,0,0.7819392127967383,169817785.1754835,69959999.99999821,38297718.484866224,0.9787563508621178,0.5474230772565353,58.20238433675508,0.970039738945918,2.1899174135478847
963,150,45,8,900,0,0.7801663345796152,167162544.2259356,67677499.99999851,38456676.049752,0.9828187528094036,0.568234288349198,59.126881836885254,0.9854480306147543,2.2202017958737277
964,150,45,8,900,0,0.8656853501243096,186703203.13809144,83015166.66666315,38217372.118809216,0.9767029774717925,0.46036614336108256,52.93856684767019,0.8823094474611698,2.1162877122743455
965,150,45,8,900,0,0.7560074397613635,162200778.91964626,64459999.99999874,38085904.79241163,0.9733431303129249,0.5908455599195218,60.935589001680455,0.9845277936887058,2.213211681385687
966,150,45,8,900,0,0.7646220357302627,176106245.4904284,74625833.33333105,38392829.26164212,0.9811870511880817,0.5144710289552541,56.12407426252919,0.9354012377088199,2.111600096603286
967,150,45,8,900,0,0.7611034558324001,180489403.55926463,77881833.33333097,38456676.049752034,0.9828187528094047,0.49378236751514404,54.76110954488585,0.9126851590814308,2.068814508925946
968,150,45,8,900,0,0.8029180799128348,176069007.72593114,74442499.99999742,38491509.383085445,0.9837089715370618,0.5170636314348226,56.13594423946044,0.935599070657674,2.152168055718367
969,150,45,8,900,0,0.7786792926673876,174546668.22593063,73331499.99999729,38456676.04975215,0.9828187528094077,0.5244223294185115,56.6255437612052,0.9437590626867534,2.14197621888895
970,150,25,10,600,0,0.9202116979027419,111318501.56013748,44320833.3333342,26085973.593688283,0.9999999999999906,0.5885713699807339,59.19770664932998,0.9866284441554997,2.3776972380428285
971,150,25,10,600,0,0.5318073325774594,128516997.89346656,57489666.666666456,26085973.59368835,0.9999999999999931,0.4537506495721859,51.275707556307665,0.8545951259384611,1.749402978173669
972,150,25,10,600,0,0.9688215014402425,90822437.71443626,33572000.00000022,22934149.52713615,0.8791755249144713,0.6831332517316812,72.55696021636896,0.8111659107439834,2.3264940135695706
973,150,25,10,600,0,0.9891761648340612,108576872.3352431,45184333.33333435,24197559.62351011,0.9276080701609191,0.535529858214342,60.6924831989382,0.9885249596657978,2.4061250110713326
974,150,25,10,600,0,0.9455518439769237,112502627.33630514,45639000.00000094,25823699.366992638,0.9899457758111299,0.5658252671397731,58.57463204215711,0.9762438673692853,2.3744559250580277
975,150,25,10,600,0,0.9846605119505876,109779252.55987346,46783000.000000864,23765408.11446393,0.9110416381090696,0.5079923928449115,60.02773608251643,0.9995378387874689,2.3905922650139857
976,150,25,10,600,0,0.9233845291990734,104453368.27092703,42340833.33333413,23997514.204127505,0.9199393734697974,0.5667700022624429,63.08843945470132,0.9498283538104707,2.3266288848194985
977,150,25,10,600,0,0.5902102958823534,120290236.79131001,51379166.666667074,25965696.335435815,0.9953891980369934,0.505374026478351,54.78250085609657,0.9130416809349428,1.907551197999977
978,150,25,10,600,0,0.8767972974454278,111237456.11203991,44509666.66666762,25926060.572003964,0.9938697698550437,0.5824815711643929,59.240836947607484,0.9873472824601247,2.330129836837067
979,150,25,10,600,0,0.8728816831357546,98215474.67385016,38434000.000000715,23443307.633242533,0.8986939877495933,0.6099627317802492,67.09533321386606,0.8884689721875152,2.249320840747469
980,150,25,6,600,0,0.57851629774737,121436954.22680405,52068500.00000076,26085973.59368834,0.9999999999999928,0.5009933759122687,54.26519498910055,0.9044199164850092,1.8837309149621941
981,150,25,6,600,0,0.5359760070517268,129477125.56013344,58224833.333333105,26085973.593688287,0.9999999999999908,0.448021438624786,50.89547649047461,0.8482579415079101,1.7426510994594657
982,150,25,6,600,0,0.5498346461349422,119552613.89347024,50625666.6666673,26085973.593688186,0.9999999999999868,0.5152717052684974,55.120501220257495,0.9186750203376249,1.880727030687365
983,150,25,6,600,0,0.5496029464842938,112328849.55061822,46984666.66666788,24881181.82069939,0.9538145751523479,0.529559611377444,58.66524963411532,0.9777541605685887,1.9510047961548376
984,150,25,6,600,0,0.5676021593972261,115184001.4363623,47316500.00000115,26063113.276244145,0.9991236548115683,0.5508250457291539,57.21107026864995,0.9535178378108324,1.9617800337913818
985,150,25,6,600,0,0.9740407188716439,108639696.21294716,44553666.66666785,24630197.273275957,0.9441931383092101,0.5528208813328189,60.657386109430774,0.9891033679695337,2.4054007919074327
986,150,25,6,600,0,0.8112338401339567,118367418.89346968,49718166.6666671,26085973.59368838,0.9999999999999943,0.5246769006705427,55.67241443298515,0.9278735738830858,2.1588489345534767
987,150,25,6,600,0,0.5897285733636789,122623195.10302646,53012666.66666708,26063113.276244204,0.9991236548115706,0.49163935555484856,53.74024053494392,0.8956706755823987,1.8787107333899564
988,150,25,6,600,0,0.5780724638709277,120716156.84959513,51540500.000000566,26070732.31637826,0.9994157290217468,0.505830023309397,54.589213009907894,0.9098202168317983,1.8925566993502434
989,150,25,6,600,0,0.8453712109089888,114337130.32882026,47140500.00000088,25761983.404335275,0.9875799080992843,0.5464936393193707,57.63482064879977,0.9605803441466628,2.2431464665111482
990,150,40,8,900,0,0.7648743313058134,162610355.5592715,64190499.99999907,38456676.04975212,0.982818752809407,0.5991022978439595,60.78210680990334,0.9870494756516122,2.2312056452325932
991,150,40,8,900,0,0.7327639505171994,183444400.4904246,80283499.99999687,38367162.59497543,0.9805311005466508,0.47789598852786586,53.87899534450992,0.8979832557418319,2.013063997081324
992,150,40,8,900,0,0.7450946683036253,167919999.65709773,68451166.66666493,38332329.26164224,0.9796408818189992,0.5599952656513263,58.86017163043882,0.9810028605073137,2.174093741332
993,150,40,8,900,0,0.7110581175337713,148581980.30915442,58829833.333332896,35027030.08418218,0.8951689422511958,0.5953957048580641,66.52085252488077,0.8970166318874591,2.0843913133076817
994,150,40,8,900,0,0.7510950730360626,178892196.87391827,77174166.66666345,38127331.31963503,0.9744018481221877,0.4940426695414479,55.25003422572993,0.9208339037621655,2.0671631124313863
995,150,40,8,900,0,0.7224040066430378,153716210.39376837,60666833.333332755,36361880.29629281,0.9292830663880998,0.5993700066147042,64.29900902891819,0.9308564985492769,2.132756510484078
996,150,40,8,900,0,0.6918050864040716,174044163.49042875,73045499.99999778,38392829.261642106,0.9811870511880812,0.5256015669910299,56.78903447137739,0.9464839078562899,2.0587702478531855
997,150,40,8,900,0,0.7280299437319065,176425658.8925995,74768833.33333121,38456676.049751915,0.9828187528094017,0.514340993904586,56.02246329722844,0.933707721620474,2.0732104604760493
998,150,40,8,900,0,0.7352976013519038,163052850.72593588,64474666.66666511,38491509.38308555,0.9837089715370645,0.5970020687673683,60.617155456012156,0.9897667949420492,2.2026660513078475
999,150,40,8,900,0,0.6836369688847289,172884439.89259878,72057333.33333097,38456676.049752146,0.9828187528094073,0.5336955209243575,57.169980167909415,0.9528330027984903,2.0634263884227053
1000,150,30,10,600,0,0.9730613783948564,117678411.89347006,49192000.000000544,26085973.593688376,0.9999999999999941,0.5302889411629551,55.99837637140705,0.9333062728567841,2.3305988041820047
1001,150,30,10,600,0,0.5834141274215896,137390958.226796,64285833.33333229,26085973.593688335,0.9999999999999926,0.40578106001097325,47.963855009454036,0.7993975834909006,1.7074365589212688
1002,150,30,10,600,0,0.9357607848012937,107545593.22680336,41433333.333333984,26085973.5936883,0.9999999999999913,0.6295890650125799,61.274477198733216,0.9789827206126382,2.418414757423996
1003,150,30,10,600,0,0.6359450051968918,122164044.10302624,52662500.0000004,26063113.27624408,0.999123654811566,0.49490839356741295,53.94222210294983,0.8990370350491638,1.9309087550999862
1004,150,30,10,600,0,0.6244978986858815,123216504.8934683,53432500.00000016,26085973.593688227,0.9999999999999885,0.4882042501041155,53.48147154228625,0.8913578590381042,1.906419157807278
1005,150,30,10,600,0,0.9761215081565774,115445691.27347064,48889500.0000008,25189118.727899972,0.9656192680496484,0.515225533660593,57.08138543161318,0.9513564238602197,2.3396583589452717
1006,150,30,10,600,0,0.9222074938833045,116721241.63248244,49023333.333334185,25726338.847801533,0.9862134819467114,0.524777429410507,56.45758996249505,0.9409598327082508,2.282989270119961
1007,150,30,10,600,0,0.6499955032010564,127686725.2268004,56855333.333333194,26085973.593688335,0.9999999999999926,0.4588131326352567,51.60912372288529,0.8601520620480883,1.87719807135735
1008,150,30,10,600,0,0.9707766560006414,115137959.24776888,47261500.00000093,26076593.581144486,0.9996404193038702,0.5517512897632105,57.23394823960019,0.9538991373266698,2.36607682513788
1009,150,30,10,600,0,0.8244494176643223,118755861.89347039,50017000.00000065,26085973.59368828,0.9999999999999903,0.521542147543594,55.49031344584372,0.9248385574307286,2.1665216931299263
1010,150,45,10,600,0,0.8011855747228079,142846932.56012788,68467666.66666535,26085973.59368832,0.9999999999999919,0.38099697074077044,46.13189714260183,0.7688649523766972,1.8748481036921216
1011,150,45,10,600,0,0.7239930416847744,162916234.56012213,83834666.66666302,26085973.59368823,0.9999999999999886,0.3111597460917842,40.449007539319965,0.6741501256553327,1.6470709642135346
1012,150,45,10,600,0,0.7687552960556246,154002131.5601244,77009166.66666389,26085973.593688264,0.9999999999999898,0.3387385518220455,42.79031681731794,0.713171946955299,1.75291808446856
1013,150,45,10,600,0,0.805419274547932,143390446.22679326,68883833.33333157,26085973.593688242,0.999999999999989,0.3786951499556825,45.95703670227272,0.7659506117045453,1.8743260062170233
1014,150,45,10,600,0,0.7916327548207268,157703770.89345694,79843499.9999968,26085973.593688272,0.9999999999999902,0.32671380379979986,41.78593804489305,0.6964323007482175,1.749436098608784
1015,150,45,10,600,0,0.7375462188655321,133822690.22679752,61557833.33333262,26085973.593688183,0.9999999999999867,0.42376367362434486,49.24277033163705,0.8207128388606174,1.8972699966256252
1016,150,45,10,600,0,0.7452391619127774,155988079.7696804,78565666.66666378,26063113.276244204,0.9991236548115706,0.3317366781449721,42.245535746897936,0.7040922624482989,1.714720766877054
1017,150,45,10,600,0,0.7615354284830596,151768115.51624972,75322499.99999762,26070732.316378325,0.9994157290217494,0.3461214420177125,43.420187287588966,0.7236697881264827,1.7621023702237122
1018,150,45,10,600,0,0.8342820579029543,154392407.8934579,77307999.99999732,26085973.593688335,0.9999999999999926,0.33742916119533867,42.68215056628592,0.7113691761047654,1.8155945629639905
1019,150,45,10,600,0,0.7779372754671494,151950171.00643808,75441666.66666439,26083628.277101044,0.999910092809875,0.3457456526292079,43.36816442095871,0.7228027403493119,1.7773365379198278
1020,150,20,10,600,0,0.9476318346530822,103854174.32821055,38923500.00000017,25882340.97683899,0.9921937888912528,0.6649541016825022,63.45243263091421,0.9440836128274316,2.4236787288265154
1021,150,20,10,600,0,0.5321968614572233,114746625.89347175,46944333.3333344,26085973.593688328,0.9999999999999923,0.5556788592237842,57.42913962557667,0.9571523270929444,1.9338922759291952
1022,150,20,10,600,0,0.9804186583183457,81601236.14200567,30008000.000000026,20704549.28030201,0.7937042949898351,0.6899676513030523,80.75612958279422,0.7075581280536218,2.2399509074144097
1023,150,20,10,600,0,0.8620504891701128,95708881.45615609,37576000.0000008,22765963.29403911,0.8727281430487728,0.605864469183485,68.8525442962027,0.862825849470067,2.2095679139869677
1024,150,20,10,600,0,0.9555352155971341,104686873.70464516,41222500.00000064,24823388.01267736,0.951599062366733,0.6021805570423185,62.94771986975095,0.9520586256746234,2.389338286905612
1025,150,20,10,600,0,0.9779003691672292,99232433.07349518,41451666.66666736,22015319.541317314,0.843952381621819,0.5311081872377535,66.40772372394973,0.8987095342857624,2.3014964532431943
1026,150,20,10,600,0,0.9292193433567125,113284734.10302825,45860833.33333429,26063113.276244253,0.9991236548115724,0.5683087589535815,58.17023848956402,0.969503974826067,2.3533703253456446
1027,150,20,10,600,0,0.9783059759049081,99437199.57095978,39299333.33333398,23487117.408959135,0.900373425764788,0.597646713488577,66.27097332218639,0.9007601851238163,2.3571835318195857
1028,150,20,10,600,0,0.968173675437008,102036271.78494349,38483500.00000043,25275575.46035871,0.9689335676730926,0.6567899349164817,64.58291629753953,0.9264622875520624,2.420067910922256
1029,150,20,10,600,0,1.0,69739979.92301524,28893333.333333362,15626217.629582856,0.599027579839443,0.5408243295887001,94.49099364918612,0.5627893404375258,1.9954488041084857
1030,150,40,6,900,0,0.7648743313058134,162663030.892605,64230833.33333241,38456676.04975212,0.9828187528094069,0.5987260954591279,60.76242367895862,0.9873733325043176,2.231228540177433
1031,150,40,6,900,0,0.7327639505171994,183408485.49042457,80255999.99999686,38367162.59497543,0.9805311005466508,0.4780597412651631,53.8895459147991,0.898159098579985,2.013370842109315
1032,150,40,6,900,0,0.7273203094494739,166502554.3237648,67365833.33333173,38332329.26164221,0.9796408818189986,0.5690173692644855,59.3612514843521,0.9893541914058683,2.1718883962669304
1033,150,40,6,900,0,0.7110581175337713,151262292.30512822,58862833.333333015,36314103.77670216,0.9280620648814456,0.6169275537767582,65.34212756780303,0.9148131342164785,2.1194132947716566
1034,150,40,6,900,0,0.7510950730360626,178918534.54058495,77194333.33333012,38127331.31963503,0.9744018481221877,0.4939136031526919,55.24190115562348,0.9206983525937247,2.0669243081519406
1035,150,40,6,900,0,0.7224040066430378,154481546.3937685,60683333.33333276,36724880.29629285,0.9385600826026135,0.6051889090298247,63.98045741208799,0.9358117384511323,2.14236687231803
1036,150,40,6,900,0,0.6918050864040716,174065712.49042878,73061999.99999778,38392829.261642106,0.9811870511880812,0.5254828674501557,56.78200409827107,0.9463667349711844,2.058558115335381
1037,150,40,6,900,0,0.7280299437319065,176454390.89259925,74790833.33333112,38456676.049751975,0.9828187528094031,0.5141896986005831,56.01334118126805,0.9335556863544675,2.0729373889668405
1038,150,40,6,900,0,0.7352976013519038,163124680.72593552,64529666.66666502,38491509.383085586,0.9837089715370655,0.5964932312748127,60.59046341740091,0.9902072077892039,2.202699394160958
1039,150,40,6,900,0,0.6836369688847289,172970635.89259878,72123333.33333099,38456676.04975215,0.9828187528094077,0.5332071366144114,57.14149080273409,0.9523581800455682,2.062560858221826
1040,150,45,6,600,0,0.8011855747228079,141671314.89346167,67567499.99999876,26085973.59368831,0.9999999999999916,0.3860727952593893,46.514709099408016,0.7752451516568003,1.8852889625871199
1041,150,45,6,600,0,0.7239930416847744,162942572.22678915,83854833.33332978,26085973.59368823,0.9999999999999886,0.3110849137341239,40.44246945376612,0.6740411575627687,1.6469021302348423
1042,150,45,6,600,0,0.7687552960556246,153389182.2267905,76539833.33333041,26085973.5936882,0.9999999999999875,0.3408156571243627,42.96130864207088,0.7160218107011814,1.7574296324562964
1043,150,45,6,600,0,0.805419274547932,142605104.89345932,68282499.99999814,26085973.593688253,0.9999999999999893,0.382030148188613,46.210126944075796,0.7701687824012633,1.8812121755000857
1044,150,45,6,600,0,0.7843113814300396,161752588.56012315,82943666.66666299,26085973.59368831,0.9999999999999916,0.31450229585971357,40.739997168889715,0.6789999528148286,1.7149131709326393
1045,150,45,6,600,0,0.7375462188655321,132704536.56013057,60701666.66666582,26085973.59368817,0.9999999999999862,0.42974064842297355,49.65768443804523,0.8276280739674206,1.9089668115713314
1046,150,45,6,600,0,0.7452391619127774,154968093.76968005,77784666.66666368,26063113.276244204,0.9991236548115706,0.33506749328803287,42.52359204852859,0.7087265341421431,1.7220196906853469
1047,150,45,6,600,0,0.7491065944390929,155635066.89345697,78259499.99999702,26085973.593688253,0.9999999999999893,0.33332660691276134,42.34135745584366,0.7056892909307276,1.7214571709000297
1048,150,45,6,600,0,0.8342820579029543,153721994.56012353,76794666.66666374,26085973.593688246,0.9999999999999892,0.3396847037166979,42.86829623084682,0.714471603847447,1.8205014247237596
1049,150,45,6,600,0,0.7779372754671494,151435389.3397698,75047499.99999727,26083628.277100965,0.999910092809872,0.3475615880222781,43.515587926509816,0.7252597987751636,1.7812463446601354
1050,150,25,6,700,0,0.8793600073166586,120011525.95351237,44355666.666667454,30306340.6312882,0.9958172849079358,0.6832574710022995,64.05884717254527,0.9345899024866647,2.3605558866051632
1051,150,25,6,700,0,0.5035898794673942,130448728.17774948,52448000.00000045,30242219.05535092,0.9937103537402724,0.5766133895544284,58.933499064280646,0.9822249844046774,1.9471055755156144
1052,150,25,6,700,0,0.5474751476560367,122193727.42077485,46264166.666668005,30154901.13263547,0.9908412281741019,0.6517982124243298,62.91484974123929,0.9525803400580081,2.0214940576535088
1053,150,25,6,700,0,0.5761945104466744,120691559.97982697,46394333.33333468,29338812.744341377,0.9640258850430043,0.6323792290223775,63.69790896136382,0.9402290003233339,2.0223268939879104
1054,150,25,6,700,0,0.5682425616911764,135082500.6038436,56917666.66666669,29654804.5894794,0.9744088654597668,0.5210123029664965,56.91188692565004,0.948531448760834,1.9335838528252074
1055,150,25,6,700,0,0.9242654087676696,115038453.58222437,43164000.00000109,28638817.105362255,0.9410251616915374,0.6634884882161416,66.82808887469183,0.8924351034040414,2.3474913027446247
1056,150,25,6,700,0,0.8213417698280768,122827261.95351371,46511666.666667834,30306340.631288208,0.9958172849079359,0.6515857805845297,62.59033929218086,0.9577463355262439,2.3003567298219445
1057,150,25,6,700,0,0.6213982370812003,131559395.6201785,53197833.33333385,30306340.631288227,0.9958172849079365,0.56969125869076,58.43596319182885,0.9739327198638141,2.0510839638976224
1058,150,25,6,700,0,0.5397712868479575,130538259.67261457,52545166.66666718,30223981.78263175,0.9931111064862315,0.5752000364631975,58.893078698005745,0.9815513116334291,1.9814826276519446
1059,150,25,6,700,0,0.5421335918576278,120636519.11302483,46975500.00000137,28941524.050603446,0.9509716218069382,0.6160982650658876,63.72697137255154,0.9397736885724134,1.9747858924827515
1060,150,35,10,600,0,0.9796154738402015,125917873.89346647,55502333.33333307,26085973.593688354,0.9999999999999933,0.4699977825620871,52.334111085574214,0.8722351847595703,2.2278488846494415
1061,150,35,10,600,0,0.669694749971941,151723998.560125,75261999.9999976,26085973.593688272,0.9999999999999902,0.34660218428541767,43.43281262382894,0.723880210397149,1.6708567077974243
1062,150,35,10,600,0,0.6630355503460096,135289294.56012917,62677999.9999988,26085973.593688294,0.999999999999991,0.4161902676168479,48.70895381209318,0.8118158968682196,1.8078036613077075
1063,150,35,10,600,0,0.6745096888183464,135897455.2267972,63143666.666665874,26085973.593688298,0.9999999999999911,0.4131209822102289,48.4909742349655,0.8081829039160916,1.8131893785026212
1064,150,35,10,600,0,0.6696256166563251,134382888.10302097,62019833.333332516,26063113.27624411,0.9991236548115672,0.42023836368867684,49.03749348613575,0.8172915581022625,1.8231078657095292
1065,150,35,10,600,0,0.8326448846989242,118991067.56013702,50198500.00000065,26085973.593688246,0.9999999999999892,0.5196564358235388,55.38062759769404,0.9230104599615673,2.1713804933193224
1066,150,35,10,600,0,0.9051298595290943,135859145.89346522,63114333.333332926,26085973.593688365,0.9999999999999937,0.4133129863848444,48.504647638278485,0.8084107939713081,2.044191042608278
1067,150,35,10,600,0,0.6879097751068652,135382673.56013107,62749499.9999993,26085973.593688328,0.9999999999999923,0.41571603907104626,48.67535724261715,0.8112559540436192,1.8317385604073215
1068,150,35,10,600,0,0.710262871612727,135152817.56013086,62573499.999999285,26085973.593688298,0.9999999999999911,0.41688532036227155,48.75814000006423,0.8126356666677371,1.8564067945702813
1069,150,35,10,600,0,0.6516995179971977,139259099.22679487,65717666.66666533,26085973.593688287,0.9999999999999908,0.3969400454523464,47.32042671960681,0.7886737786601135,1.7579253330191884
1070,150,50,10,900,0,0.9082116129540334,188218872.5592588,83801666.66666284,38456676.049752176,0.9828187528094082,0.4589010884797907,52.512268645580086,0.8752044774263348,2.1505369611642005
1071,150,50,10,900,0,0.818288959249653,192223148.49042088,87008166.66666241,38367162.59497553,0.9805311005466534,0.4409604760661632,51.41836494522169,0.8569727490870281,2.0280300891896115
1072,150,50,10,900,0,0.8455225153375953,181365303.3237589,78748999.99999714,38332329.26164205,0.9796408818189946,0.4867659178103017,54.49664196440169,0.9082773660733615,2.143212615659198
1073,150,50,10,900,0,0.8638374926071917,171422624.2259342,70940833.33333157,38456676.04975201,0.9828187528094041,0.5420950705365218,57.65750025488583,0.9609583375814306,2.2584718866178397
1074,150,50,10,900,0,0.8281107984720236,188217808.3237538,84122499.99999592,38251662.5949755,0.9775793226602167,0.45471381134627903,52.512565564459535,0.8752094260743256,2.0670912736233724
1075,150,50,10,900,0,0.810038893904268,167999593.82376343,68419999.99999802,38392829.261642165,0.9811870511880828,0.5611345989716937,58.83228509688184,0.9805380849480306,2.2394846580296535
1076,150,50,10,900,0,0.8212229779950299,180579421.15709344,78052333.33333072,38392829.261642,0.9811870511880787,0.49188573386629425,54.733811508907635,0.9122301918151272,2.1269617569031922
1077,150,50,10,900,0,0.8117998353532863,195306099.225927,89228333.33332957,38456676.04975188,0.9828187528094006,0.430991755792295,50.60671448138738,0.8434452413564563,2.0000384813435783
1078,150,50,10,900,0,0.8232253875244471,182558212.05925953,79412666.66666293,38491509.38308548,0.9837089715370627,0.48470239067345205,54.14053900128939,0.9023423166881565,2.1133296167513653
1079,150,50,10,900,0,0.8103187515784429,180067210.1601161,77595833.33333015,38433814.13378707,0.9822344818311629,0.49530770510171696,54.88950481995754,0.9148250803326257,2.121389995992442
1080,150,35,2,800,0,0.7288569516642958,147433531.58972415,58961833.333332874,34381508.340520106,0.9885056106025125,0.5831146420795437,59.591599721351,0.9931933286891834,2.188541994017114
1081,150,35,2,800,0,0.6874444206032846,166054000.58408117,73324166.66666387,34314774.15849654,0.9865869305755656,0.46798723692958677,52.9092943807236,0.88182157301206,1.943655783159014
1082,150,35,2,800,0,0.6912847587408915,146960968.75075692,58736333.33333261,34294607.49182985,0.9860071170621578,0.5838738229913956,59.783220501904516,0.9963870083650753,2.1547708254990834
1083,150,35,2,800,0,0.6553219506970908,128222700.75422324,49366166.66666768,31121923.094624773,0.8947890036435531,0.6304302155921391,68.51984826649834,0.8676234506088777,2.02728957377968
1084,150,35,2,800,0,0.6917351768838792,157299146.96626386,66907499.99999829,34131910.83436017,0.9813294119090796,0.5101357969489376,55.85408547628234,0.9309014246047057,2.030745239047735
1085,150,35,2,800,0,0.6905007120466665,142381142.58409336,55157666.666666836,34340440.82516319,0.9873248750471743,0.6225869022468274,61.70620519364717,0.9719637657733929,2.1605339996175212
1086,150,35,2,800,0,0.6395618918284695,153364295.25638875,63502999.99999907,34381508.34052008,0.9885056106025116,0.5414154975437473,57.287127915348385,0.9547854652558064,2.027479755119274
1087,150,35,2,800,0,0.6417819461808468,157994935.92305103,67048666.666664675,34381508.34052023,0.9885056106025163,0.5127843706639146,55.60811141617214,0.9268018569362024,1.978811299648181
1088,150,35,2,800,0,0.6871537346900572,149333240.2534458,60393666.666666046,34396019.97077346,0.9889228356928824,0.56953024827284,58.83351881395523,0.9805586468992539,2.1233365802075834
1089,150,35,2,800,0,0.663074234310121,152933315.25638795,63172999.999998905,34381508.34052017,0.9885056106025145,0.5442437171025718,57.44856825519593,0.9574761375865989,2.0559453455787775
1090,150,20,2,600,0,0.5161266650994865,112764117.89347197,45426333.333334476,26085973.59368824,0.9999999999999888,0.5742478355510588,58.43880236996462,0.9739800394994104,1.949504973039744
1091,150,20,2,600,0,0.4831479014929934,116640543.56013869,48394500.000001065,26085973.59368831,0.9999999999999916,0.5390276497058082,56.49665029726448,0.9416108382877414,1.8559808595453813
1092,150,20,2,600,0,0.471129729562187,110693019.56013751,43840500.00000085,26085973.59368831,0.9999999999999916,0.5950199836609483,59.53220922318305,0.9922034870530508,1.9393492035439965
1093,150,20,2,600,0,0.5379831460054291,101329292.67564827,38692500.0000008,24797326.017070908,0.9505999815575444,0.6408819801530116,65.03351425824843,0.9195306480283706,1.9702193781562087
1094,150,20,2,600,0,0.5677333994602919,105977580.29564887,41184000.00000088,25477847.54952593,0.976687623255521,0.6186346044465177,62.18107623910864,0.9643015031654999,2.026942586183006
1095,150,20,2,600,0,0.861264677357837,95992340.2580056,35077166.66666723,24497019.97299655,0.9390878161021974,0.6983751055433827,68.64922745177495,0.865754592674546,2.285719354467089
1096,150,20,2,600,0,0.4789053804492707,112293728.37135676,45301666.6666678,25935863.854572337,0.9942455765134827,0.5725145621111444,58.683597878302244,0.9780599646383707,1.914976994776557
1097,150,20,2,600,0,0.498528903108411,108757196.74581422,42359166.66666762,26085387.219364107,0.9999775214705974,0.6158144569895581,60.591852283592665,0.9901842869659258,1.9813647556659832
1098,150,20,2,600,0,0.4713808461539075,108897166.51626363,42489333.333334476,26070732.316378232,0.9994157290217458,0.6135829929796701,60.51397121536512,0.991470398316583,1.9537176388542266
1099,150,20,2,600,0,0.4911520091049099,112543822.33978443,45261333.333334416,26083628.27710101,0.9999100928098735,0.5762894363938399,58.553191663461874,0.9758865277243646,1.9280700859443463
1100,150,40,10,500,0,0.8013824138976076,138436963.9112167,71910666.66666506,21738311.32807366,0.9999999999999944,0.30229606170722206,39.67004075242532,0.6611673458737554,1.7043866091371407
1101,150,40,10,500,0,0.7309319123200865,145567288.5778804,77370333.33333051,21738311.32807362,0.9999999999999927,0.28096442643486624,37.72688255481117,0.6287813759135195,1.5844848293814988
1102,150,40,10,500,0,0.7148992864340855,128960192.57788257,64654333.33333188,21738311.328073654,0.9999999999999941,0.33622357864243396,42.585234173586954,0.7097539028931159,1.6936320522411485
1103,150,40,10,500,0,0.8007027879634461,127810912.57788496,63774333.33333248,21738311.328073688,0.9999999999999958,0.3408630116829756,42.96816202335952,0.7161360337226587,1.789529231032485
1104,150,40,10,500,0,0.7744593752104749,142281538.58584443,74884333.33333054,21719261.06353685,0.999123654811571,0.29003744971406115,38.59812070198107,0.6433020116996845,1.6497913466814085
1105,150,40,10,500,0,0.7264066893950433,121190580.91121994,58705166.66666614,21738311.328073617,0.9999999999999925,0.37029639063127,45.31540288616245,0.7552567147693742,1.7779005166694333
1106,150,40,10,500,0,0.872820746922678,128917094.57788672,64621333.33333287,21738311.328073636,0.9999999999999934,0.3363952770200831,42.59947075274852,0.7099911792124753,1.8519281477512197
1107,150,40,10,500,0,0.701306309520903,143503373.2445481,75789999.99999776,21738311.328073647,0.9999999999999938,0.2868229493082766,38.269483677162555,0.6378247279527093,1.5685893969202336
1108,150,40,10,500,0,0.7897536395358067,137306838.57788363,71045333.33333199,21738311.32807367,0.9999999999999949,0.3059780327313183,39.99655120516756,0.6666091867527927,1.701145252473654
1109,150,40,10,500,0,0.6956608888053537,132170993.57788391,67112833.33333223,21738311.328073654,0.9999999999999941,0.3239069228400035,41.55072040647003,0.6925120067745004,1.6472984338518568
1110,150,25,10,500,0,0.9521866844267866,107404720.91122478,48145166.6666671,21738311.328073744,0.9999999999999983,0.4515159637638992,51.13183064401088,0.8521971774001814,2.1655966328380876
1111,150,25,10,500,0,0.5479046743204106,120279051.2445541,58002999.999999695,21738311.328073677,0.9999999999999951,0.3747790860485456,45.658823736761505,0.7609803956126917,1.6087083387719388
1112,150,25,10,500,0,0.9444813776106028,103810826.57789277,45393333.33333409,21738311.32807367,0.9999999999999949,0.47888775138948403,52.901996651373516,0.8816999441895585,2.209291522911749
1113,150,25,10,500,0,0.9471852448919155,104100540.91122758,45615166.66666782,21738311.32807368,0.9999999999999954,0.4765588490978468,52.75476911001998,0.8792461518336663,2.207678476003859
1114,150,25,10,500,0,0.9105454864294462,113337878.91122334,52688166.66666686,21738311.32807364,0.9999999999999936,0.41258431832714293,48.455115383813414,0.8075852563968903,2.048198197488051
1115,150,25,10,500,0,0.957325327312267,98861189.59081943,42223500.00000101,21343077.23644809,0.981818546727902,0.5054786371676335,55.55061619964551,0.9258436033274252,2.287551840373799
1116,150,25,10,500,0,0.8948898846437605,106336123.5858574,47356833.3333343,21719261.06353693,0.9991236548115745,0.4586299280329798,51.64566672929202,0.860761112154867,2.122554939225011
1117,150,25,10,500,0,0.9591732968502704,116522342.24455684,55126500.00000012,21738311.328073654,0.9999999999999941,0.3943350535236883,47.130875454544345,0.7855145909090724,2.0601559305782935
1118,150,25,10,500,0,0.8882242094683088,96630715.41978039,39972166.66666737,21689474.094571795,0.9977534026095708,0.5426144215659583,56.83286081597016,0.9472143469328359,2.2695300936539113
1119,150,25,10,500,0,0.9739757271999119,96081918.57789211,39475333.33333394,21738311.32807368,0.9999999999999953,0.5506808807543955,57.15747646679103,0.9526246077798505,2.3671450395832787
1120,150,30,10,500,0,0.9542170927622841,113489282.91122362,52805500.00000027,21738311.328073718,0.999999999999997,0.41166755978209857,48.3904722906385,0.8065078715106416,2.0900590120986045
1121,150,30,10,500,0,0.614546173788783,120327498.91122136,58041499.99999979,21738311.328073658,0.9999999999999943,0.37453048815199014,45.640440046475966,0.7606740007745995,1.6748445650849746
1122,150,30,10,500,0,0.9489259078111223,102676473.57789229,44526166.666667275,21738311.328073673,0.999999999999995,0.4882143008359888,53.48644931629657,0.8914408219382762,2.2309381704181894
1123,150,30,10,500,0,0.6217140160193323,112170572.78409873,51802666.666667156,21733914.1617522,0.9997977227276205,0.41955203390595075,48.959364864529924,0.8159894144088321,1.773345057552925
1124,150,30,10,500,0,0.7890549495073175,118112740.57788758,56345666.66666631,21738311.328073606,0.999999999999992,0.3858027176548403,46.496254113911775,0.7749375685651962,1.8726346921963861
1125,150,30,10,500,0,0.9294901686299866,105923189.57789348,47012166.66666771,21738311.328073658,0.9999999999999943,0.46239756363933826,51.84700368148805,0.8641167280248008,2.163524947566258
1126,150,30,10,500,0,0.9276501899335049,111163537.3338947,51115166.66666736,21680639.17385337,0.9973469809429986,0.4241527630191902,49.40288993777372,0.8233814989628954,2.0903538993117525
1127,150,30,10,500,0,0.6023122313733629,125015603.57788602,61631166.666665986,21738311.328073658,0.9999999999999943,0.35271620681214694,43.9289164138503,0.732148606897505,1.6166338037205854
1128,150,30,10,500,0,0.9598529105003337,113024057.58585462,52479166.666666985,21719261.06353692,0.9991236548115741,0.41386444265572286,48.58965531146635,0.8098275885244391,2.1007720531493512
1129,150,30,10,500,0,0.9126994622724287,118230062.91122006,56435499.99999945,21738311.328073613,0.9999999999999922,0.38518860164389124,46.45011484197415,0.7741685806995692,1.9950189242871108
1130,150,35,6,900,0,0.7430563905543907,156602412.22594053,59588833.33333308,38456676.04975212,0.982818752809407,0.6453671585518365,63.1139703374428,0.9494242738487909,2.208774391244651
1131,150,35,6,900,0,0.6708545126429182,167825603.15709737,68322833.33333153,38367162.594975546,0.9805311005466539,0.561556960142313,58.89327858245813,0.9815546430409688,2.1016547237977377
1132,150,35,6,900,0,0.6864677071669997,148620918.02503282,54886333.333333366,37558662.77454065,0.9598686599306615,0.6842989956432498,66.50342449328184,0.8972772236357253,2.131184127317325
1133,150,35,6,900,0,0.6988254748958492,137859816.30480978,52011666.66666727,34139049.76645907,0.8724752568360843,0.6563729246603391,71.69456818473336,0.8229091528589435,2.046832967483064
1134,150,35,6,900,0,0.7321752621152463,168484424.32376266,69008499.99999785,38251662.59497561,0.9775793226602197,0.554303637884852,58.66298941086159,0.9777164901810266,2.1533346626041543
1135,150,35,6,900,0,0.6796522445942984,146181583.6270119,57936999.99999984,34423716.427694336,0.8797503456295024,0.5941577304260564,67.61316818963262,0.8808339617306074,2.035812390665751
1136,150,35,6,900,0,0.649340856487435,164363904.93561456,65633333.333332166,38391949.70015577,0.9811645726586863,0.5849459070618047,60.13364067902701,0.9977751340410042,2.115072716177883
1137,150,35,6,900,0,0.6540355296832714,159779169.66173977,62102333.3333327,38405005.2033882,0.9814982258685372,0.6184148508116484,61.85912732507299,0.9694896737956531,2.118257084128243
1138,150,35,6,900,0,0.6948467309583675,156515675.488485,60006833.333332434,38147918.24718834,0.974927978317006,0.6357262352985729,63.14894638605805,0.9488709833044564,2.152298702501682
1139,150,35,6,900,0,0.6070007907172698,152007000.89175332,56824166.666666426,37976072.50289,0.9705361993741666,0.6683084808908797,65.02200518407976,0.9197070473865826,2.0613546228165562
1140,150,30,6,900,0,0.927865820954212,146392388.8043525,52259166.66666706,38144664.29364844,0.9748448185931742,0.7299133669113518,67.51580516395083,0.8822644663961825,2.394060980879476
1141,150,30,6,900,0,0.6001379948849117,155683887.18633997,59421999.999999285,38113838.548727676,0.9740570198729143,0.6414095545206849,63.48633875109989,0.9435502600003028,2.0568158985017626
1142,150,30,6,900,0,0.6096116502717402,133779198.56930749,47375166.66666784,35101869.645016,0.8970815808719738,0.7409339557999471,73.88144125321145,0.7934558705623606,1.9958146854740586
1143,150,30,6,900,0,0.6490780772530687,131696468.98803225,49107666.66666773,32981140.22516453,0.842883120225813,0.6716087825763217,75.04984815422938,0.7781540220814775,1.9645191253956036
1144,150,30,6,900,0,0.6164644256343902,156143469.3237689,59557666.666666076,38251662.59497549,0.9775793226602163,0.6422626126215353,63.29947735121471,0.9464933926446073,2.0767679083762256
1145,150,30,6,900,0,0.9417191630829451,119836802.46511397,45391500.000001304,29561739.124016218,0.7554951327346955,0.6512615605127693,82.4771672531675,0.6875508735972706,2.1502792850904315
1146,150,30,6,900,0,0.6229548888815081,158546916.15710318,61176499.99999972,38392829.261641964,0.9811870511880777,0.6275747919812698,62.33990694720421,0.9617522007073956,2.0867669231739194
1147,150,30,6,900,0,0.5516893720702165,159904452.7848709,62852166.66666572,37987322.16603625,0.9708237015984518,0.6043916094014816,61.81066147855978,0.9702731091306328,2.0054757687220346
1148,150,30,6,900,0,0.5874537047244038,148893653.02255714,55933166.66666655,37023639.50995204,0.9461953279727275,0.6619263974556322,66.38160727040945,0.8991008045311509,2.0160956272200603
1149,150,30,6,900,0,0.5787381197670863,150743461.07033038,56996499.99999978,37248673.53359281,0.9519464141604203,0.653525629356065,65.5670231386597,0.9113905954711372,2.0129492187230755
1150,150,20,4,700,0,0.5012451493057216,124101667.382638,47923333.33333434,30027636.59474597,0.9866595215098752,0.6265765443711206,61.94759637109867,0.9680612300537039,1.970567614856322
1151,150,20,4,700,0,0.44684059542450416,120457980.56410263,45050500.00000149,30080459.198355686,0.9883951867407375,0.667705335087395,63.82142523059216,0.9382954315938097,1.9193002950882299
1152,150,20,4,700,0,0.5027447472696042,111298146.48088966,39187500.00000085,29347049.68971209,0.9642965377316542,0.7488880303594629,69.07392659337796,0.8596481426651246,1.961503314222299
1153,150,20,4,700,0,0.5765257619934212,121100386.62018046,45188000.00000121,30306340.631288238,0.9958172849079369,0.670672316351408,63.48286916797412,0.9436048236789046,2.0566684387534524
1154,150,20,4,700,0,0.581852035058954,117021385.27551946,44102666.666667804,29007386.98983995,0.9531357713532161,0.6577241056437826,65.69568444177584,0.9094383443513074,2.0174696639252874
1155,150,20,4,700,0,0.8803068416513504,106759376.22224845,38160833.333334036,27786315.87225277,0.91301335143493,0.7281370306968906,72.01053689182082,0.8185869844127159,2.281403450621579
1156,150,20,4,700,0,0.8933971463170242,110945926.69832554,38316666.66666728,29730206.62029774,0.97688645411092,0.7759079587724383,69.2932154319103,0.8565120230770512,2.370635536412026
1157,150,20,4,700,0,0.5301401680068393,115665527.23738378,43737833.33333435,28578208.998233374,0.9390336774203488,0.6533979125219442,66.46578443568671,0.8978402930065627,1.9506987910309572
1158,150,20,4,700,0,0.5093358506103176,127121678.45351304,49743833.33333423,30341173.964621596,0.9969618518434945,0.6099484485102887,60.47591640957873,0.9920994346684794,1.9893940440870281
1159,150,20,4,700,0,0.4679040882697023,107289013.3721059,40452500.00000091,26584129.675664052,0.8735114594445512,0.6571690173824474,71.65505356393513,0.8234512804078302,1.8170905825834904
1160,150,20,2,300,0,0.47968618809931274,89453357.28006947,48040666.66666762,13042986.796844305,1.000000000000003,0.27149887172348525,36.84378205818683,0.6140630343031138,1.3109483197812146
1161,150,20,2,300,0,0.4723651112453187,85057361.28007083,44674666.6666679,13042986.796844339,1.0000000000000058,0.29195487666785,38.747969022314535,0.6457994837052422,1.3517284962848408
1162,150,20,2,300,0,0.46539862308745894,84128359.94673704,43963333.33333438,13042986.796844311,1.0000000000000036,0.2966787504020927,39.17584988090368,0.6529308313483946,1.3556724547575276
1163,150,20,2,300,0,0.4744123460246047,82045289.94673693,42368333.33333429,13042986.796844339,1.0000000000000058,0.3078475307071487,40.17049610208708,0.6695082683681179,1.3901986389584415
1164,150,20,2,300,0,0.48601792763805257,79883206.94673704,40712833.33333427,13042986.796844311,1.0000000000000036,0.3203654899194933,41.25773270716972,0.6876288784528287,1.429939198026476
1165,150,20,2,300,0,0.7936110387947916,76708320.94673659,38281833.33333402,13042986.796844313,1.0000000000000038,0.3407095653772437,42.96535185913509,0.7160891976522515,1.7822678887488381
1166,150,20,2,300,0,0.5326569971872773,83484284.28006993,43470166.66666754,13042986.796844274,1.0000000000000009,0.30004455462199775,39.478088941187714,0.6579681490197953,1.4306607899046708
1167,150,20,2,300,0,0.527813580481438,81082767.94673716,41631333.33333428,13042986.796844337,1.0000000000000056,0.3132973592849306,40.64735434494533,0.6774559057490888,1.4559073736584711
1168,150,20,2,300,0,0.5085059866380315,85275768.55151618,44859833.333334655,13031556.638122272,0.9991236548115836,0.2904949855985916,38.64872819069306,0.6441454698448844,1.3850474449617893
1169,150,20,2,300,0,0.522921180047749,87664790.28006995,46671166.6666677,13042986.796844319,1.0000000000000042,0.27946562574703215,37.59548148658812,0.626591358109802,1.373085038755177
1170,150,20,10,300,0,0.9627127444179597,74776616.88484696,36820666.66666693,13031556.638122229,0.9991236548115803,0.35391962769428764,44.07527563162429,0.7345879271937381,1.980436373767128
1171,150,20,10,300,0,0.4836873011424933,88457314.61340292,47278000.00000096,13042986.796844298,1.0000000000000024,0.2758785650163719,37.25864858552495,0.6209774764254159,1.3253676295810068
1172,150,20,10,300,0,0.8905087545817763,66312125.61340088,30321500.000000037,13042986.796844304,1.0000000000000029,0.4301563839798258,49.70131736108846,0.8283552893514744,2.0629891511171112
1173,150,20,10,300,0,0.8395999747161722,80376439.6134031,41090500.000000715,13042986.796844307,1.0000000000000033,0.3174209804418072,41.004553272728096,0.6834092212121349,1.776945980281753
1174,150,20,10,300,0,0.9769060263242328,81799196.55151485,42197833.33333412,13031556.63812226,0.9991236548115828,0.308820515384803,40.291349291241474,0.6715224881873579,1.8954849268194334
1175,150,20,10,300,0,0.9818823575592407,78908713.2800697,39966666.666667394,13042986.7968443,1.0000000000000027,0.3263466254423035,41.767250573485576,0.6961208428914263,1.9390805008045098
1176,150,20,10,300,0,0.9148247198443902,78870403.94673677,39937333.333334215,13042986.79684434,1.000000000000006,0.3265863218252943,41.78753797464686,0.6964589662441143,1.87255274354874
1177,150,20,10,300,0,0.827114351492652,83618366.94673677,43572833.33333424,13042986.796844313,1.0000000000000038,0.29933758718568626,39.414785535088946,0.6569130922514824,1.7234975134926835
1178,150,20,10,300,0,0.8986442467484378,76610153.28006886,38206666.66666708,13042986.796844296,1.0000000000000024,0.341379867305291,43.020407333624874,0.7170067888937479,1.8887549294864185
1179,150,20,10,300,0,0.8891765326631673,77326058.94673559,38754833.33333382,13042986.796844313,1.0000000000000038,0.3365512292276013,42.622112711967404,0.7103685451994567,1.868786061244705
1180,150,35,2,600,0,0.7281093024637428,128838960.56013346,57738999.999999866,26085973.59368834,0.9999999999999928,0.4517912259250836,51.14757190954144,0.8524595318256907,1.9420018150295004
1181,150,35,2,600,0,0.6506428711007946,148996852.8934575,73173833.33333093,26085973.593688264,0.9999999999999898,0.35649319443000965,44.22777979553795,0.7371296632589658,1.672967089903768
1182,150,35,2,600,0,0.6630355503460096,135370701.8934626,62740333.33333215,26085973.593688283,0.9999999999999906,0.41577677719843337,48.67966190487957,0.8113276984146596,1.806984670519416
1183,150,35,2,600,0,0.6887345823812496,133105662.56013128,61005999.999999344,26085973.59368828,0.9999999999999903,0.42759685266512404,49.50803649711761,0.8251339416186269,1.8559460061319757
1184,150,35,2,600,0,0.6232025034035762,137640529.8934608,64478333.33333177,26085973.5936882,0.9999999999999875,0.40456960106013135,47.876886300138224,0.7979481050023037,1.7448062892539848
1185,150,35,2,600,0,0.6479773212223271,120887379.560137,51650500.00000063,26085973.593688164,0.999999999999986,0.5050478425898655,54.51189383025561,0.9085315638375935,1.960547159131813
1186,150,35,2,600,0,0.6702002894935644,134774512.89346263,62283833.333332196,26085973.593688212,0.9999999999999878,0.418824150627991,48.89500142515184,0.8149166904191973,1.8201763004151545
1187,150,35,2,600,0,0.6390720162198936,134233393.56013,61869499.99999906,26085973.593688197,0.9999999999999872,0.4216289705539659,49.09210610881332,0.818201768480222,1.7945769611432882
1188,150,35,2,600,0,0.710262871612727,134999580.2267969,62456166.666665815,26085973.59368828,0.9999999999999903,0.417668502341994,48.81348511550372,0.8135580852583952,1.8579557587447175
1189,150,35,2,600,0,0.6516995179971977,138660515.8934609,65259333.33333184,26085973.593688253,0.9999999999999893,0.399727859009013,47.524704185171494,0.7920784030861916,1.7635602082905997
1190,150,25,8,300,0,0.932628424879759,85591858.6134026,45085333.33333409,13042986.79684428,1.000000000000001,0.28929556094023323,38.50599874091201,0.6417666456818669,1.8058315193138126
1191,150,25,8,300,0,0.5595236342399831,100285882.28006521,56336499.999999925,13042986.796844333,1.0000000000000053,0.2315192956048805,32.864047511651975,0.5477341251941996,1.292473195918087
1192,150,25,8,300,0,0.8620194425866544,81480788.28006914,41937500.0000006,13042986.796844285,1.0000000000000016,0.31101011736140916,40.448798662471695,0.6741466443745282,1.78497418085031
1193,150,25,8,300,0,0.554458789877784,80283621.61340344,41020833.333334155,13042986.796844315,1.000000000000004,0.31796006411808764,41.05195971191417,0.6841993285319029,1.493026169704157
1194,150,25,8,300,0,0.5412043235260982,92018249.28006816,50006000.00000077,13042986.796844313,1.0000000000000038,0.26082843652449933,35.81680835905552,0.5969468059842586,1.3468138787299564
1195,150,25,8,300,0,0.90970431606898,91328681.28006838,49478000.0000006,13042986.796844332,1.000000000000005,0.26361184358389933,36.0872395594228,0.6014539926570467,1.7220477835931463
1196,150,25,8,300,0,0.8261716026497479,87780279.28007032,46761000.000001006,13042986.796844339,1.0000000000000058,0.2789287396942764,37.546018616373665,0.6257669769395611,1.67508157134473
1197,150,25,8,300,0,0.6121991091818563,98245910.28006662,54774500.00000032,13042986.796844304,1.0000000000000029,0.23812151269010629,33.54643456002152,0.5591072426670253,1.3618035620009667
1198,150,25,8,300,0,0.9498495777227804,84480887.94673622,44234666.666667536,13042986.796844319,1.0000000000000042,0.29485893711216077,39.01237404225612,0.650206234037602,1.835942961450111
1199,150,25,8,300,0,0.8358374125519478,87988586.28006993,46920500.000001095,13042986.796844337,1.0000000000000056,0.2779805585371859,37.457130968207444,0.6242855161367907,1.6825073755184872
1200,150,30,4,700,0,0.6466432146465133,133506549.6201773,54690166.66666686,30306340.631288283,0.9958172849079384,0.5541460646116427,57.583691750491596,0.9597281958415266,2.0496882621773542
1201,150,30,4,700,0,0.6085903103151177,145521617.5110761,63990666.66666554,30242219.05535093,0.9937103537402727,0.47260359409733915,52.82926434909135,0.8804877391515226,1.8671609247445116
1202,150,30,4,700,0,0.650951777483089,130811451.34441572,52695500.000000335,30262385.722017597,0.9943729977555952,0.5742878561170764,58.77008412481151,0.9795014020801919,2.089883464456942
1203,150,30,4,700,0,0.6285817023743024,124569142.50040333,47925166.666667916,30256405.482543766,0.9941764967689408,0.6313260357128228,61.715123390008955,0.9718193071142529,2.1054618380588135
1204,150,30,4,700,0,0.6938430466781232,135302677.17972428,56653666.66666666,29931424.359715566,0.9834981432415933,0.5283228098160562,56.819274830668704,0.9469879138444784,2.063489208375447
1205,150,30,4,700,0,0.6313200402091927,133545077.84441543,54780000.00000027,30267885.722017538,0.994553718850681,0.5525353362909344,57.567078653071356,0.9594513108845226,2.032799620126463
1206,150,30,4,700,0,0.6932267116445698,132761911.95351064,54120000.00000014,30306340.631288163,0.9958172849079345,0.5599841210511471,57.90666831230966,0.9651111385384944,2.106325147023982
1207,150,30,4,700,0,0.6080266703706275,134124287.6201775,55163166.66666693,30306340.631288238,0.9958172849079369,0.5493945047502365,57.31847778212136,0.955307963035356,2.0028502372061725
1208,150,30,4,700,0,0.6227490875433079,135601134.7868433,56239333.33333336,30341173.964621577,0.996961851843494,0.5395009536259598,56.6942158123142,0.9449035968719033,1.999253447315979
1209,150,30,4,700,0,0.5859582895967393,132042852.41261804,53830333.33333356,30140037.618000735,0.9903528371483484,0.5599080620839664,58.2220079279759,0.9703667987995984,2.0042515380635106
1210,150,25,2,800,0,0.5895937844619262,135690009.60050508,50103166.6666676,34294748.950952716,0.9860111841651844,0.6844826631241288,64.74905577696485,0.9239004699782162,2.0610803849394452
1211,150,25,2,800,0,0.5141880206647917,146742580.2507577,58534666.66666615,34314774.158496596,0.9865869305755671,0.5862299405223724,59.872192413317165,0.9978698735552861,1.981041846637976
1212,150,25,2,800,0,0.536668275493966,125892078.11757027,45686666.66666817,32327944.42048094,0.9294634232562055,0.707601293312707,69.7883467440657,0.8494730079647943,1.952222318108926
1213,150,25,2,800,0,0.5468544332925587,127418532.02397881,47074500.00000132,32188336.59865368,0.9254495471402004,0.6837743703842373,68.95229336299845,0.8613926066172839,1.9552665362172323
1214,150,25,2,800,0,0.5438708514812496,127843917.58012629,46860000.00000134,32532661.90668067,0.9353492727568332,0.6942522814058844,68.72286273997739,0.8646927429055336,1.9639654195114906
1215,150,25,2,800,0,0.592783065260417,126830673.77555428,46605166.66666779,32200582.125695735,0.9258016193083546,0.6909230119484955,69.27188619645574,0.8568165563128511,2.0023380311320644
1216,150,25,2,800,0,0.5269684498324554,134455122.92306235,49021500.000001095,34381508.34052014,0.9885056106025136,0.7013556978166595,65.34373558252142,0.9147886173286027,2.0028416254143857
1217,150,25,2,800,0,0.5868542660464591,138796049.2563938,52345333.3333338,34381508.34052025,0.9885056106025165,0.656820888341271,63.300072639461476,0.9464840020846534,2.058794978804129
1218,150,25,2,800,0,0.5848039661440605,137501540.91733092,51641333.33333388,34198451.07401794,0.9832425158829103,0.6622302110844849,63.89601121111962,0.9371297615194664,2.0517178965311147
1219,150,25,2,800,0,0.5103847073906762,132882648.26717113,50645833.33333405,32578748.950952753,0.9366743252061858,0.6432661249056808,66.11698453161056,0.9030749370938165,1.9280725444090372
1220,150,25,4,900,0,0.5853649011172302,137456252.5415871,48238666.66666779,36345153.997845024,0.9288556004324279,0.7534444152238352,71.90505937159662,0.8200272921292332,2.0081477254255318
1221,150,25,4,900,0,0.5686740283581417,152436100.82377037,56536333.33333323,38367162.59497553,0.9805311005466534,0.6786284205727691,64.83897152044415,0.9225169536086822,2.0340937184250394
1222,150,25,4,900,0,0.549508262843015,132483833.92796616,45666500.00000137,35557858.26970683,0.9087350625934343,0.7786420739427318,74.60381925068684,0.7839602295670642,1.9563821515642648
1223,150,25,4,900,0,0.528376799727359,132123443.35959342,48950000.0000011,33289121.535508253,0.850754050280429,0.6800637698775791,74.80731464967789,0.7813058617133682,1.8537336773427904
1224,150,25,4,900,0,0.5576542914331643,138961892.4864309,49639333.33333433,36187208.306374796,0.9248190584468032,0.7290027056441949,71.12597434555747,0.8307445718873829,1.971601027835903
1225,150,25,4,900,0,0.8623487678703616,122151480.24490556,44053166.666667834,31543538.918936882,0.8061430358514918,0.7160334047632454,80.91428757296794,0.7056954845406946,2.1408709762216525
1226,150,25,4,900,0,0.5522946732080453,149754437.4208458,54965166.666667,38059832.31861643,0.9726768086541078,0.6924354937269276,66.00004761277395,0.9048367000059203,2.0110797681955077
1227,150,25,4,900,0,0.49697503224288103,150931073.08117115,56890166.6666667,37407116.68187971,0.9559956694103816,0.657532204133925,65.4855212927855,0.9126294369435939,1.935630232493615
1228,150,25,4,900,0,0.5399938947073385,136408161.2250907,49611833.333334364,34958405.83622322,0.8934151453888707,0.7046384599686734,72.45754147869847,0.8125111097675695,1.9162157724498465
1229,150,25,4,900,0,0.5565626752670415,131674897.35938087,47811500.00000096,33795873.60958756,0.863704869035172,0.7068565849133969,75.06214318910082,0.7779945812375109,1.9000425244352699
1230,150,35,4,900,0,0.7139551317810573,156166643.55927396,59255166.6666664,38456676.04975201,0.9828187528094041,0.649001229987014,63.29008407130519,0.9466415822003482,2.1797976979710167
1231,150,35,4,900,0,0.6708545126429182,167875884.15709737,68361333.33333153,38367162.59497554,0.9805311005466537,0.5612407003224515,58.875639283309994,0.9812606547218332,2.1011077276227126
1232,150,35,4,900,0,0.6864677071669997,148630495.35836613,54893666.666666694,37558662.77454065,0.9598686599306615,0.6842075790383947,66.49913919864804,0.8973413108788287,2.1311750812765444
1233,150,35,4,900,0,0.6988254748958492,134477560.1381434,51012500.00000068,33125216.433125768,0.8465652064995924,0.6493548920975315,73.49776416114904,0.7985459752068792,2.0168553637807536
1234,150,35,4,900,0,0.7321752621152463,168575408.99042916,69078166.66666444,38251662.59497565,0.9775793226602205,0.5537446119489305,58.63132742309497,0.9771887903849162,2.152359742059307
1235,150,35,4,900,0,0.6796522445942984,148236481.16416126,57755499.99999994,35542279.89140796,0.9083369334802815,0.6153921252765191,66.67589464063438,0.8947017014985481,2.0666676463140616
1236,150,35,4,900,0,0.6380422057259652,166015994.93561372,66898333.33333197,38391949.70015579,0.9811645726586866,0.5738849951442223,59.53522733657833,0.9922537889429722,2.0894039907843154
1237,150,35,4,900,0,0.7004738804357508,159977584.751122,62787999.999999076,38064807.264255345,0.9728039509443517,0.6062433468856454,61.782405424961766,0.9707301515569184,2.1561987095011856
1238,150,35,4,900,0,0.6948467309583675,157234059.7259388,60017833.33333254,38491509.383085616,0.9837089715370663,0.6413345375083427,62.86042615211745,0.9534447793983827,2.161359140363424
1239,150,35,4,900,0,0.6070007907172698,151983057.5584201,56805833.33333311,37976072.50288999,0.9705361993741662,0.6685241686368502,65.03224871759676,0.9195500432898412,2.061370168916591
1240,150,30,4,800,0,0.6620795658795915,142558107.92306,55227333.33333363,34381508.340520084,0.988505610602512,0.6225451468569894,61.62960583583069,0.9732054215263467,2.1333211048915297
1241,150,30,4,800,0,0.6279305364801213,154802467.25075346,64707499.9999985,34314774.158496566,0.9865869305755662,0.5303059793454755,56.75490937601472,0.945915156266912,1.998090476223414
1242,150,30,4,800,0,0.616171150014111,137695476.53969142,51973166.666667245,34082489.44510637,0.9799084934293755,0.6557708839197021,63.806017603399255,0.9385364109702687,2.079324268120142
1243,150,30,4,800,0,0.6075712497532448,121595592.39238203,46262333.33333459,29865048.83311083,0.8586525070412745,0.6455586366109943,72.25426372075006,0.8152685354359508,1.9392866944779912
1244,150,30,4,800,0,0.6678591032916753,145702724.53016806,57764666.66666644,34298960.4019043,0.9861322679423469,0.5937705933599161,60.299490131915015,0.9950209346470636,2.137896512626672
1245,150,30,4,800,0,0.6790887974226856,140086810.25075954,53399500.00000008,34340440.825163245,0.9873248750471757,0.6430854376007864,62.71682526194406,0.955729437616646,2.1492865851199605
1246,150,30,4,800,0,0.6109459643189206,145977215.92305872,57845333.33333318,34381508.34051997,0.9885056106025087,0.5943696121932059,60.186104690685404,0.9969030605960831,2.0833447146695683
1247,150,30,4,800,0,0.585048997541385,146359995.61250263,58167999.99999945,34362658.66886524,0.9879636621224078,0.5907484986395538,60.028698164633475,0.9995218116246312,2.0571696080776594
1248,150,30,4,800,0,0.6288506365403013,146632806.75639102,58292666.66666624,34416341.67385352,0.989507106671127,0.5904060260385028,59.917014441361154,0.9986169073560193,2.0997923647271226
1249,150,30,4,800,0,0.5755440085358938,143947071.76526332,57661999.999999695,33507564.55112958,0.9633787799059775,0.5811030583595741,61.03493382850564,0.9828990134321085,2.0233254686556617
1250,150,25,2,700,0,0.5798474510679217,129612802.62017906,51707333.333334,30306340.63128816,0.9958172849079344,0.5861130071418839,59.313585113413076,0.9885597518902179,2.0372976086716466
1251,150,25,2,700,0,0.5035898794673942,130530135.5110829,52510333.333333805,30242219.05535094,0.9937103537402731,0.5759289102846551,58.8967441878374,0.9816124031306234,1.9459454108257417
1252,150,25,2,700,0,0.5474751476560367,122491433.4777558,46355833.33333467,30241767.59935794,0.9936955196272842,0.6523832153311968,62.761940012695575,0.9550110827977465,2.024392802718741
1253,150,25,2,700,0,0.573274942652331,127366917.95351303,49987666.66666754,30306340.631288256,0.9958172849079375,0.6062763607947506,60.3594726442696,0.994026700776821,2.0523227320649524
1254,150,25,2,700,0,0.5682425616911764,134620113.34441423,55696666.66666666,30207385.72201754,0.9925657868047142,0.5423553603809482,57.107365378094805,0.9517894229682468,1.953916272964182
1255,150,25,2,700,0,0.5543597307957739,121026329.98299946,45356666.6666681,30163587.1073667,0.9911266352405262,0.665030949673677,63.52171466390746,0.9429941081074656,2.0293785986421815
1256,150,25,2,700,0,0.5601574873286201,124346149.22377841,47842666.66666767,30199264.62848933,0.9922989408200361,0.6312203464513273,61.825798772141475,0.9700283515248732,2.0351621160145554
1257,150,25,2,700,0,0.5553455496010848,130453213.62017904,52350833.333334,30306340.631288197,0.9958172849079355,0.5789084662381269,58.93147272234633,0.9821912120391054,2.000663534630692
1258,150,25,2,700,0,0.5397712868479575,131676261.45351212,53232666.666667216,30341173.964621585,0.9969618518434942,0.5699728355637754,58.384099875998935,0.9730683312666489,1.9688178865656267
1259,150,25,2,700,0,0.5421335918576278,121715142.51434556,46805000.00000147,29576612.58223864,0.9718396027005537,0.6319113894292856,63.16223142978206,0.9486609100205602,1.9963236134216165
1260,150,30,2,800,0,0.6620795658795915,142529375.92306003,55205333.33333363,34381508.34052007,0.9885056106025114,0.6227932387061615,61.642029533215215,0.9730039288935953,2.133318085738116
1261,150,30,2,800,0,0.6279305364801213,154824016.2507537,64723999.99999858,34314774.15849653,0.9865869305755655,0.5301707891739894,56.747010010194266,0.9457835001699044,1.9978506679892172
1262,150,30,2,800,0,0.616171150014111,137867945.53969142,51978666.66666726,34163156.111773044,0.9822277474830039,0.6572534138064204,63.7261980339775,0.9397858013712114,2.0817596824304587
1263,150,30,2,800,0,0.6075712497532448,123892260.39238222,46300833.33333468,30961382.16644423,0.8901732780428595,0.6687003221636039,70.91484142895025,0.8336730133591359,1.976204520843264
1264,150,30,2,800,0,0.6678591032916753,145726667.86350143,57782999.999999784,34298960.4019043,0.9861322679423469,0.5935822024108203,60.28958274287478,0.9951852492044712,2.1379101144248027
1265,150,30,2,800,0,0.6790887974226856,140410045.25075966,53647000.00000011,34340440.825163275,0.9873248750471765,0.6401185681429195,62.57244618295902,0.9580319957818512,2.149215647718872
1266,150,30,2,800,0,0.6109459643189206,144171888.5897254,56462999.999999836,34381508.34052009,0.9885056106025121,0.6089210339606502,60.93975799264192,0.9844593879407044,2.0825421794281453
1267,150,30,2,800,0,0.585048997541385,146372280.92305717,58147833.33333276,34381508.34052031,0.9885056106025183,0.5912775484415409,60.023659839108404,0.9996057470863062,2.057676783380924
1268,150,30,2,800,0,0.6288506365403013,145555356.75639176,57467666.6666664,34416341.67385353,0.9895071066711273,0.5988818351279331,60.360540455438716,0.9940090103873466,2.1019651150299943
1269,150,30,2,800,0,0.5755440085358938,143040828.20341244,57018499.999999836,33475435.433583714,0.9624550329707575,0.5870977916568098,61.42162423378923,0.9765847555148199,2.021806997376162
1270,150,25,2,600,0,0.57851629774737,121377095.8934707,52022666.66666741,26085973.593688335,0.9999999999999926,0.5014347642121632,54.29195641477272,0.904865940246212,1.8845300493633126
1271,150,25,2,600,0,0.5189633322244172,131445267.56013145,59731833.3333327,26085973.593688183,0.9999999999999867,0.43671811390947524,50.13341387117954,0.8355568978529924,1.7038947212049897
1272,150,25,2,600,0,0.5498346461349422,119686696.56013702,50728333.33333399,26085973.59368816,0.9999999999999859,0.5142288713149356,55.05875080016876,0.9176458466694793,1.87886358985637
1273,150,25,2,600,0,0.5496029464842938,114850143.22680569,47025000.00000122,26085973.59368823,0.9999999999999886,0.5547256479253069,57.377377292307635,0.9562896215384605,1.9496730863629996
1274,150,25,2,600,0,0.5380480471546796,115554077.2268058,47564000.00000123,26085973.593688253,0.9999999999999893,0.5484394414617689,57.027844954927495,0.9504640825821249,1.9272636829062195
1275,150,25,2,600,0,0.5467663320296566,110478090.56013864,43677333.333334506,26085973.59368827,0.99999999999999,0.597242816877272,59.6480258356099,0.9941337639268316,2.018694349458306
1276,150,25,2,600,0,0.533977364870623,119216058.769694,50403833.333333954,26063113.276244134,0.999123654811568,0.5170859347915433,55.27611018185411,0.9212685030309018,1.8689146157347594
1277,150,25,2,600,0,0.5934923992238567,120347532.56013702,51234333.33333399,26085973.593688216,0.999999999999988,0.5091502493839655,54.75641967737986,0.9126069946229977,1.9134195933540266
1278,150,25,2,600,0,0.5780724638709277,120768832.18292847,51580833.3333339,26070732.316378225,0.9994157290217456,0.5054344924576882,54.565403017381456,0.9094233836230242,1.8918434414601024
1279,150,25,2,600,0,0.5360292869907882,120261336.56013678,51168333.333333954,26085973.593688212,0.9999999999999878,0.5098069820596313,54.795665743368524,0.9132610957228088,1.857135968361302
1280,150,25,8,700,0,0.8574749058846681,124254284.6201789,47604333.333334036,30306340.63128829,0.9958172849079386,0.6366298718874579,61.87150828239127,0.969289640930153,2.3360684443247877
1281,150,25,8,700,0,0.5035898794673942,130458305.51108277,52455333.33333377,30242219.055350915,0.9937103537402723,0.5765327781480879,58.929172580329904,0.9821528763388317,1.9469689783246964
1282,150,25,8,700,0,0.9489254088255742,119261234.54676932,45299833.33333437,29338369.38999471,0.9640113171369968,0.6476485062121797,64.46185157495718,0.9283335397695405,2.3953777535648584
1283,150,25,8,700,0,0.5925921163023297,123290332.08328544,47589666.66666777,29845238.693646245,0.9806662217956063,0.6271369560684508,62.35525422063682,0.9615062276005633,2.0558079087576537
1284,150,25,8,700,0,0.5682425616911764,134282957.4317759,57089999.99999995,29154750.658097908,0.9579779028993525,0.5106805159940083,57.250749812431565,0.9541791635405261,1.9309661380269092
1285,150,25,8,700,0,0.9920146313864888,118211507.3176575,46640000.000000894,27971856.50772125,0.9191099163122337,0.5997396335274596,65.03427774879287,0.9195189472202312,2.391325285428688
1286,150,25,8,700,0,0.8797538371556587,121016016.20754266,45697666.666667864,29941205.567368753,0.9838195378885689,0.6552020650369011,63.52712839939642,0.9429090266014475,2.346824515786627
1287,150,25,8,700,0,0.6213982370812003,131549818.28684522,53190500.00000052,30306340.631288227,0.9958172849079365,0.5697698015865226,58.440217554969955,0.974003625916166,2.0512177042665845
1288,150,25,8,700,0,0.9780746217584437,89389984.50876184,32886333.333333507,22672083.866322324,0.7449679680448587,0.689407470164573,86.00292350701164,0.6483127511173451,2.177913349007447
1289,150,25,8,700,0,0.5468492852541431,121201050.1130238,48460500.00000103,28270524.050603382,0.9289236482062109,0.5833725209315377,63.43014349158596,0.9444343914977502,1.9579816934971235
1290,150,35,8,700,0,0.7006613258357246,146374257.95350695,64544333.33333266,30306340.63128832,0.9958172849079396,0.46954301123189696,52.52153013436206,0.875358835572701,1.9516545703939432
1291,150,35,8,700,0,0.6642675732053119,155252749.17773888,71443166.66666466,30242219.05535097,0.993710353740274,0.42330457154080725,49.517963712183494,0.8252993952030583,1.828210625641016
1292,150,35,8,700,0,0.7035401662084654,135064770.42223018,55995499.99999983,30235715.351666026,0.9934966525671703,0.5399668786182126,56.919357845624205,0.9486559640937368,2.084169633196772
1293,150,35,8,700,0,0.7185653728483046,131356999.2868449,53045666.66666705,30306340.631288297,0.995817284907939,0.571325473609935,58.526001977345075,0.9754333662890846,2.151059118025337
1294,150,35,8,700,0,0.6918044049627706,144959324.63310006,63625833.333332315,30201229.689167496,0.9923635095323402,0.4746692987256431,53.034187482993865,0.8839031247165644,1.9554429686598493
1295,150,35,8,700,0,0.6712055018293893,143802962.84441075,62635833.33333264,30267885.722017366,0.9945537188506755,0.48323593877867094,53.460650934695295,0.8910108489115882,1.9488051017639143
1296,150,35,8,700,0,0.8538136836554988,138010851.6201757,58140499.99999986,30306340.631288256,0.9958172849079375,0.5212604059354208,55.704315347302206,0.9284052557883701,2.1992272641922055
1297,150,35,8,700,0,0.665386965828096,150504482.9535031,67706833.33333182,30306340.63128827,0.9958172849079381,0.44761125486529835,51.08020604525827,0.8513367674209712,1.8748127371413057
1298,150,35,8,700,0,0.6724337489617157,145279591.120172,63651499.99999904,30341173.96462152,0.9969618518434921,0.47667649567758785,52.917274482420765,0.8819545747070128,1.935729520210799
1299,150,35,8,700,0,0.6767926665842566,143673449.95350668,62476333.33333259,30306340.631288253,0.9958172849079374,0.4850851356719923,53.50884246524186,0.8918140410873644,1.956674816209215
1300,150,30,8,700,0,0.8696893392138649,129515195.95351136,51634000.00000039,30306340.63128835,0.9958172849079406,0.5869454357843304,59.35828566988762,0.9893047611647937,2.328550449006123
1301,150,30,8,700,0,0.6085903103151177,145878373.17774326,64263833.333332315,30242219.055350933,0.993710353740273,0.4705946951294753,52.700066723618576,0.8783344453936429,1.863400511812341
1302,150,30,8,700,0,1.0,108961338.24850297,39165500.000000775,28222398.85236716,0.9273423321104705,0.7205933500751069,70.5553008395216,0.8386836659172114,2.4151583459772974
1303,150,30,8,700,0,0.6781407624598974,132642195.28684483,54028333.33333374,30306340.63128819,0.9958172849079354,0.5609342128751205,57.95893217369314,0.9659822028948857,2.0928703356548795
1304,150,30,8,700,0,0.6938430466781232,135431971.17972425,56752666.66666666,29931424.35971557,0.9834981432415935,0.527401197471759,56.76503068686749,0.9460838447811248,2.0618478494366554
1305,150,30,8,700,0,0.9210040234372777,124372760.98080666,48376166.66666764,29873102.64233119,0.981581786035573,0.6175169448247021,61.81257004647818,0.9702422457527063,2.385259825049746
1306,150,30,8,700,0,0.9027781161871278,131030808.95351201,52794500.00000058,30306340.631288134,0.9958172849079335,0.5740435202774493,58.67169760607621,0.9778616267679368,2.339874559177024
1307,150,30,8,700,0,0.6031681941536938,141019967.62017435,60443166.66666618,30306340.631288297,0.995817284907939,0.5014022643522738,54.515684053384945,0.9085947342230825,1.9128847398585953
1308,150,30,8,700,0,0.9772939921329423,122183432.90024513,47439333.333334185,29401739.173698734,0.9660935456290833,0.619775555594476,62.92015060893396,0.952496185402982,2.4256106220115052
1309,150,30,8,700,0,0.6054957177728899,135424410.62017652,56158666.66666672,30306340.631288208,0.9958172849079359,0.5396556298455836,56.76819980086083,0.9461366633476804,1.983356884997037
1310,150,20,8,700,0,0.9282811431187261,100662545.44412124,34842500.00000028,26925853.47850338,0.8847399503294109,0.7727876437828273,76.37200078819359,0.7611942634333807,2.307705521578369
1311,150,20,8,700,0,0.44684059542450416,118440674.77638,45019333.33333483,29115792.472608376,0.9566978000003877,0.646739751942293,64.9084447932674,0.9214494005812753,1.8856817975596138
1312,150,20,8,700,0,0.9510641345989601,83076502.00682932,29203166.66666669,21937530.343336143,0.7208317285767231,0.7512038195630425,92.53880236035964,0.5814016966350606,2.133428886884455
1313,150,20,8,700,0,0.815989015874155,101235086.18018128,37896833.33333385,25258494.475441284,0.8299532330679439,0.6665067303453044,75.94007463298861,0.7666936961169112,2.1158880962673097
1314,150,20,8,700,0,0.8647726197906158,119878695.74037842,45664666.66666764,29406283.263563417,0.9662428570648147,0.6439614128406235,64.12982684304046,0.9334849414748224,2.313426691537937
1315,150,20,8,700,0,0.9349999563537453,109866540.14692234,42648833.3333341,26442165.51826224,0.8688467470829353,0.6199973938699792,69.97398834730991,0.846848777592533,2.2778466490422615
1316,150,20,8,700,0,0.9539269936353645,95191597.35748816,34893833.333333656,24223076.797211733,0.7959310845801209,0.694193629166897,80.76132992210206,0.7074968050054006,2.2167787019742824
1317,150,20,8,700,0,0.8779928091959879,120678429.6983274,46528166.66666778,29246206.62029773,0.9609829977431835,0.6285699333442545,63.704839541067976,0.9401204010618049,2.3209691569331965
1318,150,20,8,700,0,0.9338897831603888,93844161.4879825,33326333.333333638,24564569.7842758,0.8071519912323136,0.7370918828236602,81.92091951276569,0.6939546554723144,2.2175179448916316
1319,150,20,8,700,0,0.7853521651480948,111067829.19625087,42106166.66666737,27374333.26642984,0.8994762700382954,0.6501264644473149,69.21716266207086,0.8575983799646154,2.1630517166705623
1320,150,20,10,500,0,1.0,98054288.2445573,40984166.666666865,21738311.328073774,0.9999999999999997,0.5304075475018484,56.00774936332102,0.9334624893886836,2.357788527390162
1321,150,20,10,500,0,0.918774894612083,100949037.24455944,43200666.6666674,21738311.32807367,0.9999999999999948,0.5031938857750644,54.401707533827675,0.9066951255637946,2.228025128795929
1322,150,20,10,500,0,0.9602727534814931,87963884.20867912,33429000.000000056,21629303.82723873,0.9949854660194202,0.6470221612144753,62.432440875071556,0.9602700987276969,2.43816058118077
1323,150,20,10,500,0,0.8588428801384964,98913853.91122665,41642333.33333423,21738311.328073688,0.9999999999999957,0.5220243340848628,55.52103960006238,0.9253506600010397,2.2018130074074262
1324,150,20,10,500,0,1.0,106781633.24455917,47666666.66666743,21738311.328073695,0.999999999999996,0.4560484894001401,51.43019293797722,0.8571698822996203,2.222008673819732
1325,150,20,10,500,0,1.0,95675943.84535992,40652333.333334185,20789082.403785568,0.9563338241888947,0.5113871873804324,57.40000860484159,0.9566668100806931,2.365776559985039
1326,150,20,10,500,0,0.9641660324782223,97725416.66722801,40822833.33333397,21680639.173853375,0.9973469809429987,0.5310909950032793,56.196230083116774,0.9366038347186129,2.3256426631994587
1327,150,20,10,500,0,0.9185661288112063,100659482.86452182,43413333.33333416,21461446.005133472,0.9872637152554369,0.4943514896759765,54.558198032781924,0.9093033005463654,2.223350621098353
1328,150,20,10,500,0,0.9588904661801622,92442408.07537149,37174500.00000038,21427693.708493534,0.9857110511073093,0.576408390388393,59.407799021444205,0.9901299836907368,2.4101471621816133
1329,150,20,10,500,0,1.0,86992028.59177105,34268666.666666836,20619806.373078093,0.9485468333710355,0.601710202898994,63.12992223427116,0.9491718887660712,2.4305400510852664
