int(self),self.nb_electrical,self.nb_activeCS_Cparking,self.nb_activeCS_Cparking_fast,self.nb_solar,self.nb_wind,self.avg_statisfied_day,self.monthly_profit,self.monthly_energy_consumption,self.monthly_renew_charge,self.self_consumption,self.self_sufficiency,self.payback_period,self.payback_period_norm,self.metric
0,150,35,10,600,4,0.6676051181146525,133224010.31447446,61504666.666666,25825890.181134406,0.9900297601843371,0.419901311246865,51.74592765768893,0.8624321276281488,1.8659582947402933
1,150,35,10,600,4,0.9831900959401835,132227988.10302198,60369833.33333278,26063113.276244275,0.9991236548115734,0.43172412175359964,52.135709685220924,0.8689284947536821,2.1974978880967453
2,150,35,10,600,4,0.7316794761587709,130062464.8934671,58675833.33333322,26085973.59368828,0.9999999999999903,0.44457781188203543,53.00376250478295,0.8833960417463824,1.9707377674107818
3,150,35,10,600,4,0.9415437653380218,127450247.2268006,56675666.66666652,26085973.59368832,0.9999999999999919,0.46026760915069465,54.09012653959255,0.9015021089932093,2.2112599616517867
4,150,35,10,600,4,0.6560958319242223,143544955.8934602,68999333.33333166,26085973.593688216,0.999999999999988,0.3780612410799455,48.02537265828144,0.800422877638024,1.7589677024262027
5,150,35,10,600,4,0.884400239273771,123221854.5601346,53438000.00000001,26085973.593688298,0.9999999999999911,0.48815400265145203,55.9462444759399,0.9324374079323317,2.207360849327264
6,150,35,10,600,4,0.8883781417106521,125211545.56013454,54961500.00000006,26085973.59368827,0.99999999999999,0.47462266484153887,55.057223111179944,0.9176203851863324,2.185696658770216
7,150,35,10,600,4,0.6959028437578413,139819373.2267949,66146666.6666653,26085973.59368834,0.9999999999999928,0.39436565602230716,49.3050415039257,0.821750691732095,1.833146060307782
8,150,35,10,600,4,0.877298283763783,141957051.6339999,67961666.66666579,25972400.341957107,0.9956461946369946,0.3821624985941699,48.5625752341906,0.8093762539031766,1.9924045365422955
9,150,35,10,600,4,0.7303382770266822,141833007.56012756,67688499.99999852,26085973.59368831,0.9999999999999916,0.38538265131726773,48.6050470097907,0.810084116829845,1.8487285149103414
10,150,35,10,800,4,0.6203091083277323,148770197.373293,60611833.33333287,33982174.90155922,0.9770243416307028,0.5606524837266565,61.09960301519225,0.981840196145155,2.0506712914542127
11,150,35,10,800,4,0.6623310752962629,152190615.42305517,62549666.66666569,34416341.673853464,0.9895071066711254,0.550224221933301,59.7264159470834,0.9954402657847233,2.097950718627627
12,150,35,10,800,4,0.706865933716891,145101450.92306012,57176166.66666695,34381508.34051991,0.988505610602507,0.6013258730855761,62.64444595264493,0.9568830505671803,2.1448096827525323
13,150,35,10,800,4,0.9156738184569275,140500021.3088401,54343666.6666667,33941203.501955256,0.9758463695073849,0.6245659445495992,64.6960755971649,0.9247166371478261,2.340043211244433
14,150,35,10,800,4,0.6722420238974641,159876881.92305195,68489666.66666494,34381508.34052009,0.9885056106025121,0.5019955566122524,56.8549992385696,0.9475833206428266,2.0214217898300926
15,150,35,10,800,4,0.7314268138325793,158624384.25075245,67635333.33333167,34314774.15849646,0.9865869305755633,0.5073498195001227,57.30392614562273,0.9550654357603788,2.092372105193056
16,150,35,10,800,4,0.9065801339313622,133955002.29850909,49313000.00000058,33953420.025300674,0.9761976077878407,0.6885287860260028,67.85711503138968,0.87725995450083,2.3346631172529944
17,150,35,10,800,4,0.9565416787250381,146789332.86232054,60263499.99999902,33237450.071087312,0.9556126959871961,0.5515353418086878,61.92411820909138,0.9684401091502791,2.3662100613222674
18,150,35,10,800,4,0.6983989915646731,152717725.25075516,63026333.333332315,34369774.15849663,0.9881682401575874,0.5453240310954234,59.520268423819076,0.992004473730318,2.1266626901713295
19,150,35,10,800,4,0.9934138321894331,147158616.7507581,58697833.333333,34415607.491829835,0.9894859981425997,0.5863181916168972,61.76872412028277,0.97095152437761,2.433419909860561
20,150,25,10,700,4,0.9524682955209328,130773925.00491703,52999833.33333352,30049199.28660297,0.9873680366526825,0.5669678071931584,61.11157097792632,0.9816443718946442,2.3876869131701035
21,150,25,10,700,4,0.9400682187820268,102973386.02415717,42153833.33333427,23394410.13054506,0.7687024395868755,0.5549770514475443,77.61034485284532,0.7456449372221476,2.1296947971622098
22,150,25,10,700,4,0.9133148969328159,119381821.9507614,46957166.66666736,28340863.323942848,0.931234882843592,0.6035471331804324,66.94319008882432,0.89072473840536,2.286877341882522
23,150,25,10,700,4,0.8347160634996311,111123977.00876324,40355333.33333393,28518583.866322454,0.937074492123312,0.7066868617032536,71.91787240812815,0.8198521934985933,2.219917746360827
24,150,25,10,700,4,0.8372288477603052,120173930.36670676,45360333.33333468,29745242.41094943,0.977380505847663,0.6557544935211062,66.50194410396071,0.8972993625691755,2.2591318051463656
25,150,25,10,700,4,0.7934890860230877,109026131.95781653,41787166.66666768,26582117.597761147,0.8734453458223667,0.6361311311150674,73.30169250700483,0.801159780828578,2.1035537717437194
26,150,25,10,700,4,0.8989099244889284,106563792.82098395,39084833.33333405,27102814.61899201,0.890554606892522,0.6934355940025717,74.99545378818667,0.7788597951957273,2.232518194886713
27,150,25,10,700,4,0.9411312122838336,113424059.03337288,43994500.000001185,27321575.74428265,0.8977427432789199,0.6210225310955214,70.45947806936238,0.8400241525777637,2.2779733897380146
28,150,25,10,700,4,0.8616888795665485,137024167.43154714,57744500.00000017,30075410.980094206,0.9882293104621087,0.5208359407405747,58.324017943713805,0.9720669657285634,2.2504245978875717
29,150,25,10,700,4,0.9542385862171938,116915219.8742081,43380333.3333342,29416872.234035302,0.9665907934901843,0.6781154033095192,68.35551443685921,0.8700030392510018,2.3667339481158107
30,150,40,4,700,4,0.7184996564655093,157819275.78683192,73254499.99999745,30341173.964621518,0.996961851843492,0.4141885340098229,50.63893469384947,0.8439822448974912,1.893832728570859
31,150,40,4,700,4,0.6868000212553067,149791076.1201696,67107333.33333173,30341173.96462159,0.9969618518434943,0.4521290365378197,53.352978074532246,0.8892163012422041,1.9377195517277666
32,150,40,4,700,4,0.6957934354554997,153603311.286835,70080999.99999821,30306340.63128816,0.9958172849079344,0.43244731997672603,52.02882628666976,0.8671471047778294,1.90889839621471
33,150,40,4,700,4,0.756725253261031,151915306.28683722,68788499.99999863,30306340.63128829,0.9958172849079386,0.4405727793350472,52.60694393039218,0.8767823988398696,1.9859658755689384
34,150,40,4,700,4,0.7305025784763577,156624959.95349905,72394666.6666642,30306340.631288107,0.9958172849079326,0.41862670313590056,51.0250729026377,0.8504178817106284,1.9158218226957064
35,150,40,4,700,4,0.7907879187574545,153888540.17773956,70399999.99999815,30242219.05535081,0.9937103537402688,0.42957697521806254,51.93239204666936,0.8655398674444893,1.999989366376394
36,150,40,4,700,4,0.6912712163944338,146721997.28683865,64811999.99999893,30306340.631288197,0.9958172849079355,0.4676038485355906,54.4689967951853,0.9078166132530883,1.9731709084759945
37,150,40,4,700,4,0.6936474731383462,153464439.95350042,69974666.66666442,30306340.631288253,0.9958172849079374,0.4331044658727334,52.07590763320485,0.8679317938867475,1.9080628397232804
38,150,40,4,700,4,0.760424887524121,157977758.28683624,73430499.99999848,30306340.631288268,0.9958172849079379,0.4127214254470404,50.588133966868234,0.8431355661144706,1.933737593996224
39,150,40,4,700,4,0.7549172846743456,152776809.78683373,69393499.99999781,30341173.964621615,0.9969618518434952,0.4372336597033234,52.3102950712925,0.8718382511882083,1.9765424636252127
40,150,50,2,200,4,0.8115015589726831,121750051.2978156,79599666.6666631,8695324.531229507,1.0000000000000004,0.1092382028136202,20.54865663982588,0.34247761066376464,1.2413697318873438
41,150,50,2,200,4,0.8856556194458403,128870798.63114741,85051999.99999543,8695324.531229507,1.0000000000000002,0.10223539165722116,19.41324199565663,0.32355403326094384,1.290997966032561
42,150,50,2,200,4,0.8435022118446501,110851045.96448365,71254333.33333117,8695324.531229502,0.9999999999999997,0.12203222070091314,22.569024750578983,0.3761504125096497,1.3172784009150305
43,150,50,2,200,4,0.8121118644169938,116159282.96448317,75318833.33333062,8695324.531229498,0.9999999999999994,0.11544688288980152,21.537667383543937,0.35896112305906563,1.2634304937879006
44,150,50,2,200,4,0.8901343157837812,129378397.29781383,85440666.66666207,8695324.531229502,0.9999999999999997,0.10177032636172434,19.337076762831984,0.3222846127138664,1.293835189587027
45,150,50,2,200,4,0.8467756456496377,117452222.96448278,76308833.33333018,8695324.53122949,0.9999999999999986,0.11394912163375384,21.30057598617386,0.35500959976956437,1.2929445427262052
46,150,50,2,200,4,0.7723823527810044,111480755.63115063,71736499.99999776,8695324.531229502,0.9999999999999997,0.12121199851163315,22.44154146458738,0.37402569107645633,1.2433776426667673
47,150,50,2,200,4,0.8266661691952577,117452222.96448229,76308833.33332996,8695324.531229502,0.9999999999999997,0.11394912163375431,21.30057598617395,0.3550095997695658,1.2728350662718269
48,150,50,2,200,4,0.8636185033854754,126574632.96448255,83293833.3333299,8695324.531229515,1.0000000000000013,0.10439337683537846,19.76541382270504,0.32942356371175063,1.2765567685655288
49,150,50,2,200,4,0.9084927896708709,118857696.63114905,77384999.99999684,8695324.531229502,0.9999999999999997,0.11236447026206443,21.048700007739786,0.3508116667956631,1.3491960326761856
50,150,20,10,789,4,0.8892735193673093,126827645.77072266,46918666.66666771,31998389.671735488,0.9328145675234502,0.6819969949075303,70.71817777185643,0.836410049598789,2.2712811648921223
51,150,20,10,789,4,1.0,106678853.92746586,42366500.00000085,25066392.513809595,0.7307335254060041,0.5916559667144817,84.07495646792667,0.669483155180483,2.1428079285520685
52,150,20,10,789,4,0.8906577662094147,104631686.08714902,38010500.00000061,26843731.781591035,0.7825463815349004,0.7062188548319703,85.71992228558366,0.6513778623606243,2.107010712435615
53,150,20,10,789,4,1.0,92207585.99490325,34706833.33333369,22885941.920401156,0.6671691992582681,0.6594073766568808,97.26987105481494,0.5373183564518995,2.064844257777404
54,150,20,10,789,4,0.956286258570445,113605639.70227817,41649666.66666762,28903859.62369029,0.8426030681927388,0.6939757730839694,78.94872141475334,0.7291965090351146,2.240663386072735
55,150,20,10,789,4,0.8912284013760736,120061331.42458373,43638833.33333408,30786651.256506342,0.8974900634671739,0.7054874959956724,74.70365265467566,0.7826568905357001,2.2382752887083117
56,150,20,10,789,4,0.934583990049718,85539359.21233113,31047500.000000186,21963961.710914347,0.640291703884265,0.7074309271572339,104.85255071570667,0.4735288154482144,1.9740575472237196
57,150,20,10,789,4,0.745054755553928,116519176.45878619,42839500.00000101,29567409.854619935,0.8619468329272956,0.6901903583052844,76.97462574473668,0.7535872843439653,2.0507943265421207
58,150,20,10,789,4,0.955365539552036,121486317.44964884,45508833.33333443,30290197.38879693,0.8830174789198408,0.6655894069384961,73.8274086192241,0.7941707342410983,2.282007799343931
59,150,20,10,789,4,1.0,108148864.65420388,39884166.666667424,27366020.654401015,0.7977721061420014,0.6861374560765675,82.93216973361322,0.6823566375267166,2.231266602387971
60,150,39,10,492,4,0.7019995658825051,141615453.4459677,74889833.33333081,21390498.346824463,0.9999999999999932,0.2856261977726196,40.30605319622006,0.6717675532703343,1.602268077370935
61,150,39,10,492,4,0.7325982932642316,133683027.11263478,68815999.99999805,21390498.346824426,0.9999999999999915,0.3108361187343791,42.69771655597499,0.7116286092662498,1.6928957975179848
62,150,39,10,492,4,0.9366878052146426,121919667.445975,59808833.33333318,21390498.34682442,0.9999999999999911,0.3576478114463216,46.81738491887955,0.7802897486479925,2.0030958030196926
63,150,39,10,492,4,0.7656711537963088,132236849.77930276,67708666.6666651,21390498.34682441,0.9999999999999908,0.3159196510563626,43.16467013186055,0.7194111688643424,1.7378180435057415
64,150,39,10,492,4,0.6857738310578985,135632014.4459679,70308333.33333117,21390498.346824434,0.9999999999999918,0.30423844987780146,42.08416444536327,0.7014027407560545,1.6305673317161942
65,150,39,10,492,4,0.8244080977445709,132983881.77930194,68280666.66666481,21390498.34682438,0.9999999999999893,0.31327313266065987,42.92219420600795,0.7153699034334658,1.7903965073065646
66,150,39,10,492,4,0.9491058414025814,114288927.11264357,53966000.000000164,21390498.346824456,0.9999999999999928,0.396369905993114,49.94324598370072,0.8323874330616786,2.0985891992587513
67,150,39,10,492,4,0.7044884184999888,136254541.11263365,70784999.99999757,21390498.346824445,0.9999999999999923,0.30218970610758183,41.89188817774201,0.6981981362957002,1.6444383196817545
68,150,39,10,492,4,0.8306543665201903,133630351.77930483,68775666.66666575,21390498.346824463,0.9999999999999932,0.31101840786942203,42.71454743625082,0.7119091239375136,1.7913782167532415
69,150,39,10,492,4,0.7534491329959134,137047065.44596714,71391833.33333096,21390498.34682443,0.9999999999999917,0.2996210819653762,41.64963314920777,0.6941605524867962,1.6873065510550105
70,150,25,10,630,4,0.506292168181482,121602595.22147742,50149000.00000073,27390272.273372773,0.9999999999999932,0.546177835517605,59.40004805690397,0.9900008009483995,1.9332352375439656
71,150,25,10,630,4,0.9303312255125586,118105779.51382427,47600666.66666768,27307943.14974156,0.9969942203272133,0.5736882498089868,61.15873439668992,0.9808730466773352,2.3701548720370833
72,150,25,10,630,4,0.8549542493351281,118916153.22147726,48092000.000000715,27390272.273372818,0.999999999999995,0.5695390558382353,60.741958130339434,0.9877101755640628,2.298295669569779
73,150,25,10,630,4,0.9450660796902013,118717423.55481055,47939833.33333405,27390272.273372736,0.999999999999992,0.5713468397548106,60.84363847961312,0.9860377478124258,2.3881812993064755
74,150,25,10,630,4,0.8846196748081687,123405528.22147672,51529500.00000049,27390272.273372825,0.9999999999999951,0.5315454695538006,58.532223832278206,0.9755370638713035,2.2853931143225124
75,150,25,10,630,4,0.6110749408756944,113318735.73982453,45296166.66666778,26440511.830073297,0.9653248995183245,0.5837251532706442,63.742327805211225,0.939533193160591,2.0175882566528007
76,150,25,10,630,4,0.8897886390706489,98107454.32668279,36609833.33333386,24553283.875067867,0.8964235050316377,0.6706745603431005,73.62539421263394,0.7968491395081233,2.2231774268532525
77,150,25,10,630,4,0.8949907926676004,126204503.88814232,53672666.66666697,27390272.273372866,0.9999999999999967,0.5103206897372848,57.2340905234418,0.95390150872403,2.2571488531814583
78,150,25,10,630,4,0.8610271027991053,131120404.18504262,57762833.33333372,27182435.58729822,0.9924120255541677,0.47058695044330173,55.08829876550958,0.918138312758493,2.15563497591224
79,150,25,10,630,4,0.9301161583861358,119074179.22147785,48213000.00000087,27390272.273372844,0.9999999999999959,0.5681096856319323,60.66134612244402,0.9890380890869575,2.3736419959786392
80,150,31,10,490,4,0.7180156622901132,115308465.57966481,54880833.33333345,21303545.10151213,0.9999999999999923,0.3881782365096269,49.31121033842595,0.8218535056404325,1.850411757138247
81,150,31,10,490,4,0.629221922108093,120904022.57966182,59165333.333332725,21303545.101512186,0.999999999999995,0.36006803141781907,47.02903905660857,0.7838173176101428,1.701093664852491
82,150,31,10,490,4,0.9354572950538497,109242058.58828092,50255333.33333402,21291098.05837567,0.9994157290217515,0.4236584785371114,52.04955008610551,0.8674925014350918,2.1418765793186303
83,150,31,10,490,4,0.9315224152123855,112033073.60080463,52402166.66666703,21284875.842266154,0.9991236548115734,0.4061831255501395,50.75286982003467,0.8458811636672444,2.102350079319742
84,150,31,10,490,4,0.8837250138748932,126128457.91299431,63165666.666665845,21303545.10151213,0.9999999999999923,0.33726462848771865,45.08102369666888,0.7513503949444813,1.9048871116095494
85,150,31,10,490,4,0.7071723017351719,124438058.57966202,61871333.33333276,21303545.101512138,0.9999999999999927,0.34432012296775566,45.693416185531134,0.7615569364255189,1.7441853365348954
86,150,31,10,490,4,0.9201989823058233,111891751.91299875,52264666.66666693,21303545.101512127,0.9999999999999922,0.4076089346820418,50.81697178556235,0.8469495297593725,2.093235659810829
87,150,31,10,490,4,0.8374325759759844,114516805.37748702,54277666.666666806,21301629.759632584,0.9999100928098783,0.3924566229136452,49.65210111526405,0.8275350185877343,1.978932892894635
88,150,31,10,490,4,0.9882124448330453,112170328.2549482,52497500.000000864,21291098.058375627,0.9994157290217494,0.40556403749464787,50.69076723281473,0.8448461205469121,2.1575097953756757
89,150,31,10,490,4,0.9290907912641075,119421930.24633028,58030499.99999981,21303545.10151219,0.9999999999999952,0.36710945281381796,47.61269549295972,0.793544924882662,2.0163232783978238
90,150,20,10,817,4,0.8993303040472544,123845436.94619136,46442000.00000121,30846763.43558827,0.8684238583727748,0.6641997208472389,74.90352675674646,0.7800540142852592,2.2107440950103046
91,150,20,10,817,4,0.9935591603053435,104472959.58926196,41787166.66666749,24359079.187860105,0.6857771506207295,0.582932060988253,88.79292820334211,0.6188563279430046,2.0787611370389505
92,150,20,10,817,4,0.9440148215354769,97340912.92538856,35662000.00000041,24782417.891029846,0.6976953355146768,0.6949250712531423,95.29867474234982,0.5552641982026346,2.055219076740625
93,150,20,10,817,4,0.9859273714007541,97608633.41951248,35453000.00000034,25046290.26493142,0.7051240910643503,0.7064646225969926,95.0372899918665,0.5576884347541821,2.1087875042325304
94,150,20,10,817,4,0.9513261051456949,119330535.71288466,43330833.333334364,30626305.862801917,0.8622173525795044,0.7068016815462705,77.73752078277461,0.7440661428804182,2.2608335932631296
95,150,20,10,817,4,0.9429114902958651,91813039.55673756,33054999.99999994,23746238.599351436,0.6685239503116777,0.7183856783951439,101.0364110020281,0.5046247559845514,2.022244788996532
96,150,20,10,817,4,0.9694512252147764,91718218.42059068,33121000.000000283,23657894.462626986,0.6660368123583212,0.7142868410563323,101.14086557439542,0.5037470141892307,2.0446277122490732
97,150,20,10,817,4,0.9280835484991222,125715441.91451268,46817833.333334535,31519855.98560704,0.8873733222460216,0.6732446536171665,73.78934408318791,0.7946747231005857,2.261353994493441
98,150,20,10,817,4,0.9334657002682287,130678734.59995209,48647500.000000775,32775955.555530854,0.9227360868774358,0.6737438831498089,70.986760228419,0.8326743326401891,2.305135139428265
99,150,20,10,817,4,1.0,114062044.19129452,41882500.00000083,28978200.353648048,0.8158185092047867,0.6918928037640416,81.32819349127534,0.7008440451494174,2.2543582881606508
100,150,20,10,770,4,0.782781321264683,113624212.57598272,42709333.333334215,28237509.309897196,0.843489852072677,0.6611554689817201,77.09976422623612,0.7520172094123759,2.063722905862435
101,150,20,10,770,4,0.9927103958262412,125488344.75006208,48018666.666667216,30643630.754869208,0.9153637202462057,0.638160800415162,69.81046739797455,0.8491598840489876,2.3523989202073583
102,150,20,10,770,4,0.912679890543102,105804288.43198058,38698000.000000715,26977810.524798095,0.8058610679530043,0.6971370749082019,82.79815619791141,0.6838824246201665,2.15427197508983
103,150,20,10,770,4,0.9856909267828818,95759485.94559622,35673000.00000033,24003602.381126594,0.7170177369209885,0.6728787144654605,91.48336494806416,0.5917193963415872,2.1157132946968376
104,150,20,10,770,4,0.9090834502481884,131760352.23952946,48994000.00000071,33082977.829604927,0.9882300796917811,0.675245495971026,66.4873753834106,0.8975172640837084,2.3467971111087174
105,150,20,10,770,4,0.9675858310603138,110510841.7228164,38868500.00000054,29166136.679428045,0.8712291173867632,0.7503797851583581,79.27186023949452,0.7252798702701615,2.293169529457162
106,150,20,10,770,4,0.9418042235049292,90150857.32417981,32162166.666666955,23504100.044336256,0.7020969750526049,0.7307996469247836,97.17489395023567,0.5381695790251675,2.0646135200699236
107,150,20,10,770,4,0.8879510949723793,120508613.4040629,45134833.333334245,30051417.47391886,0.8976735660877013,0.6658143002762446,72.69521864488274,0.8092988872664914,2.2299014224598666
108,150,20,10,770,4,0.8879394983112193,130015849.58523971,49166333.33333424,32121743.086987212,0.9595167912087366,0.6533280175523892,67.37947740945685,0.88427136439149,2.2948732767446205
109,150,20,10,770,4,0.9607378662655748,106961732.64442886,39722833.333334066,26889480.5487682,0.803222540680738,0.6769275575869724,81.90218859974954,0.6941713293628664,2.1964512416980195
110,150,27,10,696,4,0.6359594015315105,127980863.49022451,52877000.00000036,28764715.22216832,0.9505939353159636,0.5439929500949018,62.10209701083224,0.9655716687636844,2.036725430371116
111,150,27,10,696,4,0.7666177310575738,118472487.26250769,47061666.66666755,27830820.20294669,0.9197312991091676,0.5913692007567269,67.08629305966483,0.8886028472145457,2.1283159388775013
112,150,27,10,696,4,0.9303401287485868,109579963.90688238,42931166.666667484,26123601.874188516,0.8633124756637311,0.6084996962002279,72.5304126469129,0.8115248982127643,2.228664783921533
113,150,27,10,696,4,0.8855907677967574,132237464.54139474,53973333.333333306,30143333.922918912,0.9961534538415184,0.558485682860405,60.10308824026226,0.9982833378152919,2.3306626519003735
114,150,27,10,696,4,0.8980642528160754,127992311.54139759,50722833.33333421,30143333.92291889,0.9961534538415178,0.5942754365637771,62.0965423960591,0.9656610625457848,2.339145664612882
115,150,27,10,696,4,0.8338913056641399,119518275.60556075,47399000.00000099,28126198.92901739,0.9294927455012311,0.5933922430645542,66.49928606926967,0.897339114330248,2.2059442144460313
116,150,27,10,696,4,0.9315024713618559,109816203.18576257,40940166.666667484,27507928.511026323,0.9090606256214336,0.6719056308440148,72.37438346466548,0.8136380040107091,2.2826649800477767
117,150,27,10,696,4,0.9501142626352815,116493355.05827105,45265000.000001274,28010085.43595238,0.9256555170961019,0.6188022851198849,68.2260374080942,0.871882489877994,2.3170385806091836
118,150,27,10,696,4,0.9060966631293386,145087851.54139352,63812833.33333314,30143333.922918983,0.9961534538415208,0.47237103178700846,54.77977594652349,0.9129962657753915,2.196989754334337
119,150,27,10,696,4,0.9700091464872305,119621360.66062069,45897500.00000144,29133541.073994845,0.962782605192446,0.6347522430196401,66.44197956039835,0.898196579950006,2.3760075208529488
120,150,25,10,732,4,0.9987672485663648,131510238.31594971,52884333.33333351,30482169.667780396,0.9578091798588517,0.5763931914514121,63.44114425491184,0.9442612490504327,2.404143050777927
121,150,25,10,732,4,0.981956974323386,98819275.84145054,39842000.000000596,22840551.736512914,0.7176946511585409,0.5732782424705731,84.42846731022486,0.6655502599985079,2.1061298282983527
122,150,25,10,732,4,0.9764660643609064,110044724.48786199,40769666.66666742,27727772.81008269,0.8712606623474557,0.6801079105400791,75.81608331365541,0.7682797237147012,2.288832116507671
123,150,25,10,732,4,0.951828806973931,120978954.07559374,43715833.33333435,31186306.69054369,0.9799345374574624,0.7133869884796042,68.96373062364859,0.8612284227368299,2.3837668204944444
124,150,25,10,732,4,0.9582932561359374,111930016.63340025,44346500.00000133,26368059.68768254,0.8285358259987496,0.5945916743752437,74.5390758524231,0.7848066236279332,2.2187732192640657
125,150,25,10,732,4,0.5480623858559162,128008123.23136576,49157166.666667275,31148623.831802655,0.97875046859298,0.6336537669679009,65.17680120128252,0.9173373224353913,1.972322721865628
126,150,25,10,732,4,0.8531962904475316,98145865.46725857,34624333.33333378,25837556.271639735,0.811866374730346,0.7462253792122899,85.00775820030111,0.6591553936969826,2.1093319875143464
127,150,25,10,732,4,0.8957630545886474,139743156.91709876,57418166.66666669,31610394.29824237,0.9932601966262559,0.5505294949898383,59.70353170817156,0.9950588618028593,2.3312455123833775
128,150,25,10,732,4,0.8174540976983081,132475287.35528857,52059333.33333387,31478996.919775493,0.9891314349050064,0.604675375272609,62.97899152786349,0.9515625474316766,2.252756945348072
129,150,25,10,732,4,0.9626807324320188,116040239.7315091,42973333.33333435,29249259.670492396,0.9190687448369182,0.6806374419133968,71.89885180609922,0.8201121360702028,2.327302822032939
130,150,30,7,805,4,0.7315903049929507,151173349.6882007,61449666.666666016,34620100.05931497,0.9891829873158009,0.5633895501355908,60.491482254386774,0.9918420869546409,2.1741440320560645
131,150,30,7,805,4,0.6183282029945469,153876552.02153268,63519499.99999912,34620100.05931499,0.9891829873158013,0.5450310543898405,59.428807572451575,0.9904801262075262,2.0448331727139455
132,150,30,7,805,4,0.6823113341373074,142132803.52153733,54582000.00000024,34585266.725981705,0.9881877117196664,0.6336386853904502,64.33912350581551,0.9302343595205358,2.1194566419702037
133,150,30,7,805,4,0.9214340108903887,135117982.68102267,49344166.66666732,34500244.51652234,0.9857584142018339,0.6991757455259192,67.67937041798636,0.8798626115241174,2.3606372188352416
134,150,30,7,805,4,0.600133292154466,154027851.5215325,63689999.999998964,34585266.72598177,0.9881877117196682,0.5430250702776312,59.37043144902665,0.9895071908171108,2.0240605391936817
135,150,30,7,805,4,0.6389540446036007,140170077.12095028,53665333.33333364,34211640.69673783,0.9775122800740854,0.6374998266429782,65.2400297397939,0.916371133310532,2.065325039228515
136,150,30,7,805,4,0.9185971396457959,129028390.7441791,46000166.6666679,33659674.51318143,0.9617412234505586,0.7317294034408687,70.87354920306598,0.8342469477347366,2.3382276101332278
137,150,30,7,805,4,0.570477952059406,143557431.8548689,55672833.33333306,34585266.72598192,0.9881877117196725,0.6212233984735,63.70063800838221,0.9401862358100621,2.007642906648268
138,150,30,7,805,4,0.6630037788794729,153534579.4460743,63332499.999999404,34572393.58032042,0.9878198936989339,0.5458870813613981,59.56117529349066,0.9926862548915111,2.0923996988601026
139,150,30,7,805,4,0.63809478199492,144843682.94607684,56606000.000000104,34618226.913653746,0.9891294668517445,0.6115646205994715,63.13495910901711,0.9490922111119029,2.0764386895864
140,150,20,10,806,4,0.8535836711810838,116675442.05702499,44377666.666667774,28663271.2170266,0.8179653584931175,0.6458940582055361,78.4713547134038,0.7350212181975,2.1053201359430127
141,150,20,10,806,4,1.0,103784056.74443766,40898000.00000069,24589605.699252427,0.7017149399558275,0.6012422538816571,88.21855964394744,0.6248089678547069,2.1058027709600324
142,150,20,10,806,4,0.9685339410157547,96267118.30220735,35728000.00000043,24216292.647896,0.6910616847299713,0.6777959205076048,95.10703302926296,0.5570405632754915,2.06781124069733
143,150,20,10,806,4,0.9856909267828818,97805675.51092446,35110166.666666985,25360971.780180443,0.7237274565363118,0.7223255879402513,93.61092750673095,0.5711050418067823,2.134656438941865
144,150,20,10,806,4,0.8628893804694034,127491283.78247164,46487833.33333449,32596879.8352699,0.9302189655301852,0.7011916344119232,71.81416429707946,0.8212705076065694,2.2451131956055113
145,150,20,10,806,4,0.8811801221934346,105634940.02149916,36696000.00000031,28171204.17512517,0.8039232140608219,0.7676914152802738,86.67283758703897,0.6411144472689718,2.1364477016866257
146,150,20,10,806,4,0.8491367636434753,107075941.39578135,38177333.333333984,27930296.435226522,0.7970484165424944,0.7315936970076323,85.5064161066598,0.6536998779231422,2.0881115991727235
147,150,20,10,806,4,0.9037937329753987,127426610.10731909,48660333.333334126,31180599.36911486,0.8898024914140994,0.6407806365714926,71.85061261763974,0.8207717602639661,2.237190002496559
148,150,20,10,806,4,0.9267132592740867,124351986.29304615,46313666.66666775,31175778.89688084,0.8896649293309319,0.673144260446091,73.62713112136265,0.7968260722715743,2.262054739902534
149,150,20,10,806,4,0.9564363489999343,100019018.70628875,35491500.000000454,26198122.518116184,0.7476172735178997,0.73815202282563,91.53939039220279,0.5911671318558152,2.1381250991162535
150,150,33,10,547,4,0.6279184841716635,119806271.81632648,54998166.66666657,23424239.214085113,0.9849685602989695,0.4259094554197592,52.68388627998236,0.8780647713330393,1.8467108198405102
151,150,33,10,547,4,0.834295175736384,119161993.10287791,53944000.00000008,23781712.592912465,0.9999999999999895,0.4408592724475832,52.96873470847947,0.8828122451413244,2.069794838835775
152,150,33,10,547,4,0.6824793719886691,121711958.10287803,55896500.00000021,23781712.592912517,0.9999999999999916,0.4254597800025481,51.8589964238752,0.8643166070645866,1.8871638030552944
153,150,33,10,547,4,0.9772027474374099,121015207.10287651,55362999.999999695,23781712.592912488,0.9999999999999903,0.4295596805251272,52.15757714345942,0.8692929523909904,2.190143444248502
154,150,33,10,547,4,0.683198333934745,133822496.1028725,65169499.99999881,23781712.592912424,0.9999999999999877,0.3649209000055679,47.16591144098766,0.786098524016461,1.7612335779556605
155,150,33,10,547,4,0.7014000687140155,125808662.43620826,59033333.33333274,23781712.592912488,0.9999999999999903,0.4028522743011755,50.17031321830046,0.8361718869716743,1.8598537751266302
156,150,33,10,547,4,0.98436066578153,105656442.6185616,44955166.66666782,22919763.27569065,0.9637557928658619,0.509836020532087,59.73947109677853,0.9956578516129755,2.387887333820175
157,150,33,10,547,4,0.9328973836623328,121470130.43621044,55711333.33333323,23781712.59291253,0.999999999999992,0.4268738723344006,51.96223941913562,0.8660373236522604,2.1404338051821137
158,150,33,10,547,4,0.9333555210994662,125965663.4183335,59436666.66666662,23601257.56547942,0.9924120255541615,0.3970824558153683,50.10778198371596,0.8351296997285993,2.08615118548036
159,150,33,10,547,4,0.9372197334240769,121747873.1028772,55923999.999999896,23781712.592912517,0.9999999999999916,0.42525056492583796,51.843698285114726,0.8640616380852454,2.141481823449993
160,150,20,10,878,4,0.8596222935354586,117221861.89985538,43781833.3333343,29309722.25468624,0.767823477285687,0.669449404540367,84.8497015727087,0.6608940807597581,2.05607589792751
161,150,20,10,878,4,0.8606201247349512,120801445.23318966,45895666.6666679,29709388.921352904,0.7782934997269987,0.647324487889607,82.33543879214547,0.6891768853956176,2.0676566004422545
162,150,20,10,878,4,0.8633152431686498,106473254.76321095,38676000.00000058,27318317.27503276,0.7156548663764828,0.7063377100794381,93.4153841931454,0.5729693409549337,2.001354752187134
163,150,20,10,878,4,1.0,79198178.66360515,28990499.99999985,20180292.33623181,0.5286608347770944,0.6961001823435924,125.58672646055066,0.335171778252606,1.89205192412748
164,150,20,10,878,4,0.9312412870507529,116971034.23623033,40976833.33333425,30975169.954234943,0.8114530222125577,0.7559190751091288,85.03164962971043,0.658892976537154,2.19486952367521
165,150,20,10,878,4,0.876996586238281,106125856.89584714,38036166.66666703,27556591.782583017,0.7218969166881852,0.7244839371979148,93.72117494194961,0.570056624211356,2.026640360207969
166,150,20,10,878,4,0.8991407380049864,87465402.60430065,30600166.666666843,23189076.754985955,0.6074816197281162,0.7578088383500903,113.71627756631337,0.40849676138815066,1.9138845700732094
167,150,20,10,878,4,0.9111126505415358,107814862.02411439,40131666.66666749,27045260.464020494,0.7085016279968712,0.6739132139379527,92.25295857425832,0.5841781393281075,2.0344213610200055
168,150,20,10,878,4,0.9191615816995516,121823360.0742152,45591333.33333454,30402104.477408864,0.7964404907629077,0.6668395559991238,81.64476824429006,0.69715595782493,2.149789184323781
169,150,20,10,878,4,0.9690824528579656,133151340.77426289,46559333.33333427,35313657.77172299,0.9251078966340526,0.7584657090963991,74.69875963819457,0.7827207190226873,2.3585757391577724
170,150,25,10,731,4,0.9987672485663648,131451290.83555453,52884333.33333351,30453400.765684128,0.9582142407331967,0.5758491947650034,63.38606450372215,0.9451284749553522,2.40457507933372
171,150,25,10,731,4,0.980925944284723,100174050.81070203,40811833.333333984,22883583.76965975,0.7200304496635231,0.5607095271304332,83.17702970547975,0.6795776148609671,2.109071180850037
172,150,25,10,731,4,0.9904873025986585,114056906.89415574,42951333.33333399,28295330.516098853,0.8903107030768892,0.658776534281398,73.05283149342479,0.8044896389052827,2.32199816892906
173,150,25,10,731,4,0.9382293066538882,116356007.12826349,42445333.333334245,29739906.52103164,0.9357641915197248,0.7006637523017293,71.6093668530163,0.824078532196512,2.3228388406917837
174,150,25,10,731,4,0.9582932561359374,111901557.66646026,44346500.00000133,26354170.489566397,0.8292322312412777,0.5942784772093762,74.4599107801103,0.785842794934268,2.2195588328377065
175,150,25,10,731,4,0.5480623858559162,127949619.54935569,49157166.666667275,31120071.522378493,0.9791909919952348,0.6330729298009061,65.12078761426812,0.9181941115372853,1.9727148412339264
176,150,25,10,731,4,0.8531962904475316,98124192.65605564,34624333.33333379,25826979.00897357,0.8126441861758312,0.7459198928202677,84.91463495863766,0.6601792328019447,2.1101114375056906
177,150,25,10,731,4,0.8957630545886474,139659656.7307365,57418166.66666666,31569642.62115003,0.9933367168809224,0.5498197600843526,59.66060775922158,0.994343462653693,2.3299623253098223
178,150,25,10,731,4,0.8174540976983081,132392929.88030404,52059333.33333385,31438802.93491238,0.9892198548079268,0.6039032949886425,62.93523383411103,0.9522567702564353,2.2528335039456575
179,150,25,10,731,4,0.9334090672482206,120203500.10569662,45497833.33333459,29672033.401183695,0.9336285682932187,0.6521636576360679,69.31728271367638,0.8561685267035998,2.3113085200606744
180,150,30,5,900,4,0.721980976589026,151187216.30871627,56840666.666666664,37564570.83555393,0.9600196494012305,0.6608749164721373,67.38532693926352,0.8841851590653437,2.1348660688320793
181,150,30,5,900,4,0.6628803502905065,146230826.39966646,55056833.33333374,36282626.6795178,0.9272576198650126,0.6590031515225333,69.66930469335867,0.8511600644817535,2.0412429359902866
182,150,30,5,900,4,0.64775844788319,140319982.84058133,50037166.666667454,36597336.834510975,0.9353005157623778,0.7314030604152992,72.60405676912349,0.8105294419372516,2.043410338152681
183,150,30,5,900,4,0.6112670176287632,155517389.56052318,59194666.6666661,38177479.20637338,0.9756834535172157,0.6449479548783744,65.5090728360971,0.9122712767132171,2.03949665824468
184,150,30,5,900,4,0.6256716126638112,159374489.22593796,61709999.99999902,38456676.049752176,0.9828187528094082,0.6231838607965124,63.9236558465591,0.9366980841298586,2.0609167854308796
185,150,30,5,900,4,0.6301060831860331,158449728.77481946,61480833.33333298,38151420.4204429,0.9750174816725669,0.6205416932720461,64.29673359983073,0.9308918008512226,2.0574312386548925
186,150,30,5,900,4,0.5527544490782388,145384083.28586444,52105166.66666691,37750725.04597281,0.9647771029231472,0.7245102062042338,70.075071285266,0.8454232793352344,1.9777858933768604
187,150,30,5,900,4,0.6161317761321708,151972083.2459773,56358499.99999968,38254944.97119543,0.9776632087687965,0.6787786220569328,67.03731226418961,0.8893285512925706,2.048483225070288
188,150,30,5,900,4,0.6584159393202972,157357178.15710264,60219499.99999951,38422162.5949755,0.981936709064003,0.6380352310294143,64.74315388287326,0.9239913538267831,2.0928354779706115
189,150,30,5,900,4,0.6395893394533884,156317496.65710253,59328499.99999946,38482662.59497568,0.9834828784330932,0.6486370394494387,65.17376632730961,0.9173837236616343,2.075882694674574
190,150,39,6,228,4,0.7046038472498459,107016408.42617998,66405166.66666539,9912669.965601653,1.0000000000000013,0.1492755829581811,26.25055392265212,0.437509232044202,1.2615335456605927
191,150,39,6,228,4,0.746044344579188,114443630.42617826,72092166.66666436,9912669.965601655,1.0000000000000016,0.13749995906539045,24.54693187850325,0.4091155313083875,1.2651598431398878
192,150,39,6,228,4,0.7060691893873637,102256473.75951391,62760499.99999906,9912669.965601655,1.0000000000000013,0.15794440716058353,27.47249046164795,0.45787484102746584,1.2902995561432964
193,150,39,6,228,4,0.7439840679635124,109008493.75951335,67930499.99999851,9912669.965601647,1.0000000000000007,0.1459237009237657,25.770835859795863,0.42951393099659774,1.2902369596991226
194,150,39,6,228,4,0.6894136809982211,117022327.42617846,74066666.66666406,9912669.965601636,0.9999999999999997,0.13383442797842462,24.00601715747075,0.40010028595784586,1.1965815093388068
195,150,39,6,228,4,0.7798495059350026,107696399.09284754,66925833.33333229,9912669.965601651,1.000000000000001,0.14811425531648426,26.084808996985032,0.4347468166164172,1.333087726804607
196,150,39,6,228,4,0.6595981324499767,107914283.42618011,67092666.66666511,9912669.96560166,1.000000000000002,0.1477459528453466,26.032142463529304,0.43386904105882174,1.2116639357850758
197,150,39,6,228,4,0.7035462643554368,114106029.4261784,71833666.66666433,9912669.965601658,1.0000000000000018,0.13799476520668555,24.619557915801945,0.41032596526336573,1.224268041784151
198,150,39,6,228,4,0.7139845526813657,112293519.0928474,70445833.33333217,9912669.96560165,1.0000000000000009,0.14071336084133407,25.016937955940648,0.41694896593234415,1.2435042072867772
199,150,39,6,228,4,0.7956951778846035,106389093.09284678,65924833.33333199,9912669.96560164,1.0,0.15036321617198137,26.405338351257015,0.44008897252095025,1.356074723343139
200,150,32,10,633,4,0.605990119499144,132278044.02510943,58389833.333333135,27349026.36657391,0.9937619405970892,0.4683867859400296,54.855210881577726,0.9142535146929621,1.89495306294413
201,150,32,10,633,4,0.8914629355215726,127288050.0209417,54299666.66666662,27520702.14134134,0.9999999999999974,0.5068300383920349,57.00566548710742,0.9500944247851237,2.2470213910203243
202,150,32,10,633,4,0.8666355022300153,131485316.35427503,57513500.00000002,27520702.141341273,0.999999999999995,0.47850856131762565,55.18593407380183,0.9197655678966972,2.169207919180813
203,150,32,10,633,4,0.9241118484318146,126691861.02094217,53843166.66666673,27520702.14134123,0.9999999999999934,0.5111271094383601,57.27392384583063,0.9545653974305105,2.287578933413013
204,150,32,10,633,4,0.6467208046768711,140401813.6876045,64340833.333332375,27520702.141341176,0.9999999999999915,0.42773306958528023,51.68124121348595,0.8613540202247658,1.850261280569861
205,150,32,10,633,4,0.635607038517689,132337699.0209404,58166166.66666637,27520702.141341217,0.9999999999999929,0.47313934746730807,54.83048332925774,0.9138413888209623,1.9279599053124978
206,150,32,10,633,4,0.9420335984707551,115488671.24226327,45666500.00000107,27264741.618151583,0.9906993461912685,0.5970403166030009,62.82988558053999,0.9539302154091849,2.3735960671623406
207,150,32,10,633,4,0.8907931039145752,128303247.3542749,55076999.99999997,27520702.141341288,0.9999999999999956,0.49967685497287984,56.55460909702559,0.9425768182837598,2.233111406176639
208,150,32,10,633,4,0.9553891788471597,134947522.35427326,60164499.99999954,27520702.141341206,0.9999999999999926,0.45742426416477183,53.77008687088523,0.8961681145147539,2.217496704693731
209,150,32,10,633,4,0.9129009160355431,128928168.35427506,55555500.00000002,27520702.141341202,0.9999999999999923,0.49537313391727533,56.28048620113199,0.9380081033521999,2.2472075265215636
210,150,33,10,790,4,0.618711512930389,157588796.5594339,67321833.33333252,34008824.90293015,0.990167653711711,0.5051678366294821,56.98374628181917,0.9497291046969862,1.972574886930961
211,150,33,10,790,4,0.6610624443316203,149007505.89276853,60751166.66666611,34008824.9029302,0.9901676537117126,0.5598052970658536,60.26542049809457,0.9955860950700689,2.104492777054372
212,150,33,10,790,4,0.9459905446914044,131827933.0005976,49787833.33333424,32612309.74488093,0.9495080854565522,0.6550256872304212,68.11909885562184,0.8734378397133226,2.343448934189064
213,150,33,10,790,4,0.9061552921416298,134073031.44599423,51074833.333333835,32887700.884655446,0.9575261042943638,0.6439120548865578,66.97842141070123,0.8902018684326779,2.311486804483554
214,150,33,10,790,4,0.6154032664981662,155293087.39276627,65618666.66666551,33973991.56959689,0.9891534804776756,0.5177488860323916,57.82614120670962,0.9637690201118271,1.9933713954359065
215,150,33,10,790,4,0.7409702520884504,154631868.8601214,65213499.9999992,33909535.31484848,0.9872768352623986,0.51997723346928,58.073410521366895,0.9678901753561149,2.1248422142199894
216,150,33,10,790,4,0.9267927220995624,134503903.44280222,49701666.66666733,33973219.510070205,0.9891310019482867,0.6835428626149979,66.7638616437533,0.8933909254858835,2.3670179376774443
217,150,33,10,790,4,0.9204329475962499,141728436.9460351,56877333.33333282,32925446.370279975,0.9586250649037269,0.5788851980334334,63.36060845304637,0.9455295473362196,2.3290706533592163
218,150,33,10,790,4,0.9276580409192738,148524542.36012456,60505500.0,33929701.981515124,0.9878639881873671,0.5607705412155114,60.46138811339589,0.9923396889951839,2.3686141628868667
219,150,33,10,790,4,0.8789979146717553,141276203.55943793,54831333.33333346,34008824.902930215,0.9901676537117129,0.6202443536468831,63.563429464764184,0.9423387224374082,2.3175321200266703
220,150,25,10,664,4,0.6448707830084579,129803787.20580105,54329000.00000017,28728540.689344425,0.9951526105036007,0.5287883209583156,58.52309985344175,0.9753849975573625,2.043286437332473
221,150,25,10,664,4,0.9644056190898816,104823953.14962618,43633333.33333435,23354556.604663547,0.8089985573442434,0.5352457587012147,72.46931423351964,0.8123517005057195,2.204953926556573
222,150,25,10,664,4,0.8830257893467671,118297168.51319543,46528166.6666676,28084943.637477733,0.9728584991109147,0.6036116539618045,64.2155691085087,0.9321519089508722,2.298067021467083
223,150,25,10,664,4,0.9289304771140745,121009424.14751503,47793166.66666727,28602349.998785947,0.990781382723935,0.5984610770462776,62.77626766275292,0.9547830589476258,2.3624823976987224
224,150,25,10,664,4,0.8183530127056505,125139069.57780752,50583500.00000055,28839280.255964734,0.9989886135223379,0.5701321627796498,60.70462267003451,0.9883249770609079,2.2627837199902787
225,150,25,10,664,4,0.6362111058284438,119203499.75830892,46922333.33333438,28276036.64794449,0.9794779341275188,0.602613609324853,63.7273235718945,0.9397681721273433,2.0580701654156695
226,150,25,10,664,4,0.9244758817683832,91931621.61199246,35812333.333334,22047526.08361305,0.763723203851829,0.6156405917033976,82.63228546170924,0.6857756416794392,2.1027639968105403
227,150,25,10,664,4,0.9417368076812325,117138098.11881039,46051500.00000124,27823087.25498905,0.9637878308361667,0.6041733115096859,64.85097608717388,0.9223323984663538,2.347407855355335
228,150,25,10,664,4,0.8794313843346053,123623930.88968012,49624666.66666751,28710972.615752563,0.9945440549042923,0.5785625283612734,61.448620387091594,0.976145453821486,2.31842686084511
229,150,25,10,664,4,0.9962768820761635,114006397.08435206,43847833.333334476,27699264.723124024,0.9594986357407002,0.631713419282366,66.63240128866997,0.8953504962223895,2.396998113724446
230,150,29,6,819,4,0.690479922860812,145291407.29727358,56050500.00000005,35190623.5386075,0.9882965070277481,0.6278378165869613,63.99841651320069,0.9355316747401059,2.128281850870487
231,150,29,6,819,4,0.6009090849276884,152618544.66015846,61841999.9999991,35075171.29990018,0.9850541363968953,0.5671739481242634,60.9258856497757,0.9846870268915267,2.0393352703186256
232,150,29,6,819,4,0.6340391147816821,139770531.130609,51877833.3333341,35155790.20527413,0.9873182446896642,0.677664966834395,66.52632657817593,0.8969347970064266,2.073105885255625
233,150,29,6,819,4,0.6485834904061375,140435142.30028093,52638666.66666722,34995205.93799233,0.9828083822752032,0.6648193838114939,66.21148985713243,0.901653633545602,2.0820926310009344
234,150,29,6,819,4,0.5988527811284186,148925606.9495853,59031499.99999978,35064227.07804763,0.9847467779263315,0.5939918023097459,62.43667687819279,0.9602023060018859,2.034248528978101
235,150,29,6,819,4,0.6931249533965469,145325832.25963107,56242999.99999986,35084727.96142756,0.985322526503595,0.6238061262988754,63.98325648937595,0.9357680826463917,2.127937937082039
236,150,29,6,819,4,0.9260834739685542,121390760.50427908,42526000.00000106,32146382.546417423,0.902801780404578,0.7559230246535443,76.59907526217555,0.7583189114079719,2.2891408050993616
237,150,29,6,819,4,0.6006080542501943,152640072.79726994,61731999.99999912,35155790.20527422,0.9873182446896667,0.5694905430777347,60.91729275017948,0.9848280589361669,2.041028547648549
238,150,29,6,819,4,0.5904047544406664,147978753.59296328,58274333.33333282,35084727.9614276,0.985322526503596,0.6020614214621859,62.83618272374853,0.953830103409817,2.0258839950202323
239,150,29,6,819,4,0.8049444106525064,138331211.49307722,50816333.33333386,35129923.6178995,0.986591805218564,0.6913116573653971,67.21852501425782,0.8866466420908148,2.244640378635639
240,150,42,5,245,4,0.7133772769177933,123137557.289826,77590333.33333036,10651772.550756171,1.0000000000000024,0.13728221149657704,24.32970140010671,0.40549502333511184,1.2286980694501668
241,150,42,5,245,4,0.7771948223255024,112995161.28982654,69824333.33333115,10651772.550756175,1.0000000000000027,0.1525510096874992,26.513524701431034,0.4418920783571839,1.3411277084326856
242,150,42,5,245,4,0.7713719520800267,98174366.4852697,58659333.33333281,10534981.528521534,0.9890355317222463,0.17959599828140385,30.516112374909103,0.5086018729151517,1.4236506236203015
243,150,42,5,245,4,0.7606478709761278,110605616.62316135,67994666.66666502,10651772.550756156,1.0000000000000009,0.15665600072686706,27.086327905093423,0.4514387984182237,1.3374114699758453
244,150,42,5,245,4,0.713557663423287,120400862.30039437,75509499.99999711,10642437.921133155,0.9991236548115808,0.1409417082768865,24.882712156374538,0.414711869272909,1.2410228993177053
245,150,42,5,245,4,0.7887376460047122,117237919.95649311,73072999.99999753,10651772.550756164,1.0000000000000016,0.14576892355256418,25.55401870923483,0.42590031182058047,1.331253096667344
246,150,42,5,245,4,0.6955462556905815,106635811.95649461,64954999.9999986,10651772.550756179,1.000000000000003,0.16398695328698962,28.0946892515084,0.4682448208584733,1.2949806391786465
247,150,42,5,245,4,0.7662710051817176,119014515.28982507,74433333.3333301,10651772.550756175,1.0000000000000027,0.1431048708117775,25.17255977310298,0.41954266288504966,1.3002975647161894
248,150,42,5,245,4,0.7863371623743243,120431960.62316051,75518666.66666433,10651772.550756164,1.0000000000000016,0.141048207296516,24.876286863537555,0.41460478105895926,1.3137805092704964
249,150,42,5,245,4,0.7790929350719639,119038458.62315997,74451666.66666411,10651772.550756164,1.0000000000000016,0.14306963198616365,25.167496577590274,0.41945827629317123,1.3130069169540661
250,150,23,10,756,4,0.7861808995543632,118865406.91228463,47919666.66666755,27474990.521692388,0.8359108374764675,0.5733552095178432,72.40693674948845,0.8131966805811399,2.058061747749778
251,150,23,10,756,4,0.9490675436882878,116623016.54854755,45111000.00000107,28170807.165386673,0.8570806600065729,0.6244775590296381,73.79915435832713,0.7945448007609943,2.2431943916729926
252,150,23,10,756,4,1.0,102576093.49685366,38545833.333334036,25499838.2122259,0.7758179606528649,0.6615459054085077,83.9053204952087,0.6713786405428458,2.200615364869652
253,150,23,10,756,4,0.9001942618046528,128607046.89218247,48656666.66666706,31759577.13950614,0.9662669293233209,0.6527281730391015,66.92230486573102,0.8910348421217117,2.3134116423576456
254,150,23,10,756,4,1.0,118026714.31228934,43607666.6666679,29814072.708126858,0.9070760721958383,0.6836887865618281,72.92145723236357,0.8062530559615809,2.3532040852110434
255,150,23,10,756,4,0.8586804937482375,112427189.04641154,43318000.00000076,27265892.815881923,0.8295491596356533,0.6294356345140922,76.55336821102091,0.7588968068504173,2.1211258082099285
256,150,23,10,756,4,0.9537915580870089,96209288.0975447,34692166.66666713,24848829.557935227,0.7560113955156397,0.716266291370335,89.45789091874224,0.6120355875030115,2.138840178686288
257,150,23,10,756,4,0.9223000385237197,116784453.9485725,44458333.33333473,28665594.899252083,0.8721342931884286,0.6447743932352655,73.69713783814119,0.7958968948297829,2.2340164479417153
258,150,23,10,756,4,0.9248995734588195,141351717.59863424,57117500.00000006,32586723.246445872,0.9914323754923193,0.5705208254290863,60.88840055299872,0.9853024039087038,2.3666186377107925
259,150,23,10,756,4,0.9950427526763397,117023223.10240981,42051166.66666764,30316414.235760625,0.9223595252231294,0.7209410972131551,73.54676936618033,0.7978940263298259,2.3696896567766896
260,150,38,10,672,4,0.6650586666522583,144297711.51356223,65622333.333332166,28606333.583976224,0.9791227143458833,0.4359237492923151,53.25351261220635,0.8875585435367725,1.901356209622883
261,150,38,10,672,4,0.7867728082909279,153487524.2353609,71727333.3333315,29200127.006036583,0.9994467669009489,0.4070990185894359,50.06504625233674,0.8344174375389457,1.9468694607014223
262,150,38,10,672,4,0.9530471393649753,134034022.40203516,56886499.999999784,29165293.672703344,0.9982545096764138,0.5126927069287697,57.3314137879915,0.9555235631331916,2.3187248680411825
263,150,38,10,672,4,0.8653406131599581,133389946.7353689,56393333.33333314,29165293.672703244,0.9982545096764103,0.51717626798741,57.608239511819676,0.9601373251969946,2.2392189527468807
264,150,38,10,672,4,0.7298821023032743,155918229.0686937,73643166.66666463,29165293.67270325,0.9982545096764106,0.396035300935874,49.28455156205284,0.8214091927008806,1.8681195357528542
265,150,38,10,672,4,0.7639989352931008,145798782.5506322,65985333.33333207,29107550.29313675,0.9962780992996425,0.44112151629358,52.70524119315892,0.8784206865526486,1.9953168348806134
266,150,38,10,672,4,0.8997950704627059,126799395.74332839,51348000.000000335,29164636.933460325,0.9982320311470225,0.5679799979251409,60.602496998920564,0.9900086320504093,2.3441877008532277
267,150,38,10,672,4,0.654504266986434,143711917.73536235,64296833.333331615,29165293.67270332,0.9982545096764129,0.45360388934712853,53.47058282355072,0.891176380392512,1.908563758856649
268,150,38,10,672,4,0.7695666330673385,151709232.88396478,70447666.66666532,29147883.62647014,0.9976586076648994,0.41375229309422173,50.65189411297995,0.8441982352163325,1.9447667027590483
269,150,38,10,672,4,1.0,145131300.902031,65328999.99999885,29200127.006036635,0.9994467669009506,0.4469703654737888,52.94764087581098,0.8824606812635164,2.2400369736425474
270,150,25,10,698,4,0.9521791265363017,129432211.4353952,52768833.333333544,29541621.165801596,0.9734711876606165,0.5598308565814066,61.57539851645096,0.9740850664449019,2.374128878246329
271,150,25,10,698,4,0.9400682187820268,102922900.52791373,42153833.33333426,23369771.040138327,0.7700931049828806,0.5543925473002728,77.4350505001411,0.7478265783587319,2.131408834980977
272,150,25,10,698,4,1.0,104966902.04837671,39180166.66666739,26262699.389152616,0.8654224161241432,0.6703059640503181,75.92717175102389,0.7668585898173769,2.3031033610576315
273,150,25,10,698,4,0.8347160634996311,111080631.38635726,40355333.33333394,28497429.340990104,0.9390624241692792,0.7061626552704231,71.74824179995471,0.8221733402018461,2.2218195279178157
274,150,25,10,698,4,0.9168405732237812,118475597.43187197,45336500.00000126,28931573.986595467,0.9533685890680152,0.6381519082107058,67.2698865653154,0.8858879744104199,2.3132500742027657
275,150,25,10,698,4,0.7934890860230877,108941199.24365142,41787166.66666769,26540666.785577077,0.8745821453756134,0.6351391803442785,73.15726332491649,0.8030906180043129,2.1046910483028234
276,150,25,10,698,4,0.8989099244889284,106481832.93054307,39084833.33333405,27062814.672461558,0.8917882398119045,0.6924121804910104,74.84694600626042,0.7807899619271019,2.2336296308088386
277,150,25,10,698,4,0.9411312122838336,113371106.57565849,43994500.000001185,27295732.670727562,0.8994634773734105,0.620435115087723,70.29868756446606,0.8422783034061219,2.279757607760134
278,150,25,10,698,4,0.8616888795665485,136858518.98698068,57744500.000000134,29994567.424912967,0.9883969133115166,0.5194359190037648,58.23415348194853,0.9705692246991422,2.2478068394687023
279,150,25,10,698,4,0.9542385862171938,116801134.25361517,43380333.333334215,29361193.551461887,0.9675256411033618,0.6768319027392127,68.23426887871443,0.8717628834976563,2.36746699190622
280,150,26,10,525,4,0.6618043080591337,120206932.54847944,56274166.66666669,22805224.116713673,0.9991236548115705,0.40525209821049324,50.4987513723624,0.8416458562060399,1.8276518428335682
281,150,26,10,525,4,0.8511949956579945,110385659.24012065,48722666.66666754,22825226.894477233,0.99999999999999,0.46847244734436033,54.991744777239106,0.9165290796206518,2.142502033154135
282,150,26,10,525,4,0.9403775614768175,112370561.57345267,50242500.00000052,22825226.894477397,0.9999999999999972,0.4543011771802191,54.02037611098045,0.9003396018496742,2.204158105070667
283,150,26,10,525,4,0.8959463652503126,109104690.90678707,47741833.33333407,22825226.89447734,0.9999999999999947,0.4780969916909416,55.637387811181505,0.927289796853025,2.205713755456091
284,150,26,10,525,4,0.8821663143970013,114202226.57345197,51645000.00000036,22825226.894477345,0.999999999999995,0.4419639247647824,53.153954893302696,0.8858992482217116,2.121636702430539
285,150,26,10,525,4,0.8591817054020742,108621035.57345559,47371500.00000123,22825226.894477267,0.9999999999999916,0.481834581857798,55.88512361304939,0.9314187268841565,2.176068097772469
286,150,26,10,525,4,0.9070245796052145,89220315.03618231,35594166.66666737,20863526.941359766,0.9140556209063435,0.5861501727724866,68.03719531295374,0.874630948082621,2.2505756659058247
287,150,26,10,525,4,0.9532478615008405,116835993.24011706,53661666.66666666,22825226.89447734,0.9999999999999949,0.42535441614704506,51.95573582812397,0.8659289304687329,2.1594603248872093
288,150,26,10,525,4,0.914322961902132,114446448.57345417,51832000.00000084,22825226.89447729,0.9999999999999925,0.4403694029649043,53.04052747520559,0.8840087912534266,2.1506272755274822
289,150,26,10,525,4,0.8825045604075793,118923569.88181302,55291500.000000075,22805224.11671371,0.9991236548115721,0.4124544300066679,51.04370820715104,0.8507284701191841,2.063196574532098
290,150,26,8,843,4,0.6393295624672914,146329201.10329753,55309833.33333308,36168663.78882336,0.9868453293320034,0.6539282729500816,65.3453987850995,0.9147632597002825,2.077235440527639
291,150,26,8,843,4,0.5770983776835248,127903862.92661738,49056333.33333425,31162188.83680543,0.8502459666443698,0.6352327359050788,74.75880541220242,0.7819377929929312,1.867222359400519
292,150,26,8,843,4,0.9266310668526362,130935077.6301555,49307500.00000085,32481462.15885108,0.8862417314747912,0.6587529718369521,73.02810043775314,0.8048213052218554,2.258454749544053
293,150,26,8,843,4,0.9162840528057948,115554059.95082977,40498333.333334185,30589687.628514953,0.8346255349154827,0.7553320127210413,82.74862868573176,0.6844471742620525,2.20499683724468
294,150,26,8,843,4,0.5385332722039285,154561375.6032972,61667833.33333306,36133830.455489635,0.9858949178789801,0.585942921979689,61.86500322397505,0.9693947347226687,1.9766823445103485
295,150,26,8,843,4,0.5789531588084117,117087663.95380712,44084333.333334446,29052492.900831264,0.7926838849240558,0.6590208063521553,81.6647943695617,0.6969233077769936,1.8030931116671296
296,150,26,8,843,4,0.8688601053391041,121381441.77668214,40630333.333334,33349565.532787003,0.9099275321155865,0.8208046254305844,78.77596327774785,0.7312991117704586,2.2568029174540305
297,150,26,8,843,4,0.8849203914290069,128601703.76860762,46249500.00000117,33291796.047797743,0.9083513183308467,0.7198303991999244,74.35313623219758,0.7872425068309079,2.248027217619854
298,150,26,8,843,4,0.8131851091874186,137087738.03745148,52449833.333333984,33481351.40919923,0.9135232490425005,0.6383500057362524,69.75051260520281,0.8500088282119139,2.1738739419883344
299,150,26,8,843,4,0.943033822883882,137462854.91027093,49769500.00000074,35372826.37559897,0.9651312721378075,0.7107330066727302,69.56017322819004,0.8527096123402966,2.364329840562363
300,150,25,10,700,4,0.9524682955209328,130773925.00491703,52999833.33333352,30049199.28660297,0.9873680366526825,0.5669678071931584,61.11157097792632,0.9816443718946442,2.3876869131701035
301,150,25,10,700,4,0.9400682187820268,102973386.02415717,42153833.33333427,23394410.13054506,0.7687024395868755,0.5549770514475443,77.61034485284532,0.7456449372221476,2.1296947971622098
302,150,25,10,700,4,0.9133148969328159,119381821.9507614,46957166.66666736,28340863.323942848,0.931234882843592,0.6035471331804324,66.94319008882432,0.89072473840536,2.286877341882522
303,150,25,10,700,4,0.8347160634996311,111123977.00876324,40355333.33333393,28518583.866322454,0.937074492123312,0.7066868617032536,71.91787240812815,0.8198521934985933,2.219917746360827
304,150,25,10,700,4,0.8372288477603052,120173930.36670676,45360333.33333468,29745242.41094943,0.977380505847663,0.6557544935211062,66.50194410396071,0.8972993625691755,2.2591318051463656
305,150,25,10,700,4,0.7934890860230877,109026131.95781653,41787166.66666768,26582117.597761147,0.8734453458223667,0.6361311311150674,73.30169250700483,0.801159780828578,2.1035537717437194
306,150,25,10,700,4,0.8989099244889284,106563792.82098395,39084833.33333405,27102814.61899201,0.890554606892522,0.6934355940025717,74.99545378818667,0.7788597951957273,2.232518194886713
307,150,25,10,700,4,0.9411312122838336,113424059.03337288,43994500.000001185,27321575.74428265,0.8977427432789199,0.6210225310955214,70.45947806936238,0.8400241525777637,2.2779733897380146
308,150,25,10,700,4,0.8616888795665485,137024167.43154714,57744500.00000017,30075410.980094206,0.9882293104621087,0.5208359407405747,58.324017943713805,0.9720669657285634,2.2504245978875717
309,150,25,10,700,4,0.9542385862171938,116915219.8742081,43380333.3333342,29416872.234035302,0.9665907934901843,0.6781154033095192,68.35551443685921,0.8700030392510018,2.3667339481158107
310,150,29,10,620,4,0.6275537426625907,132581397.22324786,59238666.666666225,26955506.046811335,0.9999999999999944,0.4550322882601151,53.65307764875992,0.8942179608126654,1.8857975340833482
311,150,29,10,620,4,0.9064518232699542,118023850.55658633,48092000.00000076,26955506.04681143,0.9999999999999981,0.5604987533646139,60.27086869691218,0.9954956966579356,2.3503465226195805
312,150,29,10,620,4,0.957801782122125,116390902.82761003,47036000.000001006,26831635.02242036,0.9954046114298131,0.5704489119487156,61.116460369208276,0.9815643810966757,2.3957252927777732
313,150,29,10,620,4,0.9505371712561058,118059765.5565863,48119500.00000073,26955506.046811294,0.999999999999993,0.5601784317545047,60.252533676178885,0.995799950380356,2.3944798670400655
314,150,29,10,620,4,0.9405367189828574,124170104.22325182,52798166.66666711,26955506.046811312,0.9999999999999936,0.5105386748935932,57.28754151007598,0.9547923585012664,2.3037600173989983
315,150,29,10,620,4,0.6959453836746824,126353428.27262057,54662666.66666683,26832659.316391524,0.9954426108637462,0.4908772468057073,56.29764144311229,0.9382940240518715,2.02694120517112
316,150,29,10,620,4,0.8854353860378621,110840850.55658627,42592000.000000834,26955506.046811413,0.9999999999999973,0.6328772080862811,64.17669987446082,0.9327559717705256,2.3244931242774127
317,150,29,10,620,4,0.8990645349214298,127720900.55658387,55517000.00000017,26955506.046811312,0.9999999999999936,0.48553607087578987,55.69487819926989,0.9282479699878314,2.215741361609893
318,150,29,10,620,4,0.9402669897157175,126006468.49427524,54525166.66666726,26750968.355753638,0.9924120255541616,0.49061690208655967,56.45265743102052,0.940877623850342,2.2736381352353074
319,150,29,10,620,4,0.960947680896819,124862066.55658421,53328000.00000022,26955506.046811193,0.9999999999999891,0.5054662850062084,56.97006461747446,0.9495010769579078,2.3148217858596936
320,150,25,10,723,4,0.494601290473252,138145999.07317203,56715999.999999814,31278462.537744917,0.9950646552851043,0.5514927452173111,59.67845652651298,0.9946409421085497,1.9304364287556506
321,150,25,10,723,4,0.9821202596236267,99250515.23137853,40830166.66666737,22421173.3681678,0.7132868862003847,0.5491325458260211,83.06596676884064,0.6808367112523223,2.1022630075367656
322,150,25,10,723,4,0.9659775142238703,109502903.1454557,41422333.333334036,27047341.37568874,0.8604596018714245,0.6529651808369465,75.28878014356219,0.7750614190415798,2.2634110779350074
323,150,25,10,723,4,0.8929621395576312,127951095.52492854,49577000.00000035,30853196.77481409,0.9815356357789612,0.6223288374611993,64.43352412245478,0.9287719319867566,2.319597141513347
324,150,25,10,723,4,0.9140937859670868,117997300.46375501,44559166.66666786,29193604.423499618,0.9287388690267041,0.6551649549886595,69.86888655586148,0.8483334996643122,2.286559249622327
325,150,25,10,723,4,0.5531558881159666,130069917.62372456,50770500.00000042,31126555.046554253,0.9902320080546193,0.6130834844359223,63.38391036619096,0.9451624078431445,1.988785083507849
326,150,25,10,723,4,0.8904278028037147,109654102.85806897,38940000.00000056,28703333.101383097,0.9131418215839361,0.7371169260755698,75.1849660442809,0.7764036182518418,2.2565249619160124
327,150,25,10,723,4,0.8957630545886474,138991655.23983935,57418166.66666667,31243629.204411503,0.9939564991925849,0.5441418808404686,59.315359514021495,0.9885893252336916,2.319665884494714
328,150,25,10,723,4,0.9743166678382041,135382021.4206903,54697500.00000039,31216082.521891486,0.993080154004168,0.570704008810115,60.89685996326855,0.9851634957467016,2.416043370632998
329,150,25,10,723,4,0.9334090672482206,119812916.79035842,45497833.33333458,29481411.9686126,0.9378949173881191,0.6479739760928936,68.8101101354995,0.8634362868188489,2.3152245349413842
330,150,25,10,576,4,0.8794866758526059,120263864.16439627,52807333.33333347,25042534.64994078,0.9999999999999912,0.4742245644533092,55.13110730365899,0.9188517883943166,2.1777181158095695
331,150,25,10,576,4,0.9808764289632331,107278071.66949436,45375000.000000805,23442161.218232267,0.9360937918593434,0.5166316521924375,61.8046157692578,0.9703708805423851,2.3645526312595684
332,150,25,10,576,4,0.9006704934893872,109838936.83106735,44825000.00000135,25042534.649940714,0.9999999999999886,0.5586733887326261,60.36365783654109,0.9939573666472256,2.341566571122714
333,150,25,10,576,4,0.9119108095766522,109235343.3862172,46064333.33333421,23958023.77723129,0.9566932465954573,0.5200992187136289,60.69720471841879,0.9884471737288345,2.3164373582763895
334,150,25,10,576,4,0.541258713175323,120168616.00557172,52768833.33333372,25020588.745194435,0.99912365481157,0.47415466980561594,55.17480537258231,0.9195800895430385,1.8401625385628542
335,150,25,10,576,4,0.5602365040888531,106722557.7738047,43712166.6666677,24230910.08970249,0.9675901592397148,0.554328735852381,62.12632210383003,0.9651818963967141,1.9688813891674721
336,150,25,10,576,4,0.8854443394547515,105859554.83106565,41778000.00000088,25042534.649940755,0.9999999999999902,0.5994191835401462,62.632796922118466,0.9570688479340286,2.3220485342208974
337,150,25,10,576,4,0.9921583714364464,113952190.12905885,48574166.66666752,24660319.731115326,0.9847373708704612,0.5076838456198918,58.18475267996818,0.9697458779994697,2.3680513259318294
338,150,25,10,576,4,0.8634170644798661,114208285.3655817,48689666.66666785,24711687.342887603,0.9867885854336164,0.50753453524472,58.05428195315617,0.9675713658859362,2.2370160585615784
339,150,25,10,576,4,0.9415980244482389,110392027.83106598,45248500.00000096,25042534.64994081,0.9999999999999925,0.5534445263365698,60.06122117936255,0.9989801673937292,2.383333812911224
340,150,40,4,382,4,0.6855206382403339,131540542.46549928,74678999.99999723,16608069.854648355,0.9999999999999996,0.22239277246145467,34.211201471822356,0.5701866911970392,1.433621547406537
341,150,40,4,382,4,0.7522815373012385,129328178.46549979,72984999.9999975,16608069.85464835,0.9999999999999992,0.22755456401519383,34.79643843588568,0.5799406405980947,1.5142658291114883
342,150,40,4,382,4,0.7754322759240317,118893673.79883379,64995333.33333187,16608069.854648335,0.9999999999999983,0.2555271125308798,37.850289727056456,0.6308381621176076,1.610692128066343
343,150,40,4,382,4,0.7543828246426005,121752507.79883455,67184333.33333173,16608069.854648383,1.0000000000000013,0.24720152795515984,36.96153846321904,0.6160256410536508,1.568169688060379
344,150,40,4,382,4,0.7119129938395151,134104873.46549746,76642499.99999644,16608069.854648383,1.0000000000000013,0.2166953042326275,33.557020589246534,0.5592836764874423,1.4445529137130593
345,150,40,4,382,4,0.7684666977358052,129210856.1321668,72895166.66666427,16608069.854648374,1.0000000000000007,0.22783499392482245,34.82803329928323,0.5804672216547204,1.5312019145303837
346,150,40,4,382,4,0.6646619000002401,118709310.13216767,64854166.66666527,16608069.854648376,1.0000000000000007,0.2560833128888979,37.90907381223634,0.6318178968706057,1.5013464471819642
347,150,40,4,382,4,0.7143999737272528,119983095.46550082,65829499.999998435,16608069.854648355,0.9999999999999996,0.25228916906020477,37.50661693249903,0.6251102822083171,1.5413415911837336
348,150,40,4,382,4,0.753829240428333,129883663.79883504,73410333.33333153,16608069.854648376,1.0000000000000007,0.22623613189762729,34.6476213280362,0.57746035546727,1.512278501413705
349,150,40,4,382,4,0.7244011439384644,125791748.13216683,70277166.66666453,16608069.854648389,1.0000000000000016,0.23632241654566175,35.77468368808877,0.5962447281348129,1.5097038053098069
350,150,32,10,605,4,0.6448147239198468,130511942.57681851,59064499.99999955,26057071.21042162,0.9906367274986471,0.44116298640336954,53.24187091851797,0.8873645153086328,1.8851096283511755
351,150,32,10,605,4,0.7303609348978201,130200113.89257935,58439333.333333276,26303356.70696915,0.9999999999999956,0.45009679622689924,53.36938495870268,0.8894897493117113,1.9799281211910509
352,150,32,10,605,4,0.8538006272149836,121264461.89258248,51597333.333333984,26303356.706969023,0.9999999999999909,0.5097813202291209,57.30203137465981,0.9550338562443302,2.2166595396426105
353,150,32,10,605,4,0.9376502763292516,126268618.55924666,55429000.00000001,26303356.706969015,0.9999999999999905,0.4745414260940845,55.03109227998397,0.9171848713330663,2.2344682885375855
354,150,32,10,605,4,0.6576248983581132,144695407.89257205,69538333.33333156,26303356.70696902,0.9999999999999907,0.37825693320666814,48.022947660916834,0.8003824610152805,1.7606129059387283
355,150,32,10,605,4,0.705396223735523,128152958.89257818,56871833.33333285,26303356.706968933,0.9999999999999873,0.4625023524879478,54.221924019909814,0.9036987336651635,1.9790968393910449
356,150,32,10,605,4,0.9593850517952663,115393556.55925158,47102000.00000132,26303356.706968978,0.9999999999999891,0.5584339668584825,60.217400409458946,0.9963832162182494,2.402515441500302
357,150,32,10,605,4,0.9404994265539237,133873021.2259092,61251666.66666582,26303356.706969116,0.9999999999999943,0.4294308732873034,51.90515561962367,0.8650859269937279,2.1491300521774943
358,150,32,10,605,4,0.9532415403049586,141403199.55924326,67017499.99999923,26303356.706969056,0.999999999999992,0.39248489882447657,49.141037979757485,0.8190172996626247,2.0862467590271647
359,150,32,10,605,4,0.9507598067856641,127370011.89257821,56272333.33333295,26303356.7069691,0.9999999999999938,0.46742964346545574,54.55522769253111,0.9092537948755185,2.233957316433547
360,150,26,10,742,4,0.5244152914400472,130672449.12776378,51558833.33333369,30918324.122870855,0.9584208222586943,0.5996707474542798,64.6881577289119,0.9248386749417137,1.9289905643451848
361,150,26,10,742,4,1.0,104502208.31560566,42306000.00000073,24043731.40504448,0.745318948459559,0.5683291118291511,80.8878600390083,0.7060063828610154,2.160669672324336
362,150,26,10,742,4,0.9682453812644489,112952827.54027596,41818333.333334155,28478827.496472992,0.8828001529986796,0.6810129726947296,74.83619652625252,0.7809298592266898,2.2939856186469223
363,150,26,10,742,4,0.9417244228685969,125696961.57358503,46999333.33333409,31396225.267731864,0.9732350277892341,0.6680142683101469,67.24872180026007,0.8862005230463952,2.3623363605631096
364,150,26,10,742,4,0.8514703265137555,123775989.21540071,46302666.666667834,30902752.504667353,0.9579381258789297,0.6674076188124495,68.29240512301435,0.8709186089222073,2.2563150304859225
365,150,26,10,742,4,0.5678208742340027,120136998.62811728,46053333.33333459,29285689.911231134,0.9078116554309895,0.6359081480435076,70.36100532331461,0.841403942616513,1.9179513352853217
366,150,26,10,742,4,0.8435389490396333,107568137.48227225,38685166.66666744,27847898.07171116,0.8632423045310734,0.71985984477368,78.58237762453672,0.733662405822938,2.1530892306815153
367,150,26,10,742,4,0.9108306680169242,126515693.1453744,48326666.66666767,30949780.28893984,0.959395915359767,0.6404286168217519,66.81352953018265,0.8926516841823058,2.3158252456566317
368,150,26,10,742,4,0.8795762911872589,136590519.55516076,55584833.333333656,31240488.313889436,0.9684074200972859,0.5620325984706126,61.88540776862887,0.9690651231364343,2.2982674931001834
369,150,26,10,742,4,0.9045114907949436,128590656.40666038,49137000.000000775,31445957.90141089,0.9747766634702083,0.6399649531190424,65.73541372452452,0.9088363547929936,2.3253198080831714
370,150,25,10,690,4,0.9524682955209328,130160018.8097094,52999833.33333349,29749586.697433833,0.9916902557209719,0.561314721695988,60.55622972460753,0.9907723431520135,2.3922924160297363
371,150,25,10,690,4,0.9400682187820268,102110709.74480005,41690000.00000091,23269027.04317384,0.7756634609251145,0.5581440883466858,77.19072778652769,0.75087797049467,2.1374614599540456
372,150,25,10,690,4,0.9226622384432422,106524502.53386153,40355333.33333415,26273842.785354644,0.8758277597459355,0.6510624647387568,73.99236619288135,0.791990324949889,2.2355025351841364
373,150,25,10,690,4,0.8873240863754097,117100953.46760026,46157833.33333438,27737183.895036343,0.9246076347077761,0.6009204048796856,67.30944340415476,0.8853041180969272,2.2533645283760855
374,150,25,10,690,4,0.8184023677990961,127441762.75655669,50684333.33333382,29898823.860365085,0.9966650152621904,0.5899026759162556,61.84785763718952,0.9696717883320664,2.259996296864167
375,150,25,10,690,4,0.8238375182083438,116669302.93674213,45578500.00000107,27895777.746903144,0.9298942956322832,0.6120380825806573,67.55847340815609,0.8816372781693541,2.195105262442224
376,150,25,10,690,4,0.923157206046322,106598724.41146617,38597166.66666748,27430693.709840525,0.9143909102462214,0.7106918999194228,73.94084726169746,0.7926706585760901,2.2843813845579506
377,150,25,10,690,4,0.9599462211592185,118566606.76753873,46212833.33333458,28417429.527021796,0.9472833435032504,0.614925064690278,66.47740215298074,0.8976664622580875,2.3495527351695285
378,150,25,10,690,4,0.9242867428579243,127037600.20871791,50732000.000000864,29671193.204188034,0.9890770408163597,0.5848614918431667,62.044622907313865,0.9664970346651389,2.3586729709975964
379,150,25,10,690,4,1.0,110778946.83419122,41158333.33333446,27838374.898741063,0.9279807952616083,0.676372745059493,71.15070349781725,0.8304022489534086,2.3715004450010033
380,150,33,7,720,4,0.6296290310940574,149960005.18074894,65955999.9999991,31156207.506467823,0.9953052418051855,0.472378669210811,54.75726671323252,0.9126211118872086,1.920153078349915
381,150,33,7,720,4,0.6381741388769256,140358728.5140839,58604333.3333327,31156207.50646808,0.9953052418051938,0.5316365827294071,58.502952306069446,0.9750492051011574,2.038532610161609
382,150,33,7,720,4,0.6498598934686216,137727812.68075264,56644499.99999992,31121374.173134666,0.9941924683956221,0.549415639172995,59.62049233319115,0.9936748722198525,2.08306727702687
383,150,33,7,720,4,0.6604272408851927,140263411.68075153,58585999.99999962,31121374.173134606,0.9941924683956201,0.5312083803832794,58.5427083342994,0.9757118055716566,2.0611057507634727
384,150,33,7,720,4,0.6345380062495614,149670747.34741437,65789166.666665405,31121374.173134543,0.9941924683956181,0.47304709498476405,54.86309212407267,0.9143848687345445,1.9273605509719172
385,150,33,7,720,4,0.6660984866257285,139062001.95901525,57773833.333332956,31052696.74264667,0.9919985233673569,0.5374872143844855,59.048481140233314,0.9841413523372219,2.0802296104705387
386,150,33,7,720,4,0.5790686373416175,137380634.34741887,56378666.666666396,31121374.173134625,0.9941924683956208,0.552006211092874,59.77116089910002,0.9961860149850003,2.016859621200917
387,150,33,7,720,4,0.9564519607213925,138276115.01408553,57064333.333333105,31121374.173134625,0.9941924683956208,0.5453734820898299,59.38408089613701,0.9897346816022835,2.38248542799554
388,150,33,7,720,4,0.6712031620004156,151516778.34741494,67202666.6666656,31121374.17313458,0.9941924683956193,0.4630973102228345,54.19465810691913,0.9032443017819854,1.9449253119606689
389,150,33,7,720,4,0.6977366435966877,145208087.59476694,62346166.666665934,31137917.97369593,0.9947209708269462,0.49943596597004836,56.549191825427805,0.9424865304237967,2.039771946796523
390,150,30,9,477,4,0.7041217103587084,114502729.49522433,55544500.00000002,20487121.764385078,0.9878858609953609,0.3688415912355872,48.41159703735445,0.8068599506225741,1.8060549339697523
391,150,30,9,477,4,0.660244747969134,117890694.11530618,57744500.000000075,20738349.006982338,0.9999999999999978,0.35913981430235453,47.020335587966464,0.7836722597994411,1.7312288592104588
392,150,30,9,477,4,1.0,116361786.0202369,56602333.333333254,20720175.054614197,0.9991236548115733,0.36606574030424355,47.63814813770521,0.7939691356284201,2.086821727871815
393,150,30,9,477,4,0.8947487039538652,109596723.44864127,51393833.333333656,20738349.006982334,0.9999999999999977,0.4035182367595763,50.5787018587071,0.842978364311785,2.060541657673311
394,150,30,9,477,4,0.5716560666135171,118252238.44863853,58021333.33333312,20738349.00698221,0.9999999999999917,0.35742627436429625,46.87657563799648,0.7812762606332747,1.6388733467382288
395,150,30,9,477,4,0.7432852319583421,118029565.44863789,57850833.333332986,20738349.0069822,0.9999999999999911,0.35847969358520887,46.96501235880786,0.782750205980131,1.8128191928066402
396,150,30,9,477,4,0.8560236477135771,103618073.1153107,46816000.000001155,20738349.006982245,0.9999999999999933,0.4429756708599994,53.49703804886643,0.8916173008144405,2.1020214852160173
397,150,30,9,477,4,0.918812316561868,121467828.11530262,60483499.99999921,20738349.006982293,0.9999999999999957,0.34287613988910304,45.63562291356764,0.7605937152261273,1.9537069436992778
398,150,30,9,477,4,0.9255719406884455,114024645.91629414,55031166.66666727,20580986.944668613,0.992412025554166,0.37398783618982673,48.6145776244666,0.8102429604077767,2.0350051700480836
399,150,30,9,477,4,0.6046730061616781,119035185.4486374,58620833.33333298,20738349.006982215,0.9999999999999919,0.3537709689157553,46.56824769170345,0.7761374615283908,1.663827242822673
400,150,35,10,551,4,0.6934014349519217,137958749.50216073,68064333.33333181,23955619.083537124,0.9999999999999917,0.3519555383907038,46.0701479459297,0.7678357990988283,1.742801664763313
401,150,35,10,551,4,0.7148868410226064,131472500.50216393,63097833.33333261,23955619.08353715,0.9999999999999928,0.3796583466976535,48.343037332703574,0.8057172888783929,1.824330807259122
402,150,35,10,551,4,0.9186740292484546,120751168.142853,54935833.33333351,23925477.37572105,0.9987417687803781,0.4355167824714465,52.63535001566927,0.8772558335944878,2.1443432888200995
403,150,35,10,551,4,0.9734074389659231,114704984.16883653,50259000.0000005,23955619.083537146,0.9999999999999926,0.47664336901921855,55.409797979177625,0.9234966329862938,2.2782187671675915
404,150,35,10,551,4,0.6802909110845193,135506952.16882873,66186999.99999876,23955619.083537064,0.9999999999999891,0.361938433280516,46.90371894780206,0.7817286491300344,1.7515703068389665
405,150,35,10,551,4,0.8193209608723281,133083886.8354982,64331666.66666612,23955619.083537098,0.9999999999999906,0.3723767830804524,47.757697427760185,0.7959616237960031,1.9131840111326932
406,150,35,10,551,4,0.979410623912809,117738604.50216861,52581833.33333358,23955619.083537035,0.9999999999999878,0.4555873685817393,53.98212444315946,0.8997020740526576,2.243582592830858
407,150,35,10,551,4,0.6496333769445801,138344237.16882637,68359499.99999821,23955619.083537098,0.9999999999999906,0.3504358440822084,45.94177632599048,0.7656962720998414,1.695678324310188
408,150,35,10,551,4,0.656404462484993,135138224.83549663,65904666.66666577,23955619.083537035,0.9999999999999878,0.36348896512443263,47.03169667750832,0.7838616112918053,1.7310572458763445
409,150,35,10,551,4,0.9241424543727901,123429934.83549987,56939666.666666456,23955619.083537117,0.9999999999999912,0.4207193418215281,51.49301916484529,0.8582169860807549,2.1189349139107674
410,150,29,10,859,4,0.6646422420280126,152752174.2137076,59295499.99999954,36763486.84579928,0.9843912205346579,0.6200046689175328,63.747832396654495,0.9394470013414787,2.100092978503518
411,150,29,10,859,4,0.8561747191020743,133030416.50306995,50407500.00000042,32803491.86744862,0.8783570919874866,0.6507660936854307,73.19844781343885,0.8025395592125762,2.179327153262995
412,150,29,10,859,4,0.8826527840945331,138282967.6669847,50029833.3333339,35607681.14542857,0.9534429867922743,0.7117289579636451,70.41807219129325,0.8406040516089338,2.292640002074383
413,150,29,10,859,4,0.9190305646683656,127547827.2578672,46093666.66666782,32877321.5834702,0.8803339807567986,0.7132719950709652,76.34485203980125,0.7615387658931854,2.251186926618323
414,150,29,10,859,4,0.6129643065479349,156418243.25175738,62067499.99999943,36785857.288966864,0.9849902188817409,0.5926750278159617,62.25373586588083,0.9631344468351716,2.0502387756358758
415,150,29,10,859,4,0.6602229122412473,143662476.72587073,55271333.33333343,34892263.897447765,0.9342867391576232,0.6312904320041921,67.78123433428495,0.8783701079611779,2.043625365805779
416,150,29,10,859,4,0.8931858635055858,126123396.8420492,46190833.333334655,32120205.877035033,0.8600612014780062,0.695380523777101,77.20708642342484,0.7506732760657302,2.2001635585929966
417,150,29,10,859,4,0.9528135778684669,141283466.33020252,52893500.00000021,35246797.78601062,0.9437798552145179,0.6663729529339236,68.92257284544246,0.8618193962134141,2.3477313364290198
418,150,29,10,859,4,0.874019251348485,153066182.8404455,59783166.66666654,36605905.56716089,0.9801717723668901,0.6123112509456836,63.617056486934075,0.9414968517259514,2.3053651038309835
419,150,29,10,859,4,0.9535306442462749,146243327.94662866,55663666.66666664,35901763.11044199,0.961317422252954,0.6449766115019733,66.58505476266058,0.8960573039857623,2.3655692374336157
420,150,25,10,674,4,0.6234411616637319,129668443.03380759,53669000.000000276,29083160.41994771,0.9924894577278749,0.5418986830376485,59.430959605112115,0.9905159934185352,2.0474761015123857
421,150,25,10,674,4,0.9397086657341227,105856885.74975188,43525166.66666762,23927615.788066447,0.8165517803192622,0.5497420830415948,72.79942108081583,0.8078945917870181,2.1873969239544166
422,150,25,10,674,4,0.890389349181777,115431745.3748069,45178833.333333954,27546537.680887133,0.9400508008899983,0.6097222006076611,66.76083754063995,0.8934359550586446,2.2716030647265506
423,150,25,10,674,4,0.8873934826280121,116203977.65772364,46157833.33333437,27299421.176697288,0.9316177240958144,0.5914363652979814,66.3171791132555,0.9000667798706169,2.260609354737014
424,150,25,10,674,4,0.8629322706790845,125363516.4414294,50116000.00000065,29246797.026888024,0.9980737066520471,0.5835820302276249,61.47179194355512,0.9757685464472607,2.305566441308445
425,150,25,10,674,4,0.5903425169742529,119273420.93573245,47532833.333334394,27921038.198663514,0.9528309736923927,0.587405299466605,64.61053887397395,0.9260358644612722,1.986302621008809
426,150,25,10,674,4,0.968685982849628,95112573.45153058,36664833.333334036,23056597.25957105,0.7868274761331052,0.6288477312839444,81.02314678644612,0.7044162877378737,2.1761804556146576
427,150,25,10,674,4,0.9660397381651784,113654128.34876153,44749833.33333434,26952422.00199663,0.9197760597870599,0.6022910029906113,67.80501607783414,0.8780220240719363,2.325894564629604
428,150,25,10,674,4,0.9242867428579243,125712412.6521874,50732000.00000087,29024444.76273824,0.9904857322062155,0.5721131586126654,61.30118607556538,0.9785470254458097,2.3605242951938665
429,150,25,10,674,4,0.9962768820761635,114516121.04190107,43847833.33333446,27948031.90592009,0.9537521586492644,0.6373868394695147,67.29463004759202,0.8855227171734978,2.3917090708252733
430,150,42,3,792,4,0.7052024543958416,159900213.9321539,68966333.33333142,34090328.25711502,0.9900342098651335,0.494303910465241,56.29736057651277,0.9382893429418796,2.038934925709914
431,150,42,3,792,4,0.808525177353166,160647702.4321525,69593333.33333106,34055494.92378173,0.9890225976746174,0.4893499605869745,56.03541080086011,0.9339235133476685,2.1339286591704143
432,150,42,3,792,4,0.8186728251711941,160120949.0988195,69189999.99999782,34055494.92378168,0.9890225976746159,0.49220255707158195,56.21975169810162,0.936995861635027,2.1494307324634865
433,150,42,3,792,4,0.774504237667303,156319715.49982825,66298833.33333177,34043113.30722364,0.9886630169784889,0.5134798245402676,57.58684994542413,0.9597808324237355,2.145068929723253
434,150,42,3,792,4,0.7579911502367452,170148417.09881386,76867999.99999653,34055494.92378165,0.9890225976746149,0.44303864968235396,52.90651628438073,0.8817752714063455,1.9941973413889738
435,150,42,3,792,4,0.7992452250480188,163660852.07157487,72002333.33333085,33990583.08357827,0.9871374605781944,0.4720761329528132,55.0037463819577,0.9167291063659616,2.093635237776231
436,150,42,3,792,4,0.6642574861970446,155167073.4321554,65396833.33333173,34055494.92378167,0.9890225976746155,0.5207514368501407,58.014627722781526,0.9669104620463588,2.047769097723516
437,150,42,3,792,4,0.7848604049274225,165745775.5715741,73503833.33333078,34051083.08357823,0.9888944712248812,0.4632558812158923,54.31185180410633,0.9051975300684388,2.0606626399685752
438,150,42,3,792,4,0.7941502290174283,165203420.57157543,73151833.33333108,34010749.75024491,0.9877231307937561,0.4649336619530514,54.49015503949474,0.9081692506582456,2.074266409238115
439,150,42,3,792,4,0.7846359442260303,159871938.43215355,68999333.33333135,34055494.92378164,0.9890225976746146,0.4935626661675372,56.30731752101856,0.938455292016976,2.117941369177036
440,150,33,7,501,4,0.6337184542695343,125854605.11768858,62236166.66666603,21762699.585663904,0.9991236548115701,0.349679306282212,46.13879638786352,0.7689799397977254,1.6824418390930291
441,150,33,7,501,4,0.6585505112845995,117367496.17771189,55707666.666666806,21781787.950729765,0.9999999999999926,0.3910016206757247,49.47519704439864,0.824586617406644,1.7959384252318231
442,150,33,7,501,4,0.6832964832507903,119508030.17771058,57346666.66666652,21781787.95072979,0.9999999999999937,0.3798265743559029,48.589036162383515,0.8098172693730585,1.7969750121085712
443,150,33,7,501,4,0.6194221782728682,117919530.17413507,56389666.66666677,21616508.30037521,0.9924120255541657,0.3833416577571867,49.24358154603368,0.8207263591005614,1.746821863579179
444,150,33,7,501,4,0.6787633569414101,132075885.84437205,66969833.33333192,21781787.950729743,0.9999999999999915,0.32524775509466003,43.965482138368984,0.732758035639483,1.6717195966566212
445,150,33,7,501,4,0.6767709303105937,126279204.8443733,62531333.33333222,21781787.95072971,0.9999999999999899,0.34833397577849123,45.983659836600054,0.766394330610001,1.7218324415433877
446,150,33,7,501,4,0.5739552881941524,118624521.17771053,56670166.66666642,21781787.950729802,0.9999999999999942,0.3843607533192932,48.95092466844106,0.8158487444740177,1.6972926353236046
447,150,33,7,501,4,0.63258702994648,124959927.17770693,61521166.666665636,21781787.950729765,0.9999999999999926,0.3540535580013946,46.469137195815684,0.7744856199302614,1.690315496277857
448,150,33,7,501,4,0.6859856016711835,126283993.51104309,62534999.999999695,21781787.950729743,0.9999999999999916,0.34831355162276884,45.981916144362486,0.7663652690727081,1.7310017120421066
449,150,33,7,501,4,0.6728880747701069,125012602.51104097,61561499.9999992,21781787.950729813,0.9999999999999947,0.3538215922407689,46.449556951565356,0.7741592825260892,1.7301046310888113
450,150,32,10,620,4,0.6067383232733299,132059183.27261867,59095666.66666642,26792325.983058143,0.9939463179259199,0.4533720912936356,53.86524301998241,0.8977540503330401,1.8671900466412785
451,150,32,10,620,4,0.8755090939433263,123852952.22325167,52556166.66666708,26955506.046811342,0.9999999999999947,0.5128895000614161,57.434238524873514,0.9572373087478919,2.243058002740351
452,150,32,10,620,4,0.9251437489726738,121089891.55658655,50440500.0000008,26955506.04681129,0.9999999999999928,0.5344020389728663,58.744787930343755,0.9790797988390626,2.3317451789900296
453,150,32,10,620,4,0.9240429779083985,125533774.22325027,53843166.666666724,26955506.046811294,0.999999999999993,0.500630028201869,56.66522849340507,0.9444204748900844,2.268967475359978
454,150,32,10,620,4,0.6404206354142374,138005856.55657932,63392999.9999991,26955506.04681129,0.9999999999999928,0.42521265828737675,51.54418933723776,0.859069822287296,1.8396605843314349
455,150,32,10,620,4,0.7016381293725857,128730209.22324835,56290666.66666621,26955506.046811204,0.9999999999999896,0.47886279632167716,55.25820273983784,0.920970045663964,2.005698412093891
456,150,32,10,620,4,0.9345508637782814,121034821.88991857,50398333.33333376,26955506.04681135,0.999999999999995,0.5348491559934745,58.7715162374482,0.9795252706241367,2.3419554591971976
457,150,32,10,620,4,0.9393185065295482,132328892.22324896,59046166.6666665,26955506.046811312,0.9999999999999936,0.4565157667047771,53.755456427453126,0.8959242737908855,2.2004553936842552
458,150,32,10,620,4,0.9553891788471597,133789435.55658154,60164499.9999996,26955506.04681126,0.9999999999999917,0.44803008496391455,53.16862254786655,0.8861437091311092,2.1999569559494003
459,150,32,10,620,4,0.8592721920191406,119737093.22325394,49404666.66666762,26955506.046811253,0.9999999999999915,0.5456064753696156,59.40849079020835,0.9901415131701391,2.2858988854849724
460,150,29,10,668,4,0.7168110596969082,134353928.0908667,57430999.999999754,28972755.20946842,0.9976025134508361,0.5044793788976084,56.868006083399294,0.9478001013899883,2.068194664204983
461,150,29,10,668,4,0.8661213265357045,107730381.04327592,44104500.000001125,24473419.900734436,0.8426794424346478,0.5548962101539255,70.92186926295926,0.8335753704851354,2.14361366514398
462,150,29,10,668,4,0.9685322459751902,134639505.98991877,57603333.333332896,29002286.964334097,0.9986193636836708,0.5034827897286207,56.74738587181153,0.9457897645301921,2.317108242288279
463,150,29,10,668,4,0.9741783984238443,126792947.04925252,52750500.000000276,28265947.96612206,0.9732654189153066,0.5358422757342947,60.259187737249164,0.995689521275759,2.398541740287039
464,150,29,10,668,4,0.5910960598416934,136092866.3232526,58716166.666666314,29002286.964333963,0.9986193636836662,0.4939404019506406,56.14137027470754,0.935689504578459,1.921937885980665
465,150,29,10,668,4,0.6849902701540076,124896204.26086794,50975833.333334014,28471400.32253046,0.9803396438437123,0.5585274131048389,61.174317067647486,0.9806183360554068,2.1124305366932856
466,150,29,10,668,4,0.9628961073745579,118086258.21592188,45494166.666667834,28641781.299455535,0.9862062757741514,0.6295704130446351,64.70219410313925,0.9246223438845409,2.391174781694807
467,150,29,10,668,4,0.9379411858579275,124489926.98992305,49831833.33333396,29002286.9643341,0.998619363683671,0.5820032100832547,61.37396161071299,0.9773608402443598,2.380904594168891
468,150,29,10,668,4,0.9150096312861974,127082704.4610523,51843000.00000043,28985788.089011032,0.9980512672298678,0.5591070749958681,60.12179259484996,0.9979721822253577,2.3602674735082494
469,150,29,10,668,4,0.9586829334458219,121044450.56136276,47619000.00000115,28731171.251679737,0.9892841895028041,0.6033551996404596,63.120944120661896,0.9493139289437811,2.3906810221019708
470,150,25,10,715,4,0.4925954402207943,137557010.58227465,56776499.99999978,30952449.12100635,0.9957107058005787,0.5451630361330211,59.2954147918291,0.9882569131971517,1.916982782324363
471,150,25,10,715,4,0.9897338030925832,104650723.81872281,42408666.666667745,24050596.300009035,0.7736846969099608,0.5671151250532538,77.94021581856217,0.7415567420683826,2.1849826452035686
472,150,25,10,715,4,1.0,108464898.83441652,40905333.33333408,26870278.266347878,0.8643911708907549,0.6568893607927423,75.19944320836721,0.7762163054744217,2.3017277941086154
473,150,25,10,715,4,0.8677797399831271,119405515.74540868,43094333.33333396,30814535.421542387,0.9912741538981434,0.7150484306879158,68.3092397288492,0.8706742836748795,2.3104927682083396
474,150,25,10,715,4,0.9145851810804959,114884411.13289726,43888166.66666779,28102065.462612484,0.9040165877291387,0.6403107624897774,70.99744795283526,0.8325260226197906,2.2593598136921083
475,150,25,10,715,4,0.5962461490889955,131826568.28951956,52761500.00000025,30714844.292915978,0.9880671855688007,0.5821450165919435,61.87296010077853,0.9692661873385191,2.0312283497010695
476,150,25,10,715,4,0.9598127557245345,94349924.6328947,34208166.666667074,24250232.129279085,0.7801067907380922,0.7089018352131936,86.44945962316403,0.6435057431944169,2.1704399670895063
477,150,25,10,715,4,0.9540477569624847,113784057.9414405,43974333.33333451,27510124.585050993,0.8849744154381921,0.6255950346425625,71.68403155561371,0.8230536770242654,2.2775774617008
478,150,25,10,715,4,0.9754920903807023,125115097.6945288,49226833.333334185,29692298.69588031,0.9551728709975292,0.6031730396879709,65.19197243416833,0.9171053994553812,2.3751359215864603
479,150,25,10,715,4,0.8628943352993232,122011486.77082106,45133000.00000122,30786947.504872467,0.9903866769856838,0.6821382913804008,66.85026316678422,0.8921053457313796,2.3007103141350234
480,150,43,2,744,4,0.7135057467343324,166122824.65343136,76800166.66666357,32134247.756683737,0.9934348756329144,0.41841377631582877,51.015987825156124,0.8502664637526021,1.8985032315395975
481,150,43,2,744,4,0.8156018890998193,159567139.9867688,71780499.99999785,32134247.75668357,0.9934348756329092,0.4476737798801141,53.111937712882074,0.8851989618813679,2.0589398748852785
482,150,43,2,744,4,0.7438188403799104,148502763.57329074,63407666.66666554,32071067.629719637,0.9914816529513597,0.5057916387038404,57.06910629860005,0.9511517716433341,2.099603922986317
483,150,43,2,744,4,0.7418040972850972,154962836.98677194,68254999.99999851,32134247.756683543,0.9934348756329084,0.4707969783412826,54.690015779224815,0.9115002629870802,2.0299419429452037
484,150,43,2,744,4,0.7577518780026248,172166578.48676312,81482499.99999611,32099414.423350196,0.9923579981397767,0.393942434551612,49.225117177150544,0.8204186196191757,1.8933244452630902
485,150,43,2,744,4,0.8211997983003027,162806050.4965274,74431499.99999717,32025269.967401672,0.9900658116560034,0.4302650083285019,52.0553135104814,0.8675885585080233,2.0330003634711273
486,150,43,2,744,4,0.6853587510132444,152770084.1534373,66630666.66666481,32099414.423350282,0.9923579981397793,0.481751362085794,55.47499726116578,0.9245832876860963,1.995343128367976
487,150,43,2,744,4,0.7514912338062758,157747903.1534341,70442166.66666406,32099414.423350334,0.9923579981397809,0.4556846551192328,53.72445421196399,0.8954075701993998,2.011446528101062
488,150,43,2,744,4,0.7973936735930552,170044281.49652794,79887499.99999723,32080269.9674017,0.9917661445398958,0.4015680797046197,49.83948842862467,0.8306581404770779,1.949306277833829
489,150,43,2,744,4,0.7722205661208407,160318960.65343434,72356166.66666427,32134247.75668353,0.993434875632908,0.4441120810714303,52.862867657434826,0.8810477942905804,2.0085580252685653
490,150,27,8,715,4,0.6112492880579418,129144162.69158755,50656833.33333407,30747554.10358771,0.9891194289161114,0.6069774220046771,63.158100451498875,0.9487262272293576,2.045557452891041
491,150,27,8,715,4,0.5939365948903002,132614373.24894303,52992500.00000017,30952449.121006496,0.9957107058005833,0.584091128386213,61.50539945386357,0.9752221469628758,2.036431644562146
492,150,27,8,715,4,0.6941199280123095,124479104.5077184,47595166.66666779,30422262.977573358,0.978655124285219,0.639188075348813,65.52505364058312,0.9120283285870181,2.1174987168783783
493,150,27,8,715,4,0.9204662435043507,129547688.74894278,50699000.00000017,30917615.787673075,0.9945901507587768,0.6098269351993721,62.9613702781445,0.951842050494137,2.360169842157985
494,150,27,8,715,4,0.5205775686734555,133996360.08227703,54105333.33333371,30917615.787672937,0.9945901507587723,0.5714337918813805,60.871056459979286,0.9855872646879135,1.9633118668664733
495,150,27,8,715,4,0.6267967938958756,134968195.48842177,54998166.666666724,30822835.442535102,0.9915411576408362,0.5604338709933071,60.43275580949517,0.9928133515290762,2.0679572422195975
496,150,27,8,715,4,0.9244266929384177,108945641.08094487,39427666.666667596,28047100.250988215,0.9022484094035104,0.71135582250165,74.86761213273188,0.7805210765015815,2.2740324274413193
497,150,27,8,715,4,0.8901694516159795,120490773.06192192,44988166.66666795,30137446.264153708,0.9694928428245763,0.66989718624126,67.69398015073119,0.8796483949787874,2.305735595587775
498,150,27,8,715,4,0.5558911690842581,133860224.09912898,54371166.666667126,30681737.643953294,0.9870021763129434,0.5643016239113201,60.932962385897234,0.9845708942361358,1.99190336244945
499,150,27,8,715,4,0.8836969018889216,130439560.59703429,51329666.666667074,30950910.654156085,0.9956612147923763,0.6029828881443968,62.530876082891744,0.9586959838712565,2.3247791962756956
500,150,21,10,749,4,0.8926560796698605,111532157.58140074,45039500.00000117,25731464.4125895,0.7901815508681018,0.5713088380774395,76.47857070974878,0.7598434565343416,2.1095466066661537
501,150,21,10,749,4,0.94660619320062,113500219.03084823,44342833.33333439,27136007.173016645,0.8333133275481681,0.6119592532355699,75.1524540906981,0.7768244388956909,2.212998034684767
502,150,21,10,749,4,0.9667719092630237,101967201.69595681,38182833.33333401,25433685.38927319,0.7810371241581728,0.6661026217525172,83.6525849305348,0.674212626090807,2.1738666327558445
503,150,21,10,749,4,0.9769303975701257,109535274.19778635,39898833.33333354,28033478.703978673,0.8608735718787852,0.7026139954964062,77.87281368920317,0.7423902518744584,2.281411845841709
504,150,21,10,749,4,0.9540687473150808,120380421.26849228,44025666.666667834,30695998.341543075,0.9426362676466198,0.6972296086724168,70.85720343987988,0.834474252079629,2.346326686332643
505,150,21,10,749,4,0.8604856240375838,111004627.77441429,40984166.66666725,28058812.15604957,0.8616515309613016,0.6846256600569123,76.84202155368209,0.7552546066518482,2.1634407587349616
506,150,21,10,749,4,0.9255387735148423,87971546.9226883,32534333.33333377,22203468.808859453,0.681841155121045,0.6824626950665191,96.96112320835087,0.5400904139820143,2.011599343550072
507,150,21,10,749,4,0.8967879874304908,109522348.76849161,41864166.66666761,26774498.341542855,0.8222118369945752,0.6395564625644585,77.88200395546974,0.7422765478479592,2.1507097053300166
508,150,21,10,749,4,0.8425924222361376,124130294.53978851,46423666.66666787,30997650.49932549,0.9518996335412789,0.6677122408683362,68.71666607756147,0.8647820510009099,2.241544265931717
509,150,21,10,749,4,0.9630979593564974,119717195.54175861,42491166.66666744,31350381.588623542,0.9627315704536825,0.7378093859968458,71.24974788625674,0.8290326016816232,2.382378069835597
510,150,27,10,679,4,0.5804855036276836,132688873.89427951,56468499.99999991,28773261.53942399,0.9746832867208187,0.5095453489896852,58.49186726977417,0.9748644544962362,1.962986237315668
511,150,27,10,679,4,0.7695949868688268,114696158.02740878,46442000.00000104,26382775.02557576,0.8937064656195002,0.5680800789280214,67.66765455339238,0.8800344341526256,2.1040934841638697
512,150,27,10,679,4,0.9411692285102947,118082402.77565569,45118333.3333341,28879091.967945084,0.9782682522195919,0.6400744405735568,65.72715169715434,0.9089615105904396,2.36219029155958
513,150,27,10,679,4,0.8778290364426544,123849005.66857794,48992166.66666737,29224322.109276902,0.989962791900724,0.5965100973817545,62.66679298798052,0.9565267252723648,2.3115638396204226
514,150,27,10,679,4,0.8591141840194931,124487344.03990792,49126000.00000095,29450555.41234963,0.9976263589628906,0.5994901968885938,62.34545414923402,0.9616632875882852,2.3003696291186535
515,150,27,10,679,4,0.5820080600086299,126677683.93370108,51986000.00000055,28696616.853927955,0.9720869771621473,0.5520066335922681,61.267460526527834,0.9790972139879497,2.002710580870394
516,150,27,10,679,4,0.9477420374180899,112048130.03796749,42153833.33333441,27823632.847550187,0.9425149761074478,0.6600498850847762,69.2668409313936,0.8568886071193742,2.3326705526052853
517,150,27,10,679,4,0.9323722395075547,121548071.59563987,48068166.66666759,28690310.360648997,0.9718733471018778,0.5968671649077896,63.85309037085873,0.9378003746314864,2.3476663460652727
518,150,27,10,679,4,0.9027425515339745,130185645.75849055,53603000.00000055,29378002.810389545,0.9951686671770043,0.5480663920002471,59.616557223197724,0.9936092870532954,2.3348049521874676
519,150,27,10,679,4,0.9772661973477539,119311733.67871162,46086333.3333346,28862070.446741667,0.9776916546653381,0.6262609402658967,65.04993063716421,0.9192790930510766,2.397554042611548
520,150,25,10,708,4,0.9521791265363017,130022466.9191879,52768833.333333544,29829691.192054726,0.9690801543024233,0.565289950672675,62.14033767734688,0.9649564630971127,2.369367550171554
521,150,25,10,708,4,0.9400682187820268,103169564.93681419,42153833.33333428,23490153.86537033,0.7631269725817342,0.5572483451177584,78.31418117298784,0.7369491737440907,2.1228160686203243
522,150,25,10,708,4,1.0,108190487.25585133,40905333.33333412,26736353.630640052,0.8685865882770513,0.6536153467511866,74.67976348875371,0.7829685695848199,2.3058608469857695
523,150,25,10,708,4,0.9105847182314157,122662035.44441001,45873666.66666758,30632354.048027005,0.9951563425978498,0.6677546460502335,65.86911729229917,0.906813365251804,2.3516018003234067
524,150,25,10,708,4,0.956880354689953,115345547.53089714,44383166.66666785,28011614.705169648,0.9100161220568104,0.6311315034266498,70.04726383422593,0.8458151879188467,2.3076007453501197
525,150,25,10,708,4,0.8238375182083438,117711971.55740164,45578500.00000109,28404644.81408689,0.9227845304235879,0.6232027121139618,68.63906782888267,0.8659012007561997,2.188300888655713
526,150,25,10,708,4,0.9598127557245345,94164591.03089441,34208166.6666671,24159781.37183626,0.7848812282028583,0.7062577076186278,85.80337801657477,0.6504724719125299,2.1752913937319667
527,150,25,10,708,4,0.8958494332389945,137765490.11107332,57438333.333333276,30632354.048026714,0.9951563425978404,0.5333085462326567,58.647778870352774,0.9774629811725463,2.299959251397666
528,150,25,10,708,4,0.8617520108796797,137660423.54314566,57724333.33333347,30398785.200819094,0.987568368152014,0.5266199442318206,58.69254061584135,0.9782090102640225,2.261256976529159
529,150,25,10,708,4,0.8628943352993232,121594509.8316458,45133000.00000127,30583444.850321252,0.9935674246115944,0.6776293366344004,66.44740795605574,0.8981153208523812,2.303113125459225
530,150,24,9,630,4,0.49820584603082874,119055391.22147873,48198333.33333446,27390272.273372773,0.9999999999999932,0.5682825603936262,60.67091902258069,0.9888803022936324,1.941712196639362
531,150,24,9,630,4,0.893959614602298,107349152.85200585,44495000.00000128,24037570.938018877,0.87759518043881,0.5402308335322662,67.2869771963462,0.8856356706039652,2.2117799520320762
532,150,24,9,630,4,0.9093057386264998,106382138.3712033,39662333.33333401,26645891.184903577,0.9728231584907239,0.6718185478641312,67.89861635226592,0.876653373526551,2.323413950444356
533,150,24,9,630,4,0.9322420972149981,113644197.88814446,44055000.00000093,27390272.27337272,0.9999999999999915,0.6217290267477503,63.55977809891811,0.9423960712395116,2.3720213898527103
534,150,24,9,630,4,0.9045150379684437,120281289.88814431,49137000.00000079,27390272.27337283,0.9999999999999953,0.5574266290854629,60.05256517216618,0.9991242974487022,2.3495806386855165
535,150,24,9,630,4,0.5899374537282918,112521789.40649107,44685666.66666775,26440511.830073297,0.9653248995183245,0.5917000640788469,64.1937889372324,0.9324903441775073,1.9957878491688765
536,150,24,9,630,4,0.8696315095301119,96549186.99334912,35289833.333333746,24633950.541734524,0.8993685895441809,0.6980466671251182,74.8136802073494,0.7812229753182334,2.20929181854844
537,150,24,9,630,4,0.8669477737753885,123446598.55480978,51560666.66666713,27390272.273372874,0.999999999999997,0.5312241684237201,58.512750327364664,0.9752125054560777,2.2671396139704423
538,150,24,9,630,4,0.8823183043130619,119809940.18504469,49102166.66666771,27182435.587298054,0.9924120255541617,0.5535893308298848,60.28882068419259,0.9951978891107329,2.3203876580877028
539,150,24,9,630,4,0.9142409409074705,115437553.55481249,45428166.66666794,27390272.273372803,0.9999999999999943,0.6029358938112266,62.57235862652142,0.9580333938140155,2.3546230497704674
540,150,24,9,791,4,0.5451994362876246,141880179.74580023,55227333.33333353,34049576.58002249,0.9901008474370622,0.6165348664312786,63.37023265764604,0.9453778933358109,1.9838052227684582
541,150,24,9,791,4,0.8979595845616334,123718154.4321144,47609833.33333431,30041001.512336664,0.8735386469584977,0.6309831269941304,72.67308537918302,0.8095974827922623,2.2123435689492
542,150,24,9,791,4,0.947155464509706,108064164.4479492,39504666.66666748,27567286.374465458,0.8016074307635457,0.6978235408761385,83.20038419702627,0.6793131465076478,2.1847274437182644
543,150,24,9,791,4,0.9206511357068566,121801257.24671522,45037666.6666676,30744931.469031587,0.8940076723227925,0.6826492965672647,73.8168078330117,0.794311060539973,2.261081633500641
544,150,24,9,791,4,0.937455897283441,131371909.42393656,48506333.333334126,33204947.82362158,0.9655405523768026,0.6845487082158557,68.43913618539369,0.8687913642108016,2.3538862280669273
545,150,24,9,791,4,0.6149400113301522,131100900.53711553,49478000.00000045,32453358.973701302,0.9436856915540424,0.6559149313573913,68.58061205654796,0.8667452272321967,2.006417183648262
546,150,24,9,791,4,0.8341420741324733,107710625.9569992,37587000.00000056,28617034.630062204,0.8321322343545462,0.7613545808407635,83.47347274343598,0.6762282948180295,2.119454033623114
547,150,24,9,791,4,0.9303697249204868,127773315.20804775,48849166.666667566,31230162.782517333,0.9081173319115438,0.6393182302499208,70.36664882147244,0.8413248053116626,2.283149114432086
548,150,24,9,791,4,0.9082088841622064,130409669.75720106,48500833.33333418,32738839.15269162,0.9519869450653895,0.6750160131824069,68.94412060654366,0.861509947141829,2.309731641849961
549,150,24,9,791,4,0.8860872635420829,117483636.55388243,43319833.333334565,29732666.774302065,0.8645728237064854,0.6863522891585737,76.52963649858077,0.7591970315667571,2.194366126435699
