int(self),self.nb_electrical,self.nb_activeCS_Cparking,self.nb_activeCS_Cparking_fast,self.nb_solar,self.nb_wind,self.avg_statisfied_day,self.monthly_profit,self.monthly_energy_consumption,self.monthly_renew_charge,self.self_consumption,self.self_sufficiency,self.payback_period,self.payback_period_norm,self.metric
0,150,30,2,200,0,0.6355454677824841,84865496.63115586,51351666.6666674,8695324.531229496,0.9999999999999991,0.16932896428994915,25.897450521642767,0.4316241753607128,1.2026328145751561
1,150,30,2,200,0,0.6528019034021916,80620343.63115795,48101166.666667834,8695324.531229502,0.9999999999999997,0.180771593160858,27.261109305798094,0.4543518217633016,1.2517709996941795
2,150,30,2,200,0,0.5723104278250236,88478545.6311544,54118166.666667,8695324.531229502,0.9999999999999997,0.16067293234057783,24.839920054315712,0.41399866757192855,1.1148474412694145
3,150,30,2,200,0,0.6508779787119114,82814699.70100883,49793333.33333409,8687704.425414791,0.9991236548115777,0.17447525288689233,26.538766764051033,0.44231277940085056,1.2327709604222759
4,150,30,2,200,0,0.6030442347537007,101970613.96448593,64448999.999998994,8695324.53122951,1.0000000000000007,0.13491791232183037,21.553268285365473,0.3592211380894245,1.0701997027005896
5,150,30,2,200,0,0.7145309276054572,87477714.29782085,53351833.33333356,8695324.531229502,0.9999999999999997,0.16298080099520723,25.124113240059238,0.41873522066765395,1.263650789069277
6,150,30,2,200,0,0.6053692672028214,96506745.29782006,60265333.33333297,8695324.531229496,0.9999999999999991,0.14428401952304612,22.77353767570944,0.37955896126182403,1.1003554440830823
7,150,30,2,200,0,0.5967136573465287,88992079.70100565,54523333.33333338,8687704.425414793,0.999123654811578,0.15933920203120597,24.696579823554387,0.41160966372590646,1.1357946826974
8,150,30,2,200,0,0.6652058526908925,94394943.29781885,58648333.33333273,8695324.531229502,0.9999999999999997,0.14826209095847437,23.283026857337852,0.3880504476222975,1.1718659730799694
9,150,30,2,200,0,0.6978949837218713,92694966.6311536,57346666.666666366,8695324.531229496,0.9999999999999991,0.1516273749923775,23.710025256768876,0.3951670876128146,1.2143639713285879
10,150,30,4,200,0,0.6355454677824841,84810426.9644892,51309500.000000745,8695324.531229496,0.9999999999999991,0.16946812054744967,25.91426642528561,0.43190444042142684,1.2030244046418708
11,150,30,4,200,0,0.6528019034021916,81843847.96449032,49038000.000000864,8695324.531229498,0.9999999999999992,0.17731809068945195,26.853576104505276,0.4475596017417546,1.2422159776955077
12,150,30,4,200,0,0.5723104278250236,88061931.63115434,53799166.66666691,8695324.5312295,0.9999999999999996,0.1616256360457156,24.957435741989418,0.4159572623664903,1.1175681990280864
13,150,30,4,200,0,0.6508779787119114,84315946.70100787,50942833.33333379,8687704.425414791,0.9991236548115777,0.17053830454557978,26.066243527972254,0.4344373921328709,1.2217460144812462
14,150,30,4,200,0,0.6030442347537007,104867757.29781893,66667333.33333216,8695324.531229507,1.0000000000000004,0.13042856368280809,20.95782399311128,0.34929706655185466,1.056684152251802
15,150,30,4,200,0,0.7145309276054572,87539966.96448733,53399500.00000011,8695324.531229502,0.9999999999999997,0.16283531739490975,25.10624662323199,0.41843744372053315,1.2632366252419183
16,150,30,4,200,0,0.6053692672028214,96492379.29782017,60254333.33333294,8695324.531229498,0.9999999999999992,0.14431035993919478,22.7769282506401,0.37961547084400166,1.100433025998179
17,150,30,4,200,0,0.5967136573465287,89011234.36767231,54538000.00000006,8687704.425414793,0.999123654811578,0.15929635163399433,24.691265272445335,0.4115210878740889,1.1356718265278132
18,150,30,4,200,0,0.6652058526908925,94347056.63115223,58611666.66666609,8695324.531229502,0.9999999999999997,0.1483548417191615,23.29484435950399,0.3882474059917332,1.1721371320579548
19,150,30,4,200,0,0.6978949837218713,92666234.6311537,57324666.666666396,8695324.531229496,0.9999999999999991,0.15168556638613168,23.717376763478807,0.3952896127246468,1.2145330495554234
20,150,35,2,200,0,0.7428341623933701,86284649.70100747,52451666.66666716,8687704.425414784,0.9991236548115769,0.1656325714228598,25.471506317934768,0.4245251052989128,1.2998653248305707
21,150,35,2,200,0,0.7118048717782094,90466403.29781978,55641666.66666661,8695324.5312295,0.9999999999999996,0.1562736174550758,24.294101676229307,0.4049016946038218,1.2417254603460919
22,150,35,2,200,0,0.7040759757632683,100287958.63115215,63161999.9999989,8695324.531229502,0.9999999999999997,0.13766702338794928,21.91489417072753,0.36524823617879215,1.17945783065242
23,150,35,2,200,0,0.6990480477900448,93375518.2978196,57869166.66666634,8695324.531229502,0.9999999999999997,0.15025833327297872,23.537218749245973,0.39228697915409955,1.2115416935625274
24,150,35,2,200,0,0.6799018739498408,106893924.2978184,68220166.6666652,8695324.53122951,1.0000000000000007,0.12745973743682387,20.560569877448636,0.3426761646241439,1.1245458285234438
25,150,35,2,200,0,0.7316504747536865,103802839.96448512,65853333.333332025,8695324.531229502,0.9999999999999997,0.13204076530516815,21.17283111668188,0.35288051861136466,1.1901636056091858
26,150,35,2,200,0,0.6495521163762735,95208330.03433798,59284499.99999943,8687704.425414791,0.9991236548115777,0.14654259419266208,23.084114585429006,0.38473524309048346,1.1515214348208866
27,150,35,2,200,0,0.6582088274482856,96161274.70100453,60014166.666665904,8687704.425414793,0.999123654811578,0.14476089410136334,22.85535426639931,0.3809225711066552,1.1549401138360316
28,150,35,2,200,0,0.6846898518367804,108232356.63115178,69244999.99999829,8695324.531229509,1.0000000000000007,0.12557331982424325,20.306311979235073,0.3384385329872512,1.1235870406834263
29,150,35,2,200,0,0.7348714767309165,90138379.63115315,55390500.00000005,8695324.531229502,0.9999999999999997,0.15698223578464707,24.382510635241196,0.40637517725401995,1.266832442612654
30,150,25,2,200,0,0.5382657928703819,84651839.96448925,51186666.66666733,8695324.531229496,0.9999999999999991,0.1698747954785631,25.96281428639896,0.4327135714399827,1.106879200693215
31,150,25,2,200,0,0.5691878890468851,81876807.63115713,49061833.333334215,8695324.531229498,0.9999999999999992,0.17723195283290827,26.84276614570469,0.4473794357617448,1.1583528870749566
32,150,25,2,200,0,0.5458408903797033,80286137.83875515,47851833.333334364,8690244.105459504,0.9994157290217572,0.181607338739219,27.374588679480528,0.4562431446580088,1.1473699060290874
33,150,25,2,200,0,0.592994974580385,78318733.26613756,46361333.333334416,8680087.164210996,0.9982476367657375,0.18722686644497127,28.062251626715934,0.4677041937785989,1.2104806615149608
34,150,25,2,200,0,0.518112796412181,83495376.9644897,50301166.666667484,8695324.531229502,0.9999999999999997,0.1728652655086733,26.3224154426504,0.43870692404417333,1.095111932863293
35,150,25,2,200,0,0.5901335574565814,81579910.29782398,48834500.00000099,8695324.531229502,0.9999999999999997,0.17805699927775084,26.9404561978125,0.449007603296875,1.1815867601756571
36,150,25,2,200,0,0.5254225923195072,83072726.70100883,49989500.00000085,8687704.425414788,0.9991236548115774,0.17379058453104432,26.456336360671187,0.4409389393445198,1.1053939992888624
37,150,25,2,200,0,0.5609294341534363,87824331.6311546,53615833.333333716,8695324.531229498,0.9999999999999992,0.1621782967947174,25.02495560376525,0.4170825933960875,1.1077546649852978
38,150,25,2,200,0,0.5459418721980754,83018904.63115667,49936333.33333421,8695324.531229502,0.9999999999999997,0.17412821388359875,26.473488294799477,0.4412248049133246,1.126469248218279
39,150,25,2,200,0,0.6127137616172577,86102805.96448855,52297666.66666688,8695324.531229498,0.9999999999999994,0.16626601310248634,25.52530054486773,0.4254216757477955,1.1711482478470423
40,150,25,4,200,0,0.5382657928703819,84596770.29782262,51144500.000000685,8695324.531229496,0.9999999999999991,0.17001485069224218,25.979715209725537,0.4329952534954256,1.1072729269196013
41,150,25,4,200,0,0.5691878890468851,83994545.03434213,50695333.333333924,8687704.425414786,0.9991236548115772,0.1713708906555768,26.165984935109826,0.4360997489184971,1.1423843504898437
42,150,25,4,200,0,0.5458408903797033,80211913.5054217,47795000.000000976,8690244.105459504,0.9994157290217572,0.18182328916119525,27.399919836739038,0.4566653306123173,1.147964852320977
43,150,25,4,200,0,0.592994974580385,79494350.93280381,47261500.00000094,8680087.164210996,0.9982476367657375,0.1836608479250727,27.647247561751776,0.4607874593625296,1.2007111122829728
44,150,25,4,200,0,0.5182588700633438,85501828.29782169,51837500.00000041,8695324.531229498,0.9999999999999994,0.16774197311269698,25.70471349857665,0.42841189164294413,1.0808643401964455
45,150,25,4,200,0,0.5901335574565814,81623008.29782374,48867500.00000083,8695324.531229502,0.9999999999999997,0.17793675819776647,26.926231289843287,0.4487705214973881,1.1812534855121826
46,150,25,4,200,0,0.5254225923195072,83058360.70100875,49978500.000000745,8687704.425414791,0.9991236548115777,0.17382883490730336,26.46091232057398,0.4410152053428996,1.1055008655882494
47,150,25,4,200,0,0.5559161013053416,89548251.63115487,54935833.33333366,8695324.531229502,0.9999999999999999,0.1582814713753218,24.54319274766678,0.409053212461113,1.0915944908667121
48,150,25,4,200,0,0.5459418721980754,83356105.13749315,50194833.33333412,8695129.073121442,0.9999775214706065,0.17322757135936248,26.36639507537932,0.43943991792298864,1.123963847208554
49,150,25,4,200,0,0.6127137616172577,86074073.96448845,52275666.66666688,8695324.531229498,0.9999999999999994,0.166335985472453,25.533821030787337,0.4255636838464556,1.1713462338416756
50,150,20,2,200,0,0.5169682710016644,71247800.9644917,40921833.3333342,8695324.531229496,0.9999999999999991,0.21248619191619744,30.847267848945037,0.5141211308157506,1.201078355350373
51,150,20,2,200,0,0.4930575392638964,69509514.96449165,39590833.333334155,8695324.5312295,0.9999999999999996,0.21962974252194706,31.618692795119166,0.5269782132519861,1.1957395465334402
52,150,20,2,200,0,0.48075378176584205,67853783.034344,38335000.000000834,8687704.425414791,0.9991236548115777,0.2266259143188888,32.39023532243721,0.5398372553739536,1.2018917685949067
53,150,20,2,200,0,0.5505433132621852,69674723.96449147,39717333.33333412,8695324.531229502,0.9999999999999997,0.21893022016993408,31.543720232319416,0.5257286705386569,1.2514161599367895
54,150,20,2,200,0,0.4881235415072078,74556769.63115881,43455500.00000118,8695324.531229502,0.9999999999999997,0.2000972151103834,29.478208496328065,0.4913034749388011,1.1395047885343157
55,150,20,2,200,0,0.5214320761581415,74391560.6311586,43329000.00000119,8695324.531229502,0.9999999999999997,0.20068140347640756,29.543673789785508,0.4923945631630918,1.1743717621023593
56,150,20,2,200,0,0.4856548353098414,75011692.964492,43803833.33333443,8695324.531229507,1.0000000000000002,0.19850601807062446,29.299432037087396,0.48832386728478994,1.132783517051131
57,150,20,2,200,0,0.4992937785144472,84107765.29782273,50768666.66666735,8695324.5312295,0.9999999999999996,0.17127344683524057,26.13076203151594,0.43551270052526564,1.0718252365079053
58,150,20,2,200,0,0.5198368636887646,80586847.70101,48084666.6666677,8687704.425414791,0.9991236548115777,0.1806751513042537,27.272440388215543,0.4545406731369257,1.1189176578690931
59,150,20,2,200,0,0.4982271047212426,83456506.63115574,50270000.00000046,8695324.531229498,0.9999999999999994,0.17297243945155,26.334675254421967,0.4389112542403661,1.0755163105228487
60,150,20,2,300,0,0.5465849911640484,80280666.28007045,41017166.66666757,13042986.796844307,1.0000000000000033,0.31798848767005733,41.05347093784867,0.6842245156308112,1.4852002969309055
61,150,20,2,300,0,0.5343880519565011,90662495.61340216,48966500.00000071,13042986.796844324,1.0000000000000044,0.26636551105029227,36.352407659874736,0.6058734609979123,1.353353921794647
62,150,20,2,300,0,0.47800353876700996,82361864.8848484,42628666.66666744,13031556.638122238,0.999123654811581,0.3056993722093584,40.0160924550205,0.6669348742503416,1.3894979107848382
63,150,20,2,300,0,0.5289344573781042,77777339.25813156,39112333.33333382,13035366.158189313,0.9994157290217609,0.3332801969929984,42.37481034240223,0.7062468390400372,1.50180545401254
64,150,20,2,300,0,0.486972888469109,81017520.20624135,41581833.33333404,13042693.609682245,0.9999775214706121,0.31366326503999,40.68008983254589,0.6780014972090982,1.4159049977101992
65,150,20,2,300,0,0.5834784926126633,91862056.61340152,49885000.00000077,13042986.796844311,1.0000000000000036,0.2614610964587373,35.877707526952804,0.5979617921158801,1.3906091618955332
66,150,20,2,300,0,0.5093743196436487,83743395.21818218,43686500.00000097,13031556.63812227,0.9991236548115834,0.2982971086748076,39.35593955097277,0.6559323258495462,1.403944332433041
67,150,20,2,300,0,0.47681778520582524,82938376.28007038,43052166.66666765,13042986.796844311,1.0000000000000036,0.30295773259984626,39.73793734363186,0.6622989557271978,1.3814829270128999
68,150,20,2,300,0,0.519577867680537,82682705.55151565,42874333.333334394,13031556.638122272,0.9991236548115836,0.3039477380745733,39.86081464093533,0.6643469106822555,1.4270829688224511
69,150,20,2,300,0,0.5023607575437489,82612746.94673702,42802833.33333438,13042986.796844337,1.0000000000000056,0.304722509728967,39.89456980682296,0.6649094967803826,1.411048262107305
70,150,25,2,300,0,0.568696305200968,89801096.6134028,48308333.33333424,13042986.796844304,1.0000000000000029,0.269994551599325,36.70111083596837,0.6116851805994729,1.396377127079901
71,150,25,2,300,0,0.5941707361985525,97043954.94673346,53854166.66666697,13042986.796844337,1.0000000000000056,0.24219085734952597,33.961929950289374,0.5660321658381562,1.3539555879163294
72,150,25,2,300,0,0.5404760164316321,86023361.55151561,45433666.66666785,13031556.638122236,0.9991236548115808,0.2868259947789502,38.31284828396633,0.6385474713994389,1.4084842836542313
73,150,25,2,300,0,0.6055290198419293,85159007.21818198,44771833.33333431,13031556.638122274,0.9991236548115838,0.2910659597318699,38.70171937955996,0.6450286563259994,1.4834104439534246
74,150,25,2,300,0,0.5291215641885548,88163364.1698936,47056166.666668,13041814.138550706,0.9999100928098891,0.2771541981082962,37.38287474657715,0.6230479124429525,1.3738928351181445
75,150,25,2,300,0,0.6428288020546403,98080701.28006515,54648000.0,13042986.796844337,1.0000000000000056,0.23867271989540947,33.60294081288211,0.5600490135480352,1.393815991519003
76,150,25,2,300,0,0.5377414314610013,88345864.884849,47212000.00000124,13031556.638122272,0.9991236548115836,0.2760221265382091,37.30565096958169,0.6217608494930282,1.3803199821845968
77,150,25,2,300,0,0.5466126873311755,84641831.21818228,44375833.33333447,13031556.638122229,0.9991236548115803,0.293663367180828,38.938193474387106,0.6489698912397851,1.430513272315623
78,150,25,2,300,0,0.5819031972159846,88836180.28007032,47569500.00000129,13042986.796844337,1.0000000000000056,0.27418801536370957,37.099749106833066,0.6183291517805511,1.4195827612875034
79,150,25,2,300,0,0.6055451632039561,92669507.94673473,50504666.66666732,13042986.796844337,1.0000000000000056,0.2582531013010844,35.56509657841698,0.592751609640283,1.4048992538851066
80,150,20,4,300,0,0.5465849911640484,80254328.6134038,40997000.00000091,13042986.796844307,1.0000000000000033,0.3181449080870312,41.0669437641965,0.6844490627366083,1.4855499803702816
81,150,20,4,300,0,0.6123063192137725,89465328.94673593,48049833.33333405,13042986.796844337,1.0000000000000056,0.27144707675387303,36.838851863632975,0.6139808643938829,1.4434448450107538
82,150,20,4,300,0,0.47800353876700996,82335527.2181817,42608500.000000775,13031556.638122238,0.999123654811581,0.30584406017864985,40.02889288929222,0.6671482148215371,1.389827001731467
83,150,20,4,300,0,0.5289344573781042,78804508.2581313,39898833.333333716,13035366.15818929,0.9994157290217591,0.3267104591576821,41.82248037389319,0.6970413395648866,1.4873441642691363
84,150,20,4,300,0,0.45792336621512697,83594946.55151469,43572833.33333409,13031556.638122238,0.999123654811581,0.29907526413144303,39.42582818650396,0.6570971364417327,1.354280713962014
85,150,20,4,300,0,0.5834784926126633,91938675.2800682,49943666.66666744,13042986.796844311,1.0000000000000036,0.2611539694090831,35.84780822608297,0.5974634704347161,1.3898651385746459
86,150,20,4,300,0,0.5320650778926643,89075575.55151452,47769333.333334155,13031556.638122225,0.99912365481158,0.27280172714967765,37.00004158933512,0.616667359822252,1.3669738194346586
87,150,20,4,300,0,0.47681778520582524,82957530.94673708,43066833.33333433,13042986.796844311,1.0000000000000036,0.30285455853910803,39.72876196274537,0.6621460327124228,1.3812474647495345
88,150,20,4,300,0,0.519577867680537,82598903.88484898,42810166.66666773,13031556.63812227,0.9991236548115834,0.3044033147450632,39.90125588827026,0.665020931471171,1.4281214509477587
89,150,20,4,300,0,0.5207076610424886,87559439.61340323,46590500.00000107,13042986.796844333,1.0000000000000053,0.2799494917814583,37.6407160044854,0.6273452667414233,1.3720125212090784
90,150,25,4,300,0,0.568696305200968,89774758.9467362,48288166.66666759,13042986.796844304,1.0000000000000029,0.2701073098690995,36.71187802303556,0.6118646337172593,1.3966467868135068
91,150,25,4,300,0,0.5941707361985525,97039166.28006682,53850500.000000305,13042986.796844337,1.0000000000000056,0.24220734806258554,33.96360589587014,0.5660600982645023,1.3539967129131232
92,150,25,4,300,0,0.5404760164316321,85997023.88484892,45413500.000001185,13031556.638122238,0.999123654811581,0.2869533649272111,38.324582074062434,0.6387430345677072,1.4087817429411083
93,150,25,4,300,0,0.6079968306602798,87919673.55151467,46885666.66666746,13031556.638122246,0.9991236548115817,0.27794329407257423,37.486490416378714,0.6247748402729786,1.4551263061913178
94,150,25,4,300,0,0.5291215641885548,88134632.16989355,47034166.66666798,13041814.138550706,0.9999100928098891,0.2772838356205668,37.3950616103647,0.6232510268394117,1.37419965952442
95,150,25,4,300,0,0.6428288020546403,98157319.94673178,54706666.66666666,13042986.796844339,1.0000000000000058,0.2384167705979346,33.576711362826245,0.5596118560471041,1.393174074580092
96,150,25,4,300,0,0.5591577354799484,94796198.88484567,52151000.00000042,13031556.638122264,0.999123654811583,0.24988124174267337,34.767216816399944,0.5794536136066657,1.338516342480753
97,150,25,4,300,0,0.5466126873311755,84660985.884849,44390500.00000117,13031556.638122229,0.9991236548115803,0.2935663405035286,38.92938365356101,0.6488230608926835,1.430288820626682
98,150,25,4,300,0,0.5819031972159846,89583212.28007013,48141500.00000119,13042986.796844333,1.0000000000000053,0.27093021191371297,36.79037529594401,0.6131729215990668,1.4118202883460218
99,150,25,4,300,0,0.6365245418565224,91254456.94673498,49421166.66666724,13042986.796844337,1.0000000000000056,0.2639149918255846,36.11659211257759,0.6019432018762932,1.4495997371932834
100,150,20,6,300,0,0.9419421752211828,78916427.85234544,40280166.6666674,12846931.927286327,0.9849685602989822,0.31893939351341877,41.76316756463587,0.6960527927439312,1.8931464827758488
101,150,20,6,300,0,0.6123063192137725,89417442.28006926,48013166.66666739,13042986.796844337,1.0000000000000056,0.27165437529658476,36.85858056280613,0.6143096760467689,1.4439394954978093
102,150,20,6,300,0,0.8957517971628767,74464830.6134022,36564000.000000335,13042986.79684429,1.000000000000002,0.3567166282913295,44.25982000967341,0.7376636668278902,1.9187887666238304
103,150,20,6,300,0,0.8181264546401793,77227891.28006963,38679666.66666733,13042986.79684434,1.000000000000006,0.3372052533245922,42.67629149742891,0.7112715249571485,1.7991621822570014
104,150,20,6,300,0,0.47989782309813134,84509581.88484813,44273166.66666749,13031556.638122238,0.999123654811581,0.2943443539116319,38.999127986348604,0.6499854664391435,1.3653587726665803
105,150,20,6,300,0,0.5834784926126633,93667383.94673388,51267333.333333805,13042986.796844311,1.0000000000000036,0.2544112585696712,35.18620741958837,0.5864367903264729,1.373444289794873
106,150,20,6,300,0,0.5320650778926643,89549653.55151439,48132333.333334096,13031556.63812221,0.9991236548115789,0.27074433620065524,36.80416248739652,0.6134027081232752,1.3620632549764637
107,150,20,6,300,0,0.47681778520582524,82167923.8848486,42480166.666667625,13031556.638122244,0.9991236548115815,0.3067680204830164,40.110542462029166,0.6685090410338195,1.3907412426260577
108,150,20,6,300,0,0.7951908445714431,73918922.61340295,36146000.00000055,13042986.796844324,1.0000000000000044,0.3608417749362066,44.5866888135949,0.7431114802265816,1.8269757447469899
109,150,20,6,300,0,0.5207076610424886,87525918.94673677,46564833.33333446,13042986.796844328,1.0000000000000049,0.280103800726099,37.65513164169843,0.6275855273616405,1.3723762289850083
110,150,20,4,400,0,0.5239653662430702,91851524.92898232,43055833.33333437,17390649.062459026,1.000000000000001,0.403909243326501,47.83589606593026,0.797264934432171,1.644357695336442
111,150,20,4,400,0,0.5295332111783717,87745243.2623154,39911666.66666753,17390649.062458996,0.9999999999999992,0.4357284602445054,50.07450930262607,0.8345751550437678,1.712691134417744
112,150,20,4,400,0,0.46457728529171244,92778031.06868659,43789166.66666764,17375408.850829605,0.999123654811579,0.39679697453698715,47.35819406155674,0.789303234359279,1.571318099280581
113,150,20,4,400,0,0.951950737552664,76180653.50276212,31315166.666666903,17225904.914313227,0.9905268545438357,0.5500818532334096,57.6760607578759,0.9612676792979317,2.3532838994373235
114,150,20,4,400,0,0.5220586475313925,92600951.26231562,43629666.66666773,17390649.062458966,0.9999999999999977,0.3985968812304749,47.448756628357415,0.7908126104726236,1.631748762988396
115,150,20,4,400,0,0.5286530630407579,91762934.59564932,42988000.00000116,17390649.062458966,0.9999999999999977,0.40454659585136543,47.88207808916695,0.7980346348194493,1.6503249745412996
116,150,20,4,400,0,0.47918465555713563,93783751.92898285,44535333.333334595,17390649.062458985,0.9999999999999987,0.39049104970866183,46.8503329161663,0.7808388819361051,1.5724163772601703
117,150,20,4,400,0,0.48188999991711634,97234715.67750958,47193666.6666677,17380488.210919026,0.9994157290217583,0.36828009854963545,45.1875646407252,0.75312607734542,1.5296401561022448
118,150,20,4,400,0,0.5007668664639383,93395869.92898206,44238333.333334394,17390649.062458977,0.9999999999999982,0.39311266388408,47.04490683946766,0.7840817806577943,1.5993387782289967
119,150,20,4,400,0,0.48000630033174757,87259193.59564872,39539500.00000091,17390649.062458977,0.9999999999999982,0.43982976675118746,50.35343347728464,0.8392238912880773,1.671094005020775
120,150,20,4,200,0,0.5169682710016644,71192731.29782504,40879666.666667536,8695324.531229496,0.9999999999999991,0.2127053677352876,30.87112911577735,0.5145188185962891,1.2016513837861837
121,150,20,4,200,0,0.4930575392638964,69504726.297825,39587166.666667506,8695324.5312295,0.9999999999999996,0.21965008520175267,31.620871227986918,0.5270145204664486,1.1957921278917472
122,150,20,4,200,0,0.48075378176584205,67779558.70101058,38278166.666667506,8687704.425414791,0.9991236548115777,0.22696239611130628,32.425705361921025,0.5404284226986837,1.2027521213535708
123,150,20,4,200,0,0.9008403115850288,52803003.7010084,26810666.666666623,8687704.42541478,0.9991236548115766,0.3240391047872039,41.62263216018576,0.693710536003096,1.853782131417888
124,150,20,4,200,0,0.48871886241812157,75061973.96449189,43842333.33333443,8695324.531229498,0.9999999999999994,0.19833170066745112,29.27980552496089,0.48799675874934817,1.1353809817014306
125,150,20,4,200,0,0.5214320761581415,74434658.63115835,43362000.000001036,8695324.531229502,0.9999999999999997,0.20052867790298634,29.52656787062903,0.4921094645104838,1.1739644829910143
126,150,20,4,200,0,0.4856548353098414,74997326.96449183,43792833.33333431,8695324.531229507,1.0000000000000004,0.19855587933861277,29.30504444565829,0.4884174074276382,1.1329169462083697
127,150,20,4,200,0,0.4998880022299294,81457238.29782413,48739166.666667625,8695324.531229502,0.9999999999999999,0.17840527702694953,26.98102766465515,0.4496837944109192,1.0922960182624082
128,150,20,4,200,0,0.5198368636887646,81676269.36767632,48918833.33333425,8687704.425414791,0.9991236548115777,0.17759426857579655,26.908672702793492,0.44847787837989156,1.1103901569292933
129,150,20,4,200,0,0.4982271047212426,85534787.96448827,51861333.33333351,8695324.531229498,0.9999999999999994,0.16766488580887756,25.69480853699511,0.4282468089499185,1.060605822318263
130,150,20,6,200,0,0.8983599277345998,71326813.96449131,40982333.33333412,8695324.531229503,1.0,0.21217251005464155,30.813096475809683,0.5135516079301614,1.5816495437084745
131,150,20,6,200,0,0.4930575392638964,69502331.96449167,39585333.33333413,8695324.5312295,0.9999999999999996,0.21966025795486518,31.621960556990278,0.5270326759498379,1.1958184215776266
132,150,20,6,200,0,0.8309749898021359,66916451.96449078,37605333.33333389,8695324.531229507,1.0000000000000002,0.23122583315919845,32.84394099624802,0.5473990166041337,1.5633546729336283
133,150,20,6,200,0,0.946356376063061,54833398.36767478,28365333.333333198,8687704.425414786,0.9991236548115772,0.30627894702741,40.081411428543525,0.6680235238090587,1.8594030574940477
134,150,20,6,200,0,0.48871886241812157,75016481.63115856,43807500.000001095,8695324.531229498,0.9999999999999994,0.1984894032124472,29.297561711920252,0.48829269519867086,1.1358030801867502
135,150,20,6,200,0,0.5214320761581415,74415503.96449168,43347333.33333435,8695324.531229496,0.9999999999999991,0.2005965272272641,29.53416805520404,0.4922361342534007,1.1741454321933535
136,150,20,6,200,0,0.4856548353098414,74994932.6311586,43791000.00000103,8695324.531229509,1.0000000000000007,0.19856419198532357,29.30598005613604,0.48843300093560066,1.132939189833701
137,150,20,6,200,0,0.4998880022299294,81442872.29782417,48728166.66666767,8695324.531229502,0.9999999999999999,0.17844555061369688,26.985786944779896,0.4497631157463316,1.0924075584672186
138,150,20,6,200,0,0.5198368636887646,81623594.03434306,48878500.000000924,8687704.425414791,0.9991236548115777,0.17774081498848424,26.926038065357393,0.44876730108928986,1.1107968167688418
139,150,20,6,200,0,0.5600220302146031,78038130.29782447,46121166.666667506,8695324.531229502,0.9999999999999997,0.18853218944077035,28.16315551913306,0.46938592531888435,1.1802337070861038
140,150,25,6,200,0,0.5382657928703819,84500996.96448922,51071166.6666673,8695324.531229496,0.9999999999999991,0.17025897583233962,26.009160589236664,0.4334860098206111,1.1079589833568646
141,150,25,6,200,0,0.5691878890468851,83970601.70100889,50677000.00000058,8687704.425414786,0.9991236548115772,0.17143288721539723,26.17344589033228,0.4362240981722047,1.1425582969914077
142,150,25,6,200,0,0.5458408903797033,80204730.50542165,47789500.00000096,8690244.105459504,0.9994157290217572,0.18184421484759894,27.402373727213433,0.45670622878689054,1.148022491044673
143,150,25,6,200,0,0.903813235985743,73185377.63115835,42406833.33333425,8695324.531229502,0.9999999999999997,0.20504536292254738,30.03058904849179,0.5005098174748632,1.568359343798644
144,150,25,6,200,0,0.5182588700633438,85456335.96448837,51802666.66666708,8695324.531229498,0.9999999999999994,0.16785476676675773,25.71839729839695,0.4286399549732825,1.0811826384500325
145,150,25,6,200,0,0.5901335574565814,81603853.63115706,48852833.33333415,8695324.531229496,0.9999999999999991,0.1779901786227892,26.932551616175893,0.4488758602695982,1.1814015606244108
146,150,25,6,200,0,0.5254225923195072,83055966.36767553,49976666.66666748,8687704.425414791,0.9991236548115777,0.17383521160704296,26.46167513445921,0.44102791890765347,1.105518680512795
147,150,25,6,200,0,0.5559161013053416,89533885.63115478,54924833.33333367,8695324.531229502,0.9999999999999999,0.15831317099240685,24.547130781904094,0.40911884636506823,1.0916854844643353
148,150,25,6,200,0,0.5459418721980754,83304977.03434238,50167333.3333341,8687704.425414791,0.9991236548115777,0.17317453107762004,26.38257734701685,0.43970962245028083,1.1241911195104524
149,150,25,6,200,0,0.6127137616172577,86033370.29782183,52244500.00000017,8695324.531229498,0.9999999999999994,0.16643521387379476,25.545901461164114,0.4257650243527352,1.1716269570690288
150,150,30,4,300,0,0.7400108433453787,96149035.28006755,53170333.33333385,13042986.796844307,1.0000000000000033,0.245305718041593,34.27803503591934,0.571300583931989,1.507556001710642
151,150,30,4,300,0,0.6812766140941565,103700762.61339734,58952666.666666396,13042986.796844337,1.0000000000000056,0.2212450688718248,31.781829920450438,0.5296971653408407,1.387969834532457
152,150,30,4,300,0,0.5963735643773305,92790308.5515135,50616500.0000008,13031556.638122257,0.9991236548115825,0.25745669175312497,35.51879556656828,0.5919799261094714,1.3943188438893017
153,150,30,4,300,0,0.6811643598718643,100272077.28006558,56327333.33333341,13042986.796844319,1.0000000000000042,0.23155697287600396,32.86857208307996,0.5478095347179993,1.4142194728906667
154,150,30,4,300,0,0.6160897939768513,99019840.94673228,55368500.00000009,13042986.796844311,1.0000000000000036,0.23556691614987382,33.284238476740995,0.5547373079456832,1.3592806348424336
155,150,30,4,300,0,0.7086955678508847,108058449.28006251,62289333.333332375,13042986.796844337,1.0000000000000056,0.20939358472576156,30.50016007038976,0.5083360011731627,1.3845464368046567
156,150,30,4,300,0,0.6138791690125991,100310909.55151032,56375000.00000002,13031556.638122246,0.9991236548115817,0.23115843260527258,32.85584803024425,0.5475974671707375,1.3464033822675547
157,150,30,4,300,0,0.5882045338346137,96870252.55151203,53740500.000000335,13031556.638122257,0.9991236548115825,0.24249042413305003,34.02282861033541,0.5670471435055902,1.3492440166466437
158,150,30,4,300,0,0.633694221978256,96297483.94673392,53284000.000000544,13042986.796844333,1.0000000000000053,0.24478242618504994,34.22519327527853,0.5704198879213088,1.3999400508476048
159,150,30,4,300,0,0.6437490924388962,95944916.20623803,53014500.00000017,13042693.609682249,0.9999775214706124,0.2460212509725114,34.35096022092015,0.5725160036820025,1.4130820968989077
160,150,30,2,300,0,0.7400108433453787,94913559.28006701,52224333.333333746,13042986.796844307,1.0000000000000033,0.24974922539641556,34.724227233696816,0.5787371205616136,1.5185473442241249
161,150,30,2,300,0,0.6812766140941565,103705551.280064,58956333.33333306,13042986.796844337,1.0000000000000056,0.221231308994415,31.780362375196912,0.5296727062532819,1.3879343675429703
162,150,30,2,300,0,0.5963735643773305,92816646.21818018,50636666.66666746,13031556.638122257,0.9991236548115825,0.2573541565029699,35.50871674734618,0.591811945789103,1.3940688353688095
163,150,30,2,300,0,0.6811643598718643,100296020.61339897,56345666.66666677,13042986.796844346,1.0000000000000062,0.23148163059290552,32.860725478870094,0.5476787579811683,1.4140284223273571
164,150,30,2,300,0,0.6160897939768513,97355779.28006566,54094333.33333346,13042986.796844311,1.0000000000000036,0.2411155844452767,33.85315206115186,0.5642192010191976,1.3732014625522702
165,150,30,2,300,0,0.6560175125989876,107819015.94672875,62105999.999998994,13042986.796844337,1.0000000000000056,0.2100117025222128,30.56789167532738,0.5094648612554563,1.3334917358722143
166,150,30,2,300,0,0.6027116815446097,96946871.21817793,53799166.66666692,13031556.638122272,0.9991236548115836,0.24222599429586353,33.99593982339911,0.5665989970566518,1.3630914740379523
167,150,30,2,300,0,0.5882045338346137,96851097.88484538,53725833.33333366,13031556.638122257,0.9991236548115825,0.2425566218260398,34.02955745446129,0.5671592909076881,1.3494091222031337
168,150,30,2,300,0,0.633694221978256,95550451.9467335,52712000.00000047,13042986.796844337,1.0000000000000056,0.24743866286318522,34.492772486699586,0.5748795414449931,1.4065246937137972
169,150,30,2,300,0,0.6437490924388962,96026323.53957127,53076833.33333348,13042693.609682249,0.9999775214706124,0.24573232407765244,34.321838830389474,0.5720306471731579,1.412365598874176
170,150,40,2,200,0,0.7187502876770155,100092184.29781806,63013499.99999867,8695324.531229502,0.9999999999999997,0.1379914547077957,21.957758394607342,0.3659626399101224,1.1951060913533744
171,150,40,2,200,0,0.7562762868917791,98678280.0343382,61942833.333332494,8687704.425414791,0.9991236548115777,0.1402535847636112,22.272378473106812,0.37120630788511355,1.2396854625877816
172,150,40,2,200,0,0.7154710982206609,103281436.29781839,65455499.99999868,8695324.531229502,0.9999999999999997,0.1328432985956822,21.279719558338712,0.3546619926389785,1.1764077297361852
173,150,40,2,200,0,0.7909247376690595,103798612.29781818,65851499.99999839,8695324.531229502,0.9999999999999997,0.13204444137536295,21.173693475728644,0.3528948912621441,1.2494551820314939
174,150,40,2,200,0,0.7485139676892586,99575008.29781899,62617499.999998964,8695324.531229502,0.9999999999999997,0.1388641279391487,22.071803332685626,0.3678633888780938,1.2274686589186714
175,150,40,2,200,0,0.7864289146037611,110998372.63114995,71364333.33333077,8695324.531229502,0.9999999999999997,0.12184412191752857,19.800290291672457,0.33000483819454096,1.2139090503323249
176,150,40,2,200,0,0.7016680463063676,107651094.63115142,68801333.33333181,8695324.531229502,0.9999999999999997,0.12638308169264686,20.415955894646462,0.34026593157744106,1.1430404432379262
177,150,40,2,200,0,0.733904354298309,104872835.50541501,66681999.99999833,8690244.105459504,0.9994157290217571,0.13032368713385503,20.95680916233564,0.34928015270559404,1.187443456710987
178,150,40,2,200,0,0.7556347066490788,110278825.03433646,70825333.33333108,8687704.4254148,0.9991236548115789,0.12266379862311616,19.92948328308442,0.33215805471807364,1.1859238002656454
179,150,40,2,200,0,0.8035080512320073,99065015.29781836,62226999.999998935,8695324.531229502,0.9999999999999997,0.13973555741446075,22.185430380167727,0.3697571730027954,1.2850536701663713
180,150,35,2,300,0,0.7274385270915176,102643028.28006285,58144166.66666617,13042986.796844315,1.000000000000004,0.22432150195940137,32.109341035879865,0.5351556839313311,1.4420514125903696
181,150,35,2,300,0,0.6964935936381578,104266386.28006256,59387166.666666076,13042986.796844313,1.0000000000000038,0.21962635244165168,31.609420040197662,0.5268236673366277,1.3990183429281067
182,150,35,2,300,0,0.6345185717788303,98747447.94673203,55161333.33333346,13042986.796844345,1.000000000000006,0.2364516230604345,33.37605243001191,0.5562675405001986,1.3799474107273766
183,150,35,2,300,0,0.7358335741239265,103524142.94673066,58818833.333333105,13042986.796844345,1.000000000000006,0.2217484784665523,31.836052018280274,0.5306008669713379,1.443833223868506
184,150,35,2,300,0,0.6908787805224652,104201739.28006256,59337666.66666611,13042986.796844311,1.0000000000000036,0.2198095666638577,31.62903059748257,0.5271505099580428,1.3938769438115943
185,150,35,2,300,0,0.7203249003562867,111700791.28006071,65079666.666665025,13042986.796844337,1.0000000000000056,0.20041569763486802,29.505610141441505,0.4917601690240251,1.3724176274882063
186,150,35,2,300,0,0.6630152506759306,105887872.8848419,60646666.666666195,13031556.638122272,0.9991236548115836,0.21487671712854303,31.125377346887866,0.5187562891147978,1.3536729134935628
187,150,35,2,300,0,0.6458006534434287,111616989.61339444,65015499.99999847,13042986.796844326,1.0000000000000047,0.20061349673300416,29.527762855955867,0.4921293809325978,1.29842083176243
188,150,35,2,300,0,0.7173939125030403,116927620.94672711,69081833.33333115,13042986.796844339,1.0000000000000058,0.18880487340151778,28.18666772927489,0.4697777954879149,1.3382156067121693
189,150,35,2,300,0,0.7041406847027103,104357370.94672969,59456833.333332844,13042986.796844305,1.000000000000003,0.21936901219951302,31.581861157487147,0.5263643526247858,1.4060002470871065
190,150,35,4,200,0,0.7766697697279293,92854700.3676722,57482333.33333308,8687704.425414784,0.9991236548115769,0.1511369480260281,23.669237973925703,0.3944872995654284,1.2920666277141803
191,150,35,4,200,0,0.7118048717782094,91591739.96448736,56503333.33333341,8695324.531229505,1.0000000000000002,0.1538904701415166,23.995613587558744,0.39992689312597907,1.2348441410174016
192,150,35,4,200,0,0.6607324815337072,98269535.63115346,61616499.99999948,8695324.531229502,0.9999999999999997,0.14112006574910252,22.36501867933171,0.37275031132219516,1.1463788454551844
193,150,35,4,200,0,0.7073438765143227,94675641.29781967,58864666.66666623,8695324.531229502,0.9999999999999997,0.1477172134596232,23.21399643955318,0.3868999406592197,1.2124175879412409
194,150,35,4,200,0,0.6799018739498408,109791067.63115141,70438499.99999838,8695324.531229507,1.0000000000000004,0.12344562322067772,20.018021934021256,0.33363369890035427,1.1122920714267372
195,150,35,4,200,0,0.7316504747536865,103879458.63115175,65911999.99999867,8695324.531229502,0.9999999999999997,0.13192323903431358,21.157214611637528,0.35262024352729215,1.1898093095084294
196,150,35,4,200,0,0.6495521163762735,95193964.03433833,59273499.99999945,8687704.425414791,0.9991236548115778,0.1465697896263064,23.087598276790015,0.3847933046131669,1.1516012526904855
197,150,35,4,200,0,0.6582088274482856,96180429.36767122,60028833.33333259,8687704.425414793,0.999123654811578,0.14472552510179665,22.85080254319117,0.3808467090531861,1.154835956582909
198,150,35,4,200,0,0.7306275489911105,109120654.29781814,69925166.66666493,8695324.53122951,1.0000000000000009,0.12435185993449752,20.141008264133408,0.3356834710688901,1.1657925080075986
199,150,35,4,200,0,0.7348714767309165,90109647.6311532,55368500.00000006,8695324.531229502,0.9999999999999997,0.15704461076658194,24.39028514456386,0.4065047524093977,1.2670119177535797
200,150,35,4,300,0,0.7274385270915176,102846546.613396,58299999.99999943,13042986.796844315,1.000000000000004,0.2237219004604536,32.045801327574324,0.5340966887929054,1.4405127362527859
201,150,35,4,300,0,0.6964935936381578,104261597.61339593,59383499.99999942,13042986.796844315,1.000000000000004,0.21963991339083153,31.610871840089118,0.5268478640014853,1.3990533883523084
202,150,35,4,300,0,0.6804986571719187,105595241.2800621,60404666.66666591,13042986.796844324,1.0000000000000044,0.2159268069273536,31.211633782424006,0.5201938963737335,1.373433999087535
203,150,35,4,300,0,0.7358335741239265,103514565.61339734,58811499.99999978,13042986.796844345,1.000000000000006,0.22177612876468708,31.838997540781275,0.5306499590130213,1.4439044361486975
204,150,35,4,300,0,0.6908787805224652,105865800.94673002,60611833.33333285,13042986.796844311,1.0000000000000036,0.21518878541612194,31.131866670128854,0.5188644445021475,1.3818942533575103
205,150,35,4,300,0,0.7203249003562867,113192460.94672795,66221833.33333176,13042986.79684429,1.000000000000002,0.1969590109532546,29.116780149793815,0.48527966916323023,1.3631717782821207
206,150,35,4,300,0,0.6743064514353921,107872775.21817514,62166499.999999285,13031556.638122266,0.9991236548115833,0.20962345697638465,30.55265791886942,0.5092109653144904,1.3512161823309903
207,150,35,4,300,0,0.6458006534434287,112115010.94672826,65396833.33333194,13042986.796844296,1.0000000000000024,0.19944370594159105,29.39659883337128,0.48994331388952134,1.295298932086223
208,150,35,4,300,0,0.7173939125030403,116843819.28006049,69017666.6666645,13042986.796844339,1.0000000000000058,0.18898040786916515,28.206883516023783,0.47011472526706305,1.3386929640654355
209,150,35,4,300,0,0.7041406847027103,104479481.9467301,59550333.333333,13042986.796844285,1.0000000000000016,0.2190245808337657,31.544949674237436,0.5257491612372907,1.4051095106070135
210,150,35,6,200,0,0.7766697697279293,92787659.03433886,57430999.99999975,8687704.425414784,0.9991236548115769,0.15127203819217536,23.686339572233827,0.39477232620389713,1.2924597264855668
211,150,35,6,200,0,0.7118048717782094,91574979.63115403,56490500.000000075,8695324.531229505,1.0000000000000002,0.15392543049237473,24.000005338273677,0.40000008897122796,1.234945305143337
212,150,35,6,200,0,0.6607324815337072,98262352.63115339,61610999.99999946,8695324.531229502,0.9999999999999999,0.14113266350537368,22.366653567209656,0.3727775594534943,1.1464161717915005
213,150,35,6,200,0,0.708728452769588,95154507.96448693,59231333.33333297,8695324.531229502,0.9999999999999997,0.14680278227564614,23.097171610831634,0.3849528601805272,1.211123538770632
214,150,35,6,200,0,0.6799018739498408,109738392.2978181,70398166.66666505,8695324.531229509,1.0000000000000007,0.12351634911746816,20.027630749641467,0.33379384582735777,1.112508799071173
215,150,35,6,200,0,0.7316504747536865,103874669.96448502,65908333.33333196,8695324.531229496,0.9999999999999991,0.13193057829656865,21.158189968270733,0.35263649947117887,1.1898314368621203
216,150,35,6,200,0,0.6495521163762735,95191569.70100486,59271666.66666609,8687704.425414791,0.9991236548115778,0.14657432317996025,23.08817899424553,0.3848029832374255,1.1516145581576673
217,150,35,6,200,0,0.6582088274482856,96166063.3676711,60017833.33333252,8687704.425414793,0.999123654811578,0.1447520502308743,22.854216165604754,0.38090360276007923,1.1549140703930643
218,150,35,6,200,0,0.7306275489911105,109369664.96448551,70115833.33333181,8695324.531229498,0.9999999999999994,0.12401370871386189,20.095151619177667,0.33491919365296113,1.1647577096151611
219,150,35,6,200,0,0.7348714767309165,90361052.63115281,55560999.999999836,8695324.531229502,0.9999999999999997,0.15650050451268924,24.322425824002497,0.40537376373337497,1.2654456440744428
220,150,30,6,200,0,0.6355454677824841,85107324.29782219,51536833.33333389,8695324.531229496,0.9999999999999991,0.168720582325833,25.823864375163296,0.43039773958605493,1.2009196732292056
221,150,30,6,200,0,0.6528019034021916,82873411.29782307,49826333.33333397,8695324.531229498,0.9999999999999992,0.17451263116349558,26.519965397607955,0.4419994232934659,1.234411431626454
222,150,30,6,200,0,0.571445585425633,89998947.2978203,55282333.33333334,8695324.531229503,1.0,0.15728939078601667,24.420285636532427,0.40700476060887375,1.10428185866332
223,150,30,6,200,0,0.6508779787119114,84308763.70100787,50937333.33333379,8687704.425414791,0.9991236548115777,0.17055671855773197,26.068464338941865,0.4344744056490311,1.221797759207128
224,150,30,6,200,0,0.6030442347537007,104815081.96448551,66626999.99999878,8695324.531229509,1.0000000000000007,0.13050751994281098,20.968356450311994,0.3494726075051999,1.0569228582131494
225,150,30,6,200,0,0.7145309276054572,87520812.29782057,53384833.33333341,8695324.531229496,0.9999999999999991,0.16288005390849744,25.111741336691516,0.41852902227819194,1.2633639930104472
226,150,30,6,200,0,0.6053692672028214,96489984.96448682,60252499.99999961,8695324.531229498,0.9999999999999992,0.14431475094360488,22.77749344461916,0.3796248907436527,1.100445958701358
227,150,30,6,200,0,0.5967136573465287,88996868.36767212,54526999.99999999,8687704.425414793,0.999123654811578,0.15932848727079785,24.695250971306596,0.41158751618844325,1.1357639633516103
228,150,30,6,200,0,0.6652058526908925,94294381.29781884,58571333.33333273,8695324.531229502,0.9999999999999997,0.14845700168278436,23.307857475181695,0.3884642912530282,1.1724357452901482
229,150,30,6,200,0,0.6978949837218713,92625530.96448709,57293499.99999968,8695324.531229496,0.9999999999999991,0.15176808069378803,23.727799205195847,0.39546332008659746,1.2147727683634992
230,150,40,6,200,0,0.7187502876770155,99970073.29781802,62919999.99999868,8695324.531229502,0.9999999999999997,0.13819651193944188,21.98457925956097,0.3664096543260162,1.1957171515545852
231,150,40,6,200,0,0.7562762868917791,98656731.03433816,61926333.33333249,8687704.425414791,0.9991236548115777,0.14029095471632816,22.277243295594705,0.37128738825991175,1.2397964389247533
232,150,40,6,200,0,0.711867754234702,105460279.63115183,67123833.33333188,8695324.531229505,1.0000000000000002,0.12954153687929562,20.840073700608638,0.34733456167681065,1.1628355454149493
233,150,40,6,200,0,0.7909247376690595,103738753.9644849,65805666.66666511,8695324.531229509,1.0000000000000007,0.13213640969971757,21.18591091572605,0.35309851526210084,1.2497323806909344
234,150,40,6,200,0,0.7529548861687957,101897511.63115212,64395833.33333223,8695324.531229498,0.9999999999999994,0.13502930362310678,21.568730823924145,0.3594788470654024,1.2204571761326835
235,150,40,6,200,0,0.7864289146037611,111048653.63115032,71402833.33333087,8695324.531229496,0.9999999999999991,0.12177842426275982,19.791325046587453,0.3298554174431242,1.213707071457093
236,150,40,6,200,0,0.7016680463063676,107634334.29781851,68788499.9999986,8695324.531229502,0.9999999999999999,0.1264066599973786,20.419134975265454,0.34031891625442423,1.1431122905586948
237,150,40,6,200,0,0.733904354298309,104877624.17208162,66685666.66666491,8690244.105459504,0.9994157290217571,0.13031652137330457,20.95585228355176,0.34926420472586267,1.1874217761228154
238,150,40,6,200,0,0.7953374329869195,109875430.29781781,70504499.99999808,8695324.531229513,1.000000000000001,0.12333006448141254,20.002652040068046,0.3333775340011341,1.2273790185731837
239,150,40,6,200,0,0.8035080512320073,99287688.2978182,62397499.99999876,8695324.531229502,0.9999999999999997,0.1393537326211735,22.135675003406195,0.3689279167234366,1.2839189540523828
240,150,45,6,200,0,0.7977271773890628,110976137.0343356,71360666.66666423,8687704.425414791,0.9991236548115777,0.12174359953777181,19.804257552414253,0.3300709592069042,1.2251930162261844
241,150,45,6,200,0,0.8139883537391979,99384022.63115321,62472666.666666,8695324.531229502,0.9999999999999997,0.13918606320464835,22.11421858176096,0.36857030969601595,1.2939075139989324
242,150,45,6,200,0,0.7311087733329883,109016425.63115066,69848166.66666457,8695324.531229505,1.0000000000000002,0.1244889443229925,20.160264724107726,0.3360044120684621,1.1667043408598445
243,150,45,6,200,0,0.8197978503092643,108001228.29781842,69070833.33333166,8695324.531229494,0.999999999999999,0.12588996124118534,20.349768559478452,0.3391628093246409,1.2596726286268536
244,150,45,6,200,0,0.740690470647598,110651755.29781741,71100333.33333108,8695324.53122949,0.9999999999999986,0.12229653678927571,19.86231482803555,0.3310385804672592,1.1695662805462779
245,150,45,6,200,0,0.8046536141425175,120140498.29781677,78365833.33333032,8695324.531229509,1.0000000000000007,0.11095810714146058,18.29358152445701,0.30489302540761687,1.1983131252633028
246,150,45,6,200,0,0.7939736999273038,113392019.3676686,73210499.99999733,8687704.425414791,0.9991236548115778,0.1186674647136013,19.3823164298162,0.32303860716360333,1.211946278861788
247,150,45,6,200,0,0.7639255791344051,111765120.2978163,71952833.33333051,8695324.531229502,0.9999999999999999,0.12084756261017997,19.664453401415443,0.3277408900235907,1.1883445192461397
248,150,45,6,200,0,0.8575790541765649,116958429.29781677,75929333.3333306,8695324.53122951,1.0000000000000007,0.11451864713544818,18.791292027388963,0.3131882004564827,1.2623821723414062
249,150,45,6,200,0,0.8318540593710492,109775429.29781792,70429333.33333144,8695324.531229496,0.9999999999999991,0.12346169017497062,20.020873651401764,0.33368122752336277,1.2643046390343884
250,150,40,4,200,0,0.7187502876770155,100037114.63115135,62971333.333332,8695324.531229502,0.9999999999999997,0.13808385611277646,21.96984597270271,0.3661640995450452,1.195381472112282
251,150,40,4,200,0,0.7562762868917791,98673491.36767149,61939166.66666582,8687704.425414791,0.9991236548115777,0.14026188747693155,22.273459361143754,0.37122432268572925,1.2397101195590534
252,150,40,4,200,0,0.7154710982206609,103523263.96448529,65640666.66666529,8695324.531229502,0.9999999999999999,0.13246855909288477,21.23001068391717,0.35383351139861946,1.1752794568935883
253,150,40,4,200,0,0.7909247376690595,103760302.96448481,65822166.66666505,8695324.531229502,0.9999999999999997,0.13210328634826235,21.18151101343898,0.3530251835573163,1.2496325503049857
254,150,40,4,200,0,0.7529548861687957,101943003.9644855,64430666.666665554,8695324.531229498,0.9999999999999994,0.13495630234923817,21.55910572113081,0.3593184286855135,1.2202383567336998
255,150,40,4,200,0,0.7864289146037611,111067808.29781702,71417499.99999754,8695324.531229502,0.9999999999999997,0.12175341521657577,19.78791185027099,0.3297985308378498,1.2136301776148715
256,150,40,4,200,0,0.7016680463063676,107636728.63115188,68790333.33333196,8695324.531229502,0.9999999999999999,0.12640329112951446,20.418680760276466,0.3403113460046078,1.143102025214587
257,150,40,4,200,0,0.733904354298309,104891990.17208168,66696666.666665,8690244.105459504,0.9994157290217571,0.13029502881892727,20.952982171416288,0.3492163695236048,1.1873567468770556
258,150,40,4,200,0,0.7953374329869195,109920922.63115096,70539333.33333124,8695324.531229509,1.0000000000000007,0.12326916232876836,19.994373658733792,0.33323956097889657,1.2271923238288307
259,150,40,4,200,0,0.8035080512320073,99036283.29781823,62204999.999998905,8695324.531229502,0.9999999999999997,0.13978497759391775,22.19186672616598,0.36986444543609964,1.2852004787432412
260,150,40,6,300,0,0.7596582921216409,107484931.28006136,61852999.99999886,13042986.796844346,1.0000000000000062,0.21087072246850735,30.66290279716052,0.5110483799526754,1.4394032500491223
261,150,40,6,300,0,0.8612890223043991,107872813.28006329,62149999.99999921,13042986.796844313,1.0000000000000038,0.2098630216708685,30.55264713865694,0.5092107856442823,1.5383902252853763
262,150,40,6,300,0,0.7048830022989611,118271402.94672826,70112166.66666478,13042986.796844319,1.0000000000000042,0.186030291416535,27.86641502413303,0.46444025040221715,1.3181474858344062
263,150,40,6,300,0,0.7688998807955993,105909459.9467298,60646666.666666076,13042986.79684434,1.000000000000006,0.2150651884716577,31.119033197390653,0.5186505532898442,1.4596025848627696
264,150,40,6,300,0,0.698634033940105,109590073.21817508,63482833.33333248,13031556.638122251,0.999123654811582,0.20527685917383062,30.07389176060341,0.5012315293433901,1.3640870506225595
265,150,40,6,300,0,0.7329666581959141,118362387.61339447,70181833.33333124,13042986.796844324,1.0000000000000044,0.1858456266723066,27.84499422878346,0.464083237146391,1.3457263966801505
266,150,40,6,300,0,0.730690555079992,113032601.61339499,66100833.33333182,13042986.796844332,1.000000000000005,0.1973195516472757,29.157959322856367,0.48596598871427277,1.3745121851120854
267,150,40,6,300,0,0.691467392084088,111732478.6133941,65105333.33333172,13042986.796844319,1.0000000000000042,0.20033668716609968,29.497242349771977,0.49162070582953293,1.3433574476465007
268,150,40,6,300,0,0.7218045955274865,118386330.94672705,70200166.66666456,13042986.796844326,1.0000000000000047,0.18579709160488297,27.83936264975629,0.46398937749593816,1.3344316463073311
269,150,40,6,300,0,0.7672300516977785,119238713.61339493,70852833.33333121,13042986.796844332,1.000000000000005,0.1840856065061344,27.640351863287457,0.46067253105479095,1.375171067957477
270,150,40,4,300,0,0.7596582921216409,107520846.2800614,61880499.99999886,13042986.796844348,1.0000000000000064,0.21077701047736505,30.65266052143389,0.5108776753572315,1.4391575758607644
271,150,40,4,300,0,0.7903020214772687,106876770.61339629,61387333.33333261,13042986.796844298,1.0000000000000024,0.21247032716050734,30.83738384949754,0.5139563974916257,1.4742346806973003
272,150,40,4,300,0,0.7048830022989611,118288163.28006163,70124999.99999812,13042986.796844319,1.0000000000000042,0.18599624665732145,27.8624666121224,0.4643744435353733,1.3180544431601915
273,150,40,4,300,0,0.7688998807955993,105255806.94672924,60146166.666666,13042986.79684434,1.000000000000006,0.21685483081788787,31.312286662416916,0.5218714443736153,1.464255189823525
274,150,40,4,300,0,0.712312625483885,108977123.88484198,63013499.99999929,13031556.638122251,0.999123654811582,0.20680578984062775,30.243044434561597,0.5040507405760266,1.3818079979324138
275,150,40,4,300,0,0.7329666581959141,118381542.28006107,70196499.9999979,13042986.796844332,1.000000000000005,0.18580679659021065,27.840488783318627,0.4640081463886438,1.3456202418567265
276,150,40,4,300,0,0.730690555079992,113070910.94672853,66130166.6666652,13042986.796844332,1.000000000000005,0.19723202668743645,29.14808037190716,0.485801339531786,1.374277515961727
277,150,40,4,300,0,0.691467392084088,111746844.61339423,65116333.33333181,13042986.796844315,1.000000000000004,0.2003028446039338,29.493450230316014,0.49155750383860025,1.3432671716058353
278,150,40,4,300,0,0.7218045955274865,118371964.94672705,70189166.66666454,13042986.796844326,1.0000000000000047,0.18582620960278373,27.842741323786125,0.46404568872976876,1.3345112519394824
279,150,40,4,300,0,0.7672300516977785,116683959.94672798,68896666.66666472,13042986.796844337,1.0000000000000056,0.1893123053390784,28.24552750442046,0.47075879174034096,1.389438687709382
280,150,45,2,200,0,0.7977271773890628,111126980.03433527,71476166.66666411,8687704.425414791,0.9991236548115777,0.12154687122395254,19.77737538913537,0.32962292315225616,1.2245875975204812
281,150,45,2,200,0,0.8139883537391979,99405571.63115326,62489166.666666016,8695324.531229502,0.9999999999999997,0.13914931171370384,22.109424692561394,0.3684904115426899,1.2937982146528508
282,150,45,2,200,0,0.7311087733329883,106574205.63115036,67978166.66666457,8695324.531229502,0.9999999999999997,0.12791348983957745,20.622250824993337,0.3437041804165556,1.1771437456212057
283,150,45,2,200,0,0.816165776008074,107579825.63115093,68748166.66666478,8695324.531229502,0.9999999999999997,0.12648082054885934,20.42948096546833,0.3404913494244722,1.2578417818716336
284,150,45,2,200,0,0.740690470647598,110012468.29781714,70610833.33333097,8695324.531229494,0.9999999999999988,0.12314434089995327,19.97773556039383,0.33296225933989715,1.1721682027074578
285,150,45,2,200,0,0.8046536141425175,120071062.63114981,78312666.66666359,8695324.531229507,1.0000000000000002,0.1110334368798983,18.30416048495792,0.3050693414159653,1.1985497050624014
286,150,45,2,200,0,0.7939736999273038,113468638.03433529,73269166.66666397,8687704.425414791,0.9991236548115777,0.11857244760185767,19.369228696787143,0.3228204782797857,1.2116521362885757
287,150,45,2,200,0,0.7639255791344051,111760331.63114975,71949166.66666397,8695324.531229502,0.9999999999999999,0.12085372123230283,19.665295976872628,0.3277549329478771,1.1883634890681245
288,150,45,2,200,0,0.8112179667150881,116519018.70100217,75604833.33333035,8687704.425414799,0.9991236548115787,0.11490937870482455,18.86215679210056,0.3143692798683427,1.2175147495472904
289,150,45,2,200,0,0.8318540593710492,107625317.96448408,68782999.99999808,8695324.531229502,0.9999999999999997,0.12641676767849241,20.420845592533023,0.34034742654221706,1.27333490005606
290,150,40,2,300,0,0.7596582921216409,107317327.94672808,61724666.66666558,13042986.796844348,1.0000000000000064,0.21130914918149274,30.710790727439868,0.5118465121239978,1.440552123590833
291,150,40,2,300,0,0.8080521799578483,107779434.28006198,62078499.99999899,13042986.796844313,1.0000000000000038,0.21010473508291158,30.57911763978972,0.509651960663162,1.4857879286873397
292,150,40,2,300,0,0.7048830022989611,117627327.28006046,69618999.99999782,13042986.79684434,1.000000000000006,0.187348091711239,28.018999293871452,0.4669833215645242,1.3217447972324765
293,150,40,2,300,0,0.7688998807955993,105265384.28006257,60153499.99999932,13042986.79684434,1.000000000000006,0.21682839397282766,31.309437784708013,0.5218239630784669,1.4641865590523284
294,150,40,2,300,0,0.7007633307923294,106273398.61339602,60925333.33333271,13042986.796844333,1.0000000000000053,0.2140815008017103,31.012464483135073,0.5168744080522513,1.388902939485949
295,150,40,2,300,0,0.7329666581959141,118290557.61339438,70126833.33333126,13042986.796844328,1.0000000000000049,0.1859913841374754,27.86190264460134,0.464365044076689,1.3461248095825833
296,150,40,2,300,0,0.7242891780195299,112297541.28006159,65537999.999998555,13042986.796844337,1.0000000000000056,0.19901411084934884,29.34881710170772,0.4891469516951287,1.3726474183941377
297,150,40,2,300,0,0.691467392084088,111727689.94672759,65101666.66666514,13042986.796844315,1.000000000000004,0.20034797056160297,29.49850660629837,0.4916417767716395,1.34338754530501
298,150,40,2,300,0,0.7218045955274865,118455766.61339368,70253333.33333121,13042986.796844324,1.0000000000000044,0.185656483158731,27.823043944804855,0.4637173990800809,1.3340471811345522
299,150,40,2,300,0,0.7672300516977785,116233825.2800606,68551999.99999796,13042986.796844337,1.0000000000000056,0.19026413229146813,28.35491297011783,0.4725818828352972,1.3920232403662502
300,150,45,4,200,0,0.7977271773890628,111071910.36766855,71433999.99999742,8687704.425414791,0.9991236548115777,0.12161861894077194,19.787181049870085,0.3297863508311681,1.2248084233728485
301,150,45,4,200,0,0.8139883537391979,99400782.9644866,62485499.999999344,8695324.531229502,0.9999999999999997,0.13915747703434544,22.110489821646762,0.3685081636941127,1.293822499060787
302,150,45,4,200,0,0.7311087733329883,107658838.63115051,68808666.66666451,8695324.531229502,0.9999999999999997,0.12636961232446164,20.41448735602539,0.3402414559337565,1.1724459191263141
303,150,45,4,200,0,0.816165776008074,107541516.29781757,68718833.33333144,8695324.531229502,0.9999999999999997,0.12653481017425705,20.436758525085086,0.34061264208475145,1.258006266232231
304,150,45,4,200,0,0.740690470647598,110555981.96448387,71026999.99999762,8695324.53122949,0.9999999999999986,0.1224228044438,19.879521315328226,0.3313253552554704,1.1699540694581083
305,150,45,4,200,0,0.8046536141425175,120159652.96448334,78380499.99999695,8695324.531229507,1.0000000000000002,0.11093734450826219,18.2906653421313,0.304844422368855,1.1982479121179823
306,150,45,4,200,0,0.7939736999273038,113394413.70100206,73212333.33333069,8687704.425414791,0.9991236548115778,0.11866449312386035,19.381907170446247,0.3230317861741041,1.2119370806004963
307,150,45,4,200,0,0.7639255791344051,111779486.29781646,71963833.33333065,8695324.531229502,0.9999999999999999,0.12082909050930436,19.661926108198017,0.32769876846996693,1.1882876200118155
308,150,45,4,200,0,0.8575790541765649,117003921.63114987,75964166.66666374,8695324.531229507,1.0000000000000004,0.1144661346630079,18.783985778942313,0.3130664296490385,1.2622183915560097
309,150,45,4,200,0,0.8318540593710492,107950947.29781736,69032333.33333147,8695324.531229502,0.9999999999999997,0.12596017129021284,20.359247000738797,0.33932078334564664,1.2719429797488662
310,150,45,4,300,0,0.8137455883611976,118382103.28005931,70198333.33333078,13042986.79684434,1.000000000000006,0.18580194397081812,27.840356850249982,0.46400594750416635,1.4263930910420184
311,150,45,4,300,0,0.8480999755535015,109242932.94672924,63200499.999998994,13042986.796844339,1.0000000000000058,0.20637474065623762,30.16945729209916,0.5028242882016527,1.5160240562801444
312,150,45,4,300,0,0.7896323949798617,128100702.28005904,77639833.33333023,13042986.796844339,1.0000000000000058,0.16799349299021585,25.728196187360364,0.4288032697893394,1.3528304591613738
313,150,45,4,300,0,0.8228317423963653,119813914.61339405,71294666.66666459,13042986.796844337,1.0000000000000056,0.18294477562853767,27.50765644069492,0.45846094067824866,1.427648503577444
314,150,45,4,300,0,0.7626469321026155,123115700.28006023,73822833.33333084,13042986.796844337,1.0000000000000056,0.17667957470490986,26.76994073463258,0.446165678910543,1.3501562707770864
315,150,45,4,300,0,0.8242700426651937,132575711.28005908,81066333.33332974,13042986.796844339,1.0000000000000058,0.16089276843463482,24.85975725250155,0.41432928754169246,1.367313544954594
316,150,45,4,300,0,0.7960330725971831,120147249.88483942,71567833.33333129,13031556.63812227,0.9991236548115834,0.1820867843997323,27.431339486829778,0.45718899144716296,1.398891491564132
317,150,45,4,300,0,0.7940159278565412,128282671.61339276,77779166.66666368,13042986.796844319,1.0000000000000042,0.16769255002104017,25.691700668135425,0.42819501113559044,1.3563649790089638
318,150,45,4,300,0,0.8193358613829191,123209079.28006032,73894333.33333105,13042986.79684434,1.000000000000006,0.17650861992364877,26.749652048843608,0.44582753414739346,1.4063702914692315
319,150,45,4,300,0,0.7810177039584019,114946234.94672772,67567499.99999832,13042986.796844337,1.0000000000000056,0.1930363976296986,28.672535481718487,0.47787559136197477,1.4133224134241356
320,150,50,2,200,0,0.8759542539324958,117246310.2978154,76151166.66666341,8695324.531229502,0.9999999999999997,0.11418504681998576,18.745152784914126,0.31241921308190207,1.2797215044703865
321,150,50,2,200,0,0.8802131494402278,118199254.96448363,76880833.33333065,8695324.531229502,0.9999999999999997,0.11310133038659143,18.594025830876788,0.30990043051461313,1.280594644264114
322,150,50,2,200,0,0.8072450856595866,118503335.29781522,77113666.6666631,8695324.531229502,0.9999999999999997,0.11275983761499134,18.546313438998368,0.30910522398330614,1.2065581797348859
323,150,50,2,200,0,0.8888844377505418,112924538.63115004,72841999.99999748,8695324.531229502,0.9999999999999997,0.11937240233971887,19.46255461072781,0.32437591017879686,1.3087582698011138
324,150,50,2,200,0,0.7866906779176408,115347603.96448348,74697333.33333065,8695324.531229503,1.0,0.11640742906346253,19.05371177607401,0.31756186293456684,1.1973784841029778
325,150,50,2,200,0,0.8807919815771866,123009470.6311494,80563999.99999656,8695324.531229515,1.000000000000001,0.10793064558897132,17.86691698389812,0.2977819497316353,1.264918447779999
326,150,50,2,200,0,0.8091631287578789,121493857.63114855,79403499.99999647,8695324.531229502,0.9999999999999997,0.10950807623379182,18.089803409423794,0.3014967234903966,1.198266313235309
327,150,50,2,200,0,0.8150765777090294,119913597.63114834,78193499.99999633,8695324.531229502,0.9999999999999999,0.11120265151489458,18.328196663404142,0.305469944390069,1.2095086433110143
328,150,50,2,200,0,0.8387139373657649,121398084.29781555,79330166.66666329,8695324.531229502,0.9999999999999997,0.10960930622730577,18.10407481067267,0.30173458017787785,1.2281359625254875
329,150,50,2,200,0,0.8630708287979826,113958890.63115014,73633999.99999745,8695324.531229503,1.0,0.1180884446210963,19.28590202859733,0.3214317004766222,1.2789732849714817
330,150,40,6,400,0,0.7885749755721715,123087847.26230618,66978999.99999877,17390649.06245897,0.9999999999999979,0.25964330704339106,35.69645661798438,0.594940943633073,1.5912305648399574
331,150,40,6,400,0,0.7499282567384931,112306164.26230939,58723499.99999978,17390649.06245902,1.0000000000000009,0.2961446280017214,39.12340902087585,0.6520568170145975,1.6389007761544678
332,150,40,6,400,0,0.6916459838676154,122247335.40201035,66359333.333332025,17375408.850829534,0.9991236548115751,0.2618382068962398,35.941887694737794,0.5990314615789633,1.5001480109635705
333,150,40,6,400,0,0.8091209513959691,124632192.26230673,68161499.99999881,17390649.06245898,0.9999999999999986,0.255138884303592,35.25413394600813,0.5875688991001355,1.6008009579389781
334,150,40,6,400,0,0.7963433028233231,131096892.2623045,73111499.99999762,17390649.062458992,0.9999999999999991,0.23786475537308846,33.51566863391917,0.5585944772319862,1.54522958435378
335,150,40,6,400,0,0.8013936200408472,137250328.92897165,77823166.66666415,17390649.062459003,0.9999999999999997,0.2234636523716318,32.01303803267265,0.5335506338778775,1.51371517581603
336,150,40,6,400,0,0.7381618132821259,128173411.26230663,70872999.9999987,17390649.06245902,1.0000000000000007,0.24537763411255822,34.28012063288303,0.5713353438813839,1.5057992644535565
337,150,40,6,400,0,0.7377377466977453,123880270.73534293,67609666.66666512,17375408.850829553,0.9991236548115762,0.2569959253976988,35.46811751313402,0.591135291885567,1.5344697789014714
338,150,40,6,400,0,0.7848947431123248,122802921.59563784,66760833.333331704,17390649.06245902,1.0000000000000009,0.2604917912817063,35.779279050605865,0.5963213175100978,1.5896094936477876
339,150,40,6,400,0,0.7900270411930513,124019242.92897232,67692166.66666505,17390649.062458996,0.9999999999999994,0.25690785092011253,35.42837301882576,0.5904728836470959,1.5860262055762373
340,150,40,8,300,0,0.7596582921216409,107470565.28006132,61841999.99999885,13042986.796844348,1.0000000000000064,0.21090823060128377,30.66700162422482,0.5111166937370804,1.4395015703397482
341,150,40,8,300,0,0.8540603871436829,111732478.61339644,65105333.33333227,13042986.796844287,1.0000000000000018,0.2003366871660975,29.49724234977136,0.49162070582952266,1.5059504427060837
342,150,40,8,300,0,0.7048830022989611,118170840.94672821,70035166.66666475,13042986.796844319,1.0000000000000042,0.18623482198483157,27.890129016563037,0.4648354836093839,1.3187063434962103
343,150,40,8,300,0,0.7688998807955993,105902276.9467298,60641166.66666607,13042986.79684434,1.000000000000006,0.21508469433873803,31.121143898141394,0.5186857316356899,1.4596533679022796
344,150,40,8,300,0,0.722858609028207,108962757.88484323,63002499.99999965,13031556.63812225,0.9991236548115818,0.20684189735522115,30.247031774683517,0.5041171962447253,1.3924493231571091
345,150,40,8,300,0,0.7329666581959141,118333655.61339453,70159833.33333126,13042986.796844324,1.0000000000000044,0.18590390223529668,27.851755131842125,0.46419591886403544,1.3458856988481869
346,150,40,8,300,0,0.730690555079992,113066122.28006183,66126499.99999857,13042986.796844332,1.000000000000005,0.1972429630608699,29.149314874674747,0.48582191457791246,1.3743068401066005
347,150,40,8,300,0,0.691467392084088,111624733.61339436,65022833.33333178,13042986.796844319,1.0000000000000042,0.20059087136331027,29.52571435838591,0.4920952393064318,1.3440353284811681
348,150,40,8,300,0,0.7218045955274865,118348021.61339357,70170833.33333114,13042986.796844326,1.0000000000000047,0.185874759886155,27.848374269967607,0.4641395711661268,1.3346439746025374
349,150,40,8,300,0,0.7672300516977785,119573920.2800621,71109499.99999808,13042986.796844332,1.000000000000005,0.18342115746622722,27.562866486945364,0.45938110811575605,1.3733480857865163
350,150,40,4,400,0,0.7885749755721715,123087847.26230583,66978999.99999869,17390649.06245897,0.9999999999999979,0.2596433070433914,35.69645661798448,0.5949409436330747,1.5912305648399592
351,150,40,4,400,0,0.7430633740477104,117730922.60831273,62877833.333332434,17390258.146242913,0.999977521470608,0.27657215944532376,37.32069623388616,0.6220116038981026,1.586332705502072
352,150,40,4,400,0,0.6916459838676154,122300010.73534301,66399666.6666652,17375408.850829538,0.9991236548115753,0.2616791577893954,35.92640731249137,0.5987734552081895,1.499762765307321
353,150,40,4,400,0,0.8091209513959691,124438251.26230703,68012999.99999893,17390649.06245898,0.9999999999999986,0.25569595610338103,35.3090786428538,0.5884846440475633,1.6021623603262372
354,150,40,4,400,0,0.7963433028233231,131087314.92897114,73104166.66666432,17390649.062458966,0.9999999999999977,0.23788861641437936,33.518117312729714,0.5586352885454953,1.545289484500322
355,150,40,4,400,0,0.7878771712315209,141880969.59563676,81368833.33333007,17390649.06245897,0.9999999999999979,0.2137261694685681,30.968212386216464,0.5161368731036078,1.474994979909983
356,150,40,4,400,0,0.7381618132821259,128175805.59564003,70874833.33333203,17390649.062459018,1.0000000000000007,0.24537128688075932,34.27948027774641,0.5713246712957735,1.5057835140825069
357,150,40,4,400,0,0.7377377466977453,122644794.73534341,66663666.666665375,17375408.850829553,0.9991236548115762,0.26064286169122447,35.82540954535764,0.597090159089294,1.5433421951400188
358,150,40,4,400,0,0.7848947431123248,122881934.59563784,66821333.333331704,17390649.062458977,0.9999999999999982,0.26025594215110043,35.75627299861842,0.5959378833103071,1.589037380143512
359,150,40,4,400,0,0.7900270411930513,122395884.92897217,66449166.66666525,17390649.06245898,0.9999999999999986,0.2617135764801568,35.89826571824515,0.5983044286374192,1.5977023310145961
360,150,35,6,300,0,0.7274385270915176,102817814.61339636,58277999.99999951,13042986.796844315,1.000000000000004,0.22380635568901516,32.054756390149755,0.5342459398358292,1.440729551478559
361,150,35,6,300,0,0.6964935936381578,104196950.61339591,59333999.999999404,13042986.796844313,1.0000000000000038,0.21982315024849908,31.630484199374266,0.5271747366562377,1.3995268504931948
362,150,35,6,300,0,0.6804986571719187,105578480.94672874,60391833.333332576,13042986.796844324,1.0000000000000044,0.21597269161963653,31.216588555227908,0.5202764759204651,1.373553286388093
363,150,35,6,300,0,0.7358335741239265,104031741.61339794,59207499.99999991,13042986.796844345,1.000000000000006,0.2202928142016529,31.680715413261368,0.5280119235543561,1.440079749039605
364,150,35,6,300,0,0.6908787805224652,105875378.28006308,60619166.66666611,13042986.796844305,1.000000000000003,0.21516275320255296,31.12905052657193,0.5188175087761988,1.3818264918607064
365,150,35,6,300,0,0.7203249003562867,114305825.94672772,67074333.33333156,13042986.796844285,1.0000000000000016,0.1944557053146702,28.833176023206455,0.4805529337201076,1.3564423983281304
366,150,35,6,300,0,0.6743064514353921,108837691.5515088,62905333.333332725,13031556.638122264,0.999123654811583,0.2071613955063014,30.281788900678965,0.5046964816779828,1.344732049518416
367,150,35,6,300,0,0.6458006534434287,115232432.94672826,67783833.33333167,13042986.796844296,1.0000000000000024,0.19242031846597565,28.60132269812998,0.4766887116354997,1.276425619851709
368,150,35,6,300,0,0.7173939125030403,117224518.28006122,69309166.66666473,13042986.796844328,1.0000000000000049,0.18818559541443086,28.115278683645354,0.4685879780607559,1.336530366895341
369,150,35,6,300,0,0.7041406847027103,104850603.61339682,59834499.99999961,13042986.796844285,1.0000000000000016,0.2179843868812202,31.43329543578225,0.5238882572630374,1.402416451470724
370,150,35,4,400,0,0.6708786094808148,110936044.59564206,57672999.999999695,17390649.06245903,1.0000000000000013,0.301538832078427,39.60660411154233,0.6601100685257055,1.572219743669262
371,150,35,4,400,0,0.7308130502970197,117436659.59564215,62650499.99999963,17390649.062459033,1.0000000000000016,0.27758196762131404,37.41421132999466,0.6235701888332443,1.5764488132273153
372,150,35,4,400,0,0.6963039911353401,119629868.92897254,64329833.3333323,17390649.062459033,1.0000000000000016,0.2703356772641928,36.728285664249256,0.6121380944041542,1.5247106273508486
373,150,35,4,400,0,0.7077338378623717,108668610.92897692,55936833.33333338,17390649.06245898,0.9999999999999986,0.3108979902173994,40.43301890434283,0.6738836484057138,1.630335878442005
374,150,35,4,400,0,0.7153906921163752,125519928.928971,68839833.3333314,17390649.06245899,0.999999999999999,0.25262479904986423,35.00479993488808,0.5834133322481346,1.5009038636044012
375,150,35,4,400,0,0.7015445032093018,125871895.92897068,69109333.33333127,17390649.062459003,0.9999999999999997,0.2516396588371014,34.906918399635565,0.5817819733272594,1.4846382036062424
376,150,35,4,400,0,0.6482770469610634,120846190.26230739,65261166.666665934,17390649.06245899,0.9999999999999988,0.2664777531680532,36.35861412314999,0.6059769020524999,1.4674361515480059
377,150,35,4,400,0,0.7087665704793039,112754073.01083718,59080999.99999983,17380488.210919045,0.9994157290217593,0.29418067078957866,38.96799364026253,0.6494665606710421,1.593577667782009
378,150,35,4,400,0,0.6973387352141681,115748629.76060678,61363499.99999946,17387131.329401903,0.9997977227276297,0.2833464735453821,37.95984461403413,0.6326640769005689,1.5566799909510427
379,150,35,4,400,0,0.6917556005112496,111853074.26230823,58375166.66666609,17390649.06245902,1.0000000000000007,0.29791176720339174,39.28188857550788,0.6546981429251313,1.5847831571990945
380,150,35,4,500,0,0.7039058166036827,120754251.24455316,58369666.666666076,21738311.328073613,0.9999999999999923,0.3724247981784003,45.479144157649,0.7579857359608168,1.7598313911072196
381,150,35,4,500,0,0.6779258402762247,118683152.91122064,56783833.333332926,21738311.32807362,0.9999999999999927,0.38282571027681783,46.27278485016377,0.7712130808360628,1.7553994893337417
382,150,35,4,500,0,0.681236793978007,119990458.91121978,57784833.33333274,21738311.32807358,0.9999999999999907,0.376194064672226,45.76863902206883,0.7628106503678139,1.7450026960836018
383,150,35,4,500,0,0.7183015462359322,118122878.91122153,56354833.33333314,21738311.328073557,0.9999999999999898,0.3857399630568268,46.492263400788865,0.7748710566798144,1.8017645733612082
384,150,35,4,500,0,0.6787100697143167,131488047.57788229,66588499.99999855,21738311.32807367,0.9999999999999948,0.3264574412710024,41.766533925808936,0.6961088987634823,1.635984921494601
385,150,35,4,500,0,0.7003966103766794,126538960.57788384,62798999.99999881,21738311.32807361,0.9999999999999921,0.3461569663222985,43.40007200090628,0.723334533348438,1.7006567167829563
386,150,35,4,500,0,0.7262022162825059,122819836.25251919,59981166.66666656,21719261.063536864,0.9991236548115715,0.362101343980809,44.714275540221266,0.7452379256703544,1.7611212171375077
387,150,35,4,500,0,0.6091215303365317,121625788.57788679,59036999.9999995,21738311.328073654,0.9999999999999941,0.36821504019638257,45.153252975483554,0.7525542162580592,1.656247778751697
388,150,35,4,500,0,0.6686045304247825,123433510.24455263,60421166.66666601,21738311.32807362,0.9999999999999927,0.3597797349395856,44.491969718104684,0.7415328286350781,1.697961147011529
389,150,35,4,500,0,0.7320030633159446,127896547.57788318,63838499.99999863,21738311.328073572,0.9999999999999905,0.340520396439046,42.939392063384226,0.7156565343897371,1.7200759148569182
390,150,35,6,400,0,0.6708786094808148,110909706.92897539,57652833.333333015,17390649.06245903,1.0000000000000013,0.30164430882192766,39.616009469880865,0.6602668244980144,1.5724608810363714
391,150,35,6,400,0,0.7308130502970197,118746359.92897627,63653333.33333309,17390649.062459033,1.0000000000000016,0.2732087724517035,37.00155526980354,0.616692587830059,1.5660726560884415
392,150,35,6,400,0,0.6963039911353401,119603531.26230589,64309666.666665636,17390649.062459033,1.0000000000000016,0.27042045098133477,36.73637353034195,0.6122728921723658,1.5249132440927737
393,150,35,6,400,0,0.7077338378623717,108862551.92897668,56085333.333333276,17390649.06245898,0.9999999999999986,0.31007480973859475,40.36098660324049,0.6726831100540082,1.6284767957072557
394,150,35,6,400,0,0.7153906921163752,125529506.26230456,68847166.66666482,17390649.062458996,0.9999999999999992,0.25259789043547365,35.0021292270423,0.583368820450705,1.5008378249154593
395,150,35,6,400,0,0.7015445032093018,125867107.26230402,69105666.6666646,17390649.062459003,0.9999999999999997,0.2516530105460651,34.90824644792564,0.5818041074654273,1.4846710191115813
396,150,35,6,400,0,0.6895190725430778,123774459.92897223,67503333.33333199,17390649.062459048,1.0000000000000024,0.25762652307233314,35.498438066474904,0.5916406344412484,1.4872609254421927
397,150,35,6,400,0,0.7098473993272579,115335164.34416963,61057333.33333295,17380488.210919037,0.999415729021759,0.28465848837572033,38.09592698796127,0.6349321164660212,1.5725063064938554
398,150,35,6,400,0,0.6973387352141681,115669616.76060678,61302999.99999945,17387131.329401918,0.9997977227276306,0.2836261085004335,37.98577468354146,0.6330962447256909,1.557335866740206
399,150,35,6,400,0,0.6917556005112496,112607289.26230769,58952666.666665934,17390649.06245902,1.0000000000000007,0.29499342516243376,39.018788470834,0.6503131411805666,1.5780634818217631
400,150,30,4,400,0,0.6154162294211266,103687836.59564616,52121666.666667245,17390649.06245903,1.0000000000000013,0.33365489199869863,42.375269310850825,0.7062544885141804,1.5885946315342658
401,150,30,4,400,0,0.635474772944496,104173886.2623127,52493833.33333383,17390649.06245901,1.0000000000000002,0.3312893716873191,42.1775567529111,0.702959279215185,1.603465549509536
402,150,30,4,400,0,0.5911444602294312,104108397.83184402,52453500.00000046,17384395.72076309,0.9996404193038766,0.33142489482614007,42.204088157200054,0.7034014692866676,1.559685845377011
403,150,30,4,400,0,0.6215207730344471,105227392.92897794,53300500.00000017,17390649.06245898,0.9999999999999986,0.3262755332962904,41.75528707591897,0.6959214512653162,1.5784626509367956
404,150,30,4,400,0,0.6246538425478948,111792654.92897446,58327499.999999374,17390649.06245899,0.9999999999999988,0.2981552280221023,39.30311882110256,0.6550519803517093,1.5182300053172861
405,150,30,4,400,0,0.6525204948199144,107913834.92897704,55357500.00000002,17390649.06245898,0.9999999999999986,0.3141516336983963,40.715817419441706,0.6785969569906951,1.5824387587693265
406,150,30,4,400,0,0.5875785474554037,110183662.92897762,57095500.000000164,17390649.06245901,1.0000000000000002,0.304588786549885,39.877055120523295,0.664617585342055,1.4958671620373667
407,150,30,4,400,0,0.6072511569496757,107830033.26231134,55293333.33333363,17390649.062459078,1.0000000000000042,0.31451619958630916,40.74746030460251,0.6791243384100418,1.5379884550287648
408,150,30,4,400,0,0.6464844497083211,103228023.73535092,51793500.00000068,17375408.85082959,0.9991236548115783,0.33547469954394593,42.56402322749614,0.7094003871249357,1.6242645964684135
409,150,30,4,400,0,0.6673677316929302,103242490.59564579,51780666.66666713,17390649.06245902,1.0000000000000007,0.33585216610689056,42.55805894114401,0.7093009823524002,1.6453504469308429
410,150,30,6,400,0,0.6154162294211266,103661498.92897947,52101500.00000058,17390649.06245903,1.0000000000000013,0.33378403812671104,42.3860357548011,0.706433929246685,1.5888773891691805
411,150,30,6,400,0,0.635474772944496,104157125.92897934,52481000.0000005,17390649.06245901,1.0000000000000002,0.3313703828520578,42.184343709675325,0.7030723951612554,1.6036434743873975
412,150,30,6,400,0,0.5911444602294312,104082060.16517723,52433333.33333377,17384395.72076309,0.9996404193038766,0.3315523659395349,42.21476778060582,0.703579463010097,1.559965815991156
413,150,30,6,400,0,0.9454249453557165,103800370.26231281,52207833.33333377,17390649.062458962,0.9999999999999973,0.33310420969635113,42.32932877692512,0.705488812948752,1.9173971260615494
414,150,30,6,400,0,0.6246538425478948,111802232.2623078,58334833.333332725,17390649.062458992,0.9999999999999991,0.29811774661438717,39.29975199145728,0.654995866524288,1.5181439063636926
415,150,30,6,400,0,0.6525204948199144,108146085.26231012,55535333.3333333,17390649.06245898,0.9999999999999986,0.3131456681474676,40.62837771097091,0.6771396285161818,1.5801766578540701
416,150,30,6,400,0,0.5875785474554037,111739979.5956436,58287166.666666694,17390649.062459037,1.0000000000000018,0.29836154435011186,39.32164670067025,0.6553607783445041,1.4816285612799973
417,150,30,6,400,0,0.6072511569496757,108342420.59564415,55685666.66666688,17390649.062459085,1.0000000000000044,0.3123002758781557,40.55475201535834,0.6759125335893057,1.533003911241506
418,150,30,6,400,0,0.6464844497083211,103149010.73535092,51733000.00000066,17375408.850829627,0.9991236548115804,0.33586702589893114,42.59662762324651,0.7099437937207752,1.6251218641482412
419,150,30,6,400,0,0.6673677316929302,104825144.92897803,52992500.00000017,17390649.06245902,1.0000000000000007,0.32817189342754094,41.91551562344056,0.6985919270573427,1.6284971734923057
420,150,30,2,400,0,0.6154162294211266,103771638.26231274,52185833.33333386,17390649.06245903,1.0000000000000013,0.33324463655447084,42.341048802693116,0.7056841467115519,1.5876960853762552
421,150,30,2,400,0,0.635474772944496,104178674.92897934,52497500.00000049,17390649.062459014,1.0000000000000002,0.3312662329150693,42.175618023509514,0.7029269670584919,1.6034147263350433
422,150,30,2,400,0,0.5911444602294312,103059679.83184457,51650500.00000057,17384395.720763057,0.9996404193038748,0.33657749142337184,42.63354987293831,0.7105591645489718,1.5709656179171005
423,150,30,2,400,0,0.6215207730344471,104695850.92897832,52893500.0000003,17390649.062458966,0.9999999999999977,0.32878612802062385,41.96727913296761,0.6994546522161269,1.584004327667073
424,150,30,2,400,0,0.6246538425478948,111821386.92897445,58349499.99999934,17390649.06245899,0.9999999999999988,0.29804281206281436,39.293020062350045,0.6548836677058341,1.5179717599039804
425,150,30,2,400,0,0.6525204948199144,107837216.2623104,55298833.33333336,17390649.06245898,0.9999999999999986,0.31448491793001615,40.74474613024347,0.6790791021707245,1.583187531334652
426,150,30,2,400,0,0.5875785474554037,110241126.9289775,57139500.00000011,17390649.062459014,1.0000000000000002,0.30435423940459716,39.85626891160766,0.6642711485267943,1.4953330875058757
427,150,30,2,400,0,0.6072511569496757,107810878.59564458,55278666.66666692,17390649.062459078,1.0000000000000042,0.3145996477687414,40.75469987105275,0.6792449978508792,1.5381758730155481
428,150,30,2,400,0,0.6464844497083211,102859296.4020175,51511166.66666731,17375408.850829564,0.9991236548115767,0.3373134404675235,42.71660563209743,0.7119434272016238,1.6282786292839637
429,150,30,2,400,0,0.6673677316929302,103271222.59564589,51802666.666667156,17390649.06245902,1.0000000000000007,0.33570953353351546,42.54621848725214,0.7091036414542023,1.645038999973945
430,150,30,4,500,0,0.7392757156658728,113838130.9191875,53102500.00000022,21719261.063536856,0.9991236548115712,0.4090063756609719,48.242183490333055,0.804036391505551,1.8705172077002015
431,150,30,4,500,0,0.6417934924333787,109960035.57789212,50103166.66666739,21738311.32807361,0.9999999999999921,0.4338710060523113,49.9435997009094,0.83239332834849,1.821283625623718
432,150,30,4,500,0,0.5994353454917738,122196748.58585192,59502666.666666426,21719261.063536927,0.9991236548115744,0.3650132385697618,44.942275989787234,0.7490379331631206,1.640483869510704
433,150,30,4,500,0,0.660234259392533,113369566.24455692,52713833.33333351,21738311.32807357,0.9999999999999902,0.4123834286649645,48.441571948447596,0.8073595324741266,1.7975005347986313
434,150,30,4,500,0,0.6038414599122481,123641256.24455234,60578833.33333259,21738311.32807367,0.9999999999999948,0.35884334728698863,44.41721288513655,0.7402868814189425,1.6312030191607816
435,150,30,4,500,0,0.6867690772629026,118572452.57788774,56697666.66666636,21738311.328073576,0.9999999999999906,0.38340751226811853,46.31598554809813,0.7719330924683022,1.7654281795456996
436,150,30,4,500,0,0.6012961648611388,115931502.91122392,54675500.00000035,21738311.328073636,0.9999999999999934,0.39758779212030065,47.371075696356826,0.7895179282726138,1.7088843268299931
437,150,30,4,500,0,0.5518773407347453,112711124.57789126,52209666.66666718,21738311.328073658,0.9999999999999943,0.41636564100020007,48.72456042442184,0.8120760070736973,1.6970458606086027
438,150,30,4,500,0,0.676459458217903,124903069.91121994,61544999.99999945,21738311.328073654,0.9999999999999941,0.35321003051545774,43.96849496096073,0.7328082493493455,1.6918357319796147
439,150,30,4,500,0,0.654698465461177,119336244.9112208,57282499.99999961,21738311.3280736,0.9999999999999916,0.37949306207085487,46.019547574046584,0.7669924595674431,1.725285374685304
440,150,30,2,500,0,0.7392757156658728,113000114.25252149,52460833.33333371,21719261.063536853,0.9991236548115711,0.41400907464686415,48.5999508613546,0.8099991810225766,1.8804821564059406
441,150,30,2,500,0,0.6417934924333787,109462014.24455918,49721833.333334155,21738311.32807361,0.9999999999999921,0.4371985075920353,50.170829012247694,0.8361804835374615,1.8277327820444684
442,150,30,2,500,0,0.5994353454917738,119469602.9191858,57414499.999999836,21719261.063536882,0.9991236548115724,0.3782887783319013,45.9681782295274,0.7661363038254567,1.6682026719827516
443,150,30,2,500,0,0.660234259392533,113379143.57789022,52721166.666666836,21738311.32807357,0.9999999999999902,0.4123260675454229,48.437480004664124,0.8072913334110687,1.79738644683994
444,150,30,2,500,0,0.594671876375403,120023418.57788667,57808666.66666613,21738311.328073654,0.9999999999999941,0.37603896753786376,45.75607048249682,0.7626011747082803,1.6581042251139744
445,150,30,2,500,0,0.6867690772629026,118483862.24455416,56629833.33333298,21738311.328073576,0.9999999999999906,0.3838667721325988,46.35061599076475,0.7725102665127459,1.7663727614817275
446,150,30,2,500,0,0.6012961648611388,115967417.91122366,54703000.00000028,21738311.328073595,0.9999999999999915,0.3973879189088986,47.35640491887237,0.7892734153145395,1.7084799153027972
447,150,30,2,500,0,0.5518773407347453,112282538.91122463,51881500.00000049,21738311.328073617,0.9999999999999925,0.4189992835225159,48.9105434669771,0.8151757244496184,1.7022524920023763
448,150,30,2,500,0,0.6615892527098648,122384231.24455267,59616333.33333262,21738311.328073587,0.999999999999991,0.3646368388093953,44.873428089163575,0.7478904681527262,1.7011891919101072
449,150,30,2,500,0,0.6515942962943329,117990629.57788798,56252166.6666664,21738311.328073584,0.9999999999999909,0.38644398280493525,46.54437407145753,0.7757395678576255,1.7364890503959067
450,150,25,2,400,0,0.5947925876273072,100569853.59564734,49732833.3333341,17390649.06245902,1.0000000000000009,0.3496814457744298,43.68903645485832,0.7281506075809719,1.602688351827823
451,150,25,2,400,0,0.5815258146239276,94464303.59564948,45057833.333334595,17390649.062458996,0.9999999999999994,0.3859628343379104,46.512807830643396,0.7752134638440566,1.6655095459383125
452,150,25,2,400,0,0.5336902257743573,93290238.83184782,44168666.66666785,17384395.72076305,0.9996404193038743,0.3935911367205089,47.098175061162195,0.7849695843527033,1.6335327195034677
453,150,25,2,400,0,0.6022959082266398,94021351.9289828,44718666.666667916,17390649.062459007,1.0,0.38889015166951585,46.73193811676705,0.7788656352794507,1.6922736648417032
454,150,25,2,400,0,0.5895755018599033,104762331.26231176,52943000.00000033,17390649.06245897,0.9999999999999979,0.3284787235792997,41.94064743556036,0.6990107905926727,1.5513692713160157
455,150,25,2,400,0,0.597378335944797,105976258.26231128,53872500.00000021,17390649.06245898,0.9999999999999986,0.32281124994123006,41.46022960279004,0.6910038267131673,1.5466311626109484
456,150,25,2,400,0,0.5453826898980391,98632837.92898189,48249666.666667804,17390649.06245898,0.9999999999999986,0.36043044986408,44.54703009928241,0.7424505016547068,1.57617755144401
457,150,25,2,400,0,0.5363343171059113,104156564.92897889,52479166.66666715,17390649.062459018,1.0000000000000007,0.3313819591099743,42.184570919711064,0.7030761819951844,1.5045160663890753
458,150,25,2,400,0,0.5501713594636137,97272755.73535317,47232166.666667804,17375408.850829612,0.9991236548115795,0.3678723648960107,45.169893325054645,0.7528315554175774,1.5973008067979997
459,150,25,2,400,0,0.5824697556398551,98151576.9289813,47881166.666667596,17390649.062459003,0.9999999999999999,0.3632043718468013,44.76545499803008,0.7460909166338346,1.6191241697511307
460,150,30,2,600,0,0.6631903216181739,123068056.22680199,53318833.333333574,26085973.593688246,0.9999999999999892,0.4892450183710221,53.54598262164525,0.8924330436940875,1.9470193800090791
461,150,30,2,600,0,0.6585776842590472,120609075.89347053,51436000.00000071,26085973.593688212,0.9999999999999878,0.5071540087426677,54.63767922258623,0.9106279870431038,1.974928878296285
462,150,30,2,600,0,0.5692804148668225,115708277.00608023,47985666.66666774,25893360.829384476,0.9926162324893768,0.5396061496707467,56.95184623355613,0.9491974372259355,1.9501627718293555
463,150,30,2,600,0,0.6742343413399648,121322587.22680312,51982333.33333383,26085973.59368816,0.9999999999999859,0.5018238297694969,54.31634908741999,0.9052724847903331,1.9809658899458955
464,150,30,2,600,0,0.621456237332919,125598866.56013514,55256666.66666689,26085973.59368822,0.9999999999999882,0.4720873546544269,52.46703398270626,0.8744505663784377,1.8735766874348982
465,150,30,2,600,0,0.7723375909056376,130780203.89346579,59223999.99999965,26085973.593688253,0.9999999999999893,0.440462879806977,50.388360040852085,0.8398060006808681,1.9645138954320873
466,150,30,2,600,0,0.571736738223972,128736489.10302405,57694999.999999896,26063113.276244134,0.999123654811568,0.45173954894261514,51.18828426901075,0.8531380711501791,1.7862664485282433
467,150,30,2,600,0,0.6254325087333711,125141548.89346942,54906500.00000043,26085973.593688242,0.999999999999989,0.47509809573890227,52.65876967536792,0.877646161256132,1.8831571465806247
468,150,30,2,600,0,0.6248343004221654,131898357.56013227,60080166.666666195,26085973.59368822,0.9999999999999882,0.43418610568138283,49.961198318907954,0.8326866386484659,1.8048698236157374
469,150,30,2,600,0,0.6562676833002746,132803415.56013072,60773166.66666584,26085973.593688264,0.9999999999999898,0.42923505593787753,49.62071172797714,0.8270118621329523,1.826667590183529
470,150,25,4,400,0,0.5947925876273072,100486051.92898074,49668666.66666748,17390649.062459007,1.0,0.350133197236193,43.725471502307116,0.7287578583717853,1.6036570037880469
471,150,25,4,400,0,0.5815258146239276,94459514.92898282,45054166.66666793,17390649.062458996,0.9999999999999992,0.3859942453518951,46.515165817899614,0.7752527636316603,1.665573974537104
472,150,25,4,400,0,0.5336902257743573,93779437.45340472,44751666.66666781,17251550.733724147,0.9920015447246803,0.3854951562412656,46.85248834194708,0.780874805699118,1.6229611564664879
473,150,25,4,400,0,0.6022959082266398,94346981.26231599,44968000.00000125,17390649.062459007,1.0,0.38673387881290083,46.57064742520775,0.7761774570867959,1.6878604683637564
474,150,25,4,400,0,0.5895755018599033,104733599.26231167,52921000.00000033,17390649.06245897,0.9999999999999979,0.3286152767797068,41.95215318625173,0.6992025531041954,1.5516702763878643
475,150,25,4,400,0,0.597378335944797,106299493.26231107,54120000.00000005,17390649.06245898,0.9999999999999986,0.3213349789811339,41.334157531283736,0.6889026255213956,1.5433489446510995
476,150,25,4,400,0,0.5453826898980391,98575373.92898205,48205666.66666784,17390649.06245898,0.9999999999999986,0.36075943483391076,44.57299855809305,0.7428833093015508,1.5768735470667186
477,150,25,4,400,0,0.5363343171059113,104175719.59564565,52493833.33333385,17390649.06245902,1.0000000000000007,0.33128937168731915,42.17681449242087,0.7029469082070144,1.504312722662781
478,150,25,4,400,0,0.5501713594636137,97234446.40201975,47202833.333334446,17375408.850829612,0.9991236548115795,0.3681009724168225,45.18768978057073,0.7531281630095121,1.5977803004065838
479,150,25,4,400,0,0.5824697556398551,99346349.26231372,48796000.00000073,17390649.062458996,0.9999999999999992,0.3563949721792511,44.22709070464811,0.7371181784108018,1.6047039117940578
480,150,35,2,400,0,0.6708786094808148,111019846.26230884,57737166.66666637,17390649.06245903,1.0000000000000013,0.3012037144610915,39.57670766016627,0.6596117943361045,1.5714533753857927
481,150,35,2,400,0,0.7308130502970197,117441448.26230882,62654166.66666629,17390649.062459033,1.0000000000000016,0.2775657228829017,37.41268576819934,0.6235447628033223,1.5764103914066634
482,150,35,2,400,0,0.6963039911353401,119474237.26230493,64210666.66666539,17390649.06245903,1.000000000000001,0.27083738520795153,36.77612932027714,0.6129354886712857,1.525909387972987
483,150,35,2,400,0,0.7077338378623717,108706920.26231037,55966166.6666667,17390649.06245898,0.9999999999999986,0.3107350404403667,40.418769931093045,0.6736461655182174,1.6299680357328823
484,150,35,2,400,0,0.7153906921163752,124916556.92897119,68377833.3333315,17390649.06245899,0.999999999999999,0.25433167760204145,35.173880132626124,0.5862313355437687,1.505087369741777
485,150,35,2,400,0,0.7015445032093018,125632462.5956366,68925999.9999978,17390649.062459003,0.9999999999999997,0.2523089844537556,34.973444834413385,0.582890747240223,1.4862824380125295
486,150,35,2,400,0,0.6482770469610634,120903654.26230726,65305166.666665904,17390649.06245898,0.9999999999999986,0.2662982111541841,36.34133332700933,0.6056888887834888,1.4670045046678994
487,150,35,2,400,0,0.6779445776668869,112169855.6775031,58633666.66666623,17380488.210918974,0.9994157290217554,0.2964250608737717,39.170951709454904,0.6528491951575818,1.5679338215234861
488,150,35,2,400,0,0.6973387352141681,115796516.42727344,61400166.66666613,17387131.329401903,0.9997977227276297,0.28317726601288357,37.94414664243848,0.6324024440406414,1.5562829920651162
489,150,35,2,400,0,0.6917556005112496,110368587.59564233,57238499.99999962,17390649.06245902,1.0000000000000007,0.303827826767982,39.8102403565911,0.663504005943185,1.5983218678688202
490,150,30,4,600,0,0.6631903216181739,123041718.56013528,53298666.666666895,26085973.593688246,0.9999999999999892,0.48943013446905737,53.557444394596196,0.89262407324327,1.9473585024366897
491,150,30,4,600,0,0.6367102392972296,128148831.56013289,57209166.66666637,26085973.593688227,0.9999999999999885,0.455975416416746,51.42302055955762,0.8570503426592937,1.8585409150899201
492,150,30,4,600,0,0.6486099784882517,124121562.89346798,54125500.00000005,26085973.593688227,0.9999999999999885,0.48195348945853994,53.09150035160244,0.884858339193374,1.9190311092484578
493,150,30,4,600,0,0.6742343413399648,121313009.8934698,51975000.0000005,26085973.59368816,0.9999999999999859,0.5018946338371892,54.32063721596545,0.9053439535994241,1.9810940020091403
494,150,30,4,600,0,0.621456237332919,126017874.89346823,55577500.00000016,26085973.59368823,0.9999999999999886,0.46936212664636157,52.29258155298065,0.8715430258830108,1.868488964533019
495,150,30,4,600,0,0.7723375909056376,130856822.56013238,59282666.66666631,26085973.593688253,0.9999999999999893,0.4400269937309682,50.35885688705151,0.8393142814508585,1.9636734673412706
496,150,30,4,600,0,0.571736738223972,128669447.76969069,57643666.66666656,26063113.276244145,0.9991236548115683,0.4521418359272344,51.2149551756473,0.8535825862607883,1.787032793226548
497,150,30,4,600,0,0.6254325087333711,125531825.22680248,55205333.33333369,26085973.593688264,0.9999999999999898,0.4725263306749606,52.49505444610553,0.8749175741017587,1.8783711473750984
498,150,30,4,600,0,0.6248343004221654,131819344.56013227,60019666.66666618,26085973.593688212,0.9999999999999878,0.43462376654910484,49.99114524495241,0.8331857540825403,1.8057190677439894
499,150,30,4,600,0,0.6562676833002746,133320591.56013112,61169166.66666596,26085973.593688298,0.9999999999999911,0.42645625263853415,49.428223524104496,0.8238037254017416,1.8212364108128436
500,150,30,6,500,0,0.7392757156658728,113790244.25252071,53065833.33333353,21719261.063536853,0.9991236548115711,0.4092889850067389,48.26248538330512,0.8043747563884186,1.8710816600596827
501,150,30,6,500,0,0.6417934924333787,109945669.57789229,50092166.66666744,21738311.32807361,0.9999999999999921,0.43396628204822324,49.95012555823556,0.8325020926372594,1.8214686107092168
502,150,30,6,500,0,0.6033767337954158,119235682.91122137,57205499.99999976,21738311.328073613,0.9999999999999923,0.3800038689998987,46.05835992979549,0.7676393321632582,1.675019161158593
503,150,30,6,500,0,0.660234259392533,113568295.91122334,52866000.00000014,21738311.32807357,0.9999999999999902,0.41119644626174684,48.35680553217912,0.8059467588696521,1.7951381752715825
504,150,30,6,500,0,0.6038414599122481,123650833.57788555,60586166.66666588,21738311.328073684,0.9999999999999956,0.35879991298465763,44.41377256499293,0.7402295427498822,1.6311109330498565
505,150,30,6,500,0,0.7278607778248931,117717675.57788883,56043166.66666669,21738311.32807368,0.9999999999999953,0.38788513606607417,46.652297312533214,0.7775382885422203,1.815707175219973
506,150,30,6,500,0,0.6012961648611388,115929108.57789057,54673666.66666703,21738311.328073632,0.9999999999999931,0.39760112415008114,47.372054071391084,0.7895342345231847,1.7089112987043884
507,150,30,6,500,0,0.5518773407347453,113539563.91122432,52844000.00000043,21738311.328073654,0.9999999999999941,0.4113676354566928,48.369042568227535,0.8061507094704589,1.6871221585705585
508,150,30,6,500,0,0.676459458217903,125492075.91121987,61995999.999999434,21738311.328073684,0.9999999999999956,0.3506405466171024,43.76212569696598,0.7293687616160996,1.6863406571276847
509,150,30,6,500,0,0.654698465461177,119245260.24455394,57212833.333332874,21738311.32807361,0.9999999999999921,0.37995516148312497,46.0546606945815,0.767577678243025,1.726240272890702
510,150,35,6,500,0,0.7039058166036827,120706364.57788645,58332999.9999994,21738311.328073613,0.9999999999999922,0.3726588951035235,45.497186657927934,0.7582864442987989,1.7603193769853005
511,150,35,6,500,0,0.6779258402762247,119456522.5778873,57375999.999999516,21738311.32807362,0.9999999999999926,0.37887463971126956,45.97321168812085,0.7662201948020141,1.7472457468472546
512,150,35,6,500,0,0.681236793978007,119964121.24455309,57764666.66666606,21738311.32807358,0.9999999999999907,0.3763254006729686,45.778687352735076,0.7629781225455846,1.7452752370619664
513,150,35,6,500,0,0.7397920008606345,118144427.91122162,56371333.33333314,21738311.328073606,0.9999999999999919,0.3856270562119105,46.483783425882386,0.7747297237647064,1.8230233695948692
514,150,35,6,500,0,0.6787100697143167,131497624.91121547,66595833.33333183,21738311.328073684,0.9999999999999956,0.3264214927571671,41.76349195438284,0.696058199239714,1.6359054631597645
515,150,35,6,500,0,0.7003966103766794,126534171.91121706,62795333.33333212,21738311.32807361,0.9999999999999921,0.3461771786874932,43.40171447009059,0.7233619078348431,1.7007002611615172
516,150,35,6,500,0,0.7262022162825059,122817441.91918571,59979333.33333318,21719261.063536864,0.9991236548115716,0.3621124120008601,44.71514724768183,0.7452524541280304,1.7611446000112245
517,150,35,6,500,0,0.6091215303365317,122454227.91122012,59671333.33333284,21738311.328073647,0.9999999999999939,0.3643007473394343,44.84777776706559,0.7474629627844265,1.6480250909925056
518,150,35,6,500,0,0.6686045304247825,123598719.24455239,60547666.66666595,21738311.32807361,0.9999999999999921,0.3590280604494619,44.43249924891152,0.7405416541485254,1.6963686329328773
519,150,35,6,500,0,0.7320030633159446,127860632.57788296,63810999.99999855,21738311.32807357,0.9999999999999902,0.34066714717014407,42.951453385425836,0.7158575564237639,1.7203943374758237
520,150,30,8,500,0,0.7392757156658728,113737568.9191873,53025500.000000186,21719261.063536853,0.9991236548115711,0.4096003067116157,48.2848372106672,0.8047472868444533,1.8717032478796187
521,150,30,8,500,0,0.6417934924333787,109936092.24455899,50084833.33333412,21738311.32807361,0.9999999999999921,0.4340298226290714,49.954477077311275,0.832574617955188,1.8215919684918238
522,150,30,8,500,0,0.6045885713885825,119515819.91122109,57419999.99999976,21738311.328073688,0.9999999999999957,0.37858431431685435,45.950402248668226,0.7658400374778037,1.6732960603198697
523,150,30,8,500,0,0.8836071978783503,108115674.25252348,48720833.33333416,21719261.0635369,0.9991236548115733,0.4457900158427065,50.795594977032835,0.8465932496172139,2.0868324601697292
524,150,30,8,500,0,0.6038414599122481,123617312.91121879,60560499.99999921,21738311.328073684,0.9999999999999956,0.3589519790634814,44.42581601773028,0.7404302669621713,1.6314333101252045
525,150,30,8,500,0,0.712257964918714,116795857.24455583,55337333.33333341,21738311.32807365,0.999999999999994,0.39283265055671196,47.020503377109186,0.7836750562851531,1.8101991416492367
526,150,30,8,500,0,0.6012961648611388,115900376.57789053,54651666.66666702,21738311.32807364,0.9999999999999936,0.39776117827587143,47.383797724843895,0.7897299620807315,1.7092350695625673
527,150,30,8,500,0,0.5518773407347453,114008853.24455743,53203333.33333379,21738311.328073695,0.9999999999999961,0.40858927375615894,48.16994333080154,0.8028323888466923,1.6815811485863645
528,150,30,8,500,0,0.676459458217903,125484892.91121978,61990499.999999404,21738311.32807368,0.9999999999999954,0.35067165659373434,43.76463072638898,0.729410512106483,1.6864072955993734
529,150,30,8,500,0,0.9330050950285546,107168242.91122621,47965500.00000091,21738311.32807362,0.9999999999999927,0.45320722869715124,51.244658406401065,0.8540776401066844,2.14964851809296
530,150,30,6,600,0,0.6631903216181739,123120731.56013514,53359166.66666686,26085973.593688246,0.9999999999999892,0.48887520595376904,53.52307378697943,0.8920512297829906,1.9463417161641796
531,150,30,6,600,0,0.6367102392972296,128158408.89346647,57216499.99999978,26085973.593688283,0.9999999999999906,0.45591697488815963,51.419177694987354,0.856986294916456,1.8584301141242132
532,150,30,6,600,0,0.6486099784882517,124114379.89346789,54120000.000000045,26085973.59368824,0.9999999999999888,0.48200246847169653,53.094572970966595,0.8849095495161099,1.919121502781719
533,150,30,6,600,0,0.6742343413399648,121274700.56013635,51945666.66666716,26085973.593688156,0.9999999999999857,0.5021780500206223,54.33779650300867,0.9056299417168111,1.981606723073274
534,150,30,6,600,0,0.621456237332919,126810399.22680089,56184333.33333328,26085973.593688272,0.9999999999999902,0.4642926603564747,51.965769685923924,0.8660961614320654,1.8589865270501642
535,150,30,6,600,0,0.7723375909056376,130852033.89346553,59278999.99999959,26085973.593688253,0.9999999999999893,0.4400542113343415,50.360699821946596,0.8393449970324433,1.963725957005554
536,150,30,6,600,0,0.571736738223972,127982274.10302415,57117499.99999991,26063113.276244186,0.9991236548115698,0.4563069685515687,51.489943011133654,0.8581657168522275,1.7949480299174545
537,150,30,6,600,0,0.6254325087333711,126362658.89346877,55841500.000000276,26085973.593688264,0.9999999999999898,0.46714313895020965,52.14989980193115,0.8691649966988525,1.8683120165923914
538,150,30,6,600,0,0.6248343004221654,131814555.89346677,60015999.99999979,26085973.59368827,0.99999999999999,0.4346503198095234,49.99296136403867,0.8332160227339779,1.8057705790037621
539,150,30,6,600,0,0.6758600237880815,135832247.22679764,63092333.33333257,26085973.593688216,0.999999999999988,0.4134571066799748,48.514252944641946,0.8085708824106991,1.8151965915427604
540,150,35,8,500,0,0.711090858964323,120598619.577887,58250499.99999954,21738311.328073613,0.9999999999999922,0.3731866907249514,45.53783467192338,0.758963911198723,1.7686041227430072
541,150,35,8,500,0,0.6779258402762247,119446945.24455392,57368666.666666195,21738311.32807362,0.9999999999999926,0.37892307057407293,45.97689784997154,0.766281630832859,1.747345927568342
542,150,35,8,500,0,0.681236793978007,119961726.9112196,57762833.33333269,21738311.328073576,0.9999999999999906,0.3763373448568223,45.77960105612961,0.7629933509354935,1.7453000207989584
543,150,35,8,500,0,0.7397920008606345,119154836.57788765,57144999.99999967,21738311.3280736,0.9999999999999916,0.38040618300942725,46.08961044069905,0.7681601740116508,1.812277121279827
544,150,35,8,500,0,0.6787100697143167,131464104.2445487,66570166.666665144,21738311.328073684,0.9999999999999956,0.32654734720619366,41.77414079347613,0.6962356798912688,1.6361836273705403
545,150,35,8,500,0,0.7003966103766794,126543749.24455042,62802666.66666546,21738311.328073625,0.9999999999999928,0.346136756317259,43.39842965603062,0.7233071609338437,1.7006131763643304
546,150,35,8,500,0,0.7262022162825059,123348983.91918615,60386333.3333333,21719261.06353687,0.999123654811572,0.35967179765074136,44.52245835764672,0.7420409726274453,1.7559806270305442
547,150,35,8,500,0,0.6091215303365317,122923517.24455348,60030666.66666621,21738311.32807366,0.9999999999999946,0.3621201051919101,44.676560865681964,0.7446093477613661,1.643426962251426
548,150,35,8,500,0,0.6686045304247825,125066445.57788463,61671499.999998994,21738311.32807361,0.9999999999999921,0.3524855294272713,43.911058434774205,0.7318509739129034,1.6824439278795031
549,150,35,8,500,0,0.7352960636423208,126828674.91121845,63020833.33333243,21738311.328073636,0.9999999999999934,0.34493849380084285,43.300933356311766,0.7216822226051961,1.7329290812881912
550,150,40,6,500,0,0.7790635857392738,125787700.91121727,62225166.66666549,21738311.328073613,0.9999999999999922,0.34934918607006316,43.65927638566341,0.7276546064277235,1.7861975410230477
551,150,40,6,500,0,0.7630743429608323,127736688.24455085,63717499.99999885,21738311.32807362,0.9999999999999927,0.34116704717030666,42.993129659710554,0.7165521609951759,1.7525601416922536
552,150,40,6,500,0,0.7179461339831373,132784256.09687452,67602333.3333316,21725610.263648637,0.9994157290217505,0.32137367443405596,41.358818894864946,0.6893136482477491,1.6643587217781313
553,150,40,6,500,0,0.7919277765320158,125720659.57788563,62173833.33333259,21738311.3280736,0.9999999999999916,0.3496376234601457,43.68255796970073,0.7280426328283455,1.799680508128478
554,150,40,6,500,0,0.7488500334445698,138563863.5778812,72007833.33333114,21738311.328073673,0.999999999999995,0.30188814635547984,39.63371010446226,0.660561835074371,1.6509223856033248
555,150,40,6,500,0,0.7365964748649848,137369091.24454743,71092999.99999782,21738311.328073714,0.9999999999999969,0.3057728795813143,39.978425643242986,0.6663070940540498,1.6475218725840861
556,150,40,6,500,0,0.7314849441670407,128207370.67705905,64078666.666665636,21737822.682803497,0.9999775214706004,0.3392365012193946,42.83529075589008,0.7139215125981679,1.7167956577407244
557,150,40,6,500,0,0.7239238200919637,130202126.91917981,65635166.6666652,21719261.063536845,0.9991236548115706,0.3309089039697316,42.17903447467427,0.7029839079112378,1.6916348511789867
558,150,40,6,500,0,0.7214578177185738,135702635.24454686,69816999.99999781,21738311.32807361,0.9999999999999921,0.3113612920646016,40.469368852737034,0.6744894808789506,1.6450363322492056
559,150,40,6,500,0,0.7506769367674468,130557212.91121638,65877166.66666535,21738311.32807364,0.9999999999999936,0.32998248752968135,42.06431707250539,0.7010719512084231,1.715734877999615
560,150,35,8,600,0,0.7004906455953819,129700920.56013161,58398999.99999935,26085973.593688246,0.9999999999999892,0.4466852787494398,50.807657891254934,0.8467942981875822,1.904633166782516
561,150,35,8,600,0,0.7000217796863819,131317095.56013188,59636499.99999942,26085973.593688264,0.9999999999999898,0.4374162399484966,50.18234657027151,0.8363724428378585,1.8863272144830376
562,150,35,8,600,0,0.728248995587929,130043310.22679967,58661166.66666645,26085973.5936882,0.9999999999999875,0.4446889667557748,50.673886942028616,0.8445647823671436,1.9285649513596925
563,150,35,8,600,0,0.7127215748778091,132068916.22679818,60212166.666666016,26085973.59368822,0.9999999999999882,0.4332342620736424,49.89667658575713,0.8316112764292855,1.8909202609660083
564,150,35,8,600,0,0.6878887639709268,136206324.22679576,63380166.66666552,26085973.593688253,0.9999999999999893,0.41157944141866765,48.381013417757245,0.8063502236292874,1.8235025407351484
565,150,35,8,600,0,0.6252299225413601,136333223.89346218,63477333.33333208,26085973.59368819,0.999999999999987,0.4109494243670503,48.3359801213944,0.8055996686899066,1.759589130724907
566,150,35,8,600,0,0.6616408975655012,135765766.8934641,63042833.33333256,26085973.593688287,0.9999999999999908,0.41378174511544175,48.53800888681343,0.8089668147802238,1.8016331084380783
567,150,35,8,600,0,0.686811126242602,135401828.2267982,62764166.66666618,26085973.593688257,0.9999999999999896,0.41561889496961046,48.66847136629557,0.8111411894382595,1.83044743165655
568,150,35,8,600,0,0.691614467566987,128308712.70468527,57568499.99999989,25935863.85457232,0.9942455765134819,0.45052179324756364,51.3589440739465,0.8559824012324417,1.9080143033974797
569,150,35,8,600,0,0.7498907382562817,134298040.5601291,61918999.99999875,26085973.59368824,0.9999999999999888,0.4212919070671161,49.06847465916345,0.8178079109860575,1.904732174896032
570,150,35,8,400,0,0.6708786094808148,110916889.92897537,57658333.333333015,17390649.06245903,1.0000000000000013,0.30161553511997324,39.61344392917553,0.6602240654862589,1.5723951030630523
571,150,35,8,400,0,0.7308130502970197,118760725.92897633,63664333.33333311,17390649.062459033,1.0000000000000016,0.2731615671117647,36.9970793427759,0.616617989046265,1.5659602930326963
572,150,35,8,400,0,0.6963039911353401,119586770.92897248,64296833.333332285,17390649.062459033,1.0000000000000016,0.270474425580202,36.74152220908832,0.6123587034848054,1.5250422350843071
573,150,35,8,400,0,0.7077338378623717,108888889.59564346,56105499.99999997,17390649.06245898,0.9999999999999986,0.3099633558645586,40.35122422789213,0.6725204037982022,1.6282249263522206
574,150,35,8,400,0,0.7153906921163752,125891050.59563816,69123999.99999818,17390649.06245899,0.999999999999999,0.2515862661660125,34.90160721680589,0.5816934536134315,1.4983531586626166
575,150,35,8,400,0,0.7015445032093018,126276538.26230472,69419166.66666478,17390649.06245907,1.0000000000000036,0.25051653451798195,34.79506217436125,0.5799177029060208,1.4818754337297082
576,150,35,8,400,0,0.6895190725430778,123762488.2623061,67494166.66666543,17390649.06245905,1.0000000000000027,0.25766151241405116,35.50187186514578,0.5916978644190963,1.487346146893415
577,150,35,8,400,0,0.710004783023374,116723877.6775033,62120666.666666344,17380488.210919037,0.999415729021759,0.2797859254180433,37.64268363444574,0.6273780605740956,1.5612115839319043
578,150,35,8,400,0,0.6973387352141681,115638490.42727344,61279166.66666612,17387131.329401918,0.9997977227276306,0.2837364193279729,37.9959992885182,0.6332666548086366,1.557594525485183
579,150,35,8,400,0,0.946435906413085,115276970.92897286,60996833.33333229,17390649.062459007,1.0,0.28510740823910485,38.11515834075143,0.6352526390125238,1.8097744720168927
580,150,35,8,300,0,0.7274385270915176,102803448.61339633,58266999.9999995,13042986.796844315,1.000000000000004,0.22384860721925667,32.05923579854036,0.5343205966423393,1.440838009509262
581,150,35,8,300,0,0.7070214959031695,104517791.28006236,59579666.666665986,13042986.796844305,1.000000000000003,0.21891674671187242,31.533387374869843,0.5255564562478308,1.4077113495204983
582,150,35,8,300,0,0.6804986571719187,105477918.94672881,60314833.33333256,13042986.796844324,1.0000000000000044,0.2162484098192179,31.24635025900094,0.5207725043166823,1.3742698893439753
583,150,35,8,300,0,0.7358335741239265,103971883.28006452,59161666.66666652,13042986.796844345,1.000000000000006,0.2204634779870588,31.698954525256095,0.5283159087542683,1.4405202652678417
584,150,35,8,300,0,0.6908787805224652,106483538.94672962,61084833.33333265,13042986.796844304,1.0000000000000029,0.21352250771759138,30.95126282052652,0.5158543803421086,1.3775511670386469
585,150,35,8,300,0,0.7364273381217351,117104801.61339682,69217499.99999869,13042986.796844278,1.0000000000000009,0.1884348148494893,28.144021035794655,0.46906701726324423,1.3562422072645708
586,150,35,8,300,0,0.6743064514353921,108871212.21817592,62930999.999999486,13031556.638122264,0.999123654811583,0.20707690388079594,30.272465354709905,0.504541089245165,1.344509063785194
587,150,35,8,300,0,0.6458006534434287,116094392.94672844,68443833.33333164,13042986.796844272,1.0000000000000007,0.19056482025667654,28.388967945353954,0.4731494657558992,1.2714019754046693
588,150,35,8,300,0,0.7173939125030403,117186208.94672787,69279833.33333138,13042986.796844328,1.0000000000000049,0.18826527387976824,28.12446984694462,0.4687411641157437,1.3367472957225985
589,150,35,8,300,0,0.7041406847027103,105997489.28006355,60712666.66666618,13042986.79684428,1.000000000000001,0.21483139372636764,31.093189304625234,0.5182198217437539,1.3942256214275583
590,150,35,10,400,0,0.6708786094808148,110912101.26230863,57654666.66666634,17390649.06245903,1.0000000000000013,0.3016347169779688,39.615154252723094,0.6602525708787182,1.5724389539419081
591,150,35,10,400,0,0.7308130502970197,119613108.59564324,64316999.999999724,17390649.062459033,1.0000000000000016,0.2703896180241477,36.7334320760228,0.6122238679337133,1.559348612650051
592,150,35,10,400,0,0.6963039911353401,119486208.92897244,64219833.33333223,17390649.062459033,1.0000000000000016,0.2707987261846833,36.772444614188544,0.6128740769031424,1.5258170489862293
593,150,35,10,400,0,0.9413355470042339,103865578.26231158,52259166.66666692,17390649.06245897,0.9999999999999979,0.3327770068241722,42.30275393936091,0.7050458989893486,1.9126030514529204
594,150,35,10,400,0,0.7298245335617553,121906879.9289737,66073333.333332404,17390649.062459,0.9999999999999996,0.2632022358358275,36.042264411655424,0.6007044068609237,1.5410907290913411
595,150,35,10,400,0,0.7015445032093018,126310058.92897204,69444833.33333157,17390649.06245907,1.0000000000000036,0.25042394412532987,34.78582812213528,0.579763802035588,1.4816474605451537
596,150,35,10,400,0,0.6895190725430778,124545435.26230577,68093666.66666526,17390649.06245905,1.0000000000000027,0.25539304774980665,35.27869159352325,0.5879781932253875,1.4818117039683105
597,150,35,10,400,0,0.710004783023374,116714300.3441699,62113333.333333,17380488.210919045,0.9994157290217593,0.27981895799483425,37.64577251496568,0.6274295419160947,1.5612894913353361
598,150,35,10,400,0,0.7185566929400866,116493191.4020116,61951999.99999927,17375408.85082962,0.9991236548115799,0.2804656645601405,37.717225763325835,0.628620429388764,1.571549653976963
599,150,35,10,400,0,0.9229981418400731,114860356.92897324,60677833.33333235,17390649.06245903,1.000000000000001,0.28660629602451154,38.253407158720705,0.6375567859786784,1.7898399646383607
600,150,30,10,400,0,0.6154162294211266,103663893.26231271,52103333.3333339,17390649.06245903,1.0000000000000013,0.3337722934385294,42.38505676110255,0.7064176126850424,1.5888516768569927
601,150,30,10,400,0,0.623239555805715,104659935.92897922,52866000.00000037,17390649.062459014,1.0000000000000002,0.3289571570093991,41.9816805829269,0.699694676382115,1.5860999577953492
602,150,30,10,400,0,0.5911444602294312,104050933.83184424,52409500.000000514,17384395.72076311,0.9996404193038777,0.33170314009412305,42.22739612410187,0.7037899354016979,1.5602969077064275
603,150,30,10,400,0,0.9788993757791761,104580922.92897849,52805500.00000024,17390649.062458966,0.9999999999999977,0.32933404782567893,42.01339859071482,0.700223309845247,1.9425899238849662
604,150,30,10,400,0,0.6447800684421898,115245283.59564157,60971166.66666615,17390649.062458996,0.9999999999999994,0.2852274281962645,38.125638316067004,0.6354273052677833,1.5083893162669848
605,150,30,10,400,0,0.6866164522739193,109501277.9289767,56572999.99999994,17390649.06245906,1.0000000000000029,0.30740192428294555,40.12555910854164,0.6687593184756939,1.6012973101759695
606,150,30,10,400,0,0.5875785474554037,112494194.59564292,58864666.66666654,17390649.062459037,1.0000000000000016,0.2954344269192454,39.058015533987195,0.6509669255664533,1.4748930145572534
607,150,30,10,400,0,0.631439512438178,109319308.5956437,56433666.66666666,17390649.062459014,1.0000000000000002,0.3081608920642941,40.19235079735118,0.6698725132891864,1.5478407393787996
608,150,30,10,400,0,0.6464844497083211,103079575.06868419,51679833.333333954,17375408.850829627,0.9991236548115804,0.3362125558485951,42.62532123432129,0.7104220205720215,1.6258765149592187
609,150,30,10,400,0,0.931443240040775,110629008.92897533,57436499.99999945,17390649.06245903,1.0000000000000013,0.30278044557832035,39.71652681821323,0.6619421136368872,1.8356097101403184
610,150,35,10,500,0,0.711090858964323,120624957.24455357,58270666.66666617,21738311.32807362,0.9999999999999926,0.3730575360056599,45.52789178499763,0.7587981964166272,1.7683350841854781
611,150,35,10,500,0,0.6779258402762247,119434973.577887,57359499.99999948,21738311.32807363,0.9999999999999929,0.3789836265670695,45.98150638362756,0.766358439727126,1.7474711812570063
612,150,35,10,500,0,0.681236793978007,119873136.57788622,57694999.9999993,21738311.328073572,0.9999999999999905,0.37677981329532606,45.81343374152694,0.7635572290254491,1.746217873639717
613,150,35,10,500,0,0.7417456985713957,122667323.57788512,59834499.99999916,21738311.32807363,0.9999999999999929,0.36330731146870004,44.769868941610135,0.7461644823601689,1.7785560301065249
614,150,35,10,500,0,0.6988112709829815,127836689.24455029,63792666.66666552,21738311.32807369,0.9999999999999959,0.3407650512818728,42.95949803185408,0.7159916338642347,1.6874149458727143
615,150,35,10,500,0,0.7003966103766794,126522200.24455048,62786166.666665465,21738311.328073625,0.9999999999999928,0.34622771992887036,43.40582118699395,0.7234303531165658,1.7008091394363416
616,150,35,10,500,0,0.7262022162825059,123279548.25251931,60333166.66666656,21719261.06353688,0.9991236548115722,0.3599887468783657,44.54753507654723,0.7424589179424538,1.7566521317276522
617,150,35,10,500,0,0.6091215303365317,122913939.9112201,60023333.33333287,21738311.32807366,0.9999999999999946,0.3621643471106875,44.68004201937298,0.7446673669895497,1.6435203750146314
618,150,35,10,500,0,0.6686045304247825,126150353.91918314,62531333.33333256,21719261.06353685,0.9991236548115708,0.3473340468810908,43.533766092469804,0.7255627682078301,1.6720345361374853
619,150,35,10,500,0,0.9193725123207915,115927275.24455571,54673666.66666653,21738311.32807363,0.9999999999999929,0.3976011241500847,47.37280323732884,0.7895467206221473,2.0270001322630065
620,150,40,10,400,0,0.7741204885668856,124136565.26230608,67781999.99999867,17390649.06245897,0.9999999999999979,0.25656736393820356,35.39488941647213,0.5899148236078688,1.5692892033253174
621,150,40,10,400,0,0.7499282567384931,112588695.59564283,58939833.333333135,17390649.06245902,1.0000000000000007,0.2950576558998144,39.02523230023139,0.6504205383371898,1.6363949197955345
622,150,40,10,400,0,0.697784176962038,122900988.40201047,66859833.333332025,17375408.850829516,0.9991236548115741,0.25987813586378256,35.750729567998526,0.5958454927999755,1.5015321784530395
623,150,40,10,400,0,0.8091209513959691,124605854.59563969,68141333.33333202,17390649.06245898,0.9999999999999986,0.2552143935515299,35.261585535112985,0.587693092251883,1.600985558489076
624,150,40,10,400,0,0.7922795000316797,131812797.92897205,73659666.66666444,17390649.062458996,0.9999999999999994,0.23609459354680112,33.333637317733135,0.5555606219622189,1.5367157968313396
625,150,40,10,400,0,0.7759283108889206,138787490.92897284,79000166.66666427,17390649.062459037,1.0000000000000018,0.220134333840556,31.658472752768557,0.5276412125461426,1.479676990507508
626,150,40,10,400,0,0.7823840813365244,125419927.92897245,68764666.66666506,17390649.06245899,0.9999999999999988,0.25290094325272755,35.03271029216575,0.5838785048694292,1.5685833408081356
627,150,40,10,400,0,0.7377377466977453,125296079.822393,68704166.6666656,17368767.604879327,0.9987417687803893,0.2528051564783252,35.06733814999004,0.5844556358331674,1.5244375077135728
628,150,40,10,400,0,0.7848947431123248,123916286.59563835,67613333.33333173,17390649.062458996,0.9999999999999992,0.2572073909849054,35.45780882167473,0.5909634803612456,1.5816241362614947
629,150,40,10,400,0,0.7900270411930513,123873188.59563933,67580333.33333181,17390649.062459044,1.0000000000000022,0.2573329873453239,35.470145314033466,0.5911690885672244,1.5870625196365349
630,150,45,10,400,0,0.8285727247803879,129670430.595638,72020666.66666463,17390649.06245897,0.9999999999999979,0.2414674824234636,33.88436345755301,0.5647393909592168,1.5864861016783758
631,150,45,10,400,0,0.8384450730137493,126811596.59563792,69831666.66666467,17390649.06245901,1.0000000000000002,0.24903671776118053,34.64825077481233,0.5774708462468722,1.615145293469566
632,150,45,10,400,0,0.7808319779508806,132196452.26230507,73954833.33333151,17390649.062458966,0.9999999999999977,0.2351522987561245,33.23689800148186,0.5539483000246977,1.522902116980478
633,150,45,10,400,0,0.858656533158822,131372801.59563759,73324166.66666453,17390649.06245898,0.9999999999999986,0.2371748613457522,33.445278981900785,0.5574213163650131,1.6058177386004369
634,150,45,10,400,0,0.8564800781190965,136578082.2623045,77309833.33333063,17390649.062458992,0.9999999999999991,0.22494743957702146,32.17060839645928,0.5361768066076547,1.5726148363883683
635,150,45,10,400,0,0.8041321562410376,132349689.5956385,74072166.66666465,17390649.062459048,1.0000000000000024,0.2347798079232576,33.198415602062695,0.553306926701045,1.5452629292806885
636,150,45,10,400,0,0.8491126267416226,131959413.26230535,73773333.33333147,17390649.06245903,1.000000000000001,0.23573082951101754,33.29660151842388,0.5549433586403979,1.5926406489908347
637,150,45,10,400,0,0.798618773734578,133965763.73534289,75333499.99999753,17375408.85082959,0.9991236548115782,0.23064650986387408,32.79793193043116,0.5466321988405194,1.5297681804661967
638,150,45,10,400,0,0.8725846770315975,137157510.92896917,77753499.99999677,17390649.062458996,0.9999999999999994,0.22366387445529426,32.0347020753056,0.5339117012550934,1.5854274778509263
639,150,45,10,400,0,0.8287916965193827,129782964.26230441,72106833.33333099,17390649.062459014,1.0000000000000004,0.2411789321279247,33.85498262406527,0.5642497104010878,1.5859845526228105
640,150,40,8,400,0,0.7885749755721715,123095030.26230611,66984499.99999876,17390649.06245897,0.9999999999999979,0.2596219881085817,35.69437361229895,0.5949062268716492,1.5911787929306862
641,150,40,8,400,0,0.7499282567384931,112320530.26230925,58734499.99999975,17390649.06245902,1.0000000000000007,0.2960891650130519,39.11840506574248,0.6519734177623746,1.6387730065113093
642,150,40,8,400,0,0.697784176962038,123001550.40201035,66936833.33333202,17375408.850829516,0.9991236548115741,0.25957918810266184,35.72150095376511,0.5953583492294184,1.500805876673586
643,150,40,8,400,0,0.8091209513959691,124648952.5956403,68174333.33333218,17390649.06245898,0.9999999999999986,0.255090856223397,35.24939366521141,0.5874898944201902,1.600683530794877
644,150,40,8,400,0,0.7963433028233231,131051399.92897105,73076666.66666427,17390649.062458992,0.9999999999999991,0.23797813797098338,33.52730304583857,0.5587883840973096,1.5455141972974193
645,150,40,8,400,0,0.8013936200408472,137259906.26230502,77830499.99999748,17390649.062458996,0.9999999999999994,0.22344259721394005,32.01080431749243,0.5335134052915405,1.5136611031035399
646,150,40,8,400,0,0.7823840813365244,125489363.59563932,68817833.3333318,17390649.06245899,0.9999999999999988,0.2527055593021098,35.01332602305652,0.5835554337176087,1.5681039624958208
647,150,40,8,400,0,0.7377377466977453,125240252.06867719,68650999.99999864,17375408.850829616,0.9991236548115798,0.25309768030807944,35.08296995115117,0.5847161658525195,1.5249320567967284
648,150,40,8,400,0,0.7848947431123248,123954595.92897177,67642666.66666512,17390649.062458996,0.9999999999999992,0.2570958526540358,35.4468502524725,0.5907808375412084,1.5813522627767618
649,150,40,8,400,0,0.7900270411930513,123925863.92897245,67620666.66666506,17390649.062458996,0.9999999999999994,0.25717949733009743,35.45506854419257,0.5909178090698762,1.5866884481270054
650,150,50,10,400,0,0.919216885433105,136806104.92897,77485833.33333045,17390649.06245897,0.9999999999999979,0.22443649780015207,32.11698777829593,0.5352831296382655,1.634049213311492
651,150,50,10,400,0,0.8860991082308107,131239279.928972,73223333.33333142,17390649.062459055,1.0000000000000029,0.2375014666881164,33.4793059088557,0.5579884318142617,1.6340887133955655
652,150,50,10,400,0,0.8768271105097738,144242904.2623035,83180166.66666354,17390649.062459,0.9999999999999996,0.20907206320168054,30.461117116790316,0.5076852852798386,1.551770046350957
653,150,50,10,400,0,0.9126196696850938,139717614.26230246,79715166.66666368,17390649.06245898,0.9999999999999986,0.2181598532582838,31.447717048411565,0.5241286174735261,1.611276169765247
654,150,50,10,400,0,0.8242647796492094,144479943.26230207,83361666.66666293,17390649.06245903,1.0000000000000013,0.2086168590174518,30.411141510646186,0.5068523585107697,1.4980106253739405
655,150,50,10,400,0,0.868863401008525,149060302.92896983,86868833.33332966,17390649.062459078,1.0000000000000042,0.20019434353087678,29.47666087928006,0.49127768132133437,1.5202965571545608
656,150,50,10,400,0,0.9019786298411381,135144437.59563753,76213499.99999756,17390649.06245905,1.0000000000000027,0.22818331479934145,32.5118819403177,0.541864699005295,1.6263899806859063
657,150,50,10,400,0,0.8679392187117808,146852727.59563667,85178499.99999647,17390649.062459007,1.0,0.20416712037027804,29.919771133556733,0.49866285222594553,1.5299357672339489
658,150,50,10,400,0,0.919484859276395,145521478.26230162,84159166.6666628,17390649.062459003,0.9999999999999999,0.20663998648346651,30.193481075557802,0.50322468459263,1.5880215330557983
659,150,50,10,400,0,0.9489006401590218,137375956.26230296,77922166.66666353,17390649.06245902,1.0000000000000007,0.22317974212463787,31.98376280351828,0.5330627133919713,1.6605071472507036
660,150,45,10,300,0,0.8137455883611976,118149852.94672711,70020499.99999775,13042986.79684434,1.000000000000006,0.18627383119007662,27.895083386062712,0.46491805643437856,1.4276827097476374
661,150,45,10,300,0,0.8248705703628956,119907293.61339626,71366166.6666652,13042986.796844339,1.0000000000000058,0.1827614877756445,27.48623457907641,0.4581039096512735,1.4291836702346847
662,150,45,10,300,0,0.7896323949798617,127978591.28005882,77546333.33333012,13042986.796844339,1.0000000000000058,0.16819604791343945,25.75274479141372,0.4292124131902286,1.353401646500842
663,150,45,10,300,0,0.8768821918290526,115915939.94672777,68309999.99999796,13042986.796844337,1.0000000000000056,0.19093817591633327,28.432672862029776,0.4738778810338296,1.5035106135959488
664,150,45,10,300,0,0.7626469321026155,124197938.946727,74651499.9999975,13042986.796844337,1.0000000000000056,0.17471834855086332,26.5366722503639,0.44227787083939835,1.3446994817827045
665,150,45,10,300,0,0.8242700426651937,133911749.28005974,82089333.33333005,13042986.796844315,1.000000000000004,0.1588877174075987,24.61173136576123,0.41019552276268717,1.3615757393539598
666,150,45,10,300,0,0.7960330725971831,120073025.55150567,71510999.99999776,13031556.63812227,0.9991236548115834,0.18223149778527326,27.44829644178706,0.4574716073631177,1.3992898781885195
667,150,45,10,300,0,0.7940159278565412,129434345.9467269,78660999.99999711,13042986.796844283,1.0000000000000013,0.16581262375058492,25.46310236199979,0.42438503936666316,1.3510510662236723
668,150,45,10,300,0,0.8426773157078663,128428725.94672582,77890999.99999692,13042986.796844333,1.0000000000000053,0.1674517825787941,25.66248302865784,0.42770805047763066,1.4043467922485322
669,150,45,10,300,0,0.7810177039584019,116028473.61339442,68396166.6666648,13042986.796844337,1.0000000000000056,0.19069762871961185,28.40509658845956,0.473418276474326,1.4069940834084174
670,150,45,10,500,0,0.8703397645678865,141018616.24454772,73888833.33333094,21738311.328073632,0.9999999999999931,0.2942029309084729,38.94379441701785,0.6490632402836308,1.7547653495782956
671,150,45,10,500,0,0.814190754170085,139412018.57788238,72658666.6666647,21738311.32807363,0.9999999999999929,0.29918401101140785,39.39258649305054,0.6565431082175089,1.7100810711967203
672,150,45,10,500,0,0.7618578989816495,141961983.57787988,74611166.66666396,21738311.328073636,0.9999999999999934,0.29135466310549263,38.6850046863935,0.6447500781065583,1.6396917075726019
673,150,45,10,500,0,0.8486037907030459,140324259.57788134,73357166.66666426,21738311.328073584,0.9999999999999909,0.29633520916712475,39.136497256570216,0.6522749542761702,1.7379469123129159
674,150,45,10,500,0,0.8419198893829533,146551920.5778806,78125666.6666637,21738311.328073684,0.9999999999999956,0.27824801061632976,37.473408593656394,0.6245568098942732,1.6890751077702904
675,150,45,10,500,0,0.7845302483595733,147459372.91121343,78820499.99999699,21738311.328073654,0.9999999999999941,0.27579514628902996,37.24280045125826,0.6207133408543044,1.6258797062451016
676,150,45,10,500,0,0.8275960960809857,144753776.24454626,76748833.33333032,21738311.32807363,0.999999999999993,0.28323963223859405,37.93890662114529,0.6323151103524215,1.6865029122242823
677,150,45,10,500,0,0.7978274823970555,139515288.0968732,72757666.66666411,21725610.263648614,0.9994157290217496,0.29860235022631354,39.36342801504835,0.6560571335841392,1.6927664961622455
678,150,45,10,500,0,0.8314619611612983,136651352.24454772,70544833.33333135,21738311.32807366,0.9999999999999944,0.30814887924333145,40.18840582105632,0.669806763684272,1.7477878282402357
679,150,45,10,500,0,0.8484828279591726,135253061.57788062,69474166.66666448,21738311.328073606,0.9999999999999919,0.31289776288175636,40.60388678771419,0.6767314464619031,1.7755324847264808
680,150,40,10,300,0,0.7596582921216409,107496902.94672795,61862166.666665494,13042986.796844348,1.0000000000000064,0.2108394758807014,30.659487944813574,0.5109914657468929,1.439321338573095
681,150,40,10,300,0,0.8540603871436829,111749238.94672973,65118166.666665584,13042986.796844287,1.0000000000000018,0.20029720528850634,29.4928183051975,0.49154697175329165,1.5058451231277796
682,150,40,10,300,0,0.7048830022989611,118166052.2800615,70031499.99999806,13042986.796844319,1.0000000000000042,0.1862445727543274,27.891259261067063,0.4648543210177844,1.3187329815202073
683,150,40,10,300,0,0.7688998807955993,106184808.28006294,60857499.99999926,13042986.79684434,1.000000000000006,0.2143201215436799,31.03833828382787,0.5173056380637978,1.4576616160943412
684,150,40,10,300,0,0.722858609028207,108984306.88484311,63018999.99999962,13031556.638122242,0.9991236548115813,0.20678774081026863,30.24105115869999,0.5040175193116665,1.3923063209880884
685,150,40,10,300,0,0.7329666581959141,119272234.28006177,70878499.99999808,13042986.796844298,1.0000000000000024,0.184018945051668,27.632583726579398,0.4605430621096566,1.340724876346905
686,150,40,10,300,0,0.730690555079992,113099642.94672844,66152166.66666519,13042986.796844332,1.000000000000005,0.19716643390634153,29.14067555060602,0.48567792584343367,1.374101628048499
687,150,40,10,300,0,0.691467392084088,112900913.28006183,65999999.99999858,13042986.796844285,1.0000000000000016,0.19762101207340252,29.1919693494812,0.4865328224913534,1.3360970242341634
688,150,40,10,300,0,0.7218045955274865,118336049.94672677,70161666.66666438,13042986.796844326,1.0000000000000047,0.18589904454252917,27.851191597858158,0.4641865266309693,1.3347103577924793
689,150,40,10,300,0,0.7672300516977785,119480541.28006208,71037999.99999803,13042986.796844332,1.000000000000005,0.1836057715144668,27.58440801062872,0.45974013351047865,1.3738548024198305
690,150,30,8,400,0,0.6154162294211266,103668681.92897943,52107000.00000057,17390649.06245903,1.0000000000000013,0.33374880654151723,42.38309890937045,0.7063849818228409,1.5888002564771813
691,150,30,8,400,0,0.6371950797521422,102022320.35868135,50876833.33333399,17371242.569715057,0.9988840846207493,0.3414371813572287,43.06704635370627,0.7177841058951044,1.6281289307330296
692,150,30,8,400,0,0.5911444602294312,104151495.83184421,52486500.000000544,17384395.72076311,0.9996404193038777,0.33121651702367144,42.18662406053126,0.7031104010088544,1.5592280748572227
693,150,30,8,400,0,0.9615871598592939,102861791.59564596,51489166.666667074,17390649.062458977,0.9999999999999982,0.33775355454951056,42.71556942418632,0.711926157069772,1.9437161605686741
694,150,30,8,400,0,0.6503805178885477,115302747.59564085,61015166.66666601,17390649.062459,0.9999999999999996,0.285021741519882,38.10663745333084,0.6351106242221807,1.513508535326634
695,150,30,8,400,0,0.6525204948199144,108249041.59564337,55614166.66666658,17390649.06245899,0.9999999999999988,0.3127017827434679,40.58973580951163,0.6764955968251939,1.5791775178398826
696,150,30,8,400,0,0.5875785474554037,111711247.59564352,58265166.6666667,17390649.062459037,1.0000000000000016,0.29847420092266147,39.331760181428216,0.655529336357137,1.48188724455067
697,150,30,8,400,0,0.631439512438178,109343251.92897718,56452000.00000006,17390649.062459014,1.0000000000000002,0.30806081383226447,40.18354971602591,0.6697258286004318,1.5476139921044214
698,150,30,8,400,0,0.6464844497083211,103117884.40201758,51709166.66666733,17375408.850829627,0.9991236548115804,0.33602183076816305,42.60948549788161,0.7101580916313601,1.6254600059542117
699,150,30,8,400,0,0.9707232764707134,98666919.59564723,48277166.66666735,17390649.062459026,1.000000000000001,0.36022513878111,44.53164260125372,0.7421940433542287,2.00109743084983
700,150,30,10,300,0,0.9021376952302967,95991532.21817845,53067666.666666865,13031556.63812222,0.9991236548115797,0.24556490715857435,34.33427849145069,0.5722379748575115,1.6708275958146677
701,150,30,10,300,0,0.7623937235073895,102371907.61339809,57935166.6666664,13042986.796844337,1.0000000000000056,0.22513073746534595,32.19437907171183,0.5365729845285305,1.4790712980081968
702,150,30,10,300,0,0.8994063607839019,87931683.28006995,46878333.333334364,13042986.796844339,1.0000000000000058,0.27823059971224917,37.481370503309876,0.6246895083884979,1.7466803489421991
703,150,30,10,300,0,0.8659141091890571,91618956.61340205,49701666.66666737,13042986.796844324,1.0000000000000044,0.2624255416688402,35.97290475493026,0.5995484125821711,1.6754029551063003
704,150,30,10,300,0,0.6160897939768513,100794041.94673094,56726999.999999724,13042986.7968443,1.0000000000000027,0.22992555215055202,32.698361295420725,0.5449726882570121,1.345002923954305
705,150,30,10,300,0,0.706985790691795,113991607.28006294,66832333.33333188,13042986.796844292,1.0000000000000022,0.19515982977567609,28.91265487557024,0.48187758125950403,1.3449912357718399
706,150,30,10,300,0,0.8944017215242361,96252514.55151102,53267500.000000186,13031556.63812223,0.9991236548115805,0.2446436689937051,34.241183363954626,0.5706863893992438,1.660803046118444
707,150,30,10,300,0,0.5986430735017021,100356401.88484459,56409833.33333346,13031556.638122218,0.9991236548115795,0.23101569120257737,32.84095422015841,0.5473492370026402,1.3308048634664043
708,150,30,10,300,0,0.8264977779096655,94462175.92479709,51890666.66666716,13035366.158189334,0.9994157290217625,0.25120829998052074,34.89015542711869,0.5815025904519782,1.6089670083460603
709,150,30,10,300,0,0.8175777028865905,88546426.20624122,47349500.000001006,13042693.60968223,0.9999775214706109,0.27545578326448966,37.22115212559188,0.6203525354265313,1.6582948649247136
710,150,35,10,300,0,0.8578529236211995,101603887.6133977,57348499.999999784,13042986.796844307,1.0000000000000033,0.22743379158730145,32.43773518332785,0.5406289197221309,1.5804288766131713
711,150,35,10,300,0,0.7485791039062497,108643227.61339705,62738499.99999921,13042986.796844313,1.0000000000000038,0.20789446347688384,30.33599122927371,0.5055998538212285,1.4204945285089852
712,150,35,10,300,0,0.9207895479603899,93063300.61340114,50809000.00000058,13042986.79684434,1.000000000000006,0.25670622914924895,35.41460466453093,0.5902434110755155,1.7163979423553046
713,150,35,10,300,0,0.7358335741239265,104254414.61339772,59377999.99999976,13042986.796844345,1.000000000000006,0.2196602579548721,31.613049789993806,0.5268841631665634,1.4384459436543877
714,150,35,10,300,0,0.6908787805224652,107640001.94672967,61970333.33333257,13042986.7968443,1.0000000000000027,0.21047146425189142,30.618728543233114,0.5103121423872186,1.369568094311197
715,150,35,10,300,0,0.7364273381217351,117128744.94673012,69235833.333332,13042986.796844278,1.0000000000000009,0.18838491816874012,28.138267864979873,0.46897113108299787,1.356106403739725
716,150,35,10,300,0,0.6743064514353921,108904732.88484246,62956666.6666661,13031556.638122264,0.999123654811583,0.20699248114770552,30.263147548279925,0.5043857924713321,1.3442862288248887
717,150,35,10,300,0,0.6458006534434287,116094392.94672848,68443833.33333167,13042986.796844272,1.0000000000000007,0.19056482025667648,28.388967945353944,0.47314946575589906,1.271401975404669
718,150,35,10,300,0,0.7173939125030403,117183814.6133948,69277999.99999806,13042986.796844328,1.0000000000000049,0.1882702560242024,28.12504449418453,0.46875074156974217,1.3367608588921445
719,150,35,10,300,0,0.7310231217990767,107924326.87290213,62188499.99999939,13042693.609682197,0.9999775214706084,0.20972838402087726,30.538063988866227,0.5089677331477704,1.407773562163549
720,150,30,8,300,0,0.7400108433453787,97813096.94673368,54444500.0000003,13042986.796844307,1.0000000000000033,0.2395648191616093,33.69487423340457,0.5615812372234095,1.4932439358980756
721,150,30,8,300,0,0.759867864901738,100066164.61339875,56169666.666666634,13042986.796844337,1.0000000000000056,0.2322069467537819,32.93620788538443,0.5489367980897405,1.494570220394504
722,150,30,8,300,0,0.5963735643773305,94037756.21817957,51571666.66666726,13031556.638122233,0.9991236548115807,0.2526882972844666,35.047624832235726,0.5841270805372621,1.3826512827421658
723,150,30,8,300,0,0.6796532605608638,99163500.94673197,55478499.999999955,13042986.796844319,1.0000000000000042,0.23509984582936322,33.23601898414637,0.5539336497357729,1.4216667869601274
724,150,30,8,300,0,0.6160897939768513,99637578.94673145,55841499.99999984,13042986.796844304,1.0000000000000029,0.2335715694751097,33.07788120546376,0.5512980200910627,1.3542450696480017
725,150,30,8,300,0,0.706985790691795,112492754.61339597,65684666.66666525,13042986.7968443,1.0000000000000027,0.19856973413649937,29.297886884596977,0.48829811474328294,1.3541396927442775
726,150,30,8,300,0,0.6138791690125991,100203164.55150986,56292499.99999998,13031556.638122233,0.9991236548115807,0.23149720900869988,32.891176788191956,0.5481862798031992,1.3472632160227582
727,150,30,8,300,0,0.5986430735017021,99824859.88484453,56002833.33333349,13031556.638122218,0.9991236548115795,0.23269459529944345,33.01582395208922,0.5502637325348203,1.335062482276077
728,150,30,8,300,0,0.633694221978256,96273540.6134004,53265666.666667126,13042986.796844333,1.0000000000000053,0.24486667703732026,34.23370511774088,0.570561751962348,1.4001493155704603
729,150,30,8,300,0,0.6437490924388962,96687159.5395713,53582833.3333335,13042693.609682225,0.9999775214706106,0.24341179438095256,34.08725642261859,0.5681209403769765,1.4065994683206346
730,150,30,10,500,0,0.940976438719502,113292222.91918817,52684500.00000041,21719261.06353689,0.9991236548115728,0.4122514413828872,48.47464246435808,0.8079107077393013,2.078688299565113
731,150,30,10,500,0,0.8777257533149432,108777802.45076637,49204833.33333402,21733914.161752272,0.9997977227276237,0.44170283058409504,50.486403257554585,0.8414400542925764,2.0725280720747956
732,150,30,10,500,0,0.9435693272197783,119173430.24455446,57157833.33333301,21738311.328073736,0.999999999999998,0.3803207725054984,46.0824194514695,0.7680403241911583,2.0158662694153353
733,150,30,10,500,0,0.9102793539992433,112360827.25252263,51971333.33333397,21719261.063536838,0.9991236548115703,0.4179084828213612,48.87646463885128,0.8146077439808547,2.059213884237187
734,150,30,10,500,0,0.6201097564647305,119989897.91121994,57782999.99999945,21738311.32807369,0.9999999999999959,0.37620600052046277,45.768853008470444,0.7628142168078408,1.6838887736889414
735,150,30,10,500,0,0.717189788128175,120662705.57788938,58298166.666666806,21738311.328073654,0.9999999999999942,0.372881559935966,45.51364875914348,0.7585608126523913,1.7740558487293392
736,150,30,10,500,0,0.6012961648611388,115830940.91122366,54598500.0000003,21738311.328073647,0.9999999999999938,0.398148508257068,47.412202273389816,0.7902033712231636,1.7100183426899567
737,150,30,10,500,0,0.5518773407347453,113999275.91122413,53196000.00000046,21738311.328073695,0.9999999999999961,0.40864559982091714,48.173990195136746,0.8028998365856125,1.6816936571770915
738,150,30,10,500,0,0.676459458217903,125511230.57788643,62010666.66666606,21738311.328073684,0.9999999999999956,0.35055761365905697,43.755447020273174,0.7292574503378862,1.686162999483035
739,150,30,10,500,0,0.9620313706666942,105818622.94982043,46935166.66666764,21736356.89758424,0.9999100928098763,0.4631145139412265,51.898237256444276,0.864970620940738,2.1974936027604133
740,150,30,8,600,0,0.6941771637009124,125517459.22680146,55194333.33333345,26085973.59368827,0.99999999999999,0.47262050319818244,52.50106272540685,0.8750177120901141,1.9472912783495726
741,150,30,8,600,0,0.6367102392972296,128658824.56013352,57599666.66666654,26085973.593688287,0.9999999999999908,0.4528841068586337,51.21918393495046,0.8536530655825076,1.8526705903666443
742,150,30,8,600,0,0.6486099784882517,124145506.22680134,54143833.33333343,26085973.59368823,0.9999999999999886,0.4817902979475321,53.081260854993005,0.88468768091655,1.9187298977628275
743,150,30,8,600,0,0.8784657601807198,119476556.22680327,50568833.33333386,26085973.593688384,0.9999999999999944,0.5158508091681262,55.15559041968478,0.9192598403280796,2.2104062478433004
744,150,30,8,600,0,0.6506632709951753,131160902.8934643,59515499.99999926,26085973.593688298,0.9999999999999911,0.4383055438278872,50.24210610499211,0.8373684350832018,1.838676141140687
745,150,30,8,600,0,0.7723375909056376,130864005.56013247,59288166.66666633,26085973.59368827,0.99999999999999,0.43998617363816417,50.35609273760128,0.8392682122933547,1.9635947421095237
746,150,30,8,600,0,0.6588783638648023,131257722.10302153,59625499.99999929,26063113.276244145,0.9991236548115683,0.43711353827212274,50.205046182561354,0.8367507697093559,1.8453199641918563
747,150,30,8,600,0,0.6294802144032874,126422517.22680143,55887333.33333344,26085973.593688253,0.9999999999999893,0.4667600337647446,52.125207949925,0.8687534658320833,1.8716417072471665
748,150,30,8,600,0,0.6248343004221654,132620097.76969065,60668666.66666651,26063113.27624413,0.9991236548115677,0.42959759474266007,49.6893013262885,0.8281550221048083,1.7966673983211017
749,150,30,8,600,0,0.6692730228253135,136971949.8934646,63964999.99999934,26085973.59368822,0.9999999999999882,0.4078163619743374,48.11058034236557,0.8018430057060929,1.7973691181108764
750,150,25,8,500,0,0.8623250494259228,109825391.91122487,49998666.666667216,21738311.328073625,0.9999999999999928,0.4347778206366847,50.004829524662064,0.8334138254110344,2.043561131346305
751,150,25,8,500,0,0.8196395252773608,99820040.45076661,42344500.00000072,21733914.161752254,0.999797722727623,0.5132641585507418,55.0170083602468,0.9169501393374466,2.147200991455401
752,150,25,8,500,0,0.8134847624944456,98216939.25252356,41140000.00000075,21719261.063536912,0.9991236548115738,0.5279353685837753,55.9149983882123,0.9319166398035382,2.167749697165004
753,150,25,8,500,0,0.886841237173235,105932205.91122693,47017666.666667685,21738311.32807362,0.9999999999999926,0.462343473617856,51.84259076604358,0.8640431794340596,2.1207591955015794
754,150,25,8,500,0,0.5164475170970316,113761675.9112231,53012666.66666682,21738311.32807371,0.9999999999999967,0.410058816032778,48.27460527467677,0.8045767545779462,1.6490713245012003
755,150,25,8,500,0,0.6607232851513544,112102402.91122432,51742166.66666713,21738311.32807365,0.999999999999994,0.4201275812069483,48.98913722972597,0.8164856204954328,1.813310970612346
756,150,25,8,500,0,0.5332084140056594,109370468.57789245,49650333.333334126,21738311.328073636,0.9999999999999933,0.4378281044385057,50.2128231816873,0.836880386361455,1.720351283917919
757,150,25,8,500,0,0.5159512627505151,102894831.40095858,44900166.666667864,21605602.92872317,0.993895183607053,0.4811920429854959,53.37294327836216,0.8895490546393693,1.790453951778281
758,150,25,8,500,0,0.553633562431945,110321332.09688511,50398333.333334014,21725610.26364862,0.9994157290217498,0.4310779509305531,49.78003705735764,0.8296672842892939,1.7281632074656814
759,150,25,8,500,0,0.8196351648002088,105233060.57789302,46482333.33333423,21738311.328073673,0.999999999999995,0.4676682466042279,52.18702154856548,0.8697836924760913,2.0635534545596825
760,150,30,8,700,0,0.6421913907628708,132364637.08889991,53863333.333334,30276048.684999317,0.9948219405978136,0.5620901420570383,58.08046748042418,0.968007791340403,2.0598712957489047
761,150,30,8,700,0,0.6535236629679095,130472287.24220219,52376500.00000052,30300184.598438244,0.9956150076355645,0.5785072427221739,58.92285758529514,0.9820476264215857,2.0983770835672346
762,150,30,8,700,0,0.614748036675226,133266659.7868441,54451833.33333352,30341173.96462155,0.9969618518434931,0.5572112472115377,57.68734664991528,0.9614557774985879,2.0219728119430442
763,150,30,8,700,0,0.9260260435097717,125344029.67775017,48445833.333334096,30302719.05535104,0.9956982857862434,0.6254969100614205,61.33359538355948,0.9780186009753467,2.404442172534255
764,150,30,8,700,0,0.6433405745926727,132906690.69881867,56338333.333333135,28963068.504385468,0.9516795376761304,0.5140916812895703,57.84358905919499,0.9640598176532499,2.0186737372775787
765,150,30,8,700,0,0.7701783610812019,132325402.5366155,53867000.00000017,30254563.463452674,0.9941159710039744,0.5616530243646867,58.09768836994638,0.968294806165773,2.187795586738724
766,150,30,8,700,0,0.6384412807539719,138817180.95350814,58756499.99999961,30306340.63128829,0.9958172849079386,0.5157955397494488,55.38075292405451,0.9230125487342419,1.9740902612877727
767,150,30,8,700,0,0.575083882498566,130720758.66745095,52866000.000000514,30109449.81329852,0.9893477714097813,0.5695428028089552,58.81085818632292,0.9801809697720486,2.0108990945177787
768,150,30,8,700,0,0.7209300870649735,137959490.34676644,58127666.66666661,30288559.14109319,0.9952330139296927,0.5210695848980672,55.725053642025074,0.9287508940337512,2.066536649017179
769,150,30,8,700,0,0.8475938829290456,127220763.49940363,50557833.333333924,29872490.56421074,0.9815616741395353,0.590857807676563,60.428815144125736,0.9928785594236182,2.3131586884939144
770,150,25,8,600,0,0.8854962468441482,115149434.89347142,47254166.666667625,26085973.593688264,0.9999999999999898,0.5520354168490482,57.22824437737314,0.9538040729562189,2.280928653279606
771,150,25,8,600,0,0.5199799868308578,113682197.9134366,46388833.33333461,25921448.63190077,0.9936929721562102,0.5587863882162746,57.966859551904584,0.9661143258650764,1.9331234232689538
772,150,25,8,600,0,0.8574924382124041,102744257.72235812,40183000.00000061,24538763.489029873,0.9406880445116681,0.6106752479662917,64.13789097398869,0.9333594874922182,2.2793921240776553
773,150,25,8,600,0,0.9617964465959511,105563914.912962,40300333.33333398,25840090.8961898,0.9905741414398189,0.6411880190285288,62.42474055109953,0.9603933464839389,2.4351402083027134
774,150,25,8,600,0,0.5924697705433414,122241450.22680229,52684500.00000033,26085973.593688272,0.9999999999999902,0.49513563939466276,53.90806463579684,0.8984677439299473,1.887046025989019
775,150,25,8,600,0,0.6450586406012511,127528138.2268004,56732499.999999866,26085973.593688272,0.9999999999999902,0.45980652348633205,51.67330199928485,0.8612216999880808,1.8741255593783976
776,150,25,8,600,0,0.8535360392993048,117962776.56013767,49408333.33333418,26085973.59368828,0.9999999999999903,0.5279670823482104,55.86338497755269,0.9310564162925449,2.206966121470418
777,150,25,8,600,0,0.5659510627301749,124942258.22680265,54752500.00000044,26085973.593688283,0.9999999999999906,0.47643438370280944,52.74276368558828,0.8790460614264713,1.8261446311188938
778,150,25,8,600,0,0.5999901445548985,118003480.2268033,49439500.00000058,26085973.593688298,0.9999999999999911,0.5276342518368509,55.844115676371324,0.9307352612728554,1.9528328072972347
779,150,25,8,600,0,0.8319689971435019,106854843.19439396,43301500.00000121,24557223.45585927,0.9413957032372701,0.5671217730530947,61.670578543750345,0.9725410673640386,2.258207482950016
780,150,30,10,600,0,0.6941771637009124,125792807.5601345,55405166.66666667,26085973.59368828,0.9999999999999903,0.4708220399485296,52.386142958529526,0.8731023826421588,1.943937178301895
781,150,30,10,600,0,0.6603530862042416,121854129.22680241,52389333.333333686,26085973.59368828,0.9999999999999903,0.4979252823797739,54.07941480370073,0.9013235800616788,1.9600168921697394
782,150,30,10,600,0,0.8783204979590605,112478888.58740075,47373333.33333418,24707572.11032876,0.9471592854907562,0.5215502134181323,58.586994259633464,0.9764499043272244,2.2720105730207907
783,150,30,10,600,0,0.9365568555879934,113945345.88183184,47514500.00000093,25333288.863751955,0.9711459981651333,0.5331696400835841,57.832989570579024,0.9638831595096504,2.3269757271645113
784,150,30,10,600,0,0.6635887575559566,126872651.89346677,56231999.999999836,26085973.593688298,0.9999999999999911,0.46389908937417085,51.94027161608764,0.8656711936014607,1.900379222656754
785,150,30,10,600,0,0.7723375909056376,132345080.72832206,60615499.99999951,25962780.736127097,0.9952774291854978,0.4283191714351496,49.79255718259404,0.8298759530432339,1.9448688810969914
786,150,30,10,600,0,0.9122121452933496,120642596.56013632,51461666.66666718,26085973.593688272,0.9999999999999902,0.5069010640999063,54.622498088518874,0.9103749681419813,2.2281079647152557
787,150,30,10,600,0,0.6294802144032874,126412939.89346808,55880000.00000009,26085973.593688253,0.9999999999999893,0.46682128836235165,52.129157074848656,0.8688192845808109,1.8717565296739795
788,150,30,10,600,0,0.6248343004221654,132818827.43635714,60820833.33333314,26063113.276244145,0.9991236548115683,0.42852279141594946,49.614953897689226,0.8269158982948205,1.7945684318497455
789,150,30,10,600,0,0.8458112562631066,119888364.67311524,50887833.333333686,26083628.27710106,0.9999100928098755,0.512571012922556,54.96613468677792,0.916102244779632,2.1719703113807833
790,150,25,10,600,0,1.0,111095578.93008955,44929500.00000076,25589223.326868337,0.9809571889262212,0.5695416892435461,59.316491830398064,0.9886081971733011,2.444241548568138
791,150,25,10,600,0,0.8449589023473655,110543783.4363605,43763500.00000066,26063113.276244216,0.9991236548115711,0.5955445354289265,59.61257879140454,0.9935429798567423,2.3149375105472494
792,150,25,10,600,0,0.9479998082941056,106909983.475578,44003666.6666675,24136584.419509277,0.9252705992675349,0.5485130273880696,61.63877110228291,0.9730567714300996,2.359867001634661
793,150,25,10,600,0,0.9799731384976239,104249593.17344248,41741333.33333398,24280174.966702446,0.9307751109806002,0.5816818253697871,63.211757469752385,0.9478781761434473,2.393196774936901
794,150,25,10,600,0,0.8966730330921078,117287574.56013745,48891333.33333409,26085973.593688298,0.9999999999999911,0.5335500550954068,56.18497973646116,0.9364163289410193,2.2599294061094524
795,150,25,10,600,0,0.6450586406012511,127729262.22680011,56886499.99999981,26085973.593688287,0.9999999999999908,0.4585617605879844,51.59193660963095,0.8598656101605158,1.8717736592321543
796,150,25,10,600,0,0.8301149529891015,117890946.56013751,49353333.333334126,26085973.59368832,0.9999999999999919,0.5285554557683622,55.89742208608418,0.9316237014347363,2.1845830190385276
797,150,25,10,600,0,0.8701734928366193,107545567.33267546,41679000.00000106,25928482.186109208,0.9939626018935546,0.6220994310350189,61.27449195200654,0.9789824798926735,2.3468355175573077
798,150,25,10,600,0,0.8926667711317373,112146511.73488748,46288000.00000106,25236237.38484619,0.967425551291368,0.5452004274292607,58.76063283696402,0.979343880616067,2.308170993691213
799,150,25,10,600,0,0.8201544034243061,112834702.85809147,45983666.66666777,25766081.433912635,0.9877370051523285,0.5603311632517057,58.40224534722954,0.9733707557871589,2.24179008981283
800,150,30,10,700,0,0.6421913907628708,132359848.42223321,53859666.66666733,30276048.684999317,0.9948219405978136,0.5621284081161341,58.082568782306325,0.9680428130384388,2.0599369302942168
801,150,30,10,700,0,0.6535236629679095,130436372.24220219,52349000.00000052,30300184.598438244,0.9956150076355645,0.5788111444046293,58.93908169820014,0.9823180283033357,2.0988906067949484
802,150,30,10,700,0,0.614748036675226,133216378.78684407,54413333.33333351,30341173.964621577,0.996961851843494,0.5576055004524898,57.709120079754165,0.9618186679959028,2.0226511050331206
803,150,30,10,700,0,0.9677359992067692,133379412.34441513,54598500.000000216,30302719.05535094,0.9956982857862401,0.5550101020238801,57.638580534066236,0.9606430089011039,2.372387089726977
804,150,30,10,700,0,0.6433405745926727,131654583.55470069,56301666.66666642,28375357.19279394,0.9323682955258807,0.5039878723447038,58.393713248926296,0.9732285541487716,2.0197594266172074
805,150,30,10,700,0,0.7701783610812019,131411848.89044286,54140166.666667014,29634597.961822625,0.9737449083910094,0.5473680593611479,58.50157398218531,0.9750262330364219,2.183099041606542
806,150,30,10,700,0,0.7149794330043152,141450947.62017462,60773166.66666628,30306340.63128823,0.9958172849079368,0.4986796359899258,54.34958287196033,0.9058263811993388,2.0197495229955944
807,150,30,10,700,0,0.575083882498566,130701604.00078407,52851333.3333338,30109449.81329853,0.9893477714097816,0.5697008554807498,58.81947707354748,0.9803246178924581,2.011169184775624
808,150,30,10,700,0,0.9586099965635323,128854241.05410346,51991500.0000003,29755901.441728696,0.9777307443413001,0.5723224265837402,59.66276264645444,0.9943793774409073,2.4108473152714316
809,150,30,10,700,0,0.9243017925272177,131271079.01108125,53007166.6666667,30288052.38868423,0.9952163628660042,0.5713954224180543,58.56430874123488,0.9760718123539147,2.357489942815576
810,150,25,10,700,0,0.8453857712470794,119708878.75410745,47525500.00000106,28138234.46596863,0.9245768266418624,0.5920660375160284,64.22080032836509,0.9320706409674249,2.2511092422273267
811,150,25,10,700,0,0.9003888955852981,114001203.84820823,42023666.66666766,28859425.011324964,0.9482739803007431,0.6867421931607811,67.43612997487509,0.8834368210900058,2.333219471203929
812,150,25,10,700,0,0.8776778278010798,101618876.73665242,37812500.00000076,25500448.220261574,0.8379034413814973,0.6743920190482263,75.65326686224947,0.7703673645910107,2.187558807630672
813,150,25,10,700,0,0.9076539831154395,115974543.70233524,43349166.66666748,28977646.999674182,0.9521585634276415,0.6684706818587125,66.28868503877717,0.9004943242142698,2.3429248528166795
814,150,25,10,700,0,0.9472266677475548,124154074.63032928,49985833.33333393,28739503.64258663,0.9443335582856826,0.574952976194981,61.921447386165504,0.9684832189771923,2.375672267680732
815,150,25,10,700,0,0.8419392688193442,129974346.95351134,51984166.66666705,30306340.631288253,0.9958172849079374,0.5829917564249633,59.14859493581252,0.9858099155968753,2.29414258955619
816,150,25,10,700,0,0.7955819908635178,119157490.46772027,46927833.333334655,28250076.52564602,0.928251775642187,0.6019897898328687,64.51797507503419,0.9274655903109922,2.204639413040805
817,150,25,10,700,0,0.8509326142799094,120303545.63657665,45996500.00000102,29403017.7175401,0.9661355565096522,0.639244675519647,63.90335346577374,0.93701509111322,2.299343445808847
818,150,25,10,700,0,0.9169075246921223,114495257.86325613,43310666.6666676,28280231.265618764,0.929242611574908,0.6529622710098701,67.14513896445987,0.8877317638060014,2.3270091053060202
819,150,25,10,700,0,0.8614256558983651,113114718.19195761,44630666.66666785,26765121.61637528,0.8794585615768092,0.5997024829648053,67.96463026989709,0.8756893818711579,2.2168770241413673
820,150,35,10,700,0,0.6818987970578269,138460748.67774567,58490666.666666225,30302719.05535086,0.9956982857862374,0.5180778538231356,55.52331670466862,0.9253886117444771,2.0217496918608124
821,150,35,10,700,0,0.7314898793926596,137200924.90886715,57530000.00000006,30300184.59843816,0.9956150076355617,0.5266849400041391,56.03314995949525,0.9338858326582541,2.086723664054225
822,150,35,10,700,0,0.6937917609775114,138798552.86465853,58730833.333333135,30314503.594269954,0.9960855066550675,0.5161599431463324,55.38818554899717,0.9231364258166195,2.029856141311197
823,150,35,10,700,0,0.946583697505985,138302203.40433714,58397166.66666648,30284937.565155886,0.9951140148079954,0.5186028585603065,55.586966879508964,0.926449447991816,2.2879154323460464
824,150,35,10,700,0,0.6947226882901962,149404451.24594393,67484999.99999854,29910870.951334037,0.9828227915196844,0.44322250798451035,51.45629822865609,0.8576049704776014,1.906905665155406
825,150,35,10,700,0,0.6779275208996807,148981686.95350406,66540833.33333194,30306340.63128832,0.9958172849079396,0.4554547803672775,51.602315406720415,0.8600385901120069,1.9023299353055096
826,150,35,10,700,0,0.711678855875777,149702381.28683728,67092666.66666527,30306340.63128829,0.9958172849079386,0.45170869093426386,51.35389252940332,0.8558982088233886,1.9289440174465766
827,150,35,10,700,0,0.6418391621201224,137858036.36465868,58065333.33333309,30279670.260936737,0.9949409397195145,0.5214758707594352,55.76606342820973,0.9294343904701622,1.9884542491978325
828,150,35,10,700,0,0.7295164080897012,144756110.69798884,63347166.66666573,30279670.26093664,0.9949409397195113,0.47799565243807934,53.108638819672365,0.8851439803278728,1.9970569103680376
829,150,35,10,700,0,0.9473918432433454,143813158.01107785,62611999.999999315,30288052.38868422,0.9952163628660039,0.4837419726040464,53.45686101551162,0.8909476835918604,2.225333104918443
830,150,35,10,800,0,0.7127158236567449,152076450.74735478,62600999.9999992,34327905.35904891,0.9869644668165998,0.5483603354427141,57.77225833995748,0.9628709723326246,2.114275064343541
831,150,35,10,800,0,0.7035715235884191,141839912.42305937,54624166.66666675,34416341.67385341,0.989507106671124,0.630057056684679,61.94166261041532,0.968156972182316,2.1757741411184783
832,150,35,10,800,0,0.6545503397970769,132157542.32970792,53548000.000000075,30376860.743309166,0.8733676539101506,0.5672828255641504,66.47974716479746,0.8976313789693237,2.006007979217721
833,150,35,10,800,0,0.731678039892497,154468439.41742104,64421499.99999878,34334940.825163156,0.9871667440889712,0.5329733214092159,56.87763813200752,0.9479606355334587,2.1060173325533285
834,150,35,10,800,0,0.6841369433239887,155297297.8514698,64987999.9999985,34378381.2517371,0.9884157034123965,0.5289958338729903,56.574068715625415,0.9429011452604236,2.0502347556828044
835,150,35,10,800,0,0.7031941135352806,151080101.25638765,61753999.99999874,34381508.34052029,0.9885056106025178,0.5567494954257375,58.153257291575564,0.9692209548595927,2.117814664735463
836,150,35,10,800,0,0.6887558732778389,148836409.20246544,60083833.333332576,34351027.91726134,0.9876292654140928,0.571718314420603,59.02991107537728,0.9838318512562879,2.1299623760706092
837,150,35,10,800,0,0.6439978102763447,144238807.52180764,57508000.00000019,33748996.02495843,0.9703201963235518,0.5868574115767948,60.911485271893035,0.984923386342327,2.0984071258801076
838,150,35,10,800,0,0.6920728077801895,153862423.47439995,63933833.3333326,34350009.99238786,0.9875999989712525,0.537274369476593,57.101661351784216,0.9516943558630703,2.0735866592245342
839,150,35,10,800,0,0.9503562492053519,143661604.7661065,57474999.99999988,33488329.965563722,0.962825764733951,0.5826590685613535,61.15621508129498,0.9809142330181236,2.3973977370725583
840,150,40,10,700,0,0.8506508900540358,152039574.0110745,68889333.33333187,30302719.055350885,0.9956982857862382,0.43987534193031613,50.564466850190094,0.8427411141698349,2.045292277768124
841,150,40,10,700,0,0.7676604453269934,141241368.28684083,60615499.99999945,30306340.631288227,0.9958172849079365,0.4999767490375977,54.430228857505746,0.9071704809584291,2.0748123255155004
842,150,40,10,700,0,0.6761706188426965,149036861.12017024,66529833.33333191,30341173.964621548,0.996961851843493,0.45605365960567357,51.58321198002978,0.859720199667163,1.9007337461943985
843,150,40,10,700,0,0.8188579093890632,146903729.01107585,64956833.33333221,30302719.05535085,0.9956982857862372,0.466505485263568,52.332231807542314,0.8722038634590386,2.0642661610589563
844,150,40,10,700,0,0.7310373152500579,158650565.95350018,73945666.6666645,30306340.631288245,0.9958172849079372,0.4098460666789914,48.45743823096895,0.8076239705161491,1.8665381391094003
845,150,40,10,700,0,0.7628668838162599,152825152.95350137,69485166.66666476,30306340.63128823,0.9958172849079368,0.43615554347986585,50.304546414156654,0.838409106902611,1.9502004255027636
846,150,40,10,700,0,0.7717301702148609,155585819.28683382,71598999.99999785,30306340.63128824,0.9958172849079371,0.42327882556026136,49.411958205695974,0.8235326367615996,1.9338858674246695
847,150,40,10,700,0,0.7138943215434223,147835362.28683668,65664499.99999853,30306340.631288208,0.9958172849079359,0.46153310588352736,52.0024429952273,0.8667073832537883,1.9498281895040326
848,150,40,10,700,0,0.7857377191757421,153689507.28683373,70146999.9999978,30306340.631288256,0.9958172849079375,0.4320404383835261,50.02163215769902,0.8336938692949836,1.9650639391775466
849,150,40,10,700,0,0.8106220491418462,155086240.3444059,71245166.66666466,30288052.38868421,0.9952163628660036,0.4251243109640429,49.571128830819625,0.8261854805136604,1.9769069784267408
850,150,35,10,600,0,0.7236426424481777,132128774.56013231,60257999.99999951,26085973.5936883,0.9999999999999913,0.4329047361958332,49.87407188129908,0.8312345313549847,1.901200962759829
851,150,35,10,600,0,0.7316449770450715,126691243.56013379,56094499.999999836,26085973.593688287,0.9999999999999908,0.4650362084284264,52.01464453912446,0.866910742318741,1.9705846861065537
852,150,35,10,600,0,0.728248995587929,129964297.22679962,58600666.66666644,26085973.593688212,0.9999999999999878,0.445148068742477,50.70469460162736,0.845078243360456,1.9294456939423665
853,150,35,10,600,0,0.9072512353412322,120055197.43636042,51049166.66666729,26063113.27624419,0.9991236548115701,0.5105492406257472,54.88975188677826,0.9148291981129709,2.230519825954801
854,150,35,10,600,0,0.6891542211618379,137925455.56012866,64696499.99999875,26085973.593688283,0.9999999999999906,0.40320532940249915,47.777982485090824,0.7962997080848471,1.8080181927686843
855,150,35,10,600,0,0.6252299225413601,136788147.2267951,63825666.66666532,26085973.593688186,0.9999999999999868,0.4087066372518172,48.17522668154935,0.8029204446924891,1.755115677035303
856,150,35,10,600,0,0.6616408975655012,135794498.8934639,63064833.33333251,26085973.59368831,0.9999999999999916,0.4136373984500921,48.527739000458006,0.8087956500076334,1.8013464663332082
857,150,35,10,600,0,0.6956959318623634,136326040.89346457,63471833.333332784,26085973.59368827,0.99999999999999,0.410985034207118,48.338526937415914,0.8056421156235986,1.8301260748516563
858,150,35,10,600,0,0.691614467566987,128335050.37135188,57588666.66666654,25935863.85457232,0.9942455765134819,0.45036402743431647,51.34840389224669,0.8558067315374448,1.907712421051885
859,150,35,10,600,0,0.7498907382562817,136069847.22679594,63275666.66666552,26085973.5936883,0.9999999999999913,0.4122591664044964,48.42953919847045,0.8071589866411741,1.886857058021053
860,150,40,10,600,0,0.7510456739202307,140507107.89346024,66674666.66666494,26085973.59368827,0.99999999999999,0.39124265478675974,46.900118426725626,0.781668640445427,1.8457084381950657
861,150,40,10,600,0,0.780139313591293,133565935.56013186,61359833.33333278,26085973.593688287,0.9999999999999908,0.4251311024913995,49.33743002932996,0.8222905004888327,1.9425346960732455
862,150,40,10,600,0,0.6942324459065488,135804637.22679475,63073999.999998525,26085973.59368815,0.9999999999999855,0.4135772837252871,48.52411621994163,0.8087352703323606,1.8338295432191392
863,150,40,10,600,0,0.7860800882713768,135854918.22679636,63112499.999998964,26085973.593688227,0.9999999999999885,0.4133249925718147,48.50615705350454,0.8084359508917422,1.9251760332205707
864,150,40,10,600,0,0.7557552390851509,144766626.89346,69936166.66666502,26085973.593688365,0.9999999999999937,0.3729969032764018,45.52015986978627,0.7586693311631045,1.8128220928693768
865,150,40,10,600,0,0.7191424707354916,144577474.5601241,69791333.33333097,26085973.59368824,0.9999999999999888,0.3737709590544545,45.57971440606096,0.7596619067676826,1.777821144746738
866,150,40,10,600,0,0.7641846010851758,146935789.84958386,71620999.99999796,26070732.316378307,0.9994157290217487,0.36400961053851594,44.84816127334182,0.7474693545556971,1.8028616440716858
867,150,40,10,600,0,0.7484271135952649,144838456.89346027,69991166.6666651,26085973.593688242,0.999999999999989,0.37270379729378456,45.49758497390855,0.7582930828984759,1.8048832343287686
868,150,40,10,600,0,0.7445748412307202,143732274.89345977,69144166.66666494,26085973.593688324,0.9999999999999921,0.37726933234216875,45.84774021620843,0.7641290036034738,1.810519310707929
869,150,40,10,600,0,0.8129875415167404,143073833.2267927,68639999.99999808,26085973.5936883,0.9999999999999913,0.380040407833465,46.05873660737261,0.7676456101228768,1.8846654779063892
870,150,40,10,500,0,0.7968739328100733,126838813.24455053,63029999.99999878,21738311.32807362,0.9999999999999926,0.3448883282258296,43.29747227618395,0.7216245379363992,1.7944091333271364
871,150,40,10,500,0,0.7630743429608323,127715139.2445507,63700999.9999988,21738311.32807362,0.9999999999999926,0.34125541715316915,43.000383764091005,0.7166730627348501,1.7527517394182177
872,150,40,10,500,0,0.764996579038197,140033984.24454847,73133499.99999788,21738311.32807367,0.9999999999999948,0.29724150120087645,39.21762299078337,0.6536270498463895,1.6564168298452877
873,150,40,10,500,0,0.7919277765320158,126491634.91121902,62764166.6666659,21738311.32807359,0.9999999999999912,0.34634907914134433,43.416309733481924,0.7236051622246987,1.7926122020697899
874,150,40,10,500,0,0.7689640195075538,134349836.9112149,68781166.66666494,21738311.328073677,0.9999999999999951,0.3160503431618765,40.87686391185765,0.6812810651976274,1.7030853592346826
875,150,40,10,500,0,0.7365964748649848,137359513.9112143,71085666.66666451,21738311.32807373,0.9999999999999977,0.3058044236964,39.98121312186472,0.6663535520310787,1.6475935658531835
876,150,40,10,500,0,0.7314849441670407,128990317.67705905,64678166.666665636,21737822.682803504,0.9999775214706008,0.3360921281958185,42.575288586770554,0.7095881431128426,1.7099467898365381
877,150,40,10,500,0,0.7239238200919637,130276351.2525135,65691999.99999858,21719261.06353684,0.9991236548115705,0.33062261863754056,42.15500316980242,0.7025833861633737,1.6910053011653698
878,150,40,10,500,0,0.7214578177185738,138293303.911215,71800666.66666469,21738311.32807362,0.9999999999999926,0.3027591850782381,39.71125025348851,0.6618541708914751,1.6255193366726393
879,150,40,10,500,0,0.7651333448766418,131012136.2445513,66225499.99999897,21738311.32807365,0.999999999999994,0.328246843407358,41.91825396808152,0.6986375661346921,1.7263683857372203
880,150,40,8,500,0,0.7968739328100733,126812475.57788393,63009833.33333215,21738311.328073613,0.9999999999999922,0.34499871175780533,43.30646472260627,0.7217744120434378,1.7946473142597554
881,150,40,8,500,0,0.7630743429608323,127727110.91121748,63710166.66666551,21738311.32807362,0.9999999999999927,0.34120631706725013,42.99635340391692,0.716605890065282,1.7526452866799143
882,150,40,8,500,0,0.764996579038197,140122574.57788193,73201333.33333127,21738311.32807367,0.9999999999999948,0.2969660570127267,39.19282825443367,0.6532138042405612,1.6557832288889394
883,150,40,8,500,0,0.7919277765320158,125914600.57788533,62322333.333332494,21738311.328073595,0.9999999999999915,0.34880451622062536,43.61527555021715,0.7269212591702858,1.797892648678802
884,150,40,8,500,0,0.7488500334445698,138530342.91121444,71982166.66666447,21738311.32807367,0.9999999999999948,0.30199579055100684,39.64330041050828,0.6607216735084713,1.6511683393938466
885,150,40,8,500,0,0.7365964748649848,137381062.91121423,71102166.66666451,21738311.328073725,0.9999999999999974,0.305733458587634,39.97494184150552,0.6662490306917587,1.6474322724268506
886,150,40,8,500,0,0.7314849441670407,129059753.34372589,64731333.33333236,21737822.682803497,0.9999775214706005,0.3358160810756845,42.55238258028934,0.7092063763381556,1.7093441853657438
887,150,40,8,500,0,0.7239238200919637,130156634.58584622,65600333.33333178,21719261.06353684,0.9991236548115705,0.33108461435974446,42.193776886400855,0.7032296147733476,1.6920211263531066
888,150,40,8,500,0,0.7214578177185738,137170361.57788005,70940833.33333097,21738311.328073606,0.999999999999992,0.30642875628386557,40.03634558389618,0.6672724263982697,1.6338732491439358
889,150,40,8,500,0,0.7651333448766418,128735125.24455082,64481999.999998935,21738311.32807365,0.999999999999994,0.33712216320948496,42.65968584384051,0.7109947640640085,1.7458258395082384
