int(self),self.nb_electrical,self.nb_activeCS_Cparking,self.nb_activeCS_Cparking_fast,self.nb_solar,self.nb_wind,self.avg_statisfied_day,self.monthly_profit,self.monthly_energy_consumption,self.monthly_renew_charge,self.self_consumption,self.self_sufficiency,self.payback_period,self.payback_period_norm,self.metric
0,150,30,10,300,0,0.6788996778141746,105692847.94672935,60477999.999999344,13042986.796844292,1.0000000000000022,0.2156649822554389,31.18281003896431,0.5197135006494051,1.3711451642679309
1,150,30,10,300,0,0.5924094784467441,100956856.61339939,56851666.66666682,13042986.79684432,1.0000000000000042,0.22942136196847268,32.64562814807933,0.5440938024679889,1.3200403704895112
2,150,30,10,300,0,0.6279970385811842,97068459.28006652,53874333.333333544,13042986.796844298,1.0000000000000024,0.24210019855177012,33.95335647072343,0.5658892745120572,1.3875664719346574
3,150,30,10,300,0,0.6447122681646652,108686287.55150717,62787999.999998905,13031556.638122266,0.9991236548115833,0.20754852261773737,30.32397254748533,0.5053995424580888,1.316150628716944
4,150,30,10,300,0,0.9034408640891815,86212551.94673702,45562000.000000946,13042986.796844311,1.0000000000000036,0.2862689696862306,38.228772093838245,0.6371462015639707,1.7696022414021368
5,150,30,10,300,0,0.9188657404462819,94101880.28006762,51602833.333333924,13042986.796844324,1.0000000000000044,0.252757183168447,35.02374224819933,0.5837290374699889,1.7048005244510285
6,150,30,10,300,0,0.9424952825983524,86772825.9467368,45991000.00000104,13042986.7968443,1.0000000000000027,0.2835986779335958,37.98193690295438,0.6330322817159063,1.8024065066611352
7,150,30,10,300,0,0.8793840297723171,97822674.2800652,54451833.33333328,13042986.796844328,1.0000000000000049,0.2395325556258162,33.69157533522507,0.5615262555870845,1.6325363298600544
8,150,30,10,300,0,0.6049445263420831,105862845.61339712,60608166.66666606,13042986.796844332,1.000000000000005,0.21520180388524862,31.132735766767553,0.5188789294461259,1.2959848988964078
9,150,30,10,300,0,0.8883282557720336,92409086.61340061,50306666.666666985,13042986.796844324,1.0000000000000044,0.25926954936743124,35.66532384188789,0.5944220640314648,1.6901659592974434
10,150,25,10,300,0,0.9008906540835059,99138996.6134,55458333.333333574,13042986.796844283,1.0000000000000013,0.23518533668239025,33.24423398042065,0.5540705663403442,1.6431094897697625
11,150,25,10,300,0,0.5209374140480791,90866574.94673601,49124166.66666752,13042986.796844326,1.0000000000000047,0.2655105965531717,36.27076295031397,0.6045127158385663,1.3378586071291827
12,150,25,10,300,0,0.8481070793050095,80461325.21818155,41174833.33333412,13031556.638122242,0.9991236548115813,0.31649324558582287,40.961294026204534,0.6826882337700756,1.7839899095437435
13,150,25,10,300,0,0.5850238120959568,99411950.6133988,55667333.33333342,13042986.796844337,1.0000000000000056,0.23430234602299943,33.15295575294536,0.5525492625490893,1.3250149514634457
14,150,25,10,300,0,0.8030180053143885,83485368.21818201,43490333.33333425,13031556.638122242,0.9991236548115813,0.29964260191434033,39.47757637466128,0.6579596062443547,1.7006916930902154
15,150,25,10,300,0,0.9469237337578621,90725832.2181803,49034333.33333397,13031556.638122242,0.9991236548115813,0.26576391993614146,36.327029682948044,0.6054504947158007,1.764985364422576
16,150,25,10,300,0,0.8406865269969651,79773628.61340266,40630333.33333402,13042986.796844332,1.000000000000005,0.321015992899659,41.31440498929839,0.6885734164883065,1.7860727378049988
17,150,25,10,300,0,0.9131666061475647,82601859.21818145,42813833.3333342,13031556.638122229,0.9991236548115803,0.30437724500543745,39.89982829919842,0.6649971383199736,1.8216655404718884
18,150,25,10,300,0,0.9382285444650752,93344709.94673428,51021666.6666671,13042986.796844324,1.0000000000000044,0.255636235524337,35.30783910390527,0.5884639850650879,1.7312015179496327
19,150,25,10,300,0,0.8716246461855163,92240922.28006727,50176500.000000216,13042986.79684427,1.0000000000000004,0.25994214018204165,35.730345258182695,0.5955057543030449,1.6750841126341944
20,150,35,10,300,0,0.7613736807630853,110853197.28006208,64430666.666665465,13042986.796844296,1.0000000000000024,0.20243445352385828,29.731212818998937,0.4955202136499823,1.4188414572321542
21,150,35,10,300,0,0.6371547426220987,111276994.28006265,64755166.666665584,13042986.796844307,1.0000000000000033,0.20142001740161572,29.61798187777349,0.4936330312962249,1.2919237878396161
22,150,35,10,300,0,0.7054205154847012,102185710.61339672,57793999.9999995,13042986.796844337,1.0000000000000056,0.2256806380739255,32.25304184133075,0.5375506973555125,1.4235157232993543
23,150,35,10,300,0,0.6660886430542966,123112183.94672826,73817333.33333157,13042986.796844326,1.0000000000000047,0.1766927387900489,26.770705338361328,0.4461784223060221,1.2536212563923579
24,150,35,10,300,0,0.9387330595881915,98903079.61339918,55280500.000000164,13042986.796844305,1.000000000000003,0.23594191074328683,33.3235326228759,0.5553922103812651,1.682878798564086
25,150,35,10,300,0,0.6555043315275458,113515695.94672957,66469333.33333222,13042986.796844326,1.0000000000000047,0.19622562981692626,29.033870360506327,0.4838978393417721,1.2963826747228588
26,150,35,10,300,0,0.8925228189168615,98922234.28006543,55295166.66666658,13042986.79684432,1.0000000000000042,0.2358793287570826,33.31708006785449,0.5552846677975748,1.6365109497201025
27,150,35,10,300,0,0.9669710145369294,102475424.94673008,58015833.333332956,13042986.796844324,1.0000000000000044,0.22481771005348095,32.16185735958899,0.5360309559931499,1.682856138572864
28,150,35,10,300,0,0.6406991698240299,118673089.9467286,70418333.33333133,13042986.796844326,1.0000000000000047,0.18522146406255044,27.772092236575773,0.46286820394292955,1.2517445450169997
29,150,35,10,300,0,0.6885189398520458,98974909.61339854,55335499.99999995,13042986.796844313,1.0000000000000038,0.23570739935203125,33.2993484194487,0.5549891403241449,1.4320739996578158
30,150,30,8,300,0,0.6858699989426379,102017546.28006333,57663833.333332986,13042986.796844324,1.0000000000000044,0.22619007518018633,32.306207316065176,0.5384367886010862,1.4052588476878731
31,150,30,8,300,0,0.5924094784467441,100980799.9467329,56870000.000000186,13042986.79684432,1.0000000000000042,0.22934740279311197,32.63788761565095,0.5439647935941826,1.3198521942754162
32,150,30,8,300,0,0.6279970385811842,97078036.61339983,53881666.66666689,13042986.796844298,1.0000000000000024,0.24206724854175962,33.950006767494465,0.5658334461249077,1.3874842835394996
33,150,30,8,300,0,0.6447122681646652,108626429.21817389,62742166.666665584,13031556.638122266,0.9991236548115833,0.20770013741087187,30.340682499840394,0.5056780416640065,1.3165504197573692
34,150,30,8,300,0,0.7034725274848853,102515567.61339799,58045166.66666647,13042986.796844305,1.000000000000003,0.22470409761670107,32.14926353848003,0.5358210589746671,1.4190568645529134
35,150,30,8,300,0,0.5834248926211828,107340149.28006354,61739333.3333327,13042986.796844326,1.0000000000000047,0.21125895102275902,30.704261379410383,0.5117376896568397,1.2641697430962298
36,150,30,8,300,0,0.5844859128202738,104347232.61339612,59447666.66666606,13042986.79684432,1.0000000000000042,0.2194028382977373,31.584929637864533,0.5264154939644089,1.2864236774228726
37,150,30,8,300,0,0.8381405371568804,97327047.28006513,54072333.33333339,13042986.796844315,1.000000000000004,0.24121368531370269,33.863145878823524,0.5643857646470587,1.5954972500549012
38,150,30,8,300,0,0.6049445263420831,105005674.28006355,59951833.333332814,13042986.796844332,1.000000000000005,0.2175577638189176,31.386875257899685,0.5231145876316614,1.3021053250288785
39,150,30,8,300,0,0.6301961530183402,93936671.28006716,51476333.33333369,13042986.796844292,1.0000000000000022,0.25337831877777234,35.08533946421998,0.5847556577369997,1.4176544657775576
40,150,30,10,200,0,0.6916807390490008,103328200.96448557,65488499.99999886,8695324.5312295,0.9999999999999996,0.13277635815799188,21.270088702651417,0.3545014783775236,1.152403303952918
41,150,30,10,200,0,0.5692451294831786,89840921.29781999,55161333.33333343,8695324.531229505,1.0000000000000002,0.15763441537362205,24.463239782619308,0.4077206630436551,1.1030733248257314
42,150,30,10,200,0,0.6542032606383784,91732444.6311536,56609666.6666664,8695324.5312295,0.9999999999999996,0.1536014084384211,23.958807691620123,0.39931346152700203,1.1763978489161173
43,150,30,10,200,0,0.6464668315395479,90959074.96448684,56017499.99999983,8695324.531229507,1.0000000000000004,0.15522514448573274,24.16251485470897,0.40270858091181616,1.1733555280399504
44,150,30,10,200,0,0.8910928429391898,80538936.2978245,48038833.33333435,8695324.531229496,0.9999999999999991,0.181006155392949,27.288664353260977,0.4548110725543496,1.4907088398078985
45,150,30,10,200,0,0.608317425528269,94108770.0343388,58441166.666666225,8687704.425414795,0.9991236548115783,0.14865727227807216,23.3538276953153,0.3892304615885883,1.116473704939315
46,150,30,10,200,0,0.8890403354641182,75393513.96449134,44099000.00000093,8695324.531229496,0.9999999999999991,0.19717736300662855,29.151048736567905,0.48585081227613175,1.5326330381455529
47,150,30,10,200,0,0.952346644979413,90207254.29781926,55441833.33333309,8695324.531229498,0.9999999999999994,0.1568368866691434,24.363894202388238,0.4060649033731373,1.483881057687865
48,150,30,10,200,0,0.9054576712877705,91725261.63115372,56604166.66666657,8695324.531229507,1.0000000000000002,0.15361633327162938,23.96068390448216,0.3993447317413693,1.4276954696464434
49,150,30,10,200,0,0.6504930364019262,92395674.9644876,57117499.999999836,8695324.531229509,1.0000000000000007,0.1522357339034365,23.786827693446988,0.3964471282241165,1.1687287517487919
50,150,30,10,400,0,0.7212688555701107,114088820.5956415,60085666.6666662,17390649.062458996,0.9999999999999994,0.28943090802230925,38.512099406940976,0.6418683234490162,1.5946819054369743
51,150,30,10,400,0,0.6327209050322979,103843468.26231265,52240833.3333339,17390649.06245901,1.0000000000000002,0.3328937911746971,42.311760898635335,0.7051960149772556,1.6042319529493112
52,150,30,10,400,0,0.6204266662567678,113277871.0108375,59480666.66666647,17380488.210919008,0.9994157290217572,0.2922039913964044,38.78780525085643,0.6464634208476071,1.5006532802214985
53,150,30,10,400,0,0.6038776286243492,108907483.26231068,56118333.333333366,17390649.062459003,0.9999999999999999,0.309892472379062,40.34433510337623,0.6724055850562706,1.5241971915838692
54,150,30,10,400,0,0.8070908606752722,105471614.92897826,53487500.000000276,17390649.062458992,0.9999999999999991,0.3251348270616294,41.65860172861358,0.6943100288102264,1.7615087511348022
55,150,30,10,400,0,0.9892857730739913,104327022.73534966,52635000.00000027,17375408.850829553,0.9991236548115762,0.33011131093054935,42.11564640491966,0.7019274400819943,1.955302261900425
56,150,30,10,400,0,0.915574709337647,104070929.9289784,52415000.000000246,17390649.06245897,0.9999999999999979,0.33178763831839914,42.219282589273305,0.7036547098212218,1.884659529813588
57,150,30,10,400,0,0.8949369777361362,103565624.73534998,52052000.00000039,17375408.850829612,0.9991236548115795,0.3338086692313356,42.42527393841199,0.7070878989735332,1.8690718120947378
58,150,30,10,400,0,0.9633102116529648,99265502.92898074,48735500.000000745,17390649.062458966,0.9999999999999977,0.3568373990716972,44.26311125571522,0.737718520928587,1.9864986518389096
59,150,30,10,400,0,0.9243929526058499,94163077.73535223,44852500.00000074,17375408.85082961,0.9991236548115794,0.3873899749362761,46.66160140122956,0.7776933566871593,2.01199828924203
60,150,25,10,400,0,0.9254545626781973,96995113.92898221,46995666.66666787,17390649.06245908,1.0000000000000042,0.3700479277335918,45.299189021181505,0.7549864836863585,1.9764793885514291
61,150,25,10,400,0,0.5597845929512807,100713412.7353524,49866666.666667536,17375408.850829646,0.9991236548115816,0.34843734326529435,43.62676113007627,0.7271126855012712,1.5656471530647873
62,150,25,10,400,0,0.8729551143430221,92912775.59564826,43869833.33333427,17390649.062458966,0.9999999999999977,0.39641475111884616,47.289513975145866,0.7881585662524311,1.9782454814905301
63,150,25,10,400,0,0.5476730888046871,105166973.595645,53252833.33333352,17390649.062459018,1.0000000000000007,0.32656758286649457,41.77927584845846,0.6963212641409744,1.505248419238857
64,150,25,10,400,0,0.8497450790719848,88959731.26231506,40843000.000000805,17390649.062459003,0.9999999999999997,0.42579264653572607,49.39088661412461,0.8231814435687436,2.013560639869309
65,150,25,10,400,0,0.9968336177255421,97006984.7353531,47028666.666667715,17375408.85082954,0.9991236548115755,0.36946420305691186,45.29364573063293,0.7548940955105489,2.0472990756816207
66,150,25,10,400,0,0.8624142545661425,88674805.59564792,40624833.333334,17390649.06245902,1.0000000000000009,0.4280792716062525,49.549587061239,0.82582645102065,2.0307041228717946
67,150,25,10,400,0,0.9095681717903158,95711751.26231532,46013000.000001125,17390649.062459037,1.0000000000000018,0.37795077613845246,45.90658871090968,0.7651098118484947,1.9770386045495725
68,150,25,10,400,0,0.9267745303666035,102925877.5956448,51536833.333333574,17390649.062459037,1.0000000000000018,0.337441164651669,42.688972905934385,0.7114828817655731,1.9082103438535118
69,150,25,10,400,0,0.8675325918483122,90109011.2623141,41723000.00000058,17390649.06245899,0.9999999999999988,0.4168120476106403,48.76093898322021,0.8126823163870035,2.013664546323828
70,150,35,10,400,0,0.6822026528768725,118442279.5956379,63420499.99999868,17390649.062458977,0.9999999999999982,0.2742117937017106,37.0965504463477,0.6182758407724617,1.5198479286107027
71,150,35,10,400,0,0.6670836637533137,110148308.92897692,57069833.33333342,17390649.062459037,1.0000000000000018,0.3047257727367759,39.8898543493128,0.66483090582188,1.5756951877646146
72,150,35,10,400,0,0.6854808677499632,119313816.92897157,64087833.33333203,17390649.06245899,0.999999999999999,0.27135648309418076,36.825575722010996,0.6137595953668499,1.5163256495921575
73,150,35,10,400,0,0.6634846648968346,116280196.59564039,61764999.99999919,17390649.062458992,0.9999999999999991,0.281561548813393,37.78631382331816,0.6297718970553027,1.5185058010028518
74,150,35,10,400,0,0.9015443080668177,113002354.26230806,59255166.666666165,17390649.062458992,0.9999999999999991,0.2934874719075266,38.88237575830358,0.6480395959717263,1.7843738815645653
75,150,35,10,400,0,0.7307807261662289,116691921.06867883,62104166.666665986,17375408.850829575,0.9991236548115774,0.2797784719355346,37.65299225311439,0.6275498708852398,1.5821533745998964
76,150,35,10,400,0,0.8664612596251231,112932918.59564161,59201999.99999956,17390649.06245905,1.0000000000000027,0.2937510398712743,38.90628219511515,0.6484380365852526,1.7499001281073951
77,150,35,10,400,0,0.9363193478252712,109341418.59564297,56451999.99999989,17390649.06245902,1.0000000000000009,0.3080608138322656,40.18422347572399,0.6697370579287332,1.852505056819817
78,150,35,10,400,0,0.7110476681478345,125692320.92897373,68971833.33333209,17390649.062458977,0.9999999999999982,0.2521413194631522,34.9567894643528,0.5826131577392134,1.4953738814575697
79,150,35,10,400,0,0.7164107646741736,109805919.26231122,56807666.666666836,17390649.062459085,1.0000000000000047,0.3061320783425776,40.014236295438835,0.6669039382573139,1.6282203656055496
80,150,30,8,400,0,0.788187467738912,115101623.59564173,60861166.66666631,17390649.06245897,0.9999999999999979,0.285742946034977,38.173223476287866,0.6362203912714645,1.6530022158383582
81,150,30,8,400,0,0.6327209050322979,103884171.92897938,52272000.000000596,17390649.06245901,1.0000000000000002,0.332695306520868,42.29518239798677,0.7049197066331129,1.6037968568821053
82,150,30,8,400,0,0.6204266662567678,113287448.3441709,59487999.999999814,17380488.210919008,0.9994157290217572,0.2921679701943091,38.78452612553771,0.6464087687589618,1.500569811171177
83,150,30,8,400,0,0.6038776286243492,108861990.92897734,56083500.00000003,17390649.062459003,0.9999999999999999,0.31008494588353075,40.36119459606943,0.6726865766011572,1.524632161932331
84,150,30,8,400,0,0.6425706468173629,107322409.76061109,54910166.66666692,17387131.329401903,0.9997977227276297,0.31664685039021595,40.94019142694082,0.682336523782347,1.5782246509118827
85,150,30,8,400,0,0.6449247314299894,113554074.89318381,59678666.66666633,17389085.518067494,0.9999100928098833,0.291378586173746,38.693459518146646,0.6448909919691108,1.522918592338097
86,150,30,8,400,0,0.9008078085424176,101805890.595646,50680666.66666711,17390649.062458996,0.9999999999999994,0.3431416791898063,43.158602849921074,0.7193100474986845,1.8946311993929474
87,150,30,8,400,0,0.87763392079134,103611217.92897865,52063000.00000039,17390649.06245902,1.0000000000000009,0.3340308676499413,42.40660507447924,0.7067767512413207,1.8516353661526135
88,150,30,8,400,0,0.5718239945983478,121365199.59564039,65657166.66666573,17390649.06245903,1.0000000000000013,0.2648705380594545,36.203129188919746,0.6033854864819957,1.387105911527907
89,150,30,8,400,0,0.641423407547693,108646500.92897671,55918499.999999784,17390649.062459014,1.0000000000000004,0.3109999206427047,40.44124718634308,0.6740207864390513,1.564244130500908
90,150,30,10,500,0,0.8121955995341997,117109514.91122398,55577500.00000046,21738311.328073747,0.9999999999999984,0.39113510553863645,46.89456705685369,0.7815761176142282,1.9066798015793371
91,150,30,10,500,0,0.6189912228380815,115487826.5858554,54365666.66666724,21719261.063536905,0.9991236548115735,0.3995032599656035,47.55306392329856,0.7925510653883093,1.7311448961988738
92,150,30,10,500,0,0.5820729959689955,117722777.43021539,56066999.99999992,21725610.26364871,0.9994157290217539,0.38749371758162093,46.6502755021684,0.7775045917028066,1.669572561737099
93,150,30,10,500,0,0.5546416061377478,116067979.91122156,54779999.99999975,21738311.32807354,0.9999999999999889,0.3968293415128449,47.31537504314786,0.7885895840524644,1.6606946634004882
94,150,30,10,500,0,0.8686369971059302,111411001.57789147,51214166.666667275,21738311.328073617,0.9999999999999925,0.42445894843041526,49.293157069057344,0.8215526178176223,2.0297567736678848
95,150,30,10,500,0,0.5962471992351389,116209245.57788938,54888166.66666678,21738311.32807365,0.999999999999994,0.396047320364868,47.25785777792624,0.7876309629654373,1.7007160184924706
96,150,30,10,500,0,0.9639979527404358,108406113.24455857,48913333.33333396,21738311.32807366,0.9999999999999946,0.444425064632821,50.659504668438615,0.8443250778073103,2.163863082254003
97,150,30,10,500,0,0.8944814309169506,105227602.42231458,47034166.66666762,21384812.47225202,0.9837384399143626,0.45466549080813423,52.18972848929425,0.8698288081549042,2.1280426317183623
98,150,30,10,500,0,0.9046618808901022,115478973.91122207,54328999.99999991,21738311.32807358,0.9999999999999908,0.4001235312277719,47.55670936444228,0.7926118227407046,2.0173725286130244
99,150,30,10,500,0,0.8835348996920873,105446717.2445599,46647333.33333426,21738311.328073733,0.9999999999999978,0.4660140199812773,52.08127994409733,0.8680213324016222,2.1243674480787313
100,150,25,10,500,0,1.0,111247625.91122465,51087666.66666715,21738311.32807372,0.9999999999999973,0.4255099664251682,49.36554784892618,0.8227591308154363,2.163167103955571
101,150,25,10,500,0,0.5988299257458606,98797533.09032312,44210833.333334416,20045315.48250479,0.9221192566424152,0.4534027968070638,55.586408164455506,0.9264401360742585,1.88799229926577
102,150,25,10,500,0,0.5989912642591364,111202133.5778906,51052833.33333369,21738311.32807366,0.9999999999999944,0.4258002917514896,49.38574309056143,0.8230957181760238,1.7627272158363518
103,150,25,10,500,0,0.5415849790144951,111101571.5778911,50975833.3333338,21738311.328073606,0.999999999999992,0.4264434714764854,49.43044389025414,0.8238407315042356,1.706580487699919
104,150,25,10,500,0,0.8483563598020759,100512199.71172404,43070500.00000108,21608976.758607287,0.9940503856295653,0.5017117692761112,54.63814358606083,0.9106357264343471,2.160361501657312
105,150,25,10,500,0,0.8920103430968948,113116875.58585459,52548833.33333366,21719261.063536853,0.9991236548115711,0.413315761470189,48.54978509224981,0.8091630848708302,2.031826037143876
106,150,25,10,500,0,0.9760632497273729,86924601.70704687,35995666.666667156,19487031.579817016,0.8964372294480221,0.5413715978724314,63.17889173088712,0.9483975303153367,2.357558058340655
107,150,25,10,500,0,0.9158393507893203,95899881.20704857,41864166.66666755,20126864.913150303,0.9258706718013379,0.4807659274196281,57.26597291755933,0.9544328819593222,2.254884974684345
108,150,25,10,500,0,0.8933546734283713,111836631.91122383,51538666.666667,21738311.32807364,0.9999999999999936,0.42178645149415644,49.105556078972434,0.8184259346495406,2.0492097692732374
109,150,25,10,500,0,1.0,90978620.02799843,35610666.66666704,21710959.506099027,0.9987417687803822,0.609675738714022,60.363632667872,0.9939577835903806,2.4816983745615984
110,150,35,10,500,0,0.9080792560203765,126704169.57788758,62925499.99999978,21738311.328073747,0.9999999999999984,0.345461082201553,43.343482841139505,0.7223913806856584,1.9068395024672773
111,150,35,10,500,0,0.6659012089763846,119449339.57788894,57370500.000000075,21738311.328073673,0.999999999999995,0.3789109616976259,45.97597625409205,0.7662662709015342,1.7352962492360196
112,150,35,10,500,0,0.679414138380259,117651195.2445547,55993666.6666664,21738311.32807358,0.9999999999999908,0.3882280376008063,46.67865879802169,0.7779776466336947,1.7679742150945987
113,150,35,10,500,0,0.673167810812043,128777662.2445505,64513166.66666536,21738311.32807358,0.9999999999999908,0.33695929763289695,42.64559477381255,0.7107599128968758,1.6534951618152363
114,150,35,10,500,0,0.8847324851977291,115007126.58585373,53999000.00000014,21719261.063536875,0.9991236548115721,0.40221598665784214,47.75182341331107,0.7958637235551845,2.0023689980791874
115,150,35,10,500,0,0.6780158609156534,130449650.8731306,65805666.66666521,21730494.650953695,0.9996404193038678,0.330222239993833,42.099001133710004,0.7016500188951668,1.6438436718058864
116,150,35,10,500,0,0.8518359336421224,116559379.24455462,55157666.666666366,21738311.32807366,0.9999999999999946,0.39411223573768134,47.11589951485233,0.7852649919142055,1.952390714146473
117,150,35,10,500,0,0.7149523000659421,111498593.08784622,52118000.000000134,21205865.505699974,0.9755065692850675,0.406881797185232,49.25443315390701,0.8209072192317834,1.8613649570459112
118,150,35,10,500,0,0.631680515919109,134320543.91121376,68757333.33333114,21738311.32807362,0.9999999999999926,0.31615989559524776,40.88577845269965,0.6814296408783275,1.5660380732736345
119,150,35,10,500,0,0.7726988131917361,126467130.57788606,62743999.99999934,21738311.32807371,0.9999999999999967,0.3464603998481758,43.42472209897907,0.7237453683163177,1.7736125013865944
120,150,30,8,500,0,0.7439982340524806,122044235.91121851,59355999.999999106,21738311.328073572,0.9999999999999905,0.36623612319013915,44.9984381400448,0.7499739690007466,1.7869611016053386
121,150,30,8,500,0,0.6189912228380815,115468671.91918877,54351000.00000055,21719261.06353689,0.9991236548115727,0.39961106628280374,47.560952323444575,0.7926825387240762,1.731362614588401
122,150,30,8,500,0,0.5820729959689955,116470541.096882,55108166.66666658,21725610.26364871,0.9994157290217539,0.39423576536415494,47.151837265286126,0.7858639544214354,1.683325562681755
123,150,30,8,500,0,0.5546416061377478,116022487.57788828,54745166.66666642,21738311.32807354,0.9999999999999889,0.3970818366566359,47.3339273674273,0.7888987894571217,1.6612058649201782
124,150,30,8,500,0,0.5940878054362615,113826159.25252175,53093333.33333371,21719261.06353685,0.999123654811571,0.4090769914026249,48.24725736213692,0.8041209560356154,1.725470354593977
125,150,30,8,500,0,0.5962471992351389,116139809.91122249,54835000.00000005,21738311.32807364,0.9999999999999936,0.3964313181010964,47.28611149095167,0.7881018581825278,1.7014941118985438
126,150,30,8,500,0,0.9432739214422903,108530618.57789204,49008666.66666738,21738311.328073688,0.9999999999999958,0.44356055380830683,50.60138854786454,0.8433564757977423,2.141478840286678
127,150,30,8,500,0,0.6629947941356025,107845797.53168538,48554000.00000081,21693886.545476966,0.9979563829992882,0.44679916269466163,50.92270747394208,0.8487117912323681,1.8691459155236998
128,150,30,8,500,0,0.597828541277569,129394839.24455042,64984333.33333202,21738311.328073606,0.9999999999999919,0.33451618587158,42.442187277815194,0.7073697879635865,1.5728112779384196
129,150,30,8,500,0,0.6586011107529472,112931403.24455732,52378333.33333374,21738311.328073688,0.9999999999999957,0.4150248765979607,48.62952059585494,0.8104920099309157,1.8011130219622316
130,150,30,10,600,0,0.6829094146113142,139071780.2267956,65572833.33333219,26085973.593688335,0.9999999999999926,0.39781678276860777,47.38416369772128,0.7897360616286879,1.7908989024548883
131,150,30,10,600,0,0.5949373957537608,127933388.06850041,57234833.3333338,25964468.39197907,0.9953421250974945,0.4536480125793824,51.5096183997845,0.8584936399964084,1.816349445813675
132,150,30,10,600,0,0.6285348093458487,126970819.56013407,56307166.66666661,26085973.59368827,0.99999999999999,0.46327981210837504,51.90011392246732,0.8650018987077887,1.8641605577403375
133,150,30,10,600,0,0.6881129172616696,132693276.22679672,60688833.33333229,26085973.593688205,0.9999999999999877,0.4298315218948349,49.661898382378055,0.8276983063729676,1.8596764411505053
134,150,30,10,600,0,0.9105645911385613,122651469.09791769,53300500.00000025,25894346.558280304,0.992654020187516,0.4858180797230829,53.7278521689707,0.8954642028161783,2.194683257733206
135,150,30,10,600,0,0.8700662751558652,122348407.76969294,52803666.666667104,26063113.276244078,0.9991236548115657,0.49358529286938146,53.86093795682698,0.8976822992804496,2.16261680873182
136,150,30,10,600,0,0.8976314174637299,125768864.22679946,55386833.333332986,26085973.593688406,0.9999999999999953,0.4709778845216866,52.39611600623656,0.8732686001039427,2.1476823251850217
137,150,30,10,600,0,0.9425620310430456,113535856.18773207,49250666.66666726,24026835.295784716,0.9210633910017443,0.487847920077923,58.04157577412139,0.9673595962353565,2.3001999633407406
138,150,30,10,600,0,0.9253137212586745,131974976.22679798,60138833.33333265,26085973.593688324,0.9999999999999921,0.4337625482207329,49.932193120273645,0.8322032186712274,2.104526978506488
139,150,30,10,600,0,0.8031625306327582,117980097.8934702,49423000.000000544,26085973.593688376,0.9999999999999941,0.5278104039351736,55.8551833543166,0.9309197225719433,2.1563305763528406
140,150,25,10,600,0,0.8850485788704384,124745922.89346811,54602166.66666675,26085973.593688298,0.9999999999999911,0.4777461259538832,52.82577455960328,0.880429575993388,2.147675055626933
141,150,25,10,600,0,0.5784129249012906,121115931.39320624,52779833.33333412,25475908.114463806,0.9766132754434618,0.48268261768788134,54.409027154371884,0.9068171192395315,1.8713761382911271
142,150,25,10,600,0,0.8964911539332368,107375034.56013793,41301333.33333433,26085973.593688264,0.9999999999999898,0.6316012459731962,61.37180795326521,0.9773959225481959,2.3791680732599896
143,150,25,10,600,0,0.5670245483714657,126541672.89346707,55977166.66666657,26085973.593688324,0.9999999999999921,0.46601096745437937,52.0761251951191,0.8679354199186516,1.8077687422536208
144,150,25,10,600,0,0.8753586578968919,110230908.32948363,45276000.000001125,24946373.350974016,0.956313677976342,0.5509844807618471,59.78178080781918,0.9963630134636531,2.312509255970023
145,150,25,10,600,0,0.9509100398077784,124154973.70588613,54494000.00000009,25866508.72257319,0.9915868629427564,0.47466709587428246,53.077213125675854,0.8846202187612643,2.2152639352684687
146,150,25,10,600,0,0.8428779721022437,114292263.56013767,46597833.33333418,26085973.593688406,0.9999999999999953,0.5598108694686362,57.65744587368869,0.9609574312281448,2.2516840989052973
147,150,25,10,600,0,0.9486098889856347,117718304.99354473,49542166.666667156,25881357.732329004,0.9921560964314926,0.5224106952460447,55.97939929870178,0.9329899883116963,2.299528433494167
148,150,25,10,600,0,0.8632617912078882,120381053.22680259,51260000.00000039,26085973.593688253,0.9999999999999893,0.5088953100602429,54.741172496510394,0.9123528749418399,2.182730914197922
149,150,25,10,600,0,0.8334159194593397,113150166.56013723,45723333.333334066,26085973.593688346,0.9999999999999929,0.5705177573891067,58.2394193516069,0.9706569891934483,2.2604871145640733
150,150,35,10,600,0,0.70538536275718,144181848.56012788,69486999.99999861,26085973.593688335,0.9999999999999926,0.3754079697452596,45.70478229963786,0.7617463716606311,1.7674581102140188
151,150,35,10,600,0,0.6878846008892873,129506979.56013604,58250500.000000566,26085973.593688298,0.9999999999999911,0.4478240288699332,50.88374404516209,0.8480624007527015,1.8942062247379354
152,150,35,10,600,0,0.6774558559071859,128611498.89346631,57564833.333333,26085973.593688183,0.9999999999999867,0.4531581537400728,51.238031254565946,0.8539671875760991,1.8939495664753432
153,150,35,10,600,0,0.6472741983463894,137976782.4363526,64771666.66666541,26063113.276244186,0.9991236548115698,0.4023844779287964,47.76020924418797,0.7960034874031329,1.7651852680925595
154,150,35,10,600,0,0.9502356446094459,133785653.2267988,61526666.66666618,26085973.593688294,0.999999999999991,0.42397833341134195,49.256402619111235,0.8209400436518539,2.1103583549903733
155,150,35,10,600,0,0.6628258162887263,133973457.10302162,61706333.33333264,26063113.27624409,0.9991236548115662,0.4223733913252186,49.187355036547565,0.8197892506091261,1.820513779958027
156,150,35,10,600,0,0.8855394115954887,125813716.07914376,55423499.99999995,26085387.21936417,0.9999775214705997,0.47065571859164784,52.377437097992185,0.8729572849665365,2.1350212714353436
157,150,35,10,600,0,0.9020363903287393,124376782.67343938,55351999.99999988,25429674.966702204,0.9748409379995265,0.459417454955598,52.98255718112613,0.8830426196854355,2.1526129739786533
158,150,35,10,600,0,0.6509833577977595,140106693.22679338,66366666.66666484,26085973.593688205,0.9999999999999877,0.3930583665548306,47.03415552983586,0.783902592163931,1.749332643205555
159,150,35,10,600,0,0.7560706056181614,144684658.56012776,69871999.99999842,26085973.593688246,0.9999999999999892,0.37333944346360254,45.545948448027225,0.7590991408004537,1.8138413011894972
160,150,30,8,600,0,0.6829094146113142,137378986.5601294,64276666.666665606,26085973.593688253,0.9999999999999893,0.40583892952894285,47.96803474100248,0.7994672456833746,1.8070478039178428
161,150,30,8,600,0,0.5949373957537608,127045043.89346889,56364000.00000032,26085973.59368828,0.9999999999999903,0.462812674644953,51.86979198909756,0.864496533151626,1.8296840686213494
162,150,30,8,600,0,0.6285348093458487,127009128.89346746,56336499.99999994,26085973.593688272,0.9999999999999902,0.46303859120975394,51.8844594669048,0.86474099111508,1.863706673428732
163,150,30,8,600,0,0.6881129172616696,132698064.89346346,60692499.99999897,26085973.593688212,0.9999999999999878,0.429805554124293,49.660106236595205,0.8276684372765868,1.8596257978376907
164,150,30,8,600,0,0.6596161118112788,122007366.56013599,52506666.666667104,26085973.593688227,0.9999999999999885,0.49681260018451007,54.01149279582201,0.9001915465970335,1.9572577385559202
165,150,30,8,600,0,0.6385303313393381,129821122.10302344,58525499.999999724,26063113.27624415,0.9991236548115685,0.4453291860171083,50.76061501587135,0.8460102502645225,1.8408039304175472
166,150,30,8,600,0,0.8928130772312308,123546922.89346738,53685499.99999992,26085973.593688417,0.9999999999999957,0.48590352318015956,53.338438915895004,0.8889739819315834,2.170509877706942
167,150,30,8,600,0,0.869076950964522,120297553.39318115,51203166.66666716,26082341.496589463,0.9998607643649556,0.5093892271621717,54.77916893672695,0.9129861489454492,2.1895744816397085
168,150,30,8,600,0,0.6053609556055947,125910129.89346689,55494999.999999814,26085973.593688212,0.9999999999999878,0.4700598899664528,52.33732985245634,0.8722888308742723,1.8536976984530291
169,150,30,8,600,0,0.6414051583432248,128761780.89346509,57678499.99999932,26085973.593688324,0.9999999999999921,0.45226511774211586,51.17822970662598,0.852970495110433,1.8561877476473505
170,150,30,10,700,0,0.8024877657446438,137177062.62017637,57500666.66666662,30306340.631288216,0.9958172849079362,0.527060682739126,56.04289706425932,0.934048284404322,2.1581845963402664
171,150,30,10,700,0,0.6706809632249112,138248707.17774752,58444833.33333336,30227552.388684213,0.9932284308200368,0.5171980252948085,55.60847661393123,0.9268079435655205,2.0112473270262785
172,150,30,10,700,0,0.6547263981256487,137241437.58889705,57542833.333333254,30310882.018332787,0.9959665075333749,0.5267533811334657,56.01660937878393,0.9336101563130655,2.0097392593454866
173,150,30,10,700,0,0.5813084806957491,136526424.1785797,57110166.66666659,30237699.61537974,0.9935618522601314,0.5294626400211249,56.309978425452506,0.9384996404242084,1.9433782331368574
174,150,30,10,700,0,0.8692498495338706,111585897.54655577,44715000.00000117,25966133.50246515,0.8532051057753433,0.5807029744484954,68.89580286606112,0.8622039967960659,2.196016225888733
175,150,30,10,700,0,0.6227909127623632,140751802.28684062,60237833.33333279,30306340.631288197,0.9958172849079355,0.5031113995017826,54.61954927108425,0.9103258211847376,1.935605853548527
176,150,30,10,700,0,0.8849619818493333,116955188.7991324,44236500.00000087,28891566.519828912,0.9493300982306724,0.6531160132430989,65.73286810902937,0.9088749147427665,2.3163297071865787
177,150,30,10,700,0,0.9030686882765468,124241623.0387716,50145333.333333835,28681463.008997478,0.9424264370380775,0.5719667435121352,61.877813666366045,0.9691877838928306,2.3298298669790856
178,150,30,10,700,0,0.6038939377113727,144791042.62017137,63330666.666665405,30306340.631288238,0.9958172849079369,0.47854131697053837,53.0958259632629,0.8849304327210483,1.8716574240088517
179,150,30,10,700,0,0.8797894261113656,130574834.42223006,52556166.66666647,30235715.35166625,0.9934966525671778,0.5753029048605086,58.87658241358007,0.9812763735596678,2.32130812355944
180,150,25,10,700,0,0.8283772923071782,143097687.9535074,62032666.66666617,30306340.631288126,0.9958172849079332,0.488554535211905,53.72413845357009,0.8954023075595016,2.1146232280362036
181,150,25,10,700,0,0.5461098973330993,125629396.81617941,51135333.333334066,28726851.219868124,0.9439178201603728,0.5617808538101713,61.19427613943549,0.9802921864426778,1.9758267668239142
182,150,25,10,700,0,0.9030537557229082,122117447.73967701,46273333.33333424,30111830.684727747,0.9894260029901364,0.6507383089913663,62.954148995878235,0.9519566160569096,2.375601018972911
183,150,25,10,700,0,0.8644178860788551,119028131.84877175,47736333.33333396,27671618.927331768,0.9092445955277735,0.5796762548582437,64.58809258442822,0.926382363756484,2.254541253721934
184,150,25,10,700,0,0.8568636552310552,103001042.31056489,39198500.00000088,25291590.03281018,0.8310406994988987,0.6452183127622132,74.63807964991298,0.783512710839936,2.156551016280762
185,150,25,10,700,0,0.9811270362302493,129378157.95351146,51527666.66666711,30306340.631288346,0.9958172849079404,0.5881566659585094,59.4211582666249,0.9903526377770817,2.4420050067741386
186,150,25,10,700,0,0.9066856072619099,107279434.22327036,41519500.000000894,25900260.561216854,0.8510406275791518,0.623809548795537,71.66145175598263,0.8233634750989769,2.2290967213973163
187,150,25,10,700,0,0.9064537999855399,107074062.35798687,43569166.66666774,24493605.347965986,0.8048202147519126,0.5621775035395533,71.79890097283258,0.8214794561500539,2.1776752589672363
188,150,25,10,700,0,0.9390934655715183,115774660.03783071,43761666.666667804,28617174.249793418,0.9403140124989502,0.6539324580064595,66.4031317171471,0.8987783182561163,2.361017750232802
189,150,25,10,700,0,0.8954931523952252,117112203.33125967,42549833.33333386,30042356.10765811,0.9871431808721739,0.7060510877282968,65.64473881730792,0.9102108706846653,2.370544893262528
190,150,35,10,700,0,0.8512566688903688,156044970.28683525,71949166.6666649,30306340.631288245,0.9958172849079372,0.421218785919999,49.26656710478147,0.8211094517463579,2.009341149372726
191,150,35,10,700,0,0.6812822264202792,142317240.51107958,61561499.999999784,30227552.388684034,0.9932284308200309,0.49101390298618686,54.01875396397596,0.900312566066266,1.9744059148754949
192,150,35,10,700,0,0.7113339922012253,149455070.8444094,66854333.3333323,30337552.38868417,0.9968428527217934,0.45378587858206104,51.43887026759637,0.8573145044599395,1.9316771995268136
193,150,35,10,700,0,0.6711281300810985,150068714.2868371,67373166.6666653,30306340.63128824,0.9958172849079371,0.44982805663909997,51.22853245284528,0.853808874214088,1.8847994496064664
194,150,35,10,700,0,0.9021291258645232,128034360.69832571,52435166.66666718,29073873.286964383,0.9553204034304286,0.5544727925018026,60.044818891344164,0.9992532973988407,2.344960657264806
195,150,35,10,700,0,0.6853995284061705,142359531.45677787,61799833.33333225,30096282.311753184,0.9889151086281731,0.48699617277965224,54.00270653696351,0.9000451089493918,1.9750415755792843
196,150,35,10,700,0,0.8698522473500986,129098632.58972567,52765166.666667074,29382946.928448085,0.9654760628761999,0.5568625815979834,59.549817420853415,0.9924969570142236,2.307839269642709
197,150,35,10,700,0,0.9167534994258937,136442563.28684193,56939666.666666366,30306340.63128829,0.9958172849079386,0.5322535660193851,56.3445878969454,0.93907646494909,2.281632817190492
198,150,35,10,700,0,0.6778714444308501,155293149.62016702,71373499.99999772,30306340.631288223,0.9958172849079364,0.42461614788807034,49.505081317518915,0.8250846886253153,1.8426490513666218
199,150,35,10,700,0,0.9162960933514498,135821379.7555636,56574833.333333254,30235715.351666093,0.9934966525671726,0.534437550589328,56.60228171614556,0.9433713619357593,2.2872174957586715
200,150,30,8,700,0,0.7843692588163067,132779542.14258319,56484999.99999976,28807531.548357278,0.9465688451270297,0.5100032140985642,57.89897958636262,0.9649829931060437,2.1573548232012016
201,150,30,8,700,0,0.6706809632249112,138239129.84441435,58437500.00000006,30227552.388684213,0.9932284308200368,0.5172629285764139,55.61232922004414,0.9268721536674023,2.0113634597534444
202,150,30,8,700,0,0.6547263981256487,137251014.9222304,57550166.66666659,30310882.018332787,0.9959665075333749,0.5266862595532505,56.01270055712219,0.9335450092853698,2.009620415053619
203,150,30,8,700,0,0.5741518430609311,136965719.24219918,57348499.999999784,30300184.598438196,0.9956150076355631,0.5283518243448095,56.12937341208359,0.9354895568680598,1.9323228594048385
204,150,30,8,700,0,0.6718383720937794,133843694.12017639,54893666.66666658,30341173.96462168,0.9969618518434973,0.5527263126521286,57.438641771925624,0.9573106961987604,2.0713301184142425
205,150,30,8,700,0,0.6227909127623632,140155613.28684148,59781333.333333015,30306340.63128814,0.9958172849079338,0.5069532401076418,54.85188798158375,0.9141981330263959,1.9425516378748724
206,150,30,8,700,0,0.875227597980982,117616740.93718117,45668333.33333453,28301804.589479353,0.9299514760681392,0.6197249280569018,65.36314421521028,0.9144927519130143,2.285500292339518
207,150,30,8,700,0,0.8791404995402009,136923263.2868419,57306333.333333,30306340.631288216,0.9958172849079362,0.5288480150179165,56.14677751212189,0.9357796252020315,2.2379985367565656
208,150,30,8,700,0,0.6038939377113727,144822168.95350468,63354499.99999877,30306340.631288227,0.9958172849079365,0.4783612944824569,53.08441418570507,0.8847402364284178,1.8713232097257562
209,150,30,8,700,0,0.694969946242511,131371725.34441537,53124500.00000022,30262385.722017564,0.994372997755594,0.5696502691228611,58.51944153009337,0.9753240255015562,2.126014187042356
210,150,30,10,800,0,0.735918754653345,157590706.91742003,66779166.66666527,34355107.49182967,0.9877465576023738,0.5144584637199284,55.750749342116315,0.9291791557019385,2.076664681331226
211,150,30,10,800,0,0.6140624998558719,143966324.3807401,57055166.66666662,33903746.566165574,0.9747694420259794,0.5942274564587887,61.02677162726375,0.9830327328530774,2.07247719787598
212,150,30,10,800,0,0.5963071471264088,138025062.67289528,53348166.66666718,33366938.5096275,0.9593356288712743,0.6254561420659975,63.65365702330026,0.9409227053649576,2.0375947661441645
213,150,30,10,800,0,0.5736546422030641,143761455.92275524,57826999.9999993,33311807.673381127,0.9577505576054358,0.5760597588216841,61.11373833554326,0.9816089129616403,2.016111362222052
214,150,30,10,800,0,0.8543589528431774,136578058.44152695,54085166.66666672,32190986.22491944,0.9255257267657062,0.5951906633350379,64.3280487382346,0.9304060775233141,2.260917561034522
215,150,30,10,800,0,0.8786698369345978,141045272.893098,55834166.66666653,33256393.96116738,0.9561573533490929,0.5956280167967785,62.29063774905093,0.9625422710432836,2.3177145214153043
216,150,30,10,800,0,0.9555525960422817,119340945.08012412,44650833.333334036,29791828.57334716,0.8565473452528702,0.6672177504715483,73.61932649436717,0.7969297278509434,2.2862565242704638
217,150,30,10,800,0,0.8759226481260942,133200256.44343802,51833833.33333358,31977437.82825951,0.9193859790227391,0.6169221099782193,65.95933247118627,0.9054509176212351,2.274911253729905
218,150,30,10,800,0,0.9026060353588675,139713332.61339414,55570166.66666661,32774619.300501578,0.9423058099439131,0.5897880331563088,62.88447806417665,0.9530626531609321,2.3274991150448465
219,150,30,10,800,0,0.819617656357303,136289603.7157744,51179333.333333686,33902339.86453885,0.9747289978303179,0.6624224595449716,64.46419800531797,0.9282972359793702,2.2778528599726506
220,150,25,10,800,0,0.8667706113028225,136685556.17525074,53513166.66666689,32607138.689726494,0.9374905609508029,0.6093292683058007,64.27745729574622,0.9311909181213284,2.2854249440687915
221,150,25,10,800,0,0.5528548364478472,132298926.92061906,51573500.00000044,31702587.89032901,0.9114837455597049,0.6147069306975238,66.40870190331616,0.898694882753147,1.9433152637590134
222,150,25,10,800,0,0.9155497105495278,119847419.48756044,42234500.000000924,31578247.513042625,0.9079088250136167,0.7476884422223996,73.30821170423216,0.8010727369137702,2.314773201241218
223,150,25,10,800,0,0.5333719432189815,123537513.91909082,49038000.00000073,29042729.422037434,0.8350099331465333,0.5922494682090829,71.11847827659975,0.8308483670143285,1.8380198848005762
224,150,25,10,800,0,0.7863913691698073,121264278.44159043,44361166.66666758,30914232.0359138,0.888817660711928,0.696875992198428,72.45167425155522,0.8125905667730657,2.156482729701615
225,150,25,10,800,0,0.8965867612155609,131894253.66304262,50818166.66666724,31986527.40997595,0.9196473143439164,0.6294309595973013,66.61245472032131,0.8956481985352922,2.295779727428694
226,150,25,10,800,0,1.0,99918088.33676778,37713500.00000034,24733491.46092388,0.7111146735263545,0.6558259366254432,87.9300249459137,0.6278208551147142,2.152481604415069
227,150,25,10,800,0,0.9182366151839554,113649598.94344045,44528000.00000103,27091604.494925786,0.7789129778200206,0.6084172766557034,77.3060361116839,0.7494363148762628,2.154406751384781
228,150,25,10,800,0,0.914524698929948,128251103.53726499,48453166.66666765,31715927.055764627,0.9118672610164226,0.6545687152700164,68.50467370401358,0.8678429084635908,2.306022579609552
229,150,25,10,800,0,0.7984075554310075,124377126.50710301,44297000.00000066,32474334.394225344,0.9336722935869977,0.733104598375169,70.63839024692578,0.8375230409197093,2.222414275050852
230,150,35,10,800,0,0.8102732522545234,168157460.9174155,74871499.99999756,34355107.49182988,0.9877465576023798,0.4588542702073687,52.24745873342385,0.8707909788903975,2.0481476473108158
231,150,35,10,800,0,0.6555746668793215,150390889.7507577,61299333.333332926,34334940.825163044,0.987166744088968,0.5601193187282614,58.41976209171098,0.9736627015285163,2.077332823390447
232,150,35,10,800,0,0.6621823693457474,147168150.44349387,59154333.333333135,34129294.506341726,0.9812541896442565,0.57695341293129,59.69905834600648,0.9949843057667747,2.118729405457554
233,150,35,10,800,0,0.6198120135792361,155817170.54664725,65374833.3333318,34385540.0422905,0.988621526395992,0.5259751847773936,56.38531343610671,0.9397552239351119,1.9803473853362628
234,150,35,10,800,0,0.9298395905462005,141187308.24483186,55401499.999999814,33602382.90784084,0.9661049103790472,0.606524785571527,62.227972961738246,0.9635480879742954,2.3786075069777173
235,150,35,10,800,0,0.6341181332751455,145607083.64739868,60059999.9999995,32790169.341500323,0.9427528904681333,0.5459568654928504,60.33909738399572,0.9943643173112413,2.065247942980667
236,150,35,10,800,0,0.8916981574226511,143703495.65979198,58673999.999999374,32744550.99713397,0.9414413136488176,0.5580759961334547,61.13838748084299,0.9812057321057884,2.3193646864352035
237,150,35,10,800,0,0.8982749025124238,146743161.41742423,58442999.99999946,34375274.158496566,0.9883263711157876,0.5881846270468128,59.87195529342587,0.9978659215570979,2.366688525706972
238,150,35,10,800,0,0.640228727911913,165437336.91741526,72874999.99999735,34300107.49182991,0.9861652480203615,0.4706704287043727,53.10651249412814,0.8851085415688024,1.9018736124442137
239,150,35,10,800,0,0.6828145909130365,148110410.08408976,59530166.66666585,34349607.49182986,0.9875884266441773,0.5770117810045382,59.31926050985787,0.9886543418309645,2.1330783575476318
240,150,30,8,800,0,0.735918754653345,157624227.58408707,66804833.333331995,34355107.49182969,0.9877465576023744,0.5142608068552482,55.73889328220866,0.9289815547034777,2.0763089548410214
241,150,30,8,800,0,0.6140624998558719,144842658.41742605,57049666.666666634,34334940.825163074,0.9871667440889689,0.6018429700172907,60.65754451067834,0.9891007567195229,2.084637632589227
242,150,30,8,800,0,0.5963071471264088,138073655.26792893,52554333.33333393,33896630.51956745,0.9745648479774028,0.644982599333396,63.631255238020216,0.9412740767622758,2.0535673033554014
243,150,30,8,800,0,0.5736546422030641,145485394.0338153,58173499.9999993,33932309.92377644,0.9755906695002466,0.5832949697676235,60.389567340058264,0.9935282436088166,2.0338188616259796
244,150,30,8,800,0,0.8416950586479003,134526098.2748618,51199500.000000566,33028819.55825273,0.9496143427317978,0.645100431806021,65.3092605276411,0.915314391494686,2.2730897955874028
245,150,30,8,800,0,0.5553769620718236,128626676.16304225,52134500.0000004,29553694.076642454,0.8497007204992616,0.5668740292252199,68.30464925380997,0.8707408996992824,1.8796170851512821
246,150,30,8,800,0,0.9247458546650354,124940011.21476823,46482333.333334416,31357044.354041707,0.9015489945608699,0.6746013400225386,70.3201473617404,0.8419771052457671,2.3064040319288335
247,150,30,8,800,0,0.8305047757171529,137612590.69120973,52781666.66666693,33526712.554681472,0.9639293057513074,0.6351961707919032,63.84444879549245,0.9379354522355454,2.276597164586221
248,150,30,8,800,0,0.5748551405187229,147062142.17299804,59289999.999999456,33990191.39726708,0.9772548245666492,0.5732870871524269,59.74209181357317,0.9957015302262194,2.0291863404668837
249,150,30,8,800,0,0.6425020273963765,136740989.01006013,51349833.333333604,34013961.28683555,0.9779382346418884,0.6623967222256879,64.251400136894,0.9315954091086073,2.104014814285534
250,150,30,10,900,0,0.864463107453197,157463252.71594685,61099499.9999997,37913033.53633381,0.9689251428593237,0.6205129916993427,62.768930715725226,0.9548998192984587,2.3157733201111297
251,150,30,10,900,0,0.6086440023541203,135889469.7359733,52669833.333334126,32757036.311682146,0.8371558044155877,0.6219316492682083,72.73411265202336,0.8087744426544562,1.9149637644231432
252,150,30,10,900,0,0.6000353788576628,153291561.1360546,58167999.99999991,37745560.339704916,0.9646451110118789,0.6489059334978851,64.47713055272227,0.9280971700746666,2.0472572957306374
253,150,30,10,900,0,0.6005272035195743,153808360.39591375,59436666.666665986,37189152.625304945,0.9504252669667864,0.6256937797987555,64.26048606563641,0.931454346297867,2.032536573656446
254,150,30,10,900,0,0.8098547120921102,135717362.59874982,49731000.0000006,34546206.24633881,0.8828807589454183,0.6946614032763947,72.82634889702054,0.8075320925193761,2.173115927232602
255,150,30,10,900,0,0.93252980942458,139382096.51047495,53313333.33333346,34051431.51641853,0.870236039408224,0.6387038548784254,70.9115463710736,0.8337187979634691,2.2772116912907894
256,150,30,10,900,0,0.9110303150408345,147653027.6509439,58213833.33333298,34964500.399029665,0.8935709011959665,0.6006218521776876,66.93936560085712,0.8907815163156299,2.2823093130986143
257,150,30,10,900,0,0.9191834922732467,128930393.97147661,49395500.000000656,31447716.433125615,0.8036941467204007,0.6366514446280571,76.65996896113263,0.7575496877561977,2.1860543357318902
258,150,30,10,900,0,0.6242346527163442,163481180.65710044,64899999.999999024,38427662.59497547,0.9820772699157374,0.5921057410628051,60.4583350834194,0.9923901843268271,2.0903094298934155
259,150,30,10,900,0,0.8665992385350157,150417249.8293902,57542833.3333332,36741244.26357107,0.9389782886350482,0.6385025229942533,65.70921893074522,0.9092332211001645,2.286634478030583
260,150,25,10,900,0,0.9052645523016626,144892708.8894595,56118333.3333336,34952089.90863428,0.8932537322686166,0.6228283669977273,68.21461256232347,0.8720485244014335,2.275575770301278
261,150,25,10,900,0,0.5800713993150608,129398857.40264024,49476166.66666759,31624036.311682127,0.8082002689581685,0.639177172409912,76.38243643253632,0.761061882402577,1.8524750196455675
262,150,25,10,900,0,0.590748063841084,145379083.1919223,53087833.333333746,37121053.94107124,0.9486849016835274,0.6992384433546472,67.98639655026503,0.8753717644758678,2.0255105830006697
263,150,25,10,900,0,0.5442364762268317,143916805.5515158,54706666.666666664,35375581.04027146,0.9040766912077363,0.64664113527184,68.67717749934383,0.8653513885608182,1.926900773005122
264,150,25,10,900,0,0.7360451724270219,128791874.5889026,46464000.00000128,33247709.73917307,0.8496957089413834,0.7155584912872796,76.74241897284755,0.7565094030051452,2.065001368461991
265,150,25,10,900,0,0.9433297636286376,135731469.9572017,50380000.000000544,34138534.223458655,0.8724620813518581,0.6776207666426813,72.81877963243544,0.8076339726800441,2.293060349622827
266,150,25,10,900,0,0.862753992167172,135111262.4929388,51250833.333333634,33280791.032831248,0.8505411516346725,0.6493707295718324,73.15304303752286,0.8031471078778372,2.185397683702475
267,150,25,10,900,0,0.9746002171505288,106963298.77469973,41706500.000001125,25626782.060205806,0.654931329747421,0.6144553501301984,92.40365726583067,0.5827127323686966,2.048877229623384
268,150,25,10,900,0,0.8473850679908678,131123354.99943678,46959000.000001006,34070067.18696956,0.8707123022673706,0.725527953895288,75.37787604689076,0.7739113598448533,2.2017187909519516
269,150,25,10,900,0,0.9251631388061208,113343631.27051976,40030833.333333775,29808701.61242143,0.7618066341377577,0.7446435442451719,87.20207645730103,0.6354842699158629,2.1563622441181214
270,150,35,10,900,0,0.7826577241117009,174037739.49042964,73016166.66666476,38407495.92830864,0.9815618801260381,0.5260135896156738,56.79113064177389,0.9465188440295649,2.149987439833805
271,150,35,10,900,0,0.6845822824328952,149535228.7076572,58981999.99999991,35394372.8848172,0.9045569453304675,0.6000877027706293,66.09679929886572,0.903378801167197,2.068031245816596
272,150,35,10,900,0,0.6881566554559644,156785285.80477107,59805166.66666607,38408038.785475925,0.981575753665275,0.6422194088940416,63.04035451583959,0.9505898662190615,2.152522048790259
273,150,35,10,900,0,0.7268033733628325,171406118.72593153,70869333.33333077,38491509.38308551,0.9837089715370635,0.5431335046153518,57.663052366313856,0.9610508727718976,2.1223610498270116
274,150,35,10,900,0,0.890555981178329,159040955.87360847,61455166.66666612,38457218.90691923,0.9828326263486395,0.6257768222403798,62.14625626278781,0.9648612815037996,2.3560387204744324
275,150,35,10,900,0,0.6734756928975683,167574275.1570988,68003833.33333196,38447829.26164214,0.9825926597054327,0.565377382083504,58.981606757565025,0.9830267792927504,2.1088043778571217
276,150,35,10,900,0,0.826270940942595,142414846.01047564,52176666.666667044,36256931.51641849,0.9266009409539745,0.6948878460950276,69.40147236667289,0.8549680269615452,2.237149244780162
277,150,35,10,900,0,0.9164609774184899,130238762.02603905,50966666.666667186,31085714.34490177,0.794442633656654,0.6099224528103621,75.88984912206014,0.7673357578552946,2.171734697522074
278,150,35,10,900,0,0.6666564702488507,165294251.99043202,66289666.66666516,38427662.59497553,0.982077269915739,0.5796931034245117,59.79518271798174,0.996586378633029,2.126997331621489
279,150,35,10,900,0,0.7020865086157565,160975254.15710187,63163833.33333266,38312162.594975434,0.9791254920293005,0.6065522083308619,61.399499269335045,0.9769449369691253,2.1642732122495714
280,150,30,8,900,0,0.6608968026543889,166473479.49043202,67222833.33333188,38407495.92830877,0.9815618801260413,0.5713459850444109,59.37161901255308,0.9895269835425514,2.107500574232469
281,150,30,8,900,0,0.6086440023541203,138607111.4026401,52662500.00000084,34088036.31168223,0.8711715305354698,0.6472924056336422,71.30802958073723,0.8282277022556721,1.9547056291167062
282,150,30,8,900,0,0.5988389924229787,152393288.9220296,57146833.333333194,37958040.30683133,0.9700753592220465,0.6642194867635959,64.85718675615,0.9222369317204949,2.05245151355435
283,150,30,8,900,0,0.6005272035195743,155206108.39591375,59431166.666666,37874819.29197165,0.9679485198164228,0.6372888404564173,63.68177194925544,0.9404819091111253,2.0508401849958333
284,150,30,8,900,0,0.8493599235456807,136317891.1726916,51601000.00000071,33647381.73386492,0.8599099336665705,0.6520684043693816,72.50552304597277,0.8118616102276581,2.1828762572688443
285,150,30,8,900,0,0.6027035787550258,159121236.61827624,63174833.33333285,37399416.43969985,0.9557988780286787,0.5919986562112044,62.11490188271182,0.9653656237258178,2.041668127449807
286,150,30,8,900,0,0.8525058309965892,129470472.62319481,45954333.33333452,33904642.89402543,0.8664846332648444,0.7377898978121299,76.3401862968816,0.7615979872641698,2.2043357365104628
287,150,30,8,900,0,0.8199949620652915,125380098.13814484,47732666.666667804,30774883.099792186,0.7864988691914783,0.6447342092722969,78.83069280349379,0.7306323550179356,2.0664146845010647
288,150,30,8,900,0,0.6242346527163442,163088509.99043375,64599333.333332345,38427662.59497546,0.9820772699157371,0.5948615970491343,60.60390152917426,0.9899854573704043,2.0901093877260557
289,150,30,8,900,0,0.6456801568816258,152986178.03584337,57210999.999999896,38206496.845214374,0.9764250433410031,0.6678173226340117,64.60583646768605,0.926108443919917,2.1060424589087523
290,150,25,8,900,0,0.8425896895835432,145993558.8160357,56022999.99999997,35550115.90175818,0.9085371946237417,0.6345628742080609,67.70024705305272,0.8795565219340556,2.2297965108840474
291,150,25,8,900,0,0.5800713993150608,132116499.06930697,49468833.33333428,32955036.31168218,0.8422159950780499,0.6661777545797836,74.8112466620468,0.7812546616525113,1.894268264631399
292,150,25,8,900,0,0.590748063841084,146406214.48653018,53117166.6666671,37603641.52588069,0.9610181602212678,0.7079376383506973,67.50942939590409,0.8823582232707553,2.039456397792397
293,150,25,8,900,0,0.5442364762268317,145479839.55151582,54701166.66666669,36141914.37360484,0.9236615032161534,0.6607156039987843,67.93931056337226,0.8760589964893847,1.9488679559152438
294,150,25,8,900,0,0.7504505554839882,125605860.17269385,46055166.66666812,31953381.733864795,0.8166171913321745,0.6938066681015982,78.68900373287435,0.7323597708371418,2.0378556608024088
295,150,25,8,900,0,0.9403731035376504,130291392.45720392,47448500.00000124,33352034.223458767,0.85236187955375,0.7029101915436293,75.85919386997476,0.7677279058765875,2.2704291626491413
296,150,25,8,900,0,0.8061951175774189,118046504.86809425,41053833.333334185,31451861.98214988,0.8038000925207208,0.7661126727625734,83.72801897899652,0.6733655155786828,2.0924507713661606
297,150,25,8,900,0,0.9173808633343687,105498135.44136614,40665166.66666772,25575448.72687246,0.6536194284645602,0.6289276750422383,93.6869638373204,0.5703817546750743,1.9909047580432335
298,150,25,8,900,0,0.5605021081856586,153769129.50394785,58188166.66666645,37964885.55585612,0.9702502999553672,0.6524502786509788,64.27688074898184,0.9311998660828337,2.013662197189275
299,150,25,8,900,0,0.9195222984295145,128151426.50012983,43858833.33333409,34595635.35063998,0.8841439947637951,0.7887951575845089,77.1259459994383,0.7516891285983779,2.3022475530954996
300,150,35,8,900,0,0.7721219657325222,169251467.15709645,69351333.33333135,38407495.92830889,0.9815618801260443,0.5538104904732903,58.39713041202779,0.9732855068671299,2.1884558649782844
301,150,35,8,900,0,0.6845822824328952,152077731.74004105,58974666.66666662,36639897.709471755,0.9363882235505735,0.6212819805589708,64.99176366527607,0.9201707198608892,2.101778586740961
302,150,35,8,900,0,0.6881566554559644,152644086.9907918,57548333.333333,37825425.56895735,0.9666861882205582,0.657280991090809,64.7506247693449,0.9238763104141471,2.1378577587427587
303,150,35,8,900,0,0.7268033733628325,171379781.05926457,70849166.666664,38491509.38308558,0.9837089715370653,0.5432881033616537,57.6719140315747,0.9611985671929116,2.1226324232450673
304,150,35,8,900,0,0.9351650465155862,157600392.72593978,60298333.33333279,38491509.38308537,0.9837089715370599,0.6383511326971842,62.7143107262905,0.9557694920517267,2.4016154447250604
305,150,35,8,900,0,0.6734756928975683,167617373.1570989,68036833.33333196,38447829.26164214,0.9825926597054326,0.5651031563046915,58.9664413290646,0.9827740221510767,2.1083322400923983
306,150,35,8,900,0,0.6432610715639617,167667577.157099,68201833.33333202,38367162.59497544,0.9805311005466512,0.5625532440962171,58.94878525464231,0.9824797542440386,2.075783421084974
307,150,35,8,900,0,0.7030595054779007,148397735.8917525,57500666.66666611,35783405.83622322,0.9144992731491272,0.6223128862776705,66.60344203101357,0.8957827452893139,2.096692559789351
308,150,35,8,900,0,0.6666564702488507,164480178.65709934,65666333.33333202,38427662.594975516,0.9820772699157386,0.5851958019326436,60.091131227461084,0.9984822990836446,2.13329541087861
309,150,35,8,900,0,0.7020865086157565,160996803.15710187,63180333.33333266,38312162.594975434,0.9791254920293005,0.6063938028443847,61.391281107335494,0.9770787576628615,2.164280308554126
310,150,30,6,900,0,0.6608968026543889,166495028.4904322,67239333.33333193,38407495.92830877,0.9815618801260413,0.5712057812635893,59.36393470492113,0.9893989117486854,2.107260339413946
311,150,30,6,900,0,0.6086440023541203,137979165.95720235,52372833.33333402,33966200.890125185,0.8680578413308233,0.6485461780145191,71.63255359193651,0.8237601321596989,1.9512410769254345
312,150,30,6,900,0,0.5988389924229787,153371205.6599063,57141333.3333333,38438811.28676125,0.982362191663581,0.6726971361086185,64.44364805944656,0.9286152313986996,2.065611932708573
313,150,30,6,900,0,0.5984096084650309,153680839.30871412,57979166.666666046,38055904.168887496,0.9725764188229001,0.6563720445945451,64.31380804828518,0.9306269308060877,2.0541341749467548
314,150,30,6,900,0,0.6715257096343883,150358486.28885654,54967000.00000011,38354360.31667016,0.9802039188843348,0.6977706681585328,65.73489959863021,0.9088441424314203,2.138586386592635
315,150,30,6,900,0,0.6027035787550258,159627598.54239714,62434166.666666284,38118631.954969294,0.9741795226481932,0.6105412146923217,61.9178643934486,0.9685410551760647,2.0596776056849477
316,150,30,6,900,0,0.5971590478904427,152683247.3029818,58996666.66666617,36920498.11435674,0.9435593929883609,0.6258065107806721,64.73401748121567,0.9241320638086471,2.0219363203236274
317,150,30,6,900,0,0.6695289818342749,137411626.4632631,52085000.00000025,33872677.62970341,0.8656677123959282,0.6503345997831093,71.92841140441946,0.8197081991581502,2.0095048608189128
318,150,30,6,900,0,0.5976422257213727,162537813.3237673,64177666.66666574,38427662.594975464,0.9820772699157372,0.5987700175290888,60.809234466025195,0.9866033042099124,2.0632615439545563
319,150,30,6,900,0,0.6691479257790841,155030938.70250925,58776666.66666628,38206496.845214404,0.9764250433410038,0.6500283022494413,63.75372608022547,0.9393547258176156,2.128525293396253
320,150,25,6,900,0,0.6698185868109896,153364234.4725023,58342166.666666634,37669122.24133842,0.9626916193370784,0.6456586101191266,64.44657735224527,0.9285698960735438,2.1149153709798347
321,150,25,6,900,0,0.5800713993150608,132570417.73597363,49500000.00000095,33156702.978348847,0.8473698929750015,0.669832383400974,74.55509433246647,0.7845971281068678,1.9005344341427077
322,150,25,6,900,0,0.590748063841084,147304052.81986374,52970500.000000514,38135308.1925474,0.974605709222323,0.7199348352865658,67.09795019751951,0.8884302212196631,2.05512615329
323,150,25,6,900,0,0.541826843685423,145557674.97147447,53249166.666666746,37105383.09979272,0.948284409538525,0.6968256110385327,67.90298073898865,0.8765896082733168,1.9758769407895658
324,150,25,6,900,0,0.6200399324078659,140793904.35405406,52345333.333333746,35356547.431618616,0.90359025843613,0.6754479373828614,70.20048236708625,0.8436580340213252,2.0040563163354803
325,150,25,6,900,0,0.5488726461221277,137423496.98958513,51775166.666667126,34075059.04811315,0.8708398768590228,0.6581351880041497,71.92219828861624,0.8197930859192719,1.8951738824447193
326,150,25,6,900,0,0.812001011551596,117169585.8685587,39908000.00000076,31754223.784881983,0.8115274075251148,0.7956856716668681,84.3546550645633,0.6663695264825282,2.114919075367619
327,150,25,6,900,0,0.6082123399598628,130715608.39442797,48172666.666667596,33097497.50826014,0.8458568072835393,0.6870596916977713,75.61300537404925,0.7708844736774407,1.9287445669955205
328,150,25,6,900,0,0.5482820754706209,155720315.2653923,59801499.99999979,37888835.00832605,0.9683067127306867,0.6335766662763674,63.471487218319304,0.9437838417014381,1.998927250193153
329,150,25,6,900,0,0.6210603398749628,146474049.49043798,52057500.00000025,38312162.59497532,0.9791254920292977,0.7359585572679274,67.4781644556446,0.8828181243691526,2.092645310058457
330,150,35,6,900,0,0.7408859396123856,170386381.15709594,70220333.33333121,38407495.92830885,0.9815618801260435,0.5469569013008105,58.008157300360494,0.9668026216726749,2.145254082325709
331,150,35,6,900,0,0.6845822824328952,151988677.57337368,58684999.99999975,36781064.37613855,0.9399959520784429,0.626754100300566,65.02984405024856,0.9195868975610908,2.1055724602344386
332,150,35,6,900,0,0.6881566554559644,152376851.04559022,56864499.99999953,38130867.43725046,0.9744922189774348,0.6705566291315456,64.86418332035768,0.9221293964919682,2.146731355253169
333,150,35,6,900,0,0.7268033733628325,171456399.72593135,70907833.33333074,38491509.38308558,0.9837089715370654,0.5428386057453031,57.64614220174342,0.9607690366957237,2.1218432946547985
334,150,35,6,900,0,0.7842622455069606,162341172.7259387,63928333.33333257,38491509.3830855,0.9837089715370633,0.6021040652254237,60.882891468855185,0.9853928766263214,2.2513383743136206
335,150,35,6,900,0,0.6734756928975683,166453727.15709907,67145833.33333194,38447829.261642225,0.9825926597054347,0.5726018630340878,59.37866438203373,0.9896444063672288,2.1212015896920673
336,150,35,6,900,0,0.6432610715639617,167693914.82376593,68221999.99999873,38367162.59497545,0.9805311005466513,0.5623869513496549,58.93952687780682,0.982325447963447,2.0754960806071328
337,150,35,6,900,0,0.7030595054779007,149904226.9825396,57517166.66666614,36508121.3514927,0.9330204786203776,0.6347343491912798,65.93409805015862,0.9058318065394672,2.1166787913703917
338,150,35,6,900,0,0.6666564702488507,164563980.323766,65730499.99999867,38427662.59497555,0.9820772699157395,0.5846245288713205,60.06053074648804,0.9989916629390123,2.1333477562849197
339,150,35,6,900,0,0.7292054101721277,162435797.4904339,64282166.66666569,38312162.594975434,0.9791254920293005,0.5959998640624955,60.847424968514545,0.9859755227594258,2.1919808241815497
340,150,30,4,900,0,0.6608968026543889,165221243.15709895,66263999.999998584,38407495.92830881,0.9815618801260424,0.5796133032764341,59.821605328329895,0.9970267554721649,2.1216142007477012
341,150,30,4,900,0,0.6086440023541203,136115371.79053527,51610166.666667245,33542700.890125316,0.8572346557472283,0.6499242892735915,72.61340045568069,0.810403229547401,1.9389866633203945
342,150,30,4,900,0,0.5988389924229787,153364022.65990633,57135833.33333333,38438811.28676124,0.9823621916635809,0.6727618911674444,64.44666636006218,0.9285685185749106,2.0656170239318445
343,150,30,4,900,0,0.5984096084650309,153654501.64204746,57958999.99999939,38055904.16888749,0.9725764188229,0.6566004273518848,64.32483197287142,0.9304559604945484,2.054145910841087
344,150,30,4,900,0,0.6715257096343883,149426459.95552343,54932166.666666836,37921693.65000343,0.96914646521451,0.6903367544214224,66.14491170400409,0.9026546960783891,2.1264498092499156
345,150,30,4,900,0,0.6027035787550258,159155238.15710264,61555999.9999995,38447829.26164214,0.9825926597054326,0.6245992147254931,62.10163180582011,0.965579155272372,2.0679621058077924
346,150,30,4,900,0,0.5971590478904427,153680523.802982,58716166.66666624,37585998.11435677,0.9605672560483018,0.6401303124526814,64.31394008437272,0.9306248828693594,2.039888180721947
347,150,30,4,900,0,0.6695289818342749,138553637.8091568,52083166.666667014,34431196.75084886,0.8799415166465666,0.6610810930757915,71.335550305896,0.827847898916814,2.0262417552117222
348,150,30,4,900,0,0.5969108911812322,163794838.32376733,65140166.66666575,38427662.59497553,0.9820772699157388,0.5899226938060654,60.34256085935413,0.994306919696046,2.0631559659221304
349,150,30,4,900,0,0.6691479257790841,155794440.86176562,59275333.33333295,38261276.49020698,0.977825020351531,0.6454839532499279,63.441288054493334,0.9442589859802708,2.1297940743592974
350,150,30,6,800,0,0.735918754653345,157650565.2507538,66824999.99999869,34355107.49182969,0.9877465576023744,0.5141056115500242,55.72958134355939,0.9288263557259898,2.0760295996193543
351,150,30,6,800,0,0.6140624998558719,144900122.41742608,57093666.666666634,34334940.82516308,0.9871667440889691,0.601379151660075,60.633489147027774,0.989497389196863,2.084663210380795
352,150,30,6,800,0,0.5963071471264088,137658835.609441,51432333.333334014,34409325.65939778,0.9893053886550098,0.6690212834869892,63.82300097994906,0.9382707899436714,2.0697949638596715
353,150,30,6,800,0,0.5736546422030641,146553793.75639036,58232166.66666607,34416341.67385357,0.9895071066711284,0.591019425240699,59.949318095471696,0.9991553015911949,2.045625483986818
354,150,30,6,800,0,0.6172336345697113,136485469.28085852,50790666.666667245,34245660.62185956,0.9845998415259057,0.6742510557423772,64.37168766970103,0.929729624766213,2.086364103929826
355,150,30,6,800,0,0.5553769620718236,131167464.57707544,52141833.33333382,30789033.793919068,0.8852180756261421,0.5904862147268594,66.98154933716332,0.8901554615426518,1.9179213953959628
356,150,30,6,800,0,0.6117725329349505,153615495.7507539,63766999.99999867,34334940.825163126,0.9871667440889704,0.538443722068842,57.193448857888946,0.9532241476314824,1.9957516582215065
357,150,30,6,800,0,0.6574951972530505,146888654.75075725,58552999.99999935,34375274.15849658,0.988326371115788,0.587079639958618,59.812652072468566,0.9968775345411428,2.1240364437610877
358,150,30,6,800,0,0.5748551405187229,147780961.91742408,59354166.6666662,34300107.49182992,0.9861652480203617,0.5778887889111438,59.45150096471332,0.9908583494118887,2.0280245210595265
359,150,30,6,800,0,0.6425020273963765,136396895.0410211,51404833.33333366,33810972.526933536,0.9721020878950657,0.6577391722620114,64.41348974518583,0.9290821065565317,2.0977754717625174
360,150,25,6,800,0,0.6323075830935494,143973572.25075862,56351166.66666644,34355107.4918299,0.9877465576023805,0.6096609799589486,61.02369943768417,0.98308306852371,2.1031194355844183
361,150,25,6,800,0,0.5528548364478472,132803768.59571637,51324166.66666724,32107893.409328647,0.9231367183022394,0.6255901555666425,66.15625514924875,0.902484058640371,1.9558110195415321
362,150,25,6,800,0,0.5512449907917614,137916070.25076124,51626666.6666673,34410107.49182986,0.9893278671843985,0.6665180944956632,63.70396128620483,0.9401341622510896,2.0245936286393813
363,150,25,6,800,0,0.5333719432189815,126910805.70977387,48383500.000001006,31106208.578056253,0.8943371942685241,0.6429094335477097,69.22814768107152,0.8574413820952781,1.9051408721524274
364,150,25,6,800,0,0.5259379513495125,133969981.06099832,49349666.66666738,33935570.06393171,0.9756844020614512,0.6876555072428294,65.58036308148546,0.9111879863546635,1.9872503434984397
365,150,25,6,800,0,0.5506361511295771,138015316.43434498,54840500.000000075,32410097.657887336,0.931825417829017,0.5909883691411875,63.65815205864834,0.9408522166583937,1.9642790631009208
366,150,25,6,800,0,0.9038564147641599,113468130.08892919,39862166.66666736,29976967.83256569,0.8618702995185104,0.7520155159461605,77.42967116065314,0.7478936282484397,2.253362455769528
367,150,25,6,800,0,0.6085752252661132,131814878.49074373,49507333.333334155,32783293.227952406,0.9425551947546719,0.6621906497613523,66.65256684674601,0.895049626078175,2.03337737115337
368,150,25,6,800,0,0.5305293017688341,143171309.2507591,55823166.66666661,34300107.49182986,0.98616524802036,0.614442166934813,61.36564683229938,0.9774962919431797,1.9995793272598643
369,150,25,6,800,0,0.5712873279790978,129197727.50711757,48728166.66666744,32002639.583755426,0.9201105567945465,0.6567585397307153,68.00274408476717,0.875133294128662,1.9718274538923322
370,150,35,6,800,0,0.8102732522545234,166684945.9174157,73743999.9999976,34355107.49182987,0.9877465576023796,0.4658698672682657,52.709019111737526,0.878483651862292,2.0614527979314277
371,150,35,6,800,0,0.6555746668793215,150441170.75075778,61337833.33333294,34334940.82516306,0.9871667440889684,0.5597677478852902,58.400236824504674,0.9733372804084113,2.076726145595965
372,150,35,6,800,0,0.6621823693457474,145085080.44349444,57559333.333333224,34129294.506341845,0.9812541896442599,0.5929411014664621,60.55619208497294,0.990772964690691,2.127308215209608
373,150,35,6,800,0,0.6198120135792361,154429317.08971947,64263833.33333175,34416341.67385353,0.9895071066711273,0.5355475994614033,56.89204721986613,0.9482007869977688,1.9964508801461274
374,150,35,6,800,0,0.6873102903688757,144037108.25075927,56316333.333333276,34410107.49182986,0.9893278671843985,0.6110146995572018,60.996781362095184,0.9835242125450246,2.159646262559662
375,150,35,6,800,0,0.6341181332751455,148516610.32530573,60069166.66666609,34204300.63053917,0.9834106969697755,0.5694152679084861,59.15701941187509,0.9859503235312516,2.075600671133186
376,150,35,6,800,0,0.667118070101296,156989672.41742003,66351999.9999985,34334940.82516326,0.9871667440889741,0.5174665545147702,55.96419092231383,0.9327365153718972,2.0138278290850096
377,150,35,6,800,0,0.7115178352887302,154314043.41741952,64239999.999998316,34375274.15849659,0.9883263711157881,0.5351070074485911,56.934545977998965,0.948909099633316,2.0885125408809193
378,150,35,6,800,0,0.6736470957464821,161872174.5840838,70145166.66666448,34300107.49182986,0.9861652480203601,0.4889874687279132,54.276159707956815,0.9046026617992803,1.9694397325280928
379,150,35,6,800,0,0.6828145909130365,147868582.4174235,59344999.99999929,34349607.491829805,0.9875884266441759,0.5788121575841304,59.41627258722379,0.9902712097870631,2.136135526767404
380,150,30,4,800,0,0.7330600215569293,159297866.58408487,68086333.3333314,34355107.491829984,0.9877465576023828,0.504581548306282,55.15328100996534,0.919221350166089,2.0559466103680437
381,150,30,4,800,0,0.6140624998558719,144852235.75075954,57057000.00000002,34334940.82516308,0.987166744088969,0.6017656172803173,60.65353395799368,0.9891668729407742,2.0846418666209
382,150,30,4,800,0,0.5963071471264088,137594188.60944107,51382833.333334036,34409325.65939777,0.9893053886550096,0.6696657896651081,63.85298746110822,0.9378019831129087,2.069841761971404
383,150,30,4,800,0,0.5736546422030641,146570554.08972386,58244999.99999945,34416341.67385356,0.9895071066711282,0.5908892037746397,59.94246289484401,0.9990410482474003,2.0454070534701763
384,150,30,4,800,0,0.6172336345697113,136383333.91822785,50823666.6666673,34174780.50344524,0.9825619613363926,0.6724186337751733,64.4198946277978,0.9289829341526995,2.0841514757425497
385,150,30,4,800,0,0.5553769620718236,133757511.74374211,52195000.00000049,32019200.460585836,0.9205866999439749,0.6134534047434723,65.6845352867522,0.9096073512046116,1.955747037071213
386,150,30,4,800,0,0.6117725329349505,151158909.75075477,61885999.9999988,34334940.82516327,0.9871667440889744,0.5548095017477932,58.122938399640915,0.9687156399940152,2.0243357743272004
387,150,30,4,800,0,0.6574951972530505,147147242.75075743,58750999.999999404,34375274.1584966,0.9883263711157886,0.585101090338836,59.70754079899181,0.9951256799831968,2.120701749507316
388,150,30,4,800,0,0.5748551405187229,147879129.58409107,59429333.33333297,34300107.49182993,0.9861652480203621,0.5771578708353362,59.41203484704025,0.9902005807840042,2.026782017970996
389,150,30,4,800,0,0.6425020273963765,137574782.41742712,51461666.66666706,34349607.49182983,0.9875884266441765,0.6674794991449214,63.861994513952936,0.9376612131455313,2.114146839857845
390,150,30,6,700,0,0.7529497970086299,141211514.28684127,60589833.3333329,30306340.63128824,0.9958172849079371,0.5001885458994241,54.44173613480175,0.9073622689133625,2.0604629026415315
391,150,30,6,700,0,0.6706809632249112,138296593.84441435,58481500.00000006,30227552.388684213,0.9932284308200368,0.5168737530447096,55.58922158740138,0.9264870264566897,2.0106669921173688
392,150,30,6,700,0,0.6547263981256487,136136708.57100412,56682999.999999836,30319770.89848931,0.9962585817435554,0.5349006033288535,56.47117578129424,0.9411862630215707,2.023833143810302
393,150,30,6,700,0,0.5741518430609311,136920226.9088659,57313666.666666456,30300184.598438196,0.9956150076355631,0.5286729389460043,56.148022637422294,0.9358003772903716,1.9328905715081062
394,150,30,6,700,0,0.6718383720937794,133982565.45350987,54999999.999999955,30341173.964621633,0.9969618518434958,0.5516577084476665,57.37910730383471,0.9563184550639118,2.0694829939158246
395,150,30,6,700,0,0.6177755924720254,138594507.953509,58585999.99999986,30306340.63128816,0.9958172849079344,0.5172966345421813,55.46973046420312,0.9244955077367186,1.956108407842489
396,150,30,6,700,0,0.6085233136001105,139547215.01107976,59321166.666666456,30302719.05535079,0.9956982857862352,0.510824731846995,55.09103137163722,0.9181838561939537,1.9353669552716601
397,150,30,6,700,0,0.6258533150503489,138630422.95350718,58613499.99999935,30306340.63128829,0.9958172849079386,0.517053931795382,55.455359914600244,0.9242559985766707,1.9637524590633253
398,150,30,6,700,0,0.6038939377113727,143318527.62017214,62203166.66666568,30306340.63128824,0.9958172849079371,0.4872153984329103,53.64135487335232,0.8940225812225386,1.8876888376802397
399,150,30,6,700,0,0.694969946242511,131441161.01108192,53177666.66666685,30262385.722017564,0.994372997755594,0.5690807366880356,58.488527801057955,0.9748087966842992,2.125043332277239
400,150,25,6,700,0,0.6830118622036512,131695872.62017792,53302333.33333364,30306340.631288238,0.9958172849079369,0.5685743706896145,58.375405751494334,0.9729234291915723,2.110794787946915
401,150,25,6,700,0,0.5461098973330993,128670195.01108395,51140833.33333418,30207385.722017568,0.9925657868047151,0.5906705806909104,59.74810249831171,0.9958017083051952,2.014448070191023
402,150,25,6,700,0,0.5366983537943439,126491474.36511563,49272666.6666676,30334816.18599912,0.99675294553168,0.6156520082668933,60.77721869071814,0.9871298925186057,2.016349852926464
403,150,25,6,700,0,0.5572810713022931,122384281.84182574,49573333.33333413,28138689.690168697,0.9245917845720345,0.5676174628194239,62.81689024360183,0.9541368485283476,1.9655118900861797
404,150,25,6,700,0,0.6071624386559805,128736020.12017874,50981333.33333393,30341173.96462162,0.9969618518434953,0.5951428097464679,59.717552187982974,0.9952925364663829,2.078569222919538
405,150,25,6,700,0,0.5472264162570845,128235694.98457174,51074833.33333399,30037398.39819545,0.9869802785661339,0.5881056566971026,59.950546537958346,0.999175775632639,2.0168867172474054
406,150,25,6,700,0,0.5609779421289958,131553751.51108247,53230833.33333371,30282552.388684195,0.9950356417709152,0.5688911950533178,58.43847029594103,0.9739745049323505,1.9900654031040006
407,150,25,6,700,0,0.5853229399497496,112272841.17161062,44764500.00000133,26268946.236345433,0.8631550419341448,0.5868254138065799,68.47426251776322,0.8682828888289675,1.923066159823981
408,150,25,6,700,0,0.546679100230663,136807536.67774653,57221999.99999975,30302719.055350903,0.995698285786239,0.5295641371387061,56.194272528338836,0.9365712088056473,1.9069016187472752
409,150,25,6,700,0,0.5812081955957222,130466106.34441556,52429666.66666696,30262385.722017635,0.9943729977555963,0.5771996590101812,58.9256490854804,0.9820941514246734,2.025062074228541
410,150,35,6,700,0,0.7389296579364718,142516986.9535058,61590833.333332404,30306340.63128823,0.9958172849079368,0.4920592723152313,53.94304331250027,0.8990507218750046,2.0316277976636616
411,150,35,6,700,0,0.6812822264202792,141098524.84441248,60628333.3333329,30227552.38868415,0.9932284308200345,0.4985713894276773,54.48533220653609,0.9080888701089349,1.988228208071356
412,150,35,6,700,0,0.7113339922012253,148760714.17774218,66322666.66666544,30337552.38868415,0.9968428527217927,0.4574235915627343,51.67896673858709,0.8613161123097849,1.9385889777611975
413,150,35,6,700,0,0.6635480501711374,148123170.21612054,66430833.333332084,29957459.841935493,0.9843536270339437,0.45095715857750873,51.90140063018528,0.8650233438364213,1.8893371208695657
414,150,35,6,700,0,0.7400290725086562,141855694.45350668,61029833.33333257,30341173.964621633,0.9969618518434958,0.4971531512941269,54.19451104601009,0.9032418507668348,2.0409934443107924
415,150,35,6,700,0,0.6853995284061705,142486532.8341116,61781499.99999904,30169949.813298613,0.9913357034557513,0.4883330740318555,53.9545727381158,0.8992428789685967,1.9753088666002516
416,150,35,6,700,0,0.6663831813083307,139863828.01107806,59564999.9999993,30302719.0553509,0.9956982857862388,0.5087336364534752,54.96632052278077,0.9161053420463462,1.989475432517457
417,150,35,6,700,0,0.6913510614817043,140634941.3341133,60648499.99999948,29988449.813298453,0.985371907317845,0.494463174081778,54.66493552079435,0.9110822586799059,1.9980038594270326
418,150,35,6,700,0,0.6778714444308501,153554863.620168,70042499.99999802,30306340.63128824,0.9958172849079371,0.432685021683822,50.06549332762573,0.8344248887937622,1.85844435057167
419,150,35,6,700,0,0.6991311537719981,144476472.67774457,63160166.666666016,30262385.722017474,0.9943729977555911,0.4791372049686029,53.21143198967539,0.8868571998279232,1.9692981175748034
420,150,30,4,700,0,0.7529497970086299,140900250.95350766,60351499.99999948,30306340.6312882,0.9958172849079358,0.5021638340602713,54.56200360165941,0.9093667266943235,2.06404759095117
421,150,30,4,700,0,0.6264718581950564,134944527.1777482,55914833.33333349,30227552.388684258,0.9932284308200381,0.5405998835494011,56.97007622898016,0.9495012704830027,2.00845303551758
422,150,30,4,700,0,0.6245639865289986,134694965.25776067,55568333.333333135,30326609.040716436,0.996483272025674,0.5457534394418262,57.07563000063252,0.9512605000105421,2.012427238093002
423,150,30,4,700,0,0.5741518430609311,136793327.24219933,57216499.999999814,30300184.59843818,0.9956150076355625,0.5295707461735387,56.20010972017934,0.9366684953363223,1.9344769353360847
424,150,30,4,700,0,0.6750324201528374,133254688.12017746,54442666.66666685,30341173.964621596,0.9969618518434945,0.5573050664544015,57.692529309487846,0.9615421551581308,2.0824186284744894
425,150,30,4,700,0,0.6177755924720254,138663943.62017563,58639166.66666649,30306340.631288182,0.9958172849079351,0.5168276146140368,55.44195411792272,0.9240325686320453,1.9552702527953003
426,150,30,4,700,0,0.6085233136001105,139578341.344413,59344999.99999978,30302719.055350807,0.9956982857862358,0.5106195813522777,55.07874592828241,0.9179790988047069,1.9349980774866395
427,150,30,4,700,0,0.6258533150503489,138048599.95350778,58167999.99999948,30306340.631288294,0.9958172849079387,0.5210139704182466,55.68908342851075,0.9281513904751791,1.9708158818601254
428,150,30,4,700,0,0.6038939377113727,143320921.9535055,62204999.99999901,30306340.63128824,0.9958172849079371,0.4872010390047219,53.64045873563378,0.8940076455938963,1.8876624145090466
429,150,30,4,700,0,0.694969946242511,130842577.67774886,52719333.33333361,30262385.722017583,0.9943729977555946,0.5740282323123223,58.75610322302134,0.9792683870503557,2.1334609191427245
430,150,30,6,600,0,0.6829094146113142,136562518.89346275,63651499.99999896,26085973.593688216,0.999999999999988,0.4098249623919098,48.25482169921702,0.8042470283202836,1.8150164128451256
431,150,30,6,600,0,0.5949373957537608,127124056.89346896,56424500.00000033,26085973.593688257,0.9999999999999896,0.46231643335232225,51.837552710595986,0.8639592118432664,1.828749754278885
432,150,30,6,600,0,0.6285348093458487,126966030.89346762,56303499.99999998,26085973.59368827,0.99999999999999,0.4633099823934263,51.902071393641116,0.865034523227352,1.8642173184879418
433,150,30,6,600,0,0.6881129172616696,131062735.22679795,59440333.33333262,26085973.5936882,0.9999999999999875,0.4388598133762459,50.279738085708786,0.837995634761813,1.8771964027244792
434,150,30,6,600,0,0.6707038852476759,117388697.56013831,48970166.66666762,26085973.593688246,0.9999999999999892,0.5326911335885673,56.13657990049715,0.9356096650082859,2.032466457126816
435,150,30,6,600,0,0.6385303313393381,129828305.10302341,58530999.999999695,26063113.276244137,0.9991236548115681,0.44528733963616335,50.757806587483046,0.8459634431247174,1.8407236461729863
436,150,30,6,600,0,0.6381984707448336,132733979.8934646,60719999.99999929,26085973.593688186,0.9999999999999868,0.429610895811734,49.64666926501509,0.8274444877502515,1.8093316751444721
437,150,30,6,600,0,0.8952246055303644,118549949.22680445,49859333.333334155,26085973.5936882,0.9999999999999875,0.5231913836330431,55.586696097125184,0.9264449349520864,2.2402226473888853
438,150,30,6,600,0,0.6053609556055947,125993931.56013364,55559166.66666655,26085973.59368822,0.9999999999999882,0.4695170060809937,52.30251900548765,0.8717086500914609,1.8526832105618505
439,150,30,6,600,0,0.6414051583432248,128826427.89346515,57727999.99999934,26085973.593688324,0.9999999999999921,0.4518773141922226,51.15254771675831,0.8525424619459719,1.8554494716429746
440,150,25,6,600,0,0.6145568987914743,124489729.22680208,54406000.000000216,26085973.5936882,0.9999999999999875,0.47946869083718885,52.934487374411006,0.8822414562401835,1.8803733077014089
441,150,25,6,600,0,0.5721466802319133,119025860.56013756,50222333.33333415,26085973.59368824,0.9999999999999888,0.5194098294985859,55.364439030209894,0.9227406505034982,1.9104151943342802
442,150,25,6,600,0,0.5309928203083245,114900424.22680539,47063500.00000115,26085973.593688272,0.9999999999999902,0.5542718580999636,57.35226866518958,0.9558711444198262,1.9302814512081217
443,150,25,6,600,0,0.5670245483714657,124140156.56013486,54138333.33333351,26085973.59368823,0.9999999999999886,0.4818392437956127,53.08354832634538,0.8847258054390896,1.8372217488470455
444,150,25,6,600,0,0.5833927395260049,115421986.2540677,48480666.666667596,25437238.776995342,0.9751308949860262,0.5246883041417512,57.093108634385175,0.9515518105730862,1.954695193412492
445,150,25,6,600,0,0.49712755283200627,115805386.7046901,48308333.33333443,25734197.187905632,0.986514729668054,0.5327072041657074,56.9040887260654,0.9484014787677567,1.871694794932329
446,150,25,6,600,0,0.5556773025899717,118306212.10302764,49707166.66666738,26063113.27624408,0.999123654811566,0.5243331097711003,55.701217060869425,0.9283536176811571,1.903497408088009
447,150,25,6,600,0,0.8986870644718803,118139957.2268044,49544000.00000081,26085973.59368827,0.99999999999999,0.5265213465543324,55.77960374023955,0.9296600623373259,2.249564204052672
448,150,25,6,600,0,0.5239597324644873,118647555.89347099,49932666.66666749,26085973.593688212,0.9999999999999878,0.5224230015157969,55.5409671136987,0.9256827852283116,1.8675809189054364
449,150,25,6,600,0,0.5968891575504857,122227084.22680199,52673500.000000246,26085973.593688257,0.9999999999999896,0.4952390403844084,53.91440073766389,0.8985733456277315,1.891653735485744
450,150,35,6,600,0,0.70538536275718,141196114.89346048,67200833.3333317,26085973.59368817,0.9999999999999862,0.3881793171268531,46.67125582720412,0.7778542637867354,1.793783080245398
451,150,35,6,600,0,0.6878846008892873,128422346.56013492,57420000.000000186,26085973.593688242,0.999999999999989,0.45430117718021873,51.31349937539311,0.8552249895898851,1.9065505322233474
452,150,35,6,600,0,0.6774558559071859,127411937.89346723,56646333.3333332,26085973.593688183,0.9999999999999867,0.4605059508474495,51.72042831269014,0.8620071385448357,1.9078677551299812
453,150,35,6,600,0,0.6472741983463894,135105976.7696869,62573499.99999894,26063113.276244123,0.9991236548115675,0.41651998491764985,48.77504428418834,0.8129174047364723,1.7934075910169818
454,150,35,6,600,0,0.7435929543580398,136848005.56013063,63871499.99999915,26085973.59368823,0.9999999999999886,0.40841335484039953,48.1541544798361,0.8025692413306017,1.8728928795609612
455,150,35,6,600,0,0.6628258162887263,133949513.76968876,61687999.99999945,26063113.276244067,0.9991236548115654,0.4224989183673373,49.19614722402372,0.8199357870670619,1.8207607380496582
456,150,35,6,600,0,0.6238207596525724,135109719.56012878,62540499.99999875,26085973.59368817,0.9999999999999862,0.41710529326898077,48.77369312477403,0.8128948854129004,1.7703998796806575
457,150,35,6,600,0,0.7474928792172315,135004368.89346442,62459833.33333263,26085973.593688205,0.9999999999999877,0.417643983365659,48.811753678876784,0.8135292279812797,1.8951372938910382
458,150,35,6,600,0,0.6509833577977595,140140213.89346036,66392333.33333167,26085973.593688212,0.9999999999999878,0.3929064137981122,47.02290525266219,0.7837150875443698,1.749023576380619
459,150,35,6,600,0,0.7560706056181614,144813952.5601277,69970999.99999844,26085973.593688216,0.999999999999988,0.3728112159850338,45.50528373475527,0.7584213955792545,1.812740973985443
460,150,30,4,600,0,0.6829094146113142,136622377.2267962,63697333.333332315,26085973.593688212,0.9999999999999878,0.40953007337337977,48.233679824358376,0.8038946637393063,1.8144281370493243
461,150,30,4,600,0,0.5949373957537608,124885355.22680216,54710333.33333364,26085973.593688205,0.9999999999999877,0.4768015839851349,52.76679549841835,0.8794465916403058,1.8558252545821745
462,150,30,4,600,0,0.5884031965628411,122775947.56013544,53095166.66666694,26085973.593688264,0.9999999999999898,0.49130599320756996,53.67337928116847,0.8945563213528078,1.876004312481705
463,150,30,4,600,0,0.6485013165976962,135565127.7696871,62923666.66666577,26063113.276244156,0.9991236548115687,0.4142020746233986,48.60984611909543,0.8101641019849238,1.790027078281339
464,150,30,4,600,0,0.6707038852476759,117446161.56013829,49014166.66666762,26085973.59368823,0.9999999999999886,0.5322129369472308,56.109113422371784,0.9351518903728631,2.031626125178324
465,150,30,4,600,0,0.6385303313393381,129897740.76969028,58584166.66666639,26063113.276244134,0.999123654811568,0.4448832297050271,50.730674459410096,0.8455112409901683,1.839948156093528
466,150,30,4,600,0,0.6381984707448336,132494546.56013055,60536666.66666579,26085973.593688186,0.9999999999999868,0.4309119584883304,49.736386674672104,0.8289397779112018,1.8118678154466998
467,150,30,4,600,0,0.6761206466623592,125155914.89346756,54917500.0,26085973.593688205,0.9999999999999877,0.4750029333762135,52.65272524761793,0.8775454207936322,1.9336684141569622
468,150,30,4,600,0,0.6053609556055947,126058578.56013377,55608666.66666659,26085973.59368822,0.9999999999999882,0.4690990659793124,52.275696547351316,0.8712616091225219,1.8519018175115667
469,150,30,4,600,0,0.6414051583432248,128189535.22679871,57240333.333332725,26085973.593688324,0.9999999999999921,0.4557271433375406,51.406692350830575,0.8567782058471762,1.8627650788604335
470,150,30,6,500,0,0.7439982340524806,122013109.57788533,59332166.666665845,21738311.328073572,0.9999999999999905,0.3663832377840105,45.009917532627,0.75016529221045,1.787270116490139
471,150,30,6,500,0,0.6568406524667472,115744744.91122332,54532500.00000024,21738311.328073613,0.9999999999999923,0.3986303823971672,47.44751050436227,0.7907918417393712,1.7665368001238522
472,150,30,6,500,0,0.5746127461437728,115436189.09688206,54316166.66666661,21725610.263648704,0.9994157290217536,0.39998423299966657,47.57433559584075,0.7929055932640126,1.6875057258075186
473,150,30,6,500,0,0.5546416061377478,116027276.24455501,54748833.33333312,21738311.32807355,0.9999999999999893,0.39705524309023876,47.3319738060965,0.7888662301016083,1.661152030711547
474,150,30,6,500,0,0.5940878054362615,113862074.25252171,53120833.33333369,21719261.06353685,0.999123654811571,0.4088652172914588,48.23203894758112,0.8038673157930186,1.7250472950624474
475,150,30,6,500,0,0.5962471992351389,115919531.24455556,54666333.33333333,21738311.328073606,0.9999999999999919,0.3976544612114758,47.3759679756981,0.789599466261635,1.7039702344659546
476,150,30,6,500,0,0.5822143235233568,120435243.91122052,58123999.99999961,21738311.32807359,0.9999999999999912,0.373998887345567,45.59960873287482,0.759993478881247,1.6414069122810575
477,150,30,6,500,0,0.6629947941356025,107867346.53168562,48570500.00000087,21693886.54547697,0.9979563829992885,0.4466473794891257,50.91253448407396,0.8485422414012327,1.8688549391281357
478,150,30,6,500,0,0.597828541277569,128358092.91121656,64190499.9999986,21738311.328073587,0.9999999999999911,0.3386530924057931,42.78499216873375,0.7130832028122291,1.5818342180144327
479,150,30,6,500,0,0.6586011107529472,112996050.24455732,52427833.33333374,21738311.328073688,0.9999999999999957,0.4146330287933608,48.60169880375552,0.8100283133959253,1.800335847183561
480,150,25,6,500,0,0.8344950874797725,110881292.91122448,50807166.666667126,21738311.32807371,0.9999999999999967,0.42785915362478744,49.5286432527165,0.825477387545275,2.0022597979248777
481,150,25,6,500,0,0.6019612588436096,108264286.57789299,48803333.33333426,21738311.328073636,0.9999999999999934,0.44542677401966857,50.725868830704485,0.8454311471784081,1.8037338252377526
482,150,25,6,500,0,0.597584211949193,111777579.61097735,51599166.66666688,21670929.531955615,0.996900320586027,0.4199860372155014,49.13149863428127,0.8188583105713545,1.7524313522929487
483,150,25,6,500,0,0.546139895613696,112279583.57789053,51877833.33333372,21738311.328073587,0.9999999999999911,0.4190288979186375,48.91183085115587,0.8151971808525978,1.696560194801204
484,150,25,6,500,0,0.5832638114665596,105711927.24456055,46849000.000001125,21738311.328073643,0.9999999999999937,0.46400801144257336,51.95061846990007,0.8658436411650012,1.8203138617856196
485,150,25,6,500,0,0.5958765046983187,121327769.244553,58805999.99999943,21738311.328073647,0.9999999999999939,0.3696614516898592,45.264163630425884,0.7544027271737648,1.6460083932239709
486,150,25,6,500,0,0.8994267183692923,97250353.24455947,40370000.00000077,21738311.328073654,0.9999999999999941,0.5384768721345861,56.470746036156235,0.9411791006026039,2.271387316679565
487,150,25,6,500,0,0.5761021235343409,96471695.43103397,42159333.33333434,20217800.27543349,0.9300538560841826,0.4795569255230081,56.9265417743798,0.9487756962396633,1.9085233601924108
488,150,25,6,500,0,0.508259009811517,112569297.91122414,52099666.66666705,21738311.328073677,0.9999999999999951,0.417244729551824,48.78594876136666,0.8130991460227777,1.655153939475754
489,150,25,6,500,0,0.6060154720879788,105834038.24456063,46942500.00000112,21738311.328073695,0.9999999999999961,0.4630838009921325,51.89067800011168,0.8648446333351946,1.8413271462168792
490,150,35,6,500,0,0.7123174028943375,137552893.91121477,71232333.33333126,21738311.3280736,0.9999999999999916,0.30517477542605975,39.92500516597456,0.6654167527662427,1.621873976001428
491,150,35,6,500,0,0.6659012089763846,118663998.24455538,56769166.66666662,21738311.328073625,0.9999999999999928,0.3829246156758858,46.28025417348499,0.7713375695580832,1.7435784710751765
492,150,35,6,500,0,0.6521313337984169,115459655.58585516,54345500.00000047,21719261.063536808,0.999123654811569,0.3996515086536441,47.564666394802536,0.7927444399133756,1.764596980634708
493,150,35,6,500,0,0.673167810812043,128736958.57788399,64481999.99999874,21738311.32807358,0.9999999999999907,0.33712216320948485,42.6590783304667,0.7109846388411116,1.6538501802207426
494,150,35,6,500,0,0.6934820936471231,127633170.91121662,63636833.333332,21738311.328073625,0.9999999999999928,0.3415995138257049,43.02799938912566,0.7171333231520943,1.6838950278597813
495,150,35,6,500,0,0.6780158609156534,127885319.8731312,63842166.66666538,21730494.650953695,0.9996404193038679,0.34037840169826317,42.94316193170684,0.7157193655284473,1.6660379478027112
496,150,35,6,500,0,0.6316430248803881,126347413.91121832,62652333.33333241,21738311.32807361,0.9999999999999921,0.3469673062680389,43.4658678796463,0.7244311313274383,1.6336480012222576
497,150,35,6,500,0,0.7149523000659421,111299863.42118026,51965833.333333686,21205865.50569997,0.9755065692850673,0.40807323091838854,49.34237860848008,0.8223729768080014,1.8637838616086544
498,150,35,6,500,0,0.631680515919109,133616609.91121404,68218333.33333135,21738311.32807362,0.9999999999999926,0.31865790713260245,41.101177493196445,0.6850196248866074,1.5716264665117983
499,150,35,6,500,0,0.7550318680280653,124163781.91121957,60980333.33333271,21738311.32807367,0.9999999999999949,0.3564806904095948,44.23028934417272,0.7371714890695453,1.7773879094252865
500,150,30,4,500,0,0.7439982340524806,122075362.24455222,59379833.333332576,21738311.328073572,0.9999999999999905,0.3660891266912816,44.986964601410214,0.7497827433568369,1.7866522787623427
501,150,30,4,500,0,0.6567378187554059,115636999.91122366,54450000.00000032,21738311.328073613,0.9999999999999923,0.39923436782504107,47.491719814731795,0.7915286635788632,1.767653976594302
502,150,30,4,500,0,0.5746127461437728,115371542.0968821,54266666.66666662,21725610.263648704,0.9994157290217536,0.4003490834824703,47.60099327950662,0.793349887991777,1.688241900921526
503,150,30,4,500,0,0.5546416061377478,116063191.24455512,54776333.333333164,21738311.328073565,0.99999999999999,0.39685590482642075,47.31732723450887,0.7886221205751479,1.6607484505740322
504,150,30,4,500,0,0.6270714399264751,113585056.24455716,52878833.333333634,21738311.328073613,0.9999999999999923,0.4110966516799127,48.34967012012339,0.8058278353353898,1.7617765966057952
505,150,30,4,500,0,0.5962471992351389,115969812.24455568,54704833.33333334,21738311.328073606,0.9999999999999919,0.39737460117308826,47.35542719012911,0.7892571198354852,1.7034040000090949
506,150,30,4,500,0,0.5822143235233568,120531017.24455425,58197333.33333303,21738311.32807359,0.9999999999999912,0.37352761858631045,45.56337551567563,0.7593895919279272,1.6404260103203323
507,150,30,4,500,0,0.6629947941356025,107829037.19835246,48541166.66666757,21693886.545476966,0.9979563829992882,0.4469172876385314,50.93062261047352,0.8488437101745586,1.8693723344209863
508,150,30,4,500,0,0.597828541277569,128420345.57788321,64238166.6666653,21738311.328073587,0.9999999999999911,0.33840180154696275,42.76425184255078,0.7127375307091797,1.581287513224319
509,150,30,4,500,0,0.6586011107529472,112095780.91122432,51738500.000000484,21738311.32807367,0.9999999999999948,0.420157355317094,48.99203123754766,0.8165338539591276,1.81126084896575
510,150,30,6,400,0,0.788187467738912,115142327.26230843,60892333.33333298,17390649.06245897,0.9999999999999979,0.2855966935485979,38.15972895866853,0.6359954826444755,1.6526603052222657
511,150,30,6,400,0,0.6327209050322979,103941635.92897943,52316000.000000596,17390649.06245901,1.0000000000000002,0.33241549549772176,42.271799560689686,0.7045299926781614,1.6031832941086368
512,150,30,6,400,0,0.6204266662567678,112365630.01083758,58782166.66666651,17380488.210919004,0.999415729021757,0.29567620924008786,39.10270426620863,0.6517117377701439,1.5086793714189821
513,150,30,6,400,0,0.6038776286243492,108919454.9289775,56127500.00000009,17390649.062459003,0.9999999999999997,0.3098418611635824,40.33990073550258,0.672331678925043,1.5240827964802581
514,150,30,6,400,0,0.6425706468173629,107346353.09394437,54928500.00000024,17387131.329401903,0.9997977227276297,0.3165411640478409,40.93105982049299,0.6821843303415498,1.5779879083971853
515,150,30,6,400,0,0.6449247314299894,113561257.89318384,59684166.666666344,17389085.518067494,0.9999100928098833,0.29135173512909773,38.69101207150087,0.6448502011916812,1.5228563207249488
516,150,30,6,400,0,0.5615706419528439,112199691.59564105,58639166.666666076,17390649.06245898,0.9999999999999986,0.29657053554863766,39.160535448126836,0.6526755908021139,1.451502661193868
517,150,30,6,400,0,0.6962476730836974,109790992.26230966,56794833.33333317,17390649.06245899,0.9999999999999988,0.3062012518003522,40.01967656419802,0.6669946094033004,1.6082032839272795
518,150,30,6,400,0,0.5718239945983478,121087456.9289734,65444499.99999904,17390649.06245903,1.0000000000000013,0.2657312541536613,36.2861696119135,0.6047694935318917,1.3891784914531686
519,150,30,6,400,0,0.6301712867068289,104928101.26231241,53071333.333333716,17390649.06245905,1.0000000000000027,0.3276844196325498,41.87438776782807,0.6979064627971344,1.590225285210003
520,150,25,6,400,0,0.6675754217479735,108286789.92897823,55641666.66666696,17390649.062459037,1.0000000000000016,0.31254723491015024,40.57558639314869,0.6762597732191449,1.5938729828952385
521,150,25,6,400,0,0.5597845929512807,100792425.7353526,49927166.66666759,17375408.850829642,0.9991236548115813,0.34801511903998805,43.592561325358496,0.7265426887559749,1.5647393769392461
522,150,25,6,400,0,0.537661313281047,103484486.6775081,51980500.00000071,17380488.210919,0.9994157290217567,0.334365544981652,42.45853790329496,0.7076422983882493,1.512796047654618
523,150,25,6,400,0,0.5476730888046871,105178945.2623119,53262000.00000022,17390649.062459018,1.0000000000000007,0.3265113788903711,41.7745204521879,0.696242007536465,1.505124199453449
524,150,25,6,400,0,0.5709428536793366,88291611.40202008,40355333.3333342,17375408.850829583,0.9991236548115778,0.4305604096318341,49.76463709551768,0.8294106182586279,1.7448017996434317
525,150,25,6,400,0,0.5626045870192224,112505504.40201254,58895833.333332755,17375408.85082957,0.9991236548115772,0.2950193225468085,39.05408916082689,0.6509014860137815,1.4495215310704508
526,150,25,6,400,0,0.9018836091940106,93109110.92898168,44020166.6666676,17390649.06245898,0.9999999999999986,0.3950609545426213,47.18979653184896,0.7864966088641494,2.004428981692257
527,150,25,6,400,0,0.5863835353396083,97555387.9289816,47424666.66666776,17390649.062459014,1.0000000000000002,0.3667005017598144,45.039029553125246,0.7506504925520875,1.6303944292995474
528,150,25,6,400,0,0.548779050846937,107649897.26231073,55154000.00000006,17390649.06245903,1.000000000000001,0.3153107492196216,40.815645084115765,0.6802607514019294,1.4812884016245638
529,150,25,6,400,0,0.5927885591168816,98486783.59564821,48137833.333334394,17390649.06245903,1.0000000000000013,0.3612677982832349,44.61309263626055,0.7435515439376759,1.6253543416811453
530,150,35,6,400,0,0.6822026528768725,118471011.59563813,63442499.9999988,17390649.062458977,0.9999999999999982,0.2741167050866423,37.08755366246717,0.6181258943744529,1.5196219113206393
531,150,35,6,400,0,0.6597096334665772,108101153.92897762,55502333.33333356,17390649.062459037,1.0000000000000018,0.31333185504139105,40.64526455366724,0.677421075894454,1.587796193394144
532,150,35,6,400,0,0.6562317592896766,118246673.6775007,63286666.66666573,17380488.210919015,0.9994157290217577,0.2746311209984084,37.157916272413736,0.6192986045402289,1.495235260628632
533,150,35,6,400,0,0.6634846648968346,116292168.26230712,61774166.66666588,17390649.06245899,0.999999999999999,0.2815197679039384,37.78242392118273,0.6297070653530455,1.518407544573031
534,150,35,6,400,0,0.6959875769458971,120556475.92897305,65039333.333332285,17390649.062459,0.9999999999999996,0.26738664391485073,36.44598903661258,0.6074331506102096,1.5173300426879872
535,150,35,6,400,0,0.7307807261662289,116648823.06867853,62071166.66666601,17375408.850829575,0.9991236548115774,0.27992721554822436,37.66690382648004,0.627781730441334,1.5825042290461424
536,150,35,6,400,0,0.6401397547396606,118973821.59563796,63827499.99999864,17390649.06245897,0.9999999999999979,0.2724632652455343,36.93081335937429,0.6155135559895715,1.4736239229256594
537,150,35,6,400,0,0.757893823281562,118901991.59563915,63772499.999998994,17390649.06245898,0.9999999999999986,0.27269824865669773,36.95312366963874,0.615885394493979,1.591937816700899
538,150,35,6,400,0,0.7087896636242007,124940500.26230697,68396166.66666548,17390649.062458977,0.9999999999999982,0.2542635049594779,35.16713948459798,0.5861189914099664,1.4983194590017495
539,150,35,6,400,0,0.6837210314305621,109468318.26231134,56549166.666666865,17390649.062459085,1.0000000000000047,0.3075314825587001,40.13764045841503,0.6689606743069171,1.5987068917844391
540,150,30,4,400,0,0.7331004296359429,115039370.92897414,60813499.99999942,17390649.06245899,0.999999999999999,0.28596691626792003,38.19388062120709,0.6365646770201182,1.5984386396703971
541,150,30,4,400,0,0.6053218743355555,103302348.92897958,51826500.00000063,17390649.062458996,0.9999999999999992,0.3355551515625941,42.53339876153968,0.7088899793589947,1.5826559749446254
542,150,30,4,400,0,0.6204266662567678,110854805.67750403,57625333.333333135,17380488.210918996,0.9994157290217566,0.301611933598401,39.63562944472007,0.6605938240786677,1.5223100372141563
543,150,30,4,400,0,0.6038776286243492,108926637.92897725,56133000.00000005,17390649.062459,0.9999999999999996,0.309811502368642,40.33724058264666,0.672287343044111,1.5240141735633739
544,150,30,4,400,0,0.6425706468173629,107403817.0939442,54972500.00000019,17387131.3294019,0.9997977227276293,0.3162878044367972,40.90916057626538,0.6818193429377563,1.577420233304557
545,150,30,4,400,0,0.6488506714787248,113787134.59564248,59854666.66666645,17390649.062459014,1.0000000000000002,0.2905479226759107,38.61420727056662,0.6435701211761102,1.5248591307955635
546,150,30,4,400,0,0.5615706419528439,112228423.5956411,58661166.6666661,17390649.06245898,0.9999999999999986,0.2964593111705214,39.150509819427356,0.6525084969904559,1.4512465878797167
547,150,30,4,400,0,0.6920498362781496,104595288.92897865,52816500.0000004,17390649.062459007,1.0,0.32926545800003554,42.007628115865124,0.7001271352644187,1.6555893379425968
548,150,30,4,400,0,0.5733139152072718,123704463.26230451,67448333.33333164,17390649.062459033,1.0000000000000016,0.2578366017810097,35.518524426102,0.5919754071016999,1.3715586037337797
549,150,30,4,400,0,0.6301712867068289,105002325.59564576,53128166.666667014,17390649.062459044,1.0000000000000022,0.32733388245015543,41.844787485185016,0.6974131247530836,1.589451517420037
550,150,30,6,300,0,0.6858699989426379,102043883.94673,57683999.999999665,13042986.796844324,1.0000000000000044,0.22611099779565216,32.29786903956446,0.5382978173260743,1.405056614505234
551,150,30,6,300,0,0.5924094784467441,101050235.61339945,56923166.66666686,13042986.79684432,1.0000000000000042,0.2291331905904323,32.61546081504604,0.5435910135841007,1.3193070445031907
552,150,30,6,300,0,0.6279970385811842,97109162.94673319,53905500.000000246,13042986.7968443,1.0000000000000027,0.24196022292427008,33.939124795132145,0.5656520799188691,1.3872172968394694
553,150,30,6,300,0,0.6447122681646652,108683893.2181741,62786166.666665636,13031556.638122272,0.9991236548115836,0.20755458295944942,30.32464059218001,0.5054106765363335,1.3161666110685584
554,150,30,6,300,0,0.688550173445312,99201810.28006504,55507833.33333317,13042986.79684432,1.0000000000000042,0.23497560638908668,33.22318403963947,0.5537197339939912,1.4302503925505725
555,150,30,6,300,0,0.5704340809521287,108233235.61339603,62423166.66666575,13042986.796844326,1.0000000000000047,0.20894465137426838,30.45090522630628,0.5075150871051046,1.2451048891566479
556,150,30,6,300,0,0.5832075748587108,100647987.6133983,56615166.666666634,13042986.796844319,1.0000000000000042,0.23037972975753246,32.74581119952032,0.5457635199920053,1.313274878656742
557,150,30,6,300,0,0.6103157166427611,97803519.6133995,54437166.66666695,13042986.796844326,1.0000000000000047,0.2395970913899681,33.698173777669055,0.5616362296278176,1.3636296193825532
558,150,30,6,300,0,0.6049445263420831,103583440.28006269,58862833.333332725,13042986.796844332,1.000000000000005,0.2215827213580352,31.81782716512421,0.5302971194187368,1.3125078228472482
559,150,30,6,300,0,0.6301961530183402,94006106.94673383,51529500.00000037,13042986.796844296,1.0000000000000024,0.2531168902637169,35.059424403857946,0.5843237400642991,1.4170134052936127
560,150,25,6,300,0,0.6710753966934372,101054463.28006425,56924999.99999989,13042986.796844319,1.0000000000000042,0.2291258110995932,32.61409633007458,0.5435682721679097,1.3979443177410213
561,150,25,6,300,0,0.5209374140480791,90959953.94673613,49195666.666667566,13042986.796844324,1.0000000000000044,0.2651247087516668,36.2335275799495,0.6038921263324917,1.3369293073819044
562,150,25,6,300,0,0.5764922820054648,94335963.94673367,51780666.666667126,13042986.79684432,1.0000000000000042,0.25188912458016904,34.93683492608351,0.5822805821013919,1.360284163770992
563,150,25,6,300,0,0.5686455887746371,95969422.21817845,53049333.33333371,13031556.638122277,0.999123654811584,0.24564977200069468,34.342188624489935,0.5723698104081656,1.3375352167833585
564,150,25,6,300,0,0.6286901851204262,92420497.28006816,50314000.000000596,13042986.796844305,1.000000000000003,0.25923176048106195,35.66092043426808,0.594348673904468,1.4304242674097436
565,150,25,6,300,0,0.5133823747678637,99210826.61339852,55513333.3333333,13042986.79684432,1.0000000000000042,0.23495232611104233,33.22016469878801,0.5536694116464669,1.2550136473031646
566,150,25,6,300,0,0.5274654288501487,94783704.2800671,52123500.00000036,13042986.796844339,1.0000000000000058,0.25023236729774956,34.77179991047367,0.5795299985078944,1.3071813211962429
567,150,25,6,300,0,0.5879130112642117,89173781.28006943,47828000.00000099,13042986.796844319,1.0000000000000042,0.2727060884177479,36.959294006484164,0.6159882334414027,1.4220661154398129
568,150,25,6,300,0,0.548800911619074,97237895.94673248,54002666.66666682,13042986.796844332,1.000000000000005,0.24152486538030768,33.89419287522901,0.5649032145871502,1.3069240185104705
569,150,25,6,300,0,0.6181518455016597,91589663.61340155,49677833.33333386,13042986.796844311,1.0000000000000036,0.26255144239739736,35.98440992109674,0.5997401653516123,1.42793316477119
570,150,35,6,300,0,0.7614008340160451,107757324.28006154,62060166.6666656,13042986.796844324,1.0000000000000044,0.21016680259497447,30.58539196309485,0.5097565327182475,1.4392908088102723
571,150,35,6,300,0,0.6371547426220987,110194755.61339505,63926499.99999873,13042986.796844307,1.0000000000000033,0.20403098553564747,29.908864370668557,0.49848107284447596,1.2988606038950925
572,150,35,6,300,0,0.7054205154847012,101857686.94673018,57542833.33333297,13042986.796844333,1.0000000000000053,0.2266657034645684,32.35690990826885,0.5392818318044807,1.4260349100608367
573,150,35,6,300,0,0.715653500849056,120377855.28006262,71723666.66666532,13042986.796844326,1.0000000000000047,0.1818505299995525,27.378789830839107,0.45631316384731846,1.3174470886960163
574,150,35,6,300,0,0.7849526350458723,107244936.94672939,61667833.3333324,13042986.796844315,1.000000000000004,0.2115038925778893,30.73152070234408,0.5121920117057347,1.4663477608139184
575,150,35,6,300,0,0.6412040473920552,111979056.88484116,65310666.66666551,13031556.63812226,0.9991236548115828,0.1995318269316267,29.432289319862626,0.4905381553310438,1.2913676642684002
576,150,35,6,300,0,0.6627896771660915,105511962.55150913,60358833.33333294,13031556.638122238,0.999123654811581,0.21590140031625843,31.236268573727337,0.5206044762287889,1.3561152736478872
577,150,35,6,300,0,0.647430445714408,108027883.94672914,62267333.33333245,13042986.796844326,1.0000000000000047,0.20946756667773117,30.508789764180047,0.5084798294030007,1.3234843284595939
578,150,35,6,300,0,0.6406991698240299,117329868.94672816,69389833.33333136,13042986.796844337,1.0000000000000056,0.1879668269873066,28.090033932420123,0.46816723220700207,1.2592398636208773
579,150,35,6,300,0,0.6885189398520458,98996458.61339852,55351999.999999955,13042986.796844313,1.0000000000000038,0.23563713681247872,33.29210000198871,0.5548683333664785,1.4318969826685073
580,150,30,4,300,0,0.6858699989426379,102142051.61339709,57759166.66666642,13042986.796844333,1.0000000000000053,0.2258167412995523,32.26682789253587,0.5377804648755978,1.4043038568578776
581,150,30,4,300,0,0.5924094784467441,99582509.28006579,55799333.33333346,13042986.796844339,1.0000000000000058,0.23374807578664578,33.096173452818846,0.5516028908803141,1.3310108299563748
582,150,30,4,300,0,0.6279970385811842,95299046.94673407,52519500.000000514,13042986.796844326,1.0000000000000047,0.24834560109757706,34.58376663349148,0.5763961105581913,1.4030696300174372
583,150,30,4,300,0,0.6403944537008306,106936029.88484089,61447833.33333249,13031556.638122272,0.9991236548115836,0.21207512016625135,30.82029511988838,0.5136715853314731,1.3237261351653047
584,150,30,4,300,0,0.688550173445312,98277597.61339885,54800166.666666664,13042986.796844328,1.0000000000000049,0.23800998409696436,33.5356182897847,0.5589269714964117,1.4378851322192951
585,150,30,4,300,0,0.5704340809521287,108051266.28006268,62283833.333332434,13042986.796844326,1.0000000000000047,0.20941207531399825,30.502187650975564,0.508369794182926,1.2463335353862535
586,150,30,4,300,0,0.5832075748587108,100727000.61339799,56675666.66666659,13042986.796844328,1.0000000000000049,0.23013380457535001,32.72012449422242,0.5453354082370403,1.312650026756031
587,150,30,4,300,0,0.6103157166427611,97765210.28006628,54407833.33333364,13042986.796844324,1.0000000000000044,0.2397262672993334,33.711378419363896,0.5618563069893983,1.3639530374716262
588,150,30,4,300,0,0.6049445263420831,103585834.61339602,58864666.66666606,13042986.796844332,1.000000000000005,0.22157582018943678,31.817091712400778,0.5302848618733463,1.312490044366979
589,150,30,4,300,0,0.6301961530183402,93340482.28006755,51019833.333333775,13042986.796844298,1.0000000000000024,0.2556454214898948,35.30943830042545,0.5884906383404241,1.4232031285506803
590,150,30,6,200,0,0.7090418462290317,104606774.96448512,66467499.999998644,8695324.531229502,0.9999999999999999,0.13082069479414268,21.010111445899863,0.35016852409833105,1.1638669261626768
591,150,30,6,200,0,0.5692451294831786,89283041.63115317,54734166.66666678,8695324.5312295,0.9999999999999996,0.1588646554936036,24.616096851623507,0.4102682808603918,1.1066051347384533
592,150,30,6,200,0,0.6542032606383784,91763570.96448703,56633499.99999978,8695324.5312295,0.9999999999999996,0.1535367676592394,23.950680830092804,0.39917801383488005,1.17621068860065
593,150,30,6,200,0,0.6464668315395479,90283872.96448658,55500499.99999988,8695324.531229505,1.0000000000000002,0.15667110262483264,24.34321798384204,0.4057202997307007,1.1775240133701148
594,150,30,6,200,0,0.6488423407626703,90334153.96448779,55539000.00000021,8695324.5312295,0.9999999999999996,0.15656249718629192,24.32966827656348,0.40549447127605803,1.179586809787762
595,150,30,6,200,0,0.608317425528269,93112727.36767258,57678499.99999983,8687704.425414791,0.9991236548115778,0.1506229257940969,23.60364755852963,0.39339412597549384,1.1222098921390402
596,150,30,6,200,0,0.5846692577766817,92812288.96448572,57436499.99999959,8695324.531229502,0.9999999999999999,0.1513902227891596,23.68005384331142,0.3946675640551903,1.1004490000631997
597,150,30,6,200,0,0.67888069323145,94409309.29781905,58659333.33333271,8695324.531229507,1.0000000000000004,0.14823428834109262,23.279483944395,0.38799139907325003,1.1854595229775742
598,150,30,6,200,0,0.6100468766166837,99405035.3676723,62496499.999999285,8687704.425414795,0.9991236548115782,0.13901105542574216,22.10954396697243,0.36849239944954054,1.089748120406818
599,150,30,6,200,0,0.6410318040421412,84511135.2978221,51080333.33333367,8695324.531229496,0.9999999999999991,0.17022842185634598,26.00604041413982,0.43343400690233036,1.2106485484295484
600,150,25,6,200,0,0.6121837622845302,91087807.96448605,56114666.66666649,8695324.531229498,0.9999999999999994,0.15495636074756794,24.1283663435714,0.4021394390595233,1.1382882899421078
601,150,25,6,200,0,0.5436760512690934,80411475.631158,47939833.33333432,8695324.5312295,0.9999999999999996,0.18137994912851152,27.331919763307916,0.45553199605513195,1.1443120066270347
602,150,25,6,200,0,0.5591662731536359,81954218.77992788,49122333.33333413,8694542.759033743,0.9999100928098829,0.1769977557872577,26.81741138795752,0.4469568564659587,1.1477213342494008
603,150,25,6,200,0,0.5787705373354655,84443532.96448912,51027166.66666716,8695324.531229503,1.0,0.17040578772541592,26.02685987717066,0.43378099795284436,1.1488761654686426
604,150,25,6,200,0,0.5827184688576683,78759385.63115847,46674833.333334394,8695324.531229496,0.9999999999999991,0.1862957810503726,27.90524560834709,0.46508742680578485,1.1968425205037514
605,150,25,6,200,0,0.5579572345995292,85006201.2978221,51458000.00000054,8695324.531229505,1.0000000000000002,0.1689790611999964,25.85458432967653,0.4309097388279422,1.1240502223874684
606,150,25,6,200,0,0.5069607213056739,83520096.74925554,50325000.00000073,8692197.860381538,0.9996404193038758,0.17272126895939222,26.314624689651,0.43857707816085,1.0837148146340376
607,150,25,6,200,0,0.5708567172465745,91099779.63115375,56123833.33333339,8695324.531229503,1.0,0.15493105183293185,24.125195570159313,0.4020865928359886,1.0968881515489084
608,150,25,6,200,0,0.5719980434662438,88671925.63115332,54264833.33333338,8695324.53122951,1.0000000000000009,0.1602386665009476,24.785747962011573,0.41309579936685953,1.1132847760338616
609,150,25,6,200,0,0.6140502988304024,84323816.29782203,50935500.00000032,8695324.531229494,0.9999999999999988,0.17071246048884253,26.063810872098376,0.4343968478683063,1.1850171150897828
610,150,35,6,200,0,0.8144143940383142,111110345.29781795,71448666.66666469,8695324.531229515,1.000000000000001,0.1217003050847194,19.78033633240056,0.329672272206676,1.2414469103127657
611,150,35,6,200,0,0.6380190921299378,95367603.63115215,59394499.99999939,8695324.5312295,0.9999999999999996,0.14639949037755332,23.045561766449598,0.3840926961074933,1.1392313805394738
612,150,35,6,200,0,0.674159404133869,99516983.29781923,62571666.66666579,8695324.531229507,1.0000000000000002,0.13896584499741035,22.084672657557956,0.36807787762596594,1.1534099577577632
613,150,35,6,200,0,0.6811455594935697,107037584.29781672,68330166.66666442,8695324.5312295,0.9999999999999996,0.1272545488385528,20.53297460343403,0.34221624339056717,1.125165441954979
614,150,35,6,200,0,0.731455813670913,97910385.63115251,61341499.999999255,8695324.531229496,0.9999999999999991,0.14175272093492336,22.44705692692847,0.37411761544880784,1.2189756058676595
615,150,35,6,200,0,0.6598315608334934,98271929.96448596,61618333.33333257,8695324.531229502,0.9999999999999999,0.14111586699677495,22.3644737698166,0.3727412294969433,1.1454654839278566
616,150,35,6,200,0,0.6410037848531368,103146792.63115124,65350999.99999842,8695324.531229507,1.0000000000000004,0.13305572265504303,21.307497246756316,0.35512495411260525,1.1025733170897765
617,150,35,6,200,0,0.7058035257142244,100020585.7799229,62958499.99999877,8694542.75903375,0.9999100928098836,0.1380995855846934,21.97347658846809,0.36622460980780147,1.1825078039897807
618,150,35,6,200,0,0.615678863714834,103158764.29781806,65360166.66666524,8695324.531229502,0.9999999999999999,0.13303706178681243,21.305024492683714,0.35508374154472855,1.0771922546890127
619,150,35,6,200,0,0.7144142628834115,95281407.63115211,59328499.99999924,8695324.531229503,1.0,0.14656235251573216,23.06640985519438,0.3844401642532397,1.216104309149237
620,150,30,4,200,0,0.7090418462290317,104704942.63115184,66542666.66666531,8695324.531229502,0.9999999999999999,0.13067291959889915,20.990413105351436,0.34984021842252394,1.163420400330675
621,150,30,4,200,0,0.5692451294831786,89280647.29782,54732333.33333349,8695324.531229502,0.9999999999999997,0.15886997687953147,24.61675700746924,0.41027928345782066,1.1066203944446245
622,150,30,4,200,0,0.6542032606383784,90710064.29782031,55826833.333333194,8695324.531229503,1.0,0.1557552884884424,24.22884403194951,0.4038140671991585,1.1826215586282909
623,150,30,4,200,0,0.6464668315395479,89819372.2978201,55144833.333333336,8695324.531229505,1.0000000000000002,0.1576815814941171,24.469108876786706,0.40781848127977843,1.18043057801462
624,150,30,4,200,0,0.6488423407626703,90348519.9644878,55550000.00000021,8695324.5312295,0.9999999999999996,0.15653149471160158,24.325799701687007,0.4054299950281168,1.1794975315600684
625,150,30,4,200,0,0.608317425528269,92741605.70100604,57394333.333333224,8687704.425414791,0.9991236548115778,0.15136867911608246,23.698101659848216,0.3949683609974703,1.1243807298186053
626,150,30,4,200,0,0.5846692577766817,92843415.29781908,57460333.33333297,8695324.531229502,0.9999999999999999,0.15132742932045104,23.672114957748942,0.3945352492958157,1.1002664505288582
627,150,30,4,200,0,0.6107634768087075,89773879.96448627,55109999.99999999,8695324.531229507,1.0000000000000002,0.15778124716438954,24.48150843953085,0.4080251406588475,1.1450136151990666
628,150,30,4,200,0,0.5641131705421801,99135723.29781932,62278333.333332375,8695324.531229503,1.0,0.1396203794454407,22.169606746071373,0.3694934457678562,1.045302919866389
629,150,30,4,200,0,0.618150669906815,85315631.29782191,51696333.333333716,8695324.531229505,1.0000000000000002,0.16820002446136298,25.760812720565422,0.4293468786760904,1.1820575681519958
630,150,30,8,200,0,0.7090418462290317,104544522.29781839,66419833.33333194,8695324.531229502,0.9999999999999999,0.1309145791979256,21.02262224451202,0.3503770374085337,1.164150546995906
631,150,30,8,200,0,0.5692451294831786,89261492.63115369,54717666.66666688,8695324.5312295,0.9999999999999996,0.158912560804179,24.622039529203803,0.41036732548673005,1.1067425036132519
632,150,30,8,200,0,0.6542032606383784,91770753.96448699,56638999.99999976,8695324.5312295,0.9999999999999996,0.1535218582819177,23.94880618340015,0.39914676972333585,1.1761675169872485
633,150,30,8,200,0,0.6464668315395479,90925554.2978202,55991833.33333317,8695324.531229507,1.0000000000000004,0.15529629972042708,24.171422621205718,0.40285704368676195,1.1735609150026516
634,150,30,8,200,0,0.8651305620262603,81032168.96449071,48416500.000000775,8695324.531229496,0.9999999999999991,0.17959424021210446,27.122561670083186,0.45204269450138646,1.4608486486973302
635,150,30,8,200,0,0.608317425528269,94118347.36767222,58448499.99999964,8687704.425414795,0.9991236548115783,0.14863862075869952,23.351451246953157,0.38919085411588594,1.1164191762511146
636,150,30,8,200,0,0.6133265343922856,90473025.29781918,55645333.33333309,8695324.53122952,1.000000000000002,0.15626332003695234,24.292323515935056,0.4048720585989176,1.143209249020765
637,150,30,8,200,0,0.875468058571742,88634177.2978197,54237333.33333333,8695324.531229498,0.9999999999999994,0.16031991244461685,24.796303942836545,0.4132717323806091,1.4169957209080448
638,150,30,8,200,0,0.6014260084412155,97871515.29782024,61310333.33333278,8695324.531229502,0.9999999999999999,0.14182477991033998,22.455971927196153,0.37426619878660256,1.08915203115609
639,150,30,8,200,0,0.6410318040421412,84451276.96448871,51034500.000000305,8695324.531229496,0.9999999999999991,0.17038130149662373,26.024473270240335,0.43374122117067226,1.2110780664101126
640,150,25,8,200,0,0.6121837622845302,91025555.29781939,56066999.99999981,8695324.531229498,0.9999999999999994,0.15508810050884708,24.14486781002533,0.40241446350042215,1.13866870619203
641,150,25,8,200,0,0.5436760512690934,80983721.29782465,48378000.00000098,8695324.531229492,0.9999999999999987,0.17973716423228153,27.13878745973404,0.45231312432890064,1.1397789069838193
642,150,25,8,200,0,0.5591662731536359,81999711.11326113,49157166.666667424,8694542.759033743,0.9999100928098829,0.17687233314301973,26.802533449957092,0.4467088908326182,1.14737303050067
643,150,25,8,200,0,0.5787705373354655,84386068.96448907,50983166.66666711,8695324.531229503,1.0,0.17055285302461454,26.044583270312867,0.4340763878385478,1.149289207593705
644,150,25,8,200,0,0.7573155844097521,82939891.63115637,49875833.33333383,8695324.531229502,0.9999999999999999,0.17433943355124057,26.498708363086365,0.44164513938477273,1.3384322706355174
645,150,25,8,200,0,0.5641315031840075,88803613.96448715,54365666.666666776,8695324.531229507,1.0000000000000002,0.15994146792208605,24.748992770484627,0.41248321284141043,1.1045678903630867
646,150,25,8,200,0,0.819032341025515,71933141.29782459,41448000.000000864,8695324.531229507,1.0000000000000004,0.20978876016283843,30.55337164966082,0.5092228608276803,1.4960862099834662
647,150,25,8,200,0,0.8659120532351053,82015678.96448958,49168166.66666736,8695324.531229496,0.9999999999999991,0.17684866287935705,26.79731519325206,0.44662191988753436,1.4540129034261253
648,150,25,8,200,0,0.9398519610100571,75076900.96449095,43855166.66666744,8695324.53122951,1.0000000000000009,0.19827366288037576,29.27398403191271,0.48789973386521185,1.5863706251795695
649,150,25,8,200,0,0.6140502988304024,85379717.29782128,51744000.00000009,8695324.531229498,0.9999999999999994,0.1680450782937052,25.741476659305867,0.42902461098843114,1.1775109724537978
650,150,35,8,200,0,0.8144143940383142,113056938.29781835,72939166.66666485,8695324.531229515,1.000000000000001,0.11921337915701072,19.43976223918679,0.32399603731977983,1.2337811346837027
651,150,35,8,200,0,0.6380190921299378,95346054.63115278,59377999.99999955,8695324.5312295,0.9999999999999996,0.1464401719699142,23.050770254754774,0.3841795042459129,1.139350733951782
652,150,35,8,200,0,0.674159404133869,99524166.29781921,62577166.66666579,8695324.531229507,1.0000000000000002,0.13895363108316336,22.083078731081603,0.3680513121846934,1.1533736211850931
653,150,35,8,200,0,0.6811455594935697,108677702.63115048,69585999.99999782,8695324.5312295,0.9999999999999996,0.1249579589461928,20.223099557590764,0.33705165929317943,1.1181635859437034
654,150,35,8,200,0,0.731455813670913,97951089.29781923,61372666.666665934,8695324.531229496,0.9999999999999991,0.14168073514642132,22.437729031451738,0.3739621505241956,1.2187625523122456
655,150,35,8,200,0,0.6598315608334934,99277549.96448553,62388333.333332404,8695324.531229507,1.0000000000000002,0.1393742077508557,22.137935523048434,0.3689655920508072,1.1402965190849852
656,150,35,8,200,0,0.6410037848531368,103115666.29781786,65327166.66666506,8695324.531229507,1.0000000000000004,0.1331042654214258,21.31392909446302,0.35523215157438365,1.1027193487646612
657,150,35,8,200,0,0.7058035257142244,99999036.77992284,62941999.99999874,8694542.75903375,0.9999100928098836,0.13813578785284747,21.978211698547682,0.36630352830912805,1.1826156843056306
658,150,35,8,200,0,0.615678863714834,103127637.96448478,65336333.33333183,8695324.531229502,0.9999999999999999,0.13308559093556474,21.311454847408424,0.35519091412347376,1.0773382505867597
659,150,35,8,200,0,0.723184397076338,98635868.63115267,61896999.999999106,8695324.53122951,1.0000000000000009,0.14048054883483266,22.28195513965249,0.3713659189942081,1.2069347551384122
660,150,40,8,200,0,0.7880066213330585,117901235.63115092,76649833.33333102,8695324.531229515,1.000000000000001,0.11344218445219202,18.641026009903115,0.31068376683171856,1.1894441357265306
661,150,40,8,200,0,0.7528622548622289,101459348.63115227,64060333.333332494,8695324.531229505,1.0000000000000002,0.1357364858840825,21.661877684528946,0.3610312947421491,1.2224827383116441
662,150,40,8,200,0,0.7385290313171247,101782583.63115254,64307833.33333215,8695324.5312295,0.9999999999999996,0.13521408015969533,21.593085197803138,0.359884753296719,1.2065850487415999
663,150,40,8,200,0,0.7186783429125475,105297464.96448398,66999166.66666475,8695324.531229502,0.9999999999999997,0.12978257736384408,20.87229736006751,0.3478716226677918,1.1703760274714146
664,150,40,8,200,0,0.790172256817952,101188788.96448562,63853166.66666566,8695324.531229502,0.9999999999999997,0.136176872427047,21.719797444866796,0.36199662408111327,1.261110378840703
665,150,40,8,200,0,0.6984102556080087,107624756.96448435,68781166.66666482,8695324.531229505,1.0000000000000002,0.12642013726475132,20.420952037320404,0.34034920062200674,1.1398955660418166
666,150,40,8,200,0,0.7105045166253126,107021384.96448511,68319166.6666652,8695324.531229502,0.9999999999999999,0.12727503796489062,20.53608258507715,0.34226804308461917,1.1545925900818443
667,150,40,8,200,0,0.787399882880974,115391974.29781711,74728499.99999778,8695324.531229502,0.9999999999999997,0.11635887956040547,19.046385273967672,0.3174397545661279,1.1979267410954262
668,150,40,8,200,0,0.7471508081027829,121818364.96448217,79649166.66666293,8695324.531229513,1.000000000000001,0.10917031395469616,18.041614666563607,0.3006935777760601,1.1351806370426
669,150,40,8,200,0,0.7854742876567593,103595093.9644858,65695666.66666542,8695324.531229503,1.0,0.13235765724623647,21.215290376139283,0.3535881729356547,1.2449485863894032
670,150,35,10,200,0,0.8144143940383142,113032994.96448496,72920833.3333315,8695324.531229515,1.000000000000001,0.11924335109394527,19.443880087319194,0.3240646681219866,1.233873743035457
671,150,35,10,200,0,0.6380190921299378,95925483.29781912,59821666.66666607,8695324.531229505,1.0000000000000002,0.1453541002072202,22.911534291430225,0.38185890485717044,1.1361612771528844
672,150,35,10,200,0,0.674159404133869,101552166.63115329,64129999.99999917,8695324.531229507,1.0000000000000002,0.13558903058209293,21.64207887343861,0.3607013145573102,1.1433319431568536
673,150,35,10,200,0,0.6811455594935697,108711223.29781711,69611666.66666447,8695324.5312295,0.9999999999999996,0.12491188542959429,20.216863846514467,0.33694773077524115,1.1180227986124862
674,150,35,10,200,0,0.9241706552211167,84444654.9644891,51030833.33333405,8695324.531229509,1.0000000000000007,0.17039354373132687,26.026514063255096,0.4337752343875849,1.4942607245937631
675,150,35,10,200,0,0.6598315608334934,99267972.63115215,62380999.99999902,8695324.531229507,1.0000000000000002,0.1393905921871987,22.14007138199868,0.369001189699978,1.1403452242832304
676,150,35,10,200,0,0.8949566893928589,94390715.63115205,58646499.99999919,8695324.531229507,1.0000000000000002,0.14826672574202426,23.284069681050852,0.3880678280175142,1.4016378980039925
677,150,35,10,200,0,0.8791897383120757,98336576.96448556,61667833.333332434,8695324.531229509,1.0000000000000007,0.14100259505192553,22.34977124324492,0.37249618738741536,1.3644880017410315
678,150,35,10,200,0,0.615678863714834,103151581.29781808,65354666.66666514,8695324.531229502,0.9999999999999999,0.13304825767957973,21.306508076250783,0.35510846793751305,1.077225937796011
679,150,35,10,200,0,0.723184397076338,98583193.29781935,61856666.666665785,8695324.53122951,1.0000000000000009,0.1405721484813758,22.293860915627445,0.3715643485937907,1.2072064644552294
680,150,35,8,300,0,0.7614008340160451,107730986.61339495,62039999.99999894,13042986.796844324,1.0000000000000044,0.21023511922702362,30.592869364757217,0.509881156079287,1.4394700854769509
681,150,35,8,300,0,0.6371547426220987,110125319.94672854,63873333.333332084,13042986.796844307,1.0000000000000033,0.20420081614932517,29.927722358439397,0.4987953726406566,1.2993107681822154
682,150,35,8,300,0,0.7054205154847012,102178527.61339672,57788499.99999958,13042986.796844337,1.0000000000000056,0.2257021171486443,32.255309182669066,0.5375884863778178,1.4235706955814345
683,150,35,8,300,0,0.6660886430542966,123052325.61339495,73771499.99999824,13042986.796844326,1.0000000000000047,0.17680251583395534,26.783727845621744,0.44639546409369574,1.2539261198151566
684,150,35,8,300,0,0.7849526350458723,107264091.61339603,61682499.99999907,13042986.796844315,1.000000000000004,0.2114536018618654,30.72603282633303,0.5121005471055505,1.4662160636409152
685,150,35,8,300,0,0.6555043315275458,113558793.94672957,66502333.33333223,13042986.796844326,1.0000000000000047,0.19612825810890658,29.022851383452167,0.48371418972420277,1.296121127738874
686,150,35,8,300,0,0.6768995256589019,108877872.28006367,62918166.666665904,13042986.796844307,1.0000000000000033,0.20730080814249938,30.27061358732563,0.5045102264554272,1.3472503986283286
687,150,35,8,300,0,0.647430445714408,108006334.94672912,62250833.333332434,13042986.796844332,1.000000000000005,0.2095230874581789,30.514876758160103,0.5085812793026684,1.3236301949836196
688,150,35,8,300,0,0.6406991698240299,118457599.94672826,70253333.33333127,13042986.796844326,1.0000000000000047,0.1856564831587309,27.8226133357603,0.4637102222626716,1.2529345786136863
689,150,35,8,300,0,0.6885189398520458,98943783.28006521,55311666.66666661,13042986.796844313,1.0000000000000038,0.2358089636938137,33.30982392972661,0.5551637321621102,1.432329842969207
690,150,40,8,300,0,0.8091825626318049,121221221.61339325,72370833.333331,13042986.79684434,1.000000000000006,0.18022435553242805,27.188308747714025,0.4531384791285671,1.4065005261863144
691,150,40,8,300,0,0.7367868411424239,114711029.28006268,67385999.99999881,13042986.796844324,1.0000000000000044,0.1935563291610209,28.731326191428618,0.4788554365238103,1.3704873409950509
692,150,40,8,300,0,0.7858923200617282,119138151.61339416,70775833.33333108,13042986.79684432,1.0000000000000042,0.1842858809647088,27.66368250109286,0.46106137501821437,1.3943823998517095
693,150,40,8,300,0,0.750978412809131,124080055.61339428,74559833.33333124,13042986.79684432,1.0000000000000042,0.17493315386762784,26.56188364606296,0.442698060767716,1.3336229966709494
694,150,40,8,300,0,0.8174975613092148,113528228.61339585,66480333.333332136,13042986.796844296,1.0000000000000024,0.1961931618400108,29.03066523854059,0.4838444206423432,1.4582965114235666
695,150,40,8,300,0,0.7320561665789199,121042169.55150662,72251666.66666466,13031556.63812226,0.9991236548115828,0.18036340529338593,27.228527150593997,0.4538087858432333,1.330155676656862
696,150,40,8,300,0,0.7026783876719934,109734355.92479154,63587333.333332345,13035366.158189297,0.9994157290217597,0.20499941536872388,30.034349518202276,0.500572491970038,1.3672504119370106
697,150,40,8,300,0,0.734145490943534,110836997.9467277,64419666.66666521,13042986.796844332,1.000000000000005,0.20246902028124888,29.73555817150589,0.4955926361917648,1.391713343360298
698,150,40,8,300,0,0.7358796515832847,129699555.94672684,78862666.66666391,13042986.796844313,1.0000000000000038,0.1653886096950577,25.4110353419693,0.42351725569948834,1.2917077950388192
699,150,40,8,300,0,0.7361475832221721,108193653.94672973,62395666.66666582,13042986.796844315,1.000000000000004,0.2090367407487351,30.46204541370533,0.5077007568950889,1.4110777327162491
700,150,35,8,400,0,0.6822026528768725,118430307.92897134,63411333.33333208,17390649.062458977,0.9999999999999982,0.2742514334313423,37.100300394686,0.6183383399114334,1.5199421395333799
701,150,35,8,400,0,0.6670836637533137,110189012.59564367,57101000.00000008,17390649.062459037,1.0000000000000018,0.30455944838897764,39.87511909307833,0.6645853182179722,1.575316540682468
702,150,35,8,400,0,0.6854808677499632,119323394.26230493,64095166.666665375,17390649.06245899,0.999999999999999,0.2713254363297182,36.822619966217566,0.6137103327702927,1.5162515495840305
703,150,35,8,400,0,0.6634846648968346,116234704.26230708,61730166.66666587,17390649.062458992,0.9999999999999991,0.2817204294355145,37.80110275915963,0.6300183793193272,1.5188793877645734
704,150,35,8,400,0,0.7152694295222126,111161111.928976,57845333.33333312,17390649.062459003,0.9999999999999997,0.3006404848986792,39.52641282328413,0.6587735470547356,1.6145553644958914
705,150,35,8,400,0,0.7307807261662289,116641640.06867838,62065666.666665934,17375408.850829575,0.9991236548115774,0.2799520215282166,37.669223421523725,0.6278203903587287,1.582562733747531
706,150,35,8,400,0,0.6777635524218949,116940931.73534511,62294833.33333263,17375408.850829605,0.999123654811579,0.27892215005786675,37.57281505113906,0.626213584185651,1.5271148566538393
707,150,35,8,400,0,0.757893823281562,119541278.59563923,64261999.99999899,17390649.062459018,1.0000000000000007,0.2706210367318056,36.755504471911195,0.6125917411985199,1.5869823938655263
708,150,35,8,400,0,0.7110476681478345,125668377.59564036,68953499.99999876,17390649.062458977,0.9999999999999982,0.2522083587121653,34.963449708388914,0.5827241618064819,1.4955385169240487
709,150,35,8,400,0,0.7164107646741736,109774792.92897785,56783833.3333335,17390649.062459085,1.0000000000000047,0.3062605682214545,40.02558221943268,0.6670930369905447,1.628512256241882
710,150,40,8,400,0,0.8173919506395425,139182555.9289705,79302666.66666396,17390649.062459018,1.0000000000000007,0.21929463148519107,31.568611243511747,0.5261435207251958,1.518971176552891
711,150,40,8,400,0,0.7747019339548935,123767837.92897207,67499666.66666526,17390649.062459014,1.0000000000000004,0.2576405176686212,35.50033735356608,0.5916722892261014,1.5724866373158919
712,150,40,8,400,0,0.7450569676352943,128384112.59563692,71034333.33333097,17390649.06245899,0.9999999999999988,0.2448203318929283,34.223860812426736,0.5703976802071122,1.5113109133567493
713,150,40,8,400,0,0.7131131545951692,126238789.92896986,69391666.66666433,17390649.06245901,1.0000000000000002,0.2506158145184522,34.805466706962555,0.5800911117827092,1.4936969179926403
714,150,40,8,400,0,0.7575028928364704,117592852.26230651,62771499.999999225,17390649.062459007,1.0,0.27704689329487464,37.36451591631644,0.6227419319386074,1.6018823394109776
715,150,40,8,400,0,0.7432830028527438,129289170.59563676,71727333.33333097,17390649.062458996,0.9999999999999994,0.2424549785176209,33.98428483807044,0.566404747301174,1.5036517329680146
716,150,40,8,400,0,0.7415884226329645,127711304.92897238,70519166.66666497,17390649.06245899,0.9999999999999988,0.24660882827306152,34.4041586799512,0.5734026446658533,1.512278129917267
717,150,40,8,400,0,0.7723798948144244,123073481.26230419,66967999.99999827,17390649.062459018,1.0000000000000007,0.25968595541840084,35.70062335878496,0.5950103893130827,1.5751390484622276
718,150,40,8,400,0,0.7574398842459183,129214946.26230423,71670499.99999769,17390649.06245903,1.000000000000001,0.24264724067028398,34.00380627083695,0.5667301045139491,1.5182877812960947
719,150,40,8,400,0,0.7539873342221345,123293759.92897336,67136666.66666552,17390649.062459048,1.0000000000000024,0.2590335494135248,35.63684003579066,0.5939473339298443,1.5551615076827987
720,150,35,8,500,0,0.7123174028943375,137584020.2445479,71256166.6666645,21738311.3280736,0.9999999999999916,0.30507270240574624,39.9159727287997,0.6652662121466617,1.6216417769655962
721,150,35,8,500,0,0.6659012089763846,119439762.24455586,57363166.666666806,21738311.328073673,0.999999999999995,0.3789594018474158,45.97966285930312,0.7663277143217186,1.735396444776036
722,150,35,8,500,0,0.6521313337984169,115423740.58585516,54318000.000000484,21719261.063536815,0.9991236548115693,0.39985384335830887,47.57946651291428,0.7929911085485714,1.7650055170336354
723,150,35,8,500,0,0.673167810812043,128732169.91121724,64478333.33333203,21738311.32807358,0.9999999999999908,0.33714133421677595,42.660665191828365,0.7110110865304727,1.6538919647159367
724,150,35,8,500,0,0.6934820936471231,127305147.24455062,63385666.66666552,21738311.328073647,0.9999999999999938,0.3429531070863661,43.13886845007424,0.7189811408345707,1.6868257201507868
725,150,35,8,500,0,0.6780158609156534,129525438.2064643,65097999.99999863,21730494.650953695,0.9996404193038679,0.3338120165128599,42.399393324159526,0.7066565554026588,1.6517220295286
726,150,35,8,500,0,0.6316430248803881,126321076.24455181,62632166.66666577,21738311.32807361,0.9999999999999921,0.34707902480472896,43.474930417534814,0.7245821736255802,1.6338884183497515
727,150,35,8,500,0,0.7149523000659421,111278314.42117994,51949333.33333358,21205865.505699966,0.9755065692850671,0.4082028419812868,49.35193373988355,0.8225322289980591,1.8640468026490309
728,150,35,8,500,0,0.631680515919109,134270262.9112139,68718833.33333121,21738311.328073617,0.9999999999999925,0.3163370254356417,40.90108919821992,0.681684819970332,1.5664349562379545
729,150,35,8,500,0,0.7338989291358483,122454227.9112208,59671333.333333,21738311.32807368,0.9999999999999954,0.36430074733943385,44.84777776706534,0.7474629627844223,1.7728024897918175
730,150,40,8,500,0,0.7589342257547288,139567089.24454635,72775999.99999742,21738311.32807359,0.9999999999999912,0.2987016506550836,39.348818046763085,0.6558136341127181,1.6537091803915138
731,150,40,8,500,0,0.7473394934117342,125581788.24455157,62067499.999999136,21738311.32807362,0.9999999999999927,0.35023661865024247,43.73086318300826,0.7288477197168043,1.7563765080487324
732,150,40,8,500,0,0.7166361545883384,135333183.25251338,69563999.99999851,21719261.06353692,0.9991236548115741,0.31221984163557853,40.57984795756297,0.6763307992927161,1.6427428271895175
733,150,40,8,500,0,0.7093192750764234,135700240.91121626,69815166.66666514,21738311.32807363,0.9999999999999929,0.31136946835440393,40.47008290569716,0.6745013817616193,1.632916231521566
734,150,40,8,500,0,0.8015614792596953,131876490.57788286,66887333.33333192,21738311.328073617,0.9999999999999925,0.32499892348437787,41.64351034771193,0.6940585057951989,1.7556191238423966
735,150,40,8,500,0,0.7529610430167927,137526392.58584458,71243333.33333102,21719261.063536823,0.9991236548115696,0.30486025916161785,39.93269871142729,0.6655449785237882,1.6623942288698752
736,150,40,8,500,0,0.6879068000321177,131744802.24454981,66786499.99999866,21738311.328073606,0.999999999999992,0.325489602360867,41.68513600867462,0.6947522668112437,1.6430507487320551
737,150,40,8,500,0,0.7215414445875319,126427771.94981001,62718333.33333185,21736356.89758418,0.9999100928098735,0.34657102225693753,43.438240786052646,0.7239706797675441,1.7227689421606263
738,150,40,8,500,0,0.6962186150604841,149711879.5778799,80543833.33332987,21738311.328073576,0.9999999999999906,0.26989417350065503,36.68245977195934,0.6113743295326556,1.5235082833936637
739,150,40,8,500,0,0.8194840441211856,131021713.57788342,66232833.33333203,21738311.32807366,0.9999999999999946,0.3282104997482229,41.915189856950704,0.698586497615845,1.7806389415356088
740,150,35,8,600,0,0.70538536275718,143250452.89346015,68773833.3333316,26085973.593688197,0.9999999999999872,0.3793008522188262,46.0019488029196,0.7666991467153267,1.7755251912475676
741,150,35,8,600,0,0.6878846008892873,128343333.56013516,57359500.00000027,26085973.593688264,0.9999999999999898,0.4547803518804756,51.34508990225312,0.8557514983708854,1.9074603807645532
742,150,35,8,600,0,0.6774558559071859,128649808.2267997,57594166.66666634,26085973.593688175,0.9999999999999865,0.45292735538069523,51.2227735962318,0.8537128932705299,1.893510633482272
743,150,35,8,600,0,0.6472741983463894,137981571.10301933,64775333.333332084,26063113.276244164,0.9991236548115691,0.402361700589391,47.75855172050437,0.7959758620084062,1.7651394208263085
744,150,35,8,600,0,0.7435929543580398,136833639.56013057,63860499.999999136,26085973.593688242,0.999999999999989,0.40848370422543817,48.15921012686474,0.8026535021144123,1.8730334198528027
745,150,35,8,600,0,0.6628258162887263,133942330.76968826,61682499.9999993,26063113.276244078,0.9991236548115657,0.42253659103059005,49.19878549322139,0.8199797582203565,1.8208348473335547
746,150,35,8,600,0,0.6286729071562275,134762541.22679576,62274666.66666547,26085973.59368817,0.9999999999999862,0.41888580043819856,48.89934502578009,0.8149890837630015,1.7787706312697877
747,150,35,8,600,0,0.8562729148530133,121668179.67274415,52803666.66666711,25732027.49605109,0.986431555013033,0.48731516427617166,54.16206618464131,0.9027011030773552,2.1488261493513057
748,150,35,8,600,0,0.6509833577977595,140056412.22679365,66328166.66666493,26085973.593688205,0.9999999999999877,0.3932865161912946,47.05104104287009,0.7841840173811682,1.7497965881319635
749,150,35,8,600,0,0.7560706056181614,144749305.56012768,69921499.99999844,26085973.593688216,0.999999999999988,0.3730751427484937,45.525607010685455,0.7587601168447576,1.813290836661714
750,150,40,8,600,0,0.7655408320989793,149859373.89345738,73835666.66666411,26085973.59368819,0.999999999999987,0.3532977322661012,43.973225223034916,0.7328870870505819,1.781066104962442
751,150,40,8,600,0,0.7410384468454019,132742284.89346614,60729166.66666642,26085973.593688264,0.9999999999999898,0.42954604888406234,49.64356312902645,0.8273927188171074,1.9120680047697594
752,150,40,8,600,0,0.7287697063790597,133867621.56013042,61590833.333332516,26085973.593688257,0.9999999999999896,0.423536623583411,49.226242486425335,0.8204373747737556,1.8880363800195439
753,150,40,8,600,0,0.7525491131347692,140871046.56012613,66953333.33333137,26085973.59368819,0.999999999999987,0.3896142625762564,46.77895253079818,0.7796492088466364,1.8438897320424106
754,150,40,8,600,0,0.8175225694739279,141194281.56012872,67200833.3333321,26085973.593688298,0.9999999999999911,0.3881793171268527,46.67186182886366,0.7778643638143944,1.9059303869898043
755,150,40,8,600,0,0.7456693169946779,140867450.74580407,66951499.99999848,26085387.219364055,0.9999775214705954,0.3896161731905132,46.780146620892026,0.7796691103482004,1.8370313658952888
756,150,40,8,600,0,0.6833870309812845,141950890.89345852,67780166.66666456,26085973.59368817,0.9999999999999862,0.38486145544575207,46.42309716073558,0.7737182860122597,1.7649944813501457
757,150,40,8,600,0,0.8764862401509532,131657651.89346482,59898666.66666604,26085973.59368823,0.9999999999999886,0.43550174061228697,50.05254085294151,0.8342090142156918,2.0590966468564744
758,150,40,8,600,0,0.6881977848120489,145434645.89345786,70447666.66666436,26085973.593688205,0.9999999999999877,0.3702886813429694,45.311073984582315,0.7551845664097052,1.7396132962961297
759,150,40,8,600,0,0.7557983962019004,142233422.22679338,67996499.9999983,26085973.593688324,0.9999999999999921,0.3836370047530237,46.33088269149893,0.7721813781916488,1.8348893781959683
760,150,35,8,700,0,0.7418162348264333,145986224.78881502,64300499.999998875,30272379.268986296,0.9947013695286853,0.4707953945768202,52.661133001563954,0.8776855500260659,1.9961381005139553
761,150,35,8,700,0,0.6812822264202792,141984428.17774624,61306666.666666396,30227552.3886841,0.9932284308200331,0.4930548997719264,54.14537424044744,0.9024229040074573,1.9781490502452779
762,150,35,8,700,0,0.7113339922012253,149313805.17774186,66746166.66666538,30337552.38868417,0.9968428527217934,0.45452126921673036,51.487536539896695,0.8581256089982783,1.9330766165728879
763,150,35,8,700,0,0.6711281300810985,150097446.28683746,67395166.66666539,30306340.63128823,0.9958172849079368,0.4496812179600734,51.21872616878871,0.8536454361464786,1.8845185405956357
764,150,35,8,700,0,0.7400290725086562,141716823.12017357,60923499.99999929,30341173.964621667,0.9969618518434968,0.4980208616481656,54.24761740164659,0.9041269566941099,2.0425727185212987
765,150,35,8,700,0,0.6853995284061705,142328405.12344468,61775999.999998964,30096282.31175318,0.988915108628173,0.4871840571055699,54.01451659162621,0.9002419431937702,1.9753887172843965
766,150,35,8,700,0,0.6663831813083307,140539030.0110774,60081999.99999917,30302719.055350885,0.9956982857862382,0.5043560310134699,54.702241785744796,0.9117040297624133,1.9815720358815199
767,150,35,8,700,0,0.6913510614817043,140613392.33411294,60631999.999999404,29988449.813298453,0.985371907317845,0.4945977340892391,54.67331292123967,0.9112218820206611,1.998251130773757
768,150,35,8,700,0,0.6778714444308501,154057673.6201676,70427499.9999979,30306340.631288216,0.9958172849079362,0.430319699425496,49.90209068685816,0.8317015114476359,1.8538287154188828
769,150,35,8,700,0,0.6991311537719981,144423797.34441125,63119833.33333268,30262385.72201747,0.994372997755591,0.4794433718194933,53.23083966326339,0.8871806610543899,1.9698665122819827
770,150,40,8,700,0,0.8903519440094038,158576341.62016898,73888833.33333173,30306340.63128815,0.9958172849079341,0.4101613094169233,48.480119552853935,0.8080019925475656,2.026482984090508
771,150,40,8,700,0,0.7813889249318796,152486535.17774117,69349499.99999855,30227552.388684195,0.9932284308200361,0.43587267952450737,50.4162547272712,0.8402709121211867,1.970357980672672
772,150,40,8,700,0,0.776105089010495,149903372.1777403,67198999.99999835,30337552.388684224,0.9968428527217953,0.4514583905814814,51.285037076314616,0.854750617938577,1.992022419414257
773,150,40,8,700,0,0.7254132645042972,160427161.28683197,75305999.99999736,30306340.63128821,0.9958172849079361,0.4024425760402793,47.92081302401642,0.7986802170669403,1.846047542403461
774,150,40,8,700,0,0.7773327990982538,143712285.86465633,62494666.666665904,30314503.59427007,0.9960855066550712,0.4850734504427648,53.49438256963031,0.8915730428271719,2.0569646022796375
775,150,40,8,700,0,0.7302682334628083,151208977.95350182,68247666.66666481,30306340.63128831,0.9958172849079393,0.4440641286582076,50.842219185980284,0.847370319766338,1.9328898561557124
776,150,40,8,700,0,0.6934308328521884,148706662.0110742,66337333.33333176,30302719.05535093,0.9956982857862398,0.4567973648124482,51.697751102956566,0.8616291850492761,1.9204979097514232
777,150,40,8,700,0,0.7386438875932403,150725322.62017107,67877333.33333215,30306340.63128821,0.9958172849079361,0.4464869072339623,51.0053643698167,0.8500894061636116,1.945922819544022
778,150,40,8,700,0,0.707013883773596,164387388.62016255,78338333.33332986,30306340.63128823,0.9958172849079368,0.3868647613721197,46.766361242975975,0.7794393540495996,1.7959450469208915
779,150,40,8,700,0,0.7654423230842238,151427783.34440833,68484166.66666533,30262385.72201745,0.9943729977555903,0.4418887926214289,50.76875478335979,0.8461459130559965,1.9650992702373635
780,150,35,8,800,0,0.8102732522545234,166658608.250749,73723833.33333093,34355107.49182987,0.9877465576023796,0.4659973028870943,52.71734890994156,0.8786224818323594,2.061693576396558
781,150,35,8,800,0,0.6555746668793215,150383706.75075787,61293833.333332956,34334940.82516305,0.9871667440889682,0.5601695791881717,58.42255248144243,0.9737092080240405,2.0774195382538996
782,150,35,8,800,0,0.6621823693457474,147177727.77682734,59161666.6666665,34129294.506341726,0.9812541896442565,0.5768818971689182,59.695173534152744,0.9949195589025457,2.118607445983428
783,150,35,8,800,0,0.6198120135792361,154352698.4230528,64205166.66666503,34416341.67385353,0.9895071066711273,0.5360369493709656,56.92028769020749,0.9486714615034582,1.9973130345794667
784,150,35,8,800,0,0.9305431102887439,142825927.35669148,55777333.33333328,34162549.22239699,0.9822102987559933,0.6124808624004437,61.51404134109674,0.9750816944142219,2.395609494623321
785,150,35,8,800,0,0.6341181332751455,146675617.6635114,60092999.99999954,33290626.15756305,0.9571415660795299,0.5539850923995024,59.89952617861483,0.9983254363102472,2.0756316435049946
786,150,35,8,800,0,0.667118070101296,158859646.75075266,67783833.33333172,34334940.825163245,0.9871667440889739,0.5065358380709865,55.30542324436066,0.9217570540726777,1.994103794630763
787,150,35,8,800,0,0.7115178352887302,154292494.41741937,64223499.99999829,34375274.158496566,0.9883263711157876,0.5352444846278618,56.942497644967084,0.9490416274161181,2.088755050407138
788,150,35,8,800,0,0.6736470957464821,161788372.9174168,70080999.9999977,34300107.49182985,0.9861652480203598,0.48943518916440937,54.30427317842315,0.9050712196403858,1.9702664667183956
789,150,35,8,800,0,0.6828145909130365,148115198.75075665,59533833.33333256,34349607.49182985,0.9875884266441771,0.5769762430634171,59.31734267719853,0.9886223779533089,2.133017963317079
790,150,40,8,800,0,0.7794236873577016,160251933.2507509,68819666.66666466,34355107.491829775,0.987746557602377,0.49920479356914615,54.82492361731825,0.9137487269553042,2.092536249168323
791,150,40,8,800,0,0.6921546098060563,151986076.7507547,62522166.66666547,34334940.82516332,0.9871667440889759,0.549164282936942,57.80661089375986,0.9634435148959977,2.0949295510516075
792,150,40,8,800,0,0.8214190373894921,161343910.58408555,69569499.99999835,34410107.491829745,0.9893278671843952,0.49461484546864026,54.45386794081216,0.9075644656802027,2.124675379444607
793,150,40,8,800,0,0.7432378496998329,164043126.42304873,71626499.99999742,34416341.67385354,0.9895071066711276,0.48049732534543466,53.55786732168474,0.892631122028079,2.0202668320042596
794,150,40,8,800,0,0.761990554995408,155195262.58408746,64861499.999998696,34410107.491829865,0.9893278671843987,0.5305166777183777,56.611264117934674,0.9435210686322446,2.129924965802355
795,150,40,8,800,0,0.6821302653752374,162566077.53579357,70597999.999998,34351027.917261414,0.9876292654140949,0.4865722529995522,54.04448537589618,0.900741422931603,1.9721294907064824
796,150,40,8,800,0,0.6974682517889234,163550706.7507516,71377166.66666491,34334940.82516297,0.9871667440889659,0.48103535666397257,53.71911974302504,0.8953186623837507,1.9776151995038522
797,150,40,8,800,0,0.7527078367185128,159721009.084084,68381499.9999979,34375274.158496596,0.9883263711157884,0.5026984514597903,55.00716562199264,0.9167860936998774,2.0716526915862223
798,150,40,8,800,0,0.7140641109329859,166747598.2507474,73879666.66666378,34300107.4918299,0.9861652480203612,0.46426992756461505,52.68921467035655,0.8781535778392758,1.9636336308239537
799,150,40,8,800,0,0.8045609907529787,154862991.08408752,64701999.999998614,34349607.49182989,0.9875884266441782,0.5308894236937131,56.73272832002506,0.9455454720004177,2.174818001708367
800,150,45,8,800,0,0.8794214284066643,178277035.58407667,82622833.3333293,34355107.49182999,0.9877465576023832,0.4158064557436503,49.28172588923578,0.8213620981539297,2.0334286911555144
801,150,45,8,800,0,0.8475192288750584,163987036.41741636,71712666.6666643,34334940.82516318,0.9871667440889719,0.4787848844717945,53.576186215332434,0.8929364369222073,2.1234835733747013
802,150,45,8,800,0,0.7637909636736148,167672694.5840828,74416833.33333111,34410107.491829745,0.9893278671843952,0.462396825429248,52.39851379375421,0.8733085632292369,2.00701698724625
803,150,45,8,800,0,0.8238110949666346,174504529.7563791,79638166.66666341,34416341.673853606,0.9895071066711294,0.43215888956746046,50.34711713366759,0.8391186188944598,2.0086568255150627
804,150,45,8,800,0,0.8296567636081719,167512274.2507485,74293999.9999974,34410107.49182989,0.9893278671843994,0.46316132516530395,52.448693919876995,0.8741448986646165,2.0743307224050316
805,150,45,8,800,0,0.7297960855085943,162693739.92304903,70649333.33333087,34381508.34052019,0.9885056106025147,0.48665014542040574,54.002077794483746,0.9000346299080625,2.0191508317529814
806,150,45,8,800,0,0.7707157727009627,164942173.6968263,72491833.33333127,34304460.40190426,0.9862903989005477,0.4732182761079557,53.26594043891304,0.887765673981884,2.0370560675692113
807,150,45,8,800,0,0.8237609951549718,163184487.55647972,71054499.99999766,34362767.47510466,0.987966790419662,0.48361141764569154,53.8396763783025,0.897327939638375,2.1079780689099
808,150,45,8,800,0,0.7886895652624785,172307801.25074583,78138499.99999678,34300107.4918299,0.9861652480203612,0.4389655226531263,50.988985618908366,0.8498164269818062,1.9896784103667855
809,150,45,8,800,0,0.8604117601905589,166535927.08408463,73641333.33333138,34349607.491829805,0.9875884266441759,0.46644467090715436,52.75618392879283,0.8792697321465471,2.1128372290628294
810,150,40,6,800,0,0.7794236873577016,160278270.91741765,68839833.33333135,34355107.49182978,0.9877465576023771,0.4990585512529922,54.815914532337494,0.9135985755389583,2.0922691038990537
811,150,40,6,800,0,0.6921546098060563,152043540.7507548,62566166.66666549,34334940.82516332,0.9871667440889759,0.5487780801417801,57.78476321070801,0.9630793868451335,2.0942564607646137
812,150,40,6,800,0,0.7584738124928092,161015886.91741633,69318333.33333094,34410107.491829894,0.9893278671843996,0.49640702303620127,54.56480207140157,0.9094133678566929,2.065012798778463
813,150,40,6,800,0,0.7432378496998329,162934550.08971593,70777666.66666424,34416341.67385356,0.9895071066711282,0.48625990788791296,53.92226507614446,0.8987044179357411,2.0309501939459045
814,150,40,6,800,0,0.761990554995408,155116249.58408713,64800999.99999864,34410107.491829865,0.9893278671843987,0.5310119827137018,56.64010072160297,0.9440016786933828,2.1308018198597525
815,150,40,6,800,0,0.6821302653752374,162534951.20245972,70574166.66666457,34351027.91726142,0.9876292654140951,0.4867365714640028,54.05483519083888,0.9009139198473146,1.9724334423937542
816,150,40,6,800,0,0.6974682517889234,161589747.75075126,69875666.66666476,34334940.82516309,0.9871667440889692,0.4913719247782589,54.3710236713279,0.906183727855465,1.9967495194669955
817,150,40,6,800,0,0.7527078367185128,159742558.0840842,68397999.99999794,34375274.158496596,0.9883263711157884,0.5025771829366008,54.999745248698154,0.916662420811636,2.0714320038794294
818,150,40,6,800,0,0.7140641109329859,166831399.91741416,73943833.33333048,34300107.491829894,0.9861652480203611,0.46386704537224716,52.6627481658081,0.8777124694301349,1.9628702166609187
819,150,40,6,800,0,0.8045609907529787,154874962.75075424,64711166.66666529,34349607.4918299,0.9875884266441786,0.530814220500284,56.72834294164964,0.9454723823608274,2.1746847495140336
820,150,40,10,800,0,0.8086769783565471,162943163.91741648,70880333.33333106,34355107.491829805,0.9877465576023777,0.48469167505557587,53.91941452942975,0.8986569088238292,2.0950872272248366
821,150,40,10,800,0,0.6921546098060563,151993259.7507546,62527666.666665465,34334940.82516333,0.9871667440889761,0.5491159778630896,57.80387902994745,0.9633979838324576,2.0948453759289856
822,150,40,10,800,0,0.8214190373894921,161343910.58408555,69569499.99999835,34410107.49182975,0.9893278671843956,0.4946148454686403,54.45386794081216,0.9075644656802027,2.124675379444607
823,150,40,10,800,0,0.7432378496998329,164038337.75638202,71622833.33333077,34416341.67385355,0.9895071066711277,0.4805219239747303,53.559430802377676,0.8926571800396279,2.020312568919245
824,150,40,10,800,0,0.9613981517877768,151718690.58408806,62199499.99999878,34410107.49182995,0.989327867184401,0.553221609367127,57.90848817753662,0.9651414696256103,2.3691169089070887
825,150,40,10,800,0,0.6821302653752374,162522979.53579348,70564999.99999797,34351027.917261414,0.9876292654140949,0.4867998004288585,54.05881694449889,0.9009802824083148,1.972550388126639
826,150,40,10,800,0,0.9575364648384942,150597148.6421712,61915333.33333284,34043870.168622084,0.9787981473938253,0.5498455444847645,58.33974998341863,0.9723291663903104,2.3697420668166163
827,150,40,10,800,0,0.7527078367185128,159752135.41741776,68405333.33333135,34375274.15849661,0.9883263711157888,0.5025233045936615,54.99644794758772,0.9166074657931287,2.071333946186571
828,150,40,10,800,0,0.6948982807507109,163630176.25074893,71492666.66666406,34300107.491829954,0.9861652480203629,0.47977099038359927,53.69303023017301,0.8948838371695501,1.9735989102271403
829,150,40,10,800,0,0.7953498334113371,164921585.41741884,72403833.33333157,34349607.49182964,0.9875884266441712,0.4744169736661799,53.27258998731438,0.8878764997885731,2.0627599121328544
830,150,40,8,900,0,0.7820681465851707,177505295.15709338,75672666.66666402,38407495.92830862,0.9815618801260375,0.5075478058344708,55.68171919182902,0.9280286531971503,2.116135044449898
831,150,40,8,900,0,0.7064720822349762,155564378.9133984,61422166.66666603,36782428.459444,0.9400308132986703,0.5988461569429774,63.53511047347312,0.9427835954500067,2.1283326032393646
832,150,40,8,900,0,0.7608988648196471,162837152.65709913,64386666.66666521,38442329.26164226,0.9824520988537007,0.5970541923013533,60.69745042037924,0.9884431260136491,2.226985344674379
833,150,40,8,900,0,0.750366004749563,174325372.05926397,73105999.99999721,38491509.38308547,0.9837089715370624,0.5265164197615371,56.697426675446216,0.944957111257437,2.1165362518162296
834,150,40,8,900,0,0.8177842931865211,170942179.05926797,70515499.99999826,38491509.383085415,0.9837089715370612,0.5458588449785702,57.819550765017176,0.9636591794169529,2.2181305485863305
835,150,40,8,900,0,0.7454116141464473,167928371.97143233,68330166.66666478,38413538.7854761,0.9817163145170148,0.5621754001108905,58.85723707058516,0.9809539511764193,2.176105885411579
836,150,40,8,900,0,0.690861162054575,164787755.1570983,65998166.66666508,38367162.594975576,0.9805311005466546,0.5813367936226991,59.97897107450372,0.9996495179083953,2.1555801148611295
837,150,40,8,900,0,0.7018484546662971,149815987.7026548,59599833.333332375,35138492.94094281,0.8980175448117587,0.5895736779064267,65.97293220545149,0.9052457093474329,2.0787531063388713
838,150,40,8,900,0,0.7479532314407698,173169775.32376274,72321333.3333313,38427662.59497543,0.9820772699157363,0.5313461578184838,57.075780005610035,0.9512630000935006,2.1242931577890576
839,150,40,8,900,0,0.7480018485807806,165592089.82376635,66700333.333332084,38312162.59497544,0.9791254920293008,0.5743923707773998,59.68763369384956,0.9947938948974927,2.202309640100193
840,150,45,8,900,0,0.822003959529715,184154919.8237572,80765666.66666329,38407495.92830885,0.9815618801260435,0.4755423624103121,53.67111565338112,0.8945185942230187,2.096956443680983
841,150,45,8,900,0,0.7553586395122469,169591805.3237643,69732666.66666497,38332329.26164211,0.979640881818996,0.5497040496798684,58.279938592145044,0.971332309869084,2.1664541891252256
842,150,45,8,900,0,0.8126440827493492,179813536.9904246,77386833.33333017,38442329.26164205,0.9824520988536953,0.49675542473819134,54.96694056202415,0.9161156760337358,2.126164098573638
843,150,45,8,900,0,0.793601859587886,192467796.72592488,86998999.99999584,38491509.3830851,0.9837089715370531,0.4424362278082155,51.353006415273626,0.8558834402545604,2.0034342820890187
844,150,45,8,900,0,0.8509155682229327,173715378.0592652,72640333.33333088,38491509.3830855,0.9837089715370633,0.529891695381631,56.8965172250209,0.9482752870836817,2.2231042116119193
845,150,45,8,900,0,0.8517716243385589,183349167.68853748,80107499.99999686,38433759.242826335,0.9822330790093093,0.4797772898021764,53.9069804603095,0.8984496743384917,2.1340431305187915
846,150,45,8,900,0,0.7489094014900366,170661615.82376382,70497166.6666649,38367162.59497545,0.9805311005466513,0.544236944675929,57.91460459513432,0.9652434099189053,2.149542367149685
847,150,45,8,900,0,0.780252081350302,168805056.89259884,68935166.66666423,38456676.0497523,0.9828187528094114,0.5578673108271346,58.55156345398175,0.9758593908996959,2.2024053209117054
848,150,45,8,900,0,0.7885227215945871,181543319.99042308,78734333.33332978,38427662.594975546,0.9820772699157394,0.48806741567605766,54.44320397204038,0.9073867328673396,2.086363387002773
849,150,45,8,900,0,0.8576929002613147,183207761.1570929,80189999.99999723,38312162.59497544,0.9791254920293008,0.4777673350165452,53.94858786318042,0.899143131053007,2.139049899327558
850,150,40,6,900,0,0.7820681465851707,177514872.49042633,75679999.99999724,38407495.92830867,0.981561880126039,0.5074986248455348,55.678715035739046,0.9279785839289841,2.1160456303905826
851,150,40,6,900,0,0.7064720822349762,155709646.7467313,61484499.999999225,36813595.126110725,0.9408273247918372,0.598745946150838,63.475835996702514,0.943715439067547,2.1291842782231933
852,150,40,6,900,0,0.7608988648196471,162829969.65709943,64381166.66666529,38442329.261642255,0.9824520988537004,0.5971051978706465,60.700127997408025,0.9883990164544048,2.226982039570569
853,150,40,6,900,0,0.750366004749563,174401990.72593102,73164666.666664,38491509.38308546,0.9837089715370622,0.5260942356021603,56.67251823708927,0.9445419706181545,2.1157833638494457
854,150,40,6,900,0,0.8177842931865211,170954150.72593468,70524666.66666493,38491509.38308542,0.9837089715370613,0.5457878952482778,57.81550174727973,0.9635916957879955,2.218006305173139
855,150,40,6,900,0,0.7454116141464473,167973864.30476618,68364999.99999823,38413538.7854761,0.9817163145170147,0.5618889605130856,58.841296774998064,0.9806882795833011,2.175611062140217
856,150,40,6,900,0,0.690861162054575,164814092.82376558,66018333.33333191,38367162.59497555,0.980531100546654,0.5811592122639122,59.96938629858959,0.9994897716431599,2.1552783035088647
857,150,40,6,900,0,0.7018484546662971,150748123.55832282,59616333.33333245,35582898.434192084,0.9093750020202767,0.596864926852137,65.56499521651469,0.9114213998112296,2.0907617959592364
858,150,40,6,900,0,0.7479532314407698,173253576.9904296,72385499.99999799,38427662.59497548,0.9820772699157375,0.5308751420516064,57.04817280941896,0.9508028801569827,2.1234562252390377
859,150,40,6,900,0,0.7480018485807806,165575329.490433,66687499.99999875,38312162.59497544,0.9791254920293008,0.5745029067662779,59.693675563973976,0.9948945927328996,2.2024987667267024
860,150,40,10,900,0,0.7820681465851707,177890782.8237607,75967833.33333084,38407495.928308606,0.9815618801260371,0.5055757712581403,55.56105742584787,0.9260176237641312,2.112546387355814
861,150,40,10,900,0,0.7064720822349762,154082566.33585757,61429499.9999993,36054566.13105266,0.9214291862396635,0.5869259253461784,64.1461278523622,0.933231363477315,2.1092441859892337
862,150,40,10,900,0,0.7608988648196471,164625719.65709937,65756166.66666533,38442329.261642136,0.9824520988536974,0.584619378080782,60.038006336962845,0.9993667616307166,2.2279611289149894
863,150,40,10,900,0,0.7612276011832465,174061995.3925978,72904333.33333069,38491509.383085445,0.9837089715370619,0.5279728600918123,56.783216679247154,0.9463869446541192,2.1299928339108156
864,150,40,10,900,0,0.9669577590203758,166586886.7259353,67180666.66666506,38491509.38308534,0.9837089715370592,0.5729551564897578,59.33120063802253,0.9888533439670422,2.414175228179224
865,150,40,10,900,0,0.7454116141464473,167885273.9714323,68297166.66666476,38413538.7854761,0.9817163145170147,0.5624470334612783,58.872346371974515,0.9812057728662419,2.176575013781712
866,150,40,10,900,0,0.8807919682858146,150902854.72124022,57803166.66666626,36814097.472543724,0.9408401630177441,0.636887208703283,65.49776687961366,0.9124431945661,2.302744929814541
867,150,40,10,900,0,0.7018484546662971,149781477.03598845,59590666.66666582,35127492.94094275,0.897736423108287,0.5894797777215097,65.98813281581667,0.905016400273766,2.0784486771172705
868,150,40,10,900,0,0.7479532314407698,173983848.65709555,72944666.6666645,38427662.59497543,0.9820772699157363,0.5268056507897755,56.80872147781926,0.946812024630321,2.1162097767029113
869,150,40,10,900,0,0.7480018485807806,165570540.82376635,66683833.333332084,38312162.59497544,0.9791254920293008,0.5745344962918472,59.69540203725214,0.9949233672875356,2.2025528129017937
870,150,45,10,900,0,0.822003959529715,184152525.4904238,80763833.33332993,38407495.92830885,0.9815618801260435,0.47555315718847513,53.67181348003817,0.8945302246673028,2.096976709947798
871,150,45,10,900,0,0.7553586395122469,170252641.32376376,70238666.66666487,38332329.261641994,0.9796408818189931,0.5457439766554458,58.0537248829186,0.9675620813819766,2.15951590221858
872,150,45,10,900,0,0.8126440827493492,179775227.65709114,77357499.9999968,38442329.26164205,0.9824520988536953,0.4969437903453918,54.978653782336835,0.9163108963722806,2.126510011397943
873,150,45,10,900,0,0.793601859587886,193952283.3925921,88135666.66666256,38491509.38308504,0.9837089715370516,0.43673022328932487,50.9599568879193,0.849332614798655,1.992318653018001
874,150,45,10,900,0,0.8509155682229327,173643548.05926478,72585333.33333075,38491509.383085504,0.9837089715370634,0.5302932095981769,56.92005323818105,0.9486675539696842,2.2238176898711584
875,150,45,10,900,0,0.8517716243385589,183306069.68853742,80074499.99999684,38433759.242826335,0.9822330790093095,0.47997501380374347,53.91965479808691,0.8986609133014485,2.1344125486830023
876,150,45,10,900,0,0.7489094014900366,170695136.49043047,70522833.33333154,38367162.59497543,0.9805311005466508,0.5440388705545921,57.903231475807786,0.9650538579301298,2.1491943558638402
877,150,45,10,900,0,0.780252081350302,168807451.22593203,68936999.99999753,38456676.0497523,0.9828187528094114,0.557852474719725,58.5507329695507,0.9758455494925117,2.2023796106185936
878,150,45,10,900,0,0.7885227215945871,182826682.6570892,79716999.99999633,38427662.594975494,0.982077269915738,0.48205103798408444,54.06103669527337,0.9010172782545562,2.0751808302364108
879,150,45,10,900,0,0.8576929002613147,183186212.15709284,80173499.99999723,38312162.59497545,0.9791254920293009,0.47786566128429936,53.954934072898816,0.8992489012149802,2.1392343305037347
880,150,50,10,900,0,0.8731246513021063,191498901.15708688,86390333.33332892,38407495.92830883,0.9815618801260428,0.4445809437974633,51.61282879577623,0.8602138132629372,2.0890032196030144
881,150,50,10,900,0,0.8408642091844879,180579961.99042594,78147666.6666639,38332329.26164195,0.9796408818189919,0.49051150081226536,54.73364758224959,0.9122274597041599,2.14550086953846
882,150,50,10,900,0,0.8138734731873742,181430272.9904233,78626166.66666311,38442329.26164221,0.9824520988536994,0.4889253907623283,54.47712687133372,0.9079521145222286,2.1129659003194656
883,150,50,10,900,0,0.8566427810369533,188496158.72592595,83959333.3333296,38491509.383085325,0.9837089715370588,0.4584542046119991,52.43502078135756,0.8739170130226259,2.0973231577491784
884,150,50,10,900,0,0.9357807943748078,181382594.39259493,78512499.99999678,38491509.3830855,0.9837089715370632,0.49025963232717173,54.49144683974987,0.9081907806624978,2.236179280899043
885,150,50,10,900,0,0.8954131520280456,187797671.97142407,83546833.33332954,38413538.78547603,0.9817163145170128,0.459784497543028,52.63004539004058,0.877167423167343,2.140408173229811
886,150,50,10,900,0,0.8269540700574984,185878165.1570903,82149833.3333299,38367162.59497554,0.9805311005466537,0.46703883669851803,53.17353973043016,0.8862256621738359,2.0868108015901488
887,150,50,10,900,0,0.8602623297727605,175799465.55926237,74292166.66666357,38456676.04975222,0.9828187528094094,0.5176410619749569,56.222013921129644,0.9370335653521608,2.2114087447048867
888,150,50,10,900,0,0.870773258843997,189361379.32375532,84721999.99999622,38427662.59497542,0.982077269915736,0.4535736006583548,52.195437291895985,0.8699239548649331,2.103556094235614
889,150,50,10,900,0,0.8394409673378944,178048533.82376048,76240999.99999736,38312162.59497558,0.9791254920293044,0.5025139045261331,55.51183032927066,0.925197172154511,2.166649263113312
890,150,45,10,800,0,0.8794214284066643,178243514.91741002,82597166.6666626,34355107.49182999,0.9877465576023832,0.41593566557164,49.290993863484694,0.8215165643914115,2.033686525255388
891,150,45,10,800,0,0.8475192288750584,164559282.0840831,72150833.33333099,34334940.82516318,0.9871667440889719,0.47587725933169117,53.389878035022136,0.8898313005837023,2.1180523369241135
892,150,45,10,800,0,0.7637909636736148,167773256.5840832,74493833.3333312,34410107.491829745,0.9893278671843952,0.46191887236971385,52.36710652747451,0.8727851087912418,2.0061111703606276
893,150,45,10,800,0,0.8238110949666346,174499741.08971235,79634499.99999674,34416341.673853606,0.9895071066711295,0.43217878775976515,50.348498772173635,0.8391416462028939,2.0086957713773406
894,150,45,10,800,0,0.8296567636081719,167469176.25074834,74260999.99999739,34410107.49182989,0.9893278671843994,0.4633671441514536,52.46219153096683,0.8743698588494471,2.074720337778782
895,150,45,10,800,0,0.7297960855085943,162650641.92304894,70616333.33333084,34381508.34052019,0.9885056106025147,0.48687756383822534,54.016386877566816,0.9002731146261136,2.019571251205288
896,150,45,10,800,0,0.7707157727009627,166017229.36349276,73314999.99999788,34304460.401904255,0.9862903989005475,0.4679050726577814,52.921013280878185,0.8820168880146364,2.0270567188418243
897,150,45,10,800,0,0.8237609951549718,163198853.55648008,71065499.99999775,34362767.475104645,0.9879667904196616,0.48353656099099757,53.83493700192813,0.8972489500321356,2.1078391939799053
898,150,45,10,800,0,0.7554281401701717,168979677.9174136,75590166.6666637,34300107.49182993,0.9861652480203621,0.4537641469040013,51.99323438345015,0.8665539063908358,1.9849933640842086
899,150,45,10,800,0,0.8604117601905589,166531138.41741785,73637666.66666467,34349607.49182982,0.9875884266441763,0.466467896753438,52.75770095306737,0.8792950158844561,2.1128810934777658
900,150,50,10,800,0,0.9131463335170553,183533158.25074232,86648833.33332865,34355107.491829984,0.987746557602383,0.39648667120155695,47.870368949881374,0.797839482498023,2.0281751529763237
901,150,50,10,800,0,0.8577097142713676,167492901.4174135,74398499.999997,34334940.82516329,0.987166744088975,0.461500444567628,52.454760325064015,0.8742460054177336,2.1011560753432037
902,150,50,10,800,0,0.8279661198367887,179917876.25074452,83794333.3333295,34410107.49182984,0.9893278671843981,0.41064957644508276,48.83227938815581,0.8138713231359301,1.970357104128785
903,150,50,10,800,0,0.8144650491567959,174739685.75297683,79830666.66666332,34409306.20773927,0.9893048293987555,0.43102867161835107,50.27936248220205,0.8379893747033675,1.9972773611548442
904,150,50,10,800,0,0.9070906652273215,171966295.2507479,77705833.33333075,34410107.49182986,0.9893278671843984,0.44282528113716474,51.090244092246266,0.8515040682041044,2.112854958341158
905,150,50,10,800,0,0.7710202913574179,167784653.58971304,74548833.33333023,34381508.340520196,0.9885056106025151,0.46119445205520715,52.363549419031386,0.8727258236505231,2.0127016766521066
906,150,50,10,800,0,0.8389610294039305,172073059.36348996,77953333.33333053,34304460.40190423,0.9862903989005468,0.4400640605734901,51.058544739654636,0.8509757456609106,2.041988023523633
907,150,50,10,800,0,0.865839226299517,169332049.58113578,75775333.33333035,34354952.45541649,0.9877421001375426,0.45337910035039347,51.88503902086337,0.8647506503477228,2.0932931569275546
908,150,50,10,800,0,0.859090846479174,183983131.58407712,87079666.66666241,34300107.49182992,0.9861652480203617,0.39389341742808226,47.75329088245811,0.7958881813743018,1.9700937617959418
909,150,50,10,800,0,0.9012213473665437,173137665.08408025,78697666.66666365,34349607.491829805,0.9875884266441758,0.43647555190324727,50.74459099199115,0.8457431831998525,2.096144972088994
910,150,45,10,700,0,0.8507919897550399,163990490.28683177,78035833.33333045,30306340.63128815,0.9958172849079341,0.38836441333091765,46.87954762836221,0.7813257938060368,1.9428093142258107
911,150,45,10,700,0,0.8008322303906723,158511238.84440437,73963999.99999781,30227552.38868399,0.9932284308200293,0.4086792546196107,48.500031013866426,0.8083338502311072,1.936109484317468
912,150,45,10,700,0,0.7759051263497164,159121597.23766226,74286666.66666466,30319770.898489255,0.9962585817435535,0.40814552946006566,48.31399466483225,0.8052332444138709,1.90765479433164
913,150,45,10,700,0,0.7925918230451944,162494454.03131247,76932166.66666333,30279670.26093677,0.9949409397195157,0.3935892042678908,47.311153145685644,0.7885192190947607,1.8959824055542678
914,150,45,10,700,0,0.8295675089616427,152473290.45350143,69162499.9999981,30341173.964621603,0.9969618518434948,0.4386940027416944,50.42063417883991,0.8403439029806652,2.0208666141356635
915,150,45,10,700,0,0.8120778564452515,161826435.03131315,76420666.66666365,30279670.260936793,0.9949409397195164,0.39622358167866445,47.50645343273133,0.7917742238788554,1.9208309456670385
916,150,45,10,700,0,0.7391668383876564,155413750.67773813,71474333.33333114,30302719.05535094,0.9956982857862401,0.42396644560544167,49.46666537854311,0.8244444229757185,1.9027844178477284
917,150,45,10,700,0,0.797679995313006,158852250.95350048,74101499.99999791,30306340.631288156,0.9958172849079342,0.40898417213266947,48.39591478153109,0.8065985796921848,1.9314659127113265
918,150,45,10,700,0,0.7214723498520382,166202854.28683132,79729833.3333304,30306340.63128821,0.9958172849079361,0.3801129309349615,46.25552330607071,0.7709253884345117,1.7964880830345193
919,150,45,10,700,0,0.8553433668460451,157217842.3444061,72918999.9999981,30262385.722017623,0.994372997755596,0.41501372374852114,48.89903006783973,0.8149838344639956,2.0023381803088576
920,150,40,10,700,0,0.8903519440094038,158566764.28683567,73881499.9999984,30306340.63128815,0.9958172849079341,0.410202021227084,48.48304772173652,0.8080507953622753,2.0265643563533464
921,150,40,10,700,0,0.7813889249318796,152496112.51107422,69356833.33333182,30227552.3886842,0.9932284308200362,0.43582659322707723,50.41308839555969,0.8402181399259948,1.9702683394395364
922,150,40,10,700,0,0.7611126618448182,153655292.51107275,70071833.33333156,30337552.388684247,0.996842852721796,0.4329493170867755,50.03277058905081,0.8338795098175136,1.9413516253317522
923,150,40,10,700,0,0.7254132645042972,162192207.0313158,76699333.33333084,30279670.260936752,0.994940939719515,0.39478400847818407,47.39931801110304,0.789988633518384,1.8312291048052285
924,150,40,10,700,0,0.9467185892014808,141834706.45350692,61015166.66666598,30341173.964621652,0.9969618518434963,0.4972726556723109,54.20253048234032,0.9033755080390053,2.2479122217783347
925,150,40,10,700,0,0.7302682334628083,152003896.6201692,68856333.33333167,30306340.631288223,0.9958172849079364,0.44013875215480963,50.576335021268896,0.8429389170211483,1.9253181522078044
926,150,40,10,700,0,0.6934308328521884,149532707.0110743,66969833.3333318,30302719.05535092,0.9956982857862394,0.452483118847316,51.412163624046784,0.8568693937341131,1.9122867216641541
927,150,40,10,700,0,0.7386438875932403,150715745.28683734,67869999.9999987,30306340.631288163,0.9958172849079345,0.44653515001162136,51.00860553997744,0.8501434256662906,1.946015433268828
928,150,40,10,700,0,0.707013883773596,164356262.28682908,78314499.99999644,30306340.631288227,0.9958172849079365,0.38698249533981066,46.77521801136793,0.7795869668561323,1.796186846901577
929,150,40,10,700,0,0.7654423230842238,151466092.67774162,68513499.99999866,30262385.72201745,0.9943729977555903,0.44169960258953406,50.755914172530474,0.8459319028755079,1.9647339080313588
930,150,50,10,700,0,0.8911953794213331,174547666.95349604,86120833.33332914,30306340.63128823,0.9958172849079368,0.35190486968452894,44.044129229457,0.73406882049095,1.9067880956599064
931,150,50,10,700,0,0.8484852728613772,158641093.84440225,74064833.33333053,30227552.388684183,0.9932284308200358,0.40812287057535623,48.46033151750907,0.8076721919584845,1.9826557612801468
932,150,50,10,700,0,0.8725935967726023,165884274.8444019,79438333.33333027,30337552.388684183,0.996842852721794,0.3819006657829178,46.344356674019245,0.7724059445669874,1.950520073965924
933,150,50,10,700,0,0.8895435316238668,172976984.28682882,84918166.66666247,30306340.631288327,0.99581728490794,0.35688877681795406,44.444063074033956,0.7407343845672326,1.9157889376454627
934,150,50,10,700,0,0.8741090651390458,160712752.453497,75472833.33333042,30341173.96462155,0.9969618518434931,0.40201450806302563,47.83565636600308,0.7972609394333846,1.9929816110228509
935,150,50,10,700,0,0.865566241967713,164718928.6201622,78594999.99999641,30306340.631288264,0.9958172849079377,0.3856013821654004,46.672231688246825,0.7778705281374471,1.9519178758374807
936,150,50,10,700,0,0.7952016231706915,162312386.0110681,76757999.99999699,30302719.055350967,0.995698285786241,0.3947825510741832,47.3642227123429,0.7894037118723817,1.9004313759024196
937,150,50,10,700,0,0.8727855185385769,169320837.28682795,82118666.66666253,30306340.631288216,0.9958172849079362,0.36905543966401966,45.403744295080095,0.7567290715846683,1.9247589418544608
938,150,50,10,700,0,0.8359061263439985,177040167.95349535,88029333.33332886,30306340.631288256,0.9958172849079375,0.34427547595449015,43.42404375723039,0.7237340626205065,1.835060569728097
939,150,50,10,700,0,0.8629102937397581,160073969.09108764,75124499.99999835,30251442.374049738,0.9940134170594715,0.40268410936579146,48.02654699981466,0.800442449996911,1.9855000312293023
940,150,45,8,700,0,0.8643838915820184,163224303.620165,77449166.66666386,30306340.6312881,0.9958172849079323,0.39130621975217117,47.099603609828094,0.7849933934971349,1.9624222608808903
941,150,45,8,700,0,0.8008322303906723,158178426.51107085,73709166.66666442,30227552.38868404,0.993228430820031,0.4100921738185205,48.60207658888258,0.8100346098147096,1.9389405792601986
942,150,45,8,700,0,0.7679791413963338,159383098.84440356,74458999.99999762,30337552.388684306,0.996842852721798,0.40743969686250525,48.23472536134557,0.8039120893557594,1.8978429882420975
943,150,45,8,700,0,0.7925918230451944,161759393.6979793,76369333.33333011,30279670.26093677,0.9949409397195157,0.39648991210614276,47.52614252717761,0.7921023754529603,1.9018861281830688
944,150,45,8,700,0,0.8295675089616427,152516388.45350155,69195499.99999812,30341173.964621603,0.9969618518434948,0.4384847853490824,50.4063863428278,0.84010643904713,2.0204617762880384
945,150,45,8,700,0,0.8120778564452515,161792914.36464632,76394999.99999693,30279670.260936797,0.9949409397195165,0.3963567021524709,47.516295940336164,0.7919382656722694,1.9211014838394975
946,150,45,8,700,0,0.7391668383876564,154587705.67773816,70841833.33333111,30302719.055350933,0.99569828578624,0.4277517623346641,49.73099229525019,0.8288498715875031,1.9102181198428907
947,150,45,8,700,0,0.797679995313006,158861828.2868339,74108833.33333129,30306340.631288208,0.9958172849079359,0.40894370169038385,48.392997127788604,0.8065499521298101,1.9313849087951231
948,150,45,8,700,0,0.7214723498520382,166233980.6201648,79753666.66666381,30306340.631288216,0.9958172849079362,0.3799993391897045,46.2468622318934,0.7707810371982233,1.7962528584020252
949,150,45,8,700,0,0.8553433668460451,157179533.01107278,72889666.66666476,30262385.722017623,0.994372997755596,0.4151807396844328,48.91094821778367,0.8151824702963945,2.002670428889986
950,150,45,10,600,0,0.861157129991258,160955275.5601233,82333166.6666633,26085973.593688402,0.9999999999999951,0.3168343287377845,40.94180807101563,0.6823634678502605,1.7969880608317461
951,150,45,10,600,0,0.7741976166580681,138685581.2267961,65281333.333332345,26085973.593688287,0.9999999999999908,0.3995931495530425,47.51611480953835,0.7919352468256392,1.8858073831261413
952,150,45,10,600,0,0.7818330817075949,140756679.56012648,66867166.66666489,26085973.593688246,0.9999999999999892,0.39011632904572907,46.81696116016335,0.7802826860027225,1.8742088309469007
953,150,45,10,600,0,0.8155446344182403,165667323.56012002,85941166.66666195,26085973.593688242,0.999999999999989,0.3035329238066702,39.77730706567845,0.6629551177613074,1.721326091224884
954,150,45,10,600,0,0.8450599244014998,150906258.56012458,74638666.66666424,26085973.593688205,0.9999999999999877,0.3494967790647705,43.66816898700374,0.7278028164500623,1.8524601641033784
955,150,45,10,600,0,0.7792095792146728,152476941.22678867,75841333.33333012,26085973.59368827,0.99999999999999,0.34395457525829415,43.218338110538106,0.7203056351756351,1.774678874596943
956,150,45,10,600,0,0.7045489905581447,145073662.560123,70172666.66666403,26085973.59368817,0.9999999999999862,0.37173980743246393,45.42382044893217,0.7570636741488694,1.7590045106529852
957,150,45,10,600,0,0.8359398277669448,153542419.5601236,76657166.66666387,26085973.5936883,0.9999999999999913,0.3402939963476681,42.91843269683262,0.715307211613877,1.8234822364589562
958,150,45,10,600,0,0.7745490483914311,156702939.56012267,79077166.66666336,26085973.593688253,0.9999999999999893,0.32987997285802273,42.05281674037565,0.7008802790062608,1.7393333056841103
959,150,45,10,600,0,0.8573654665306736,153013271.89345944,76251999.99999774,26085973.5936883,0.9999999999999913,0.3421021559262587,43.06685242694743,0.7177808737824571,1.8488280650541378
960,150,40,10,600,0,0.7655408320989793,151334283.2267923,74964999.99999782,26085973.59368832,0.9999999999999919,0.3479753697550734,43.54466059831536,0.7257443433052561,1.769665471208294
961,150,40,10,600,0,0.7410384468454019,133905930.8934671,61620166.666666694,26085973.593688298,0.9999999999999911,0.42333500548286335,49.21215928249447,0.8202026547082412,1.8999091059399338
962,150,40,10,600,0,0.7287697063790597,133829312.226797,61561499.99999916,26085973.593688257,0.9999999999999896,0.4237384338212781,49.24033375313504,0.8206722292189174,1.8884326826549995
963,150,40,10,600,0,0.7525491131347692,140866257.8934595,66949666.666664705,26085973.59368819,0.999999999999987,0.38963560078002313,46.78054275413508,0.779675712568918,1.8439333063277057
964,150,40,10,600,0,0.8175225694739279,141213436.22679514,67215499.99999873,26085973.593688294,0.999999999999991,0.3880946149874476,46.665531100146055,0.7777588516691009,1.905757113132987
965,150,40,10,600,0,0.7456693169946779,141727016.41247138,67609666.66666535,26085387.21936412,0.9999775214705979,0.3858233371859739,46.49642789926202,0.7749404649877003,1.8292684517311573
966,150,40,10,600,0,1.0,133398332.22679749,61231499.999999255,26085973.593688328,0.9999999999999923,0.426022122497222,49.39941819359732,0.8233236365599553,2.164141334557733
967,150,40,10,600,0,0.8535226355545257,141486390.22679278,67424499.99999808,26085973.593688186,0.9999999999999868,0.38689161348899775,46.575504466804276,0.7762584077800713,1.9392943341257953
968,150,40,10,600,0,0.6881977848120489,145484926.89345765,70486166.66666429,26085973.593688205,0.9999999999999877,0.3700864272709173,45.29541403849953,0.7549235673083255,1.7391904939371083
969,150,40,10,600,0,0.8169638712423792,146409139.56012663,71193833.33333156,26085973.593688283,0.9999999999999906,0.36640776837444633,45.009485198796156,0.7501580866466026,1.860248172588539
970,150,50,10,600,0,0.8434223453486175,166450831.5601217,86542499.99999586,26085973.593688324,0.9999999999999921,0.30142385063627203,39.59006956129131,0.6598344926881885,1.7443959185458235
971,150,50,10,600,0,0.8612981491198729,149254729.56012276,73375499.99999724,26085973.593688175,0.9999999999999865,0.3555134015262473,44.15136471334061,0.7358560785556769,1.8815649488965476
972,150,50,10,600,0,0.8951138891122066,159473744.22678834,81200166.66666274,26085973.593688212,0.9999999999999878,0.32125517304385015,41.32216266665574,0.6887027111109291,1.8408207386582158
973,150,50,10,600,0,0.8973192414157755,166175483.22678643,86331666.66666175,26085973.59368823,0.9999999999999886,0.30215996749384794,39.65566924819248,0.660927820803208,1.7999750362140619
974,150,50,10,600,0,0.8611069828504706,148574738.89345667,72854833.33333085,26085973.59368824,0.9999999999999888,0.35805412489707783,44.35343483743601,0.7392239139572668,1.8867741967253995
975,150,50,10,600,0,0.783093435964828,153953457.436346,77009166.6666635,26063113.27624415,0.9991236548115685,0.33844169992202516,42.80384545910336,0.7133974243183893,1.7672442202208374
976,150,50,10,600,0,0.7680903027323028,152262012.22678754,75678166.66666315,26085973.593688183,0.9999999999999867,0.3446961619536598,43.27934396522216,0.7213223994203694,1.7651696317156
977,150,50,10,600,0,0.8607879403890519,158092213.8934557,80142333.3333298,26085973.593688253,0.9999999999999893,0.3254955590722681,41.683267238202596,0.69472112063671,1.8159055082835764
978,150,50,10,600,0,0.8261009362174058,171047951.56012052,90062499.99999523,26085973.593688283,0.9999999999999906,0.2896430100617867,38.526038692043585,0.642100644867393,1.6999159891342281
979,150,50,10,600,0,0.8974967440231643,152953974.5601252,76207999.99999751,26085973.593688246,0.9999999999999892,0.34229967449203624,43.08354862272371,0.7180591437120618,1.889395627328855
980,150,45,8,600,0,0.861157129991258,160976824.5601233,82349666.66666332,26085973.593688402,0.9999999999999951,0.31677084619273255,40.93632743723786,0.6822721239539643,1.7968459308994085
981,150,45,8,600,0,0.7741976166580681,137442922.2267962,64329833.33333233,26085973.593688264,0.9999999999999898,0.4055035158962845,47.945720981733004,0.7990953496955501,1.897695779070646
982,150,45,8,600,0,0.7818330817075949,140794988.89345998,66896499.99999828,26085973.593688246,0.9999999999999892,0.38994526759529896,46.80422259194553,0.7800703765324255,1.8738596723162595
983,150,45,8,600,0,0.8155446344182403,165593099.22678638,85884333.33332853,26085973.59368822,0.9999999999999882,0.3037337845127712,39.79513657737032,0.6632522762895053,1.7217839383179627
984,150,45,8,600,0,0.8450599244014998,150609361.22679025,74411333.33333072,26085973.593688205,0.9999999999999877,0.35056452324048926,43.75425236733434,0.7292375394555723,1.8547490824494635
985,150,45,8,600,0,0.7792095792146728,152445814.89345536,75817499.99999681,26085973.59368827,0.99999999999999,0.34406269784270604,43.22716241574505,0.7204527069290841,1.7749124444179216
986,150,45,8,600,0,0.7045489905581447,145100000.22678995,70192833.33333078,26085973.593688186,0.9999999999999868,0.3716330051789114,45.4155753942123,0.756926256570205,1.758781651271479
987,150,45,8,600,0,0.8359398277669448,151473715.56012315,75073166.66666394,26085973.593688298,0.9999999999999911,0.34747400105704757,43.50457751453497,0.7250762919089162,1.838995320521499
988,150,45,8,600,0,0.7745490483914311,156652658.56012282,79038666.66666344,26085973.593688253,0.9999999999999893,0.33004065850076736,42.06631448562908,0.7011052414271514,1.7396868166191966
989,150,45,8,600,0,0.8573654665306736,152347647.22679216,75742333.33333091,26085973.593688242,0.999999999999989,0.3444041455507806,43.255016535897674,0.7209169422649613,1.8538057252362594
990,150,45,10,500,0,0.8165932176620968,146441781.2445449,78041333.33332993,21738311.32807359,0.9999999999999912,0.2785486920786575,37.50159246444276,0.625026541074046,1.6644587123990688
991,150,45,10,500,0,0.7969988605878598,135509255.24454883,69670333.33333161,21738311.32807359,0.9999999999999912,0.3120167550235269,40.527121118695106,0.6754520186449184,1.7220642832515998
992,150,45,10,500,0,0.7789625098115671,143960527.2525126,76171333.33333097,21719261.063536927,0.9991236548115744,0.2851369421156375,38.1479569768952,0.6357992829482534,1.6428713464523304
993,150,45,10,500,0,0.8021698785188881,138248372.5778804,71767666.6666643,21738311.328073587,0.9999999999999911,0.3028983989271999,39.724156585686146,0.6620692764281024,1.7065578740887504
994,150,45,10,500,0,0.8440445370310855,140738479.24454805,73674333.33333102,21738311.328073617,0.9999999999999925,0.2950594914747465,39.02131122546389,0.6503551870910649,1.7304473173019477
995,150,45,10,500,0,0.8076968059649442,144741079.91917795,76768999.99999711,21719261.063536838,0.9991236548115704,0.2829170767306811,37.942234527105704,0.6323705754517618,1.666401042801251
996,150,45,10,500,0,0.7348153673572414,144634059.577881,76657166.66666403,21738311.328073636,0.9999999999999933,0.2835783302897235,37.9703094556565,0.6328384909276082,1.5945165225166285
997,150,45,10,500,0,0.8297795722179699,130251819.5933564,65822166.666665226,21625217.143336657,0.9947974714764954,0.32854003808246657,42.16294265327955,0.7027157108879926,1.7953273135719359
998,150,45,10,500,0,0.7343233344494774,149207980.20646027,80171666.66666324,21730494.650953714,0.9996404193038687,0.27104955596475866,36.80634234443059,0.6134390390738431,1.5646020182951275
999,150,45,10,500,0,0.8175834784338626,137400778.57788157,71118666.66666463,21738311.328073647,0.9999999999999939,0.3056625264076136,39.9692058286783,0.6661534304779716,1.728266930037925
1000,150,40,10,500,0,0.9652723508495211,137946125.57788235,71534833.33333153,21738311.32807368,0.9999999999999953,0.3038842800790416,39.81119423973536,0.6635199039955892,1.8718996789083437
1001,150,40,10,500,0,0.7473394934117342,125591365.57788458,62074833.333332375,21738311.32807363,0.9999999999999929,0.3501952427538905,43.72752835937833,0.7287921393229723,1.756287826937819
1002,150,40,10,500,0,0.7166356251918076,135974864.5858469,70055333.33333182,21719261.063536927,0.9991236548115744,0.3100300866487071,40.38834689578077,0.6731391149296795,1.6377988094404528
1003,150,40,10,500,0,0.7093192750764234,135738550.2445499,69844499.99999857,21738311.32807364,0.9999999999999936,0.311238699225767,40.45866108121708,0.6743110180202847,1.6326212524773218
1004,150,40,10,500,0,0.8015614792596953,131385652.24455029,66511499.99999876,21738311.328073617,0.9999999999999925,0.32683537926635275,41.7990846502632,0.69665141083772,1.7596811935104975
1005,150,40,10,500,0,0.7529610430167927,138448210.91917878,71949166.66666448,21719261.063536838,0.9991236548115703,0.3018695291379909,39.66681810865668,0.661113635144278,1.6555703014714633
1006,150,40,10,500,0,0.9613696272094112,123340692.24455296,60351499.999999344,21738311.328073665,0.9999999999999947,0.3601950461558354,44.52545141477858,0.7420908569129764,1.9916165210470558
1007,150,40,10,500,0,0.7215414445875319,125489193.28314397,61999666.666665345,21736356.897584196,0.9999100928098743,0.35058828645720663,43.763130962271255,0.7293855160378543,1.7313975897911513
1008,150,40,10,500,0,0.6962186150604841,150008776.91121328,80771166.6666632,21738311.32807358,0.9999999999999907,0.26913454671004106,36.60985785685373,0.6101642976142289,1.5216905500427458
1009,150,40,10,500,0,0.8620742786465732,133246049.2445497,67935999.99999869,21738311.328073703,0.9999999999999963,0.31998220866807175,41.21548091771761,0.6869246819619602,1.8049847275429909
1010,150,50,10,500,0,0.8975062166680942,157025295.57787687,86146499.9999953,21738311.328073602,0.9999999999999918,0.2523412016515446,34.97398288466418,0.582899714744403,1.6822788927337329
1011,150,50,10,500,0,0.8042144468999086,141009599.91121325,73883333.33333059,21738311.328073587,0.999999999999991,0.29422483187107235,38.94628453281134,0.6491047422135223,1.688699054610289
1012,150,50,10,500,0,0.799534834053662,142615472.9191784,75142833.33333096,21719261.063536882,0.9991236548115723,0.28903968748677605,38.50774314728289,0.6417957191213814,1.6725623031644643
1013,150,50,10,500,0,0.8297582192750678,148341048.57788,79496999.99999681,21738311.328073654,0.9999999999999941,0.27344819714045215,37.021445194360815,0.6170240865726803,1.6655408635601097
1014,150,50,10,500,0,0.8606626026235124,129928625.24454919,65398666.66666527,21738311.328073654,0.9999999999999941,0.3323968581633792,42.267821965047645,0.7044636994174608,1.8310437885716766
1015,150,50,10,500,0,0.8476526120308748,150722409.0103871,81321166.66666311,21737822.682803456,0.9999775214705986,0.2673082983659983,36.43651953321374,0.6072753255535623,1.6687745762772357
1016,150,50,10,500,0,0.8016848353413549,149320330.91121307,80246833.3333301,21738311.32807364,0.9999999999999936,0.27089307359677145,36.778648737829705,0.6129774789638284,1.6313767731826005
1017,150,50,10,500,0,0.8664931484623882,149392904.87312746,80314666.66666338,21730494.650953718,0.9996404193038688,0.27056695312132206,36.760781943854255,0.6126796990642376,1.6956264100236835
1018,150,50,10,500,0,0.8149821266819486,154528005.91121033,84234333.33332886,21738311.328073613,0.9999999999999922,0.25806948862587425,35.53918894906023,0.5923198158176706,1.6137575334003187
1019,150,50,10,500,0,0.8733821253505112,144105472.9112156,76253833.33333096,21738311.328073647,0.9999999999999938,0.28507827577727446,38.1095866038588,0.63515977673098,1.736604522703311
1020,150,45,8,500,0,0.8165932176620968,146532765.91121155,78110999.9999966,21738311.32807362,0.9999999999999926,0.27830025640530226,37.47830709295176,0.624638451549196,1.6638718743355345
1021,150,45,8,500,0,0.7969988605878598,135499677.9112158,69662999.99999838,21738311.328073587,0.9999999999999911,0.31204960062119197,40.52998564024943,0.6754997606708238,1.722138301755637
1022,150,45,8,500,0,0.7796024853874268,143318845.91917917,75679999.99999766,21719261.063536927,0.9991236548115744,0.28698812187549677,38.31875678860095,0.6386459464766825,1.6478389293645068
1023,150,45,8,500,0,0.8021698785188881,138202880.24454707,71732833.33333096,21738311.328073587,0.9999999999999911,0.30304548583853014,39.737232612535834,0.6622872102089306,1.7068934773986428
1024,150,45,8,500,0,0.8440445370310855,140748056.5778813,73681666.66666433,21738311.328073613,0.9999999999999923,0.29503012501627685,39.01865598379453,0.6503109330632422,1.7303795701073492
1025,150,45,8,500,0,0.8076968059649442,143819261.58584368,76063166.66666362,21719261.063536823,0.9991236548115697,0.28554242500471355,38.18542759463427,0.6364237932439045,1.6725545392126195
1026,150,45,8,500,0,0.7336807524580625,144519131.57788128,76569166.66666411,21738311.328073636,0.9999999999999934,0.2839042433713444,38.00050512371417,0.6333417520619028,1.594145899217041
1027,150,45,8,500,0,0.8297795722179699,129689611.40832213,65365666.66666503,21641801.24044072,0.9955603686884168,0.3310882049257448,42.345720218941096,0.7057620036490183,1.8004121398075843
1028,150,45,8,500,0,0.7343233344494774,149157699.20646027,80133166.66666327,21730494.650953714,0.9996404193038687,0.2711797817918253,36.8187497475299,0.6136458291254984,1.5649129890084361
1029,150,45,8,500,0,0.8175834784338626,137403172.91121492,71120499.99999797,21738311.328073647,0.9999999999999939,0.3056546470859213,39.968509341109666,0.6661418223518277,1.7282490184544272
1030,150,45,10,400,0,0.8531110157502191,143385171.92896912,82521999.99999613,17390649.062459026,1.000000000000001,0.21073954899856814,30.6433359941614,0.5107222665693567,1.5324249215184302
1031,150,45,10,400,0,0.7903855814107377,126430897.59563805,69540166.66666494,17390649.06245898,0.9999999999999986,0.2500806353516468,34.75258092410782,0.5792096820684637,1.5696597717605187
1032,150,45,10,400,0,0.7853085889400275,134020124.89317845,75353666.66666417,17389085.5180675,0.9999100928098836,0.23076628234947305,32.7846284541378,0.54641047423563,1.5163320890552359
1033,150,45,10,400,0,0.7654352929215869,130101410.59563626,72350666.66666394,17390649.06245901,1.0000000000000002,0.24036612050282416,33.772116534971474,0.5628686089161913,1.5205967982400375
1034,150,45,10,400,0,0.8254211076120652,125075704.92897326,68502499.99999876,17390649.062458992,0.9999999999999991,0.2538688232175367,35.129124417048914,0.5854854069508152,1.61400157313691
1035,150,45,10,400,0,0.7643703425008106,131837302.26230374,73679833.33333094,17390649.06245898,0.9999999999999986,0.2360299728662915,33.32744166183018,0.555457361030503,1.5086516818243467
1036,150,45,10,400,0,0.7645651208249503,124211350.59563875,67840666.66666505,17390649.062458962,0.9999999999999973,0.25634549182583766,35.37357881489997,0.5895596469149995,1.55920116120062
1037,150,45,10,400,0,0.7537585779457582,124359799.26230556,67954333.33333188,17390649.062459048,1.0000000000000024,0.25591670478398854,35.33135326740428,0.5888558877900714,1.5473478295630203
1038,150,45,10,400,0,0.7838191592135546,137942852.26230273,78354833.33333005,17390649.062458996,0.9999999999999994,0.22194736843453255,31.85232092812645,0.5308720154687742,1.4922490694299548
1039,150,45,10,400,0,0.8306488523368429,133834176.2623062,75208833.33333132,17390649.06245903,1.0000000000000013,0.23123146965174077,32.8301792763938,0.5471696546065633,1.562803682664799
1040,150,40,10,400,0,0.8173919506395425,139194527.5956371,79311833.33333059,17390649.062459018,1.0000000000000007,0.2192692859509357,31.565896130371424,0.5260982688395237,1.5189056482398149
1041,150,40,10,400,0,0.7747019339548935,124876414.26230627,68348499.99999876,17390649.062459014,1.0000000000000004,0.25444082990057326,35.185187098427605,0.5864197849737934,1.5646743828491454
1042,150,40,10,400,0,0.7450569676352943,128374535.26230356,71026999.99999762,17390649.06245899,0.9999999999999988,0.24484560888760004,34.22641407053423,0.5704402345089039,1.5113736892542782
1043,150,40,10,400,0,0.7131131545951692,126703290.59563684,69747333.33333106,17390649.06245901,1.0000000000000002,0.24933783460002643,34.67786810701272,0.577964468450212,1.4905478907254024
1044,150,40,10,400,0,0.9513608474472185,119357475.92897494,64122666.666666165,17390649.062459007,1.0,0.2712090742086908,36.812105532581654,0.6135350922096943,1.7818631990238654
1045,150,40,10,400,0,0.7432830028527438,130000287.59563714,72271833.33333105,17390649.062458996,0.9999999999999994,0.24062830926469117,33.79838676716479,0.5633064461194132,1.4990920963839098
1046,150,40,10,400,0,0.9357433414208253,111413077.92897461,58039666.66666611,17390649.06245897,0.9999999999999979,0.29963385493471373,39.43702195177688,0.6572836991962813,1.8327341245648774
1047,150,40,10,400,0,0.7723798948144244,123056720.92897117,66955166.66666498,17390649.062459018,1.0000000000000007,0.2597357295671898,35.70548578599066,0.595091429766511,1.5752599082346872
1048,150,40,10,400,0,0.7574398842459183,129578884.92897184,71949166.66666453,17390649.06245903,1.000000000000001,0.2417074424646041,33.90830228558028,0.5651383714263379,1.5159442096439397
1049,150,40,10,400,0,0.7539873342221345,123324886.2623067,67160499.99999887,17390649.062459048,1.0000000000000024,0.25894162584345476,35.62784554817733,0.5937974258029556,1.554938060699854
1050,150,50,10,400,0,0.9092938104762592,154976700.5956343,91398999.9999953,17390649.062459014,1.0000000000000002,0.1902717651446942,28.351358514621605,0.4725226419103601,1.5340338645023748
1051,150,50,10,400,0,0.8314044054867387,133698260.26230304,75106166.66666408,17390649.06245898,0.9999999999999986,0.2315475524086071,32.86355403114289,0.5477259005190481,1.5643683479326724
1052,150,50,10,400,0,0.8681478242792897,141970681.92896968,81440333.3333303,17390649.06245899,0.999999999999999,0.2135385299969258,30.948643341716792,0.5158107223619466,1.554789370638777
1053,150,50,10,400,0,0.864271781130289,135379082.26230228,76393166.66666362,17390649.06245899,0.999999999999999,0.22764665769573217,32.455530991758685,0.5409255165293114,1.5873146238161862
1054,150,50,10,400,0,0.9107000507277764,133710231.92897125,75115333.33333105,17390649.06245899,0.9999999999999988,0.23151929560488557,32.86061161223659,0.5476768602039431,1.6435923474156282
1055,150,50,10,400,0,0.8930699134891007,139260296.59563613,79364999.99999663,17390649.06245895,0.9999999999999968,0.2191223973093894,31.5509883822672,0.52584980637112,1.5942176377077324
1056,150,50,10,400,0,0.8336864845880807,127975803.59563823,70724499.99999793,17390649.062458962,0.9999999999999973,0.2458928527237304,34.33305262831538,0.5722175438052564,1.6026183105723215
1057,150,50,10,400,0,0.8195769852065495,132046170.26230375,73841166.6666644,17390649.062459014,1.0000000000000002,0.235514278112158,33.274724978936646,0.5545787496489442,1.56256715734522
1058,150,50,10,400,0,0.8720339151181488,150022824.928967,87605833.3333287,17390649.062458966,0.9999999999999977,0.19851017221980904,29.287543426011222,0.4881257237668537,1.5189677766608498
1059,150,50,10,400,0,0.8995265758448389,139545222.26230383,79583166.66666365,17390649.062459026,1.000000000000001,0.21852170240096444,31.48656706956941,0.5247761178261569,1.5991200555917673
1060,150,45,8,400,0,0.8806794284721539,144632619.5956346,83477166.66666237,17390649.06245898,0.9999999999999986,0.20832821425172005,30.379039059682608,0.5063173176613768,1.5536593175349065
1061,150,45,8,400,0,0.7903855814107377,125322321.26230398,68691333.33333142,17390649.06245898,0.9999999999999986,0.2531709346515252,35.05999534435389,0.5843332557392314,1.5772555848711893
1062,150,45,8,400,0,0.7853085889400275,132482962.89317834,74176666.66666408,17389085.518067498,0.9999100928098834,0.23442797175304145,33.16501913942506,0.5527503189904177,1.5256012853328784
1063,150,45,8,400,0,0.7654352929215869,130055918.26230296,72315833.33333062,17390649.06245901,1.0000000000000002,0.24048190086255425,33.78392970274813,0.5630654950458022,1.5208863086574325
1064,150,45,8,400,0,0.8254211076120652,124505853.59563963,68066166.66666542,17390649.062458992,0.9999999999999991,0.2554962313012972,35.28990704541362,0.5881651174235604,1.6179832100766633
1065,150,45,8,400,0,0.7643703425008106,131801387.26230341,73652333.33333088,17390649.06245898,0.9999999999999986,0.23611810074982317,33.336523167663756,0.5556087194610626,1.508873542561732
1066,150,45,8,400,0,0.7645651208249503,124177829.92897213,67814999.9999984,17390649.06245897,0.9999999999999979,0.25644251363945114,35.383127588178894,0.5897187931363149,1.5594379248728263
1067,150,45,8,400,0,0.7537585779457582,123845017.59563835,67560166.66666509,17390649.062459037,1.0000000000000016,0.2574098010779444,35.47821370049806,0.5913035616749677,1.5509899804830813
1068,150,45,8,400,0,0.7838191592135546,137923697.59563595,78340166.66666332,17390649.062458996,0.9999999999999994,0.22198892091276812,31.856744537706074,0.5309457422951013,1.4923560382388703
1069,150,45,8,400,0,0.8306488523368429,133824598.92897245,75201499.99999785,17390649.062459003,0.9999999999999999,0.23125401837010567,32.83252881132873,0.5472088135221455,1.562860880555073
1070,150,45,10,300,0,0.80053435846517,120891364.61339396,72119666.66666426,13042986.796844287,1.0000000000000018,0.1808520116590212,27.26249315275615,0.45437488587926916,1.3995908536716561
1071,150,45,10,300,0,0.7697340395126632,115650168.94672798,68106499.99999832,13042986.796844328,1.0000000000000049,0.19150869295654085,28.49801284352768,0.47496688072546134,1.3979078746033573
1072,150,45,10,300,0,0.8394884023439004,129831805.28005962,78965333.33333012,13042986.796844324,1.0000000000000044,0.16517357992762463,25.385151141437525,0.42308585235729207,1.3947131186432922
1073,150,45,10,300,0,0.8029735664332538,127478175.61339259,77163166.6666635,13042986.796844346,1.0000000000000062,0.16903125364448343,25.85383720892967,0.4308972868154945,1.3690958561643352
1074,150,45,10,300,0,0.8439730174734581,120522637.28006245,71837333.33333187,13042986.796844307,1.0000000000000033,0.18156279181917354,27.34590010954905,0.4557650018258175,1.4449882527546145
1075,150,45,10,300,0,0.8066203657617687,130006591.61339338,79099166.66666386,13042986.796844305,1.000000000000003,0.16489411136035698,25.351022275861773,0.42251703793102957,1.361052692781084
1076,150,45,10,300,0,0.7689267528122345,122612890.28006159,73437833.33333121,13042986.796844305,1.000000000000003,0.17760582256890317,26.879718702267137,0.4479953117044523,1.3590067225718094
1077,150,45,10,300,0,0.7977266534176475,115561578.6133934,68038666.6666645,13042986.796844328,1.0000000000000049,0.19169962369698715,28.519859624157316,0.4753309937359553,1.4264173461111924
1078,150,45,10,300,0,0.7645997051333253,129477443.9467259,78693999.99999663,13042986.796844305,1.000000000000003,0.16574309091982695,25.454626686607067,0.42424377811011776,1.3214379559793046
1079,150,45,10,300,0,0.8268972125892076,126532413.94672875,76438999.99999788,13042986.796844285,1.0000000000000016,0.1706326194330727,26.047080721842235,0.43411801203070394,1.3975213201663697
1080,150,40,10,300,0,0.8091618946423869,123000211.28006087,73732999.99999774,13042986.7968443,1.0000000000000027,0.17689483402065156,26.79507592467258,0.44658459874454304,1.397262360603451
1081,150,40,10,300,0,0.7367868411424239,115302429.61339606,67838833.3333322,13042986.796844324,1.0000000000000044,0.19226431464050153,28.583959688019338,0.47639932813365565,1.3669976209884807
1082,150,40,10,300,0,0.7858923200617282,121850931.28006098,72852999.99999768,13042986.79684432,1.0000000000000042,0.17903156763406775,27.047803126140792,0.4507967187690132,1.3799142929379955
1083,150,40,10,300,0,0.750978412809131,124139913.94672762,74605666.66666457,13042986.796844324,1.0000000000000044,0.1748256852273691,26.549075919404395,0.4424845986567399,1.3333235596477662
1084,150,40,10,300,0,0.8085728405837438,111018967.28006372,64558999.999999315,13042986.79684429,1.000000000000002,0.20203204505714817,29.686819115203974,0.4947803185867329,1.4649787952161952
1085,150,40,10,300,0,0.7320561665789199,120999071.55150682,72218666.66666478,13031556.63812226,0.9991236548115828,0.18044582155291247,27.23822553131778,0.45397042552196304,1.3303832493432128
1086,150,40,10,300,0,0.7026783876719934,109734355.92479151,63587333.333332285,13035366.158189297,0.9994157290217597,0.20499941536872407,30.034349518202283,0.5005724919700381,1.3672504119370108
1087,150,40,10,300,0,0.734145490943534,110889673.28006093,64459999.99999847,13042986.796844333,1.0000000000000053,0.2023423331809594,29.721433047026732,0.49535721745044553,1.391376574938747
1088,150,40,10,300,0,0.7358796515832847,129668429.61339308,78838833.33333044,13042986.796844313,1.0000000000000038,0.16543860741442723,25.41713514867451,0.42361891914457517,1.2918494566594017
1089,150,40,10,300,0,0.7361475832221721,108224780.28006308,62419499.99999916,13042986.796844315,1.000000000000004,0.20895692526925866,30.453284279914076,0.507554737998568,1.410867861436147
1090,150,50,10,300,0,0.8801294089682293,138329855.28005788,85473666.66666228,13042986.796844285,1.0000000000000016,0.15259655172756859,23.82565927888406,0.3970943213147343,1.3993009716650184
1091,150,50,10,300,0,0.7978756360221302,129375048.6133928,78616999.99999699,13042986.796844304,1.0000000000000029,0.16590542499516392,25.474773036404653,0.4245795506067442,1.3551795266250055
1092,150,50,10,300,0,0.8909239012178013,129291246.94672526,78552833.33332966,13042986.796844345,1.000000000000006,0.16604094649900114,25.49128481495767,0.42485474691596115,1.4486114053329633
1093,150,50,10,300,0,0.8759952692593173,133811748.2800575,82014166.66666254,13042986.79684434,1.000000000000006,0.15903333932363306,24.630124352774683,0.4105020725462447,1.4137240132644684
1094,150,50,10,300,0,0.9031773037216791,129360682.61339355,78605999.99999711,13042986.796844328,1.0000000000000049,0.16592864153938386,25.477602107665167,0.42462670179441947,1.4605469187476057
1095,150,50,10,300,0,0.8305593093692987,126058296.20623091,76077833.33333045,13042693.609682238,0.9999775214706115,0.17143881520043375,26.145046372894676,0.43575077288157793,1.4034611344112236
1096,150,50,10,300,0,0.8271632539309377,127931265.61339384,77511499.99999727,13042986.796844307,1.0000000000000033,0.16827163449094348,25.762271515079455,0.4293711919179909,1.3911517534416835
1097,150,50,10,300,0,0.8551608629098179,121066711.94672588,72255333.33333051,13042986.796844328,1.0000000000000049,0.18051244378977568,27.22300743948743,0.4537167906581238,1.4532876085997621
1098,150,50,10,300,0,0.835011395999683,139778426.94672522,86582833.3333293,13042986.79684429,1.000000000000002,0.15064171839504248,23.578745819311248,0.3929790969885208,1.3485038677042378
1099,150,50,10,300,0,0.8993279083454091,126966349.28006107,76772666.66666424,13042986.796844278,1.0000000000000009,0.16989102193720887,25.958059113207693,0.4326343185534615,1.4678750444486377
1100,150,45,8,300,0,0.7946355513502585,120192219.28005978,71584333.33333078,13042986.796844328,1.0000000000000049,0.18220448790254096,27.421076170666748,0.45701793617777914,1.3974170778500705
1101,150,45,8,300,0,0.7697340395126632,115674112.2800613,68124833.33333167,13042986.796844328,1.0000000000000049,0.19145715532287022,28.49211405245507,0.47486856754091783,1.3977683313118772
1102,150,45,8,300,0,0.8394884023439004,127119025.61339253,76888166.66666341,13042986.796844324,1.0000000000000044,0.16963581474624237,25.92688218067,0.43211470301116667,1.407311757152061
1103,150,45,8,300,0,0.8029735664332538,126506076.28005865,76418833.3333299,13042986.796844346,1.0000000000000062,0.17067764879309769,26.05250353906931,0.4342083923178218,1.3737240777855537
1104,150,45,8,300,0,0.8439730174734581,120503482.61339587,71822666.66666523,13042986.796844307,1.0000000000000033,0.18159986814995133,27.350246885176908,0.4558374480862818,1.445090360079701
1105,150,45,8,300,0,0.8066203657617687,129898846.61339308,79016666.66666378,13042986.796844319,1.0000000000000042,0.16506627458567552,25.372049759679623,0.4228674959946604,1.3615408814249694
1106,150,45,8,300,0,0.7689267528122345,119236880.28006154,70852833.33333138,13042986.796844315,1.000000000000004,0.18408560650613373,27.640776849066174,0.4606796141511029,1.3768748521682443
1107,150,45,8,300,0,0.7977266534176475,115508903.28006019,67998333.33333127,13042986.796844328,1.0000000000000049,0.19181333067248793,28.532865488377812,0.4755477581396302,1.426725076095268
1108,150,45,8,300,0,0.7645997051333253,127267474.28005931,77001833.33333008,13042986.796844305,1.000000000000003,0.1693854059342075,25.896640273911657,0.431610671231861,1.3317187011125524
1109,150,45,8,300,0,0.8268972125892076,125809325.28006157,75885333.33333108,13042986.796844304,1.0000000000000029,0.17187757138197138,26.196786229186802,0.43661310381978,1.4010123735145648
1110,150,45,10,200,0,0.8726912032666344,123870869.63114846,81222166.66666315,8695324.531229498,0.9999999999999994,0.1070560524064228,17.742670302908273,0.2957111717151379,1.2540472169069106
1111,150,45,10,200,0,0.7727171940043268,108362772.63115114,69347666.66666494,8695324.531229503,1.0,0.12538741314867197,20.28187306983133,0.3380312178305222,1.2110583423537866
1112,150,45,10,200,0,0.7619934976594263,110423046.03433706,70937166.66666491,8687704.425414791,0.9991236548115777,0.12247041760546314,19.903453843471894,0.33172423072453155,1.1916940624683283
1113,150,45,10,200,0,0.8051720354016773,113864950.6311501,73560666.66666405,8695324.531229505,1.0000000000000002,0.11820616812286205,19.301813137560405,0.32169688562600673,1.2214338555259736
1114,150,45,10,200,0,0.846824468079713,102949184.96448573,65202499.99999893,8695324.531229498,0.9999999999999992,0.1333587597289926,21.348396305985062,0.35580660509975104,1.3093180809626581
1115,150,45,10,200,0,0.7330282405134577,118996006.9644824,77489499.99999684,8695324.531229502,0.9999999999999997,0.11221293893017578,18.469527306542254,0.3078254551090376,1.130624046766636
1116,150,45,10,200,0,0.7427042250726313,108865582.6311507,69732666.66666463,8695324.531229502,0.9999999999999999,0.12469513854668432,20.1881985737072,0.33646997622845337,1.1789303121384322
1117,150,45,10,200,0,0.8150983196613246,119984866.63114965,78246666.66666362,8695324.531229509,1.0000000000000007,0.11112709207501723,18.317310021740877,0.30528850036234795,1.2092884936836863
1118,150,45,10,200,0,0.7862773989275097,118126863.96448211,76823999.99999648,8695324.531229503,1.0,0.11318500118751826,18.605420699738758,0.310090344995646,1.1869157448731702
1119,150,45,10,200,0,0.8456738384545556,104725780.29781835,66562833.333331704,8695324.531229496,0.9999999999999991,0.13063332937895333,20.986236567060313,0.34977060945100524,1.2999511114087237
1120,150,40,10,200,0,0.7880066213330585,117877292.29781747,76631499.99999763,8695324.531229515,1.000000000000001,0.11346932438004975,18.644812390559917,0.31074687317599864,1.1895289540130969
1121,150,40,10,200,0,0.7688687923038637,103080312.29781888,65301499.999999024,8695324.531229496,0.9999999999999991,0.1331565818737644,21.32123924547427,0.3553539874245712,1.2307480452274464
1122,150,40,10,200,0,0.7401857801170559,101095409.96448606,63781666.66666557,8695324.5312295,0.9999999999999996,0.13632952830588177,21.739859413716886,0.36233099022861476,1.2115803929903761
1123,150,40,10,200,0,0.7186783429125475,105330985.63115063,67024833.3333314,8695324.531229502,0.9999999999999997,0.12973287808095635,20.86565493364207,0.34776091556070116,1.1702255609380137
1124,150,40,10,200,0,0.9679081612412793,110402183.63115162,70907833.33333136,8695324.531229507,1.0000000000000002,0.12262854641677692,19.907214945519048,0.33178691575865077,1.3977979141333516
1125,150,40,10,200,0,0.6984102556080087,107615179.63115107,68773833.33333147,8695324.531229505,1.0000000000000002,0.1264336174062772,20.42276942279813,0.34037949037996884,1.1399366399129993
1126,150,40,10,200,0,0.9125825492365661,89051913.29782124,54560000.00000028,8695324.531229507,1.0000000000000002,0.15937178393015874,24.679986297989757,0.41133310496649594,1.451413081347189
1127,150,40,10,200,0,0.787399882880974,115413523.2978172,74744999.99999781,8695324.531229498,0.9999999999999994,0.1163331932735267,19.042829100093567,0.31738048500155946,1.1978469225013548
1128,150,40,10,200,0,0.7471508081027829,122426525.63114928,80114833.33332983,8695324.531229513,1.000000000000001,0.10853576259781138,17.951991928788416,0.2991998654798069,1.133179283660839
1129,150,40,10,200,0,0.7854742876567593,103542418.63115239,65655333.33333208,8695324.531229503,1.0,0.13243896709934208,21.226083271525557,0.3537680545254259,1.245193515861659
1130,150,50,10,200,0,0.9099635837621672,130640210.96448065,86406833.33332884,8695324.531229502,0.9999999999999997,0.10063237125802109,16.82330412492638,0.28038840208210636,1.2708578828506905
1131,150,50,10,200,0,0.8318954233604025,116314914.63114975,75437999.99999733,8695324.531229502,0.9999999999999999,0.1152645156450305,18.895255238500752,0.3149209206416792,1.2390279565181062
1132,150,50,10,200,0,0.8198543494383256,118356880.47081952,77001833.33333059,8695129.073121442,0.9999775214706065,0.1129210655995864,18.569262650867685,0.30948771084779475,1.2196789127657894
1133,150,50,10,200,0,0.8285011106525821,122169059.63114792,79920499.99999583,8695324.531229502,0.9999999999999997,0.10879967631871616,17.98982497397937,0.2998304162329895,1.2153712679405446
1134,150,50,10,200,0,0.9515423970866574,123011864.96448359,80565833.33333021,8695324.531229494,0.9999999999999988,0.10792818954970362,17.86656921781128,0.297776153630188,1.3356611023566083
1135,150,50,10,200,0,0.7825153466414111,124103680.96448152,81401833.33332953,8695324.531229502,0.9999999999999997,0.10681976283781375,17.709386078798182,0.2951564346466364,1.1631275915582986
1136,150,50,10,200,0,0.795329026400679,114526347.63114956,74068499.99999726,8695324.531229502,0.9999999999999997,0.11739571519917136,19.190343929227243,0.3198390654871207,1.2090846640471369
1137,150,50,10,200,0,0.8545842069676016,123655940.6311491,81058999.99999656,8695324.53122951,1.0000000000000007,0.10727154950381672,17.773509212596384,0.29622515354327306,1.236626600113928
1138,150,50,10,200,0,0.8749573024870968,133673831.29781403,88729666.66666196,8695324.531229507,1.0000000000000004,0.09799793978597879,16.441512737848345,0.2740252122974724,1.2273808666133523
1139,150,50,10,200,0,0.8966004325527916,115273379.63115175,74640499.99999782,8695324.531229503,1.0,0.11649606488742383,19.065980428720433,0.31776634047867386,1.3075636249414047
1140,150,45,8,200,0,0.8726912032666344,123114260.29781517,80642833.33332986,8695324.531229498,0.9999999999999994,0.10782513673953097,17.851709417605157,0.29752849029341927,1.2564798029516784
1141,150,45,8,200,0,0.7727171940043268,107412222.29781763,68619833.33333154,8695324.5312295,0.9999999999999996,0.1267173659398239,20.461358614350672,0.3410226435725112,1.2151137303286972
1142,150,45,8,200,0,0.7822275011109735,109024755.3676697,69866499.9999979,8687704.425414791,0.9991236548115777,0.12434721111569996,20.158724434540098,0.3359787405756683,1.2176840105792017
1143,150,45,8,200,0,0.8051720354016773,113831429.9644835,73534999.9999974,8695324.531229505,1.0000000000000002,0.11824742682028709,19.307497065491795,0.3217916177581966,1.2215615946161036
1144,150,45,8,200,0,0.8385763445247797,104306771.96448514,66241999.999998614,8695324.531229498,0.9999999999999992,0.13126603259608222,21.070539895034976,0.3511756649172496,1.2947648355188952
1145,150,45,8,200,0,0.7330282405134577,119043893.6311491,77526166.66666348,8695324.531229502,0.9999999999999997,0.11215986685652188,18.462097743625232,0.30770162906042053,1.1304577630590957
1146,150,45,8,200,0,0.7427042250726313,108889525.96448448,69750999.99999815,8695324.531229502,0.9999999999999999,0.1246623637113408,20.183759462015075,0.3363959910335846,1.1788301070752885
1147,150,45,8,200,0,0.8150983196613246,119970500.63114902,78235666.66666344,8695324.531229502,0.9999999999999997,0.11114271663686887,18.319503448244888,0.3053250574707481,1.209337550441568
1148,150,45,8,200,0,0.7861638258290267,118239397.6311487,76910166.66666308,8695324.531229503,1.0,0.11305819383952154,18.58771309759292,0.3097952182932154,1.1864055991938594
1149,150,45,8,200,0,0.8456738384545556,104778455.63115172,66603166.66666505,8695324.531229496,0.9999999999999991,0.1305542208638184,20.975686144266582,0.3495947690711097,1.29971198421672
1150,150,50,8,200,0,0.9099635837621672,130216413.96448088,86082333.33332898,8695324.531229502,0.9999999999999997,0.10101171976321051,16.878056560515432,0.2813009426752572,1.272073902247993
1151,150,50,8,200,0,0.8318954233604025,115364364.29781628,74710166.66666396,8695324.5312295,0.9999999999999996,0.11638743318597623,19.050943620044738,0.31751572700074565,1.2425210969099292
1152,150,50,8,200,0,0.8198543494383256,117679284.13748622,76482999.99999726,8695129.073121442,0.9999775214706065,0.11368708174524735,18.676184309825356,0.3112697384970893,1.2220737533316126
1153,150,50,8,200,0,0.8285011106525821,122135538.96448126,79894833.33332917,8695324.531229502,0.9999999999999997,0.10883462882952323,17.994762365106123,0.29991270608510207,1.2154815198013027
1154,150,50,8,200,0,0.9515423970866574,123062145.9644832,80604333.33333004,8695324.531229494,0.9999999999999988,0.10787663853345167,17.859269255992857,0.29765448759988095,1.3354981955132998
1155,150,50,8,200,0,0.7825153466414111,124151567.63114817,81438499.99999619,8695324.531229502,0.9999999999999997,0.10677166857481299,17.702555367884035,0.2950425894647339,1.1629752709659953
1156,150,50,8,200,0,0.795329026400679,114550290.96448316,74086833.33333077,8695324.531229502,0.9999999999999997,0.1173666647635968,19.186332758259322,0.3197722126376554,1.2089945708492118
1157,150,50,8,200,0,0.8545842069676016,123624814.29781555,81035166.66666307,8695324.53122951,1.0000000000000007,0.10730309924575827,17.777984237900977,0.29629973729834963,1.236726423662558
1158,150,50,8,200,0,0.8749573024870968,133649887.96448061,88711333.33332862,8695324.531229507,1.0000000000000004,0.09801819231548733,16.444458229430744,0.27407430382384573,1.2274461601633324
1159,150,50,8,200,0,0.8966004325527916,115326054.96448505,74680833.33333114,8695324.531229503,1.0,0.1164331481468439,19.057272016083598,0.31762120026805996,1.3073681513383266
1160,150,45,6,200,0,0.8726912032666344,122015261.29781511,79801333.3333298,8695324.531229498,0.9999999999999994,0.10896214596953123,18.012500867703796,0.3002083477950633,1.2600692678373226
1161,150,45,6,200,0,0.7727171940043268,107469686.29781769,68663833.33333157,8695324.5312295,0.9999999999999996,0.12663616505384528,20.45041793375579,0.34084029889592987,1.214866424943333
1162,150,45,6,200,0,0.7822275011109735,109017572.3676696,69860999.99999788,8687704.425414791,0.9991236548115777,0.12435700069301978,20.160052661856763,0.3360008776976127,1.217713979363002
1163,150,45,6,200,0,0.8051720354016773,113888893.96448354,73578999.99999744,8695324.531229505,1.0000000000000002,0.11817671524796215,19.297755237533416,0.32162925395889025,1.2213426615589373
1164,150,45,6,200,0,0.8385763445247797,104026634.9644848,66027499.99999848,8695324.531229498,0.9999999999999994,0.13169246951996816,21.127281496227766,0.35212135827046276,1.296051678411217
1165,150,45,6,200,0,0.7330282405134577,119046287.9644825,77527999.99999687,8695324.531229502,0.9999999999999997,0.11215721457060485,18.461726422378785,0.30769544037297974,1.1304494525429214
1166,150,45,6,200,0,0.7427042250726313,108920652.29781792,69774833.33333153,8695324.531229502,0.9999999999999999,0.12461978217403688,20.177991534522146,0.33629985890870245,1.1786999097205633
1167,150,45,6,200,0,0.7934314313082079,120197962.2978154,78409833.33332989,8695324.531229502,0.9999999999999997,0.11089584254393965,18.2848357658052,0.30474726276342,1.1868953681067795
1168,150,45,6,200,0,0.7814590418549616,115588870.63114993,74880666.66666426,8695324.531229502,0.9999999999999997,0.11612242409562479,19.013941290362578,0.31689902150604293,1.1912560026375043
1169,150,45,6,200,0,0.8456738384545556,104838313.96448505,66648999.999998406,8695324.531229496,0.9999999999999991,0.13046444104532257,20.96370989659873,0.34939516494331213,1.2994405562341258
1170,150,40,6,200,0,0.7880066213330585,115954642.63115036,75159333.33333081,8695324.531229515,1.000000000000001,0.11569187944584136,18.953962947315205,0.3158993824552534,1.196459507344985
1171,150,40,6,200,0,0.7528622548622289,101516812.6311523,64104333.33333251,8695324.531229505,1.0000000000000002,0.13564331893157952,21.64961589156085,0.36082693152601414,1.2222038415335066
1172,150,40,6,200,0,0.7385290313171247,101775400.63115248,64302333.33333213,8695324.5312295,0.9999999999999996,0.13522564548559143,21.594609172457282,0.359910152874288,1.2066197005798858
1173,150,40,6,200,0,0.7186783429125475,105354928.96448396,67043166.666664764,8695324.531229502,0.9999999999999997,0.1296974018912653,20.86091293119183,0.3476818821865305,1.1701181466120902
1174,150,40,6,200,0,0.790172256817952,100386687.2978188,63238999.99999891,8695324.531229496,0.9999999999999991,0.1374993995988179,21.89334123039394,0.3648890205065657,1.265060797003572
1175,150,40,6,200,0,0.6984102556080087,106619136.96448451,68011166.66666496,8695324.531229502,0.9999999999999997,0.12785142436751396,20.613560216043584,0.34355933693405977,1.1442507320360797
1176,150,40,6,200,0,0.7105045166253126,106111538.2978186,67622499.99999857,8695324.531229502,0.9999999999999999,0.12858626243084306,20.712167924957708,0.3452027987492951,1.1585763253192822
1177,150,40,6,200,0,0.7672379373924144,115217187.9644837,74594666.66666429,8695324.531229502,0.9999999999999999,0.11656764377117819,19.07527894776848,0.31792131579614136,1.1784133682054985
1178,150,40,6,200,0,0.7471508081027829,120264442.6311486,78459333.33332968,8695324.531229502,0.9999999999999997,0.1108258783475504,18.274728189949368,0.3045788031658228,1.140390313946646
1179,150,40,6,200,0,0.7854742876567593,101478503.29781836,64074999.99999864,8695324.531229496,0.9999999999999991,0.13570541601606992,21.657788877215825,0.3609631479535971,1.2550017684232122
1180,150,50,6,200,0,0.9099635837621672,129194033.63114731,85299499.99999547,8695324.531229502,0.9999999999999997,0.10193875147251699,17.011621498518906,0.2835270249753151,1.275041609915496
1181,150,50,6,200,0,0.8318954233604025,115421828.29781617,74754166.66666393,8695324.5312295,0.9999999999999996,0.11631892801377607,19.04145890263621,0.3173576483772702,1.2423082141486934
1182,150,50,6,200,0,0.8198543494383256,117408724.47081935,76275833.33333045,8695129.073121442,0.9999775214706065,0.11399585809994564,18.71922218647592,0.31198703644126535,1.2230380723595475
1183,150,50,6,200,0,0.8285011106525821,122193002.96448125,79938833.33332919,8695324.531229502,0.9999999999999997,0.10877472398141853,17.986299924545197,0.2997716654090866,1.2152925552468035
1184,150,50,6,200,0,0.9515423970866574,123002287.63114943,80558499.99999657,8695324.531229496,0.9999999999999991,0.1079380143775004,17.86796036339265,0.2977993393898775,1.3356921479785353
1185,150,50,6,200,0,0.7825153466414111,124153961.96448159,81440333.33332956,8695324.531229502,0.9999999999999997,0.10676926499846395,17.702213970656487,0.2950368995109415,1.162967658151124
1186,150,50,6,200,0,0.795329026400679,114581417.29781656,74110666.66666414,8695324.531229502,0.9999999999999997,0.117328920684784,19.18112074218409,0.3196853457030681,1.2088775086515744
1187,150,50,6,200,0,0.8545842069676016,123646363.29781562,81051666.66666313,8695324.53122951,1.0000000000000007,0.10728125514050572,17.77488590348882,0.2962480983914803,1.2366573094714866
1188,150,50,6,200,0,0.8749573024870968,132651450.96448047,87946833.33332855,8695324.531229507,1.0000000000000004,0.09887024014012231,16.568231889061625,0.2761371981510271,1.2301906927502217
1189,150,50,6,200,0,0.8966004325527916,113968467.9644849,73641333.33333117,8695324.531229503,1.0,0.11807668516634354,19.284281338983018,0.3214046889830503,1.3124664696689168
1190,150,45,4,200,0,0.8726912032666344,122113428.9644819,79876499.99999651,8695324.531229498,0.9999999999999994,0.10885960866124428,17.998020517786422,0.2999670086297737,1.2597458988254036
1191,150,45,4,200,0,0.7727171940043268,105369855.96448429,67055999.99999819,8695324.531229502,0.9999999999999997,0.1296725801006582,20.857957713644264,0.34763262856073773,1.224087886645591
1192,150,45,4,200,0,0.7822275011109735,109015178.0343365,69859166.66666456,8687704.425414791,0.9991236548115777,0.12436026422800711,20.160495443191948,0.33600825738653245,1.2177239698799116
1193,150,45,4,200,0,0.8051720354016773,112950315.29781708,72860333.33333094,8695324.531229505,1.0000000000000002,0.11934236550152745,19.45811301371795,0.3243018835619658,1.224947811364865
1194,150,45,4,200,0,0.8492610674280436,111640614.96448365,71857499.99999762,8695324.531229496,0.9999999999999991,0.12100789105145301,19.68638385500822,0.3281063975834703,1.2741737778526765
1195,150,45,4,200,0,0.7330282405134577,119096568.96448255,77566499.99999689,8695324.531229502,0.9999999999999997,0.11210154552841563,18.45393212507605,0.3075655354179342,1.1302750123541245
1196,150,45,4,200,0,0.7427042250726313,108951778.63115135,69798666.66666491,8695324.531229502,0.9999999999999999,0.12457722971637072,20.172226902697005,0.33620378171161674,1.1785697905573447
1197,150,45,4,200,0,0.7934314313082079,120159652.96448211,78380499.99999659,8695324.531229502,0.9999999999999997,0.11093734450826263,18.290665342131486,0.3048444223688581,1.1870257292836761
1198,150,45,4,200,0,0.7814590418549616,114384520.96448316,73958499.9999975,8695324.531229502,0.9999999999999997,0.11757032026379384,19.21413825461948,0.32023563757699136,1.195750935642988
1199,150,45,4,200,0,0.8456738384545556,104886200.63115169,66685666.66666505,8695324.531229496,0.9999999999999991,0.13039270604722217,20.954138740604197,0.3492356456767366,1.29922364896907
1200,150,45,6,300,0,0.7946355513502585,120218556.94672647,71604499.99999745,13042986.796844328,1.0000000000000049,0.18215317189345354,27.41506871905389,0.45691781198423154,1.397275900849253
1201,150,45,6,300,0,0.7697340395126632,115690872.61339442,68137666.66666493,13042986.796844339,1.0000000000000058,0.19142109548088437,28.4879863514697,0.474799772524495,1.3976706884218657
1202,150,45,6,300,0,0.8394884023439004,126781424.61339223,76629666.66666333,13042986.796844346,1.0000000000000062,0.1702080586306206,25.995921800454802,0.43326536334091337,1.4089202125893103
1203,150,45,6,300,0,0.8029735664332538,126563540.28005865,76462833.33332992,13042986.796844346,1.0000000000000062,0.17057943353975805,26.040674847646358,0.43401124746077263,1.373448360725833
1204,150,45,6,300,0,0.8439730174734581,120484327.94672923,71807999.99999854,13042986.796844307,1.0000000000000033,0.18163695962628917,27.354595042910482,0.4559099173818414,1.4451925025563308
1205,150,45,6,300,0,0.8066203657617687,129908423.94672662,79023999.9999972,13042986.796844319,1.0000000000000042,0.1650509566314636,25.37017923758012,0.42283632062633536,1.3614974516932747
1206,150,45,6,300,0,0.7689267528122345,119268006.61339486,70876666.6666647,13042986.796844315,1.000000000000004,0.18402370498299406,27.633563212666726,0.46055938687777875,1.3767051036764086
1207,150,45,6,300,0,0.7977266534176475,115544818.28005986,68025833.33333117,13042986.79684434,1.000000000000006,0.1917357885633363,28.523996567388885,0.47539994278981473,1.4265152270581314
1208,150,45,6,300,0,0.7645997051333253,125186798.61339208,75408666.66666341,13042986.796844337,1.0000000000000056,0.17296402884962248,26.327057137855636,0.43878428563092725,1.3417552138439506
1209,150,45,6,300,0,0.8268972125892076,125778198.94672777,75861499.99999762,13042986.796844319,1.0000000000000042,0.17193156999063727,26.20326914838323,0.4367211524730539,1.4011636210547713
1210,150,40,6,300,0,0.8091825626318049,120318557.94672635,71679666.66666417,13042986.79684434,1.000000000000006,0.18196215751809852,27.392283087861532,0.4565380514643589,1.4112903401106425
1211,150,40,6,300,0,0.7367868411424239,114746944.28006269,67413499.99999881,13042986.796844324,1.0000000000000044,0.19347737169624116,28.722333485028987,0.47870555808381643,1.3702742965832333
1212,150,40,6,300,0,0.7858923200617282,118800550.6133936,70517333.33333094,13042986.796844345,1.000000000000006,0.18496142976920263,27.742295662629957,0.46237159437716596,1.3962330582542561
1213,150,40,6,300,0,0.7597710127020645,115051024.61339405,67646333.33333145,13042986.796844348,1.0000000000000064,0.1928114378731251,28.6464202389755,0.47744033731625835,1.391460500316823
1214,150,40,6,300,0,0.8214803027629152,114315964.28006247,67083499.99999872,13042986.796844298,1.0000000000000024,0.19442913379362356,28.830618896986476,0.4805103149497746,1.4575339247475885
1215,150,40,6,300,0,0.7320561665789199,120879354.88483985,72126999.99999794,13031556.63812226,0.9991236548115828,0.18067515130426376,27.265201763691284,0.4544200293948547,1.3310163170171858
1216,150,40,6,300,0,0.7026783876719934,109765482.25812498,63611166.66666571,13035366.158189295,0.9994157290217596,0.20492260779458782,30.025832640625424,0.5004305440104238,1.3670470179180874
1217,150,40,6,300,0,0.734145490943534,110872912.94672738,64447166.666665114,13042986.79684434,1.000000000000006,0.20238262551254627,29.725925948960843,0.4954320991493474,1.3914836905029184
1218,150,40,6,300,0,0.7358796515832847,129560684.61339355,78756333.33333056,13042986.796844313,1.0000000000000038,0.16561191011319434,25.438272496279257,0.42397120827132095,1.2923403879451612
1219,150,40,6,300,0,0.7361475832221721,108246329.28006311,62435999.99999916,13042986.796844315,1.000000000000004,0.20890170409450462,30.447221831170427,0.5074536971861738,1.4107226436839495
1220,150,50,6,300,0,0.8801294089682293,138389713.61339137,85519499.99999575,13042986.796844285,1.0000000000000016,0.15251476910932515,23.81535385792633,0.39692256429877215,1.3990637885544617
1221,150,50,6,300,0,0.7978756360221302,127713381.28005931,77344666.66666366,13042986.796844328,1.0000000000000049,0.16863459833703037,25.80622302037973,0.4301037170063288,1.3628870316980832
1222,150,50,6,300,0,0.8909239012178013,128125206.61339164,77659999.99999627,13042986.796844346,1.0000000000000062,0.16794986861762776,25.723275592013938,0.42872125986689896,1.4540050559788025
1223,150,50,6,300,0,0.8759952692593173,132353599.28005728,80897666.66666238,13042986.79684434,1.000000000000006,0.16122821997558684,24.901476181438483,0.4150246030239747,1.4200024482637614
1224,150,50,6,300,0,0.9031773037216791,128877027.28006022,78235666.66666378,13042986.796844328,1.0000000000000049,0.16671407495530355,25.57321556492733,0.4262202594154555,1.4627688231013773
1225,150,50,6,300,0,0.8128470042828577,123523297.94672614,74136333.33333068,13042986.796844337,1.0000000000000056,0.1759324505327321,26.681606262014085,0.4446934377002348,1.3982864024092783
1226,150,50,6,300,0,0.8271632539309377,124586381.94672707,74950333.33333075,13042986.796844319,1.0000000000000042,0.17402173168246665,26.45393459944345,0.4408989099907242,1.407279549267635
1227,150,50,6,300,0,0.8551608629098179,121049951.61339241,72242499.99999718,13042986.79684434,1.000000000000006,0.18054451045914593,27.2267766824565,0.45377961137427497,1.4533760826514095
1228,150,50,6,300,0,0.835011395999683,137841411.28005874,85099666.66666275,13042986.79684429,1.000000000000002,0.15326719019868731,23.910086014019193,0.39850143356698653,1.3561265817256194
1229,150,50,6,300,0,0.8993279083454091,127047756.61339426,76834999.99999747,13042986.796844292,1.0000000000000022,0.1697531957681359,25.94142618377044,0.43235710306284064,1.4674875680227584
1230,150,45,4,300,0,0.7946355513502585,120316724.61339328,71679666.66666417,13042986.796844328,1.0000000000000049,0.18196215751809833,27.392700479423805,0.45654500799039677,1.3967502853551341
1231,150,45,4,300,0,0.7697340395126632,115733970.6133944,68170666.66666494,13042986.796844339,1.0000000000000058,0.19132843251512874,28.4773777528943,0.4746229625482383,1.3974197480730046
1232,150,45,4,300,0,0.8394884023439004,125481301.61339246,75634166.66666351,13042986.79684434,1.000000000000006,0.1724483440708439,26.265267873570124,0.43775446455950207,1.4152015421600777
1233,150,45,4,300,0,0.8029735664332538,126599455.28005877,76490333.33332995,13042986.796844345,1.000000000000006,0.17051810638614362,26.033287368489457,0.43388812280815764,1.3732761743503263
1234,150,45,4,300,0,0.8746514871085066,118707732.61339492,70447666.66666481,13042986.796844326,1.0000000000000047,0.1851443406714867,27.76398746266765,0.4627331243777942,1.48550008402349
1235,150,45,4,300,0,0.8066203657617687,128519710.61339298,77960666.6666637,13042986.796844319,1.0000000000000042,0.16730214548590502,25.6443154460118,0.42740525743353,1.3678673395840226
1236,150,45,4,300,0,0.7689267528122345,119284766.94672772,70889499.99999794,13042986.796844313,1.0000000000000038,0.18399039063394004,27.629680506245162,0.46049467510408604,1.3766137404234726
1237,150,45,4,300,0,0.7977266534176475,115506508.9467266,67996499.99999788,13042986.79684434,1.000000000000006,0.19181850237651568,28.533456945877173,0.4755576157646196,1.4267390710834795
1238,150,45,4,300,0,0.7712721745832076,134821595.9467241,82785999.99999578,13042986.796844337,1.0000000000000056,0.1575506341270867,24.44563852591067,0.40742730876517785,1.304739990650055
1239,150,45,4,300,0,0.8093058560259809,120814745.94672789,72060999.99999781,13042986.796844326,1.0000000000000047,0.1809992478156662,27.279782564400307,0.45466304274000513,1.408768297018519
1240,150,45,6,400,0,0.8806794284721539,144673323.26230133,83508333.33332908,17390649.06245898,0.9999999999999986,0.20825046277768525,30.370491953335307,0.5061748658889218,1.553454664583224
1241,150,45,6,400,0,0.7903855814107377,125379785.26230398,68735333.33333142,17390649.06245898,0.9999999999999986,0.25300887067970085,35.04392666495511,0.5840654444159185,1.5768581223704168
1242,150,45,6,400,0,0.7816338768252159,133252353.26230267,74763333.33333051,17390649.06245899,0.9999999999999988,0.2326093325042531,32.97352648887901,0.5495587748146502,1.5172801176432686
1243,150,45,6,400,0,0.7654352929215869,130113382.26230288,72359833.33333063,17390649.06245901,1.0000000000000002,0.24033567051416177,33.76900917956534,0.5628168196594223,1.5205206489923386
1244,150,45,6,400,0,0.8254211076120652,124541768.59563862,68093666.6666651,17390649.062458992,0.9999999999999991,0.25539304774980626,35.27973024267674,0.5879955040446123,1.6177310498565225
1245,150,45,6,400,0,0.7643703425008106,130462954.92897026,72627499.99999775,17390649.06245897,0.9999999999999979,0.23944991996777404,33.67852584967263,0.5613087641612106,1.5172390426362403
1246,150,45,6,400,0,0.7645651208249503,124194590.26230478,67827833.33333161,17390649.06245897,0.9999999999999979,0.2563939935541616,35.37835255722563,0.5896392092870939,1.5593195249553735
1247,150,45,6,400,0,0.7537585779457582,122291095.26230417,66370333.33333166,17390649.062458992,0.9999999999999991,0.26202443454845936,35.929026480429066,0.598817108007151,1.5621952335916767
1248,150,45,6,400,0,0.7838191592135546,136664278.26230252,77375833.33333014,17390649.062459003,0.9999999999999997,0.22475556402140703,32.15031796068092,0.5358386326780153,1.4994622431086957
1249,150,45,6,400,0,0.8306488523368429,133573193.92897156,75008999.99999765,17390649.062459014,1.0000000000000002,0.23184749913289818,32.894324607798424,0.548238743463307,1.5643655951064686
1250,150,40,6,400,0,0.8172842300772766,138433129.59563714,78728833.33333065,17390649.062459018,1.0000000000000007,0.22089301118979632,31.73951215893392,0.5289918693155653,1.5229905083446789
1251,150,40,6,400,0,0.7747019339548935,123825301.928972,67543666.66666526,17390649.062459014,1.0000000000000004,0.25747268279472607,35.48386259958686,0.5913977099931143,1.5720777901837886
1252,150,40,6,400,0,0.7271190504324874,125255448.34416561,68654666.6666649,17380488.210919015,0.9994157290217576,0.2531581472138742,35.07871360555202,0.5846452267592003,1.514290794962787
1253,150,40,6,400,0,0.7131131545951692,126296253.9289698,69435666.66666433,17390649.06245901,1.0000000000000002,0.2504570042647572,34.78963043884987,0.5798271739808312,1.4933059319878061
1254,150,40,6,400,0,0.7575028928364704,117616795.59563985,62789833.333332546,17390649.062459007,1.0,0.27696600132918375,37.35690959568092,0.6226151599280153,1.6016908538278327
1255,150,40,6,400,0,0.7432830028527438,128329042.92896998,70992166.6666643,17390649.062458996,0.9999999999999994,0.24496574592679815,34.23854725100666,0.5706424541834443,1.5098980537776265
1256,150,40,6,400,0,0.7359233027594838,124392758.92897204,67978166.66666514,17390649.06245899,0.9999999999999988,0.2558269796791525,35.32199171262733,0.5886998618771222,1.529284748379928
1257,150,40,6,400,0,0.7723798948144244,123059115.26230423,66956999.99999829,17390649.062459018,1.0000000000000007,0.2597286178063453,35.70479107244093,0.5950798512073489,1.5752426402668496
1258,150,40,6,400,0,0.7396010249067062,127225255.2623037,70146999.99999775,17390649.06245898,0.9999999999999986,0.24791721759247776,34.53559586845541,0.5755932644742568,1.5135280634549453
1259,150,40,6,400,0,0.7539873342221345,121787724.26230608,65983499.99999876,17390649.062458996,0.9999999999999992,0.26356057290776214,36.07752773618337,0.6012921289363895,1.5661279214847337
1260,150,50,6,400,0,0.9361951099998703,155829083.26230076,92051666.66666193,17390649.06245899,0.9999999999999988,0.1889226962661536,28.196277023616286,0.46993795039360475,1.557271217406398
1261,150,50,6,400,0,0.8314044054867387,132647147.92896922,74301333.33333056,17390649.06245898,0.9999999999999986,0.23405567951844247,33.12396887984973,0.5520661479974954,1.5707150970989883
1262,150,50,6,400,0,0.8681478242792897,140598728.92896926,80389833.33332996,17390649.06245899,0.9999999999999988,0.2163289602846925,31.25063813499876,0.520843968916646,1.5620549614236896
1263,150,50,6,400,0,0.864271781130289,134208253.26230228,75496666.66666359,17390649.06245899,0.999999999999999,0.23034989265477107,32.73867212482508,0.5456445354137514,1.5941962306678572
1264,150,50,6,400,0,0.9107000507277764,132254477.26230417,74000666.66666436,17390649.062459,0.9999999999999996,0.23500665393725562,33.22231572762295,0.5537052621270492,1.65241063600463
1265,150,50,6,400,0,0.8930699134891007,138017637.59563586,78413499.9999966,17390649.06245895,0.9999999999999968,0.2217813139632806,31.835061638085396,0.5305843606347566,1.601079325294482
1266,150,50,6,400,0,0.8336864845880807,127959043.26230446,70711666.66666456,17390649.06245897,0.9999999999999979,0.24593747937576765,34.33754964073237,0.5722924940122062,1.602728962100901
1267,150,50,6,400,0,0.8195769852065495,130702949.2623032,72812666.66666438,17390649.062458996,0.9999999999999994,0.23884098548502838,33.61668596461611,0.5602780994102685,1.5709278730048408
1268,150,50,6,400,0,0.8720339151181488,149599027.92896718,87281333.33332875,17390649.062458966,0.9999999999999977,0.19924820575372984,29.370511699355898,0.4895085283225983,1.5209410080437311
1269,150,50,6,400,0,0.8995265758448389,139533250.59563684,79573999.99999681,17390649.06245902,1.0000000000000007,0.21854687539220996,31.489268552433426,0.5248211425405571,1.599185218699164
1270,150,45,4,400,0,0.8806794284721539,144733181.5956347,83554166.66666242,17390649.06245899,0.9999999999999988,0.20813622774599155,30.35793141254708,0.5059655235424514,1.5531539342113985
1271,150,45,4,400,0,0.7903855814107377,124699794.59563741,68214666.66666482,17390649.062458996,0.9999999999999994,0.25494002847568653,35.23502195210285,0.5872503658683808,1.5815879700596676
1272,150,45,4,400,0,0.7816338768252159,133288268.26230282,74790833.33333056,17390649.062458985,0.9999999999999987,0.23252380388585453,32.964641654382376,0.5494106942397062,1.5170636141736058
1273,150,45,4,400,0,0.7654352929215869,130149297.26230288,72387333.33333063,17390649.062459007,1.0,0.24024436682006506,33.759690543274594,0.5626615090545766,1.5202922954322156
1274,150,45,4,400,0,0.8254211076120652,124599232.59563866,68137666.66666509,17390649.06245899,0.999999999999999,0.2552281273078433,35.26345956125733,0.5877243260209555,1.6173279354792953
1275,150,45,4,400,0,0.7643703425008106,130427039.92897025,72599999.99999778,17390649.06245897,0.9999999999999979,0.23954062069503448,33.687799726136824,0.5614633287689471,1.5174661678257855
1276,150,45,4,400,0,0.7645651208249503,124223322.2623048,67849833.33333163,17390649.06245897,0.9999999999999979,0.2563108589673677,35.370169787620355,0.5895028297936726,1.5591166377925172
1277,150,45,4,400,0,0.7537585779457582,122252785.92897084,66340999.99999836,17390649.062458992,0.9999999999999991,0.26214029125969496,35.94028525904357,0.5990047543173929,1.562475565270907
1278,150,45,4,400,0,0.7838191592135546,136748079.9289693,77439999.99999686,17390649.062459003,0.9999999999999997,0.22456933190159747,32.13061567140292,0.5355102611900487,1.4989848859248813
1279,150,45,4,400,0,0.8306488523368429,133647418.26230502,75065833.333331,17390649.062459014,1.0000000000000002,0.23167196433077036,32.876055947271986,0.5479342657878664,1.5639206895893256
1280,150,45,6,500,0,0.8165932176620968,144804057.2445449,76787333.33332999,21738311.328073617,0.9999999999999925,0.2830976201987467,37.925732914551254,0.6320955485758543,1.6751668623969485
1281,150,45,6,500,0,0.7969988605878598,135384749.9112154,69574999.99999829,21738311.328073587,0.9999999999999911,0.31244428786308476,40.564391510871744,0.6760731918478624,1.72302748272619
1282,150,45,6,500,0,0.7796024853874268,143304479.91917858,75668999.9999975,21719261.063536916,0.999123654811574,0.28702984132917886,38.32259817067329,0.6387099695112215,1.6479363279619914
1283,150,45,6,500,0,0.8021698785188881,137692887.24454653,71342333.33333084,21738311.328073572,0.9999999999999903,0.3047042381765992,39.88441313055194,0.6647402188425323,1.7106734879027
1284,150,45,6,500,0,0.8440445370310855,141557341.2445476,74301333.33333084,21738311.328073613,0.9999999999999922,0.2925695993980504,38.795585956313154,0.6465930992718859,1.724693315821412
1285,150,45,6,500,0,0.8076968059649442,143826444.58584383,76068666.66666368,21719261.063536823,0.9991236548115697,0.28552177940375373,38.18352053277783,0.6363920088796304,1.6725062383675777
1286,150,45,6,500,0,0.7336807524580625,142993941.2445475,75401333.33333081,21738311.328073636,0.9999999999999934,0.2883014181191451,38.405823017409894,0.640097050290165,1.6044189372435436
1287,150,45,6,500,0,0.8297795722179699,128959339.74165565,64806499.999998435,21641801.24044072,0.9955603686884168,0.33394491664325715,42.58551579902415,0.7097585966504025,1.806694102182978
1288,150,45,6,500,0,0.7343233344494774,148104192.5397937,79326499.9999966,21730494.650953714,0.9996404193038687,0.2739373935690424,37.08065184261697,0.6180108640436163,1.5714841133483275
1289,150,45,6,500,0,0.8175834784338626,137467819.9112149,71169999.99999796,21738311.328073647,0.9999999999999939,0.3054420588460625,39.94971334779979,0.6658285557966632,1.7277656813073758
1290,150,40,6,500,0,0.7589342257547288,137838380.57787952,71452333.33333087,21738311.328073587,0.9999999999999911,0.3042351496999072,39.842313708097436,0.6640385618016239,1.6663609073162786
1291,150,40,6,500,0,0.7473394934117342,125617703.24455148,62094999.99999913,21738311.32807363,0.9999999999999929,0.3500815094302912,43.71836021638296,0.728639336939716,1.7560440378956832
1292,150,40,6,500,0,0.7166361545883384,135318817.25251293,69552999.99999839,21719261.063536927,0.9991236548115744,0.31226922007012536,40.584156080465704,0.6764026013410951,1.6428541319855339
1293,150,40,6,500,0,0.7093192750764234,135705029.57788286,69818833.3333318,21738311.328073632,0.9999999999999931,0.31135311620418715,40.46865482497232,0.6744775804162053,1.6328793484559785
1294,150,40,6,500,0,0.8015614792596953,131857335.91121568,66872666.66666517,21738311.328073613,0.9999999999999923,0.3250702029938605,41.64955982197174,0.6941593303661957,1.7557769720209795
1295,150,40,6,500,0,0.7529610430167927,137533575.58584464,71248833.33333105,21719261.063536823,0.9991236548115696,0.3048367257036375,39.93061313651495,0.6655102189419159,1.6623406425216185
1296,150,40,6,500,0,0.6879068000321177,131771139.91121635,66806666.666665345,21738311.328073606,0.999999999999992,0.3253913480901213,41.67680422056164,0.6946134036760274,1.6428332821802423
1297,150,40,6,500,0,0.7215414445875319,126449320.94981018,62734833.33333191,21736356.897584185,0.9999100928098738,0.34647986999648805,43.430838210509535,0.7238473035084922,1.7225726440932145
1298,150,40,6,500,0,0.6962186150604841,148924143.9112126,79940666.6666631,21738311.328073576,0.9999999999999906,0.271930573442902,36.87649198960088,0.6146081998266814,1.5283712736414872
1299,150,40,6,500,0,0.8194840441211856,131103120.91121656,66295166.66666533,21738311.32807366,0.9999999999999944,0.32790190327712326,41.88916298734844,0.6981527164558073,1.7799582831986918
1300,150,50,6,500,0,0.9139197432166464,157159378.24454418,86249166.66666237,21738311.32807362,0.9999999999999926,0.25204082738663797,34.94414435424027,0.5824024059040045,1.6979548110299614
1301,150,50,6,500,0,0.8042144468999086,140885094.5778795,73787999.9999972,21738311.328073587,0.999999999999991,0.2946049673127664,38.98070279510089,0.6496783799183482,1.68957680066847
1302,150,50,6,500,0,0.799534834053662,140740709.91917828,73707333.33333091,21719261.063536856,0.9991236548115713,0.29466893023133256,39.02069275587511,0.6503448792645852,1.6856148575033132
1303,150,50,6,500,0,0.8297582192750678,148307527.91121307,79471333.33333007,21738311.328073654,0.9999999999999942,0.2735365120514049,37.029812831131295,0.6171635471855216,1.6657509761017133
1304,150,50,6,500,0,0.8606626026235124,129935808.24454919,65404166.66666528,21738311.328073658,0.9999999999999943,0.3323689060800018,42.26548535153612,0.7044247558589354,1.8309824833464492
1305,150,50,6,500,0,0.8476526120308748,149625804.3437198,80481499.99999626,21737822.68280344,0.9999775214705979,0.27009713639537597,36.703562090027326,0.6117260348337887,1.6754563559809643
1306,150,50,6,500,0,0.8005565754103627,147680212.57787964,78990999.99999686,21738311.328073643,0.9999999999999937,0.27519984970533995,37.18710790116097,0.6197851316860162,1.6405015868606507
1307,150,50,6,500,0,0.8664931484623882,149424031.20646122,80338499.99999683,21730494.650953714,0.9996404193038687,0.27048668634533346,36.7531243512759,0.612552072521265,1.69543457005992
1308,150,50,6,500,0,0.8149821266819486,153812100.2445438,83686166.66666234,21738311.328073613,0.9999999999999922,0.2597599124675094,35.704603157155134,0.5950767192859189,1.617866775941875
1309,150,50,6,500,0,0.8733821253505112,144172514.2445489,76305166.66666427,21738311.328073647,0.9999999999999938,0.2848864929820086,38.091865351565396,0.6348644225260899,1.7361557422622078
1310,150,45,4,500,0,0.8165932176620968,144866309.91121155,76834999.99999669,21738311.328073617,0.9999999999999925,0.2829219929468934,37.90943528116316,0.6318239213527194,1.674754733372331
1311,150,45,4,500,0,0.7969988605878598,135408693.24454862,69593333.33333157,21738311.328073587,0.9999999999999911,0.3123619790412033,40.55721880486497,0.6759536467477496,1.722842090568572
1312,150,45,4,500,0,0.7948852356103497,142544665.53253862,75164833.33333047,21669786.822457436,0.996847753968458,0.2882968784931552,38.52687141593797,0.6421145235989661,1.66763726200384
1313,150,45,4,500,0,0.8021698785188881,137070360.5778799,70865666.6666642,21738311.328073565,0.99999999999999,0.30675378290485267,40.065554484915054,0.6677592414152509,1.715332146258021
1314,150,45,4,500,0,0.8440445370310855,141607622.24454767,74339833.33333085,21738311.328073606,0.999999999999992,0.2924180799626176,38.78181070307076,0.646363511717846,1.7243425127190255
1315,150,45,4,500,0,0.8076968059649442,143649263.91917676,75932999.9999969,21719261.06353682,0.9991236548115695,0.28603191054663596,38.23061706107956,0.6371769510179928,1.6736992854202457
1316,150,45,4,500,0,0.7336807524580625,140111163.91121322,73193999.99999747,21738311.328073613,0.9999999999999922,0.29699581014938886,39.19602012213736,0.6532670020356227,1.6245444026131963
1317,150,45,4,500,0,0.8297795722179699,128848219.91121528,64569999.99999835,21738311.328073576,0.9999999999999906,0.33666271222044497,42.622241919866674,0.7103706986644446,1.8094804406587706
1318,150,45,4,500,0,0.7343233344494774,146793748.24454513,78310833.33332974,21738311.328073587,0.999999999999991,0.277590090703601,37.41167499075749,0.6235279165126248,1.5799233235249832
1319,150,45,4,500,0,0.8175834784338626,137542044.2445482,71226833.33333126,21738311.32807365,0.999999999999994,0.3051983404392205,39.92815455204113,0.6654692425340188,1.7272113933192577
1320,150,45,6,600,0,0.861157129991258,161010345.22679016,82375333.3333301,26085973.593688402,0.9999999999999951,0.31667214611602296,40.92780492283261,0.6821300820472102,1.7966249289312866
1321,150,45,6,600,0,0.7741976166580681,137509963.56012955,64381166.66666567,26085973.593688264,0.9999999999999898,0.40518019390280285,47.922345620566254,0.7987057603427709,1.8970475321230813
1322,150,45,6,600,0,0.7818330817075949,140830903.89346015,66923999.999998316,26085973.59368824,0.9999999999999888,0.38978503367534656,46.792286478436885,0.7798714413072815,1.8735325499551538
1323,150,45,6,600,0,0.8155446344182403,165368031.8934529,85711999.99999508,26085973.59368823,0.9999999999999886,0.30434447444569873,39.8492981052458,0.6641549684207634,1.7231751823955626
1324,150,45,6,600,0,0.8450599244014998,150633304.56012353,74429666.66666402,26085973.593688205,0.9999999999999877,0.3504781730451003,43.74729757966478,0.7291216263277464,1.8545640891653266
1325,150,45,6,600,0,0.7792095792146728,152452997.89345554,75822999.9999969,26085973.59368827,0.99999999999999,0.3440377404440517,43.22512571779925,0.7204187619633209,1.774858533533235
1326,150,45,6,600,0,0.7045489905581447,145126337.89345682,70212999.99999753,26085973.593688186,0.9999999999999868,0.3715262642771154,45.40733333213329,0.7567888888688882,1.7585588908487253
1327,150,45,6,600,0,0.8359398277669448,151447377.8934567,75052999.99999736,26085973.593688298,0.9999999999999911,0.3475673669765261,43.51214323853086,0.7252023873088477,1.8391961086570134
1328,150,45,6,600,0,0.7745490483914311,157521801.56012234,79704166.66666326,26085973.5936882,0.9999999999999875,0.3272849423642342,41.834209199828315,0.6972368199971386,1.733613822279957
1329,150,45,6,600,0,0.8573654665306736,152405111.22679195,75786333.33333085,26085973.593688197,0.9999999999999872,0.34420419152559234,43.23870733045042,0.7206451221741736,1.8533739419253212
1330,150,40,6,600,0,0.7655408320989793,147805035.89345682,72262666.66666418,26085973.59368817,0.9999999999999862,0.36098825018482206,44.584407832694986,0.7430734638782498,1.7974048961250868
1331,150,40,6,600,0,0.7410384468454019,132821297.89346594,60789666.666666366,26085973.593688242,0.999999999999989,0.42911854964969437,49.614031066656075,0.8269005177776012,1.9112338043427586
1332,150,40,6,600,0,0.7287697063790597,133903536.56013052,61618333.33333254,26085973.593688246,0.9999999999999892,0.4233476009903208,49.21303924665794,0.8202173207776323,1.8876651079489486
1333,150,40,6,600,0,0.7525491131347692,139288392.22679332,65741499.99999817,26085973.593688183,0.9999999999999867,0.3967961423710884,47.310475012665094,0.7885079168777516,1.8584939439093915
1334,150,40,6,600,0,0.8224569821769876,141606106.8934614,67516166.6666653,26085973.593688298,0.9999999999999911,0.3863663309334134,46.53612859336564,0.7756021432227607,1.907152190146479
1335,150,40,6,600,0,0.7456693169946779,139897745.7458044,66208999.99999858,26085387.21936405,0.9999775214705953,0.39398551887756367,47.10440446963121,0.7850734078271869,1.8459311399239158
1336,150,40,6,600,0,0.6783395853144663,142298069.2267915,68045999.99999782,26085973.59368817,0.9999999999999862,0.3833579283674133,46.309834250086155,0.7718305708347692,1.756856498843166
1337,150,40,6,600,0,0.7767027258050917,137518979.8934626,64386666.66666557,26085973.593688246,0.9999999999999892,0.4051455828384038,47.91920362632989,0.7986533937721648,1.8994725858479797
1338,150,40,6,600,0,0.6881977848120489,145518447.56012473,70511833.33333112,26085973.593688205,0.9999999999999877,0.36995171392540294,45.28498008664677,0.7547496681107795,1.7389088240631507
1339,150,40,6,600,0,0.7557983962019004,142298069.22679344,68045999.99999832,26085973.593688324,0.9999999999999921,0.38335792836741284,46.30983425008553,0.7718305708347588,1.8343153097305895
1340,150,50,6,600,0,0.8434223453486175,166374212.89345524,86483833.3333293,26085973.593688324,0.9999999999999921,0.30162832275422813,39.60830158349153,0.6601383597248589,1.7448633632768589
1341,150,50,6,600,0,0.8612981491198729,149312193.56012306,73419499.99999735,26085973.593688175,0.9999999999999865,0.3553003438281263,44.134372705110025,0.7355728784185004,1.8811113026008743
1342,150,50,6,600,0,0.934994863064956,154054019.43634734,77086166.66666383,26063113.276244123,0.9991236548115675,0.338103636531134,42.775904349076725,0.7129317391512787,1.918409511441142
1343,150,50,6,600,0,0.8973192414157755,166177877.56011966,86333499.9999951,26085973.593688227,0.9999999999999885,0.3021535509818287,39.65509787917438,0.6609182979862396,1.799960380187478
1344,150,50,6,600,0,0.8611069828504706,148579527.56012338,72858499.99999756,26085973.59368824,0.9999999999999888,0.3580361055153361,44.352005341606755,0.7392000890267793,1.8867359562895185
1345,150,50,6,600,0,0.783093435964828,153929514.10301295,76990833.33333027,26063113.27624415,0.9991236548115685,0.3385222908733098,42.81050348531578,0.7135083914219297,1.7674196600854057
1346,150,50,6,600,0,0.7680903027323028,152314687.56012115,75718499.9999966,26085973.593688197,0.9999999999999872,0.3445125510105108,43.26437657168746,0.7210729428614576,1.764773286402169
1347,150,50,6,600,0,0.8607879403890519,157045890.2267884,79341166.66666308,26085973.593688246,0.9999999999999892,0.3287823293963339,41.96098344556318,0.6993497240927197,1.823163527998839
1348,150,50,6,600,0,0.8261009362174058,169951346.89345407,89222833.33332855,26085973.593688283,0.9999999999999906,0.2923688098564794,38.77462650608635,0.6462437751014392,1.7062397592040284
1349,150,50,6,600,0,0.8974967440231643,152637922.56012458,75965999.99999736,26085973.5936882,0.9999999999999875,0.3433901165480492,43.172757395228935,0.7195459565871489,1.8917547938487524
1350,150,45,4,600,0,0.861157129991258,160857107.89345524,82257999.99999623,26085973.5936883,0.9999999999999913,0.3171238492753228,40.96679398441502,0.6827798997402503,1.7976361091517665
1351,150,45,4,600,0,0.7741976166580681,137517146.56012964,64386666.66666569,26085973.593688264,0.9999999999999898,0.40514558283840324,47.9198424693796,0.7986640411563267,1.8969781240851176
1352,150,45,4,600,0,0.7818330817075949,140766256.8934602,66874499.99999834,26085973.59368824,0.9999999999999888,0.3900735496144103,46.81377586808698,0.7802295978014496,1.874121519200573
1353,150,45,4,600,0,0.8155446344182403,165341694.22678632,85691833.33332843,26085973.59368823,0.9999999999999886,0.3044160986989004,39.85564579350012,0.664260763225002,1.7233382766023628
1354,150,45,4,600,0,0.8450599244014998,150690768.5601236,74473666.66666403,26085973.593688205,0.9999999999999877,0.3502711060333066,43.73061510646392,0.7288435851077321,1.8541203943358773
1355,150,45,4,600,0,0.7792095792146728,152522433.56012234,75876166.66666362,26085973.59368827,0.99999999999999,0.3437966721261527,43.20544752783785,0.7200907921306308,1.7743377090462258
1356,150,45,4,600,0,0.7045489905581447,145155069.893457,70234999.99999759,26085973.59368819,0.999999999999987,0.37140988956630006,45.39834540286382,0.7566390900477303,1.758315992258915
1357,150,45,4,600,0,0.8359398277669448,151363576.22678962,74988833.33333057,26085973.593688257,0.9999999999999896,0.34786477444894087,43.53623351318308,0.7256038918863846,1.839835539212482
1358,150,45,4,600,0,0.7745490483914311,157593631.5601221,79759166.66666318,26085973.593688216,0.999999999999988,0.32705925455200785,41.815141479787435,0.6969190246631239,1.7331154766961614
1359,150,45,4,600,0,0.8573654665306736,152479335.5601253,75843166.66666417,26085973.5936882,0.9999999999999875,0.34394626095107306,43.217659467053004,0.7202943244508834,1.8528167997424156
1360,150,45,6,700,0,0.8643838915820184,163248246.9534985,77467499.99999727,30306340.6312881,0.9958172849079323,0.3912136138547025,47.092695593784114,0.7848782598964019,1.9622330425621823
1361,150,45,6,700,0,0.8008322303906723,157292523.1777374,73030833.33333102,30227552.38868411,0.9932284308200332,0.4139012388194721,48.87581332338944,0.8145968887231573,1.9465501101694072
1362,150,45,6,700,0,0.7679791413963338,159375915.84440356,74453499.9999976,30337552.388684303,0.9968428527217978,0.4074697950893548,48.236899278467455,0.8039483213077909,1.8979032987756086
1363,150,45,6,700,0,0.7925918230451944,161713901.36464602,76334499.99999678,30279670.26093677,0.9949409397195157,0.3966708403269563,47.53951228141424,0.7923252046902374,1.9022536999969968
1364,150,45,6,700,0,0.8295675089616427,152509205.45350155,69189999.99999812,30341173.964621603,0.9969618518434948,0.43851964105538993,50.408760422949875,0.8401460070491645,2.020529228855119
1365,150,45,6,700,0,0.8120778564452515,160763351.03131354,75606666.66666378,30279670.260936797,0.9949409397195165,0.40048942237374946,47.82060059511056,0.7970100099185093,1.9294794042627605
1366,150,45,6,700,0,0.7391668383876564,154649958.34440514,70889499.99999788,30302719.05535093,0.9956982857862398,0.42746413862915994,49.71097362263289,0.8285162270438815,1.909654376334866
1367,150,45,6,700,0,0.797679995313006,158600845.95350072,73908999.99999797,30306340.631288245,0.9958172849079372,0.4100493935960313,48.472629220741624,0.807877153679027,1.9335966638688582
1368,150,45,6,700,0,0.7214723498520382,164632171.62016448,78527166.66666381,30306340.631288186,0.9958172849079352,0.385934472332793,46.69682677658601,0.7782804462764334,1.808500373994706
1369,150,45,6,700,0,0.8504511945923328,155003084.01107433,71223166.66666515,30262385.722017553,0.9943729977555936,0.42489525723631394,49.59772283918389,0.8266287139863981,2.016996114367782
1370,150,40,6,700,0,0.8043131405189463,160079982.9535004,75040166.66666462,30306340.63128816,0.9958172849079344,0.40386824786666237,48.02474274521338,0.8004123790868897,1.927820117899166
1371,150,40,6,700,0,0.7813889249318796,152543999.1777412,69393499.99999855,30227552.388684195,0.9932284308200361,0.4355963078484991,50.39726270085741,0.8399543783476235,1.9698203495583024
1372,150,40,6,700,0,0.776105089010495,149896189.1777404,67193499.99999838,30337552.388684224,0.9968428527217953,0.4514953438752998,51.28749464660599,0.8547915774434333,1.992092941554168
1373,150,40,6,700,0,0.7254132645042972,160381668.95349866,75271166.66666403,30306340.63128821,0.9958172849079361,0.40262881490197805,47.93440578442299,0.7989067630737166,1.8464230794995962
1374,150,40,6,700,0,0.7773327990982538,143635245.12017268,62393833.333332434,30341173.964621603,0.9969618518434948,0.4862848192469134,53.52307501942151,0.8920512503236918,2.0584119048194762
1375,150,40,6,700,0,0.7302682334628083,151038980.286835,68117499.99999814,30306340.631288283,0.9958172849079384,0.44491269690298546,50.89944321260815,0.8483240535434692,1.9345224445286657
1376,150,40,6,700,0,0.6934308328521884,148768914.67774117,66384999.99999848,30302719.05535092,0.9956982857862394,0.4564693689139355,51.67611806978014,0.8612686344963356,1.9198749624796725
1377,150,40,6,700,0,0.7386438875932403,150464340.28683773,67677499.99999881,30306340.631288253,0.9958172849079374,0.4478052621815048,51.09383383029069,0.8515638971715115,1.9484519945099557
1378,150,40,6,700,0,0.707013883773596,164471190.28682962,78402499.99999663,30306340.63128824,0.9958172849079371,0.386548141083378,46.742532759645364,0.779042212660756,1.7952946093010542
1379,150,40,6,700,0,0.7654423230842238,151480458.67774162,68524499.99999866,30262385.722017456,0.9943729977555904,0.44162869808634936,50.751100617901926,0.845851676965032,1.9645969585183352
1380,150,50,6,700,0,0.8911953794213331,173048814.28682902,84973166.66666247,30306340.631288264,0.9958172849079377,0.35665777586206343,44.42561500165753,0.7404269166942922,1.916948516805276
1381,150,50,6,700,0,0.8484852728613772,158688980.511069,74101499.99999726,30227552.38868418,0.9932284308200355,0.4079209245249461,48.44570792024059,0.8074284653373431,1.9822504778186771
1382,150,50,6,700,0,0.8725935967726023,164402182.51106763,78303499.99999678,30337552.388684176,0.9968428527217936,0.3874354580406421,46.762152926299834,0.7793692154383306,1.9619111786434464
1383,150,50,6,700,0,0.8895435316238668,172433470.62016243,84501999.99999598,30306340.63128832,0.9958172849079396,0.35864643004058794,44.58415162874461,0.7430691938124101,1.9195298694687473
1384,150,50,6,700,0,0.8741090651390458,160712752.45349702,75472833.33333041,30341173.964621574,0.9969618518434937,0.40201450806302597,47.835656366003064,0.7972609394333844,1.9929816110228509
1385,150,50,6,700,0,0.840140959562863,165382158.95349586,79102833.33332986,30306340.631288216,0.9958172849079362,0.3831258547159863,46.48506252818811,0.7747510421364685,1.9213926854721206
1386,150,50,6,700,0,0.7952016231706915,161548593.67773497,76173166.66666377,30302719.055350956,0.9956982857862406,0.39781356587099276,47.588157996200195,0.7931359666033366,1.9065884424708224
1387,150,50,6,700,0,0.8727855185385769,168918589.286828,81810666.6666626,30306340.631288245,0.9958172849079372,0.370444855984017,45.51186481285326,0.758531080214221,1.9276724835400114
1388,150,50,6,700,0,0.8359061263439985,176597216.28682855,87690166.66666219,30306340.631288268,0.9958172849079379,0.3456070593010978,43.5329625327361,0.7255493755456016,1.8379411493304785
1389,150,50,6,700,0,0.8683368259149249,160158644.67773876,75172166.66666466,30262385.722017564,0.994372997755594,0.4025743445204901,48.00115545101491,0.8000192575169152,1.9904155590482322
1390,150,45,4,700,0,0.8643838915820184,163310499.62016526,77515166.66666397,30306340.631288093,0.9958172849079322,0.3909730435285458,47.07474423188113,0.7845790705313521,1.9617413969362074
1391,150,45,4,700,0,0.8008322303906723,156784924.5110703,72642166.66666423,30227552.38868419,0.9932284308200359,0.41611578750659334,49.03405109881708,0.8172341849802847,1.9509590453762315
1392,150,45,4,700,0,0.7679791413963338,157829176.5110702,73269166.66666427,30337552.388684306,0.996842852721798,0.4140561953803028,48.70962498787907,0.8118270831313178,1.911051180831894
1393,150,45,4,700,0,0.7925918230451944,161718690.03131276,76338166.66666347,30279670.260936778,0.9949409397195158,0.39665178747552726,47.538104584642944,0.7923017430773824,1.9022149961029986
1394,150,45,4,700,0,0.8295675089616427,152667231.45350152,69310999.99999812,30341173.964621563,0.9969618518434934,0.43775409335635596,50.35658226592983,0.8392763710988305,2.019047154745558
1395,150,45,4,700,0,0.8120778564452515,160832786.6979803,75659833.33333048,30279670.260936797,0.9949409397195165,0.4002079958005627,47.79995520712159,0.7966659201186932,1.928910173204395
1396,150,45,4,700,0,0.7391668383876564,153488706.677739,70000333.33333132,30302719.05535094,0.9956982857862401,0.43289392510538255,50.087072634868896,0.8347845439144816,1.9202665223864441
1397,150,45,4,700,0,0.797679995313006,157990290.95350084,73441499.99999796,30306340.631288223,0.9958172849079364,0.41265960841335025,48.65995216289998,0.8109992027149996,1.938806884758686
1398,150,45,4,700,0,0.7214723498520382,164634565.95349783,78528999.99999714,30306340.631288186,0.9958172849079352,0.3859254623297036,46.696147649646505,0.7782691274941084,1.8084818472099093
1399,150,45,4,700,0,0.8504511945923328,153341416.67774096,69950833.33333178,30262385.722017586,0.9943729977555948,0.43262366264902624,50.13518308727065,0.8355863847878441,2.0321365094993977
1400,150,45,6,800,0,0.8794214284066643,178303373.25074327,82642999.99999596,34355107.49183,0.9877465576023833,0.41570499003946704,49.27444635410663,0.8212407725684439,2.0332261930066817
1401,150,45,6,800,0,0.8475192288750584,163991825.08408225,71716333.33333078,34334940.82516319,0.9871667440889722,0.47876040546548315,53.57462175626941,0.8929103626044902,2.123437915851935
1402,150,45,6,800,0,0.7637909636736148,164746819.25074977,72176499.99999775,34410107.49182986,0.9893278671843984,0.4767494612766056,53.329102437041534,0.8888183739506922,2.0340089066455915
1403,150,45,6,800,0,0.8238110949666346,173395953.4230457,78789333.33333008,34416341.67385361,0.9895071066711297,0.43681473389614967,50.669002514520606,0.8444833752420101,2.0177462573255647
1404,150,45,6,800,0,0.8296567636081719,167461993.25074825,74255499.99999735,34410107.49182992,0.9893278671844002,0.46340146510132113,52.46444180826531,0.8744073634710886,2.0747852991603173
1405,150,45,6,800,0,0.7297960855085943,162703317.25638267,70656666.6666643,34381508.34052019,0.988505610602515,0.4865996368427797,53.99889902770463,0.8999816504617438,2.019057445444562
1406,150,45,6,800,0,0.7707157727009627,162385227.41741702,70486166.66666451,34334940.825163215,0.987166744088973,0.48711601792074,54.104675281919505,0.9017445880319918,2.0621531750695463
1407,150,45,6,800,0,0.8237609951549718,163206036.55648002,71070999.9999977,34362767.47510467,0.9879667904196622,0.48349914135309446,53.832567626624126,0.8972094604437354,2.107769768681183
1408,150,45,6,800,0,0.7886895652624785,172391602.9174127,78202666.6666635,34300107.49182989,0.986165248020361,0.438605343703087,50.96419924936249,0.8494033208227081,1.9889771610476563
1409,150,45,6,800,0,0.8604117601905589,166131284.7507511,73331499.999998,34349607.49182977,0.9875884266441747,0.4684154489111869,52.88468101105369,0.8814113501842281,2.1165554695037367
1410,150,50,6,800,0,0.9131463335170553,183593016.58407578,86694666.66666207,34355107.49183,0.9877465576023833,0.3962770584714764,47.8547613818229,0.7975793563637149,2.0277473366579515
1411,150,50,6,800,0,0.8577097142713676,167535999.41741335,74431499.99999695,34334940.82516333,0.9871667440889762,0.4612958334195164,52.44126653705222,0.8740211089508704,2.100767489957851
1412,150,50,6,800,0,0.8279661198367887,179278589.2507449,83304833.33332968,34410107.49182985,0.9893278671843982,0.4130625572965717,49.00640972643918,0.816773495440653,1.9751896611146993
1413,150,50,6,800,0,0.8144650491567959,175407704.75297612,80342166.66666317,34409306.20773925,0.9893048293987549,0.4282845190185405,50.08787961950077,0.8347979936583462,1.9918906580299747
1414,150,50,6,800,0,0.8865810112516618,173946408.91741243,79221999.99999683,34410107.49182994,0.9893278671844009,0.43435040130053926,50.508659849203255,0.841810997486721,2.0758723297788144
1415,150,50,6,800,0,0.7710202913574179,167837328.92304647,74589166.66666363,34381508.34052019,0.988505610602515,0.4609450658454189,52.34711524769496,0.872451920794916,2.0122282648286687
1416,150,50,6,800,0,0.8389610294039305,168441057.41741362,75124499.99999706,34334940.82516322,0.9871667440889731,0.45704052373279774,52.15949207815715,0.8693248679692859,2.0739183163594546
1417,150,50,6,800,0,0.865839226299517,169339232.58113557,75780833.33333029,34354952.45541652,0.9877421001375434,0.4533461951296115,51.88283817095047,0.8647139695158412,2.0932301519190473
1418,150,50,6,800,0,0.859090846479174,182213719.25074288,85724833.33332895,34300107.49182991,0.9861652480203615,0.4001186839110992,48.21700603075847,0.8036167671793079,1.9828025607873614
1419,150,50,6,800,0,0.9012213473665437,173137665.08408025,78697666.66666365,34349607.491829805,0.9875884266441758,0.43647555190324727,50.74459099199115,0.8457431831998525,2.096144972088994
1420,150,45,4,800,0,0.8794214284066643,176596213.5840759,81335833.3333292,34355107.49182994,0.9877465576023815,0.4223858794319643,49.75078356262241,0.8291797260437068,2.0465098579959426
1421,150,45,4,800,0,0.8475192288750584,164343792.08408207,71985833.33333072,34334940.825163215,0.987166744088973,0.47696802600277083,53.459883629221494,0.8909980604870249,2.1200917101643
1422,150,45,4,800,0,0.7535700794687,164907239.58408338,72299333.33333114,34410107.49182989,0.9893278671843992,0.4759394852672352,53.277224348420866,0.8879537391403478,2.0222754068228364
1423,150,45,4,800,0,0.8238110949666346,173350461.08971205,78754499.99999668,34416341.67385361,0.9895071066711297,0.43700793826200496,50.68229957261658,0.844704992876943,2.0181224384531817
1424,150,45,4,800,0,0.8296567636081719,167505091.25074786,74288499.99999726,34410107.4918299,0.9893278671843997,0.46319561563137185,52.45094303938522,0.8741823839897537,2.074395640103023
1425,150,45,4,800,0,0.7297960855085943,162818245.2563825,70744666.66666426,34381508.34052023,0.9885056106025161,0.4859943506769142,53.960782995575215,0.8993463832595869,2.0179379493097125
1426,150,45,4,800,0,0.7707157727009627,162088330.08408386,70258833.33333121,34334940.82516322,0.9871667440889731,0.4886921572162588,54.203778862070685,0.9033963143678447,2.0650658128418145
1427,150,45,4,800,0,0.8237609951549718,162964208.88981318,70885833.33333099,34362767.47510469,0.987966790419663,0.484762128894196,53.91245145086085,0.8985408575143475,2.1101115557846764
1428,150,45,4,800,0,0.7886895652624785,172456249.91741294,78252166.66666354,34300107.4918299,0.9861652480203612,0.4383278949698679,50.945094794809734,0.8490849132468289,1.9884367944852017
1429,150,45,4,800,0,0.8604117601905589,166167199.7507509,73358999.99999796,34349607.49182974,0.987588426644174,0.4682398545758625,52.873250636579364,0.8812208439429894,2.116224487794238
1430,150,45,6,900,0,0.822003959529715,184176468.8237573,80782166.66666332,38407495.92830885,0.9815618801260435,0.4754452314555042,53.66483602993842,0.894413933832307,2.0967740785264253
1431,150,45,6,900,0,0.7553586395122469,169673212.65709704,69794999.99999815,38332329.26164212,0.9796408818189962,0.549213113570358,58.25197652133089,0.9708662753555148,2.165595405724048
1432,150,45,6,900,0,0.8126440827493492,179806353.99042466,77381333.33333018,38442329.26164206,0.9824520988536956,0.4967907324114812,54.96913641064291,0.9161522735107152,2.1262289421892495
1433,150,45,6,900,0,0.793601859587886,190851621.72592458,85761499.99999586,38491509.38308512,0.9837089715370536,0.4488203842410287,51.7878753694521,0.863131256157535,2.0157894231382443
1434,150,45,6,900,0,0.8509155682229327,172113569.05926538,71413833.33333094,38491509.3830855,0.9837089715370632,0.5389923434500802,57.42603592513164,0.957100598752194,2.239210041735191
1435,150,45,6,900,0,0.8517716243385589,183349167.6885374,80107499.99999684,38433759.24282638,0.9822330790093106,0.479777289802177,53.906980460309526,0.8984496743384921,2.134043130518793
1436,150,45,6,900,0,0.7489094014900366,170687953.4904306,70517333.3333316,38367162.59497545,0.9805311005466513,0.5440813028708269,57.90566819675486,0.9650944699459143,2.1492689137326124
1437,150,45,6,900,0,0.780252081350302,168773930.55926576,68911333.33333097,38456676.04975229,0.982818752809411,0.558060252059462,58.56236189586908,0.9760393649311514,2.2027396479290227
1438,150,45,6,900,0,0.7885227215945871,180889666.99042362,78233833.33332992,38427662.59497556,0.9820772699157396,0.49118982104899933,54.639936954072965,0.9106656159012161,2.092140194335003
1439,150,45,6,900,0,0.8576929002613147,182637909.82375872,79753666.66666369,38312162.594975464,0.9791254920293013,0.4803812062347423,54.116913676561644,0.9019485612760274,2.143946426525136
1440,150,50,6,900,0,0.8731246513021063,191522844.49042025,86408666.66666226,38407495.92830883,0.9815618801260428,0.4444866170250375,51.606376389707265,0.8601062731617878,2.088820218083924
1441,150,50,6,900,0,0.8408642091844879,178018025.32375872,76185999.999997,38332329.26164211,0.979640881818996,0.503141381115213,55.521343875287236,0.9253557312547873,2.1687330453314457
1442,150,50,6,900,0,0.8138734731873742,181461399.3237567,78649999.99999648,38442329.26164221,0.9824520988536994,0.4887772315530061,54.4677823318539,0.9077963721975649,2.112691630627344
1443,150,50,6,900,0,0.8566427810369533,185639719.05925998,81772166.66666305,38491509.383085355,0.9837089715370596,0.47071651580411905,53.24183881599654,0.887363980266609,2.1205799739468576
1444,150,50,6,900,0,0.9357807943748078,179943600.05926168,77410666.66666345,38491509.383085474,0.9837089715370626,0.4972377973287972,54.927210507875365,0.9154535084645894,2.249024540702435
1445,150,50,6,900,0,0.8451518204458396,186132041.49042198,82217666.66666289,38447829.26164229,0.9825926597054365,0.4676346437502572,53.101013242304134,0.8850168873717356,2.104276422817781
1446,150,50,6,900,0,0.8269540700574984,184348186.15709078,80978333.33333007,38367162.594975546,0.9805311005466538,0.4737954094096416,53.61484810909722,0.8935808018182869,2.0995711994034987
1447,150,50,6,900,0,0.8602623297727605,175765944.892596,74266499.99999696,38456676.04975222,0.9828187528094094,0.5178199598709216,56.23273613122053,0.9372122688536755,2.2117305665231735
1448,150,50,6,900,0,0.8684597667510017,191116425.65708885,86065833.33332945,38427662.59497541,0.9820772699157359,0.4464914950180828,51.71611998297851,0.8619353330496419,2.08758829581511
1449,150,50,6,900,0,0.8394409673378944,178120363.8237597,76295999.99999714,38312162.594975606,0.979125492029305,0.5021516540182585,55.4894442601716,0.92482407100286,2.1659863615553614
1450,150,45,4,900,0,0.822003959529715,182203538.15709072,79271499.99999668,38407495.928308904,0.9815618801260447,0.4845057294022506,54.24592793296071,0.9040987988826785,2.113707341934194
1451,150,45,4,900,0,0.7553586395122469,169730676.65709704,69838999.99999817,38332329.26164212,0.9796408818189962,0.5488670980633046,58.23225473829938,0.9705375789716564,2.164989896934547
1452,150,45,4,900,0,0.8139493422954653,179559737.6570908,77192499.99999668,38442329.261642195,0.9824520988536989,0.49800601433615765,55.04463377461216,0.9174105629102026,2.129764716674594
1453,150,45,4,900,0,0.793601859587886,190636131.7259241,85596499.99999572,38491509.38308521,0.9837089715370559,0.44968555236589275,51.84641500284874,0.8641069167141456,2.0174572181947457
1454,150,45,4,900,0,0.8509155682229327,172106386.05926535,71408333.33333094,38491509.3830855,0.9837089715370633,0.5390338576228749,57.42843264744682,0.9571405441241136,2.2392831984453463
1455,150,45,4,900,0,0.8517716243385589,182424955.02187088,79399833.33333017,38433759.24282635,0.9822330790093098,0.48405339947600073,54.18008736148535,0.9030014560247558,2.142015799944115
1456,150,45,4,900,0,0.7489094014900366,168949667.4904305,69186333.3333315,38367162.59497557,0.9805311005466545,0.5545482864386982,58.50144689133425,0.9750241148555708,2.167572145496566
1457,150,45,4,900,0,0.780252081350302,167794648.22593328,68161499.99999782,38456676.04975225,0.9828187528094101,0.5641993801450008,58.90414327572351,0.9817357212620585,2.213347306728361
1458,150,45,4,900,0,0.7885227215945871,180892061.32375702,78235666.66666327,38427662.59497556,0.9820772699157396,0.49117831076589824,54.639213725969825,0.9106535620994971,2.0921189323068026
1459,150,45,4,900,0,0.8524283699815007,178160506.4904255,76325333.33333035,38312162.594975516,0.9791254920293028,0.5019586672180973,55.476941521442996,0.9246156920240499,2.1786109957800286
1460,150,40,4,900,0,0.7820681465851707,175747854.49042672,74326999.99999727,38407495.92830885,0.9815618801260435,0.5167367972380194,56.23852438288734,0.937308739714789,2.132766324090375
1461,150,40,4,900,0,0.7064720822349762,155767110.7467314,61528499.99999923,36813595.126110725,0.9408273247918372,0.5983177734888904,63.45241914431157,0.9440838250354645,2.129210126061553
1462,150,40,4,900,0,0.7088496721813853,161316725.65990284,63227999.999998875,38438811.28676134,0.9823621916635836,0.6079396989745371,61.26953023357041,0.979063440497144,2.174264871858159
1463,150,40,4,900,0,0.750366004749563,174375653.05926442,73144499.99999736,38491509.38308546,0.9837089715370622,0.5262392850191996,56.681078043853,0.9446846340642167,2.1160420668291393
1464,150,40,4,900,0,0.8177842931865211,170082613.39260167,69857333.33333167,38491509.3830854,0.9837089715370606,0.5510016994124164,58.11175994330018,0.9685293323883363,2.2271149851047904
1465,150,40,4,900,0,0.7454116141464473,166910780.30476615,67550999.99999815,38413538.78547614,0.9817163145170157,0.5686598094103298,59.21606730226141,0.9869344550376902,2.1872739167124013
1466,150,40,4,900,0,0.690861162054575,163075806.82376558,64687333.33333182,38367162.59497565,0.9805311005466565,0.5931170851837538,60.60862241007537,0.9899075670440679,2.155262397245646
1467,150,40,4,900,0,0.7018484546662971,150278679.57755047,58771166.6666659,35892485.39656096,0.9172869669505737,0.6107158906702227,65.7698086500655,0.908315514780168,2.0987366819826434
1468,150,40,4,900,0,0.7479532314407698,173255971.32376298,72387333.33333133,38427662.59497548,0.9820772699157375,0.5308616967283853,57.047384424806744,0.9507897404134458,2.123432329236924
1469,150,40,4,900,0,0.7506998697479222,167474035.82376546,68141333.33333185,38312162.594975546,0.9791254920293035,0.5622455669829822,59.01690940559179,0.9836151567598631,2.184111480094171
1470,150,50,4,900,0,0.8731246513021063,189918641.157086,85180333.33332884,38407495.928308964,0.9815618801260463,0.45089628585993236,52.04228473720431,0.8673714122867385,2.1012130922767907
1471,150,50,4,900,0,0.8408642091844879,178068306.32375783,76224499.99999675,38332329.26164221,0.9796408818189986,0.5028872509710637,55.5056663594565,0.9250944393242749,2.168268449285614
1472,150,50,4,900,0,0.8138734731873742,181454216.32375687,78644499.99999654,38442329.26164224,0.9824520988537001,0.4888114141693815,54.46993847949492,0.907832307991582,2.1127549125144616
1473,150,50,4,900,0,0.8566427810369533,185613381.39259332,81751999.9999964,38491509.38308535,0.9837089715370595,0.47083263263390557,53.24939358275384,0.8874898930458973,2.120798780189975
1474,150,50,4,900,0,0.9357807943748078,179936417.05926165,77405166.66666345,38491509.383085474,0.9837089715370626,0.4972731284055596,54.929403183263304,0.9154900530543884,2.2490893501536435
1475,150,50,4,900,0,0.8451518204458396,185207828.8237554,81509999.99999622,38447829.26164229,0.9825926597054365,0.47169462963616837,53.365994638409525,0.8894332439734921,2.1119407681282665
1476,150,50,4,900,0,0.8269540700574984,181807798.4904236,79033166.66666321,38367162.59497561,0.9805311005466556,0.4854564762259384,54.36400463603112,0.906066743933852,2.1213859949721012
1477,150,50,4,900,0,0.8602623297727605,174786662.55926326,73516666.66666377,38456676.049752206,0.982818752809409,0.5231014651972848,56.54779292240787,0.9424632153734646,2.221206717304053
1478,150,50,4,900,0,0.8684597667510017,191128397.3237541,86074999.99999572,38427662.59497555,0.9820772699157395,0.44644394533810583,51.71288065194071,0.8618813441990117,2.087496267220498
1479,150,50,4,900,0,0.8394409673378944,178185010.8237597,76345499.99999714,38312162.594975606,0.979125492029305,0.5018260748174684,55.469312229500204,0.9244885371583368,2.165390364350206
1480,150,45,2,900,0,0.822003959529715,182275368.1570909,79326499.99999675,38407495.92830892,0.9815618801260453,0.4841698036382608,54.22455101822544,0.903742516970424,2.1130823194107475
1481,150,45,2,900,0,0.7553586395122469,169728282.32376397,69837166.66666485,38332329.26164213,0.9796408818189963,0.5488815066711343,58.23307621263867,0.9705512702106446,2.165015115059799
1482,150,45,2,900,0,0.8139493422954653,179514245.3237575,77157666.66666335,38442329.261642195,0.9824520988536989,0.49823084240897014,55.05858313458283,0.9176430522430472,2.130177068465689
1483,150,45,2,900,0,0.793601859587886,190524464.32375324,85611166.66666234,38427662.59497531,0.9820772699157332,0.44886273708426566,51.876802462515876,0.8646133743752646,2.017305423630563
1484,150,45,2,900,0,0.8509155682229327,172161455.72593203,71450499.99999759,38491509.38308555,0.9837089715370645,0.5387157456293076,57.41006288732978,0.9568343814554964,2.238722546181875
1485,150,45,2,900,0,0.8517716243385589,182511151.02187097,79465833.3333302,38433759.24282635,0.9822330790093098,0.4836513710440906,54.15449929859677,0.9025749883099461,2.1412677094837775
1486,150,45,2,900,0,0.7489094014900366,169052623.8237641,69265166.66666485,38367162.59497559,0.9805311005466549,0.5539171338403852,58.46581837324085,0.9744303062206808,2.1664734147830256
1487,150,45,2,900,0,0.780252081350302,167064376.55926707,67602333.33333127,38456676.04975224,0.98281875280941,0.5688661049631436,59.16162501880623,0.9860270836467705,2.2213720489675874
1488,150,45,2,900,0,0.7885227215945871,180865723.65709004,78215499.99999651,38427662.5949756,0.9820772699157405,0.49130495355750853,54.64717028826899,0.9107861714711498,2.092352855911744
1489,150,45,2,900,0,0.8524283699815007,178234730.82375896,76382166.66666372,38312162.594975516,0.9791254920293025,0.5015851771025566,55.453838622357175,0.9242306437059529,2.177927155369499
1490,150,40,2,900,0,0.7820681465851707,175723911.15709317,74308666.66666387,38407495.928308934,0.9815618801260455,0.5168642858389382,56.24618718601197,0.9374364531001995,2.132996028356521
1491,150,40,2,900,0,0.7064720822349762,156219252.91339818,61526666.66666591,37035428.459444076,0.9464966124784842,0.6019410845071708,63.268770114264925,0.9469779199027982,2.135002869743511
1492,150,40,2,900,0,0.7088496721813853,161297570.9932357,63213333.33333208,38438811.2867614,0.9823621916635851,0.6080807522689649,61.2768062106434,0.9789447203098998,2.1742589943064567
1493,150,40,2,900,0,0.750366004749563,174283140.32376075,73173833.33333075,38427662.59497555,0.9820772699157395,0.5251557946940538,56.71116541530724,0.9451860902551207,2.115676730759927
1494,150,40,2,900,0,0.8177842931865211,167403354.39260185,67805833.3333317,38491509.38308547,0.9837089715370625,0.5676725362825676,59.04182766147009,0.9840304610245014,2.2559527832370767
1495,150,40,2,900,0,0.7454116141464473,166996976.30476624,67616999.99999818,38413538.78547613,0.9817163145170156,0.568104748590993,59.185502748039326,0.9864250458006555,2.186320458819897
1496,150,40,2,900,0,0.690861162054575,163178763.15709937,64766166.666665256,38367162.594975635,0.9805311005466562,0.5923951434773269,60.57038188532187,0.9905386778864732,2.15531595472291
1497,150,40,2,900,0,0.7018484546662971,151597868.13092083,58554833.33333263,36674193.491584726,0.9372647043405223,0.6263222248932226,65.19748675795553,0.9170211163931482,2.1199273509740233
1498,150,40,2,900,0,0.7479532314407698,173239210.99042857,72374499.9999977,38427662.59497556,0.9820772699157396,0.5309558282955569,57.052903574734465,0.9508817262455744,2.12359962032279
1499,150,40,2,900,0,0.7506998697479222,167548260.15709877,68198166.66666518,38312162.59497555,0.9791254920293037,0.5617770164150511,58.99076475477945,0.9831794125796575,2.1833008954596207
1500,150,50,2,900,0,0.8731246513021063,189339212.49041933,84736666.6666622,38407495.92830896,0.9815618801260462,0.45325710154963594,52.20154805756428,0.8700258009594047,2.10575613350122
1501,150,50,2,900,0,0.8408642091844879,177673241.32375795,75921999.99999674,38332329.26164226,0.9796408818189998,0.5048909309771069,55.629085879002126,0.9271514313167021,2.1719283852828757
1502,150,50,2,900,0,0.8138734731873742,181408723.9904236,78609666.66666321,38442329.26164224,0.9824520988537001,0.4890280151505191,54.483598046374865,0.9080599674395811,2.1131558527473704
1503,150,50,2,900,0,0.8566427810369533,185501713.99042243,81766666.66666302,38427662.59497545,0.9820772699157367,0.4699673370767692,53.281448388721124,0.8880241398120188,2.1206407905103877
1504,150,50,2,900,0,0.9357807943748078,179991486.7259283,77447333.33333011,38491509.38308552,0.9837089715370638,0.49700238505849725,54.91259714438599,0.9152099524064332,2.248592654828039
1505,150,50,2,900,0,0.8451518204458396,186340348.49042124,82377166.66666265,38447829.26164234,0.9825926597054376,0.4667292020035189,53.04165243904797,0.8840275406507996,2.1025627226994543
1506,150,50,2,900,0,0.8269540700574984,181278650.82375675,78627999.9999965,38367162.59497562,0.9805311005466557,0.487958012349002,54.52269175154694,0.9087115291924489,2.126032009129149
1507,150,50,2,900,0,0.8602623297727605,174056390.8925972,72957499.99999723,38456676.049752206,0.982818752809409,0.5271106609978915,56.78504506105077,0.9464174176841795,2.228368276255253
1508,150,50,2,900,0,0.8684597667510017,191073327.65708703,86032833.33332893,38427662.59497563,0.9820772699157413,0.4466627577647014,51.72778493572964,0.8621297489288273,2.0879197218915904
1509,150,50,2,900,0,0.8394409673378944,178259235.15709293,76402333.33333045,38312162.5949756,0.9791254920293047,0.5014527819173547,55.446215682961906,0.9241035947160318,2.16470678758781
1510,150,45,2,800,0,0.8794214284066643,176512868.41740927,81326666.66666256,34320274.15849663,0.9867450615337703,0.42200517450403763,49.77427469607347,0.8295712449345578,2.0465968129444523
1511,150,45,2,800,0,0.8475192288750584,162387621.7507488,70487999.99999739,34334940.825163245,0.9871667440889739,0.487103348444622,54.10387753252188,0.901731292208698,2.138933199839454
1512,150,45,2,800,0,0.7535700794687,164600764.9174161,72064666.6666643,34410107.49182988,0.9893278671843991,0.4774893034750873,53.37642266977333,0.8896070444962222,2.025168566744992
1513,150,45,2,800,0,0.8238110949666346,173388770.42304534,78783833.33333,34416341.67385361,0.9895071066711297,0.4368452284904695,50.67110158612825,0.8445183597688042,2.0178056375278146
1514,150,45,2,800,0,0.8296567636081719,166248066.25074813,73325999.99999733,34410107.49182989,0.9893278671843992,0.46927566609157917,52.84753199323582,0.8807921998872636,2.085869496368699
1515,150,45,2,800,0,0.7297960855085943,162650641.92304903,70616333.33333088,34381508.34052024,0.9885056106025164,0.4868775638382258,54.01638687756679,0.9002731146261131,2.019571251205288
1516,150,45,2,800,0,0.7707157727009627,160160891.75075057,68782999.99999785,34334940.825163245,0.9871667440889736,0.49917771578972,54.85608817458914,0.9142681362431523,2.084326081575891
1517,150,45,2,800,0,0.8237609951549718,162837309.22314623,70788666.66666426,34362767.475104704,0.9879667904196633,0.4854275280662518,53.95446560689764,0.8992410934482941,2.111344111056267
1518,150,45,2,800,0,0.7595327090974681,171338096.25074628,77395999.99999684,34300107.491829954,0.9861652480203628,0.44317674675475927,51.27756285527033,0.8546260475878389,1.9687001540891143
1519,150,45,2,800,0,0.8604117601905589,164725811.08408332,72255333.33333102,34349607.49182987,0.9875884266441777,0.47539200093876766,53.33590371890985,0.8889317286484975,2.1296570895900704
1520,150,40,2,800,0,0.7794236873577016,160336191.41741782,68938833.33333139,34320274.15849649,0.9867450615337662,0.4978365965747045,54.79611260770892,0.9132685434618153,2.0909615080792805
1521,150,40,2,800,0,0.6921546098060563,152067484.0840883,62584499.99999882,34334940.82516328,0.9871667440889749,0.5486173225824913,57.77566488271577,0.9629277480452629,2.093976215917312
1522,150,40,2,800,0,0.7584738124928092,160874621.2507494,69210166.6666642,34410107.49182996,0.9893278671844015,0.4971828439246333,54.61271598772496,0.9102119331287494,2.0664320207612654
1523,150,40,2,800,0,0.7432378496998329,162927367.0897158,70772166.66666421,34416341.673853606,0.9895071066711295,0.48629769717174315,53.92464235405036,0.8987440392341727,2.0310200466714
1524,150,40,2,800,0,0.761990554995408,153057122.91742137,63224333.333332136,34410107.49182992,0.9893278671844002,0.5442541767963375,57.40209820055344,0.9567016366758907,2.154095533108369
1525,150,40,2,800,0,0.6821302653752374,162558894.53579307,70592499.99999788,34351027.91726143,0.9876292654140953,0.4866101627972158,54.046873442938534,0.9007812240489755,1.9721996196619855
1526,150,40,2,800,0,0.6974682517889234,159691041.41741812,68421833.33333144,34334940.82516315,0.987166744088971,0.5018126400953512,55.01748828248107,0.9169581380413512,2.015876501906556
1527,150,40,2,800,0,0.7527078367185128,159024258.08408448,67847999.99999799,34375274.15849664,0.9883263711157897,0.5066512521886815,55.248174749254204,0.9208029124875701,2.078831750957028
1528,150,40,2,800,0,0.7105212318951803,166546474.2507469,73725666.66666366,34300107.49182997,0.9861652480203633,0.4652397060973524,52.75284294984466,0.8792140491640777,1.96192704593714
1529,150,40,2,800,0,0.8045609907529787,154714542.41742074,64588333.33333197,34349607.49182985,0.9875884266441771,0.5318237167470478,56.78716339602944,0.9464527232671573,2.176472687417774
1530,150,50,2,800,0,0.9131463335170553,181802511.75074175,85378333.33332865,34320274.158496626,0.98674506153377,0.4019787318230446,48.326064999837136,0.8054344166639523,2.0401637356394433
1531,150,50,2,800,0,0.8930282918543295,166017992.0840806,73269166.6666637,34334940.82516328,0.9871667440889749,0.468613775578604,52.920770150926714,0.8820128358487785,2.149932148165991
1532,150,50,2,800,0,0.8279661198367887,177940156.9174091,82279999.99999587,34410107.49182987,0.9893278671843989,0.4182074318404424,49.37502670674798,0.8229171117791331,1.9854491770882756
1533,150,50,2,800,0,0.8144650491567959,174256030.419642,79460333.3333296,34409306.20773927,0.9893048293987555,0.4330375265781361,50.41891508054043,0.8403152513423405,2.0012103217616453
1534,150,50,2,800,0,0.8865810112516618,172569667.2507444,78167833.33332983,34410107.49182992,0.9893278671844001,0.4402080245092051,50.91161233587012,0.848526872264502,2.087274303123528
1535,150,50,2,800,0,0.7710202913574179,167784653.58971277,74548833.33333023,34381508.34052025,0.9885056106025165,0.46119445205520787,52.363549419031465,0.8727258236505244,2.0127016766521084
1536,150,50,2,800,0,0.8389610294039305,166216721.75074714,73421333.33333042,34334940.82516326,0.9871667440889741,0.4676425674440392,52.85749777435078,0.8809582962391798,2.0940333795983417
1537,150,50,2,800,0,0.865839226299517,168970505.247802,75498499.99999687,34354952.45541657,0.9877421001375447,0.45504152341328624,51.99605686871371,0.8666009478118951,2.096473392842041
1538,150,50,2,800,0,0.8265470510687276,182503433.58407578,85946666.66666213,34300107.491829954,0.9861652480203628,0.3990859543728486,48.14046414065165,0.8023410690108609,1.9481568835778673
1539,150,50,2,800,0,0.8874403190928467,176204806.08407784,81046166.66666302,34349607.491829894,0.9875884266441785,0.4238276639672216,49.86129604097047,0.8310216006828413,2.057524050949465
1540,150,45,2,700,0,0.8643838915820184,162218683.62016445,76679166.66666383,30306340.631288186,0.9958172849079352,0.39523565459487225,47.391581712011714,0.7898596952001953,1.9704321104581115
1541,150,45,2,700,0,0.8008322303906723,156856754.51107067,72697166.6666643,30227552.3886842,0.9932284308200362,0.41580096962080393,49.01159675248418,0.8168599458747363,1.9503329519620518
1542,150,45,2,700,0,0.7679791413963338,157699882.51106974,73170166.66666412,30337552.38868434,0.996842852721799,0.41461641773881514,48.749560732617255,0.8124926788769542,1.9121649544643402
1543,150,45,2,700,0,0.7925918230451944,161754605.03131288,76365666.66666351,30279670.26093679,0.9949409397195161,0.3965089494092638,47.52754951558737,0.7921258252597895,1.901924807832395
1544,150,45,2,700,0,0.8295675089616427,152722301.1201682,69353166.66666476,30341173.96462161,0.996961851843495,0.4374879392378974,50.338424340207666,0.8389737390034611,2.0185315993554216
1545,150,45,2,700,0,0.8120778564452515,160918982.69798046,75725833.33333051,30279670.260936793,0.9949409397195164,0.39985918844433876,47.774351236291295,0.7962391872715215,1.928204394472244
1546,150,45,2,700,0,0.7391668383876564,153541382.01107228,70040666.66666465,30302719.05535094,0.9956982857862401,0.4326446405709799,50.0698892982845,0.8344981549714083,1.9197807058158487
1547,150,45,2,700,0,0.797679995313006,157477903.62016732,73049166.66666456,30306340.631288256,0.9958172849079375,0.41487592554725655,48.81827750604794,0.8136379584341323,1.9432186941849436
1548,150,45,2,700,0,0.7214723498520382,163444582.28683004,77617833.33333027,30306340.631288175,0.9958172849079349,0.3904558956333837,47.03612620520285,0.7839354367533808,1.8177725031121261
1549,150,45,2,700,0,0.8504511945923328,153370148.67774063,69972833.33333167,30262385.72201761,0.9943729977555955,0.4324876424233928,50.12579088094584,0.835429848015764,2.031871156546811
1550,150,40,2,700,0,0.8043131405189463,160187727.95350036,75122666.6666646,30306340.63128816,0.9958172849079344,0.4034247182114008,47.99244048352837,0.7998740080588062,1.926926923146873
1551,150,40,2,700,0,0.7543837125380493,148638841.511074,66403333.33333173,30227552.388684236,0.9932284308200374,0.4552113707447161,51.72133960306221,0.8620223267177035,1.9805751358515256
1552,150,40,2,700,0,0.776105089010495,148349449.84440714,66009166.666665025,30337552.388684306,0.996842852721798,0.4595960518920614,51.82223464976223,0.8637039108293705,2.007485841353515
1553,150,40,2,700,0,0.7254132645042972,158739156.2868317,74013499.99999735,30306340.631288223,0.9958172849079364,0.40947044297715024,48.430394742105264,0.8071732457017544,1.860162864587772
1554,150,40,2,700,0,0.7773327990982538,143848340.78683943,62556999.999999136,30341173.964621626,0.9969618518434955,0.4850164484329818,53.44378640690829,0.8907297734484715,2.056075731293111
1555,150,40,2,700,0,0.7302682334628083,151718970.9535017,68638166.6666648,30306340.631288264,0.9958172849079377,0.4415377348067634,50.67131652478799,0.8445219420797998,1.9280203633880189
1556,150,40,2,700,0,0.6934308328521884,147660338.34440833,65536166.66666525,30302719.05535093,0.9956982857862398,0.46238162218853585,52.064082245759835,0.8677347040959973,1.9310708346990144
1557,150,40,2,700,0,0.7386438875932403,149341397.95350438,66817666.66666539,30306340.631288268,0.9958172849079379,0.4535677784511408,51.47802354437249,0.8579670590728748,1.9594651694270278
1558,150,40,2,700,0,0.7119227251829581,159943505.95349753,74935666.66666381,30306340.631288186,0.9958172849079352,0.40443145406445535,48.06572141938151,0.8010953569896918,1.8365632454242142
1559,150,40,2,700,0,0.7654423230842238,150939339.3444081,68110166.66666521,30262385.72201751,0.9943729977555923,0.44431524988219806,50.93304391944003,0.8488840653240005,1.9697785883139827
1560,150,50,2,700,0,0.8911953794213331,172031222.62016243,84193999.99999592,30306340.631288264,0.9958172849079377,0.3599584368397954,44.688399483007416,0.7448066580501236,1.9239687869432929
1561,150,50,2,700,0,0.8484852728613772,158770387.84440255,74163833.33333062,30227552.38868419,0.9932284308200359,0.4075780745154574,48.42086804961492,0.807014467493582,1.9815621999673252
1562,150,50,2,700,0,0.8627407636675295,163205015.8444011,77386833.33333023,30337552.38868425,0.9968428527217962,0.3920247292974317,47.10516990071869,0.7850861650119783,1.9614467121174533
1563,150,50,2,700,0,0.8895435316238668,171787000.62016216,84006999.99999592,30306340.631288283,0.9958172849079384,0.36075970611127356,44.751931009020154,0.7458655168170025,1.924016813329888
1564,150,50,2,700,0,0.8741090651390458,160846835.12016344,75575499.999997,30341173.96462159,0.9969618518434943,0.40146838545061286,47.79578034132095,0.7965963390220158,1.9918801125215522
1565,150,50,2,700,0,0.840140959562863,163952741.95349592,78008333.33332999,30306340.631288264,0.9958172849079377,0.3885013220547749,46.89034113367004,0.7815056855611674,1.9324477027678504
1566,150,50,2,700,0,0.7952016231706915,160440017.34440205,75324333.33333054,30302719.055350956,0.9956982857862406,0.4022965450122636,47.91697312957338,0.798616218826223,1.9156550780067256
1567,150,50,2,700,0,0.8727855185385769,168092544.2868279,81178166.66666263,30306340.63128824,0.9958172849079371,0.37333117851421155,45.73552046949671,0.7622586744916119,1.933709135841558
1568,150,50,2,700,0,0.8359061263439985,175459907.9534943,86819333.33332872,30306340.631288253,0.9958172849079374,0.34907363910446054,43.81513754149269,0.7302522923582114,1.8454173299857786
1569,150,50,2,700,0,0.8683368259149249,158525709.34440494,73921833.33333112,30262385.722017623,0.994372997755596,0.40938359287650955,48.49560384743572,0.8082600641239286,2.004103764340061
1570,150,45,2,600,0,0.861157129991258,160857107.89345524,82257999.99999623,26085973.59368831,0.9999999999999916,0.31712384927532283,40.96679398441502,0.6827798997402503,1.7976361091517665
1571,150,45,2,600,0,0.7741976166580681,137495597.56012943,64370166.666665584,26085973.593688227,0.9999999999999885,0.40524943377530476,47.927352707552366,0.7987892117925395,1.8971863754708513
1572,150,45,2,600,0,0.7818330817075949,140392740.8934599,66588499.99999822,26085973.593688175,0.9999999999999865,0.3917489295252014,46.938324289863495,0.7823054048310583,1.8775376301588143
1573,150,45,2,600,0,0.8155446344182403,165380003.56011966,85721166.6666618,26085973.59368823,0.9999999999999886,0.3043119291076266,39.846413460769135,0.664106891012819,1.7231010687171606
1574,150,45,2,600,0,0.8450599244014998,150729077.8934569,74502999.99999736,26085973.593688205,0.9999999999999877,0.350133197236207,43.71950052436472,0.7286583420727453,1.8538248242632107
1575,150,45,2,600,0,0.7792095792146728,151758641.22678894,75291333.33333033,26085973.593688246,0.9999999999999892,0.34646714885762797,43.4228980091629,0.7237149668193816,1.780098265120157
1576,150,45,2,600,0,0.7045489905581447,145229294.22679043,70291833.33333096,26085973.59368819,0.999999999999987,0.37110959206293387,45.375143045929505,0.7562523840988251,1.7576890483073169
1577,150,45,2,600,0,0.8359398277669448,151373153.5601231,74996166.66666391,26085973.593688257,0.9999999999999896,0.3478307592657742,43.53347898894524,0.7255579831490874,1.8397624183286516
1578,150,45,2,600,0,0.7745490483914311,157567293.89345545,79738999.99999653,26085973.593688216,0.999999999999988,0.32714197060020006,41.822130958572664,0.697035515976211,1.7332981408478023
1579,150,45,2,600,0,0.8573654665306736,152448209.22679204,75819333.33333088,26085973.59368819,0.999999999999987,0.344054378307499,43.22648349510343,0.7204413915850572,1.85305036076173
1580,150,40,2,600,0,0.7655408320989793,146945470.22678998,71604499.9999975,26085973.59368817,0.9999999999999862,0.3643063437869001,44.84520679561987,0.7474201132603312,1.8044060203888304
1581,150,40,2,600,0,0.7410384468454019,130601750.89346546,59090166.666666165,26085973.59368819,0.999999999999987,0.4414604842941451,50.45721022052327,0.8409535036753879,1.935160337956106
1582,150,40,2,600,0,0.7287697063790597,133465373.56013042,61282833.33333248,26085973.593688183,0.9999999999999867,0.4256652666791714,49.374604245430625,0.822910070757177,1.8922119904795738
1583,150,40,2,600,0,0.7525491131347692,139290786.56012678,65743333.333331555,26085973.593688175,0.9999999999999865,0.3967850772248981,47.30966177117122,0.7884943628528537,1.8584715377675414
1584,150,40,2,600,0,0.7960033826343688,141914975.89346144,67752666.66666529,26085973.59368824,0.9999999999999888,0.38501766612416877,46.43484564269737,0.7739140940449561,1.8779316095786598
1585,150,40,2,600,0,0.7456693169946779,140053377.41247123,66328166.666665256,26085387.219364047,0.999977521470595,0.39327767568877875,47.05206059110148,0.7842010098516913,1.8444924673973921
1586,150,40,2,600,0,0.6783395853144663,142401025.56012523,68124833.33333126,26085973.59368817,0.9999999999999862,0.3829143106457356,46.27635211248969,0.7712725352081615,1.7559435690392162
1587,150,40,2,600,0,0.7767027258050917,138084042.560128,64819333.33333194,26085973.59368824,0.9999999999999888,0.4024412509697024,47.72311034514002,0.7953851724190003,1.894040898999854
1588,150,40,2,600,0,0.6881977848120489,145556756.89345825,70541166.66666453,26085973.593688212,0.9999999999999878,0.3697978758553139,45.273061454807426,0.7545510242467904,1.7385871097430905
1589,150,40,2,600,0,0.7557983962019004,141713851.89345977,67598666.66666484,26085973.593688264,0.9999999999999898,0.38589479467576726,46.50074718845551,0.7750124531409253,1.8395266850834395
1590,150,50,2,600,0,0.8319130038639686,164851416.8934547,85317833.33332908,26085973.593688294,0.999999999999991,0.30575053977018785,39.974178713059295,0.6662363118843216,1.7427497475644405
1591,150,50,2,600,0,0.8612981491198729,148902762.5601222,73105999.99999717,26085973.593688183,0.9999999999999867,0.3568239760579049,44.25572693682731,0.7375954489471218,1.8843527789133185
1592,150,50,2,600,0,0.8823149154781701,157223070.89345393,79476833.33332938,26085973.593688216,0.999999999999988,0.3282210991507737,41.91369601517159,0.6985616002528598,1.843453395051649
1593,150,50,2,600,0,0.8973192414157755,166170694.5601195,86327999.99999504,26085973.593688227,0.9999999999999885,0.30217280133548474,39.65681203562552,0.6609468672604254,1.8000043497445888
1594,150,50,2,600,0,0.8611069828504706,148344882.89345628,72678833.33333077,26085973.593688205,0.9999999999999877,0.3589211933830684,44.422159170349694,0.7403693195058282,1.8886132570627536
1595,150,50,2,600,0,0.783093435964828,152758685.1030131,76094333.33333045,26063113.27624408,0.999123654811566,0.3425105672727939,43.1386274080335,0.718977123467225,1.7760790132502882
1596,150,50,2,600,0,0.7680903027323028,152417643.89345482,75797333.33333007,26085973.5936882,0.9999999999999875,0.34415423929191874,43.23515199202592,0.7205858665337653,1.7639995606996033
1597,150,50,2,600,0,0.8607879403890519,157077016.56012195,79364999.99999648,26085973.593688257,0.9999999999999896,0.3286835959640826,41.952668469977745,0.6992111411662958,1.8229459583266139
1598,150,50,2,600,0,0.8261009362174058,169659238.22678664,88999166.66666158,26085973.593688257,0.9999999999999896,0.29310357131085213,38.84138623321704,0.6473564372202839,1.7079402304863716
1599,150,50,2,600,0,0.8974967440231643,152180604.8934578,75615833.33333069,26085973.59368819,0.999999999999987,0.34498030959595016,43.302495772135636,0.7217082628689273,1.8951892545688518
1600,150,45,2,500,0,0.8165932176620968,143398583.57787818,75711166.66666329,21738311.32807361,0.9999999999999921,0.28712160022288097,38.29744940972492,0.6382908234954153,1.6845813213358167
1601,150,45,2,500,0,0.7969988605878598,134264201.91121423,68716999.99999806,21738311.328073587,0.9999999999999911,0.3163454651407105,40.902935569017856,0.6817155928169643,1.7317908255173926
1602,150,45,2,500,0,0.7737122644360657,142512680.24454647,75032833.33333054,21738311.328073647,0.9999999999999939,0.28971731923679356,38.53551831722114,0.6422586386203524,1.6477447584458529
1603,150,45,2,500,0,0.8021698785188881,137046417.24454653,70847333.33333085,21738311.328073565,0.9999999999999901,0.30683316231249813,40.07255432442569,0.6678759054070948,1.7155123137759813
1604,150,45,2,500,0,0.8403988420713825,141088051.91121373,73941999.99999745,21738311.328073587,0.9999999999999911,0.2939913895766187,38.924628454406424,0.6487438075734404,1.7243357613061179
1605,150,45,2,500,0,0.8076968059649442,143697150.58584327,75969666.66666353,21719261.063536815,0.9991236548115694,0.28589385759497493,38.21787681669618,0.6369646136116031,1.6733765056525272
1606,150,45,2,500,0,0.7336807524580625,140156656.2445462,73228833.33333072,21738311.328073617,0.9999999999999925,0.29685453582365406,39.183297797985944,0.6530549632997658,1.6242193444167516
1607,150,45,2,500,0,0.8297795722179699,128872163.24454878,64588333.33333174,21738311.328073576,0.9999999999999906,0.33656715084882377,42.61432307595178,0.7102387179325297,1.8092720108295586
1608,150,45,2,500,0,0.7343233344494774,145946154.24454427,77661833.33332963,21738311.328073587,0.999999999999991,0.27990983981502654,37.62894629479621,0.6271491049132701,1.5854003112147688
1609,150,45,2,500,0,0.8175834784338626,137510917.91121477,71202999.9999979,21738311.328073647,0.9999999999999938,0.30530049756434824,39.93719250384055,0.6656198750640091,1.7274437515493504
1610,150,40,2,500,0,0.7535031284458814,136432906.9112125,70376166.6666642,21738311.328073587,0.999999999999991,0.30888740262078807,40.252752245277165,0.6708792040879528,1.6714922546304647
1611,150,40,2,500,0,0.7473394934117342,124750954.5778858,61431333.33333268,21738311.328073632,0.9999999999999931,0.35386357659078205,44.02210803582511,0.7337018005970852,1.764132155281445
1612,150,40,2,500,0,0.7138238563829714,134052939.57788086,68553833.33333153,21738311.328073665,0.9999999999999947,0.3170984067714313,40.96739703950635,0.6827899506584392,1.6502925324585556
1613,150,40,2,500,0,0.7093192750764234,133250837.91121425,67939666.6666647,21738311.328073587,0.999999999999991,0.3199649394032089,41.21399974729777,0.6868999957882962,1.6521912223872868
1614,150,40,2,500,0,0.8015614792596953,130949883.57788233,66177833.33333183,21738311.328073587,0.9999999999999911,0.3284832735242276,41.938181615363995,0.6989696935893999,1.7633177916684772
1615,150,40,2,500,0,0.7529610430167927,137404281.585844,71149833.33333093,21719261.063536815,0.9991236548115694,0.30526088461492135,39.96818684699407,0.6661364474499012,1.663306198158631
1616,150,40,2,500,0,0.6879068000321177,131898039.5778827,66903833.33333194,21738311.328073613,0.9999999999999922,0.3249187713918843,41.636706789392576,0.693945113156543,1.641786930302168
1617,150,40,2,500,0,0.7215414445875319,126434954.94981049,62723833.33333197,21736356.897584192,0.9999100928098742,0.3465406328416046,43.43577298050227,0.7239295496750379,1.7227035005358533
1618,150,40,2,500,0,0.6962186150604841,147650358.57787865,78965333.33332966,21738311.328073576,0.9999999999999906,0.2752892998793722,37.19462690707475,0.6199104484512458,1.5363605034152275
1619,150,40,2,500,0,0.8194840441211856,130142993.24454951,65559999.99999852,21738311.32807361,0.9999999999999921,0.3315788793177868,42.19819955793126,0.703303325965521,1.7880504735409362
1620,150,50,2,500,0,0.9139197432166464,156594315.57787764,85816499.99999578,21738311.32807359,0.9999999999999912,0.2533115581278036,35.07023853154371,0.5845039755257285,1.701072965244618
1621,150,50,2,500,0,0.8042144468999086,140940164.24454603,73830166.66666383,21738311.328073587,0.999999999999991,0.2944367094038944,38.965471832934355,0.6494245305489059,1.68918834497193
1622,150,50,2,500,0,0.799534834053662,139060925.76353914,72411166.66666391,21725610.263648596,0.9994157290217487,0.30003121429682006,39.492042569444145,0.6582007094907357,1.6977605149818538
1623,150,50,2,500,0,0.8297582192750678,147802323.57787877,79084499.99999644,21738311.32807362,0.9999999999999926,0.2748744865058842,37.156384737796806,0.6192730789632801,1.6689308874430553
1624,150,50,2,500,0,0.8606626026235124,130041158.91121586,65484833.33333196,21738311.32807363,0.999999999999993,0.33195948163173794,42.2312446765371,0.703854077942285,1.8300842658711878
1625,150,50,2,500,0,0.8476526120308748,149723972.0103864,80556666.66666289,21737822.682803437,0.9999775214705977,0.26984511130224426,36.67949711899863,0.6113249519833105,1.6748536530559806
1626,150,50,2,500,0,0.8005565754103627,144842927.57787862,76818499.99999677,21738311.32807362,0.9999999999999927,0.28298276233035713,37.91555509016613,0.6319259181694356,1.6588687034440839
1627,150,50,2,500,0,0.8627777061700249,146100696.53979355,77793833.33332998,21730494.65095369,0.9996404193038677,0.27933441148018967,37.58914317362063,0.6264857195603438,1.7127309549145204
1628,150,50,2,500,0,0.8149821266819486,153658862.9112104,83568833.33332895,21738311.328073613,0.9999999999999922,0.26012462375017903,35.740209812520604,0.5956701635420101,1.618751989224102
1629,150,50,2,500,0,0.8733821253505112,143454214.244548,75755166.66666403,21738311.328073643,0.9999999999999937,0.2869548346943253,38.2825978931373,0.638043298218955,1.7409892913249265
1630,150,45,2,400,0,0.8369633551991755,148516228.2623014,86450833.333329,17390649.062459026,1.000000000000001,0.20116230685025085,29.584645741473494,0.49307742902455826,1.4909706297039345
1631,150,45,2,400,0,0.7903855814107377,124771624.5956377,68269666.66666488,17390649.062458996,0.9999999999999994,0.25473464148244634,35.21473743921755,0.5869122906536258,1.5810855852503205
1632,150,45,2,400,0,0.7816338768252159,131703219.59563592,73577166.66666378,17390649.062458985,0.9999999999999987,0.23635931974991792,33.36137122152473,0.5560228536920788,1.526744186317229
1633,150,45,2,400,0,0.7654352929215869,129498038.59563632,71888666.6666641,17390649.062459007,1.0,0.24191085839853704,33.92947142404099,0.5654911904006832,1.5244551700410995
1634,150,45,2,400,0,0.8363886002755447,122020535.59563828,66163166.66666522,17390649.06245898,0.9999999999999983,0.26284487183139704,36.00869295116469,0.6001448825194114,1.6468093802600738
1635,150,45,2,400,0,0.7643703425008106,130513235.92897037,72665999.99999782,17390649.06245897,0.9999999999999979,0.23932305428205067,33.66555099738123,0.5610925166230205,1.5169213025494717
1636,150,45,2,400,0,0.7645651208249503,124331067.26230478,67932333.33333166,17390649.06245897,0.9999999999999979,0.2559995838377317,35.339518084649555,0.5889919680774925,1.5583567559726283
1637,150,45,2,400,0,0.7537585779457582,122767567.59563711,66735166.66666485,17390649.06245899,0.9999999999999988,0.2605919776798259,35.78958259132395,0.5964930431887325,1.5587252032783514
1638,150,45,2,400,0,0.7870421541638805,141191962.5956346,80842666.66666271,17390649.06245898,0.9999999999999986,0.21511721198121248,31.11933511812979,0.5186555853021632,1.4777915090510136
1639,150,45,2,400,0,0.8306488523368429,133381647.26230456,74862333.33333093,17390649.06245901,1.0000000000000002,0.2323017235520253,32.941563477314666,0.5490260579552444,1.5655162891337076
1640,150,40,2,400,0,0.8172842300772766,136527240.26230323,77269499.99999696,17390649.06245903,1.0000000000000013,0.22506485822296912,32.18258855564943,0.5363764759274905,1.5337125925831425
1641,150,40,2,400,0,0.7747019339548935,123217141.26230599,67077999.99999877,17390649.06245903,1.0000000000000013,0.2592601011130229,35.65899967315774,0.5943166612192956,1.5764266760646075
1642,150,40,2,400,0,0.7271190504324874,123703920.34416483,67466666.66666472,17380488.210918996,0.9994157290217566,0.257615931980032,35.51868031163215,0.5919780051938692,1.5251898012103822
1643,150,40,2,400,0,0.7131131545951692,126365689.59563664,69488833.33333108,17390649.062459007,1.0,0.2502653768705222,34.77051416456415,0.5795085694094024,1.4928340255009895
1644,150,40,2,400,0,0.7575028928364704,116793144.92897324,62159166.666665845,17390649.06245898,0.9999999999999983,0.2797760973167145,37.620358649234525,0.6270059774872421,1.6083297481770842
1645,150,40,2,400,0,0.7432830028527438,127991441.92896996,70733666.66666435,17390649.06245898,0.9999999999999986,0.24586098645802165,34.328857725021805,0.5721476287503634,1.5121194207695245
1646,150,40,2,400,0,0.7497155065287231,124019242.92897168,67692166.6666651,17390649.062458992,0.9999999999999991,0.25690785092011226,35.42837301882594,0.5904728836470989,1.5457146709119118
1647,150,40,2,400,0,0.7723798948144244,123044749.26230454,66945999.99999836,17390649.062459018,1.0000000000000007,0.2597712942141344,35.70895975929357,0.5951493293215595,1.5753462595072913
1648,150,40,2,400,0,0.7396010249067062,127344971.92897001,70238666.66666436,17390649.06245898,0.9999999999999986,0.24759366724586013,34.503129047378145,0.5750521507896358,1.51272810949303
1649,150,40,2,400,0,0.7539873342221345,121830822.2623064,66016499.99999885,17390649.062459003,0.9999999999999999,0.2634288255581454,36.064765208101285,0.6010794201350215,1.5658098148036723
1650,150,50,2,400,0,0.8943046168537937,152242371.92896798,89305333.33332892,17390649.06245897,0.9999999999999979,0.19473248028254936,28.860559280106486,0.4810093213351081,1.5310999224149413
1651,150,50,2,400,0,0.8314044054867387,132038987.26230255,73835666.66666396,17390649.062458996,0.9999999999999994,0.23553182151073737,33.276535143907765,0.5546089190651294,1.574438781760458
1652,150,50,2,400,0,0.8681478242792897,139391984.9289693,79465833.33332993,17390649.062458985,0.9999999999999987,0.2188443552779672,31.5211810940132,0.5253530182335534,1.5685763267352169
1653,150,50,2,400,0,0.864271781130289,134277688.9289694,75549833.3333304,17390649.062458985,0.9999999999999987,0.23018778857830696,32.72174279320703,0.5453623798867838,1.5937843918797183
1654,150,50,2,400,0,0.9107000507277764,131993494.92896986,73800833.33333081,17390649.062458977,0.9999999999999982,0.2356429904241312,33.28800409720533,0.5548000682867555,1.654014511353837
1655,150,50,2,400,0,0.8930699134891007,136803710.59563562,77483999.99999669,17390649.06245898,0.9999999999999986,0.22444180814696874,32.11754988859325,0.5352924981432209,1.6079158581498967
1656,150,50,2,400,0,0.8336864845880807,128095520.26230435,70816166.66666457,17390649.06245897,0.9999999999999979,0.24557456130487368,34.30096533432791,0.5716827555721319,1.6018288892041115
1657,150,50,2,400,0,0.8195769852065495,129769159.26230326,72097666.66666439,17390649.062459003,0.9999999999999997,0.2412095961837815,33.858584158033906,0.5643097359672318,1.5768543981208065
1658,150,50,2,400,0,0.8720339151181488,148559887.2623002,86485666.66666183,17390649.062458966,0.9999999999999977,0.20108128586771534,29.575951361905805,0.4929325226984301,1.525831466510751
1659,150,50,2,400,0,0.8995265758448389,137976933.92897022,78382333.33333026,17390649.06245901,1.0000000000000002,0.22186949945089274,31.844453089977378,0.5307408848329563,1.6077630602385096
1660,150,45,2,300,0,0.7793757844407576,123285697.94672568,73952999.9999971,13042986.796844337,1.0000000000000056,0.17636859622794004,26.733027876633216,0.4455504646105536,1.3660211260336632
1661,150,45,2,300,0,0.7697340395126632,115475382.61339393,67972666.66666482,13042986.796844339,1.0000000000000058,0.19188575991591758,28.541148125347036,0.47568580208911726,1.3989284495345145
1662,150,45,2,300,0,0.8394884023439004,125462146.94672516,75619499.99999665,13042986.79684434,1.000000000000006,0.17248179103068545,26.26927786752678,0.43782129779211304,1.4152951329605619
1663,150,45,2,300,0,0.8029735664332538,125217924.94672531,75432499.99999672,13042986.796844345,1.000000000000006,0.17290937986736368,26.320512829151394,0.4386752138191899,1.3799762841463346
1664,150,45,2,300,0,0.8746514871085066,118746041.94672824,70476999.99999814,13042986.796844326,1.0000000000000047,0.18506728147969792,27.755030365378907,0.4625838394229818,1.4852891517152467
1665,150,45,2,300,0,0.8030737600841064,125993688.9467262,76026499.9999971,13042986.796844337,1.0000000000000056,0.17155842761201467,26.15845307453106,0.435974217908851,1.376294720082569
1666,150,45,2,300,0,0.7689267528122345,119337442.28006104,70929833.33333127,13042986.796844313,1.0000000000000038,0.18388576687540542,27.617484814744216,0.4602914135790703,1.3763267798916292
1667,150,45,2,300,0,0.7977266534176475,115530452.28006007,68014833.33333124,13042986.79684434,1.000000000000006,0.19176679788249243,28.527543474083995,0.4754590579013999,1.4265991496250414
1668,150,45,2,300,0,0.7712721745832076,134584556.9467243,82604499.99999589,13042986.796844337,1.0000000000000056,0.1578968070364809,24.488693760790493,0.4081448960131749,1.3057345162255671
1669,150,45,2,300,0,0.8093058560259809,120730944.2800611,71996833.33333105,13042986.796844337,1.0000000000000056,0.18116056211052917,27.298717985297053,0.45497863308828423,1.4092129388026886
1670,150,40,2,300,0,0.7783927339095448,121434317.28006011,72533999.9999975,13042986.796844311,1.0000000000000036,0.17981893728244355,27.140598093033297,0.45234330155055497,1.3745911852860546
1671,150,40,2,300,0,0.7367868411424239,112455567.28006186,65658999.99999858,13042986.79684434,1.000000000000006,0.19864735674994477,29.307575246960127,0.48845958744933543,1.384164313991715
1672,150,40,2,300,0,0.7858923200617282,117481272.9467264,69507166.66666432,13042986.796844337,1.0000000000000056,0.18764952482374397,28.05383289892108,0.4675638816486847,1.403575821569408
1673,150,40,2,300,0,0.7597710127020645,114165121.28006059,66967999.999998115,13042986.796844346,1.0000000000000062,0.1947644665638023,28.86871194149579,0.4811451990249298,1.3967277849780362
1674,150,40,2,300,0,0.786957797899844,111545720.61339565,64962333.33333216,13042986.796844328,1.0000000000000049,0.20077768342954477,29.54662878930923,0.49244381315515384,1.4400237577986337
1675,150,40,2,300,0,0.7320561665789199,119986268.5515063,71443166.6666646,13031556.638122272,0.9991236548115836,0.18240452160980147,27.468143144940104,0.45780238574900173,1.3357821696157628
1676,150,40,2,300,0,0.7050985554535493,113540200.28006083,66489499.9999983,13042986.796844333,1.0000000000000053,0.19616611339902792,29.02760424827951,0.4837934041379918,1.3458248503107635
1677,150,40,2,300,0,0.734145490943534,110858546.94672751,64436166.666665144,13042986.79684434,1.000000000000006,0.20241717457087477,29.72977808904332,0.4954963014840554,1.3915755320842893
1678,150,40,2,300,0,0.7035652452724843,126926917.94672625,76739666.66666365,13042986.796844326,1.0000000000000047,0.16996407937891536,25.966123288231994,0.43276872147053325,1.27230523024615
1679,150,40,2,300,0,0.7361475832221721,107123386.94672951,61576166.6666659,13042986.796844337,1.0000000000000056,0.2118187523340118,30.766390924877502,0.5127731820812917,1.4183757671706734
1680,150,50,2,300,0,0.8809792154028226,133414288.9467245,81709833.33332936,13042986.796844326,1.0000000000000047,0.15962566884252968,24.703500847020152,0.4117250141170025,1.420404764593849
1681,150,50,2,300,0,0.7978756360221302,125671014.94672579,75780833.3333302,13042986.79684434,1.000000000000006,0.17211458654028455,26.22561774803163,0.4370936291338605,1.3726609343882183
1682,150,50,2,300,0,0.8909239012178013,128079714.28005843,77625166.666663,13042986.79684434,1.000000000000006,0.16802523404366226,25.732412181943356,0.4288735363657226,1.4542176248184537
1683,150,50,2,300,0,0.8625653483059605,130797282.61339088,79705999.99999592,13042986.796844339,1.0000000000000058,0.1636387072095577,25.1977711933182,0.41996285322197,1.4134391672955768
1684,150,50,2,300,0,0.9031773037216791,128000701.28006002,77564666.6666638,13042986.796844328,1.0000000000000049,0.16815629277306005,25.74829643150885,0.42913827385848086,1.466840611798608
1685,150,50,2,300,0,0.8128470042828577,122093880.94672625,73041833.33333074,13042986.796844337,1.0000000000000056,0.17856872153416375,26.993981798629783,0.4498996966438297,1.4056016781540184
1686,150,50,2,300,0,0.8271632539309377,124655817.61339325,75003499.99999724,13042986.796844319,1.0000000000000042,0.17389837536708017,26.439199253592584,0.44065332089320974,1.4069352751178115
1687,150,50,2,300,0,0.8551608629098179,121035585.61339253,72231499.99999726,13042986.79684434,1.000000000000006,0.18057200524487013,27.23000829299347,0.4538334715498912,1.453451938655605
1688,150,50,2,300,0,0.835011395999683,137001000.28005823,84456166.66666259,13042986.796844311,1.0000000000000036,0.1544349845799096,24.056758660613475,0.4009459776768913,1.359505361340502
1689,150,50,2,300,0,0.8993279083454091,124940743.2800611,75221666.66666433,13042986.796844305,1.000000000000003,0.17339401498032098,26.37890501909609,0.43964841698493484,1.4776915373146007
1690,150,45,2,200,0,0.8726912032666344,122101457.29781525,79867333.33332986,8695324.531229502,0.9999999999999997,0.10887210287764558,17.999785167505326,0.2999964194584221,1.259785305027173
1691,150,45,2,200,0,0.7727171940043268,105527881.96448389,67176999.99999812,8695324.531229502,0.9999999999999997,0.12943901232906715,20.826723317915963,0.3471120552985994,1.2233804591661799
1692,150,45,2,200,0,0.7822275011109735,109019612.44658795,69851833.33333103,8694542.759033747,0.9999100928098832,0.12447121777811654,20.159675407732436,0.33599459012887395,1.2177990654623407
1693,150,45,2,200,0,0.8051720354016773,112931160.63114989,72845666.66666402,8695324.531229503,1.0,0.11936639376256404,19.461413375342385,0.32435688958903974,1.225022040000768
1694,150,45,2,200,0,0.8492610674280436,111698078.96448371,71901499.99999763,8695324.531229496,0.9999999999999991,0.12093384047940282,19.676256032109805,0.3279376005351634,1.2739457403467291
1695,150,45,2,200,0,0.7330282405134577,117293635.96448262,76185999.99999687,8695324.531229502,0.9999999999999997,0.11413283977672876,18.737589485805607,0.3122931580967601,1.1366276704316007
1696,150,45,2,200,0,0.7427042250726313,108997270.96448445,69833499.99999815,8695324.531229502,0.9999999999999999,0.12451508990999638,20.163807594009658,0.33606345990016095,1.1783797569007894
1697,150,45,2,200,0,0.7934314313082079,120190779.29781544,78404333.33332984,8695324.531229502,0.9999999999999997,0.11090362179679553,18.28592852829557,0.30476547547159283,1.1869198042172373
1698,150,45,2,200,0,0.7814590418549616,113802697.96448304,73512999.99999736,8695324.531229502,0.9999999999999997,0.11828281434888814,19.312371668779917,0.32187286114633196,1.197958154480404
1699,150,45,2,200,0,0.8456738384545556,104828736.63115165,66641666.66666503,8695324.531229502,0.9999999999999997,0.1304787975175148,20.96562517712234,0.34942708628537233,1.2994839627539396
1700,150,40,2,200,0,0.7689021949292533,116632238.96448337,75678166.66666415,8695324.531229502,0.9999999999999997,0.11489872065121984,18.843846431425106,0.31406410719041844,1.1748852786406476
1701,150,40,2,200,0,0.7528622548622289,99840779.29781912,62820999.99999934,8695324.531229502,0.9999999999999997,0.13841429667196628,22.013049331717383,0.366884155528623,1.230477847728425
1702,150,40,2,200,0,0.7249784352825412,99808405.36767137,62808166.66666554,8687704.425414791,0.9991236548115777,0.13832125480627436,22.020189501112725,0.36700315835187874,1.2026385974794396
1703,150,40,2,200,0,0.7186783429125475,104629445.96448426,66487666.66666493,8695324.531229502,0.9999999999999997,0.130781014993704,21.005558996709475,0.35009264994515793,1.1733958048526687
1704,150,40,2,200,0,0.790172256817952,100420207.96448547,63264666.66666562,8695324.531229496,0.9999999999999991,0.1374436156764119,21.88603314561221,0.3647672190935368,1.2648943684526184
1705,150,40,2,200,0,0.6984102556080087,104806626.6311512,66623333.333331704,8695324.531229502,0.9999999999999997,0.130514702525087,20.970048084218732,0.34950080140364553,1.1523228190317238
1706,150,40,2,200,0,0.69941636582375,102517643.96448497,64870666.66666529,8695324.531229502,0.9999999999999999,0.13404093063988376,21.438260917909705,0.3573043486318284,1.1639534589674854
1707,150,40,2,200,0,0.7672379373924144,113917064.96448322,73599166.66666414,8695324.531229502,0.9999999999999999,0.1181443340331725,19.29298301957854,0.32154971699297563,1.183303121611928
1708,150,40,2,200,0,0.7471508081027829,120324300.96448201,78505166.66666308,8695324.531229502,0.9999999999999997,0.11076117535232159,18.265636969283193,0.30442728282138654,1.1401870312060267
1709,150,40,2,200,0,0.7854742876567593,101097804.29781787,63783499.999998525,8695324.531229498,0.9999999999999994,0.1363256097772888,21.739344541308085,0.3623224090218014,1.2568571845003917
1710,150,50,2,200,0,0.8870763031563067,132004980.9644802,87451833.33332844,8695324.531229502,0.9999999999999997,0.09942987127653113,16.64937174296008,0.2774895290493347,1.2441097292268664
1711,150,50,2,200,0,0.8318954233604025,113480023.96448265,73267333.33333047,8695324.531229502,0.9999999999999997,0.11867941872089209,19.367285300255794,0.3227880883375966,1.2496270466747128
1712,150,50,2,200,0,0.8198543494383256,117363232.13748619,76240999.99999715,8695129.073121442,0.9999775214706065,0.1140479410438185,18.72647813094793,0.3121079688491321,1.2232006711225125
1713,150,50,2,200,0,0.8285011106525821,122231312.29781446,79968166.66666247,8695324.531229502,0.9999999999999997,0.10873482403910671,17.98066271795478,0.299677711965913,1.2151666818497806
1714,150,50,2,200,0,0.9387415682227414,122513843.63114877,80184499.99999635,8695324.531229498,0.9999999999999994,0.10844146351514188,17.93919719486473,0.29898661991441217,1.324481358949267
1715,150,50,2,200,0,0.7825153466414111,122401309.96448174,80098333.33332959,8695324.531229502,0.9999999999999997,0.10855812061711531,17.95569018532363,0.2992615030887272,1.1686233462238305
1716,150,50,2,200,0,0.795329026400679,114658035.96448334,74169333.3333308,8695324.531229502,0.9999999999999997,0.11723611552703452,19.16830322020163,0.3194717203366938,1.2085896391590003
1717,150,50,2,200,0,0.8545842069676016,121795543.63114896,79634499.99999656,8695324.53122951,1.0000000000000007,0.10919042037345479,18.044995198312964,0.3007499199718827,1.2426864632382482
1718,150,50,2,200,0,0.8749573024870968,132735252.63114671,88010999.99999513,8695324.531229502,0.9999999999999997,0.09879815626717095,16.557771627612663,0.27596286046021107,1.2299586879610447
1719,150,50,2,200,0,0.8966004325527916,113187915.29781744,73043666.66666426,8695324.531229502,0.9999999999999997,0.11904282640835558,19.41726724286068,0.3236211207143447,1.3154558143938209
1720,150,50,4,200,0,0.9099635837621672,129292201.29781409,85374666.66666216,8695324.531229502,0.9999999999999999,0.10184900124037531,16.998705087691608,0.2833117514615268,1.2747545362159942
1721,150,50,4,200,0,0.8318954233604025,113321997.96448281,73146333.33333056,8695324.531229502,0.9999999999999997,0.11887574038201729,19.39429271877849,0.32323821197964153,1.2502342276456577
1722,150,50,4,200,0,0.8198543494383256,117408724.47081956,76275833.33333048,8695129.073121442,0.9999775214706065,0.11399585809994559,18.719222186475886,0.31198703644126474,1.2230380723595469
1723,150,50,4,200,0,0.8285011106525821,122228917.9644813,79966333.33332925,8695324.531229502,0.9999999999999997,0.10873731692791483,17.981014939841508,0.2996835823306918,1.2151745465256059
1724,150,50,4,200,0,0.9515423970866574,123054962.9644824,80598833.3333298,8695324.531229496,0.9999999999999991,0.10788399994908791,17.860311742439478,0.2976718623739913,1.3355214594199192
1725,150,50,4,200,0,0.7825153466414111,124204242.96448174,81478833.3333296,8695324.531229502,0.9999999999999997,0.10671881488112331,17.695047669414137,0.29491746115690226,1.162807859703212
1726,150,50,4,200,0,0.795329026400679,114612543.6311501,74134499.99999756,8695324.531229502,0.9999999999999997,0.11729120087448877,19.175911557054636,0.3195985259509106,1.2087605130511807
1727,150,50,4,200,0,0.8545842069676016,121771600.29781556,79616166.66666318,8695324.53122951,1.0000000000000007,0.10921556381425744,18.04854329437129,0.30080905490618814,1.2427657129251957
1728,150,50,4,200,0,0.8749573024870968,132043290.2978136,87481166.66666189,8695324.531229502,0.9999999999999997,0.09939653141986723,16.644541309467748,0.2774090218244625,1.2318835494474532
1729,150,50,4,200,0,0.8966004325527916,114016354.63115151,73677999.9999978,8695324.531229503,1.0,0.11801792300591445,19.276181975033236,0.32126969958388724,1.3122844705414105
1730,150,50,4,300,0,0.8801294089682293,136670582.2800574,84203166.6666624,13042986.796844319,1.0000000000000042,0.1548990057402233,24.114918843664825,0.4019153140610804,1.4059639276214884
1731,150,50,4,300,0,0.7978756360221302,125639888.61339226,75756999.99999683,13042986.79684434,1.000000000000006,0.17216873420073245,26.232114946723158,0.4372019157787193,1.3728125391614354
1732,150,50,4,300,0,0.8909239012178013,128125206.61339176,77659999.99999633,13042986.79684434,1.000000000000006,0.16794986861762756,25.723275592013916,0.42872125986689863,1.454005055978802
1733,150,50,4,300,0,0.8625653483059605,130763761.94672418,79680333.33332922,13042986.796844339,1.0000000000000058,0.16369141858733455,25.204230521776942,0.4200705086962824,1.4135889918721105
1734,150,50,4,300,0,0.9031773037216791,127962391.94672674,77535333.33333047,13042986.796844328,1.0000000000000049,0.16821991002181558,25.75600494692305,0.42926674911538415,1.4670199808545157
1735,150,50,4,300,0,0.8128470042828577,123508931.94672608,74125333.33333066,13042986.796844337,1.0000000000000056,0.17595855843496788,26.68470974570162,0.4447451624283604,1.3983590134591926
1736,150,50,4,300,0,0.8271632539309377,124603142.2800599,74963166.66666391,13042986.796844319,1.0000000000000042,0.17399193999957488,26.45037628820235,0.4408396048033725,1.40719641073397
1737,150,50,4,300,0,0.8551608629098179,121011642.28005914,72213166.66666389,13042986.79684434,1.000000000000006,0.18061784850193308,27.235396015636894,0.4539232669272816,1.4535784086386458
1738,150,50,4,300,0,0.835011395999683,137034520.9467248,84481833.33332923,13042986.796844311,1.0000000000000036,0.15438806524690646,24.050874022329857,0.4008479003721643,1.3593697485693725
1739,150,50,4,300,0,0.8993279083454091,124998207.2800611,75265666.66666433,13042986.796844292,1.0000000000000022,0.17329264955041074,26.366778145991255,0.43944630243318755,1.4774083304189254
1740,150,50,4,400,0,0.9361951099998703,155888941.5956341,92097499.99999526,17390649.062458992,0.9999999999999991,0.188828676809467,28.185450199522393,0.4697575033253732,1.557015554772817
1741,150,50,4,400,0,0.8314044054867387,131967157.26230244,73780666.66666391,17390649.062458996,0.9999999999999994,0.23570739935203863,33.29464763165833,0.5549107938609722,1.574881118829342
1742,150,50,4,400,0,0.8681478242792897,139430294.26230258,79495166.66666326,17390649.062458985,0.9999999999999987,0.21876360276569934,31.5125204550898,0.5252086742514966,1.568367380743346
1743,150,50,4,400,0,0.864271781130289,134244168.26230252,75524166.66666365,17390649.062458985,0.9999999999999987,0.2302660172235335,32.729913387484075,0.5454985564580679,1.5939831513671838
1744,150,50,4,400,0,0.9107000507277764,131940819.59563693,73760499.9999976,17390649.062458996,0.9999999999999992,0.23577184349969915,33.301293818439305,0.5550215636406551,1.6543390891681908
1745,150,50,4,400,0,0.8930699134891007,137507644.5956353,78022999.9999965,17390649.06245898,0.9999999999999986,0.22289131490021868,31.953132590705913,0.5325522098450985,1.6039351752543742
1746,150,50,4,400,0,0.8336864845880807,127987775.26230456,70733666.6666646,17390649.06245897,0.9999999999999979,0.24586098645802065,34.32984119768569,0.5721640199614282,1.6025392937159253
1747,150,50,4,400,0,0.8195769852065495,130664639.92896996,72783333.33333111,17390649.062458996,0.9999999999999994,0.23893724381670983,33.62654198097125,0.5604423663495208,1.5711691466094382
1748,150,50,4,400,0,0.8720339151181488,149682829.59563398,87345499.99999553,17390649.062458966,0.9999999999999977,0.19910183194852463,29.354068278036884,0.48923447130061476,1.520549851977583
1749,150,50,4,400,0,0.8995265758448389,138008060.2623037,78406166.66666363,17390649.062459014,1.0000000000000002,0.22180205718248802,31.837270893083822,0.530621181551397,1.6075894031422262
1750,150,50,4,500,0,0.9139197432166464,157221630.9112109,86296833.33332907,21738311.32807362,0.9999999999999926,0.25190161085178514,34.930308050941356,0.5821718008490226,1.6976128327470972
1751,150,50,4,500,0,0.8042144468999086,140909037.91121256,73806333.33333045,21738311.328073587,0.999999999999991,0.2945317880770092,38.97407917482489,0.6495679862470815,1.6894078636085976
1752,150,50,4,500,0,0.799534834053662,140662734.76354,73637666.66666406,21725610.263648596,0.9994157290217486,0.2950339309635381,39.04232353531266,0.6507053922552111,1.6862673710797036
1753,150,50,4,500,0,0.8297582192750678,148369780.57787964,79518999.9999967,21738311.32807366,0.9999999999999944,0.27337254402186345,37.01427594359312,0.6169045990598854,1.6653608535524438
1754,150,50,4,500,0,0.8606626026235124,129986089.24454921,65442666.66666529,21738311.328073647,0.9999999999999939,0.33217337305031536,42.249136287714656,0.704152271461911,1.8305535725256754
1755,150,50,4,500,0,0.8476526120308748,149676085.34371987,80519999.99999629,21737822.68280344,0.9999775214705978,0.2699679915897223,36.69123218574627,0.6115205364291045,1.6751475417317572
1756,150,50,4,500,0,0.8005565754103627,144797435.2445457,76783666.66666354,21738311.32807362,0.9999999999999926,0.2831111390192511,37.92746736656627,0.6321244561094378,1.6591699427352014
1757,150,50,4,500,0,0.8627777061700249,147077584.53979412,78541833.33333012,21730494.650953714,0.9996404193038687,0.2766741458495104,37.3394764211273,0.6223246070187883,1.7064416298684217
1758,150,50,4,500,0,0.8149821266819486,153874352.91121057,83733833.33332908,21738311.328073613,0.9999999999999922,0.2596120404703959,35.69015821089372,0.594835970181562,1.6175077292398272
1759,150,50,4,500,0,0.8733821253505112,144246738.57788232,76361999.99999759,21738311.32807365,0.999999999999994,0.2846744627966048,38.07226460815156,0.6345377434691927,1.7356594390569877
1760,150,50,4,600,0,0.8434223453486175,166120413.56012163,86289499.99999589,26085973.593688287,0.9999999999999908,0.3023076225228971,39.66881528148283,0.6611469213580471,1.7464153647249825
1761,150,50,4,600,0,0.8612981491198729,148909945.56012288,73111499.99999733,26085973.593688175,0.9999999999999865,0.35679713305962985,44.253592164126786,0.7375598694021132,1.88429572496969
1762,150,50,4,600,0,0.934994863064956,154067322.6731023,77064166.66666368,26083628.277100965,0.999910092809872,0.33846636387990936,42.772210782049726,0.7128701797008288,1.9186381338697123
1763,150,50,4,600,0,0.8973192414157755,166132385.22678617,86298666.66666166,26085973.593688227,0.9999999999999885,0.3022755113291407,39.66595670678122,0.6610992784463537,1.8002389289254417
1764,150,50,4,600,0,0.8611069828504706,148306573.56012294,72649499.99999742,26085973.593688205,0.9999999999999877,0.3590661132380695,44.43363393685661,0.7405605656142769,1.888920439055203
1765,150,50,4,600,0,0.783093435964828,153601490.43634596,76739666.66666359,26063113.276244123,0.9991236548115675,0.3396302643514893,42.901927457083374,0.715032124284723,1.7698297717307425
1766,150,50,4,600,0,0.7680903027323028,152343419.5601213,75740499.99999668,26085973.593688197,0.9999999999999872,0.3444124820101444,43.25621690144207,0.7209369483573679,1.7645572366977862
1767,150,50,4,600,0,0.8607879403890519,157067439.22678858,79357666.66666315,26085973.593688253,0.9999999999999893,0.32871396916520657,41.95522657299476,0.6992537762165794,1.8230128919377966
1768,150,50,4,600,0,0.8261009362174058,169848390.56012082,89143999.99999526,26085973.593688294,0.999999999999991,0.292627362398924,38.79813036949223,0.6466355061582038,1.706838332294749
1769,150,50,4,600,0,0.8974967440231643,152712146.89345807,76022833.33333072,26085973.593688212,0.9999999999999878,0.34313340413545634,43.15177367388773,0.7191962278981289,1.8911996952296581
1770,150,50,4,700,0,0.8911953794213331,171985730.28682885,84159166.66666253,30306340.631288264,0.9958172849079377,0.36010742301341414,44.700220112323784,0.7450036685387297,1.924284986370794
1771,150,50,4,700,0,0.8484852728613772,158698557.8444021,74108833.33333051,30227552.38868418,0.9932284308200355,0.4078805592948029,48.442784259814104,0.8073797376635684,1.9821694579607878
1772,150,50,4,700,0,0.8725935967726023,164402182.51106775,78303499.99999683,30337552.38868422,0.9968428527217952,0.3874354580406425,46.7621529262998,0.7793692154383299,1.961911178643446
1773,150,50,4,700,0,0.8895435316238668,171727142.2868292,83961166.66666271,30306340.631288297,0.995817284907939,0.3609566402478494,44.76753003412451,0.7461255005687418,1.924434344390888
1774,150,50,4,700,0,0.8741090651390458,160791765.45349684,75533333.33333035,30341173.964621536,0.9969618518434926,0.40169250615122776,47.81214994634421,0.7968691657724035,1.9923322358324316
1775,150,50,4,700,0,0.840140959562863,165451594.6201625,79155999.99999653,30306340.631288216,0.9958172849079362,0.38286852078540534,46.46555397455891,0.7744258995759818,1.9208616757671693
1776,150,50,4,700,0,0.7952016231706915,160387342.01106876,75283999.99999721,30302719.055350956,0.9956982857862406,0.4025120750139748,47.93271029748373,0.7988785049580621,1.9160897881399337
1777,150,50,4,700,0,0.8727855185385769,168308034.28682792,81343166.6666626,30306340.63128823,0.9958172849079368,0.37257389739301694,45.676963863166335,0.7612827310527722,1.9321273675057626
1778,150,50,4,700,0,0.8359061263439985,176139898.62016118,87339999.99999537,30306340.631288268,0.9958172849079379,0.3469926795430487,43.64598855923291,0.7274331426538818,1.8409334126323194
1779,150,50,4,700,0,0.8683368259149249,158496977.34440532,73899833.33333127,30262385.722017597,0.9943729977555952,0.4095054664807784,48.50439502890221,0.8084065838150368,2.0043477829145844
1780,150,50,4,800,0,0.9131463335170553,181885856.91740835,85387499.99999529,34355107.49182994,0.9877465576023815,0.40234352208264473,48.30392065057318,0.8050653441762197,2.0400864953593905
1781,150,50,4,800,0,0.8577097142713676,167533605.0840803,74429666.66666368,34334940.82516333,0.9871667440889762,0.4613071959455867,52.44201600980686,0.8740336001634478,2.1007890711912847
1782,150,50,4,800,0,0.8279661198367887,178095788.58407703,82399166.66666284,34410107.49182984,0.9893278671843981,0.41760261521857756,49.33187960170278,0.8221979933617131,1.9842462053733638
1783,150,50,4,800,0,0.8144650491567959,175079681.08630896,80090999.99999633,34409306.2077393,0.9893048293987564,0.42962762617199035,50.1817226618597,0.8363620443643284,1.9945291944587167
1784,150,50,4,800,0,0.8865810112516618,173168250.5840779,78626166.66666318,34410107.49182992,0.9893278671844002,0.4376419320772954,50.73562832890233,0.8455938054817055,2.0822883623952038
1785,150,50,4,800,0,0.7710202913574179,167952256.9230463,74677166.66666359,34381508.34052024,0.9885056106025164,0.46040188554540307,52.31129465575177,0.8718549109291962,2.0111967107229365
1786,150,50,4,800,0,0.8389610294039305,168144160.08408046,74897166.66666378,34334940.82516322,0.9871667440889731,0.4584277664063556,52.25159170325429,0.8708598617209049,2.07656310424992
1787,150,50,4,800,0,0.865839226299517,169097404.9144689,75595666.66666359,34354952.45541655,0.9877421001375444,0.454456637136405,51.957036268202586,0.8659506044700431,2.0953551404786843
1788,150,50,4,800,0,0.859090846479174,182278366.2507433,85774333.33332904,34300107.4918299,0.9861652480203614,0.3998877771341655,48.199905346497324,0.8033317557749554,1.9823328239614617
1789,150,50,4,800,0,0.9012213473665437,173228649.7507466,78767333.33333029,34349607.49182982,0.9875884266441762,0.4360895061213762,50.717938474043514,0.8452989745673919,2.0953919268310366
