int(self),self.nb_electrical,self.nb_activeCS_Cparking,self.nb_activeCS_Cparking_fast,self.nb_solar,self.nb_wind,self.avg_statisfied_day,self.monthly_profit,self.monthly_energy_consumption,self.monthly_renew_charge,self.self_consumption,self.self_sufficiency,self.payback_period,self.payback_period_norm,self.metric
0,100,25,6,300,4,0.7899233065394298,81217411.61340368,41735833.33333428,13042986.796844319,1.0000000000000042,0.3125129116908497,44.323008188627234,0.7387168031437873,1.7786504390358968
1,100,25,6,300,4,0.9254202672090605,91862617.61340164,49886833.333333984,13042986.796844339,1.0000000000000058,0.2614514878042804,39.186777968265005,0.65311296613775,1.787694423590235
2,100,25,6,300,4,0.7822132731307148,93095699.28006795,50831000.00000057,13042986.796844315,1.000000000000004,0.2565951249600474,38.667736832508304,0.6444622805418051,1.6319516536405576
3,100,25,6,300,4,0.6774173264605582,86697153.79782441,46013000.00000096,12991138.342844535,0.9960248020789015,0.28233626024915276,41.5215476207517,0.6920257936791949,1.5953121283390752
4,100,25,6,300,4,0.8602071034016706,82141624.28006966,42443500.00000086,13042986.796844292,1.0000000000000022,0.3073023383284609,43.82430992265432,0.730405165377572,1.8364541394420113
5,100,25,6,300,4,0.7518482094679966,91211358.94673513,49388166.66666741,13042986.796844307,1.0000000000000033,0.26409133355515213,39.466575671810595,0.6577762611968433,1.6208975375089616
6,100,25,6,300,4,0.9241730824956295,79708949.12388547,40588166.666667484,13038296.790572397,0.9996404193038819,0.321233942337187,45.16180478562211,0.7526967464270352,1.9338569827924141
7,100,25,6,300,4,0.9491449658749814,79735319.28006896,40601000.00000053,13042986.79684427,1.0000000000000004,0.3212479199242408,45.14686882177976,0.7524478136963294,1.9585911155107034
8,100,25,6,300,4,0.9842649798546802,84203145.28007007,44022000.000000894,13042986.796844332,1.000000000000005,0.2962833764218815,42.751372149183034,0.7125228691530505,1.933814550145236
9,100,25,6,300,4,0.733812946210496,97862816.94673195,54481166.66666675,13042986.796844345,1.000000000000006,0.23940358833806769,36.784144502599176,0.6130690750433196,1.5384048919242699
10,100,35,4,300,4,0.8875770262496494,91296805.55151407,49474333.33333427,13031556.638122251,0.999123654811582,0.2634003484255541,39.42963807171565,0.6571606345285942,1.7554579395186871
11,100,35,4,300,4,0.9601541786630694,108032672.61339718,62270999.99999943,13042986.796844311,1.0000000000000036,0.20945523272220506,33.321400951378365,0.5553566825229728,1.6830750473638063
12,100,35,4,300,4,0.8922455032265829,96178851.21817812,53212500.00000035,13031556.638122266,0.9991236548115833,0.2448965306670835,37.42818670015083,0.6238031116691806,1.7119658394294301
13,100,35,4,300,4,0.7821320739907716,96434521.94673346,53390333.33333363,13042986.796844332,1.000000000000005,0.24429491225335911,37.328955723847365,0.6221492620641228,1.5997172658575818
14,100,35,4,300,4,0.9570148792876796,104362159.6133963,59460499.99999953,13042986.796844298,1.0000000000000024,0.21935548468049212,34.49334522527375,0.5748890870878959,1.7073883541199693
15,100,35,4,300,4,0.8473297603244792,94717784.94673349,52075833.33333367,13042986.796844324,1.0000000000000044,0.25046141294287316,38.00553404014275,0.6334255673357124,1.68112445801449
16,100,35,4,300,4,0.8585444474905155,97768133.12388083,54418833.33333328,13038296.79057239,0.9996404193038814,0.23959162650012222,36.81976821055524,0.613662803509254,1.6638805521998672
17,100,35,4,300,4,0.8986855473773504,92591616.94673486,50447833.33333399,13042986.796844328,1.0000000000000049,0.2585440431239695,38.878249659154946,0.6479708276525824,1.7534916095291084
18,100,35,4,300,4,0.9085641947524195,93269213.28006755,50966666.66666715,13042986.796844332,1.000000000000005,0.2559121019655502,38.595801051635,0.6432633508605833,1.7565572271854428
19,100,35,4,300,4,0.8894220251933092,109349555.9467292,63279333.33333233,13042986.796844319,1.0000000000000042,0.20611763920044235,32.92011539355204,0.548668589892534,1.6029847264461972
20,100,30,6,500,4,0.8208878969513632,99709112.90942773,42570000.00000108,21536941.390640926,0.9907366338445618,0.5059182849574907,58.127084184017384,0.9687847364002897,2.1944072613176457
21,100,30,6,500,4,0.9295247946293312,125547145.57788737,62038166.666666284,21738311.32807365,0.999999999999994,0.3504022200538988,46.16433112295955,0.7694055187159925,1.9792520893884429
22,100,30,6,500,4,0.8178961538009132,115716012.91122264,54510500.00000006,21738311.328073613,0.9999999999999922,0.3987912664179119,50.086412884330365,0.8347735480721727,1.9717027150074156
23,100,30,6,500,4,0.7340916923029724,111314227.0103995,51140833.33333376,21737822.68280345,0.9999775214705983,0.42505804590858454,52.067019245064955,0.8677836540844159,1.9419217831142561
24,100,30,6,500,4,0.8673848828324744,112917037.24455705,52367333.33333369,21738311.328073576,0.9999999999999906,0.415112054488296,51.327949629491144,0.8554658271581858,2.054940353581297
25,100,30,6,500,4,0.7792915152591038,111537901.24455759,51311333.33333379,21738311.32807362,0.9999999999999926,0.42365516379890267,51.96260585262538,0.8660434308770897,1.9842590771753157
26,100,30,6,500,4,0.8437337424200129,117059233.91122179,55538999.99999984,21738311.328073617,0.9999999999999925,0.39140624296572996,49.51168571968922,0.8251947619948203,1.9820534987874172
27,100,30,6,500,4,0.8136809729310792,108566533.57789263,49036166.66666752,21738311.32807359,0.9999999999999912,0.4433118003665297,53.38477529856583,0.8897462549760972,2.0580766682004
28,100,30,6,500,4,0.9737305449437352,101953384.91122738,43972500.00000109,21738311.328073606,0.999999999999992,0.4943615061248069,56.84754856394916,0.947459142732486,2.316678892576067
29,100,30,6,500,4,0.8448478631597796,125635735.91121694,62105999.99999877,21738311.328073602,0.9999999999999918,0.35001950420368455,46.13177897167507,0.7688629828612511,1.8937264493839785
30,100,30,8,300,4,0.7905657202847365,84412536.2181826,44201666.66666792,13031556.638122246,0.9991236548115817,0.29482048123649657,42.64532451312128,0.7107554085520214,1.737177513825955
31,100,30,8,300,4,0.920883488753726,111757694.28006327,65121833.333332464,13042986.79684432,1.0000000000000042,0.20028592761021513,32.210757596510085,0.5368459599418347,1.6179581907837328
32,100,30,8,300,4,0.850071974165545,91539943.61340266,49641166.6666676,13042986.796844328,1.0000000000000049,0.2627453718891394,39.32490951931219,0.6554151586552032,1.7156834303320596
33,100,30,8,300,4,0.7770065219044866,93502410.13115533,51225166.66666703,12991138.342844538,0.9960248020789018,0.25360851292843256,38.49954236420837,0.6416590394034728,1.6215523716507054
34,100,30,8,300,4,0.8341051786763298,90735447.61340237,49025166.666667566,13042986.796844319,1.0000000000000042,0.2660467609529272,39.673579562176315,0.661226326036272,1.7081689134749434
35,100,30,8,300,4,0.8025064978264799,99594480.94673166,55808499.99999997,13042986.796844292,1.0000000000000022,0.23370968216032145,36.144573130767775,0.6024095521794629,1.5918837957342
36,100,30,8,300,4,0.835267840498422,100638377.79054798,56615166.66666677,13038296.790572358,0.999640419303879,0.23029688965393258,35.769654470107085,0.5961609078351181,1.615666260056686
37,100,30,8,300,4,0.9931374541227772,76884229.28006923,38419333.333333865,13042986.796844292,1.0000000000000022,0.33949019062045444,46.82104553440818,0.7803507589068029,2.0450803655259437
38,100,30,8,300,4,0.9482913817979786,89389832.2800695,47994833.333334126,13042986.796844292,1.0000000000000022,0.2717581433455145,40.27079935357052,0.6711799892261753,1.8368778857005656
39,100,30,8,300,4,0.852708352076818,107083955.61339672,61543166.66666603,13042986.796844345,1.000000000000006,0.21193233145588022,33.61661398647145,0.5602768997745241,1.5825311170160465
40,100,40,10,700,4,0.9298609930203293,135184127.03132728,56019333.33333364,30279670.260936633,0.9949409397195111,0.5405217888039212,59.11788739922105,0.9852981233203508,2.3475765473838175
41,100,40,10,700,4,0.9675485601206809,149581134.51107347,67101833.33333158,30242219.055350818,0.9937103537402691,0.45069139773158123,53.42786057962656,0.890464342993776,2.218566021299722
42,100,40,10,700,4,0.9793014585456937,138006225.0110801,58230333.33333317,30247719.055350833,0.9938910748353574,0.5194495261121223,57.908981999604464,0.9651496999934077,2.360010779428799
43,100,40,10,700,4,0.8912803574292902,136567119.25556368,57242166.666666605,30175215.351666056,0.9915087205212043,0.527150125664928,58.51921050662726,0.9753201751104543,2.288320633071687
44,100,40,10,700,4,0.9353999838073487,138856213.344412,58881166.66666617,30247719.055350892,0.9938910748353594,0.513707875840625,57.55450049741411,0.9592416749569018,2.3056079594367507
45,100,40,10,700,4,0.9129632603558012,145014837.6201713,63504833.333332136,30306340.631288312,0.9958172849079394,0.4772288822838506,55.110222727224944,0.9185037121204157,2.2132500783032976
46,100,40,10,700,4,0.9350839218716752,135603135.3646607,56340166.66666694,30279670.26093659,0.9949409397195098,0.5374437466627382,58.93521546171217,0.9822535910285362,2.3472925102304023
47,100,40,10,700,4,0.9359351966991396,133100397.34441392,54387666.66666652,30302719.055350985,0.9956982857862416,0.5571615940259323,60.04339701045534,0.9992769779988756,2.3809414499187613
48,100,40,10,700,4,0.9337560388743834,140947084.17774555,60450499.9999995,30267885.72201749,0.9945537188506796,0.500705299741404,56.70071180700482,0.9450118634500804,2.279332142117587
49,100,40,10,700,4,0.9814772686229151,150835005.4535036,67906666.6666653,30341173.964621488,0.996961851843491,0.4468069992826737,52.98372202110306,0.8830620336850511,2.221984901734105
50,100,20,10,300,4,0.8753976582138361,77338553.55151457,38782333.33333397,13031556.638122216,0.9991236548115793,0.33601785962995184,46.54599594498756,0.775766599083126,1.9199785450009235
51,100,20,10,300,4,0.8640539264301993,88720691.28006947,47479666.666667506,13042986.796844319,1.0000000000000042,0.2747067895066117,40.57452605544195,0.6762421009240325,1.7600614589595212
52,100,20,10,300,4,0.8621580192371822,73710615.61340187,35986500.00000024,13042986.79684429,1.000000000000002,0.3624411042153087,48.836927626276584,0.8139487937712764,1.9660596963807055
53,100,20,10,300,4,0.9623934853883764,75037218.72268647,37191000.0000004,12922696.952668777,0.9907774311168825,0.3474683916180968,47.97352648828454,0.7995587748047424,2.039926973487596
54,100,20,10,300,4,0.9695519549386848,80949208.21818103,41547000.00000061,13031556.63812223,0.9991236548115805,0.31365818562404113,44.469860536467756,0.7411643422744626,1.9616428457123805
55,100,20,10,300,4,0.8710068982266433,67490137.61340128,31223500.000000138,13042986.796844298,1.0000000000000024,0.41772981237991386,53.338163579106414,0.8889693929851069,2.0941601411156814
56,100,20,10,300,4,0.9028443169262413,75436897.45721821,37315666.66666723,13038296.790572377,0.9996404193038804,0.34940543624855097,47.71935380881112,0.7953225634801854,1.9776912294052673
57,100,20,10,300,4,0.8652229685068961,78820645.8848472,39917166.66666712,13031556.63812221,0.9991236548115789,0.3264649704961206,45.670775208555355,0.7611795868092559,1.8875745317130483
58,100,20,10,300,4,0.9517652355224586,69227474.74083,34147666.66666706,12027064.620544191,0.9221096983287698,0.3522075091673629,51.99958561939074,0.866659760323179,2.100191003179528
59,100,20,10,300,4,0.9390137002133007,84470749.61340243,44225500.000000626,13042986.796844285,1.0000000000000016,0.29492005283929185,42.61593529683609,0.7102655882806015,1.8852153307653357
60,100,50,10,500,4,1.0,124226992.91918367,61062833.33333268,21719261.063536864,0.9991236548115715,0.3556870829261186,46.65491664738661,0.7775819441231101,2.062131610464005
61,100,50,10,500,4,1.0,138136399.91121548,71683333.33333153,21738311.32807371,0.9999999999999968,0.30325474998476065,41.9570801304011,0.6992846688400184,1.9418884688278268
62,100,50,10,500,4,0.9662849854541722,127438518.57788388,63491999.99999893,21738311.328073632,0.9999999999999931,0.3423787457959113,45.479185294027914,0.7579864215671319,1.9981744036580331
63,100,50,10,500,4,0.9611135234730952,127393026.24455164,63457166.66666576,21738311.32807362,0.9999999999999926,0.34256668663230466,45.49542601236286,0.7582571002060478,1.9934239729849867
64,100,50,10,500,4,1.0,127124860.91121739,63251833.333332196,21738311.32807367,0.9999999999999948,0.3436787549463503,45.59139698133257,0.7598566163555429,2.034799620312623
65,100,50,10,500,4,1.0,131250297.24454753,66410666.66666481,21738311.32807362,0.9999999999999926,0.3273316233547958,44.15837618410249,0.7359729364017081,1.9978382350855446
66,100,50,10,500,4,1.0,132548025.91121553,67404333.33333172,21738311.328073654,0.9999999999999941,0.3225061394876814,43.72603786556726,0.7287672977594543,1.9867722093495996
67,100,50,10,500,4,0.9870293793979175,123329842.57788503,60345999.999999136,21738311.328073613,0.9999999999999922,0.3602278747236589,46.994303072590455,0.7832383845431743,2.058450063720019
68,100,50,10,500,4,1.0,125376997.57788607,61913499.99999942,21738311.328073613,0.9999999999999922,0.35110777662503034,46.22698032308169,0.7704496720513615,2.0513358933513857
69,100,50,10,500,4,1.0,140408622.2445475,73423166.66666438,21738311.328073673,0.999999999999995,0.2960688337887136,41.27809181052675,0.6879681968421125,1.9248232638730833
70,100,35,4,700,4,0.8960999264705631,135116102.62017673,55924000.00000005,30306340.63128812,0.9958172849079331,0.5419201171462715,59.147650391202106,0.9857941731867018,2.315430193374282
71,100,35,4,700,4,0.9340783086291794,143209252.51107714,62221499.999999076,30242219.055350967,0.9937103537402739,0.4860413049404372,55.8050535134372,0.9300842252239534,2.252995577805483
72,100,35,4,700,4,0.8621854269500163,135877523.75556403,56640833.333333336,30221048.68499944,0.9930147296469386,0.5335558625549783,58.81620285027269,0.9802700475045448,2.269300164498544
73,100,35,4,700,4,0.8734205745773025,133939552.5110807,55186999.99999998,30201885.722017635,0.9923850657096293,0.5472644956605296,59.66721442748471,0.9944535737914119,2.305685744897138
74,100,35,4,700,4,0.9123811678078145,130875339.34441645,52768833.33333385,30247719.05535079,0.9938910748353561,0.5732118211573844,61.064216070290215,0.9824194390240565,2.3533700637577786
75,100,35,4,700,4,0.8471724289409376,138015640.2868403,58144166.66666595,30306340.631288353,0.9958172849079407,0.5212275343979258,57.905031512301825,0.9650838585383638,2.2292383149976422
76,100,35,4,700,4,0.882552168512611,135006385.3646598,55881833.333333395,30279670.260936767,0.9949409397195155,0.5418517692560205,59.19571862037267,0.9865953103395445,2.302628894256972
77,100,35,4,700,4,0.9265699749179191,132434211.67774878,53876166.66666693,30302719.055350956,0.9956982857862406,0.5624512828248261,60.34543414994903,0.9942593052907919,2.370790306468572
78,100,35,4,700,4,0.9126913419165192,135731665.17774725,56455666.66666659,30267885.722017545,0.9945537188506813,0.5361354760139387,58.879407318361174,0.9813234553060196,2.32292317803369
79,100,35,4,700,4,0.8961064732492834,142260336.78683937,61339666.66666576,30341173.964621563,0.9969618518434934,0.4946419766103828,56.17728862806494,0.9362881438010824,2.228108198338672
80,100,45,2,800,4,1.0,138631623.86350328,52228000.00000045,34379627.06857111,0.9884515219959793,0.6582604554754311,65.56801216546246,0.9113755724328441,2.437983936813189
81,100,45,2,800,4,0.9869263328289146,163220934.0840838,71166333.33333124,34309274.1584965,0.9864287996173624,0.4820997872378443,55.69016040134509,0.9281693400224181,2.300775502641608
82,100,45,2,800,4,0.9834484934250367,143550783.58409232,56096333.33333318,34314774.15849657,0.9865869305755666,0.6117115347734552,63.32114512405415,0.9461516476250026,2.4189693688688036
83,100,45,2,800,4,0.9695519077904216,142121746.08409292,55183333.33333338,34199274.15849663,0.9832661804533278,0.6197391874085763,63.957840727777146,0.9361645542540339,2.4015078119713165
84,100,45,2,800,4,1.0,148747722.58409014,60012333.3333326,34355107.49182992,0.9877465576023811,0.5724674509989115,61.108834757865615,0.9816891394991342,2.4396631002982634
85,100,45,2,800,4,0.9637589393819087,150734044.92305535,61491833.33333236,34381508.34052025,0.9885056106025165,0.5591231628132861,60.303563170749094,0.9949533909578645,2.4060108605904023
86,100,45,2,800,4,1.0,147959012.58972383,59366999.999999456,34381508.34052017,0.9885056106025145,0.5791350134000453,61.434581381028444,0.976373882410442,2.4396818931304782
87,100,45,2,800,4,0.9807137329945653,139090758.41742802,52649666.66666729,34334940.825163186,0.9871667440889721,0.6521397569816102,65.35157406159524,0.9146691159441167,2.41709465452397
88,100,45,2,800,4,1.0,146088074.75075746,58030499.99999945,34320274.158496626,0.98674506153377,0.5914178605818828,62.22136896189653,0.9636541483347179,2.4367884368002244
89,100,45,2,800,4,1.0,168715031.75638178,75205166.66666423,34416341.673853375,0.9895071066711227,0.4576326760420426,53.87664575806934,0.8979440959678223,2.2640502368014563
90,100,30,2,700,4,0.8830189276157574,125764913.07100874,48796000.00000117,30284937.565155923,0.9951140148079969,0.6206438553396836,63.54554545342635,0.9426196442420037,2.322153656129508
91,100,30,2,700,4,0.8757248761000435,135858088.177748,56591333.333333395,30242219.055350848,0.9937103537402701,0.5343966518197866,58.824616974913134,0.9804102829152189,2.283652480471092
92,100,30,2,700,4,0.8304832262106141,132263491.67774911,53830333.33333367,30247719.055350877,0.993891074835359,0.5619084479385975,60.42332542884525,0.9929694072562832,2.2729793918177754
93,100,30,2,700,4,0.7541219485590042,122596515.23767492,46528166.66666776,30184104.23182264,0.9918007947313867,0.6487275642744416,65.18782352423712,0.9171688181096711,2.1902728180882285
94,100,30,2,700,4,0.8768247664004082,131200407.67774951,53016333.33333376,30247719.055350885,0.9938910748353591,0.5705358547746413,60.91292048138462,0.9848998271008892,2.3181532773210103
95,100,30,2,700,4,0.8021499508519746,127341141.28684579,49969333.33333405,30306340.631288256,0.9958172849079375,0.6064987985555371,62.75897890688643,0.955058215441861,2.2424072051382655
96,100,30,2,700,4,0.8941468331723375,129646884.28684533,51734833.33333391,30306340.631288227,0.9958172849079365,0.5858014548151869,61.64282345820239,0.9729910541099127,2.3357790511343994
97,100,30,2,700,4,0.8674404803963528,128332157.67774989,50733833.333333954,30302719.05535098,0.9956982857862414,0.5972881815622831,62.27433672601307,0.9628038136323596,2.3080748392785386
98,100,30,2,700,4,0.8050419955244398,128354163.17775027,50805333.333334096,30267885.7220175,0.9945537188506799,0.5957619748979841,62.26366018944487,0.9629751523781814,2.2446267278210086
99,100,30,2,700,4,0.7658451920786383,128511513.78684594,50810833.333334096,30341173.964621577,0.996961851843494,0.5971398612098034,62.187424025332874,0.9641994888986714,2.2077565699451522
100,100,45,8,300,4,0.9705014782113176,98986131.8848442,55364833.33333342,13031556.638122216,0.9991236548115793,0.23537606551912668,36.36671048210913,0.6061118413684855,1.7649141719951045
101,100,45,8,300,4,1.0,112618942.94672868,65785499.99999871,13042986.796844337,1.0000000000000056,0.19826537454066007,31.96442717192602,0.5327404528654337,1.691352752497962
102,100,45,8,300,4,0.9842430324035345,103247522.28006335,58609833.33333301,13042986.796844328,1.0000000000000049,0.22253922345529734,34.86572772405509,0.5810954620675849,1.7433698732353573
103,100,45,8,300,4,0.9413800151116116,111454696.20623557,64894499.999999255,13042693.609682245,0.9999775214706121,0.20098303569150539,32.29832499241608,0.538305416540268,1.6404718602050838
104,100,45,8,300,4,1.0,109063357.9467307,63062999.99999942,13042986.796844304,1.0000000000000029,0.2068247117461019,33.006502530008596,0.5501083755001432,1.7155681448970248
105,100,45,8,300,4,0.9323062512622704,102840485.61339636,58298166.66666618,13042986.796844337,1.0000000000000056,0.22372893596158447,35.003724248566535,0.5833954041427756,1.6946848041743134
106,100,45,8,300,4,0.9850638729922607,104236349.45721146,59374333.333332844,13038296.790572383,0.9996404193038808,0.2195948326253065,34.534977661297525,0.5755829610216254,1.7363227001141313
107,100,45,8,300,4,0.9507580227012888,98791667.94673254,55198000.00000014,13042986.796844326,1.0000000000000047,0.23629455409334202,36.438295605465186,0.607304926757753,1.7470985927337155
108,100,45,8,300,4,1.0,100668825.28006369,56635333.333332926,13042986.796844337,1.0000000000000056,0.2302976963175714,35.75883586587256,0.5959805977645427,1.7802187548186
109,100,45,8,300,4,1.0,123146826.61339426,73846666.66666439,13042986.796844311,1.0000000000000036,0.17662255299509855,29.23177234035572,0.48719620567259536,1.6284942480686742
110,100,30,10,600,4,0.8028559063051085,114830201.10302873,47047000.00000106,26063113.27624415,0.9991236548115685,0.553980344681777,60.03472896311222,0.9994213514298254,2.2454615334803556
111,100,30,10,600,4,0.9764474239088019,133773120.56013075,61515666.666665845,26085973.593688257,0.9999999999999896,0.4240541476212879,51.53352161581108,0.8588920269301847,2.174582768936017
112,100,30,10,600,4,0.9326748065681655,111443567.89347237,44418000.00000127,26085973.59368827,0.99999999999999,0.5872838397426161,61.85911067195645,0.9694899428794325,2.371991821241691
113,100,30,10,600,4,0.7502055240918711,118664877.22680375,49947333.333333984,26085973.593688253,0.9999999999999893,0.5222695958480515,58.09469626656171,0.9682449377760285,2.1362661385463406
114,100,30,10,600,4,0.9466384781321984,125586894.89346668,55247499.999999754,26085973.59368832,0.9999999999999919,0.4721656834008495,54.89267017747272,0.9148778362912121,2.23924886114409
115,100,30,10,600,4,0.9807789523061521,119545991.89346932,50622000.00000037,26085973.593688354,0.9999999999999933,0.5153090275707828,57.6665088541258,0.9611084809020967,2.354134655264875
116,100,30,10,600,4,0.9386033226670252,112973405.58977807,45807666.666667804,25946848.669159014,0.994666676939243,0.5664302628197253,61.021440966667264,0.9831200736304548,2.37486760655326
117,100,30,10,600,4,0.9794735645366973,90168567.70464478,37040666.66666718,20405054.679344077,0.7822232360260095,0.5508824898582763,76.45458029877173,0.7601473332280242,2.180326889651343
118,100,30,10,600,4,0.9312830173955386,121162166.89347014,51859500.0000006,26085973.59368828,0.9999999999999903,0.5030124392577633,56.89729869276159,0.9482883115460264,2.2819812803477757
119,100,30,10,600,4,0.7927457178414634,124839862.89346844,54675500.00000021,26085973.59368816,0.9999999999999859,0.4771053505443583,55.22114363328639,0.9203523938881065,2.094782392165057
120,100,30,8,900,4,0.8814824900441803,119027434.97147831,43774500.00000124,30197383.09979205,0.7717399797592953,0.6898395892538166,85.5920318071311,0.6527677602314372,2.0861219216786706
121,100,30,8,900,4,0.9571841090103468,156738204.4904364,59808833.33333301,38381829.26164215,0.9809059294846124,0.6417418150882231,64.99883058582327,0.9200623466871009,2.3906399077680263
122,100,30,8,900,4,0.8626808951044835,147588974.17333916,54648000.00000016,37206044.98454825,0.9508569768582507,0.6808308626948496,69.0281916861534,0.8603036579336446,2.2676492431940076
123,100,30,8,900,4,0.8313971184922223,139195494.5700582,50101333.33333372,36007639.45179317,0.9202299036931524,0.7186962313403413,73.19058732085901,0.8026447053707678,2.2089988089352635
124,100,30,8,900,4,0.8905791493662353,141902690.33082896,52636833.33333366,35712779.891408004,0.912694319884069,0.6784750835075777,71.79426955365241,0.8215428688592683,2.2549020850315658
125,100,30,8,900,4,0.8295936278406734,133520153.69270676,47437500.00000098,34935714.34490198,0.8928352298711886,0.7364577464010804,76.3015898217655,0.76208806150282,2.180847886464358
126,100,30,8,900,4,0.9510875304599544,147921339.933628,54000833.33333361,37780747.48672252,0.9655443719855007,0.6996326751757964,68.87309163485975,0.8625304204764321,2.3733240910770235
127,100,30,8,900,4,0.9680554993231656,122238432.19210035,44834166.666667566,31089072.97483198,0.7945284685445909,0.6934236830132828,83.34367364913231,0.6776927753190758,2.2004872210528674
128,100,30,8,900,4,0.9400472444320588,133429628.29053621,47600666.66666762,34787534.2234586,0.8890482618565917,0.7308203153343352,76.35335667589949,0.7614308300416819,2.286134326741209
129,100,30,8,900,4,0.8487383444035872,157834949.10452503,62100499.99999923,37456415.86360568,0.9572555848600621,0.6031580400094385,64.5471744870219,0.9270143426233589,2.258279119034497
130,100,40,8,200,4,0.9515969289526183,88362345.29782054,54032000.00000032,8695324.531229498,0.9999999999999992,0.16092916292621864,28.312965116168176,0.47188275193613627,1.5522230112297293
131,100,40,8,200,4,0.9681291618340802,103731570.96448573,65800166.66666558,8695324.531229502,0.9999999999999997,0.13214745450841783,24.118019005578674,0.4019669834263112,1.4758141088671257
132,100,40,8,200,4,0.9190334573001012,92030463.96448776,56840666.66666693,8695324.531229498,0.9999999999999994,0.15297717358281263,27.184476663785826,0.4530746110630971,1.4944898072294484
133,100,40,8,200,4,0.8915101477075227,91157717.04696988,56175166.66666659,8693565.664700937,0.9997977227276279,0.15475816415974344,27.444741718475946,0.4574123619745991,1.4727290410099165
134,100,40,8,200,4,1.0,90246685.63115346,55474833.333333366,8695324.531229505,1.0000000000000002,0.15674358999839866,27.721793686973587,0.46202989478289314,1.5874247667816122
135,100,40,8,200,4,0.9115314526675254,97448840.29781899,60989499.99999912,8695324.531229507,1.0000000000000002,0.14257084467374928,25.672958163012567,0.42788263605020943,1.4534707644567344
136,100,40,8,200,4,0.9130686101369807,94607543.08258502,58818833.33333267,8692197.860381542,0.9996404193038763,0.14777916132953403,26.443980241788154,0.4407330040298026,1.4720249432304104
137,100,40,8,200,4,0.9690276401795649,87378274.2978208,53278500.00000028,8695324.531229498,0.9999999999999994,0.16320513023507516,28.631831197224667,0.4771971866204111,1.576788930988036
138,100,40,8,200,4,0.9266308749504786,101308505.63115309,63944833.33333243,8695324.531229502,0.9999999999999999,0.1359816591577056,24.694866284067253,0.4115811047344542,1.4469973070110973
139,100,40,8,200,4,0.9833212118800834,106219283.29781857,67704999.99999873,8695324.531229494,0.9999999999999988,0.1284295773019667,23.55316212203608,0.39255270203393466,1.4786175757555915
140,100,45,6,300,4,0.9705014782113176,98234311.21817772,54789166.66666686,13031556.638122216,0.9991236548115793,0.23784914848961328,36.64503731292898,0.6107506218821496,1.7715314188851576
141,100,45,6,300,4,1.0,112623731.61339526,65789166.66666536,13042986.796844337,1.0000000000000056,0.1982543244988855,31.963068071275366,0.5327178011879228,1.6913212607870312
142,100,45,6,300,4,0.9842430324035345,103199635.6133963,58573166.66666623,13042986.796844337,1.0000000000000056,0.22267853249373745,34.88190610948932,0.581365101824822,1.7437509602233465
143,100,45,6,300,4,0.9413800151116116,109687678.20623557,63541499.99999932,13042693.609682249,0.9999775214706124,0.20526260175920283,32.81863613916259,0.5469772689860432,1.6525673655050173
144,100,45,6,300,4,1.0,107897317.61339682,62170166.66666606,13042986.796844298,1.0000000000000024,0.2097949466144441,33.363201974105785,0.5560533662350964,1.7238893235266517
145,100,45,6,300,4,0.9323062512622704,102799781.94672973,58266999.999999516,13042986.796844337,1.0000000000000056,0.22384860721925695,35.01758400485126,0.5836264000808543,1.6950115371185301
146,100,45,6,300,4,0.9850638729922607,104210011.79054482,59354166.666666195,13038296.790572401,0.9996404193038824,0.21966944399700958,34.54370590836663,0.5757284318061106,1.736527859995979
147,100,45,6,300,4,0.9507580227012888,98808428.28006585,55210833.33333347,13042986.796844326,1.0000000000000047,0.2362396292426479,36.43211477665254,0.607201912944209,1.7469516390396163
148,100,45,6,300,4,1.0,99888272.61339761,56037666.6666664,13042986.796844337,1.0000000000000056,0.23275392379252757,36.03826461122698,0.6006377435204496,1.7868408825544715
149,100,45,6,300,4,0.9997161743485272,123082179.61339393,73797166.6666643,13042986.796844313,1.0000000000000038,0.17674102388996052,29.247125874006425,0.4874520979001071,1.6285610913606028
150,100,45,6,500,4,0.9693109045276116,120658875.25251853,58329333.333332986,21719261.063536838,0.9991236548115704,0.37235572262447086,48.034593293451266,0.8005765548908544,2.0677720375180426
151,100,45,6,500,4,1.0,135983333.24454778,70033333.3333314,21738311.32807367,0.9999999999999948,0.3103994954032499,42.62139970916164,0.7103566618193607,1.9586762581419608
152,100,45,6,500,4,0.9347771990200837,122630136.24455304,59808833.333332814,21738311.328073643,0.9999999999999937,0.36346322301455747,47.26244443243401,0.7877074072072335,2.0132551846389632
153,100,45,6,500,4,0.9153853514638469,132755771.9112178,67561999.99999891,21738311.32807363,0.999999999999993,0.32175352014555486,43.65761214417117,0.7276268690695195,1.90041503664981
154,100,45,6,500,4,1.0,127897669.5778834,63842166.66666538,21738311.328073643,0.9999999999999937,0.3405008392270638,45.31591559978067,0.7552652599963445,2.027665931377996
155,100,45,6,500,4,0.9439271213541498,129025400.57788384,64705666.66666551,21738311.328073617,0.9999999999999925,0.3359568403809147,44.919837288173895,0.7486639548028983,1.9613565484617799
156,100,45,6,500,4,0.9760148162765913,130750990.25251439,66056833.333332054,21719261.063536815,0.9991236548115693,0.32879658269324497,44.32700653973475,0.7387834423289125,1.9778355247600996
157,100,45,6,500,4,0.9874297931132925,122333238.91122067,59581499.99999967,21738311.32807362,0.9999999999999927,0.36485001767450875,47.377148284335966,0.7896191380722661,2.0689289453251654
158,100,45,6,500,4,0.9898238971388739,129501872.91121832,65070499.99999912,21738311.328073636,0.9999999999999933,0.33407321794167755,44.75456508627783,0.7459094181046305,2.0029918895968466
159,100,45,6,500,4,0.9862562763046074,143259712.24454787,75604833.33333094,21738311.328073673,0.999999999999995,0.28752541827891553,40.456593896450286,0.6742765649408381,1.890553175868578
160,100,35,4,900,4,0.9233917320883159,132573485.8048118,47644666.66666797,34342549.766459055,0.8776760083502805,0.720805751601259,76.84643681316125,0.7551990312790173,2.2552353646483407
161,100,35,4,900,4,0.9679312297669137,155649343.82376993,58976499.9999997,38381829.26164209,0.9809059294846108,0.650798695440426,65.4535364539338,0.9131160717310631,2.4016862578503178
162,100,35,4,900,4,0.8860915911265806,159759550.6571006,62201333.33333222,38332329.26164234,0.9796408818190019,0.6162621797224554,63.76958346525744,0.9391064967951055,2.3182078316996506
163,100,35,4,900,4,0.8564158623504625,142578518.14194342,50878666.66666711,37164135.0944896,0.9497859059777477,0.730446325136061,71.45396187844777,0.8262157304844115,2.2669886529437226
164,100,35,4,900,4,0.9044079234961585,157026618.99043533,59959166.66666596,38427662.594975546,0.9820772699157393,0.6408972094060013,64.8794456984427,0.9218948615313671,2.3390205525523267
165,100,35,4,900,4,0.8728680976462633,149606170.22594118,54231833.33333338,38456676.049752176,0.9828187528094083,0.7091162825600981,68.09745871185646,0.8737529185365244,2.313914042230866
166,100,35,4,900,4,0.9605015495427749,147865646.37393242,53148333.333333746,38297831.31963494,0.9787592345259716,0.7205838625162527,68.89903266805068,0.8621575855754982,2.3991262251312753
167,100,35,4,900,4,0.975104475997644,139889013.09426725,51470833.333334014,35474103.511110425,0.9065945825561301,0.6892078719878888,72.82773517842126,0.8075134349562431,2.3339842085441984
168,100,35,4,900,4,0.8699962445791805,145028192.79604957,52977833.333333544,37021706.098608986,0.9461459167099758,0.6988150282717396,70.24703130878086,0.8430037647064126,2.2720520319029847
169,100,35,4,900,4,0.8950961527717373,164932868.99043214,65926666.6666652,38482662.59497556,0.9834828784330902,0.5837192222920885,61.76937357823443,0.9709410145646877,2.333012545170096
170,100,25,4,800,4,0.8371209592732086,122304890.88487619,43802000.000001386,31778499.53711003,0.9136662876404628,0.725503391103352,74.32082179408586,0.7876666093470427,2.205190281502933
171,100,25,4,800,4,0.8135166271706178,144657818.0840918,56946999.999999724,34309274.15849653,0.9864287996173633,0.6024772886806451,62.836562312283455,0.9538240690460464,2.2493225271611803
172,100,25,4,800,4,0.7984212562064331,132620467.78237985,49461500.00000093,33205668.837991066,0.9546989511067692,0.6713437489358479,68.5399482598393,0.8673328455282686,2.2028291008833802
173,100,25,4,800,4,0.6922551533535977,128425846.92820588,44887333.333334476,34074014.76892924,0.9796648373085862,0.7591008919129757,70.77858715684769,0.8355683564429933,2.1351042233269717
174,100,25,4,800,4,0.7433211681546125,119420708.08147492,43224500.00000104,30738983.77166339,0.8837790832666297,0.7111472376004963,76.11577712132198,0.7644518137516237,2.076690771986633
175,100,25,4,800,4,0.7713121514315214,121977674.28240727,43114500.00000125,32057005.34361651,0.9216736312854935,0.7435318823972348,74.52019440012404,0.7850536339723119,2.1511912913216213
176,100,25,4,800,4,0.8272076159308543,124553059.0937419,42867000.000001185,33471656.300832115,0.9623463788101789,0.7808257237695941,72.97933961749409,0.8054756335157884,2.257343828462318
177,100,25,4,800,4,0.8198353032057808,123586231.54635112,44022000.00000113,32263624.310890395,0.9276141504268954,0.7328977400138468,73.55026434794124,0.7978475505989516,2.20400104581581
178,100,25,4,800,4,0.9603722946412433,128396496.0840957,44478500.00000106,34320274.15849656,0.9867450615337681,0.7716149186347503,70.79476681393598,0.835343066662269,2.4130072962113127
179,100,25,4,800,4,0.7472609824597911,142128504.75639164,54842333.33333312,34416341.6738536,0.9895071066711293,0.6275506453139071,63.95479932459659,0.9362120096876635,2.1855135083985804
180,100,45,4,700,4,0.9669805130992261,134851453.62017688,55724166.666666724,30306340.631288197,0.9958172849079355,0.5438635056236193,59.26372898070298,0.9877288163450496,2.389800133943171
181,100,45,4,700,4,0.9953673044360257,157399193.844404,73089499.99999769,30242219.055350795,0.9937103537402684,0.413769680396661,50.77408470020656,0.8462347450034426,2.172617793756797
182,100,45,4,700,4,0.9642806136590795,141200826.67774543,60677833.33333287,30247719.05535086,0.9938910748353583,0.4984970193181655,56.59881877490157,0.9433136462483594,2.3063918753619714
183,100,45,4,700,4,0.925499632155737,137003448.92223096,57577666.66666677,30175215.35166604,0.9915087205212039,0.5240784682428833,58.33283806261322,0.9722139677102203,2.316976374460264
184,100,45,4,700,4,1.0,141986168.011078,61279166.666666016,30247719.055350807,0.9938910748353567,0.49360526098349566,56.285764394856166,0.9380960732476028,2.3329802820343994
185,100,45,4,700,4,0.9117573885893413,140138141.6201742,59772166.6666661,30306340.631288264,0.9958172849079377,0.507030986517502,57.02801469753118,0.9504669116255197,2.2678490894288625
186,100,45,4,700,4,1.0,141847695.62017334,61081166.66666591,30306340.63128829,0.9958172849079386,0.49616505848156134,56.34071082409195,0.9390118470681992,2.3359438938534485
187,100,45,4,700,4,1.0,130474374.67774944,52378333.33333376,30302719.055350956,0.9956982857862406,0.5785353814621321,61.251874321976636,0.9793515871833368,2.4421798923530424
188,100,45,4,700,4,1.0,141194261.51107752,60641166.66666587,30267885.722017627,0.9945537188506841,0.49913099278572637,56.60145047306329,0.9433575078843881,2.342662302112969
189,100,45,4,700,4,1.0,151247391.7868369,68223833.33333196,30341173.964621488,0.996961851843491,0.4447298324088419,52.839258287927244,0.8806543047987874,2.2364381707258607
190,100,40,4,500,4,0.9162203773418284,118224001.91122091,56433666.66666631,21738311.328073632,0.9999999999999931,0.3852011150803676,49.02388606631922,0.817064767771987,2.0414460371781096
191,100,40,4,500,4,0.9577694392240164,126838813.24455056,63029999.9999989,21738311.328073636,0.9999999999999933,0.3448883282258292,45.69421497838721,0.7615702496397868,1.9952503514444664
192,100,40,4,500,4,0.9398786718975561,129137373.24454945,64789999.999998644,21738311.3280736,0.9999999999999917,0.33551954511612986,44.88088811458479,0.7480148019097466,1.9563091099002066
193,100,40,4,500,4,0.8424040169868863,125090949.91121913,61691666.666665815,21738311.328073587,0.9999999999999911,0.35237030384558515,46.33268836885048,0.7722114728141746,1.8965117328775292
194,100,40,4,500,4,0.9542822394387666,124585745.57788542,61304833.33333259,21738311.328073695,0.999999999999996,0.3545937595144585,46.520570817443364,0.7753428469573894,2.0133000940077226
195,100,40,4,500,4,0.8833739232438759,121887331.91121939,59238666.666666,21738311.328073643,0.9999999999999937,0.36696152279041655,47.55047066106558,0.792507844351093,1.9694509858273022
196,100,40,4,500,4,0.9034789731693851,124580956.91121837,61301166.66666566,21738311.328073584,0.9999999999999909,0.3546149691779755,46.522358984048665,0.7753726497341444,1.96254359824591
197,100,40,4,500,4,0.9410633307884115,115800936.57788926,54578333.33333341,21738311.328073584,0.9999999999999909,0.3982956239302572,50.04968155936862,0.8341613593228103,2.0938611892554277
198,100,40,4,500,4,0.9358134293848807,124887431.57788672,61535833.33333284,21738311.328073636,0.9999999999999933,0.35326264634005355,46.40819277627163,0.7734698796045272,1.9918934260614507
199,100,40,4,500,4,0.9615537989851244,133825477.91121678,68379666.66666546,21738311.328073654,0.9999999999999942,0.31790607336597193,43.308644142074954,0.7218107357012492,1.9376893933791512
200,100,45,4,600,4,0.9858246218973196,124889432.5601351,54717666.66666685,26085973.593688264,0.9999999999999898,0.476737682412533,55.1992258967194,0.9199870982786567,2.2872018661060025
201,100,45,4,600,4,1.0,137339965.8934616,64250999.99999863,26085973.59368819,0.999999999999987,0.40600105202547426,50.195148623727704,0.8365858103954618,2.161386652015841
202,100,45,4,600,4,0.9456137889809608,127061092.89346725,56380499.999999925,26085973.5936882,0.9999999999999875,0.46267723049082987,54.25579021093435,0.9042631701822391,2.220018743555864
203,100,45,4,600,4,0.9107755845832506,129520056.33977927,58266999.99999981,26083628.277101018,0.999910092809874,0.4476569632399318,53.225733487290945,0.8870955581215157,2.155996713296712
204,100,45,4,600,4,0.9877813643937005,141683286.56012678,67576666.66666493,26085973.593688227,0.9999999999999885,0.38602042510268186,48.65640942818225,0.8109401571363708,2.107537861612217
205,100,45,4,600,4,0.9253526577919029,128705999.89346603,57639999.99999964,26085973.5936882,0.9999999999999875,0.45256720322151917,53.56238252844633,0.8927063754741055,2.1801127958432236
206,100,45,4,600,4,0.9698690356832458,132575177.58109614,60617333.333332784,26076593.581144303,0.9996404193038632,0.4301837799058224,51.999176058301465,0.8666529343050244,2.1806689939129282
207,100,45,4,600,4,0.984124449539239,125444917.8934675,55142999.99999997,26085973.593688197,0.9999999999999872,0.4730604717496003,54.95479701979216,0.9159132836632027,2.278486110602122
208,100,45,4,600,4,1.0,126158429.2268006,55689333.33333325,26085973.593688242,0.999999999999989,0.46841957036095994,54.643990435286014,0.9107331739214336,2.2854688302102018
209,100,45,4,600,4,1.0,146213365.22679287,71045333.33333163,26085973.593688313,0.9999999999999918,0.36717363927758245,47.14890454307624,0.7858150757179374,2.0795539871400033
210,100,50,8,500,4,1.0,124258119.25251664,61086666.666665904,21719261.063536845,0.9991236548115706,0.3555483094543891,46.643229712996124,0.7773871618832687,2.06182580944678
211,100,50,8,500,4,1.0,138150765.91121563,71694333.33333156,21738311.32807367,0.9999999999999948,0.30320822186887214,41.952717104187066,0.6992119517364511,1.941778529231549
212,100,50,8,500,4,0.9662849854541722,127416969.5778836,63475499.99999882,21738311.328073606,0.999999999999992,0.3424677446900617,45.486876820259944,0.7581146136709991,1.9983737948772207
213,100,50,8,500,4,0.9611135234730952,127393026.2445517,63457166.6666658,21738311.328073617,0.9999999999999925,0.3425666866323044,45.49542601236284,0.7582571002060473,1.9934239729849859
214,100,50,8,500,4,1.0,126605290.57788391,62853999.99999885,21738311.32807367,0.9999999999999948,0.34585406383164263,45.77849767213789,0.7629749612022981,2.039658212267612
215,100,50,8,500,4,1.0,131211987.91121432,66381333.33333148,21738311.32807362,0.9999999999999926,0.3274762683496499,44.17126889291378,0.7361878148818963,1.9981688295616162
216,100,50,8,500,4,1.0,131911133.2445487,66916666.66666498,21738311.328073606,0.9999999999999919,0.3248564582028516,43.93715570053686,0.732285928342281,1.9921710949045623
217,100,50,8,500,4,0.9870293793979175,123353785.91121858,60364333.33333252,21738311.32807362,0.9999999999999926,0.3601184694285352,46.98518133988535,0.7830863556647558,2.0582105106055018
218,100,50,8,500,4,1.0,124598839.24455294,61317666.6666661,21738311.328073613,0.9999999999999923,0.35451954566775995,46.51568212946553,0.7752613688244255,2.0588770053586334
219,100,50,8,500,4,1.0,138902586.57788116,72269999.99999791,21738311.328073673,0.999999999999995,0.3007930168544942,41.72564487667304,0.6954274146112173,1.9360618280948128
220,100,50,2,700,4,1.0,138493558.01107958,58519999.999999695,30302719.05535093,0.9956982857862398,0.5178181656758559,57.705211092639054,0.9617535182106509,2.3760080507513357
221,100,50,2,700,4,1.0,151308570.84440634,68427333.3333315,30242219.055350903,0.993710353740272,0.4419610933547761,52.81789362889515,0.8802982271482525,2.2338671018320735
222,100,50,2,700,4,1.0,138402412.01108015,58536499.99999984,30247719.05535085,0.9938910748353581,0.5167326207639837,57.74321331452082,0.962386888575347,2.375772985186534
223,100,50,2,700,4,0.9503941699552014,139460173.84441194,59418333.333332784,30201885.722017583,0.9923850657096276,0.5082923742170127,57.30524908792967,0.9550874847988278,2.3121155541276392
224,100,50,2,700,4,1.0,142501510.67774397,61675166.66666584,30247719.055350874,0.9938910748353588,0.49043595161777076,56.08221247613881,0.9347035412689801,2.327052302563197
225,100,50,2,700,4,0.9822328491902326,142559373.62017247,61627499.99999906,30306340.631288256,0.9958172849079375,0.49176651058843407,56.059449456427345,0.9343241576071224,2.3099702152681023
226,100,50,2,700,4,1.0,141627977.95350662,60914333.33333257,30306340.631288268,0.9958172849079379,0.4975239647694628,56.4281162202537,0.940468603670895,2.3384877754864655
227,100,50,2,700,4,1.0,130489301.67774938,52391166.666667074,30302719.055350956,0.9956982857862406,0.5783936679278133,61.244867565742645,0.9794659618254798,2.4421808961677307
228,100,50,2,700,4,1.0,141458199.17774493,60844666.666666076,30267885.722017553,0.9945537188506816,0.49746160806235296,56.49584150267706,0.941597358377951,2.3395666448278334
229,100,50,2,700,4,1.0,151267107.45350364,68240333.33333197,30341173.96462152,0.9969618518434921,0.44462230007603704,52.83237138950722,0.8805395231584537,2.2362373632192836
230,100,20,6,300,4,0.6869362386758069,77196164.20624125,38655833.33333398,13042693.609682187,0.9999775214706076,0.33740557336362265,46.63185064976271,0.7771975108293785,1.7340582081960836
231,100,20,6,300,4,0.8648826863418145,87597748.94673665,46619833.33333438,13042986.796844339,1.0000000000000058,0.2797733467553662,41.0946633136525,0.6849110552275416,1.773612418973649
232,100,20,6,300,4,0.6977216759373619,84512598.92479986,44269500.00000114,13035366.158189336,0.9994157290217627,0.29445478621147747,42.594832555121606,0.7099138759186935,1.6431993808252372
233,100,20,6,300,4,0.8094067381391957,73039034.35234433,35621666.66666696,12947765.260619704,0.9926994071444126,0.3634800522328058,49.285974710924656,0.8214329118487442,1.9216236917741845
234,100,20,6,300,4,0.776329947207917,80065176.28006996,40852166.666667536,13042986.796844328,1.0000000000000049,0.31927282837329846,44.96087022162808,0.7493478370271346,1.7810960469336905
235,100,20,6,300,4,0.6236716249033913,79983768.94673678,40789833.33333418,13042986.796844326,1.0000000000000047,0.319760727881802,45.00663131287546,0.7501105218812577,1.6295907290900908
236,100,20,6,300,4,0.8607742924293498,76734626.12388517,38309333.333334,13038296.790572397,0.9996404193038819,0.3403425655342172,46.912328655752596,0.7818721442625433,1.9149204891192668
237,100,20,6,300,4,0.8771533991208785,72259649.61340126,34875500.00000013,13042986.796844278,1.0000000000000009,0.37398709113401185,49.81756788552683,0.8302927980921138,2.006635870120202
238,100,20,6,300,4,0.9157637993548225,75439324.28006898,37310166.66666708,13042986.796844305,1.000000000000003,0.34958264628972874,47.71781871528593,0.7952969785880988,1.9907268949747043
239,100,20,6,300,4,0.6190161944988848,87178139.87290807,46299000.00000095,13042693.609682217,0.9999775214706099,0.2817057303544774,41.292461679590076,0.6882076946598346,1.5325884734423012
240,100,30,4,200,4,0.8861213029813416,77666883.03434435,45851666.666667946,8687704.425414795,0.9991236548115782,0.189474125086283,32.211927429786286,0.5368654571631047,1.5745660602134728
241,100,30,4,200,4,0.9170560390506219,91809063.29781958,56668333.33333312,8695324.531229496,0.9999999999999991,0.15344239048080108,27.250032950280808,0.45416721583801345,1.4939771672732762
242,100,30,4,200,4,0.843940170921387,91035693.63115281,56076166.66666659,8695324.531229498,0.9999999999999994,0.1550627485455112,27.48152840067858,0.458025473344643,1.426015843102439
243,100,30,4,200,4,0.7698684965405372,76310543.63115858,44801166.66666782,8695324.531229503,1.0,0.19408701107997814,32.784460455324066,0.546407674255401,1.471545779659921
244,100,30,4,200,4,0.8291498870802487,80845410.9644911,48273500.00000117,8695324.531229503,1.0,0.18012625003841223,30.94547940511849,0.5157579900853082,1.4890088771962868
245,100,30,4,200,4,0.7890256036148404,87116169.96448791,53075000.00000032,8695324.531229502,0.9999999999999997,0.16383089083804897,28.717975101750174,0.4786329183625029,1.3987232346477825
246,100,30,4,200,4,0.9001620713076933,83137934.70100927,50040833.333334036,8687704.425414778,0.9991236548115764,0.17361230512577377,30.0921596019588,0.50153599336598,1.5405879087742924
247,100,30,4,200,4,0.8493417802571106,77498132.96449205,45710500.00000125,8695324.531229496,0.9999999999999991,0.19022597720937764,32.282068022803465,0.5380344670467244,1.5395570290713372
248,100,30,4,200,4,0.805444638527359,88741922.2978209,54319833.333333544,8695324.531229502,0.9999999999999999,0.16007642140340642,28.191861695353797,0.46986436158922995,1.4033701372393141
249,100,30,4,200,4,0.808156562532939,101525267.96448544,64107999.9999988,8695324.531229503,1.0,0.13563556079162767,24.64214131279274,0.41070235521321236,1.3273673663794534
250,100,30,6,600,4,0.8045746714661182,119342473.56013723,50466166.66666739,26085973.5936882,0.9999999999999875,0.5169002386487547,57.76484929756531,0.9627474882927552,2.180842350677877
251,100,30,6,600,4,0.8835653389409425,131254281.8934652,59586999.999999456,26085973.59368834,0.9999999999999928,0.4377796095404799,52.522476985516334,0.8753746164252723,2.109163642998599
252,100,30,6,600,4,0.8524268646863441,123688188.56013489,53793666.66666682,26085973.593688212,0.9999999999999878,0.4849264831737591,55.73531377774494,0.9289218962957491,2.1692899475211007
253,100,30,6,600,4,0.7502055240918711,118734312.89347062,50000500.00000068,26085973.593688242,0.999999999999989,0.5217142547312105,58.060722566232165,0.9676787094372028,2.1352556373140423
254,100,30,6,600,4,0.8488221907343793,117076334.03802271,48966500.000000864,25935863.85457227,0.9942455765134801,0.5296654621950071,58.882950654750694,0.9813825109125116,2.2539370714028966
255,100,30,6,600,4,0.8397622854084749,123855791.89346744,53921999.999999955,26085973.593688287,0.9999999999999908,0.48377236737673507,55.659891997054046,0.9276648666175674,2.1544450459274302
256,100,30,6,600,4,0.8016765567769171,115618185.03802305,47850000.00000098,25935863.85457229,0.9942455765134808,0.5420243229795559,59.6255683976777,0.9937594732946283,2.2290554884551903
257,100,30,6,600,4,0.8816985506262656,118600230.2268034,49897833.33333389,26085973.593688246,0.9999999999999892,0.5227877014103075,58.12636271292849,0.9687727118821415,2.268701423636653
258,100,30,6,600,4,0.8165182933494769,120803016.89346898,51584500.00000033,26085973.5936883,0.9999999999999913,0.5056940281225588,57.06645560085099,0.9511075933475166,2.1721811091950407
259,100,30,6,600,4,0.7927457178414634,124897326.89346871,54719500.00000025,26085973.59368815,0.9999999999999855,0.47672170969559347,55.19573694223315,0.9199289490372191,2.0940520346351574
260,100,30,10,500,4,0.8208878969513632,99467969.02767758,42529666.66666773,21444960.644707948,0.9865053601018683,0.5042353332506896,58.26800382731533,0.9711333971219223,2.195409560673837
261,100,30,10,500,4,0.9521917744235739,120624396.24455403,58268833.33333285,21738311.32807363,0.999999999999993,0.3730692736495578,48.0483233942957,0.8008053899049283,2.0514525832481487
262,100,30,10,500,4,0.9446240442120354,105506575.57789393,46693166.66666776,21738311.32807367,0.9999999999999949,0.46555658739658184,54.93306903626161,0.9155511506043601,2.232620464733661
263,100,30,10,500,4,0.8880425748121752,111411001.57789007,51214166.666666836,21738311.328073647,0.9999999999999939,0.4244589484304195,52.02179244343315,0.8670298740572192,2.09463960761373
264,100,30,10,500,4,0.9309210038102828,114107020.91122334,53278500.00000025,21738311.328073684,0.9999999999999956,0.4080128255876869,50.79266774048201,0.8465444623413668,2.103875726621799
265,100,30,10,500,4,0.9180311927390791,101388322.24455982,43539833.333334215,21738311.32807366,0.9999999999999946,0.4992741052003695,57.16437427596337,0.9527395712660561,2.2701900481654307
266,100,30,10,500,4,0.9385766278935342,112636900.24455698,52152833.33333358,21738311.32807362,0.9999999999999927,0.41681937372671063,51.45560635472187,0.8575934392453646,2.1296255661202674
267,100,30,10,500,4,0.944427757015811,105212559.80496417,46819666.66666751,21514189.916200303,0.9896900265852739,0.45951181304579797,55.08657911891752,0.9181096519819587,2.2301468594344085
268,100,30,10,500,4,0.9793054802162885,106536138.91122678,47481500.00000101,21738311.328073677,0.9999999999999951,0.45782697109554693,54.402196843546754,0.9067032807257792,2.2522703378185054
269,100,30,10,500,4,0.865144939138711,124682791.24455157,61376333.33333232,21738311.328073636,0.9999999999999933,0.35418067759137334,46.484361972873835,0.774739366214564,1.9232288474263735
270,100,50,10,400,4,1.0,113609803.59564096,59724499.999999404,17390649.062458996,0.9999999999999992,0.2911811578574817,41.35030473884428,0.6891717456474047,1.9221166719333902
271,100,50,10,400,4,1.0,119102404.26230621,63930166.66666571,17390649.062459014,1.0000000000000002,0.2720257113223951,39.44336832742486,0.6573894721237477,1.8750100411816637
272,100,50,10,400,4,1.0,114273033.92897435,60232333.333332844,17390649.062458992,0.9999999999999991,0.28872613926837415,41.11031131736545,0.6851718552894241,1.9161527667041236
273,100,50,10,400,4,0.9777296245157902,122066588.92897342,66199833.33333227,17390649.06245903,1.0000000000000013,0.2626992876990019,38.48555154378482,0.6414258590630804,1.829314913738072
274,100,50,10,400,4,1.0,120306753.92897125,64852333.33333187,17390649.062458947,0.9999999999999964,0.26815764628041144,39.04851429017499,0.6508085715029165,1.8653346885272457
275,100,50,10,400,4,0.9895699438436512,119729719.59563932,64410499.99999904,17390649.062459007,1.0,0.2699971132417737,39.236707609988414,0.6539451268331402,1.8595127612702105
276,100,50,10,400,4,1.0,123749805.26230548,67488666.66666515,17390649.06245899,0.999999999999999,0.2576825105814217,37.962079940589305,0.6327013323431551,1.8388473408082926
277,100,50,10,400,4,1.0,103043610.59564522,51634000.000000335,17390649.062459014,1.0000000000000004,0.33680615606884806,45.590405585016796,0.7598400930836132,2.0292850179386916
278,100,50,10,400,4,1.0,116293851.26230621,61779666.66666571,17390649.062458955,0.999999999999997,0.2814947053096093,40.39594483292064,0.673265747215344,1.8984615114630314
279,100,50,10,400,4,1.0,131449981.2623051,73384666.6666646,17390649.062459003,0.9999999999999997,0.23697932895781354,35.738308631825966,0.5956384771970994,1.7852219403633502
280,100,40,2,500,4,0.9162203773418284,118250339.57788768,56453833.333333,21738311.328073606,0.999999999999992,0.3850635119801207,49.01296707213677,0.8168827845356128,2.0411539714615374
281,100,40,2,500,4,0.9577694392240164,126874728.24455029,63057499.99999883,21738311.328073636,0.9999999999999933,0.3447379190116011,45.68128011142321,0.7613546685237202,1.9949144429570176
282,100,40,2,500,4,0.9398786718975561,128531606.91121589,64326166.66666522,21738311.32807358,0.9999999999999908,0.33793885839211213,45.09241064731642,0.7515401774552737,1.9617699360665195
283,100,40,2,500,4,0.8424040169868863,125016725.5778854,61634833.33333241,21738311.328073587,0.9999999999999911,0.35269522366530687,46.36019679134227,0.7726699465223711,1.897230142441503
284,100,40,2,500,4,0.9542822394387666,124640815.24455206,61346999.99999924,21738311.328073695,0.999999999999996,0.35435003061394954,46.50001677723565,0.7750002796205941,2.0127625435505205
285,100,40,2,500,4,0.8833739232438759,121942401.57788607,59280833.33333267,21738311.328073643,0.9999999999999937,0.3667005017598249,47.528996682078244,0.7921499447013041,1.96888426935304
286,100,40,2,500,4,0.9034789731693851,124588139.91121842,61306666.66666567,21738311.328073584,0.9999999999999909,0.3545831556340899,46.519676785688354,0.7753279464281392,1.9624734441047962
287,100,40,2,500,4,0.9410633307884115,115817696.91122264,54591166.66666675,21738311.328073584,0.9999999999999909,0.3982019922894769,50.042438716793306,0.8340406452798884,2.0936655698998816
288,100,40,2,500,4,0.9358134293848807,122404507.91121894,59634666.66666593,21738311.328073636,0.9999999999999933,0.3645247394369143,47.34956333637438,0.789159388939573,2.0165926098739853
289,100,40,2,500,4,0.9615537989851244,132843801.24454941,67627999.99999866,21738311.328073658,0.9999999999999943,0.32143951215582434,43.62868229982844,0.7271447049971407,1.9458501137069246
290,100,25,8,700,4,0.7740160762087457,115113752.53337273,43318000.000001155,28577409.077615984,0.9390073933239929,0.6597121076138147,69.42524089537513,0.8546294051690162,2.156415167468814
291,100,25,8,700,4,0.9148262145318625,128621851.84441644,51049166.66666729,30242219.055350974,0.9937103537402743,0.5924135697027495,62.13407663938038,0.9650571621685516,2.353814232462614
292,100,25,8,700,4,0.9164923687869069,101338277.25760892,37044333.33333409,25853120.835011773,0.8494916924988014,0.6978967768802582,78.86259976261773,0.7302439206969696,2.205053710988083
293,100,25,8,700,4,0.8202019457413505,109044538.26699635,38435833.33333383,28727187.213434864,0.9439288603649771,0.74740638414937,73.28931945616587,0.8013250110429798,2.2194520641038262
294,100,25,8,700,4,0.8618609270075822,128215271.67774968,50792500.00000052,30207385.72201762,0.9925657868047167,0.594721380558494,62.33110841964458,0.96189324443601,2.2995312758903874
295,100,25,8,700,4,0.9070990133013501,108962061.62343003,40546000.000000656,27341948.409025952,0.8984121560575141,0.6743439157753048,73.34479433419172,0.8005844633232437,2.2471586092448375
296,100,25,8,700,4,0.9202937982532932,111525858.70030236,40003333.333334,28939078.5913292,0.9508912679745681,0.7234166800598795,71.65871747713639,0.823400997709493,2.3224281400106896
297,100,25,8,700,4,0.9331020131241086,100490211.17715208,36930666.66666705,25511677.490068637,0.8382724170063283,0.6907992677287631,79.52814414840292,0.7221885178325613,2.2079299451396803
298,100,25,8,700,4,0.9621885785415419,114331773.26301035,42104333.33333428,28969341.43306029,0.9518856559560436,0.6880370531867576,69.90007914611414,0.8478925856304556,2.3605108067214036
299,100,25,8,700,4,0.719526847832473,138710812.78684264,58618999.99999992,30341173.964621477,0.9969618518434906,0.5175996513864365,57.61483073623846,0.9602471789373077,2.0938537478789296
300,100,30,4,600,4,0.8045746714661182,119342473.56013723,50466166.66666738,26085973.593688205,0.9999999999999877,0.5169002386487549,57.76484929756531,0.9627474882927552,2.1808423506778776
301,100,30,4,600,4,0.8835653389409425,131287802.56013191,59612666.66666612,26085973.59368834,0.9999999999999928,0.43759112034951037,52.50906684071073,0.8751511140118455,2.1087893492323966
302,100,30,4,600,4,0.8524268646863441,122828622.89346877,53135500.00000028,26085973.5936882,0.9999999999999875,0.49093305969997575,56.12535447848425,0.9354225746414041,2.180595887087729
303,100,30,4,600,4,0.7502055240918711,118736707.22680396,50002333.333334014,26085973.593688246,0.9999999999999892,0.5216951261012065,58.059551768029614,0.9676591961338269,2.135220821106663
304,100,30,4,600,4,0.8490645473655462,122323418.56013575,52748666.666667014,26085973.59368827,0.99999999999999,0.4945333264731133,56.35715614513275,0.9392859357522124,2.1839771442962492
305,100,30,4,600,4,0.8397622854084749,122766370.22680216,53087833.33333363,26085973.59368823,0.9999999999999886,0.491373860181801,56.15381465839703,0.9358969109732839,2.1687582845271995
306,100,30,4,600,4,0.8517751842010457,117769379.67311709,49265333.33333415,26083628.277100936,0.9999100928098709,0.5294519799676684,58.53643807188729,0.9756073011981214,2.250944069373302
307,100,30,4,600,4,0.8816985506262656,118648116.89347024,49934500.00000058,26085973.59368824,0.9999999999999888,0.5224038208791103,58.10290277248722,0.968381712874787,2.268003320204341
308,100,30,4,600,4,0.8165182933494769,120807805.56013563,51588166.666666985,26085973.5936883,0.9999999999999913,0.505658085549751,57.06419355964883,0.9510698926608138,2.1721146544500916
309,100,30,4,600,4,0.7927457178414634,124875777.89346874,54703000.00000025,26085973.59368815,0.9999999999999855,0.4768655026906756,55.20526171121101,0.9200876951868502,2.094325815180854
310,100,50,4,500,4,1.0,124238964.58585003,61071999.99999924,21719261.063536838,0.9991236548115704,0.35563369569585257,46.650420979603865,0.7775070163267311,2.0620139728834133
311,100,50,4,500,4,1.0,135979105.57788107,70031499.99999806,21738311.32807367,0.9999999999999948,0.31040762125720955,42.62272483238608,0.7103787472064347,1.9587048442122024
312,100,50,4,500,4,0.9662849854541722,127426546.91121659,63482833.33333203,21738311.32807358,0.9999999999999907,0.34242818391440244,45.48345804299458,0.7580576340499097,1.9982851666356038
313,100,50,4,500,4,0.9611135234730952,126784865.57788458,62991499.999998994,21738311.328073587,0.999999999999991,0.3450991217556961,45.713658121438876,0.7618943020239812,1.9990871229016334
314,100,50,4,500,4,1.0,124361800.24455191,61136166.66666582,21738311.328073636,0.9999999999999934,0.35557203719686825,46.604343042661164,0.7767390507110193,2.061196680468514
315,100,50,4,500,4,1.0,131279029.24454764,66432666.66666482,21738311.32807362,0.9999999999999926,0.3272232234353715,44.148711590512576,0.7358118598418762,1.9975904385901737
316,100,50,4,500,4,1.0,130905513.24454935,66146666.66666518,21738311.328073584,0.9999999999999909,0.3286380466852561,44.274682221921815,0.7379113703653636,2.0008218077135687
317,100,50,4,500,4,0.9870293793979175,123449559.24455217,60437666.66666591,21738311.3280736,0.9999999999999917,0.359681511994295,46.94872979269684,0.7824788298782807,2.057253418871634
318,100,50,4,500,4,1.0,124646725.91121951,61354333.333332725,21738311.328073613,0.9999999999999922,0.35430767717695294,46.497811776685566,0.7749635296114261,2.0584096713529885
319,100,50,4,500,4,1.0,137576125.9112149,71254333.33333144,21738311.328073673,0.999999999999995,0.3050805517522806,42.12794888366267,0.7021324813943778,1.9461969227962022
320,100,30,2,600,4,0.8045746714661182,120123026.22680368,51063833.333334014,26085973.59368817,0.9999999999999862,0.510850280734006,57.38949655650409,0.9564916092750682,2.169746505328391
321,100,30,2,600,4,0.8835653389409425,131321323.2267981,59638333.333332725,26085973.593688328,0.9999999999999923,0.43740279339946786,52.49566354196784,0.8749277256994641,2.1084152993599807
322,100,30,2,600,4,0.8524268646863441,122931579.22680211,53214333.33333363,26085973.59368823,0.9999999999999886,0.49020577652051306,56.078348975581875,0.9346391495930313,2.179230635495786
323,100,30,2,600,4,0.7502055240918711,118602624.56013744,49899666.6666674,26085973.59368822,0.9999999999999882,0.52276849398502,58.12518926598037,0.9687531544330061,2.1371734737128936
324,100,30,2,600,4,0.8490645473655462,121832580.22680277,52372833.333333746,26085973.593688216,0.999999999999988,0.49808215315869253,56.58420750152829,0.9430701250254715,2.1906003949179715
325,100,30,2,600,4,0.8397622854084749,122802285.22680232,53115333.33333367,26085973.5936882,0.9999999999999875,0.49111945565664716,56.13739180234235,0.9356231967057058,2.1682810466394984
326,100,30,2,600,4,0.8517751842010457,117771774.00645038,49267166.66666746,26083628.277100936,0.9999100928098709,0.5294322779626833,58.53524800961583,0.9755874668269304,2.250908473398123
327,100,30,2,600,4,0.8816985506262656,118664877.22680356,49947333.333333924,26085973.59368824,0.9999999999999888,0.5222695958480519,58.09469626656181,0.9682449377760302,2.2677591650807374
328,100,30,2,600,4,0.8165182933494769,120060773.56013662,51016166.666667216,26085973.593688287,0.9999999999999908,0.5113275908033337,57.41925356283833,0.9569875593806388,2.1825679253727825
329,100,30,2,600,4,0.7990098214133737,123204533.2268022,53423333.33333364,26085973.593688164,0.999999999999986,0.48828801884984113,55.95410996208626,0.9325684993681043,2.122208735861351
330,100,35,2,600,4,0.8994595247911574,125161264.56013456,54923000.00000009,26085973.59368822,0.9999999999999882,0.4749553664892336,55.07934123410704,0.9179890205684507,2.197412838550995
331,100,35,2,600,4,0.8671893047438247,137717148.56013083,64536999.9999992,26085973.59368831,0.9999999999999916,0.4042018314097128,50.057673079035546,0.834294551317259,2.024845321188854
332,100,35,2,600,4,0.9004956496019717,125721538.56013453,55352000.000000075,26085973.59368823,0.9999999999999886,0.4712742736249494,54.83388191835236,0.9138980319725394,2.1914131004744704
333,100,35,2,600,4,0.8205850876360015,125614986.41247799,55271333.33333346,26085387.219364073,0.999977521470596,0.4719514736879397,54.88039442493785,0.9146732404156308,2.1128195070019844
334,100,35,2,600,4,0.9137015394400002,127423909.56013317,56655499.999999754,26085973.59368824,0.9999999999999888,0.4604314425552391,54.10130660562346,0.9016884434270577,2.1837351369112494
335,100,35,2,600,4,0.8783444948314554,122249755.22680236,52693666.66666702,26085973.593688216,0.999999999999988,0.49504950488081506,56.39111495323947,0.9398519158873245,2.214236014623432
336,100,35,2,600,4,0.8954465577766536,127091097.22680023,56400666.66666652,26085973.593688197,0.9999999999999872,0.4625117952569402,54.24298121919334,0.9040496869865556,2.1695056809687614
337,100,35,2,600,4,0.8738044716744888,118392484.22680466,49740166.66666754,26085973.593688175,0.9999999999999865,0.5244448368760535,58.22835837107309,0.9704726395178849,2.2638329806932163
338,100,35,2,600,4,0.8774462036559089,123236220.56013519,53449000.000000216,26085973.593688227,0.9999999999999885,0.48805353876944607,55.93972266161842,0.9323287110269737,2.2002177456984393
339,100,35,2,600,4,0.8550280113844808,137326872.22679538,64238166.666665435,26085973.593688246,0.9999999999999892,0.40608216185635354,50.199934566447325,0.8366655761074554,2.0165593169770193
340,100,30,4,800,4,0.8709494083421186,136772942.08972752,50743000.00000061,34416341.67385335,0.9895071066711222,0.6782480671984892,66.45905148429719,0.8979410505772283,2.311488912678138
341,100,30,4,800,4,0.86272203156673,149312963.08409086,60512833.333332874,34309274.15849642,0.9864287996173601,0.5669751731753321,60.87750060174453,0.9854814159712886,2.301783586078284
342,100,30,4,800,4,0.8572512104707933,138464716.66368365,53403166.66666722,33546452.414355658,0.9644968481013166,0.6281734681343236,65.64704871406465,0.9101758298068743,2.2699658147851265
343,100,30,4,800,4,0.766417095590131,130926640.1374655,47287166.66666759,33765788.4191293,0.9708029958473233,0.7140581853243193,69.42666511915549,0.8546091190177467,2.1922727628673333
344,100,30,4,800,4,0.8505889084511082,133707649.98440081,49065500.00000071,33989559.289604165,0.9772366507865723,0.6927384677544034,67.9826472237039,0.8754264670951233,2.2802061497497546
345,100,30,4,800,4,0.8339951364548911,141006579.92305946,54039333.33333346,34381508.34052023,0.9885056106025161,0.6362311712552613,64.46365839778447,0.9283055846199426,2.2712856580790426
346,100,30,4,800,4,0.8470115436906849,134058224.58972858,48719000.000000976,34381508.3405202,0.9885056106025152,0.7057104690268584,67.80486633937156,0.8780242153024705,2.2896041342146423
347,100,30,4,800,4,0.8827516837257587,130420012.77085742,47430166.66666773,33427386.58086267,0.9610735764032518,0.7047705907462956,69.69635876336251,0.8507763619280696,2.2973445182508647
348,100,30,4,800,4,0.798974965377302,134964713.4174274,49509166.666667216,34320274.1584964,0.9867450615337635,0.6932104995740725,67.34945579357837,0.88471392935712,2.23825729439368
349,100,30,4,800,4,0.8517898156867911,146872240.08972564,58475999.99999995,34416341.67385332,0.9895071066711213,0.5885549913443695,61.889162951739245,0.9690044747512815,2.291638283513568
350,100,30,4,400,4,0.8301740985884642,95345979.26231621,45734333.333334655,17390649.06245898,0.9999999999999983,0.3802536911538044,49.27108658746265,0.8211847764577108,1.9555618279692184
351,100,30,4,400,4,0.9177246729705812,113612348.26230851,59720833.3333329,17390649.06245899,0.9999999999999988,0.29119903544200004,41.34937858298383,0.6891563097163972,1.8398402110405785
352,100,30,4,400,4,0.8747486800020136,106182731.92897779,54032000.00000022,17390649.062458992,0.9999999999999991,0.3218583258524378,44.242598722570136,0.737376645376169,1.8696119860601328
353,100,30,4,400,4,0.7507043646007847,98812873.0686855,48412833.33333407,17375408.850829557,0.9991236548115763,0.3589008875228529,47.54238849764572,0.7923731416274287,1.8301982162464958
354,100,30,4,400,4,0.8498023606830092,104758103.59564526,52941166.66666706,17390649.062458962,0.9999999999999973,0.3284900986779443,44.844263486603296,0.7474043914433882,1.859998831068753
355,100,30,4,400,4,0.8385083480077351,106968073.26231048,54633333.33333342,17390649.06245903,1.000000000000001,0.3183157241450702,43.917777115419355,0.7319629519236559,1.8251238792474471
356,100,30,4,400,4,0.8701692753760957,103031789.26231349,51619333.333333954,17390649.06245895,0.9999999999999968,0.33690185322925664,45.59563639179021,0.7599272731965034,1.8996180311560045
357,100,30,4,400,4,0.8792187408760695,95300486.92898266,45699500.00000128,17390649.062458962,0.9999999999999973,0.38054353028935706,49.29460647457942,0.8215767745763236,2.005230339683879
358,100,30,4,400,4,0.8276316391528157,108610585.92897801,55891000.00000011,17390649.062458977,0.9999999999999982,0.31115294166250274,43.253610684615566,0.7208935114102595,1.7974475038930773
359,100,30,4,400,4,0.8156614905029259,105464431.92897816,53482000.00000032,17390649.06245899,0.9999999999999988,0.32516826338691307,44.543927408281036,0.7423987901380172,1.8181948913504735
360,100,40,8,800,4,0.9463440774407368,138528908.7024699,52138166.666667156,34385861.25059462,0.9886307614827035,0.6595141994622168,65.61662894149353,0.9106374025004977,2.384592839511008
361,100,40,8,800,4,0.9489682241432988,163165303.417421,71122333.33333212,34309274.158496484,0.9864287996173622,0.4823980394132702,55.709147776018476,0.9284857962669746,2.2633724519408895
362,100,40,8,800,4,0.9286135211931628,146373141.5840913,58255999.99999958,34314774.158496484,0.9865869305755639,0.5890341622922399,62.10019066085231,0.9656023478765806,2.3654431989035354
363,100,40,8,800,4,0.9222141267264385,145627281.44277182,57867333.33333318,34198492.32606428,0.9832437019239313,0.590980962075282,62.418249588570966,0.9604972500578678,2.355496146444532
364,100,40,8,800,4,0.9871311696611176,146675801.8582426,58587833.33333262,34250980.08373775,0.984752781817527,0.5846090926228398,61.972049137218946,0.9676667808564697,2.4224852246158592
365,100,40,8,800,4,0.8916396762514488,150520388.25638926,61326833.33333254,34381508.34052015,0.9885056106025137,0.5606274850952236,60.38916126443195,0.9935349677583006,2.333676632085928
366,100,40,8,800,4,0.9568730574676307,146888184.58972406,58545666.6666662,34381508.34052015,0.9885056106025139,0.5872596606726446,61.88244497260878,0.9691129766894279,2.3957937626951744
367,100,40,8,800,4,0.9488538076487564,146929244.75075728,58650166.6666661,34334940.82516321,0.9871667440889728,0.585419322340605,61.86515159333623,0.9693923375843405,2.386581603105581
368,100,40,8,800,4,0.9529110659582499,148489030.08409053,59867499.99999942,34320274.15849653,0.9867450615337673,0.573270541754656,61.21529647578931,0.9799488120701624,2.3914763114321373
369,100,40,8,800,4,0.9685094381019762,162819622.08971772,70689666.66666481,34416341.673853345,0.9895071066711218,0.4868652420748093,55.82742352141864,0.9304570586903106,2.288458690452134
370,100,25,2,200,4,0.7939260599366919,76558993.29782552,44990000.00000124,8695324.531229496,0.9999999999999991,0.19327238344586037,32.678068143707655,0.5446344690617942,1.4931784357551745
371,100,25,2,200,4,0.8176041203858677,94028049.29781935,58365999.99999956,8695324.531229507,1.0000000000000002,0.14897927785405154,26.6069541874248,0.44344923645708,1.380236779126189
372,100,25,2,200,4,0.7803007022451955,79820075.29782519,47487000.00000134,8695324.531229498,0.9999999999999994,0.18310957801565172,31.342992231782137,0.5223832038630356,1.4491715685207525
373,100,25,2,200,4,0.6398751228452264,74192144.36767723,43189666.66666757,8687704.425414791,0.9991236548115777,0.20115238426046217,33.7205511624212,0.5620091860403533,1.3628062162939494
374,100,25,2,200,4,0.7848640066547131,76982790.29782534,45314500.000001274,8695324.5312295,0.9999999999999996,0.191888347686265,32.49817251779548,0.5416362086299247,1.4800108934336498
375,100,25,2,200,4,0.6992500280578879,81247097.96449068,48579666.6666676,8695324.531229502,0.9999999999999997,0.17899102912527187,30.792484441640244,0.5132080740273374,1.3556509253854427
376,100,25,2,200,4,0.8734419527994557,79530360.96449198,47265166.6666679,8695324.531229498,0.9999999999999994,0.18396898063540673,31.457168930956843,0.5242861488492807,1.5449032861570617
377,100,25,2,200,4,0.7905920338641345,75289996.63115838,44018333.33333431,8695324.531229498,0.9999999999999994,0.1975387042799433,33.228849939470486,0.5538141656578415,1.5024371629459305
378,100,25,2,200,4,0.7229484696973693,85449152.96448822,51797166.666667,8695324.531229502,0.9999999999999997,0.16787259015897482,29.278230540678642,0.4879705090113107,1.3452170508358599
379,100,25,2,200,4,0.8342270998804721,95481409.63115397,59478833.333333135,8695324.53122949,0.9999999999999986,0.14619191473543003,26.20195920509017,0.43669932008483614,1.3878799517536522
380,100,25,6,800,4,0.8371209592732086,120982602.88487633,43802000.0000014,31133166.20377664,0.8951122552114356,0.7107704260941429,75.13311652460975,0.7770748441441935,2.1828121442927166
381,100,25,6,800,4,0.8135166271706178,144866125.0840912,57106499.99999956,34309274.158496566,0.9864287996173644,0.6007945533082368,62.746207884856425,0.9552615215698078,2.249413791387015
382,100,25,6,800,4,0.7984212562064331,132574975.44904631,49426666.66666754,33205668.83799102,0.9546989511067678,0.6718168769488218,68.56346734526502,0.8669929308985226,2.2028676886640133
383,100,25,6,800,4,0.6922551533535977,128428106.82339057,44861666.666667774,34091477.21980846,0.9801669016886015,0.7599244467022539,70.777341695926,0.8355857010852659,2.135780411800667
384,100,25,6,800,4,0.7433211681546125,116917924.33558255,43202500.00000104,29531540.26463917,0.8490637744047336,0.6835609111657533,77.74513661318592,0.7439717041814713,2.0341416012686864
385,100,25,6,800,4,0.7713121514315214,120842645.91909224,43114500.00000126,31503062.755370967,0.9057471817821987,0.7306837086216944,75.2201338431955,0.7759486781531615,2.1318077964820388
386,100,25,6,800,4,0.8272076159308543,121627441.61574051,42857833.33333456,32049672.01028303,0.9214627900078867,0.7478136321313984,74.73477925086634,0.7822509717522618,2.2077094933882346
387,100,25,6,800,4,0.9109365054464612,100127121.3882041,35282500.00000049,26384989.289833434,0.758597025190693,0.7478208542431253,90.78259590383932,0.5986708895110624,2.1078640783520237
388,100,25,6,800,4,0.9287928407985379,130387264.48519835,46623500.000000976,33924665.76469599,0.9753708916456939,0.7276301814470231,69.71386381859311,0.8505281833462541,2.3614251693024104
389,100,25,6,800,4,0.765822743403118,142676807.08972532,55262166.66666655,34416341.67385347,0.9895071066711256,0.6227830675088781,63.709023109016506,0.9400548523874319,2.2041040497976523
390,100,45,10,400,4,0.9708561631886022,111696170.26231024,58257833.33333323,17390649.06245903,1.0000000000000013,0.2985117720213715,42.05873835215265,0.7009789725358775,1.910644553341577
391,100,45,10,400,4,1.0,119104237.59563954,63930166.66666571,17390649.062459014,1.0000000000000002,0.2720257113223951,39.44276118830543,0.6573793531384239,1.87499992219634
392,100,45,10,400,4,0.9357959961664046,110898857.26230916,57647333.333333164,17390649.062458992,0.9999999999999991,0.3016730880143466,42.361121800275086,0.7060186966712514,1.8831531632491334
393,100,45,10,400,4,0.936649109160042,120765904.92897403,65202499.99999909,17390649.06245898,0.9999999999999986,0.26671751945798433,38.90005215265777,0.6483342025442962,1.7983573272707256
394,100,45,10,400,4,0.9777285993709636,119956620.26230529,64582833.333332054,17390649.062458947,0.9999999999999964,0.2692766508508601,39.162490488040355,0.6527081748006726,1.8458580948523244
395,100,45,10,400,4,0.8973641448457822,113776845.92897496,59850999.99999953,17390649.06245898,0.9999999999999986,0.29056572258540575,41.28959597748557,0.6881599329580929,1.8179766558721995
396,100,45,10,400,4,0.9715674056067592,117266942.498506,62533166.66666601,17384395.720763054,0.9996404193038745,0.2780028047105121,40.060735787153746,0.6676789297858957,1.8616485791610646
397,100,45,10,400,4,1.0,103045443.92897856,51634000.000000335,17390649.062459014,1.0000000000000004,0.33680615606884806,45.58959446317528,0.7598265743862547,2.029271499241333
398,100,45,10,400,4,0.9830858158636822,118646919.92897387,63579999.99999926,17390649.062458955,0.999999999999997,0.2735238921431135,39.59479102207006,0.6599131837011677,1.8618181132793405
399,100,45,10,400,4,0.9905278503852715,129028749.262306,71529333.33333164,17390649.062459018,1.0000000000000007,0.24312611696543276,36.40894007621291,0.6068156679368818,1.7918444118944996
400,100,25,10,600,4,0.9885163659495723,93443536.96463746,35564833.33333379,22943158.271336723,0.8795208731211701,0.6451079935142795,73.77503275169124,0.7948642932646044,2.2994670540256
401,100,25,10,600,4,0.9063298857418649,117888552.22680445,49351500.000000864,26085973.593688242,0.999999999999989,0.5285750908014506,58.47726407511644,0.9746210679186073,2.3038110263016325
402,100,25,10,600,4,0.9498644834653732,96197414.35878335,35651000.000000484,24232247.450194303,0.9289378202873466,0.6797073700651869,71.6630488038742,0.8233415595422813,2.316971939059804
403,100,25,10,600,4,0.8813215322081983,111743344.436361,44682000.00000081,26063113.276244216,0.9991236548115711,0.5833022979330321,61.693159756159716,0.9721751169580738,2.320138487512698
404,100,25,10,600,4,0.8568106141816358,118255948.37135407,50248000.00000038,25693863.854572453,0.9849685602989743,0.511341025604447,58.29558762111227,0.9715931270185378,2.2374765616837315
405,100,25,10,600,4,0.9397120623021992,94055135.08297558,36144166.66666725,22872386.570509143,0.876807855699244,0.6328099021190724,73.29530699114173,0.8012450490073311,2.2472050330047884
406,100,25,10,600,4,0.9466282117795815,100216759.34261157,39138000.00000061,23971302.103111684,0.9189345384031022,0.6124815295393559,68.78889364634242,0.8637416589169841,2.3003550943280504
407,100,25,10,600,4,1.0,82221971.53797738,34092666.666666985,18404888.01267749,0.7055472914045475,0.5398488828294644,83.84376914163185,0.672067731671311,2.1039468379348825
408,100,25,10,600,4,0.9271477088038098,101641769.31606112,40813666.66666729,23598724.89802761,0.9046518740530081,0.5782064397879937,67.82447852283364,0.877737262669845,2.26745012330405
409,100,25,10,600,4,0.7847710911306044,120844791.94013542,51762333.333333686,25992118.727899916,0.9964020945796204,0.5021434903353096,57.04672819839086,0.9507788033065143,2.1372646867053664
410,100,35,6,800,4,0.9431058695660466,135133179.22300577,50202166.6666677,33961680.27802281,0.9764350990020119,0.6764982974444419,67.26549358392144,0.8859528382747508,2.370257345796351
411,100,35,6,800,4,0.910482625656306,156654550.08408746,66135666.66666542,34309274.158496484,0.9864287996173622,0.5187711243831689,58.02448760741943,0.9670747934569905,2.2925743186198315
412,100,35,6,800,4,0.918090091218667,145208934.5840911,57363166.66666613,34314774.15849663,0.9865869305755683,0.5982022289302419,62.59807653044971,0.9576228382958261,2.354274712658687
413,100,35,6,800,4,0.8294933388390611,136503518.08409384,50878666.6666671,34199274.15849657,0.9832661804533263,0.6721731601685635,66.59022512811848,0.8959800915837325,2.2632119585576445
414,100,35,6,800,4,0.9279018712955479,139194413.1189165,53439833.333333656,33880099.61879711,0.9740895666721746,0.6339858773037012,65.30290833033942,0.9154113009179575,2.3505018740564663
415,100,35,6,800,4,0.8080931458881825,143312883.9230586,55806666.66666651,34381508.34052013,0.9885056106025132,0.6160824574218174,63.42625834590074,0.9444955478977598,2.2454546597233964
416,100,35,6,800,4,0.9518499125004841,137393890.20247027,51322333.333333984,34351027.91726133,0.9876292654140925,0.6693192940810868,66.15869152991324,0.9024474128058947,2.3897527605712483
417,100,35,6,800,4,0.9397237493029911,138809295.49636692,52548833.33333388,34260054.90305759,0.9850136927038097,0.6519660424378066,65.4840871246833,0.9126512516047686,2.3739478348580048
418,100,35,6,800,4,0.8760837235070063,141216878.75076014,54297833.33333363,34320274.15849637,0.9867450615337627,0.6320744687509849,64.36765973310447,0.9297920417276276,2.3115353402354217
419,100,35,6,800,4,0.9299837935475497,154711848.42305505,64480166.6666657,34416341.67385342,0.9895071066711241,0.5337508175462833,58.75309546521741,0.9792182577536236,2.3362027053382
420,100,35,6,600,4,0.8994595247911574,125134926.89346775,54902833.33333339,26085973.593688242,0.999999999999989,0.4751298250003166,55.09093401132492,0.918182233522082,2.1977456183134927
421,100,35,6,600,4,0.8671893047438247,138591080.22679803,65206166.666666,26085973.593688313,0.9999999999999918,0.40005378213750614,49.742017947465364,0.8290336324577561,2.0162659629115858
422,100,35,6,600,4,0.9004956496019717,126478147.89346729,55931333.33333327,26085973.5936882,0.9999999999999875,0.46639284349300153,54.50585824364424,0.908430970727404,2.182040895123777
423,100,35,6,600,4,0.8205850876360015,126390750.41247758,55865333.333333336,26085387.219364066,0.9999775214705958,0.46693334959123245,54.54354830161233,0.9090591383602056,2.103190905669193
424,100,35,6,600,4,0.9137015394400002,130491050.5601316,59003999.99999937,26085973.59368831,0.9999999999999916,0.44210517242371006,52.82967659780827,0.8804946099634712,2.1478802873424394
425,100,35,6,600,4,0.8783444948314554,123056645.5601352,53311500.00000022,26085973.593688246,0.9999999999999892,0.48931231711147005,56.02135478844289,0.9336892464740482,2.2034835949946796
426,100,35,6,600,4,0.8954465577766536,127967423.22679979,57071666.66666644,26085973.59368822,0.9999999999999882,0.4570739758845018,53.87152312805385,0.8978587188008975,2.158964457285153
427,100,35,6,600,4,0.9036921503154088,116539270.226805,48321166.666667655,26085973.59368822,0.9999999999999882,0.5398456906811926,59.154308986005375,0.9859051497667563,2.3214738526271192
428,100,35,6,600,4,0.8774462036559089,126547583.5601353,55984500.000000246,26085973.59368828,0.9999999999999903,0.4659499253130449,54.4759513066804,0.9079325217780067,2.1581386656843513
429,100,35,6,600,4,0.8550280113844808,137283774.2267951,64205166.66666539,26085973.593688246,0.9999999999999892,0.4062908788808081,50.21569401647806,0.8369282336079676,2.016988948097095
430,100,50,4,700,4,1.0,138484218.2868419,58507166.666666366,30306340.631288197,0.9958172849079355,0.5179936468971895,57.70910287731568,0.9618183812885946,2.3762132988063462
431,100,50,4,700,4,1.0,151315753.8444063,68432833.3333315,30242219.055350903,0.993710353740272,0.44192557259821746,52.81538634911564,0.8802564391519273,2.2337968972305013
432,100,50,4,700,4,1.0,138340159.34441355,58488833.3333332,30247719.055350848,0.993891074835358,0.517153742543749,57.76919759144925,0.9628199598574875,2.3765429538924865
433,100,50,4,700,4,0.9503941699552014,139462568.17774567,59420166.6666662,30201885.722017583,0.9923850657096276,0.5082766915051481,57.3042652549924,0.9550710875832067,2.3120866107425266
434,100,50,4,700,4,1.0,142642776.34441105,61783333.33333263,30247719.055350803,0.9938910748353564,0.48957732487754757,56.02667169561952,0.9337778615936586,2.3254397214956968
435,100,50,4,700,4,0.9822328491902326,142523458.6201724,61599999.99999905,30306340.631288283,0.9958172849079384,0.491986049209233,56.0735760791372,0.9345596013189533,2.3103812898765725
436,100,50,4,700,4,1.0,141845862.28683996,61081166.66666591,30306340.63128829,0.9958172849079386,0.49616505848156134,56.34143901807318,0.939023983634553,2.335956030419802
437,100,50,4,700,4,1.0,130472541.34441611,52378333.33333376,30302719.055350956,0.9956982857862406,0.5785353814621321,61.25273500194628,0.9793375388125245,2.44216584398223
438,100,50,4,700,4,1.0,141460593.5110784,60846499.999999434,30267885.722017553,0.9945537188506816,0.4974466193128254,56.494885265514796,0.9415814210919132,2.3395387165421737
439,100,50,4,700,4,1.0,151245558.45350355,68223833.33333196,30341173.964621488,0.996961851843491,0.4447298324088419,52.83989878259379,0.8806649797098965,2.23644884563697
440,100,40,10,400,4,0.9039573527190793,109765776.59564266,56778333.33333317,17390649.06245899,0.9999999999999988,0.30629023505079467,42.798403525224884,0.7133067254204147,1.8622962661801297
441,100,40,10,400,4,0.9833596562710293,124079101.2623047,67737999.99999823,17390649.062459007,1.0,0.25673402023176745,37.86133161997035,0.6310221936661725,1.8197690661226158
442,100,40,10,400,4,0.9602917861274304,111858423.9289757,58380666.666666456,17390649.06245902,1.0000000000000007,0.29788370115321994,41.9977310156172,0.69996218359362,1.8985609306436264
443,100,40,10,400,4,0.8994680141968298,113392390.6083152,59555833.333332844,17390258.14624288,0.9999775214706061,0.29199924126508214,41.42958777743156,0.6904931296238593,1.8235605368327548
444,100,40,10,400,4,0.978296210509092,120743794.92897287,65184166.66666555,17390649.062458966,0.9999999999999977,0.2667925349324493,38.90717533570537,0.6484529222617561,1.8401831607168075
445,100,40,10,400,4,0.9107097715128584,115495416.26230659,61165499.99999924,17390649.06245903,1.000000000000001,0.2843212115074551,40.6752073115233,0.6779201218587217,1.8160868625775444
446,100,40,10,400,4,0.9603017166108582,106535011.55985317,54307000.000000164,17389085.518067516,0.9999100928098845,0.32019970755275495,44.096301593403375,0.7349383598900563,1.9513998425431185
447,100,40,10,400,4,0.9580903721632276,106672297.92897654,54409666.66666648,17390649.06245901,1.0000000000000002,0.3196242529659387,44.03955001632984,0.733992500272164,1.9477822748081426
448,100,40,10,400,4,0.9768697317488167,112081096.92897691,58551166.66666659,17390649.062458955,0.999999999999997,0.29701626888947236,41.914293567066736,0.6985715594511123,1.913054306311507
449,100,40,10,400,4,0.9376745310082224,133637279.9289724,75056666.66666472,17390649.062459,0.9999999999999996,0.2317002584153233,35.153364409219186,0.5858894068203198,1.7089241445608008
450,100,20,10,700,4,0.8964272647843332,86207214.10997514,31832166.66666694,21789769.534719724,0.7159765476414078,0.6845204651914847,92.70453850654314,0.5797979247365106,2.0238415616740317
451,100,20,10,700,4,0.7722867311305486,121565190.51108453,45644500.0000011,30242219.05535087,0.9937103537402707,0.6625599810568664,65.74085859941373,0.9087538835309875,2.211088599507029
452,100,20,10,700,4,0.8449312185597666,75844986.91505854,28666000.00000012,18750621.887941092,0.6161150765760113,0.6541066729903375,105.37018101078054,0.469461172462973,1.8376777294150097
453,100,20,10,700,4,0.8241545464391338,102831091.7321723,36635500.000000454,26841367.528308373,0.8819638787950865,0.7326600572752668,77.71773950251315,0.7443114930044485,2.154594085263796
454,100,20,10,700,4,0.9566046284129032,104479879.06251255,39466166.666667335,25841824.66040822,0.8491205184906818,0.6547842580879264,76.49128302702509,0.7596824840693892,2.2401145189526335
455,100,20,10,700,4,0.8328099738586393,99522665.46569401,34600500.00000041,26523790.04344836,0.871528796824329,0.7665724496307291,80.3013058643894,0.7129420788231426,2.159010012386365
456,100,20,10,700,4,0.9019434989752315,102595344.43731515,37266166.66666736,26324335.824294303,0.8649750541142518,0.7063870040553446,77.89632213655581,0.7420994348144698,2.209152537033977
457,100,20,10,700,4,0.9089069430546287,83557163.06550428,32220833.33333339,20248700.861641854,0.6653395261497157,0.628435045492569,95.64470246237133,0.5520711343823973,1.9637261138310813
458,100,20,10,700,4,1.0,91562926.41555546,35200000.00000042,22256983.772028875,0.73132845102453,0.632300675341722,87.28205085680057,0.6346377929639373,2.140478333237315
459,100,20,10,700,4,0.934963030154551,123064608.33807859,48416500.000000656,29207170.654665396,0.9597003391146581,0.6032482863210888,64.9398727052803,0.9209668731211325,2.338528532332554
460,100,25,4,300,4,0.8038819039356528,84121737.94673732,43959666.666667834,13042986.796844319,1.0000000000000042,0.2967034963150457,42.792744038161175,0.7132124006360195,1.754457101623709
461,100,25,4,300,4,0.8080818180507755,98777452.28006558,55181500.00000019,13042986.79684427,1.0000000000000004,0.23636520929739538,36.44353966321604,0.6073923277202674,1.6045663132089594
462,100,25,4,300,4,0.7822132731307148,92284020.28006826,50209500.00000068,13042986.796844326,1.0000000000000047,0.2597712942141258,39.00783677472159,0.6501306129120265,1.6401609214140418
463,100,25,4,300,4,0.6774173264605582,86017163.13115795,45492333.333334364,12991138.342844535,0.9960248020789015,0.28556764164315396,41.84978751869633,0.6974964586449388,1.6033678984200201
464,100,25,4,300,4,0.7312500834819126,83633293.9467371,43585666.66666778,13042986.796844332,1.000000000000005,0.29924945043502066,43.04266674337349,0.7173777790562248,1.688027422886154
465,100,25,4,300,4,0.7534802622568474,88797870.94673641,47540166.6666677,13042986.796844311,1.0000000000000036,0.274357195427951,40.539260250499325,0.675654337508322,1.6486203561075303
466,100,25,4,300,4,0.7978840051913512,90981470.45721838,49219500.00000091,13038296.790572377,0.9996404193038804,0.2649010410624272,39.566298301286636,0.659438305021444,1.669243143062737
467,100,25,4,300,4,0.7470426353039075,84193567.94673705,44014666.66666764,13042986.796844305,1.000000000000003,0.29633274052991465,42.75623527770344,0.7126039212950573,1.6967127490228964
468,100,25,4,300,4,0.948236892570224,75815795.61340262,37599833.33333382,13042986.796844311,1.0000000000000036,0.3468894843552713,47.48087085118753,0.7913478475197923,2.0170963275742335
469,100,25,4,300,4,0.7327808155530975,97209163.94673231,53980666.66666686,13042986.796844339,1.0000000000000058,0.2416232996414326,37.031488121557985,0.6171914686926331,1.5432709239588767
470,100,30,2,500,4,0.8208878969513632,98501210.24276099,41581833.333334416,21577274.723974247,0.9925920370874639,0.5189110963675729,58.83988618734705,0.9806647697891174,2.216681543834539
471,100,30,2,500,4,0.9295247946293312,121838323.24455427,59198333.333333105,21738311.32807365,0.999999999999994,0.3672115430289209,47.56959752611378,0.7928266254352297,2.0161206544876977
472,100,30,2,500,4,0.8178961538009132,115404749.57788946,54272166.66666678,21738311.328073606,0.999999999999992,0.400542537053804,50.22150319808349,0.8370250533013915,1.9753552367453477
473,100,30,2,500,4,0.7274086817082439,109214396.67706686,49533000.000000656,21737822.682803456,0.9999775214705985,0.43885536274409315,53.06809519936686,0.884468253322781,1.9629612252262993
474,100,30,2,500,4,0.8673848828324744,112857178.91122425,52321500.000000484,21738311.328073554,0.9999999999999896,0.4154756902625757,51.35517346715794,0.8559195577859656,2.0556849928285006
475,100,30,2,500,4,0.7792915152591038,111300862.24455796,51129833.3333339,21738311.328073584,0.9999999999999909,0.4251590492453527,52.07327133966911,0.8678878556611519,1.987306610316538
476,100,30,2,500,4,0.8437337424200129,115395172.24455574,54264833.333333366,21738311.328073625,0.9999999999999928,0.40059666625236623,50.225671380055864,0.8370945230009311,2.001305598422837
477,100,30,2,500,4,0.8136809729310792,108595265.57789311,49058166.66666764,21738311.328073595,0.9999999999999915,0.4431129984081447,53.3706508212625,0.8895108470210417,2.0576822186786368
478,100,30,2,500,4,0.8157148549881796,110668758.24455845,50645833.33333402,21738311.328073572,0.9999999999999905,0.4292221076707188,52.37069695127782,0.8728449491879637,2.0319374903127185
479,100,30,2,500,4,0.8448478631597796,124529553.91121812,61258999.99999907,21738311.328073572,0.9999999999999905,0.35485906280014207,46.54156236785404,0.7756927061309007,1.904427819530794
480,100,45,10,600,4,0.9858246218973196,125983642.89346828,55555500.000000186,26085973.59368832,0.9999999999999919,0.4695479942343824,54.71980204469397,0.9119967007448995,2.2734597180297254
481,100,45,10,600,4,1.0,138755016.89346147,65334499.99999858,26085973.593688197,0.9999999999999872,0.39926797624055843,49.683248608539905,0.8280541434756651,2.147468524468112
482,100,45,10,600,4,0.9456137889809608,127856011.56013337,56989166.66666647,26085973.593688216,0.999999999999988,0.4577356560812138,53.918465904575015,0.8986410984095836,2.2104434122555157
483,100,45,10,600,4,0.9107755845832506,130954262.00644486,59365166.666666195,26083628.277101014,0.9999100928098738,0.43937597991697525,52.64280745334371,0.8773801242223951,2.139656492739226
484,100,45,10,600,4,0.9877813643937005,141779059.8934592,67649999.99999803,26085973.59368824,0.9999999999999888,0.38560197477736874,48.62354148193951,0.8103923580323252,2.106655302247921
485,100,45,10,600,4,0.9253526577919029,128658113.22679909,57603333.33333289,26085973.59368822,0.9999999999999882,0.4528552790988095,53.58231849590067,0.8930386415983446,2.180675522669295
486,100,45,10,600,4,0.9916617335387286,131319263.43635662,59676833.33333301,26063113.276244048,0.9991236548115646,0.436737538177755,52.496486955556634,0.8749414492592772,2.2159932133402096
487,100,45,10,600,4,0.984124449539239,128271277.10302514,57343000.00000016,26063113.2762442,0.9991236548115705,0.4545125521204703,53.74391021664987,0.8957318369441646,2.24346632817978
488,100,45,10,600,4,1.0,128670084.89346656,57612499.999999724,26085973.593688257,0.9999999999999896,0.45278322575289015,53.577333112881504,0.8929555518813584,2.2551821324836707
489,100,45,10,600,4,1.0,147362645.22679192,71925333.33333142,26085973.593688313,0.9999999999999918,0.36268130274482346,46.781190642923136,0.7796865107153856,2.0698315529112445
490,100,40,6,700,4,0.9298609930203293,135236802.36466077,56059666.666667,30279670.260936633,0.9949409397195111,0.5401328987733864,59.094860720312084,0.9849143453385347,2.3468816573775735
491,100,40,6,700,4,0.9675485601206809,149629021.17774013,67138499.99999826,30242219.055350915,0.9937103537402723,0.4504452595061209,53.41076174325009,0.8901793623875015,2.218084130113079
492,100,40,6,700,4,0.9793014585456937,137189757.34441411,57605166.666666664,30247719.055350848,0.993891074835358,0.5250869115678428,58.25362005660985,0.9708936676101642,2.370264655410132
493,100,40,6,700,4,0.8912803574292902,136636554.92223063,57295333.33333333,30175215.351666056,0.9915087205212043,0.5266609616548071,58.48947234178064,0.9748245390296774,2.2874336657828134
494,100,40,6,700,4,0.9353999838073487,137580033.6777468,57903999.99999983,30247719.05535087,0.9938910748353587,0.5223770215417063,58.088370720414005,0.9681395120069001,2.321441113047614
495,100,40,6,700,4,0.9129632603558012,144981316.95350468,63479166.666665465,30306340.63128832,0.9958172849079396,0.47742184125430487,55.12296458558836,0.9187160764264727,2.2136168097857176
496,100,40,6,700,4,0.9337499155671426,139922090.62017468,59605333.3333329,30306340.631288264,0.9958172849079377,0.5084501492811909,57.116070554535455,0.9519345092422575,2.292444544234353
497,100,40,6,700,4,0.9359351966991396,131642248.3444156,53271166.66666695,30302719.05535092,0.9956982857862394,0.5688390352883347,60.708473917059315,0.9882615410363706,2.3792679659661777
498,100,40,6,700,4,0.9337560388743834,140111461.84441245,59810666.66666628,30267885.722017504,0.99455371885068,0.5060616677407214,57.03887387082249,0.9506478978470415,2.289253270914002
499,100,40,6,700,4,0.9814772686229151,150885286.45350373,67945166.66666533,30341173.964621488,0.996961851843491,0.44655382351879946,52.96606573009174,0.8827677621681957,2.2214880896061504
500,100,30,2,400,4,0.8301740985884642,95353162.26231624,45739833.33333466,17390649.062458985,0.9999999999999987,0.3802079674344786,49.2673749725926,0.8211229162098767,1.9554633887459238
501,100,30,2,400,4,0.9177246729705812,113605165.26230854,59715333.3333329,17390649.06245899,0.9999999999999988,0.2912258559352558,41.351993011523895,0.6891998835253983,1.8399052412441843
502,100,30,2,400,4,0.8747486800020136,106244984.59564444,54079666.666666865,17390649.062458992,0.9999999999999991,0.3215746348743322,44.216675430649815,0.7369445905108303,1.8689529784123096
503,100,30,2,400,4,0.7379965629832926,97625283.73535293,47503500.00000095,17375408.85082956,0.9991236548115766,0.3657711295131772,48.120730821484834,0.8020121803580805,1.8326256469519149
504,100,30,2,400,4,0.8402781419602872,102572077.26231287,51267333.33333396,17390649.06245895,0.9999999999999968,0.33921501142622473,45.7999888993773,0.763333148322955,1.8749832994242221
505,100,30,2,400,4,0.8385083480077351,106201886.59564433,54046666.666666865,17390649.062458977,0.9999999999999982,0.3217709830231697,44.234619088138416,0.7372436514689736,1.8331687858952446
506,100,30,2,400,4,0.8701692753760957,103012634.59564649,51604666.66666722,17390649.06245895,0.9999999999999968,0.33699760478623564,45.60411466457667,0.7600685777429445,1.8998359369480289
507,100,30,2,400,4,0.8792187408760695,95317247.26231602,45712333.33333462,17390649.06245897,0.9999999999999979,0.38043669605850683,49.285938641004904,0.821432310683415,2.00500040840629
508,100,30,2,400,4,0.8276316391528157,107348772.26231143,54924833.3333335,17390649.06245899,0.9999999999999988,0.31662634198481443,43.76202820951431,0.7293671368252386,1.8102998495659057
509,100,30,2,400,4,0.8156614905029259,105529078.92897823,53531500.000000335,17390649.06245899,0.9999999999999988,0.3248675838050284,44.51663984636548,0.7419439974394246,1.8174995549863733
510,100,25,10,500,4,0.9465413915846336,86101836.3744891,35834333.333333835,19188318.061405744,0.8826958898424246,0.5354730024670606,67.31331460564788,0.8852470000958439,2.260166793654126
511,100,25,10,500,4,0.9745470758538873,112629156.2445578,52145500.0000004,21738311.32807373,0.9999999999999977,0.41687799192784736,51.45914426825026,0.8576524044708377,2.165701873867003
512,100,25,10,500,4,0.8868573368907774,96582334.24455914,39858500.00000069,21738311.32807372,0.9999999999999973,0.5453870900328247,60.008903753809406,0.999851615113303,2.32301862403034
513,100,25,10,500,4,0.829474894037121,99724121.69835202,42555333.33333405,21552719.878810406,0.9914624716491343,0.5064634251596363,58.1183358779662,0.9686389312994367,2.2032845654642665
514,100,25,10,500,4,0.8643064583313886,103459745.53168553,45637166.66666744,21411553.21214379,0.9849685602989777,0.46916920519043537,56.01985555072703,0.9336642591787838,2.1733060816625205
515,100,25,10,500,4,0.9468472376216144,94439405.911226,38217666.66666744,21738311.328073606,0.999999999999992,0.5688026827402641,61.3705681868447,0.9774161184675857,2.3793055022814116
516,100,25,10,500,4,0.9549743115362826,98890471.5778928,41625833.33333411,21738311.328073617,0.9999999999999925,0.5222312585070941,58.60827547409193,0.9768045912348655,2.3495639095768235
517,100,25,10,500,4,0.9275922648616977,80500367.04037982,35046000.000000335,16957031.57981709,0.7800528442114111,0.48385069850530527,71.99718725621172,0.8187691353083029,2.133441958974245
518,100,25,10,500,4,1.0,99960738.57789294,42445333.333334185,21738311.32807364,0.9999999999999936,0.5121484417935196,57.98076407252341,0.9663460678753901,2.376064821310206
519,100,25,10,500,4,0.9341574283094718,118081053.24455453,56319999.99999967,21738311.328073762,0.9999999999999991,0.3859785392058574,49.083234276344676,0.8180539046057446,2.060994164279902
520,100,25,8,800,4,0.9761430691815561,96098866.8456053,34452000.0000005,24948375.555036534,0.717292824018061,0.7241488318540628,94.58800398347971,0.5618801359533063,2.1173422706181126
521,100,25,8,800,4,0.9399325070530552,139457326.0840927,52965000.00000011,34309274.15849661,0.9864287996173657,0.647772569781866,65.17979553486387,0.9172915433452163,2.3754421062237645
522,100,25,8,800,4,0.8905873853230196,103949735.06760669,36232166.66666722,27645286.514204293,0.7948319356832361,0.763003956361167,87.44418630877884,0.6329251532461507,2.133915703658104
523,100,25,8,800,4,0.8579273382930535,119101552.84755646,41552500.00000065,31648928.508648753,0.9099409802066827,0.7616612359941822,76.31974380413371,0.7618575141619895,2.229113841250389
524,100,25,8,800,4,0.7955929602230084,132522059.02253687,49005000.000000685,33448606.97374412,0.9616836856868454,0.6825549836494981,68.59084492834643,0.8665974182902679,2.2082343654328747
525,100,25,8,800,4,0.9046969842499589,97161516.46245648,34391500.00000043,25505555.94393418,0.7333123637976436,0.7416238298397527,93.55350071663742,0.5716519156310572,2.0696479637528182
526,100,25,8,800,4,0.8430399538880757,123493912.44907388,44410666.66666788,31970838.67694978,0.9191962462736616,0.7198909873817605,73.60524757646195,0.7971167482623712,2.2160694920558552
527,100,25,8,800,4,0.9767620621507196,92254870.9619627,34090833.33333361,23302542.35983159,0.6699733367092813,0.683542761538969,98.52921482864342,0.5261580792625562,2.049754350644451
528,100,25,8,800,4,0.9473302622704559,132560637.08379368,49195666.66666743,33345906.824690808,0.9587309451455216,0.6778220336077762,68.57088348371616,0.8668857751941436,2.3564736643508204
529,100,25,8,800,4,0.765822743403118,143589048.08972487,55960666.666666426,34416341.67385351,0.9895071066711267,0.6150095008491737,63.304270910132594,0.9464177778011321,2.204248121883589
530,100,20,10,400,4,0.9734278067611396,62719553.85865125,27881333.333333433,12844980.89734062,0.7386142317752206,0.460701815934457,74.90168075154455,0.780078014383929,2.1220672738926343
531,100,20,10,400,4,0.8847093140718398,92462079.92898184,43523333.33333424,17390649.06245908,1.0000000000000042,0.3995707068038306,50.80785554043647,0.8467975923406078,2.0511634718555123
532,100,20,10,400,4,0.904524866901012,80708297.59564641,34523500.00000028,17390649.062459014,1.0000000000000004,0.5037336614902566,58.20715019335769,0.9701191698892948,2.277630965982512
533,100,20,10,400,4,0.9408391007059441,78750981.45868069,33788333.33333378,16903978.26192237,0.9720153745389983,0.5002903841145014,59.65385971049588,0.9942309951749313,2.3353024031724767
534,100,20,10,400,4,0.8808668363491238,91438708.85868157,42991666.66666732,17230075.903048385,0.9907666954330502,0.40077710958824864,51.3764909701475,0.8562748495024584,2.0577633735221807
535,100,20,10,400,4,0.8869825465784318,79262726.29226676,33997333.33333355,17020518.444248836,0.9787166875209294,0.5006427497523941,59.26871582334583,0.9878119303890972,2.2753086767694444
536,100,20,10,400,4,0.9613728987034582,84589511.9289801,37495333.33333369,17390649.062459037,1.0000000000000016,0.46380836003926357,55.53643581658436,0.9256072636097393,2.2580268503446086
537,100,20,10,400,4,0.9529163664751491,65023912.16010663,29954833.333333425,12647990.80532271,0.7272868746817381,0.4222353923514627,72.24726787328227,0.815363599216594,2.106068279572913
538,100,20,10,400,4,0.9735077940199831,89081281.26231353,40934666.6666671,17390649.062458966,0.9999999999999977,0.42483915171636394,52.73610722062479,0.8789351203437464,2.192314235736821
539,100,20,10,400,4,0.9618798931876622,95632834.48906675,45985500.00000073,17368767.604879327,0.9987417687803893,0.3777009623659426,49.12329562433996,0.8187215937389993,2.0827622568194157
540,100,45,4,800,4,1.0,138627637.36913636,52215166.666667126,34385861.25059467,0.9886307614827048,0.658541635423827,65.5698976950445,0.9113469324561563,2.438180240795218
541,100,45,4,800,4,0.9869263328289146,163156287.08408374,71116833.33333123,34309274.1584965,0.9864287996173624,0.48243534688455164,55.71222637173343,0.9285371061955572,2.301411716532113
542,100,45,4,800,4,0.9834484934250367,143447827.2507589,56017499.999999814,34314774.15849656,0.9865869305755661,0.6125723953853112,63.366592399550704,0.9454352520679543,2.41894166180124
543,100,45,4,800,4,0.9695519077904216,143534402.7507589,56264999.999999814,34199274.15849666,0.9832661804533289,0.6078250094818587,63.32837163633888,0.946037698212201,2.4018496135881096
544,100,45,4,800,4,1.0,148647160.58409005,59935333.333332576,34355107.49182994,0.9877465576023815,0.573202910222635,61.150175787299204,0.981012971811276,2.439575299989384
545,100,45,4,800,4,0.9637589393819087,150678975.25638866,61449666.66666569,34381508.340520255,0.9885056106025168,0.5595068322668547,60.32560272282977,0.9945879859553637,2.4059523911507563
546,100,45,4,800,4,1.0,147951829.58972377,59361499.99999945,34381508.34052017,0.9885056106025145,0.579188671790984,61.43756400448965,0.9763253476893156,2.4396762851221028
547,100,45,4,800,4,0.9807137329945653,138987353.74400645,52636833.33333396,34292654.666018106,0.9859509712045555,0.6514953976971327,65.40019473096831,0.9139282190976303,2.4158382702499015
548,100,45,4,800,4,1.0,147579744.41742462,59172666.66666629,34320274.15849648,0.9867450615337657,0.5800021545730015,61.592463355199946,0.9738080624288984,2.4378097860873
549,100,45,4,800,4,1.0,169694314.08971474,75954999.99999747,34416341.67385339,0.9895071066711232,0.453114892684544,53.56573111338524,0.8927621852230874,2.2552540993707226
550,100,35,10,500,4,0.8975615094618417,115317033.4302159,54226333.33333343,21725610.263648678,0.9994157290217524,0.4006468615552463,50.259704291710975,0.8376617381951829,2.0557407369012215
551,100,35,10,500,4,0.9619859539709843,124803068.9112207,61469833.333332986,21738311.328073703,0.9999999999999964,0.35364194352363343,46.439563149868306,0.7739927191644718,2.018892227954363
552,100,35,10,500,4,0.8568933172108021,120198765.91122092,57944333.333333015,21738311.328073595,0.9999999999999915,0.37515853712598374,48.218465107044366,0.8036410851174061,1.9606612320289951
553,100,35,10,500,4,0.7938010902688378,119834102.58585262,57694999.99999976,21719261.06353686,0.9991236548115714,0.37644962411884825,48.36519717621886,0.8060866196036476,1.901047409167564
554,100,35,10,500,4,0.9625321148423825,116700644.9112219,55265833.33333317,21738311.32807366,0.9999999999999946,0.39334087657667444,49.66382151880188,0.8277303586466981,2.10493517475042
555,100,35,10,500,4,0.8270415492178305,117533872.91122085,55903833.333333,21738311.328073625,0.9999999999999928,0.38885189139815257,49.311741853157976,0.8218623642192996,1.9599854265556522
556,100,35,10,500,4,0.9556668616859629,113120391.91918875,52554333.333333746,21719261.063536864,0.9991236548115716,0.4132725064892212,51.23567821565204,0.8539279702608673,2.140212837138207
557,100,35,10,500,4,0.8494790071388397,113451534.57789016,52778000.000000246,21738311.328073625,0.9999999999999928,0.4118820593443011,51.0861313737532,0.8514355228958866,2.0304201775101673
558,100,35,10,500,4,0.946970404518514,113269565.24455808,52638666.66666718,21738311.32807362,0.9999999999999927,0.4129723016301086,51.16820204515134,0.8528033674191889,2.13015161324179
559,100,35,10,500,4,0.8460295806435395,125303484.57788384,61852999.99999876,21738311.32807362,0.9999999999999927,0.35145120411417485,46.25410075006775,0.7709016791677958,1.8980922231026753
560,100,50,2,800,4,1.0,143468939.91742638,55885500.000000075,34410107.49182984,0.9893278671843979,0.6157251432273093,63.35726747009937,0.9455821987703278,2.438162313352175
561,100,50,2,800,4,1.0,161377858.41741702,69756499.99999782,34309274.158496596,0.9864287996173654,0.491843400378426,56.326190526636495,0.9387698421106082,2.332244562413349
562,100,50,2,800,4,1.0,145208223.25075832,57366833.33333297,34314774.15849657,0.9865869305755666,0.5981639941516171,62.598383180427284,0.9576179440579681,2.436149139379262
563,100,50,2,800,4,1.0,144542978.08409208,57038666.6666664,34199274.15849663,0.9832661804533278,0.5995805329454309,62.88648622357666,0.9530307553326386,2.4326951816889832
564,100,50,2,800,4,1.0,148745889.2507568,60012333.3333326,34355107.49182992,0.9877465576023811,0.5724674509989115,61.109587940789105,0.9816768163848799,2.439650777184009
565,100,50,2,800,4,1.0,156859310.5897196,66183333.33333181,34381508.3405202,0.9885056106025154,0.5194889197761924,57.94874378719689,0.9658123964532815,2.3814035322742355
566,100,50,2,800,4,1.0,147957179.25639048,59366999.999999456,34381508.34052017,0.9885056106025145,0.5791350134000453,61.43534261523439,0.9763614950024051,2.439669505722441
567,100,50,2,800,4,1.0,144727580.08409238,56967166.66666652,34334940.82516324,0.9871667440889735,0.6027145605830843,62.80627365370492,0.9543056914594811,2.4364773399259483
568,100,50,2,800,4,1.0,150915611.75075582,61728333.33333241,34320274.15849665,0.9867450615337706,0.5559889973566513,60.23101185192311,0.9961572049750472,2.4409484028603683
569,100,50,2,800,4,1.0,168713198.42304844,75205166.66666423,34416341.673853375,0.9895071066711227,0.4576326760420426,53.87723121226901,0.8979538535378169,2.264059994371451
570,100,25,4,700,4,0.7688835290173762,114619851.7624213,42208833.333334595,29043329.475719884,0.9543167832456533,0.688086525546841,69.72439657804681,0.8503788896378639,2.169731639092713
571,100,25,4,700,4,0.800455718862554,132881370.84441541,54310666.666666895,30242219.055350818,0.9937103537402691,0.5568375590188058,60.142365699682806,0.9976300511124503,2.2435558171900487
572,100,25,4,700,4,0.749527763757262,125491756.01108508,48643833.33333453,30247719.055350877,0.993891074835359,0.6218202181574946,63.68386461413497,0.9404491077921295,2.1874330460753875
573,100,25,4,700,4,0.6948772732747942,114761938.96117055,42161166.66666743,29143056.10598738,0.9575936388513566,0.6912298309104393,69.63807053402965,0.8516032676485394,2.099464405651685
574,100,25,4,700,4,0.7567513667158766,125308551.01108442,48566833.33333432,30207385.72201757,0.9925657868047152,0.6219756086358721,63.776972405443175,0.9389908538870252,2.1933227075115993
575,100,25,4,700,4,0.728716861915683,124766671.95351365,47996666.66666777,30306340.631288305,0.9958172849079391,0.6314259455091522,64.0539646916096,0.93466595753746,2.1685235758604646
576,100,25,4,700,4,0.8201335488862029,123937414.80754557,47366000.00000127,30303604.42860304,0.9957273777178184,0.639775459793992,64.4825455848821,0.9280134125872458,2.259967329308642
577,100,25,4,700,4,0.796149613977259,116728150.07332169,44553666.666667975,28577710.138270702,0.9390172856896671,0.6414221830961132,68.46506172658461,0.8684160471974608,2.1777034076516104
578,100,25,4,700,4,0.7836091731653697,116222692.38521445,43261166.6666677,29154844.014256116,0.9579809704315606,0.6739264393606758,68.76281934264239,0.8641170981942727,2.186867422848183
579,100,25,4,700,4,0.721965010404449,136292536.12017635,56767333.33333331,30341173.96462147,0.9969618518434904,0.5344829884197745,58.63710682552129,0.9772851137586882,2.126836514898957
580,100,30,6,700,4,0.8830189276157574,125880078.68010393,48878500.00000104,30288559.141093202,0.995233013929693,0.6196703896619691,63.487408681316225,0.9435334346014232,2.3222886739467556
581,100,30,6,700,4,0.8930106163834308,134790215.51108155,55773666.6666668,30242219.055350766,0.9937103537402674,0.5422311435268262,59.290653774071366,0.9881775629011894,2.3149730941060813
582,100,30,6,700,4,0.8304832262106141,132215605.01108262,53793666.66666706,30247719.055350874,0.9938910748353588,0.5622914541739855,60.4452099230655,0.992607296077898,2.272923685627701
583,100,30,6,700,4,0.7541219485590042,123281294.57100785,47052500.00000095,30184104.231822655,0.9918007947313873,0.6414984162759055,64.82573068209358,0.9227205577045702,2.190041239284299
584,100,30,6,700,4,0.8768247664004082,131188436.01108262,53007166.66666705,30247719.055350892,0.9938910748353594,0.5706345190181957,60.91847912055956,0.9848085862813725,2.3181409678963374
585,100,30,6,700,4,0.8021499508519746,127822402.28684539,50337833.33333393,30306340.631288197,0.9958172849079355,0.6020589013158658,62.52268661064323,0.9588268463710882,2.2426239182757555
586,100,30,6,700,4,0.8941468331723375,129627729.62017868,51720166.66666726,30306340.631288227,0.9958172849079365,0.5859675748264773,61.65193221710137,0.9728433529729343,2.3357642460064536
587,100,30,6,700,4,0.8674404803963528,128296242.67774972,50706333.3333339,30302719.055350926,0.9956982857862396,0.5976121139768981,62.29176968240247,0.9625241123195905,2.3080542838974614
588,100,30,6,700,4,0.8050419955244398,131031027.844416,52855000.00000047,30267885.7220175,0.9945537188506799,0.5726588917229634,60.991660765184,0.9836081533109444,2.246777262213755
589,100,30,6,700,4,0.7658451920786383,132203575.78684393,53637833.33333346,30341173.964621644,0.9969618518434962,0.5656674044990925,60.45070984226203,0.9925163125826054,2.2108954282605175
590,100,35,8,700,4,0.9031065799005249,134187101.28684387,55212666.66666682,30306340.631288115,0.9958172849079329,0.5489019542246591,59.55714016741743,0.9926190027902905,2.3348471460705427
591,100,35,8,700,4,0.9434585563740369,147643557.8444103,65616833.33333243,30242219.05535087,0.9937103537402707,0.46089116952232206,54.12901258056865,0.9021502096761441,2.2143217016680388
592,100,35,8,700,4,0.8621854269500163,135913438.75556406,56668333.333333366,30221048.684999418,0.9930147296469379,0.5332969386488526,58.8006607232784,0.9800110120546399,2.2688339899237384
593,100,35,8,700,4,0.8819569243133366,135270801.84441334,56206333.33333314,30201885.72201766,0.9923850657096301,0.5373395475364774,59.080007592414965,0.9846667932069161,2.2964953555494345
594,100,35,8,700,4,0.9123811678078145,133375023.3444149,54682833.33333348,30247719.05535081,0.9938910748353568,0.5531483504332694,59.919764582629085,0.9986627430438181,2.3535625911982483
595,100,35,8,700,4,0.8471724289409376,138001274.28684017,58133166.666665904,30306340.63128838,0.9958172849079416,0.5213261614503845,57.91105945434085,0.9651843242390142,2.229417682340259
596,100,35,8,700,4,0.92636454299467,140257728.8923527,59861999.99999957,30305656.527910072,0.995794806378545,0.5062586704071078,56.97939117589504,0.9496565195982506,2.281027998918607
597,100,35,8,700,4,0.9265699749179191,132697588.34441485,54077833.33333343,30302719.05535099,0.9956982857862418,0.5603537935509794,60.2256612174246,0.9962460434879563,2.3710990532466587
598,100,35,8,700,4,0.9126913419165192,135712510.5110804,56440999.99999989,30267885.72201753,0.9945537188506809,0.5362747953086868,58.8877176459535,0.9814619607658917,2.32317313892936
599,100,35,8,700,4,0.8914678035866166,145621980.78683838,63913666.66666555,30341173.96462162,0.9969618518434953,0.4747212223461151,54.88045112982226,0.9146741854970377,2.1859189669605463
600,100,35,2,700,4,0.8960999264705631,135125442.3444144,55936833.333333366,30302719.055350862,0.9956982857862375,0.5417310428492409,59.14356216966235,0.9857260361610393,2.315210796910995
601,100,35,2,700,4,0.9340783086291794,142974607.84441015,62041833.33333235,30242219.05535092,0.9937103537402724,0.4874488297737505,55.89663871431597,0.9316106452385995,2.255648017686779
602,100,35,2,700,4,0.8621854269500163,135920621.75556397,56673833.33333333,30221048.684999418,0.9930147296469379,0.5332451840208342,58.79755328350572,0.9799592213917621,2.268740795558446
603,100,35,2,700,4,0.8350629143839169,129835665.17774925,52044666.666667074,30201885.722017627,0.9923850657096291,0.5803070257986869,61.55319487183253,0.9744456037952051,2.2737541388180715
604,100,35,2,700,4,0.9123811678078145,130930409.01108311,52811000.000000514,30247719.055350795,0.9938910748353563,0.5727541431775672,61.03853230400818,0.9828400662327716,2.35342454858264
605,100,35,2,700,4,0.8471724289409376,137965359.28684077,58105666.66666606,30306340.631288353,0.9958172849079407,0.5215728924537826,57.92613480159482,0.9654355800265804,2.229866322930544
606,100,35,2,700,4,0.882552168512611,135041060.47420794,55870833.333333336,30303604.42860312,0.995727377717821,0.5423868344294689,59.18051866547943,0.9863419777579906,2.3028036138141768
607,100,35,2,700,4,0.9265699749179191,132450972.01108202,53889000.00000025,30302719.055350944,0.9956982857862403,0.5623173385171519,60.337798044481964,0.9943858511585478,2.3708096968901886
608,100,35,2,700,4,0.9126913419165192,134697313.17774716,55663666.66666655,30267885.72201762,0.9945537188506838,0.5437637786830012,59.33154724069355,0.9888591206782259,2.336561485541146
609,100,35,2,700,4,0.8961064732492834,142317800.7868393,61383666.66666577,30341173.964621577,0.996961851843494,0.49428741572875556,56.15460578940476,0.9359100964900794,2.2274465023223673
610,100,45,10,700,4,0.9669805130992261,135054971.95351017,55880000.00000005,30306340.631288197,0.9958172849079355,0.5423468258999314,59.17442271396724,0.9862403785661207,2.387098352385292
611,100,45,10,700,4,0.9953673044360257,157329758.17773756,73036333.33333108,30242219.055350706,0.9937103537402654,0.4140708832866515,50.79649325445193,0.8466082209075322,2.173232231972879
612,100,45,10,700,4,0.9642806136590795,142685313.34441224,61814499.99999958,30247719.055350807,0.9938910748353567,0.48933048160789155,56.00996915996169,0.9334994859993615,2.289244484944754
613,100,45,10,700,4,0.925499632155737,137659496.25556356,58079999.99999994,30175215.35166604,0.9915087205212039,0.519545718864774,58.054839784996005,0.9675806630832667,2.308716870330823
614,100,45,10,700,4,1.0,142891226.0110768,61972166.66666579,30247719.055350844,0.9938910748353578,0.4880855500509842,55.92925628184114,0.9321542713640191,2.3226227114048066
615,100,45,10,700,4,0.9117573885893413,140806160.62017372,60283666.66666598,30306340.631288324,0.9958172849079397,0.5027288867292191,56.7574597929559,0.9459576632159317,2.259898161188648
616,100,45,10,700,4,1.0,142645008.6201726,61691666.66666575,30306340.63128824,0.9958172849079371,0.49125501496077845,56.02579492479917,0.9337632487466528,2.326767260715276
617,100,45,10,700,4,1.0,130450431.34441546,52360000.000000246,30302719.055350915,0.9956982857862393,0.5787379498730094,61.263116707525754,0.9791681002386108,2.4421584601370183
618,100,45,10,700,4,1.0,141833548.5110768,61130666.666665636,30267885.722017597,0.9945537188506831,0.4951342324968064,56.34633049722974,0.9391055082871623,2.3352128942846075
619,100,45,10,700,4,1.0,151201899.45350346,68188999.9999986,30341173.964621488,0.996961851843491,0.4449570160087713,52.85515611169674,0.8809192685282791,2.236884881335296
620,100,40,4,700,4,0.9298609930203293,135112297.03132766,55964333.33333372,30279670.26093659,0.9949409397195098,0.541052996746792,59.14931635087952,0.9858219391813254,2.348525329599088
621,100,40,4,700,4,0.9675485601206809,149667330.51107353,67167833.3333316,30242219.055350903,0.993710353740272,0.4502485424126879,53.39709055216098,0.8899515092026831,2.217698903253514
622,100,40,4,700,4,0.9793014585456937,137156236.67774707,57579499.99999989,30247719.055350885,0.9938910748353591,0.5253209745716956,58.26785710646894,0.9711309517744823,2.3706891899775324
623,100,40,4,700,4,0.8912803574292902,136638949.25556394,57297166.66666666,30175215.351666056,0.9915087205212043,0.5266441101217814,58.48844742689335,0.9748074571148891,2.2874031026416044
624,100,40,4,700,4,0.9353999838073487,137608765.67774686,57925999.99999983,30247719.05535087,0.9938910748353587,0.5221786254074329,58.07624216843316,0.967937369473886,2.321080253607181
625,100,40,4,700,4,0.9129632603558012,145010048.95350465,63501166.66666546,30306340.631288297,0.995817284907939,0.47725643830095843,55.112042632041685,0.9185340438673614,2.2133024548639293
626,100,40,4,700,4,0.9337499155671426,139934062.28684124,59614499.99999955,30306340.631288264,0.9958172849079377,0.5083719670766087,57.11118414913273,0.9518530691522122,2.2923005583806417
627,100,40,4,700,4,0.9359351966991396,131450701.67774923,53124500.00000037,30302719.05535096,0.9956982857862408,0.5704094919547619,60.79693678312847,0.9868055405108541,2.379068330773803
628,100,40,4,700,4,0.9337560388743834,137436991.51108015,57762833.33333317,30267885.722017564,0.9945537188506819,0.5240027882176425,58.14882814395499,0.9691471357325832,2.3221054051810803
629,100,40,4,700,4,0.9814772686229151,150880497.7868371,67941499.99999867,30341173.964621488,0.996961851843491,0.4465779231341975,52.96774677460807,0.8827957795768011,2.221535386707074
630,100,45,6,700,4,0.9669805130992261,134851453.62017688,55724166.666666724,30306340.631288197,0.9958172849079355,0.5438635056236193,59.26372898070298,0.9877288163450496,2.389800133943171
631,100,45,6,700,4,0.9953673044360257,157377644.84440434,73072999.99999775,30242219.05535079,0.9937103537402682,0.41386311025073175,50.781036963040776,0.8463506160506796,2.1728084086872905
632,100,45,6,700,4,0.9642806136590795,141215192.67774546,60688833.333332874,30247719.05535086,0.9938910748353583,0.4984066655098728,56.593060905545556,0.9432176817590926,2.3062236278260704
633,100,45,6,700,4,0.925499632155737,137728931.9222304,58133166.66666662,30175215.35166604,0.9915087205212039,0.519070559577282,58.02557159531757,0.9670928599219596,2.307848939739522
634,100,45,6,700,4,1.0,141957436.01107794,61257166.666666016,30247719.055350807,0.9938910748353567,0.49378253519209114,56.297156560198395,0.9382859426699732,2.333311970823646
635,100,45,6,700,4,0.9117573885893413,140253069.6201743,59860166.66666613,30306340.631288294,0.9958172849079387,0.5062856039150447,56.981284057760426,0.9496880676293404,2.2664739393507176
636,100,45,6,700,4,1.0,142625853.95350614,61676999.99999915,30306340.63128829,0.9958172849079386,0.49137183441621196,56.03331919474575,0.9338886532457625,2.326986120778732
637,100,45,6,700,4,1.0,130460008.67774948,52367333.333333775,30302719.05535096,0.9956982857862408,0.5786569054884859,61.25861925811014,0.9792414989728057,2.4421670233635946
638,100,45,6,700,4,1.0,141189472.84441087,60637499.9999992,30267885.722017627,0.9945537188506841,0.49916117455399756,56.603370201735004,0.94338950336225,2.342718443005448
639,100,45,6,700,4,1.0,151252180.4535036,68227499.99999864,30341173.964621488,0.996961851843491,0.4447059318401244,52.83758538910292,0.8806264231517154,2.2363911686238147
640,100,45,2,700,4,0.9669805130992261,134860793.34441456,55737000.00000005,30302719.05535093,0.9956982857862398,0.5436733059789889,59.25962469752141,0.9876604116253568,2.389579569507774
641,100,45,2,700,4,0.9953673044360257,157392010.844404,73083999.99999769,30242219.055350795,0.9937103537402684,0.41380081899392146,50.776401909628085,0.846273365160468,2.172681324791631
642,100,45,2,700,4,0.9642806136590795,141263079.34441194,60725499.999999486,30247719.05535086,0.9938910748353583,0.49810572256055713,56.573876465734415,0.9428979410955736,2.3056631328030988
643,100,45,2,700,4,0.925499632155737,137001054.58889726,57575833.33333334,30175215.351666037,0.9915087205212036,0.5240951559826784,58.333857531105934,0.9722309588517656,2.3170067157936454
644,100,45,2,700,4,1.0,141844902.34441105,61170999.999999255,30247719.055350874,0.9938910748353588,0.49447808692601464,56.34182031156294,0.939030338526049,2.3346128080668604
645,100,45,2,700,4,0.9117573885893413,140193211.28684092,59814333.33333278,30306340.631288264,0.9958172849079377,0.5066735503411425,57.00561337202311,0.9500935562003853,2.2671897850626404
646,100,45,2,700,4,1.0,141629811.28683996,60914333.33333257,30306340.631288268,0.9958172849079379,0.4975239647694628,56.42738578401669,0.9404564297336115,2.338475601549182
647,100,45,2,700,4,1.0,130491135.01108271,52391166.666667074,30302719.055350956,0.9956982857862406,0.5783936679278133,61.244007106852514,0.9794800084294413,2.442194942771692
648,100,45,2,700,4,1.0,141191867.17774412,60639333.33333251,30267885.722017627,0.9945537188506841,0.4991460832136134,56.60241032112179,0.9433735053520298,2.3426903719229206
649,100,45,2,700,4,1.0,151268940.78683698,68240333.33333197,30341173.96462152,0.9969618518434921,0.44462230007603704,52.83173107731197,0.8805288512885329,2.2362266913493625
650,100,50,8,900,4,1.0,153450149.61820662,58378833.333333015,37692155.49936951,0.9632802692220027,0.6456476319791085,66.39159378695864,0.8989511688999217,2.4154692744832085
651,100,50,8,900,4,1.0,164012038.82376644,65383999.99999881,38381829.261642225,0.9809059294846143,0.5870217371473591,62.1161719167881,0.9653451898214466,2.434962579539334
652,100,50,8,900,4,0.9734975210046339,167286623.32376572,67968999.9999987,38332329.26164198,0.9796408818189927,0.5639678274160679,60.90026684490236,0.9851075584111495,2.4097793413486377
653,100,50,8,900,4,0.9974173158762305,154056078.1571027,57933333.33333292,38271829.26164226,0.9780947124499144,0.6606184567602279,66.13046445081334,0.9028720702634724,2.428784151547885
654,100,50,8,900,4,1.0,166271997.4714347,67096333.33333207,38393372.118809134,0.9812009247273118,0.5722126711168001,61.27189277166318,0.979024890011567,2.436795026905007
655,100,50,8,900,4,1.0,162070358.22593784,63779833.333332315,38456676.0497521,0.9828187528094063,0.6029598078246162,62.860353438581704,0.9534459348714336,2.4358137811311265
656,100,50,8,900,4,1.0,164511913.65710008,65671833.333332196,38442329.26164206,0.9824520988536954,0.5853701246091204,61.927429895654306,0.9683866577904695,2.4366827574777656
657,100,50,8,900,4,1.0,152326989.9904369,56428166.66666652,38387329.26164206,0.9810464903363452,0.6802866640769031,66.88112199052571,0.8916466416733421,2.4358759729348645
658,100,50,8,900,4,1.0,159320676.32376897,61869499.9999994,38332329.26164201,0.9796408818189933,0.6195674647708869,63.94524700169181,0.9363610715434713,2.4320150433601806
659,100,50,8,900,4,1.0,173724149.65709573,72662333.3333312,38482662.59497549,0.9834828784330881,0.5296095078373015,58.6435450690599,0.977392417817665,2.401080024087506
660,100,50,4,900,4,1.0,155045384.22594047,58400833.33333305,38456676.04975213,0.9828187528094071,0.6584953305418413,65.70850239020203,0.9092440795394375,2.4360403439729104
661,100,50,4,900,4,1.0,162417412.82376638,64162999.99999871,38381829.26164229,0.9809059294846159,0.5981925605355588,62.72603302119112,0.9555827800940451,2.434136828522492
662,100,50,4,900,4,0.9734975210046339,167296200.6570988,67976333.33333194,38332329.261642046,0.9796408818189942,0.5639069861811145,60.8967804408277,0.9851648014576638,2.4097879114071894
663,100,50,4,900,4,0.9974173158762305,153230033.15710315,57300833.33333305,38271829.26164227,0.9780947124499145,0.6679105177930942,66.48696596935855,0.8975233883742676,2.4292691184849735
664,100,50,4,900,4,1.0,165204124.8047686,66278666.66666549,38393372.118809246,0.9812009247273147,0.5792719444991339,61.667951765971466,0.9725836457838122,2.436001201383119
665,100,50,4,900,4,1.0,161373607.22593802,63246333.33333235,38456676.04975216,0.9828187528094079,0.6080459375734998,63.131760980816,0.9491428011029318,2.4355795511617315
666,100,50,4,900,4,1.0,160764781.9904343,62802666.66666566,38442329.26164226,0.9824520988537007,0.6121130089217477,63.37084449631628,0.9453682530724111,2.435058660209809
667,100,50,4,900,4,1.0,147137738.48123795,52831166.66666716,38147422.22933322,0.9749153018275167,0.7220628397252795,69.23988437744734,0.8572736730127057,2.4349239447929296
668,100,50,4,900,4,1.0,158844203.99043584,61504666.66666613,38332329.26164203,0.979640881818994,0.623242614570857,64.13705847657758,0.9333724379046775,2.431966529561363
669,100,50,4,900,4,1.0,172424026.65709662,71666833.33333142,38482662.59497547,0.9834828784330878,0.5369661362877273,59.08573298929329,0.9847622164882215,2.414335125518403
670,100,40,10,600,4,0.9654781777848725,126837858.89346758,56208166.66666667,26085973.5936883,0.9999999999999913,0.4640957914245255,54.35128013151163,0.9058546688585272,2.2426094797830203
671,100,40,10,600,4,1.0,138519811.22679496,65152999.9999986,26085973.5936882,0.9999999999999875,0.4003802371907474,49.76761041576181,0.8294601735960302,2.1497643633486283
672,100,40,10,600,4,0.9210307945883991,127393344.22680011,56633499.999999836,26085973.593688216,0.999999999999988,0.4606103029777127,54.11428706767344,0.9019047844612239,2.191423821431793
673,100,40,10,600,4,0.9096881715557187,126892928.5601339,56250333.333333224,26085973.59368822,0.9999999999999882,0.4637478935299039,54.32769247447121,0.9054615412411869,2.186148027620829
674,100,40,10,600,4,0.9603176978297397,138665865.5601287,65264833.333332025,26085973.593688246,0.9999999999999892,0.39969417313084027,49.71519106128314,0.8285865176880524,2.108659554022464
675,100,40,10,600,4,0.8882686948425756,132826086.5601312,60793333.33333266,26085973.593688335,0.9999999999999926,0.42909266795189094,51.90094941838954,0.8650158236398257,2.096558652843914
676,100,40,10,600,4,0.9646624731351587,133417421.91443032,61260833.33333308,26076593.581144392,0.9996404193038666,0.4256650156757771,51.67091299681584,0.8611818832802639,2.1663763689560445
677,100,40,10,600,4,0.9430688806363131,127776437.56013358,56926833.333333105,26085973.59368832,0.9999999999999919,0.4582368641681297,53.95204414550743,0.8992007357584572,2.2088591077292743
678,100,40,10,600,4,0.9431731856903132,125492243.5601338,55177833.333333224,26085973.593688313,0.9999999999999918,0.47276183238477465,54.93407245282538,0.9155678742137564,2.2369505258118894
679,100,40,10,600,4,0.9206681585136653,144776204.22679335,69943499.99999839,26085973.593688246,0.9999999999999892,0.37295779584505845,47.61694117357017,0.7936156862261695,2.012650081415882
680,100,30,2,800,4,0.8709494083421186,135855110.25076184,50050000.00000083,34410107.491829865,0.9893278671843987,0.6875146352013844,66.90804625031782,0.8912466160029606,2.312207732506187
681,100,30,2,800,4,0.86272203156673,148405510.7507573,59817999.999999456,34309274.15849649,0.9864287996173623,0.5735610377895751,61.249747088341294,0.9793863096261407,2.300957171424531
682,100,30,2,800,4,0.8572512104707933,139558383.1921921,53450833.33333387,34049826.675869554,0.9789694034299306,0.6370307917095626,65.13259749851092,0.9180133998865715,2.284889243725015
683,100,30,2,800,4,0.766417095590131,131479444.03017178,47078166.66666776,34168793.735237606,0.9823898352649008,0.7257885375436628,69.13476146061342,0.8587769747075109,2.2058249003325723
684,100,30,2,800,4,0.8283234646358144,135344955.9174281,49745666.66666738,34355107.49183002,0.9877465576023841,0.6906150785360774,67.16024205250433,0.8875083337447365,2.2683238612094128
685,100,30,2,800,4,0.8339951364548911,141061649.58972615,54081500.000000134,34381508.34052023,0.9885056106025161,0.6357351097976229,64.43849215174662,0.9286950324010698,2.271278256694059
686,100,30,2,800,4,0.8470115436906849,134065407.5897285,48724500.00000096,34381508.34052016,0.9885056106025141,0.7056308087413823,67.80123346819572,0.8780773793929977,2.2895935700767884
687,100,30,2,800,4,0.8827516837257587,131759061.10419074,47443000.000001065,34072719.914196044,0.9796276088322784,0.7181822379317344,68.98804472211657,0.8608794935628599,2.318176967634006
688,100,30,2,800,4,0.798974965377302,134064444.08409469,48819833.333334066,34320274.158496514,0.9867450615337667,0.702998593300455,67.80172074780869,0.8780702482685284,2.2394440882861946
689,100,30,2,800,4,0.8413905048658112,145217755.75639302,57209166.666666806,34416341.67385332,0.9895071066711214,0.6015878866822608,62.594274044892984,0.9576835293358026,2.2803443435474224
690,100,45,6,400,4,0.9502736321986144,110115910.26231092,57047833.33333338,17390649.062459014,1.0000000000000002,0.3048432875766652,42.66231817735701,0.7110386362892834,1.9051868985492297
691,100,45,6,400,4,1.0,117418626.92897242,62639499.99999896,17390649.06245899,0.9999999999999988,0.27763071324738026,40.0089842886831,0.666816404811385,1.8889209754092895
692,100,45,6,400,4,0.9357959961664046,110218866.59564315,57126666.666666634,17390649.062459,0.9999999999999996,0.30442261166633816,42.62246696143852,0.7103744493573086,1.889708534856784
693,100,45,6,400,4,0.936649109160042,120461824.59564069,64969666.66666577,17390649.062458985,0.9999999999999987,0.267673361350054,38.998247085907124,0.6499707847651187,1.8007585830052038
694,100,45,6,400,4,0.9777285993709636,119800988.59563878,64463666.66666552,17390649.062458947,0.9999999999999964,0.2697744320437754,39.21336589179881,0.6535560981966468,1.8471042432026308
695,100,45,6,400,4,0.8973641448457822,112292359.2623081,58714333.33333287,17390649.06245898,0.9999999999999986,0.2961908630338836,41.8354376990711,0.6972572949845184,1.8315741302574076
696,100,45,6,400,4,0.9605054542754917,115665165.55984877,61299333.33333252,17389085.518067457,0.999910092809881,0.2836749532578008,40.61551269357075,0.6769252115595125,1.864370628441245
697,100,45,6,400,4,1.0,101996725.92897992,50831000.000000685,17390649.06245902,1.0000000000000009,0.34212683328006116,46.05834115960808,0.7676390193268012,2.04134048595085
698,100,45,6,400,4,0.9830858158636822,117313276.26230724,62558833.33333259,17390649.062458962,0.9999999999999973,0.2779887049650729,40.0449134972237,0.6674152249537284,1.8728920047894688
699,100,45,6,400,4,0.9905278503852715,126763709.92897107,69794999.99999811,17390649.062458985,0.9999999999999987,0.24916754871351038,37.059502302609296,0.6176583717101549,1.8075202610662346
700,100,20,4,700,4,0.7631449445109477,109569293.09094262,39194833.33333421,28498620.835011974,0.936418539236093,0.7271014674981312,72.93831852476038,0.8060265133193798,2.1508526318288324
701,100,20,4,700,4,0.6794082395815904,126018650.51108372,49054500.00000082,30242219.055350848,0.9937103537402701,0.6165024422907245,63.41759705875518,0.9446319001915436,2.1172420936057135
702,100,20,4,700,4,0.7241307638026779,122823907.6777514,46599666.666667804,30247719.055350877,0.993891074835359,0.6490973266335984,65.06713677411888,0.9190155101470026,2.1624241352565594
703,100,20,4,700,4,0.613616895685017,114559575.08972728,41297666.66666775,29593780.26178146,0.9724037048545713,0.7165969085044519,69.76108277060672,0.8498590958362847,2.036753518324863
704,100,20,4,700,4,0.7026778899453724,115622745.17613776,41959500.00000095,29690810.887978528,0.975591974131553,0.7076064035076169,69.11961818434102,0.8589937470114571,2.127756759762923
705,100,20,4,700,4,0.6475393355853797,116002850.95351282,41284833.333334304,30306340.631288376,0.9958172849079414,0.7340792776513004,68.89313438686648,0.8622423438725791,2.097045101578999
706,100,20,4,700,4,0.8047895916474155,105104158.52465215,38219500.0000008,26941105.347966053,0.885241102066035,0.7049047043515874,76.03695336303487,0.7654567564682592,2.1341701115969447
707,100,20,4,700,4,0.7299831338926571,111829993.73217401,39919000.00000099,29140367.52830847,0.9575052965418364,0.7299874127184486,71.46383303159143,0.8260798132984575,2.1400528773658736
708,100,20,4,700,4,0.9133828846707083,87500658.23299985,30097833.333333556,23526462.29038488,0.7730414597568711,0.7816663089940484,91.33417006668856,0.5931925856040735,2.1319085174700203
709,100,20,4,700,4,0.614454804655559,119981498.60099797,46291666.66666788,29056815.65039551,0.954759917110367,0.6276899870472312,66.60860293616575,0.8957056977732292,2.012312492066573
710,100,45,8,800,4,1.0,137766718.2408006,52789000.00000019,33599943.50453881,0.9660347748914853,0.6364951695341584,65.97965108025628,0.9051443444798764,2.414340480107203
711,100,45,8,800,4,0.9869263328289146,164456410.08408496,72112333.33333151,34309274.15849648,0.9864287996173619,0.47577539891693066,55.27178901298207,0.9211964835497012,2.2887431355121604
712,100,45,8,800,4,0.9834484934250367,143469376.25075877,56033999.999999784,34314774.15849655,0.986586930575566,0.6123920148212993,63.35707478167785,0.9455852354875589,2.418947340769635
713,100,45,8,800,4,0.9695519077904216,143517642.41742566,56252166.6666665,34199274.15849666,0.9832661804533289,0.6079636782908528,63.335767274953035,0.9459210961830468,2.4018439466061507
714,100,45,8,800,4,1.0,148649293.52490813,60100333.33333236,34250980.083737746,0.9847527818175268,0.5698966741793717,61.14929835490194,0.9810273181255685,2.436944657469066
715,100,45,8,800,4,0.9637589393819087,151639102.92305493,62184833.33333226,34381508.34052025,0.9885056106025167,0.5528921844370548,59.94364134831612,0.999060689138602,2.4051333760701548
716,100,45,8,800,4,1.0,149862507.5897225,60824499.99999919,34381508.34052014,0.9885056106025136,0.5652575580649344,60.65426333906729,0.9891548483539324,2.44136089480588
717,100,45,8,800,4,0.9807137329945653,139869510.77291846,53881666.66666688,33929748.221694,0.9755170177902603,0.6297085877390677,64.98771569135971,0.9202328024063131,2.4047134055921324
718,100,45,8,800,4,1.0,147574955.75075796,59168999.9999996,34320274.158496484,0.9867450615337658,0.5800380969510506,61.59446197193465,0.9737756251509828,2.437806102711823
719,100,45,8,800,4,1.0,169663187.7563812,75931166.6666641,34416341.67385339,0.9895071066711232,0.4532571167375876,53.57555825870732,0.8929259709784553,2.2555316643685255
720,100,40,2,800,4,0.9463440774407368,138326982.53017044,51993333.33333393,34379627.06857107,0.9884515219959781,0.6612314476581101,65.71241440922365,0.9091847984697898,2.384514034037015
721,100,40,2,800,4,0.9434155753007447,157148343.75075215,66515166.66666487,34309274.15849663,0.9864287996173663,0.5158112935420376,57.84216227195518,0.9640360378659197,2.3201006480002944
722,100,40,2,800,4,0.9286135211931628,146401873.5840913,58277999.99999956,34314774.1584965,0.9865869305755643,0.5888118013400727,62.088003230224636,0.9657985046584437,2.365461466923665
723,100,40,2,800,4,0.9222141267264385,144190681.442772,56767333.3333332,34198492.326064266,0.9832437019239311,0.602432601955309,63.040134834286505,0.9505933466764024,2.354753554967088
724,100,40,2,800,4,0.9871311696611176,146774230.91742456,58499833.33333285,34355107.49182992,0.9877465576023811,0.5872684678616783,61.9304897268645,0.9683372740543786,2.425283218004839
725,100,40,2,800,4,0.8938573794165464,149452515.58972308,60509166.66666598,34381508.34052019,0.988505610602515,0.5682033026486992,60.820655738932565,0.9864155176570135,2.334835539192519
726,100,40,2,800,4,0.9568730574676307,144266389.58972496,56538166.66666642,34381508.34052028,0.9885056106025174,0.6081114823411989,63.007052618771574,0.9511176200968696,2.3944798634374598
727,100,40,2,800,4,0.9488538076487564,145961934.0840914,57909499.99999962,34334940.82516325,0.987166744088974,0.5929068775445044,62.275140823793116,0.962790910578668,2.3859702202630277
728,100,40,2,800,4,0.9529110659582499,148477058.41742417,59858333.333332844,34320274.158496566,0.9867450615337682,0.5733583320367007,61.22023224924887,0.9798682019635123,2.391465933551123
729,100,40,2,800,4,0.9685094381019762,160659933.42305118,69035999.99999815,34416341.67385337,0.9895071066711226,0.4985274592075771,56.57788974718829,0.9429648291198048,2.3102962345878426
730,100,50,6,800,4,1.0,143486502.42305923,55889166.66666667,34416341.67385344,0.9895071066711247,0.6157962933875695,63.34951264753394,0.9457044203714228,2.438341455081478
731,100,50,6,800,4,1.0,161320394.41741702,69712499.99999782,34309274.158496596,0.9864287996173653,0.4921538340828068,56.34625450071808,0.9391042416786347,2.3328273089448803
732,100,50,6,800,4,1.0,145110055.58409142,57291666.666666225,34314774.15849655,0.986586930575566,0.5989487853119445,62.64073129468586,0.9569422939550639,2.4361013222046197
733,100,50,6,800,4,1.0,146163941.75075784,58279833.33333287,34199274.15849666,0.9832661804533287,0.5868114612286743,62.18907270235048,0.9641729950370426,2.433622164019982
734,100,50,6,800,4,1.0,148616595.25075674,59913333.333332576,34355107.49182994,0.9877465576023815,0.5734133886474413,61.16275227987176,0.9808073649879083,2.4395380759058614
735,100,50,6,800,4,1.0,157297473.58972,66518833.33333192,34381508.340520196,0.9885056106025151,0.5168687816310807,57.78732355046581,0.9631220591744302,2.3766170844792947
736,100,50,6,800,4,1.0,148450411.92305684,59744666.66666607,34381508.34052013,0.9885056106025132,0.5754741010163329,61.23122113471348,0.9796887574057815,2.4400680382188478
737,100,50,6,800,4,1.0,145752354.75075844,57751833.33333304,34334940.82516314,0.9871667440889709,0.5945255560457818,62.364687112903745,0.9613550764048336,2.436975521241459
738,100,50,6,800,4,1.0,152512632.08408952,62951166.666665845,34320274.15849653,0.9867450615337673,0.5451888499577235,59.600309009080895,0.9933384834846816,2.4294895634508604
739,100,50,6,800,4,1.0,169697269.42304808,75958666.66666414,34416341.67385339,0.9895071066711232,0.45309301998263796,53.56479824869494,0.892746637478249,2.2552210534643593
740,100,35,8,900,4,0.9233917320883159,129170426.8048115,47639166.66666784,32685216.43312562,0.8353203383607853,0.686099667985897,78.8709943290248,0.7301417598256774,2.2024132263027107
741,100,35,8,900,4,0.9471851485183442,160986312.8237677,63062999.9999991,38381829.26164221,0.980905929484614,0.6086267583470936,63.283640834439275,0.9467432449245796,2.3808298001205985
742,100,35,8,900,4,0.8860915911265806,160111517.65710038,62470833.333332196,38332329.261642255,0.9796408818189997,0.6136036165406729,63.629401239069495,0.9413031625641599,2.3182776469232786
743,100,35,8,900,4,0.8564158623504625,141243033.16224506,50829166.666667074,36543911.5807276,0.9339351522758411,0.7189555520431637,72.12957532777799,0.8169645391507956,2.248544843135789
744,100,35,8,900,4,0.9839236958993547,161458529.9904343,63352666.66666576,38427662.59497535,0.9820772699157344,0.6065674046076867,63.09855540369148,0.9496682270565248,2.4188458466420286
745,100,35,8,900,4,0.8728680976462633,149651662.55927452,54266666.66666672,38456676.0497522,0.9828187528094088,0.7086611065679146,68.07675789077707,0.8740544272597549,2.31385141016035
746,100,35,8,900,4,0.9534927390964341,148404236.3021901,53636000.00000032,38249855.361407116,0.9775331360620976,0.7131377314006804,68.64898370727745,0.8657581097303256,2.389761033947304
747,100,35,8,900,4,0.9456870520695374,138708425.2609333,51133500.000000484,35112936.844443835,0.8973644199588643,0.686691441900975,73.44759325783619,0.7992139840048795,2.294254189595197
748,100,35,8,900,4,0.9653252741095234,141374009.70793644,49694333.333333924,37331158.47141808,0.9540544419996988,0.7512156008012512,72.06275057945166,0.8178749368611755,2.3841726916117
749,100,35,8,900,4,0.8950961527717373,162679692.61827186,65860666.66666503,37425083.106366694,0.9564548286701133,0.5682463449054208,62.624903182634405,0.9571947704197394,2.3068879991158133
750,100,50,10,700,4,1.0,138687736.62017515,58662999.9999997,30306340.631288208,0.9958172849079359,0.5166176402722049,57.62441723226896,0.9604069538711494,2.3737010660889135
751,100,50,10,700,4,1.0,152843338.511074,69602499.99999839,30242219.055350818,0.9937103537402691,0.43449903459432515,52.287525762341076,0.8714587627056846,2.2190579903811445
752,100,50,10,700,4,1.0,139123106.34441397,59088333.333333366,30247719.05535079,0.9938910748353561,0.5119067902070478,57.44408826105028,0.9574014710175047,2.366926903183143
753,100,50,10,700,4,0.9503941699552014,140118615.51107806,59922499.99999932,30201885.72201757,0.9923850657096273,0.5040157824192567,57.03596178744824,0.9505993631241373,2.3042061590147442
754,100,50,10,700,4,1.0,143547834.3444097,62476333.33333235,30247719.055350844,0.9938910748353578,0.48414683515386603,55.6734278611653,0.927890464352755,2.3152079324758477
755,100,50,10,700,4,0.9822328491902326,143751751.62017223,62540499.99999902,30306340.63128834,0.9958172849079403,0.4845874374411592,55.59445300615409,0.9265742167692348,2.2964770159123944
756,100,50,10,700,4,1.0,142643175.28683925,61691666.66666575,30306340.63128824,0.9958172849079371,0.49125501496077845,56.02651500101142,0.933775250016857,2.3267792619854797
757,100,50,10,700,4,1.0,130448598.01108213,52360000.000000246,30302719.055350915,0.9956982857862393,0.5787379498730094,61.2639777034711,0.9791540493433571,2.442144409241765
758,100,50,10,700,4,1.0,142178893.51107773,61396499.99999924,30267885.72201752,0.9945537188506806,0.4929904102354026,56.209468245561546,0.936824470759359,2.3312167989476813
759,100,50,10,700,4,1.0,151200066.12017015,68188999.9999986,30341173.964621488,0.996961851843491,0.4449570160087713,52.855796991836705,0.8809299498639451,2.236895562670962
760,100,45,8,900,4,0.9948996738640976,151261167.95154113,56701333.33333341,37692155.49936941,0.9632802692220003,0.66474901529716,67.35238222716765,0.8846707794667598,2.4113696655685857
761,100,45,8,900,4,1.0,164013872.15709978,65383999.99999881,38381829.261642225,0.9809059294846143,0.5870217371473591,62.11547758741817,0.965356361011374,2.4349737507292613
762,100,45,8,900,4,0.9297700966751891,164312300.32376537,65690166.666665144,38332329.26164224,0.9796408818189993,0.5835322272228943,62.002661881829205,0.9671731911844621,2.363769069637967
763,100,45,8,900,4,0.9354433006926232,154742690.82376987,58457666.666666396,38271829.261642106,0.9780947124499103,0.6546930701129983,65.83703531175162,0.9072983677179838,2.3664961245010057
764,100,45,8,900,4,1.0,166273830.80476806,67096333.33333207,38393372.118809134,0.9812009247273118,0.5722126711168001,61.271217188482886,0.9790359136194413,2.4368060505128817
765,100,45,8,900,4,0.9543701254368033,151468827.60316736,56671999.99999958,37812198.92785247,0.9663481613225043,0.6672113023689431,67.26004393914621,0.8860333107335181,2.374172478065476
766,100,45,8,900,4,1.0,156113600.13810575,59293666.66666649,38408038.78547587,0.9815757536652738,0.6477595491167014,65.25888834148577,0.9160831539335552,2.4342907932269164
767,100,45,8,900,4,0.9898530282398355,148843768.78492063,54822166.66666661,37710111.81954836,0.9637391702507966,0.6878624854219261,68.44626471882326,0.8686881502042423,2.408831166781619
768,100,45,8,900,4,0.9914452833799411,161896417.99043444,63840333.33333245,38332329.26164208,0.9796408818189953,0.6004406189656897,62.927890106882664,0.9523733292889731,2.424171107841466
769,100,45,8,900,4,1.0,173725982.99042904,72662333.3333312,38482662.59497549,0.9834828784330881,0.5296095078373015,58.64292620270434,0.9773821033784056,2.4010697096482465
770,100,50,6,700,4,1.0,138484218.28684187,58507166.666666366,30306340.631288197,0.9958172849079355,0.5179936468971895,57.709102877315686,0.9618183812885948,2.3762132988063467
771,100,50,6,700,4,1.0,151715607.51107323,68738999.99999821,30242219.055350915,0.9937103537402723,0.43995721577782193,52.67618889781465,0.8779364816302441,2.2299022542525018
772,100,50,6,700,4,1.0,138323399.0110805,58475999.99999995,30247719.055350833,0.9938910748353574,0.5172672387877225,57.77619735443177,0.9629366225738629,2.376750413604041
773,100,50,6,700,4,0.9503941699552014,140188051.17774504,59975666.666666046,30201885.722017583,0.9923850657096276,0.5035689872340098,57.00771166201007,0.9501285277001678,2.303377887442577
774,100,50,6,700,4,1.0,142614044.34441102,61761333.33333262,30247719.055350803,0.9938910748353564,0.48975171718040117,56.037959211786394,0.9339659868631066,2.3257673606074274
775,100,50,6,700,4,0.9822328491902326,143394995.9535053,62267333.33333227,30306340.631288346,0.9958172849079404,0.48671332155901215,55.73276770823494,0.9288794618039157,2.300482968241358
776,100,50,6,700,4,1.0,142624020.6201728,61676999.99999915,30306340.63128829,0.9958172849079386,0.49137183441621196,56.03403946438484,0.9339006577397473,2.326998125272717
777,100,50,6,700,4,1.0,130458175.34441616,52367333.333333775,30302719.05535096,0.9956982857862408,0.5786569054884859,61.25948012764432,0.9792274490873807,2.4421529734781693
778,100,50,6,700,4,1.0,141455804.84441173,60842833.33333278,30267885.722017545,0.9945537188506813,0.4974765977151704,56.49679777221047,0.9416132962035079,2.3395945743756443
779,100,50,6,700,4,1.0,151250347.12017027,68227499.99999864,30341173.964621488,0.996961851843491,0.4447059318401244,52.83822584321354,0.8806370973868923,2.236401842858992
780,100,35,2,800,4,0.9431058695660466,134804558.91742924,49247000.00000109,34410107.49182974,0.9893278671843951,0.698724947546632,67.42947028644411,0.8835348834317255,2.385620711035078
781,100,35,2,800,4,0.910482625656306,156712014.08408746,66179666.66666542,34309274.158496484,0.9864287996173622,0.5184262158844932,58.00321087777391,0.9667201812962318,2.2919437796601323
782,100,35,2,800,4,0.918090091218667,144823446.91742533,57067999.99999973,34314774.1584966,0.9865869305755675,0.6012962458557645,62.76469862772134,0.9549671753417394,2.354094263245018
783,100,35,2,800,4,0.8294933388390611,136472391.75076047,50854833.33333376,34199274.15849655,0.9832661804533256,0.6724881769709782,66.60541288527207,0.8957533214852627,2.2632372019011067
784,100,35,2,800,4,0.8748608308213264,139238702.91742706,52728500.00000035,34355107.49182988,0.9877465576023798,0.6515472181425539,65.28213642862313,0.9157282696747013,2.311826875010071
785,100,35,2,800,4,0.8103112208430612,142237828.25639293,54983500.000000186,34381508.34052018,0.9885056106025146,0.6253059252415737,63.905643888312504,0.9369793224545381,2.2475352834908584
786,100,35,2,800,4,0.9518499125004841,136096161.53580415,50328666.66666749,34351027.9172613,0.9876292654140917,0.6825340346242844,66.78953981820169,0.8930086631561207,2.3908858033560323
787,100,35,2,800,4,0.9397237493029911,138847808.75076124,52460833.333333954,34334940.82516306,0.9871667440889684,0.65448714104483,65.46592331404125,0.9129275805044796,2.3762410426433345
788,100,35,2,800,4,0.8760837235070063,139962248.08409312,53337166.666666865,34320274.15849647,0.9867450615337654,0.6434588918639536,64.94465560840807,0.9208934611248915,2.3117442981230605
789,100,35,2,800,4,0.9299837935475497,152525822.08972204,62806333.333332375,34416341.67385354,0.9895071066711276,0.5479756554358223,59.59515494139085,0.9932525823565143,2.361616900252722
790,100,45,6,800,4,1.0,138431527.81630123,52448000.000000276,34141747.10409986,0.9816122153198197,0.650963756560778,65.66278754116023,0.9099371094511981,2.4307081146998204
791,100,45,6,800,4,0.9869263328289146,163163470.08408377,71122333.33333124,34309274.15849649,0.9864287996173623,0.48239803941327625,55.70977373376352,0.9284962288960587,2.3013409932555944
792,100,45,6,800,4,0.9834484934250367,143452615.91742536,56021166.666666426,34314774.15849655,0.986586930575566,0.6125323016329548,63.36447712624703,0.9454685835546451,2.418942918286046
793,100,45,6,800,4,0.9695519077904216,143532008.41742557,56263166.66666648,34199274.15849666,0.9832661804533289,0.6078448154386993,63.329428050394704,0.9460210415668084,2.4018488017081894
794,100,45,6,800,4,1.0,148618428.58409005,59913333.333332576,34355107.49182994,0.9877465576023815,0.5734133886474413,61.16199778587273,0.9808196986199735,2.439550409537927
795,100,45,6,800,4,0.9637589393819087,151303896.2563884,61928166.66666563,34381508.340520255,0.9885056106025168,0.5551836941271339,60.07644366670569,0.9987267501595237,2.4066326448431394
796,100,45,6,800,4,1.0,148452245.25639018,59744666.66666607,34381508.34052013,0.9885056106025132,0.5754741010163329,61.230464950537524,0.9797011045691827,2.440080385382249
797,100,45,6,800,4,0.9807137329945653,139882342.3048056,53463666.66666708,34202437.109876804,0.9833571187319629,0.6397323498801654,64.98175431029884,0.9203242379219185,2.412823850820616
798,100,45,6,800,4,1.0,147565378.41742462,59161666.66666626,34320274.15849647,0.9867450615337655,0.5801099950727674,61.59845959454857,0.9737107475213093,2.437798743579523
799,100,45,6,800,4,1.0,169699102.7563814,75958666.66666414,34416341.67385339,0.9895071066711232,0.45309301998263796,53.56421956484496,0.892736992747416,2.255211408733526
800,100,50,8,800,4,1.0,143467347.7563925,55874499.99999999,34416341.67385343,0.9895071066711243,0.6159579356209618,63.35797059156956,0.9455711178494918,2.4383374663462614
801,100,50,8,800,4,1.0,162258973.08408403,70431166.66666457,34309274.158496596,0.9864287996173653,0.48713198690680426,56.020322495752424,0.9336720415958737,2.323377631121317
802,100,50,8,800,4,1.0,145126815.91742477,57304499.99999956,34314774.15849655,0.986586930575566,0.5988146508301585,62.63349707315273,0.9570576797867945,2.4361094004509214
803,100,50,8,800,4,1.0,146149575.75075796,58268833.33333289,34199274.15849666,0.9832661804533287,0.5869222395934406,62.19518567403613,0.9640747673373415,2.433612559012094
804,100,50,8,800,4,1.0,148647460.1915748,60100333.33333236,34250980.083737746,0.9847527818175268,0.5698966741793717,61.15005253561137,0.9810149870050885,2.436932326348586
805,100,50,8,800,4,1.0,157290290.58972007,66513333.333331935,34381508.34052019,0.988505610602515,0.516911521607511,57.78996253309787,0.9631660422182978,2.3766952595043067
806,100,50,8,800,4,1.0,149860674.2563892,60824499.99999919,34381508.34052014,0.9885056106025136,0.5652575580649344,60.65500535816829,0.9891426155663853,2.4413486620183327
807,100,50,8,800,4,1.0,146298262.75075796,58169833.333332926,34334940.82516309,0.9871667440889692,0.590253381480607,62.131974974206635,0.9650909665444006,2.4372936717288862
808,100,50,8,800,4,1.0,152462351.08409002,62912666.66666596,34320274.158496514,0.9867450615337667,0.5455224834187641,59.61996476747598,0.993666079457933,2.4300840661929444
809,100,50,8,800,4,1.0,169661354.42304787,75931166.6666641,34416341.67385339,0.9895071066711232,0.4532571167375876,53.57613718758091,0.8929356197930152,2.2555413131830853
810,100,45,4,900,4,0.9948996738640976,152856402.55927503,56723333.33333346,38456676.04975204,0.9828187528094049,0.6779692551522353,66.64948166662073,0.8950956504167349,2.4323707284026206
811,100,45,4,900,4,1.0,162419246.15709972,64162999.99999871,38381829.26164229,0.9809059294846159,0.5981925605355588,62.72532499101658,0.955594056517955,2.434148104946402
812,100,45,4,900,4,0.9297700966751891,163960333.32376546,65420666.66666516,38332329.26164232,0.9796408818190014,0.5859360843409811,62.13576048227828,0.9650300791377735,2.3635490432857473
813,100,45,4,900,4,0.9354433006926232,153703550.15710342,57661999.99999981,38271829.26164217,0.9780947124499122,0.663727051813019,66.28213850354692,0.9005925815381828,2.367017523681221
814,100,45,4,900,4,1.0,165205958.1381019,66278666.66666549,38393372.118809246,0.9812009247273147,0.5792719444991339,61.66726742072845,0.9725947388969318,2.436012294496239
815,100,45,4,900,4,0.9543701254368033,152486067.60173586,56803999.99999961,38224521.03549939,0.9768856788934204,0.6729195309397163,66.81134978579529,0.8926841139796823,2.3853898641682587
816,100,45,4,900,4,1.0,154135880.80477268,57779333.333333276,38408038.78547609,0.9815757536652794,0.6647366206857607,66.09622591967272,0.9033874341852466,2.435176730733855
817,100,45,4,900,4,0.9898530282398355,140599485.35897157,50662333.33333399,36337959.016904265,0.9286717217689278,0.7172579039701512,72.4597246852577,0.8124815456457062,2.3761408970616626
818,100,45,4,900,4,0.9914452833799411,161419945.65710115,63475499.99999913,38332329.26164211,0.9796408818189961,0.6038917261249245,63.11363789975245,0.9494295342702433,2.423988198550124
819,100,45,4,900,4,1.0,172425859.99042997,71666833.33333142,38482662.59497547,0.9834828784330878,0.5369661362877273,59.085104754968,0.9847517459161333,2.414324654946315
820,100,35,8,800,4,0.9431058695660466,133461164.556339,50187500.00000099,33155013.611356083,0.9532425584657281,0.6606229362162974,68.10820233898717,0.873596477950418,2.3452006964895027
821,100,35,8,800,4,0.910482625656306,156621029.41742074,66109999.99999875,34309274.158496484,0.9864287996173622,0.5189725330282429,58.03690624312136,0.9672817707186893,2.2929424227975894
822,100,35,8,800,4,0.918090091218667,145422030.2507573,57526333.33333267,34314774.15849665,0.9865869305755687,0.596505498788909,62.506347795626816,0.9590879834996618,2.3543824737494563
823,100,35,8,800,4,0.8294933388390611,136489152.0840939,50867666.666667104,34199274.15849657,0.9832661804533263,0.6723185158580686,66.59723400142144,0.895875434180874,2.26322358570639
824,100,35,8,800,4,0.9308530007716895,142301671.05294693,55527999.99999986,34065610.730249375,0.9794232120923657,0.6134852818442851,63.876973002080284,0.9374271632385518,2.359068389485669
825,100,35,8,800,4,0.8080931458881825,143305700.92305854,55801166.6666665,34381508.34052012,0.988505610602513,0.6161431811256077,63.4294374993522,0.9444455042855578,2.2454531950742265
826,100,35,8,800,4,0.9518499125004841,138603028.53580272,52248166.666667044,34351027.91726135,0.9876292654140929,0.6574590097373962,65.58153956680681,0.9111701198749789,2.38898724016538
827,100,35,8,800,4,0.9397237493029911,137120856.35155535,52514000.00000049,33458226.298139017,0.9619602516839036,0.6371296472966962,66.29042613834942,0.9004681937553577,2.349895660895706
828,100,35,8,800,4,0.9769931516364819,139229582.0840938,52776166.66666706,34320274.15849639,0.9867450615337632,0.6502987300169483,65.28641301609177,0.9156630021333692,2.4128951377834094
829,100,35,8,800,4,0.9299837935475497,154675933.42305487,64452666.66666567,34416341.67385342,0.9895071066711241,0.5339785528478876,58.766737648438465,0.9794456274739745,2.336612263299834
830,100,25,2,700,4,0.7688835290173762,115414299.98665893,42221666.66666791,29422874.566449355,0.9667880204150842,0.6968667248201592,69.24445238522259,0.8572084082837549,2.1835853171572586
831,100,25,2,700,4,0.800455718862554,132874187.84441543,54305166.66666691,30242219.055350818,0.9937103537402691,0.5568939552470578,60.14561691513577,0.9975759940730806,2.243546877133281
832,100,25,2,700,4,0.749527763757262,125554008.67775157,48691500.000001155,30247719.055350892,0.9938910748353594,0.6212114856874439,63.652288637886905,0.9409441646914138,2.187441116998631
833,100,25,2,700,4,0.6948772732747942,114268706.29450394,41783500.000000775,29143056.105987355,0.9575936388513558,0.6974776192991686,69.93865826574417,0.847347578373493,2.100206947087622
834,100,25,2,700,4,0.7567513667158766,125363620.67775102,48609000.000000976,30207385.72201757,0.9925657868047152,0.6214360657906348,63.748956489881834,0.9394294010728212,2.193329620421206
835,100,25,2,700,4,0.728716861915683,124821741.62018028,48038833.33333442,30306340.63128831,0.9958172849079393,0.6308717037526089,64.02570494744597,0.9351062849061174,2.168520509823887
836,100,25,2,700,4,0.8201335488862029,123944597.80754551,47371500.00000126,30303604.42860303,0.9957273777178182,0.6397011795827074,64.47880860777197,0.9280712138019211,2.25996570635429
837,100,25,2,700,4,0.796149613977259,118040992.3163324,44566500.00000131,29210253.77403327,0.9598016454252853,0.6554307332645016,67.70359892081522,0.8795073873539874,2.2000015879428476
838,100,25,2,700,4,0.7836091731653697,116964085.05188106,43259333.33333436,29517844.01425613,0.9699085627073633,0.6823462531612932,68.32695691549355,0.8704172233167953,2.1999033990111996
839,100,25,2,700,4,0.6882605116400727,131415279.12017807,53032833.33333369,30341173.964621495,0.9969618518434913,0.5721205535807307,60.813324398082905,0.9865360541606374,2.1324930086652945
840,100,25,8,900,4,0.8984030333146719,105710672.97213936,37218500.00000058,27876026.6660829,0.7124141911224269,0.7489830773965223,96.37437463561557,0.5453979445605596,2.0429874397924492
841,100,25,8,900,4,0.8940894482450589,143183677.08590388,51177500.00000073,37267217.546397574,0.9524203345666791,0.7281953504254223,71.15196513557736,0.8303847880230979,2.307030516608495
842,100,25,8,900,4,0.9117342331082681,120617635.70142664,40879666.666667245,32817695.315483004,0.8387060373682508,0.8027877424509953,84.46360219842629,0.6651606401870879,2.219125067256152
843,100,25,8,900,4,0.9896764301553393,94499019.62387528,34178833.333333805,24341693.488143783,0.6220889398848742,0.712186201639712,107.80852585084429,0.45076516921786725,2.0101905606849764
844,100,25,8,900,4,0.793557473687554,129305969.24546191,46304500.00000123,33600272.773120955,0.8587059926399296,0.7256373089682441,78.7883193594912,0.7311485274161977,2.1052158482783474
845,100,25,8,900,4,0.9500114555635414,122849374.41948292,42575500.00000102,32825982.472497165,0.8389178282497731,0.7710063880047534,82.92919722336248,0.6823904435657782,2.2492070095331225
846,100,25,8,900,4,0.9690743219444503,117880415.60803129,40421333.333333984,31773948.72687282,0.8120315083699614,0.7860687935464518,86.42487344018065,0.6437694863935983,2.24169884317521
847,100,25,8,900,4,0.9617223548387343,108102075.6080309,39359833.33333389,27678282.06020602,0.7073605274445969,0.7032113633663496,94.24240878537904,0.5651258591475979,2.089417304679412
848,100,25,8,900,4,1.0,118067763.06553267,40331500.00000051,31922640.669691555,0.815831556757005,0.7915064073910257,86.28773625824802,0.6452425814394688,2.2784477073522895
849,100,25,8,900,4,0.9469165058819271,138132139.207659,51481833.33333389,34607872.88481732,0.8844567435323596,0.6722346630652938,73.75401596209493,0.7951427669604354,2.2798470032945977
850,100,35,6,900,4,0.9233917320883159,131471841.30481154,47661166.66666787,33794383.09979238,0.8636667767940213,0.7090548860489119,77.49035762251206,0.7471375603695123,2.2377732012969576
851,100,35,6,900,4,0.9679312297669137,155656526.82376987,58981999.99999968,38381829.26164209,0.9809059294846108,0.6507380092509969,65.45051600396013,0.9131620399116718,2.401683677079383
852,100,35,6,900,4,0.8860915911265806,159745184.6571006,62190333.33333223,38332329.26164234,0.9796408818190019,0.6163711819357192,63.775318310023046,0.9390167405850318,2.318205277260188
853,100,35,6,900,4,0.8564158623504625,142555918.51351365,50865833.33333379,37161285.26769777,0.9497130743266283,0.7305745887258461,71.46528959465294,0.8260597595861725,2.266935292917312
854,100,35,6,900,4,0.9044079234961585,156720144.32376853,59724499.999999255,38427662.594975516,0.9820772699157385,0.6434153922590561,65.00632094208004,0.919947493943731,2.3390877312471345
855,100,35,6,900,4,0.8728680976462633,149637296.55927458,54255666.666666724,38456676.049752206,0.982818752809409,0.7088047832131604,68.08329363237587,0.8739592225471299,2.3138711467639212
856,100,35,6,900,4,0.9605015495427749,147783523.50177306,53148333.33333376,38257751.83102615,0.9777349423339796,0.7198297562988965,68.93731965916871,0.8616076040732802,2.3979729586551723
857,100,35,6,900,4,0.975104475997644,138615700.7609338,51865000.0000006,34601436.84444368,0.8842922607475014,0.667144256135029,73.49672471497716,0.7985598094193281,2.3073796903249955
858,100,35,6,900,4,0.8699962445791805,145936197.25298455,54068666.666666865,36769571.459078155,0.9397022331310011,0.6800532309361802,69.80995936422242,0.8491670741107951,2.2632059034389194
859,100,35,6,900,4,0.8950961527717373,163636652.28493908,65897333.33333182,37868749.773033395,0.9677934040434076,0.5746628559532141,62.25866795575891,0.9630552789947993,2.317881716529108
860,100,35,4,800,4,0.9431058695660466,134790995.08972883,49226833.33333438,34416341.673853286,0.9895071066711203,0.6991378348634901,67.43625561892338,0.8834349711156324,2.3858511085724707
861,100,35,4,800,4,0.910482625656306,156647367.0840874,66130166.66666541,34309274.158496484,0.9864287996173622,0.5188142702170286,58.0271482962152,0.9671191382702534,2.2926531801001824
862,100,35,4,800,4,0.918090091218667,145295130.58409137,57429166.66666621,34314774.15849665,0.9865869305755687,0.597514749912157,62.56094036640247,0.9582157290712804,2.354317620219673
863,100,35,4,800,4,0.8294933388390611,136505912.41742718,50880500.00000043,34199274.15849657,0.9832661804533263,0.672148940330702,66.58905712599406,0.8959975335310073,2.2632100246346303
864,100,35,4,800,4,0.8748608308213264,139183633.25076053,52686333.33333371,34355107.491829894,0.9877465576023803,0.6520686735680281,65.30796608551913,0.9153341387327523,2.311849908408501
865,100,35,4,800,4,0.8080931458881825,143312883.9230585,55806666.66666649,34381508.340520136,0.9885056106025133,0.6160824574218178,63.426258345900784,0.9444955478977591,2.245454659723396
866,100,35,4,800,4,0.9518499125004841,137089809.8691368,51089500.000000626,34351027.91726134,0.9876292654140927,0.6723696242331774,66.30543881180476,0.9002429146910453,2.3899885265780716
867,100,35,4,800,4,0.9397237493029911,138831048.41742802,52448000.00000065,34334940.825163096,0.9871667440889695,0.6546472854095995,65.47382666641968,0.9128073352847443,2.376248912915415
868,100,35,4,800,4,0.8760837235070063,140862517.4174267,54026500.00000028,34320274.15849639,0.9867450615337632,0.6352488900538849,64.52958648370331,0.9272861213106907,2.311568956860805
869,100,35,4,800,4,0.9299837935475497,152504273.08972195,62789833.33333233,34416341.67385351,0.9895071066711266,0.5481196532430259,59.60357579392055,0.9933929298986758,2.361872446040646
870,100,40,2,700,4,0.9298609930203293,133828696.75556503,54987166.666666895,30276048.6849994,0.9948219405978164,0.5506020862746629,59.71663920927837,0.9952773201546395,2.365619982194699
871,100,40,2,700,4,0.9675485601206809,149664936.17773992,67165999.9999982,30242219.055350903,0.993710353740272,0.4502608321971193,53.39794479656246,0.8899657466093743,2.217722972487751
872,100,40,2,700,4,0.9793014585456937,137218489.34441364,57627166.66666653,30247719.055350885,0.9938910748353591,0.5248864520845369,58.241422407303,0.9706903734550499,2.3699009936683733
873,100,40,2,700,4,0.8912803574292902,136605428.58889726,57271499.99999999,30175215.351666063,0.9915087205212045,0.5268801297620294,58.50279950477416,0.9750466584129026,2.287831119651816
874,100,40,2,700,4,0.9353999838073487,137663835.34441358,57968166.6666665,30247719.055350874,0.9938910748353588,0.5217987870702189,58.0530099281758,0.9675501654695966,2.3203891789331204
875,100,40,2,700,4,0.9129632603558012,144959767.95350477,63462666.66666549,30306340.631288297,0.995817284907939,0.4775459687263199,55.13115889205435,0.9188526482009058,2.213852683537763
876,100,40,2,700,4,0.9337499155671426,139941245.28684124,59619999.99999955,30306340.631288264,0.9958172849079377,0.508325069293668,57.10825270719149,0.9518042117865249,2.292214182788602
877,100,40,2,700,4,0.9359351966991396,131467462.01108253,53137333.33333369,30302719.055350967,0.995698285786241,0.5702717308988802,60.789185991331465,0.9869330241496469,2.379085605567891
878,100,40,2,700,4,0.9337560388743834,137434597.17774668,57760999.999999814,30267885.722017556,0.9945537188506817,0.5240194200588226,58.14984119074514,0.9691640198457524,2.322135594767194
879,100,40,2,700,4,0.9814772686229151,150902046.7868371,67957999.99999866,30341173.96462152,0.9969618518434921,0.4464694953445087,52.96018291447793,0.8826697152412989,2.221322580139821
880,100,50,10,800,4,1.0,143393123.42305908,55817666.66666664,34416341.67385343,0.9895071066711243,0.6165851016199191,63.39076646780307,0.9450544118550557,2.438322493150991
881,100,50,10,800,4,1.0,162254184.41741744,70427499.99999791,34309274.158496596,0.9864287996173653,0.4871573484575998,56.021975843873776,0.9336995973978962,2.323425476163976
882,100,50,10,800,4,1.0,146046239.91742474,58008499.99999958,34314774.15849647,0.9865869305755635,0.5915473449321516,62.23919222528028,0.963367933152617,2.4366058090983382
883,100,50,10,800,4,1.0,146161547.41742444,58277999.999999516,34199274.158496656,0.9832661804533286,0.5868299213853759,62.190091447515506,0.9641566243997398,2.4336205615080404
884,100,50,10,800,4,1.0,147608475.35824108,60032499.99999897,33787146.75040438,0.9714170710091639,0.5628142547854073,61.58047481988649,0.9740026574082401,2.424254061236566
885,100,50,10,800,4,1.0,157912817.25638703,66989999.99999873,34381508.340520106,0.9885056106025125,0.5132334429096993,57.5621419333037,0.9593690322217283,2.369955786549488
886,100,50,10,800,4,1.0,149887011.9230557,60844666.66666582,34381508.3405201,0.9885056106025124,0.5650702062167143,60.64434725449218,0.9893183375822381,2.4413745025556093
887,100,50,10,800,4,1.0,146114792.36768255,58686833.333332896,33915871.82415028,0.9751180563284461,0.5779127940250743,62.209991560104825,0.9638368970014427,2.426167132221502
888,100,50,10,800,4,1.0,155155976.08408958,64975166.666665874,34320274.15849643,0.9867450615337645,0.5282060196100077,58.58491712284172,0.9764152853806954,2.3989801010687017
889,100,50,10,800,4,1.0,169613467.75638106,75894499.99999736,34416341.67385339,0.9895071066711232,0.4534760973964461,53.591263242467555,0.8931877207077926,2.2559685986249494
890,100,40,10,800,4,0.9463440774407368,138454684.36913645,52081333.333333805,34385861.25059464,0.9886307614827039,0.6602338889927484,65.65180543668372,0.9101036751011286,2.384634863736064
891,100,40,10,800,4,0.9489682241432988,164132614.08408827,71862999.99999891,34309274.158496484,0.9864287996173622,0.47742613248120735,55.38082757484824,0.9230137929141373,2.253922923042402
892,100,40,10,800,4,0.9286135211931628,146382718.91742462,58263333.333332896,34314774.158496484,0.9865869305755639,0.5889600233164953,62.096127652387786,0.9656677375990937,2.3654492774454527
893,100,40,10,800,4,0.9222141267264385,145639253.10943842,57876499.99999984,34198492.326064266,0.9832437019239311,0.5908873606051569,62.41311875699889,0.9605793893967686,2.3555034046073327
894,100,40,10,800,4,0.9871311696611176,145636817.0249089,58519999.999999225,33787146.75040438,0.9714170710091639,0.5773606758442384,62.414162748732224,0.9605626755931489,2.4095823859296575
895,100,40,10,800,4,0.9255785875947476,148513936.92305717,59790499.999999516,34381508.340520106,0.9885056106025125,0.5750329624358449,61.20503023705639,0.9801164995565972,2.3657214571000207
896,100,40,10,800,4,0.9708464319985818,147551414.92305696,59053499.99999943,34381508.3405201,0.9885056106025124,0.5822094937729421,61.604288950668625,0.9736161503383022,2.4102301773552375
897,100,40,10,800,4,0.9488538076487564,146931639.08409044,58651999.99999937,34334940.82516317,0.9871667440889716,0.5854010234120498,61.864143466049654,0.9694086255689585,2.3865832519473544
898,100,40,10,800,4,0.9529110659582499,149523382.08408943,60659499.99999915,34320274.158496566,0.9867450615337684,0.5657856421252574,60.79182983493545,0.9868895368317102,2.3924291164901663
899,100,40,10,800,4,0.9685094381019762,162771735.42305094,70652999.99999812,34416341.673853345,0.9895071066711221,0.48711790969745467,55.84384768261644,0.930730794710274,2.288934560570214
900,100,40,8,400,4,0.9039573527190793,109840000.92897624,56835166.66666658,17390649.062458985,0.9999999999999987,0.30598395469575485,42.76948252247057,0.7128247087078428,1.8615692251835259
901,100,40,8,400,4,0.9833596562710293,124100650.26230484,67754499.99999824,17390649.062459014,1.0000000000000002,0.25667149875594186,37.854757328591866,0.6309126221431978,1.8196094774189806
902,100,40,8,400,4,0.9602917861274304,111891944.59564248,58406333.333333135,17390649.06245902,1.0000000000000007,0.29775279614298245,41.9851493061186,0.69975248843531,1.8982465114771263
903,100,40,8,400,4,0.8994680141968298,113392390.6083152,59555833.333332874,17390258.146242864,0.9999775214706054,0.29199924126508175,41.42958777743156,0.6904931296238593,1.8235605368327543
904,100,40,8,400,4,0.978296210509092,120832385.26230627,65251999.99999891,17390649.062458966,0.9999999999999977,0.26651518823115394,38.87864987355738,0.6479774978926229,1.839485858986638
905,100,40,8,400,4,0.9107097715128584,115516965.26230666,61181999.99999926,17390649.06245903,1.000000000000001,0.28424453372657377,40.66761959451248,0.6777936599085413,1.8158990584026586
906,100,40,8,400,4,0.9603017166108582,106527828.55985315,54301500.00000014,17389085.518067516,0.9999100928098845,0.3202321394080729,44.099274936037204,0.73498791560062,1.9514753437379366
907,100,40,8,400,4,0.9580903721632276,106684269.59564354,54418833.333333254,17390649.06245902,1.0000000000000007,0.3195704133518551,44.03460808051345,0.7339101346752241,1.947656837519936
908,100,40,8,400,4,0.9525224366042784,116697371.5956414,62085833.33333278,17390649.062458962,0.9999999999999973,0.28010655778896076,40.256262294218295,0.6709377049036382,1.8475453877390853
909,100,40,8,400,4,0.9376745310082224,132078568.92897232,73863166.66666482,17390649.062459,0.9999999999999996,0.23544413064417896,35.56822305158627,0.5928037175264379,1.7188335530500036
910,100,35,2,400,4,0.8799589817919105,104722648.73534988,52939333.33333376,17375408.85082956,0.9991236548115766,0.32821359387782406,44.85944594346594,0.747657432391099,1.8901872892852687
911,100,35,2,400,4,0.8797529402855696,110052535.5956426,56996499.99999979,17390649.062458966,0.9999999999999977,0.3051178416649975,42.686885627612966,0.7114480937935495,1.8352953074111171
912,100,35,2,400,4,0.9210257041644663,108999028.92897639,56189833.33333325,17390649.062458966,0.9999999999999977,0.3094981428275992,43.099466538009985,0.7183244423001665,1.886948660726712
913,100,35,2,400,4,0.8184463518003311,103183850.48906568,51771500.000000544,17368767.604879275,0.9987417687803863,0.335488977620488,45.52844246200933,0.7588073743668222,1.8456449082635438
914,100,35,2,400,4,0.8886159382872488,106305403.92897779,54127333.333333544,17390649.06245895,0.9999999999999968,0.3212914435551764,44.191544609891906,0.7365257434981984,1.8821748366295883
915,100,35,2,400,4,0.8456646864394729,108386079.59564313,55720499.999999925,17390649.062458977,0.9999999999999982,0.3121050432508502,43.3432043812833,0.722386739688055,1.8177354607282081
916,100,35,2,400,4,0.8896238468348017,110240846.49850696,57150499.9999996,17384395.720763024,0.9996404193038727,0.3041862402037278,42.61396886192836,0.7102328143654727,1.8432056533632566
917,100,35,2,400,4,0.915784147121355,101116883.59564696,50154500.00000081,17390649.06245897,0.9999999999999979,0.3467415498601061,46.45910586787742,0.7743184311312903,1.9674958181407303
918,100,35,2,400,4,0.9085040543081889,104243882.92897934,52548833.33333386,17390649.062458962,0.9999999999999973,0.3309426291568564,45.06547404033846,0.7510912340056409,1.924349391639315
919,100,35,2,400,4,0.8523367867686583,114678387.59564117,60538499.999999486,17390649.06245899,0.999999999999999,0.2872659392363395,40.96499871069481,0.6827499785115801,1.7648995166693102
920,100,40,6,800,4,0.9463440774407368,138548063.3691364,52152833.33333379,34385861.250594646,0.988630761482704,0.6593287277570924,65.60755725456706,0.9107750965331955,2.384582156179606
921,100,40,6,800,4,0.9434155753007447,160162809.41742057,68823333.33333202,34309274.15849648,0.9864287996173619,0.49851224136916455,56.753499973329774,0.9458916662221629,2.288117034618239
922,100,40,6,800,4,0.9286135211931628,146325254.91742468,58219333.33333292,34314774.158496484,0.9865869305755641,0.5894051373283228,62.12051368117979,0.9652753373259885,2.3654129683818095
923,100,40,6,800,4,0.9222141267264385,145672773.7761049,57902166.666666426,34198492.32606428,0.9832437019239313,0.5906254341558506,62.398756915075815,0.9608093450729809,2.3555238191241
924,100,40,6,800,4,0.9871311696611176,146644936.9174244,58400833.333332814,34355107.49182994,0.9877465576023816,0.5882639943807351,61.98509263990788,0.9674564409827358,2.4251988061484413
925,100,40,6,800,4,0.8916396762514488,150527571.25638932,61332333.333332546,34381508.34052015,0.9885056106025139,0.5605772106151827,60.38627956414445,0.9935826867375935,2.3336841314811885
926,100,40,6,800,4,0.9568730574676307,145477922.2563918,57465833.33333311,34381508.340520136,0.9885056106025133,0.598294783982139,62.48233311979836,0.9594719301143939,2.394980814767736
927,100,40,6,800,4,0.9488538076487564,146974737.0840907,58684999.99999946,34334940.82516323,0.9871667440889732,0.585071838206757,61.84600279161803,0.9697017653191261,2.386613043533288
928,100,40,6,800,4,0.9529110659582499,148450720.75075734,59838166.66666612,34320274.15849653,0.9867450615337672,0.573551565335895,61.23109375306706,0.9796908373141044,2.3914431555410705
929,100,40,6,800,4,0.9685094381019762,161696679.75638455,69829833.3333315,34416341.673853345,0.9895071066711221,0.49286014345140333,56.21513078496648,0.936918846416108,2.299716399279207
930,100,40,4,900,4,0.9438071185333006,146587864.03848886,52431500.000000596,38132011.569133535,0.9745214590050679,0.727272947925066,69.49961421994006,0.8535707009636139,2.3791961778369672
931,100,40,4,900,4,0.9812200982744405,163635006.49043307,65092499.99999883,38381829.26164225,0.9809059294846149,0.5896505628396964,62.25929413579136,0.9630452282808147,2.4159857768270125
932,100,40,4,900,4,0.9275697688946517,161680366.9904331,63673499.99999871,38332329.26164232,0.9796408818190014,0.6020138560255538,63.01197968336396,0.9510395196711425,2.3602203733862375
933,100,40,4,900,4,0.8973844194983464,149074790.74169248,54468333.33333343,38047493.448036216,0.9723614700798889,0.6985250166403013,68.34019319639889,0.8702252263807411,2.3264296591913283
934,100,40,4,900,4,0.9508345327317719,162134292.99043447,63871499.99999912,38427662.5949753,0.982077269915733,0.6016402087781848,62.8355655802012,0.9538399142951657,2.3859866140494854
935,100,40,4,900,4,0.8820210639081436,154912573.89260626,58296333.333332814,38456676.049752146,0.9828187528094073,0.6596757265994857,65.7648358942298,0.9083907984211309,2.318152443608863
936,100,40,4,900,4,0.9918451181122466,151215058.6571045,55487666.66666685,38442329.26164222,0.9824520988536996,0.6928085387439027,67.37291967132633,0.8843680166739635,2.430459965781332
937,100,40,4,900,4,1.0,144157656.59426683,53276666.666667186,36407270.17777717,0.930443073733844,0.6833623883709594,70.67123759283675,0.8370646595856848,2.383754570282452
938,100,40,4,900,4,0.9390126937916086,149857788.0732787,54702999.99999995,38280056.9741078,0.9783049841357303,0.6997798470670318,67.98312006993113,0.8754195680872717,2.374256139532506
939,100,40,4,900,4,0.9451289592032384,167818601.65709877,68137666.66666527,38482662.59497544,0.983482878433087,0.5647781099290587,60.707215406409944,0.9882822702149983,2.3852337173614835
940,100,20,10,800,4,0.9176984031564334,87887266.01227179,31830333.333333775,22610875.55503658,0.6500871667822454,0.7103562290174863,103.4256771479361,0.48492488040725196,1.9709082667776743
941,100,20,10,800,4,0.9364389602444978,116269924.15819745,41794500.000000864,30111830.400940873,0.8657477444571903,0.7204735168728001,78.1784289085144,0.7386184367362201,2.251436210478958
942,100,20,10,800,4,0.9337166087501978,96942109.90093881,33537166.666666854,25942119.847537503,0.7458640489600372,0.773533438449999,93.76523792692872,0.5696381379536137,2.122181497463811
943,100,20,10,800,4,0.8687826435843791,97430326.12349047,34257666.66666721,25721155.095243875,0.7395110729583934,0.7508145649706673,93.29538719267869,0.574116397638512,2.0435506931994247
944,100,20,10,800,4,0.8948414009071954,95553233.65740934,36309166.666667245,23497459.89461867,0.6755774269904155,0.6471495231585678,95.128125465539,0.5568447753148158,1.9694057947488655
945,100,20,10,800,4,0.9148435869063684,77423110.79529466,28442333.333333187,19663375.693165,0.5653433526990117,0.6913418622416738,117.40422086672895,0.3841443004944008,1.8520613771941081
946,100,20,10,800,4,0.9430952449033004,106106730.13426313,36873833.333333805,28288109.875188563,0.8133138036881492,0.7671594547675145,85.66657353872029,0.651957289798373,2.2087800985156854
947,100,20,10,800,4,0.8781000143159851,86386337.96196224,32466500.000000138,21472875.693164993,0.6173684379474438,0.6613856034116674,105.2226568974649,0.4706168733820922,1.877825370427411
948,100,20,10,800,4,0.9691542212643167,116979541.71301572,41823833.333333835,30439457.64422349,0.8751673826232511,0.7278017153909005,77.7041854232929,0.7444796529465221,2.2958752465235595
949,100,20,10,800,4,0.941740028313619,136082879.0367469,53359166.66666685,32410268.766916916,0.9318303373989815,0.6073983308132025,66.79605887486737,0.8929116421922916,2.3205703351564724
950,100,20,6,800,4,0.7558572244060057,112545263.03222314,39708166.66666758,29623831.478226736,0.851717246775319,0.7460387614191721,80.76572709592828,0.7074449571314063,2.0601331906727496
951,100,20,6,800,4,0.7756064148766039,136303428.08409473,50548666.66666735,34309274.15849642,0.9864287996173603,0.6787374706585592,66.68797790171419,0.8945215377364092,2.2131179291398606
952,100,20,6,800,4,0.6308544840872935,135560482.58409387,49971166.66666715,34314774.15849631,0.986586930575559,0.6866914752539828,67.0534644516422,0.8890891734901855,2.0692968377806653
953,100,20,6,800,4,0.5950668214997684,107413294.52658977,37042500.00000081,28818263.962869816,0.8285563080299133,0.777978375187128,84.62453404918004,0.6633789384786261,1.8808284601280971
954,100,20,6,800,4,0.8831891956398201,105882744.29009658,36762000.00000072,28250075.95091619,0.8122202871628093,0.7684586244196625,85.84779381138677,0.6499911292306038,2.147947224406154
955,100,20,6,800,4,0.702311224096145,129795350.59487298,46176166.66666793,33920014.76892917,0.9752371704789303,0.7345784030490817,70.03178433079447,0.8460334293882789,2.1360073759236893
956,100,20,6,800,4,0.7712001947819307,114747957.50906971,40474500.00000102,30210392.309614234,0.8685815061045956,0.7464055716466781,79.21535334763183,0.7259632472021968,2.09428789930147
957,100,20,6,800,4,0.8110818609521063,92732224.72153729,32092500.000000436,24808322.623166706,0.7132661505061402,0.7730255549790876,98.02202014774774,0.5306246742604122,1.9601269791957885
958,100,20,6,800,4,0.9476119590047126,109159739.94343843,37205666.66666716,29566604.494926073,0.8500719090108937,0.7946801426734013,83.27062710766732,0.6785183296397221,2.261874402783156
959,100,20,6,800,4,0.6294451030875385,137375733.93522313,51401166.66666711,34289235.53044835,0.9858526673529432,0.6670906081336944,66.16743539500301,0.902315907747845,2.065433497342339
960,100,50,4,800,4,1.0,143464953.42305943,55872666.66666673,34416341.673853405,0.9895071066711236,0.6159781468670434,63.35902799337595,0.945554453852862,2.4383369713464966
961,100,50,4,800,4,1.0,161313211.417417,69706999.99999781,34309274.158496596,0.9864287996173654,0.49219266585131594,56.34876350256935,0.9391460583761558,2.3329001910572087
962,100,50,4,800,4,1.0,145105266.917425,57287999.99999962,34314774.15849656,0.9865869305755661,0.5989871204876551,62.64279852207383,0.9569093242343868,2.436099020624511
963,100,50,4,800,4,1.0,146166336.0840912,58281666.6666662,34199274.15849666,0.9832661804533287,0.5867930022333541,62.188053990561365,0.9641893654159611,2.4336237672026444
964,100,50,4,800,4,1.0,148645327.25075674,59935333.333332576,34355107.49182994,0.9877465576023815,0.573202910222635,61.15092998965243,0.9810006405172471,2.439562968695355
965,100,50,4,800,4,1.0,156804240.92305288,66141166.66666513,34381508.34052022,0.9885056106025156,0.5198201071020471,57.96909539239156,0.9661515898731926,2.38200767555483
966,100,50,4,800,4,1.0,147949996.25639045,59361499.99999945,34381508.34052017,0.9885056106025145,0.579188671790984,61.43832531261305,0.97631295969427,2.439663897127057
967,100,50,4,800,4,1.0,144672510.41742575,56924999.999999866,34334940.82516317,0.9871667440889716,0.6031610158131445,62.8301808945809,0.9539255202709617,2.4364543329214774
968,100,50,4,800,4,1.0,150903640.08408922,61719166.66666576,34320274.15849665,0.9867450615337706,0.5560715740679769,60.23579017003711,0.9960778755336512,2.440935134788033
969,100,50,4,800,4,1.0,169692480.7563814,75954999.99999747,34416341.67385339,0.9895071066711232,0.453114892684544,53.566309829896056,0.8927718304982676,2.255263744645903
970,100,20,4,900,4,0.6877475353982128,111242759.91602974,38190166.666667655,29955703.066223953,0.765563479510989,0.7843826220420574,91.58169041913504,0.5907505056405897,1.9060041386724484
971,100,20,4,900,4,0.7384570764679825,134913287.7122611,47078166.666667596,35842867.437249914,0.9160189046556436,0.7613479872959342,75.51368862738136,0.7721615593188116,2.119697025623542
972,100,20,4,900,4,0.7175073084495958,124654540.9026409,42951333.33333453,33466536.311682433,0.8552881542894154,0.7791733972949579,81.72827019560395,0.6961864012661485,2.0370324275517104
973,100,20,4,900,4,0.8009164529637739,100731994.06553185,32987166.666666903,28142307.336358044,0.7192193979977818,0.8531289643858827,101.13767819757703,0.5037737754259649,1.987193399898445
974,100,20,4,900,4,0.7173736541620058,127904755.85848963,43924833.33333431,34432287.38823168,0.8799693895410146,0.7838911334491326,79.65145573845203,0.7207058050775298,2.0651923659988416
975,100,20,4,900,4,0.7020298674652758,138176923.34822318,46414500.00000126,37858672.36776653,0.9675358606493002,0.8156647678584386,73.73011175191291,0.7954596177372429,2.1500212994892696
976,100,20,4,900,4,0.8497355585312218,127668295.23597379,44102666.666667745,34203536.31168238,0.8741233084219097,0.7755434965009269,79.79898205086495,0.7189359306652708,2.189106286397234
977,100,20,4,900,4,0.7892113152130057,79865862.88650574,27274499.999999996,21599902.010658227,0.5520182952748293,0.7919449306369771,127.5613839479514,0.32432049636541255,1.7470877560879998
978,100,20,4,900,4,0.8784804015737974,118040322.25061828,38083833.333333984,33340980.600593954,0.8520793874365434,0.8754628324510413,86.3077955545537,0.6450268989596317,2.223877566494262
979,100,20,4,900,4,0.6352140211320014,155078818.45874977,58893999.99999934,38153288.33191107,0.9750652189865545,0.6478298015402504,65.6943359592974,0.909458783942203,2.062936646306405
980,100,20,8,800,4,0.8740699239413152,90243363.26758784,31689166.66666706,23850729.592119474,0.6857343134939617,0.7526461595851109,100.7254126051032,0.507247171340686,1.9834340229500902
981,100,20,8,800,4,0.844370485745736,125972621.64795093,45668333.33333458,32378043.752048314,0.9309038333118463,0.7089823820746854,72.15694871702192,0.8165919060203788,2.2281482974258635
982,100,20,8,800,4,0.9037035545647327,101927245.12685257,34024833.33333335,28064248.96381269,0.8068775599754543,0.8248166475607329,89.17929635680211,0.6148840251522528,2.178440897765572
983,100,20,8,800,4,0.7675442817571052,112526642.78575005,38063666.666667104,30662922.13392654,0.881592228783405,0.8055693215908308,80.77909173302999,0.7072873955946393,2.1192871346244093
984,100,20,8,800,4,0.899081230735631,112678091.11462393,40722000.000000894,29042456.050734095,0.8350020734254165,0.7131883515233401,80.67051819996868,0.7085684324914155,2.1782003444457185
985,100,20,8,800,4,0.8355338663951846,89629663.29015596,30933833.333333522,24032655.095243953,0.6909648687904054,0.7769051716376505,101.41508588037209,0.5014499729760503,1.9585079766813553
986,100,20,8,800,4,0.9080427177839105,104342982.86555494,35398000.00000043,28367998.14489343,0.8156106779858809,0.8014011567007483,87.11462668948357,0.6364111610861906,2.1855748042306997
987,100,20,8,800,4,0.8762582868595026,83961188.95676087,30561666.66666668,21503409.28424958,0.6182463117684532,0.7036072187680505,108.26192569380063,0.44737172597227864,1.8865157878462218
988,100,20,8,800,4,0.9675447688627355,105444554.11010444,37038833.333333656,27859771.161592577,0.8009986016488926,0.7521773407619662,86.2045468038918,0.6461378248907951,2.2154244663631038
989,100,20,8,800,4,0.9334957495060678,128867829.4479162,49192000.00000058,31545100.43008658,0.9069558104700824,0.6412648485543626,70.53583535116323,0.8389557998439106,2.2854634281934683
990,100,40,8,900,4,0.9438071185333006,145454385.28487554,53087833.3333338,37160488.83270279,0.9496927202209474,0.6999812668822888,70.04120212702405,0.8459006436357712,2.349692775674903
991,100,40,8,900,4,0.9812200982744405,163606274.49043304,65070499.999998845,38381829.261642225,0.9809059294846143,0.5898499206498016,62.27022790984546,0.9628697489545629,2.4159697837488445
992,100,40,8,900,4,0.9275697688946517,162032333.99043304,63942999.99999872,38332329.26164224,0.9796408818189993,0.5994765535186496,62.87510491950035,0.9532115513598931,2.3603625630694642
993,100,40,8,900,4,0.8973844194983464,149792230.01351243,55300666.6666667,37867118.60103112,0.9677517169659592,0.6847497667484013,68.01287355880196,0.8749855625997045,2.320169795496772
994,100,40,8,900,4,0.9939075388791516,164133561.32376707,65402333.333332345,38427662.59497529,0.9820772699157329,0.5875579759383082,62.070181855761476,0.9660854115454179,2.430039331175216
995,100,40,8,900,4,0.8820210639081436,155515945.89260685,58758333.333332986,38456676.04975204,0.9828187528094048,0.6544888846929899,65.50968096246086,0.9122620304898367,2.3178742021523724
996,100,40,8,900,4,0.9918451181122466,152847993.99043748,56738000.00000005,38442329.26164219,0.9824520988536988,0.6775411410631702,66.65314822932758,0.8950409533491557,2.4289189843119385
997,100,40,8,900,4,1.0,148131949.63631707,56279666.66666678,36432831.44768988,0.9310963308011823,0.6473533623337583,68.77516987396949,0.8639392447449136,2.3818219346119203
998,100,40,8,900,4,0.9390126937916086,152670490.6571042,56774666.66666675,38332329.26164209,0.9796408818189954,0.6751660822017219,66.73064294318446,0.8938856838609088,2.373031243413895
999,100,40,8,900,4,0.9451289592032384,169118724.65709805,69133166.66666509,38482662.594975464,0.9834828784330876,0.5566454489279338,60.24052050213004,0.9959993489768028,2.386444667322388
1000,100,50,8,400,4,1.0,113684027.92897445,59781333.333332784,17390649.06245899,0.999999999999999,0.2909043357312062,41.323307113423276,0.6887217852237213,1.9214452538086864
1001,100,50,8,400,4,1.0,117395244.59563898,62622999.99999893,17390649.062459014,1.0000000000000002,0.27770386379539963,40.01695312430496,0.6669492187384161,1.8891123097747358
1002,100,50,8,400,4,1.0,113595437.59564133,59713499.99999957,17390649.062459003,0.9999999999999999,0.29123479719760403,41.35553416082139,0.6892589026803565,1.9222467404384398
1003,100,50,8,400,4,0.9777296245157902,121855887.59564021,66038499.99999901,17390649.06245903,1.000000000000001,0.26334106714203515,38.55209701142154,0.642534950190359,1.8309374284197772
1004,100,50,8,400,4,1.0,120395344.26230463,64920166.66666524,17390649.062458947,0.9999999999999964,0.2678774555794321,39.01978127796147,0.6503296879660245,1.8646316524295703
1005,100,50,8,400,4,0.9895699438436512,120285204.92897233,64835833.33333224,17390649.062459007,1.0,0.2682258894252299,39.055509800843936,0.6509251633473989,1.855075818731234
1006,100,50,8,400,4,1.0,123156010.59563868,67033999.99999852,17390649.06245899,0.999999999999999,0.25943027512097405,38.14511348069246,0.6357518913448743,1.8432961114416535
1007,100,50,8,400,4,1.0,102631785.26231249,51318666.66666718,17390649.06245902,1.0000000000000009,0.338875699468527,45.77334388165499,0.7628890646942498,2.0339896242690716
1008,100,50,8,400,4,1.0,114955418.92897324,60754833.33333246,17390649.062458962,0.9999999999999973,0.2862430543928063,40.86627706435135,0.6811046177391892,1.910099061253434
1009,100,50,8,400,4,1.0,129132266.59563844,71609999.99999812,17390649.062459003,0.9999999999999997,0.242852242179297,36.37975328591245,0.6063292214318742,1.8006110151753116
1010,100,50,2,400,4,1.0,113243470.59564133,59443999.99999953,17390649.06245899,0.9999999999999988,0.2925551622108055,41.484069459284264,0.6914011576547378,1.9254452874233823
1011,100,50,2,400,4,1.0,117340174.9289722,62580833.33333229,17390649.06245899,0.9999999999999988,0.27789097933274476,40.03573373606823,0.6672622289344705,1.8895750124006663
1012,100,50,2,400,4,1.0,113657690.26230751,59761166.66666607,17390649.06245898,0.9999999999999986,0.29100250266966826,41.332882879795235,0.6888813813299206,1.9216833834656553
1013,100,50,2,400,4,0.9777296245157902,120536609.92897227,65028333.33333213,17390649.062458985,0.9999999999999987,0.2674318742464973,38.97405114320237,0.6495675190533727,1.8412426429663606
1014,100,50,2,400,4,1.0,119502257.92897156,64236333.33333203,17390649.06245895,0.9999999999999968,0.2707291677471104,39.31139111021841,0.6551898518369735,1.871773186034662
1015,100,50,2,400,4,0.9895699438436512,119315499.92897198,64093333.333332166,17390649.062458962,0.9999999999999973,0.27133319735478384,39.37292307199468,0.6562153845332446,1.8628518862607228
1016,100,50,2,400,4,1.0,121470399.92897174,65743333.33333196,17390649.06245895,0.9999999999999968,0.26452338481659965,38.674442520539806,0.6445740420089968,1.8561927498622763
1017,100,50,2,400,4,1.0,101602221.92898059,50530333.3333342,17390649.06245899,0.9999999999999988,0.3441625636573152,46.23717779797904,0.7706196299663173,2.0459496808921696
1018,100,50,2,400,4,1.0,114962601.92897324,60760333.333332494,17390649.062458962,0.9999999999999973,0.28621714379105667,40.86372369079135,0.6810620615131893,1.9100357765460345
1019,100,50,2,400,4,1.0,128512134.26230446,71135166.66666457,17390649.062459,0.9999999999999996,0.2444733017067439,36.555302944478235,0.6092550490746372,1.8048336904400322
1020,100,45,10,800,4,1.0,138368048.6496343,53610333.33333349,33369913.770766422,0.959421170852147,0.6224530178404597,65.69291168524421,0.9094803728409132,2.407442787113281
1021,100,45,10,800,4,0.9869263328289146,164451621.41741836,72108666.66666485,34309274.15849648,0.9864287996173619,0.4757995917064616,55.27339847217358,0.9212233078695597,2.288789314063644
1022,100,45,10,800,4,0.9834484934250367,144388800.25075853,56737999.9999997,34314774.15849646,0.9865869305755633,0.6047935097905573,62.95363618378876,0.9519647523393688,2.4192480535968515
1023,100,45,10,800,4,0.9695519077904216,143529614.08409208,56261333.33333312,34199274.15849666,0.9832661804533287,0.607864622686335,63.330484499696404,0.9460043846589729,2.4018479905984624
1024,100,45,10,800,4,1.0,147610308.69157442,60032499.99999897,33787146.75040438,0.9714170710091639,0.5628142547854073,61.579709984840946,0.9740150733434885,2.4242664771718143
1025,100,45,10,800,4,0.9637589393819087,151703749.92305472,62234333.33333223,34381508.34052025,0.9885056106025165,0.5524524245543059,59.91809697921386,0.9986349496535643,2.4043558286789177
1026,100,45,10,800,4,1.0,149888845.25638905,60844666.66666582,34381508.3405201,0.9885056106025124,0.5650702062167143,60.64360549613711,0.9893305682435516,2.4413867332169232
1027,100,45,10,800,4,0.9807137329945653,140317262.88953957,55084333.333333336,33381709.885898404,0.9597603219410342,0.6060109629337755,64.78034001529565,0.9234188701682083,2.388941373509794
1028,100,45,10,800,4,1.0,148221425.75075805,59663999.99999963,34320274.15849644,0.9867450615337646,0.5752258339785574,61.32581679038067,0.9781454026749643,2.43832606985781
1029,100,45,10,800,4,1.0,169615301.08971438,75894499.99999736,34416341.67385339,0.9895071066711232,0.4534760973964461,53.59068398665369,0.8931780664442281,2.255958944361385
1030,100,40,6,400,4,0.9039573527190793,109859155.59564294,56849833.33333325,17390649.06245898,0.9999999999999986,0.30590501401280584,42.7620253817636,0.7127004230293933,1.861381786958717
1031,100,40,6,400,4,0.9833596562710293,124122199.26230484,67770999.99999821,17390649.06245899,0.9999999999999988,0.25660900772394457,37.84818531995423,0.6308030886659038,1.8194499511160886
1032,100,40,6,400,4,0.9602917861274304,110486470.92897587,57330166.66666647,17390649.062459003,0.9999999999999997,0.3033420287014526,42.51923299296881,0.7086538832161469,1.9116192923047393
1033,100,40,6,400,4,0.8994680141968298,112908735.27498223,59185499.99999961,17390258.146242864,0.9999775214706054,0.2938263281757015,41.60705536696341,0.6934509227827235,1.8279799995201145
1034,100,40,6,400,4,0.978296210509092,120138028.595639,64720333.33333219,17390649.062458966,0.9999999999999977,0.268704565733478,39.10335515669124,0.651722585944854,1.8449824490407285
1035,100,40,6,400,4,0.9107097715128584,115418797.59564018,61106833.33333264,17390649.06245903,1.000000000000001,0.28459417897822487,40.7022088070813,0.6783701467846883,1.8167552614801266
1036,100,40,6,400,4,0.9603017166108582,106496702.22652003,54277666.66666686,17389085.518067475,0.9999100928098821,0.3203727533988948,44.11216405563161,0.7352027342605268,1.9518026535905006
1037,100,40,6,400,4,0.9580903721632276,105728930.59564461,53687333.33333351,17390649.062459003,0.9999999999999997,0.3239246202541682,44.432493297094986,0.7405415549515831,1.9577716233181452
1038,100,40,6,400,4,0.9525224366042784,115184152.92897435,60927166.666666046,17390649.062458962,0.9999999999999973,0.28543341195568156,40.785124346895095,0.6797520724482516,1.860621238617075
1039,100,40,6,400,4,0.9376745310082224,130488731.59563893,72645833.33333153,17390649.06245899,0.999999999999999,0.23938949096588824,36.00157609438366,0.6000262682397276,1.7292123920206608
1040,100,40,4,800,4,0.9463440774407368,138526514.3691367,52136333.33333388,34385861.2505946,0.9886307614827029,0.6595373907625695,65.61776307875672,0.91062018953299,2.3845941795837824
1041,100,40,4,800,4,0.9434155753007447,158259314.4174198,67365833.33333176,34309274.15849662,0.986428799617366,0.5092978511633852,57.43611384556507,0.9572685640927511,2.308122420324204
1042,100,40,4,800,4,0.9286135211931628,146339620.91742468,58230333.33333292,34314774.158496484,0.9865869305755641,0.5892937957621754,62.11441537851952,0.96537345133127,2.365422009134173
1043,100,40,4,800,4,0.9222141267264385,145679956.77610457,57907666.66666634,34198492.3260643,0.9832437019239321,0.5905693372679122,62.39568023739949,0.9608586146805791,2.3555282112213476
1044,100,40,4,800,4,0.9871311696611176,146673668.9174245,58422833.33333284,34355107.49182994,0.9877465576023815,0.5880424746916342,61.97295033996489,0.9676522465662885,2.4252173959807135
1045,100,40,4,800,4,0.8916396762514488,150527571.25638935,61332333.333332546,34381508.34052015,0.9885056106025139,0.5605772106151827,60.38627956414444,0.9935826867375938,2.333684131481189
1046,100,40,4,800,4,0.9568730574676307,144259206.58972496,56532666.6666664,34381508.34052028,0.9885056106025174,0.6081706448281307,63.01018988584561,0.9510678895638128,2.3944774628939482
1047,100,40,4,800,4,0.9488538076487564,145921230.4174247,57878333.33333295,34334940.82516321,0.9871667440889728,0.5932261495406475,62.292512021709015,0.9625122037352244,2.3859469310164987
1048,100,40,4,800,4,0.9529110659582499,148465086.75075752,59849166.66666618,34320274.158496566,0.9867450615337682,0.5734461492111588,61.225168818713,0.97978758548922,2.391455570816397
1049,100,40,4,800,4,0.9685094381019762,160638384.42305112,69019499.99999812,34416341.673853345,0.9895071066711218,0.49864663861451153,56.585479445942696,0.943091324099045,2.3105180730926302
1050,100,45,8,200,4,0.9883661086278328,88047646.77992481,53793666.66666693,8694542.759033743,0.9999100928098827,0.16162762826541602,28.41416087193394,0.4735693478655657,1.5912375591057315
1051,100,45,8,200,4,1.0,111456251.29781857,71716333.33333191,8695324.531229505,1.0000000000000002,0.121246083382628,22.44647537368741,0.37410792289479017,1.4711047896008924
1052,100,45,8,200,4,0.9450030994676034,93395794.96448737,57887500.000000104,8695324.531229498,0.9999999999999994,0.15021074551897184,26.787073239767157,0.4464512206627859,1.5116229165455668
1053,100,45,8,200,4,0.9729097294407449,94820423.29781978,58978333.333332926,8695324.531229502,0.9999999999999997,0.1474325237725079,26.384611173292708,0.43974351955487845,1.5305992680136298
1054,100,45,8,200,4,1.0,89931194.63115424,55234666.66666691,8695324.531229505,1.0000000000000002,0.1574251291078574,27.81904555211278,0.46365075920187965,1.5895908624881656
1055,100,45,8,200,4,0.9398939501473442,103681850.9644859,65763499.99999872,8695324.531229494,0.999999999999999,0.13222113377830658,24.12958465466575,0.40215974424442913,1.4478306014144187
1056,100,45,8,200,4,0.9912643102342279,100847736.74925123,63598333.33333211,8692197.860381542,0.9996404193038763,0.13667335926594057,24.807696043992532,0.41346160073320887,1.5140645983801893
1057,100,45,8,200,4,0.9830524670496876,94791691.29782075,58956333.33333317,8695324.531229505,1.0000000000000002,0.14748753932960884,26.392608526624276,0.43987680877707125,1.540919307290446
1058,100,45,8,200,4,0.9919442874634815,98198827.63115361,61565166.66666628,8695324.531229502,0.9999999999999997,0.14123773234154957,25.476882569281337,0.42461470948802227,1.5295491828247436
1059,100,45,8,200,4,1.0,111010905.29781751,71375333.33333121,8695324.531229498,0.9999999999999994,0.1218253439268901,22.53652461700252,0.37560874361670865,1.4730690187582207
1060,100,45,4,200,4,0.9883661086278328,88073984.44659156,53813833.333333604,8694542.759033741,0.9999100928098825,0.16156705851408154,28.40566389405378,0.473427731567563,1.591047487006661
1061,100,45,4,200,4,1.0,110204014.96448468,70757499.99999836,8695324.531229505,1.0000000000000002,0.12288908640398129,22.70153225185355,0.3783588708642258,1.476670139987411
1062,100,45,4,200,4,0.9450030994676034,93024673.2978201,57603333.33333325,8695324.531229502,0.9999999999999997,0.15095175969960387,26.89394019144194,0.4482323365240323,1.513996843751319
1063,100,45,4,200,4,0.9729097294407449,94892253.29781981,59033333.333332926,8695324.531229502,0.9999999999999997,0.1472951642783099,26.364638977937307,0.43941064963228843,1.5301565104956814
1064,100,45,4,200,4,1.0,88125867.29782118,53852333.33333376,8695324.531229505,1.0000000000000002,0.16146606828356747,28.38894046336216,0.4731490077227027,1.6023218623495568
1065,100,45,4,200,4,0.9398939501473442,102812707.9644852,65097999.99999855,8695324.531229502,0.9999999999999997,0.1335728368187916,24.333567800433794,0.40555946334056325,1.4523116829429408
1066,100,45,4,200,4,0.9912643102342279,98613047.29781829,61882333.33333213,8695324.531229502,0.9999999999999997,0.14051384398179886,25.369868070747163,0.42283113451245274,1.5265065199321197
1067,100,45,4,200,4,0.9830524670496876,94887464.63115425,59029666.66666654,8695324.531229502,0.9999999999999997,0.14730431361455856,26.365969516890093,0.43943282528150157,1.540328743222836
1068,100,45,4,200,4,0.9713837582332994,97997703.63115273,61411166.66666598,8695324.531229502,0.9999999999999997,0.1415919124029495,25.529169636631124,0.42548616061051875,1.5101434487661776
1069,100,45,4,200,4,1.0,110742739.96448426,71169999.99999788,8695324.531229498,0.9999999999999994,0.12217682353842571,22.591097175330315,0.37651828625550526,1.4742597450862458
1070,100,45,10,900,4,1.0,151099298.09889174,57286166.66666639,37240392.59747513,0.9517347822633538,0.6500765326848885,67.42453557482624,0.8836075529176104,2.403668779065521
1071,100,45,10,900,4,1.0,166027506.4904325,66925833.33333202,38381829.26164216,0.9809059294846126,0.5734979655834381,61.362121345760755,0.97755372946427,2.4363521019310204
1072,100,45,10,900,4,0.9297700966751891,164992290.99043202,66210833.33333184,38332329.261642165,0.9796408818189974,0.5789434648656644,61.74712732845679,0.9713010779165461,2.3642259464842668
1073,100,45,10,900,4,0.9354433006926232,154256558.11827695,58450333.333333015,38039249.77303332,0.972150790447192,0.650796113618403,66.04451781031219,0.9041663106930006,2.3602465022803463
1074,100,45,10,900,4,1.0,166448617.13810152,67230166.66666545,38393372.1188091,0.981200924727311,0.5710735823275235,61.20687678376587,0.9800863361724644,2.436945202034483
1075,100,45,10,900,4,0.9543701254368033,152075675.6031672,57326499.99999951,37691198.92785246,0.9632558225843333,0.6574829952614024,66.99164714930797,0.8900056637710835,2.3703621854170085
1076,100,45,10,900,4,1.0,155849418.40022948,59299166.6666665,38275601.13887929,0.978191108500292,0.6454660881498514,65.36950926462359,0.9143957438660464,2.4307686143859275
1077,100,45,10,900,4,0.9898530282398355,150449542.59893078,55781000.000000216,37882653.293767706,0.9681487296282313,0.6791318422718767,67.71572597703866,0.879329641391797,2.412488143449134
1078,100,45,10,900,4,0.9914452833799411,161874868.99043432,63823833.3333324,38332329.261642076,0.9796408818189951,0.600595847345051,62.93626715214224,0.9522403706628015,2.4241623319187835
1079,100,45,10,900,4,1.0,173745137.6570956,72676999.99999782,38482662.594975494,0.9834828784330883,0.5295026293734832,58.63646106808871,0.9772743511348118,2.4008764546335986
1080,100,40,6,900,4,0.9438071185333006,145479991.4515426,52431500.0000006,37591322.16603617,0.960703320273527,0.7169606470544566,70.02887406268111,0.8460744667853923,2.363450102962258
1081,100,40,6,900,4,0.9812200982744405,163642189.490433,65097999.99999882,38381829.26164224,0.9809059294846147,0.589600744441349,62.2565612921942,0.9630890934795446,2.4159897873070646
1082,100,40,6,900,4,0.9275697688946517,161666000.9904331,63662499.99999871,38332329.26164232,0.9796408818190014,0.6021178756983012,63.01757906786401,0.9509507698799856,2.3602148393332785
1083,100,40,6,900,4,0.8973844194983464,149058030.40835917,54455500.00000011,38047493.448036216,0.972361470079889,0.6986896355379372,68.34787748160578,0.8701137825367167,2.3264499104654126
1084,100,40,6,900,4,0.9508345327317719,161827818.3237681,63636833.33333254,38427662.594975255,0.982077269915732,0.6038588122964803,62.95456557176912,0.9519500067102633,2.3858715892792195
1085,100,40,6,900,4,0.8820210639081436,155501579.89260682,58747333.33333298,38456676.04975204,0.9828187528094049,0.6546114328551471,65.51573306866685,0.9121700166856221,2.3178802268778833
1086,100,40,6,900,4,0.9918451181122466,152421802.6571042,56411666.66666677,38442329.26164223,0.9824520988536999,0.681460618577283,66.83951916589643,0.8922651063786328,2.429278719352706
1087,100,40,6,900,4,1.0,142884344.2609334,53670833.33333379,35534603.51111039,0.9081407519252145,0.6620840651087975,71.3010235844676,0.8283244172386424,2.3579916693256804
1088,100,40,6,900,4,0.9390126937916086,150370985.92379624,55489500.00000012,38029216.979240306,0.9718943871670414,0.6853407758087605,67.75110196566038,0.8788113416117272,2.366096656050344
1089,100,40,6,900,4,0.9451289592032384,169166611.32376483,69169833.33333181,38482662.59497545,0.9834828784330873,0.556350373283772,60.22346797797917,0.9962824609222191,2.3864917187524752
1090,100,50,6,900,4,1.0,155045384.2259404,58400833.33333303,38456676.049752146,0.9828187528094073,0.6584953305418417,65.70850239020204,0.9092440795394373,2.436040343972911
1091,100,50,6,900,4,1.0,164047953.82376632,65411499.99999878,38381829.26164228,0.9809059294846156,0.5867749441863127,62.10257283028696,0.9655640114976314,2.4349839668466817
1092,100,50,6,900,4,0.9734975210046339,167241130.99043247,67934166.66666538,38332329.26164199,0.9796408818189928,0.5642570026615382,60.916832717322535,0.9848356098528733,2.409738732986738
1093,100,50,6,900,4,0.9974173158762305,153582000.157103,57570333.33333301,38271829.26164227,0.9780947124499145,0.6647838747093553,66.33459643433889,0.8998055385884539,2.429049954232169
1094,100,50,6,900,4,1.0,164897650.13810214,66043999.99999888,38393372.11880918,0.9812009247273129,0.5813302059053029,61.78256628561835,0.9707275490222481,2.4357917137464904
1095,100,50,6,900,4,1.0,162055992.22593775,63768833.33333229,38456676.04975211,0.9828187528094066,0.6030638172213606,62.865925906622536,0.9533573882000143,2.4358084419771027
1096,100,50,6,900,4,1.0,162534194.32376722,64157499.99999897,38442329.26164227,0.9824520988537009,0.5991868333654348,62.680964103504024,0.9563008344373717,2.4356503011297197
1097,100,50,6,900,4,1.0,148528220.9812373,53760666.66666694,38233588.89599991,0.9771174218380329,0.7111814504284368,68.5916786230609,0.8665853770791372,2.4355305374218865
1098,100,50,6,900,4,1.0,159325464.9904356,61873166.66666606,38332329.261642024,0.9796408818189938,0.6195307485739763,63.94332507117792,0.9363910657057816,2.4320156645649624
1099,100,50,6,900,4,1.0,173772036.32376266,72698999.99999794,38482662.59497547,0.9834828784330878,0.5293423925360261,58.62738456386989,0.9771230760644981,2.400596990093319
1100,100,45,6,900,4,0.9948996738640976,152856402.55927497,56723333.33333344,38456676.04975206,0.9828187528094051,0.6779692551522357,66.64948166662076,0.8950956504167344,2.4323707284026206
1101,100,45,6,900,4,1.0,164049787.15709966,65411499.99999878,38381829.26164228,0.9809059294846156,0.5867749441863127,62.10187880490095,0.9655751803278233,2.4349951356768735
1102,100,45,6,900,4,0.9297700966751891,163945967.3237654,65409666.666665144,38332329.26164232,0.9796408818190014,0.5860346217171246,62.141205217209325,0.9649425108946926,2.3635403049435815
1103,100,45,6,900,4,0.9354433006926232,153899885.49043673,57812333.33333314,38271829.26164211,0.9780947124499106,0.6620011173217175,66.19758011862241,0.9018626872148352,2.3669068817648324
1104,100,45,6,900,4,1.0,164899483.4714355,66043999.99999888,38393372.11880918,0.9812009247273129,0.5813302059053029,61.7818793942115,0.9707386621593909,2.4358028268836334
1105,100,45,6,900,4,0.9543701254368033,151454461.60316738,56660999.99999957,37812198.92785247,0.9663481613225045,0.6673408328100944,67.26642379604182,0.8859391029800865,2.3741818946649653
1106,100,45,6,900,4,1.0,154135880.80477282,57779333.33333331,38408038.785476066,0.9815757536652787,0.6647366206857598,66.09622591967265,0.9033874341852477,2.4351767307338554
1107,100,45,6,900,4,0.9898530282398355,143947060.70338017,52160166.66666697,37017024.420065,0.9460262693056682,0.7096799490044725,70.7746302718411,0.8356234623917324,2.393220449835146
1108,100,45,6,900,4,0.9914452833799411,161901206.65710092,63843999.999999076,38332329.2616421,0.9796408818189956,0.6004061346664158,62.92602884410415,0.9524028733643657,2.424173064477439
1109,100,45,6,900,4,1.0,173773869.657096,72698999.99999794,38482662.59497547,0.9834828784330878,0.5293423925360261,58.62676603854971,0.9771127673091619,2.4005866813379826
1110,100,50,10,900,4,1.0,153783906.76555756,59343166.66666607,37240392.59747511,0.9517347822633535,0.6275430633261705,66.24750413924149,0.9011125891341774,2.4031470397951136
1111,100,50,10,900,4,1.0,166025673.1570992,66925833.33333202,38381829.26164216,0.9809059294846126,0.5734979655834381,61.36279893507768,0.9775426898605427,2.436341062327293
1112,100,50,10,900,4,0.9734975210046339,167289017.657099,67970833.33333202,38332329.261641964,0.9796408818189923,0.5639526158765555,60.899395206459175,0.9851218694754096,2.409781483181288
1113,100,50,10,900,4,0.9974173158762305,153569945.4516098,57925999.999999516,38039249.77303347,0.9721507904471958,0.6566869760217137,66.33980346896846,0.8997274533334532,2.422494350027055
1114,100,50,10,900,4,1.0,166446783.8047682,67230166.66666545,38393372.1188091,0.981200924727311,0.5710735823275235,61.20755094883455,0.9800753239014629,2.4369341897634818
1115,100,50,10,900,4,1.0,162108667.5592711,63809166.66666562,38456676.049752094,0.9828187528094062,0.6026826247496215,62.845498352363414,0.9536820227888972,2.4358281225885943
1116,100,50,10,900,4,1.0,164247731.9192237,65677333.33333221,38309891.61504548,0.9790674536887137,0.5833046147079581,62.02703611767568,0.9667803691882256,2.433424060954592
1117,100,50,10,900,4,1.0,152645436.32377002,56671999.99999981,38387329.261641964,0.9810464903363427,0.6773597060566434,66.74159572246282,0.8937225232102933,2.435610288055608
1118,100,50,10,900,4,1.0,159299127.32376897,61852999.999999404,38332329.26164201,0.9796408818189933,0.619732741526561,63.95389711893218,0.9362260873898085,2.4320122806110573
1119,100,50,10,900,4,1.0,173743304.32376227,72676999.99999782,38482662.594975494,0.9834828784330883,0.5295026293734832,58.63707979799628,0.977284663299938,2.400886766798725
1120,100,20,8,900,4,0.8767761593024113,77451125.63436852,27685166.66666676,20159654.12446785,0.515210573530736,0.7281752848806322,131.53843687301062,0.3035201492039701,1.7628365364108871
1121,100,20,8,900,4,0.8161802823113199,130502227.57767594,46751833.333334036,33898080.32097318,0.8663169167452448,0.7250641932966481,78.06610039614951,0.7400025304452511,2.13623416739389
1122,100,20,8,900,4,0.858911329856135,115916640.5259862,38687000.000000626,31920083.874727853,0.8157662139792213,0.8250855293697453,87.88902053899758,0.628250058788586,2.1472298121405173
1123,100,20,8,900,4,0.9618179902462178,91932688.45720825,32341833.33333369,24259193.488143787,0.6199805271088488,0.7500871468266648,110.81803622812683,0.4287131333868396,1.9906008410943894
1124,100,20,8,900,4,0.9492519670979241,116657955.23765866,40492833.33333389,31130867.856347837,0.7955966002071425,0.7687994465608501,87.33052091685599,0.6341253177903542,2.1984168421369583
1125,100,20,8,900,4,0.8623877062817917,113647092.64235608,37858333.3333339,31340625.98455569,0.8009572876906415,0.8278395593543091,89.64417622244586,0.6101383137240033,2.1347976674892424
1126,100,20,8,900,4,0.9870074797001894,98078641.45720798,33964333.3333336,26224526.82147713,0.6702076047955039,0.7721195809764241,103.87378789749009,0.4813167035086913,2.0860198479900203
1127,100,20,8,900,4,0.8465045684598461,99003950.45720792,35196333.3333336,25890860.154810548,0.6616802464569136,0.7356124261469573,102.90296450749642,0.48916794216538506,1.9241624515427969
1128,100,20,8,900,4,0.9345071974014325,111683231.92510359,37640166.66666701,30521233.573337898,0.7800164703768229,0.8108687148924497,91.2204976914716,0.5943174776800069,2.1775196469953992
1129,100,20,8,900,4,0.8989708645322172,137456214.4356515,49489000.00000055,35547298.08149499,0.9084651809480636,0.7182868532703144,74.11669266338843,0.7903509346702478,2.2639512818187164
1130,100,20,4,800,4,0.7558572244060057,112686591.03222334,39356166.66666764,29917164.811560053,0.860150897879421,0.7601646030455027,80.66443324566205,0.7086402962443316,2.0726292030867395
1131,100,20,4,800,4,0.7166470266817117,139064094.4174279,52662500.000000626,34309274.15849632,0.9864287996173574,0.6514934566056666,65.36410450216718,0.9144781157724414,2.1523199077386863
1132,100,20,4,800,4,0.6308544840872935,134157403.2507612,48896833.333334,34314774.158496454,0.986586930575563,0.7017790686887558,67.75474017643097,0.8787580548791739,2.071035793917472
1133,100,20,4,800,4,0.5950668214997684,107415688.8599231,37044333.33333413,28818263.962869816,0.8285563080299133,0.7779398728425182,84.62264773867139,0.6633997944508458,1.880818514224629
1134,100,20,4,800,4,0.6635642595905679,110857228.6689149,38687000.000000775,29450873.597972497,0.8467445203511051,0.7612602062184172,81.99555508597014,0.6930919637544943,1.965664388319796
1135,100,20,4,800,4,0.702311224096145,130716907.58409624,46176166.6666679,34369774.15849649,0.9881682401575834,0.7443184794138875,69.53805875611089,0.8530239573150765,2.1507899649423314
1136,100,20,4,800,4,0.7712001947819307,117848686.78240633,40483666.66666763,31717838.676949672,0.91192222219637,0.7834724788667591,77.13110980000347,0.7516244385030225,2.1496026163783606
1137,100,20,4,800,4,0.7351465413420758,117498617.950901,41671666.66666744,30789777.7538141,0.885239465279063,0.7388660021712642,77.36090992830523,0.7487512210231044,2.0749905641021913
1138,100,20,4,800,4,0.9479248016869727,112931166.79015699,36945333.33333382,31573155.095244315,0.907762412485251,0.8545911552720389,80.48973776114622,0.7107065738610252,2.3423042997656287
1139,100,20,4,800,4,0.6298981561116461,134273654.49637628,49696166.66666737,33862027.40997603,0.9735699710907741,0.6813810738583235,67.69607957788408,0.8796176162218484,2.0546206314201534
1140,100,45,4,300,4,0.9705014782113176,98286986.55151105,54829500.000000216,13031556.638122216,0.9991236548115793,0.2376741833889086,36.62539799318588,0.6104232998864313,1.7710641248088757
1141,100,45,4,300,4,1.0,112650069.28006205,65809333.333332084,13042986.796844339,1.0000000000000058,0.19819357127932086,31.955595083128184,0.5325932513854698,1.6911481084089264
1142,100,45,4,300,4,0.9842430324035345,103168509.28006296,58549333.333332896,13042986.796844339,1.0000000000000058,0.22276917693644852,34.89243011380462,0.5815405018967437,1.743998875849437
1143,100,45,4,300,4,0.9413800151116116,109757113.87290187,63594666.666665904,13042693.609682249,0.9999775214706124,0.2050909973008597,32.797874078290256,0.546631234638171,1.6520840475904703
1144,100,45,4,300,4,1.0,107485492.28006281,61854833.3333326,13042986.796844298,1.0000000000000024,0.21086447241004264,33.491031427947576,0.5581838571324595,1.7268754350604938
1145,100,45,4,300,4,0.9323062512622704,102550771.28006308,58076333.33333292,13042986.796844337,1.0000000000000056,0.22458351015349506,35.10261263827119,0.5850435439711865,1.697016603356253
1146,100,45,4,300,4,0.9850638729922607,104217194.79054503,59359666.66666624,13038296.79057239,0.9996404193038814,0.21964909041334152,34.54132503983486,0.5756887506639143,1.7364718959868484
1147,100,45,4,300,4,0.9507580227012888,98856314.94673261,55247500.000000186,13042986.796844326,1.0000000000000047,0.23608284170042595,36.4144668141808,0.6069077802363466,1.7465320762979761
1148,100,45,4,300,4,1.0,99893061.28006427,56041333.33333305,13042986.796844337,1.0000000000000056,0.23273869519243656,36.03653701138914,0.6006089501898191,1.7867999063437683
1149,100,45,4,300,4,0.9997161743485272,122636833.61339411,73456166.66666436,13042986.796844313,1.0000000000000038,0.17756149536133417,29.35333450754422,0.48922224179240364,1.6309876124299982
1150,100,45,2,300,4,0.9705014782113176,98495293.55151105,54989000.000000276,13031556.638122242,0.9991236548115813,0.2369847903784789,36.54793919790063,0.6091323199650105,1.7692216304791113
1151,100,45,2,300,4,1.0,112642886.2800621,65803833.3333321,13042986.796844337,1.0000000000000056,0.19821013664621231,31.95763282423249,0.5326272137372082,1.691195323054178
1152,100,45,2,300,4,0.9842430324035345,102170072.2800634,57784833.333333015,13042986.796844346,1.0000000000000062,0.22571643880333797,35.233409546118466,0.5872234924353078,1.7520396758815129
1153,100,45,2,300,4,0.9413800151116116,108934063.94672969,62963999.999999136,13042986.796844337,1.0000000000000056,0.20714990783375445,33.04567799619,0.5507612999365,1.657861241315115
1154,100,45,2,300,4,1.0,107392113.2800624,61783333.333332494,13042986.7968443,1.0000000000000027,0.21110849954428612,33.520152365493225,0.5586692060915538,1.7275560057269828
1155,100,45,2,300,4,0.9323062512622704,102605840.94672973,58118499.99999957,13042986.796844337,1.0000000000000056,0.22442056826732337,35.083772685698484,0.5847295447616414,1.6965722506377705
1156,100,45,2,300,4,0.9850638729922607,104229166.45721166,59368833.33333289,13038296.790572392,0.9996404193038816,0.21961517615425305,34.53735765485371,0.5756226275808951,1.7363786414965583
1157,100,45,2,300,4,0.9507580227012888,98877863.94673268,55264000.000000216,13042986.796844337,1.0000000000000056,0.23601235518319857,36.40653080793977,0.6067755134656628,1.7463434203135106
1158,100,45,2,300,4,1.0,99972074.28006439,56101833.333333194,13042986.796844337,1.0000000000000056,0.23248771068404245,36.00805550873563,0.6001342584789272,1.7861244270261611
1159,100,45,2,300,4,0.9997161743485272,121367836.94672726,72484499.99999774,13042986.796844311,1.0000000000000036,0.17994173646565428,29.660246821240477,0.4943374470206746,1.6380070105417253
1160,100,50,8,300,4,1.0,101881441.88484317,57583166.66666656,13031556.638122216,0.9991236548115793,0.22630844033914263,35.333225888860724,0.5888870981476787,1.769933850418993
1161,100,50,8,300,4,1.0,112617109.61339535,65785499.99999871,13042986.796844337,1.0000000000000056,0.19826537454066007,31.964947532020645,0.5327491255336774,1.6913614251662055
1162,100,50,8,300,4,1.0,104667922.94672942,59698833.33333284,13042986.796844328,1.0000000000000049,0.218479760299801,34.39258082757706,0.5732096804596177,1.7479934886994584
1163,100,50,8,300,4,0.9844181857417493,115995513.94672816,68372333.33333148,13042986.796844333,1.0000000000000053,0.19076410239294675,31.033958793037772,0.5172326465506295,1.6542621142067362
1164,100,50,8,300,4,1.0,109061524.61339737,63062999.99999942,13042986.796844304,1.0000000000000029,0.2068247117461019,33.00705737207154,0.550117622867859,1.7155773922647406
1165,100,50,8,300,4,1.0,104715809.61339597,59735499.99999943,13042986.796844337,1.0000000000000056,0.21834565370415351,34.37685305867595,0.5729475509779325,1.7476240739412552
1166,100,50,8,300,4,1.0,105505939.61339514,60340499.999999225,13042986.796844328,1.0000000000000049,0.2161564255656565,34.119406103492636,0.5686567683915439,1.741581908844069
1167,100,50,8,300,4,1.0,101856975.61339831,57546499.99999994,13042986.796844305,1.000000000000003,0.2266512610991862,35.341713008082685,0.5890285501347114,1.7703495590140603
1168,100,50,8,300,4,1.0,100666991.94673038,56635333.333332926,13042986.796844337,1.0000000000000056,0.2302976963175714,35.75948710084528,0.5959914516807546,1.7802296087348117
1169,100,50,8,300,4,1.0,124672577.94672734,75016333.33333087,13042986.796844311,1.0000000000000036,0.1738686259016224,28.87403195864127,0.4812338659773545,1.6203287666986523
1170,100,50,6,200,4,1.0,89515141.63115327,54917500.00000011,8695324.531229496,0.9999999999999991,0.15833431112540589,27.948344318200995,0.46580573863668323,1.592473187537008
1171,100,50,6,200,4,1.0,111480755.6311519,71736499.99999857,8695324.531229505,1.0000000000000002,0.12121199851163184,22.441541464587125,0.37402569107645206,1.4709952898857577
1172,100,50,6,200,4,1.0,97244049.63115267,60835499.99999937,8695324.531229507,1.0000000000000002,0.14293175088935897,25.727024013184806,0.4287837335530801,1.5431291342645674
1173,100,50,6,200,4,0.9973770669261526,96161810.96448539,60006833.33333261,8695324.531229502,0.9999999999999997,0.1449055723858606,26.01656494306215,0.4336094157177025,1.5469109405525434
1174,100,50,6,200,4,1.0,89994008.29782072,55284166.66666688,8695324.531229505,1.0000000000000002,0.15728417475581263,27.799628523275626,0.46332714205459374,1.5891544818592438
1175,100,50,6,200,4,0.9589982241347834,101271318.2978197,63919166.66666576,8695324.531229494,0.9999999999999988,0.1360362624340057,24.703934362172333,0.4117322393695389,1.4795594734515267
1176,100,50,6,200,4,1.0,100313584.96448578,63185833.33333227,8695324.531229502,0.9999999999999997,0.13761509617761863,24.93979256035678,0.41566320933927964,1.5257552862813746
1177,100,50,6,200,4,1.0,94782674.96448633,58950833.33333298,8695324.531229498,0.9999999999999994,0.1475012996349424,26.39511916009321,0.43991865266822017,1.557919692376174
1178,100,50,6,200,4,1.0,103747058.96448508,65814833.3333318,8695324.531229502,0.9999999999999997,0.132118005787394,24.11441851914493,0.40190697531908215,1.5076013799489973
1179,100,50,6,200,4,1.0,111073718.96448435,71424833.33333129,8695324.531229498,0.9999999999999994,0.12174091454507766,22.523779912329637,0.3753963318721606,1.4727890635082228
1180,100,50,10,200,4,1.0,90697942.29781938,55823166.66666644,8695324.531229498,0.9999999999999992,0.1557655190568348,27.5838672478918,0.45973112079819667,1.5843435360436644
1181,100,50,10,200,4,1.0,112749752.29781836,72708166.66666509,8695324.531229502,0.9999999999999999,0.11959213015360068,22.18896227276597,0.36981603787943285,1.4654897420023134
1182,100,50,10,200,4,1.0,98108403.96448612,61497333.33333266,8695324.531229509,1.0000000000000007,0.14139352163610786,25.50036387204522,0.425006064534087,1.5381208818429732
1183,100,50,10,200,4,0.9973770669261526,96118712.96448518,59973833.33333256,8695324.531229502,0.9999999999999997,0.14498530522304917,26.028230329346876,0.43380383882244794,1.5471691499270397
1184,100,50,10,200,4,1.0,90353158.29782075,55559166.666666724,8695324.531229507,1.0000000000000002,0.15650566869366586,27.689126170372525,0.4614854361728754,1.5866899711278082
1185,100,50,10,200,4,0.9589982241347834,101304838.96448629,63944833.3333324,8695324.531229494,0.9999999999999988,0.13598165915770555,24.695760099643792,0.41159600166072985,1.4793795531216778
1186,100,50,10,200,4,1.0,101185122.2978194,63853166.66666567,8695324.531229503,1.0,0.13617687242704704,24.72497876354215,0.41208297939236915,1.5210244773340067
1187,100,50,10,200,4,1.0,95058023.29781938,59161666.666666165,8695324.531229509,1.0000000000000007,0.1469756519913725,26.3186621518711,0.43864436919785166,1.5562248907909497
1188,100,50,10,200,4,1.0,106725609.63115244,68095499.99999878,8695324.531229502,0.9999999999999997,0.12769308590479045,23.441421498048232,0.39069035830080384,1.4928448270246362
1189,100,50,10,200,4,1.0,111018649.29781754,71382666.66666456,8695324.531229498,0.9999999999999994,0.12181282848165413,22.534952603221605,0.37558254338702673,1.47303280617235
1190,100,45,10,200,4,0.9883661086278328,89275939.77992392,54734166.666666605,8694542.759033743,0.9999100928098827,0.1588503724188198,28.023227827869885,0.46705379713116474,1.5825002036940534
1191,100,45,10,200,4,1.0,112751585.63115169,72708166.66666509,8695324.531229502,0.9999999999999999,0.11959213015360068,22.188601481705348,0.3698100246950891,1.4654837288179696
1192,100,45,10,200,4,0.9450030994676034,94930562.6311546,59062666.66666686,8695324.531229496,0.9999999999999991,0.14722201048427885,26.353999498776297,0.43923332497960493,1.5020140328346314
1193,100,45,10,200,4,0.9729097294407449,94846760.96448638,58998499.99999956,8695324.531229502,0.9999999999999997,0.1473821288885237,26.37728452252316,0.4396214087087193,1.5304368412602833
1194,100,45,10,200,4,1.0,90354991.63115408,55559166.666666724,8695324.531229507,1.0000000000000002,0.15650566869366586,27.688564348639577,0.4614760724773263,1.586680607432259
1195,100,45,10,200,4,0.9398939501473442,103806356.29781908,65858833.333331995,8695324.531229494,0.999999999999999,0.1320297383225688,24.100643633250826,0.4016773938875138,1.447195134692913
1196,100,45,10,200,4,0.9916997291175512,100414362.41591868,63266499.99999912,8692197.86038154,0.9996404193038759,0.13739021220364112,24.914762587820704,0.4152460431303451,1.5168579420108093
1197,100,45,10,200,4,0.9830524670496876,95517174.29782058,59511833.33333305,8695324.531229503,1.0,0.14611084962760143,26.192148358570986,0.4365358059761831,1.5364769527279518
1198,100,45,10,200,4,0.9822360893919986,98411923.2978203,61728333.333333,8695324.531229502,0.9999999999999997,0.14086439827031697,25.42171635472357,0.4236952725787262,1.5186228805869784
1199,100,45,10,200,4,1.0,111020482.63115087,71382666.66666456,8695324.531229498,0.9999999999999994,0.12181282848165413,22.534580472973264,0.3755763412162211,1.4730266040015443
1200,100,50,6,600,4,1.0,129736124.22679953,58430166.666666366,26085973.59368824,0.9999999999999888,0.4464470167012195,53.13708915759294,0.885618152626549,2.242775765987525
1201,100,50,6,600,4,1.0,137730803.22679564,64551666.666665465,26085973.593688197,0.9999999999999872,0.4041099934474506,50.052710348666615,0.8342118391444436,2.157499833902404
1202,100,50,6,600,4,1.0,126283495.56013411,55786499.99999995,26085973.593688257,0.9999999999999896,0.4676036961216115,54.589873121759496,0.9098312186959916,2.2839141755932806
1203,100,50,6,600,4,0.9781937385275874,135947024.89346278,63185833.33333225,26085973.59368819,0.999999999999987,0.4128452885328511,50.70945837470474,0.8451576395784123,2.153627608932281
1204,100,50,6,600,4,1.0,142718199.5601259,68370499.99999808,26085973.59368823,0.9999999999999886,0.3815384353440295,48.30358021084553,0.8050596701807589,2.1102904184559828
1205,100,50,6,600,4,0.9850361241078076,133114528.56013069,61016999.99999917,26085973.59368823,0.9999999999999886,0.4275197665189797,51.78848676075146,0.8631414460125243,2.1901933833355156
1206,100,50,6,600,4,1.0,134691045.7696878,62259999.9999992,26063113.276244055,0.999123654811565,0.41861730286290383,51.18231847266159,0.8530386412110266,2.1879324835013496
1207,100,50,6,600,4,1.0,129003458.2267991,57869166.66666626,26085973.59368819,0.999999999999987,0.4507749998189313,53.43887749024612,0.8906479581707687,2.251267958025914
1208,100,50,6,600,4,1.0,127236440.22680089,56516166.66666666,26085973.593688253,0.9999999999999893,0.46156657700342246,54.1810191145846,0.9030169852430767,2.2722702468458147
1209,100,50,6,600,4,1.0,146233080.89345947,71061833.33333163,26085973.593688313,0.9999999999999918,0.36708838444015573,47.14254775923508,0.7857091293205847,2.079379836872709
1210,100,50,10,600,4,1.0,129949219.89346656,58593333.33333314,26085973.593688272,0.9999999999999902,0.4452037818925081,53.04995294047624,0.8841658823412707,2.240328907855277
1211,100,50,10,600,4,1.0,138753183.56012815,65334499.99999858,26085973.593688197,0.9999999999999872,0.39926797624055843,49.68390506883468,0.828065084480578,2.1474794654730247
1212,100,50,10,600,4,1.0,126290678.56013402,55791999.99999994,26085973.593688257,0.9999999999999896,0.4675575995427353,54.58676822864229,0.9097794704773715,2.2838255501115596
1213,100,50,10,600,4,0.9781937385275874,137647001.5601281,64487499.99999855,26085973.593688183,0.9999999999999867,0.40451209294341955,50.08318322857613,0.8347197204762689,2.136523133358592
1214,100,50,10,600,4,1.0,142541018.89345875,68234833.33333127,26085973.59368824,0.9999999999999888,0.3822970222006213,48.363622299856864,0.806060371664281,2.111897989424778
1215,100,50,10,600,4,0.9850361241078076,133389876.89346363,61227833.33333241,26085973.59368822,0.9999999999999882,0.4260476350955085,51.6815830447611,0.8613597174126849,2.1872339495968993
1216,100,50,10,600,4,1.0,134978365.7696881,62479999.999999255,26063113.27624405,0.9991236548115647,0.41714329827535795,51.07336987441976,0.8512228312403294,2.184937469860616
1217,100,50,10,600,4,1.0,131979614.56013066,60147999.99999917,26085973.593688246,0.9999999999999892,0.4336964420045323,52.23382431427807,0.8705637385713011,2.2175208921749268
1218,100,50,10,600,4,1.0,128668251.56013322,57612499.999999724,26085973.593688257,0.9999999999999896,0.45278322575289015,53.57809651107427,0.8929682751845712,2.2551948557868835
1219,100,50,10,600,4,1.0,147360811.89345858,71925333.33333142,26085973.593688313,0.9999999999999918,0.36268130274482346,46.78177265326277,0.7796962108877128,2.0698412530835713
1220,100,45,8,600,4,0.9858246218973196,126055472.89346811,55610500.000000134,26085973.59368832,0.9999999999999919,0.4690836010049947,54.688621142424196,0.9114770190404032,2.2725685217417184
1221,100,45,8,600,4,1.0,137727847.89346233,64547999.9999988,26085973.593688197,0.9999999999999872,0.404132949025356,50.05378436852229,0.8342297394753715,2.1575360986956564
1222,100,45,8,600,4,0.9456137889809608,127039543.89346743,56363999.99999997,26085973.593688197,0.9999999999999872,0.4628126746449544,54.264993314058096,0.9044165552343016,2.220280483931226
1223,100,45,8,600,4,0.9107755845832506,129448226.33977918,58211999.999999784,26083628.277101014,0.9999100928098738,0.44807991955440646,53.25526810931321,0.8875878018218868,2.1568273220486622
1224,100,45,8,600,4,0.9877813643937005,141898776.56012595,67741666.66666476,26085973.59368823,0.9999999999999886,0.38508018590757487,48.58251894144366,0.809708649024061,2.1055541621438216
1225,100,45,8,600,4,0.9253526577919029,128401919.56013265,57407166.66666631,26085973.59368823,0.9999999999999886,0.4544027359015291,53.68922850698914,0.8948204751164857,2.183695321629612
1226,100,45,8,600,4,0.9916617335387286,131312080.43635663,59671333.33333301,26063113.27624404,0.9991236548115644,0.4367777929588331,52.49935860502367,0.8749893100837279,2.216073277989523
1227,100,45,8,600,4,0.984124449539239,127051515.56013417,56373166.66666661,26085973.593688253,0.9999999999999893,0.4627374181041502,54.259880093576115,0.9043313348929353,2.2586457189154943
1228,100,45,8,600,4,1.0,128227133.22680028,57273333.33333315,26085973.59368824,0.9999999999999888,0.45546456047645767,53.76241226423326,0.8960402044038877,2.2604118527850536
1229,100,45,8,600,4,1.0,146244491.56012598,71069166.66666493,26085973.593688313,0.9999999999999918,0.36705050610821316,47.13886948121892,0.785647824686982,2.0792882295735526
1230,100,50,6,500,4,1.0,124238964.58585003,61071999.99999924,21719261.063536838,0.9991236548115704,0.35563369569585257,46.650420979603865,0.7775070163267311,2.0620139728834133
1231,100,50,6,500,4,1.0,135981499.91121444,70033333.3333314,21738311.32807367,0.9999999999999948,0.3103994954032499,42.621974340511144,0.710366239008519,1.958685835331119
1232,100,50,6,500,4,0.9662849854541722,127371477.24455033,63440666.666665494,21738311.328073602,0.9999999999999918,0.34265578327372564,45.50312303336324,0.7583853838893873,1.99879499596254
1233,100,50,6,500,4,0.9611135234730952,126736978.91121842,62954833.33333248,21738311.32807362,0.9999999999999926,0.34530011719630604,45.73093070223857,0.7621821783706427,1.9995357956007829
1234,100,50,6,500,4,1.0,125235731.91121823,61805333.333332404,21738311.328073643,0.9999999999999937,0.3517222568938059,46.27912426869308,0.7713187378115514,2.0526965433265962
1235,100,50,6,500,4,1.0,131219170.91121437,66386833.33333148,21738311.32807362,0.9999999999999926,0.3274491376765105,44.168850936587305,0.7361475156097884,1.9981068257509969
1236,100,50,6,500,4,1.0,130905513.2445494,66146666.66666518,21738311.328073572,0.9999999999999905,0.3286380466852559,44.2746822219218,0.7379113703653634,2.000821807713568
1237,100,50,6,500,4,0.9870293793979175,123382517.91121864,60386333.333332546,21738311.3280736,0.9999999999999917,0.35998727076337167,46.97423993381653,0.7829039988969421,2.0579231949055568
1238,100,50,6,500,4,1.0,124641937.24455288,61350666.666666076,21738311.328073613,0.9999999999999922,0.35432885262980823,46.49959819405237,0.7749933032342061,2.0584563853380526
1239,100,50,6,500,4,1.0,137597674.9112149,71270833.33333144,21738311.328073673,0.999999999999995,0.30500992217116757,42.121351278208365,0.7020225213034728,1.946030459040407
1240,100,45,8,500,4,0.9693109045276116,120678029.91918515,58343999.99999965,21719261.063536845,0.9991236548115706,0.3722621188731827,48.0269689841746,0.8004494830695766,2.0675700826957346
1241,100,45,8,500,4,1.0,138152599.24454898,71694333.33333156,21738311.32807367,0.9999999999999948,0.30320822186887214,41.952160376951305,0.6992026729491884,1.941769250444286
1242,100,45,8,500,4,0.9347771990200837,122675628.57788631,59843666.66666613,21738311.328073654,0.9999999999999941,0.3632516611850964,47.244917895980194,0.7874152982663366,2.0127938262344975
1243,100,45,8,500,4,0.9153853514638469,132686336.24455105,67508833.33333224,21738311.32807363,0.9999999999999929,0.32200691753534444,43.68045847100562,0.728007641183427,1.9009985266755494
1244,100,45,8,500,4,1.0,129267228.24454905,64890833.33333183,21738311.32807367,0.9999999999999948,0.33499818404871007,44.83580315527031,0.7472633859211719,2.01526193316014
1245,100,45,8,500,4,0.9439271213541498,129018217.57788381,64700166.666665494,21738311.328073617,0.9999999999999925,0.33598539923504595,44.9223381690363,0.748705636150605,1.9614210768927915
1246,100,45,8,500,4,0.9760148162765913,131756610.25251365,66826833.33333187,21719261.06353685,0.9991236548115708,0.3250080840311749,43.98868480975836,0.733144746829306,1.9691660303308371
1247,100,45,8,500,4,0.9874297931132925,122304506.91122049,59559499.99999961,21738311.328073643,0.9999999999999937,0.3649847854342932,47.38827821126092,0.7898046368543487,2.069222258315076
1248,100,45,8,500,4,0.9898238971388739,129451591.91121826,65031999.999999076,21738311.32807363,0.999999999999993,0.3342709947114334,44.77194845139434,0.7461991408565722,2.0034398337645927
1249,100,45,8,500,4,0.986234578803854,145687566.2445479,77463833.33333087,21738311.32807368,0.9999999999999953,0.2806252981895771,39.782392893236334,0.6630398815539389,1.8737746989094546
1250,100,30,10,900,4,0.9423577387317356,124574584.82351854,44940500.00000127,32161440.616649367,0.8219344520185818,0.7156449219890402,81.78072609619997,0.6955780158389269,2.210451692161895
1251,100,30,10,900,4,0.9571841090103468,156731021.49043623,59803333.33333294,38381829.261642046,0.9809059294846096,0.6418008348750175,65.00180948939749,0.9200166682041577,2.3906414451145186
1252,100,30,10,900,4,0.9756966132618993,140481738.68914497,50363500.00000057,36468280.961026624,0.9320022969444923,0.7241014020277822,72.52045778379316,0.8116595530377078,2.366637287921833
1253,100,30,10,900,4,0.8728229384608387,120571830.67714371,44280500.000000834,30628598.183084935,0.7827603360117763,0.6916949488620128,84.49568977085507,0.6648050121189291,2.0909839096693776
1254,100,30,10,900,4,0.8927872615168336,144720104.58031133,53683666.666666746,36420564.135502614,0.9307828210103565,0.678429146087312,70.39657709994506,0.840905253239967,2.2764358316266504
1255,100,30,10,900,4,0.9458730276882492,136660712.07034168,49014166.666667685,35463499.464945,0.9063235800541574,0.7235357015477347,74.54812612681368,0.7846882539673504,2.3093898428937876
1256,100,30,10,900,4,0.9581448163787595,138973743.15309605,49160833.3333339,36498874.97304128,0.932784173378451,0.7424380853262087,73.30737280909914,0.8010839372590727,2.3531792218987992
1257,100,30,10,900,4,0.9790440014550817,130739425.44927502,47221166.666667484,33716486.96076432,0.8616760226760838,0.7140121547349262,77.92446666329215,0.741751415821364,2.2920051410643865
1258,100,30,10,900,4,0.9673163759437927,129080906.62386945,47245000.0000009,32891867.55679171,0.8406016216252415,0.6961978528265654,78.92569293525621,0.7294764341980637,2.2537510924031086
1259,100,30,10,900,4,0.8487383444035872,156967991.45874903,62115166.666665874,37023954.99857764,0.9462033907636233,0.5960533793181715,64.90367816598672,0.9215226069199743,2.247103654778099
1260,100,30,4,900,4,0.8814824900441803,122036840.63814496,43662666.66666794,31737383.099792164,0.81109701824511,0.7268768841372776,83.48134831028727,0.6761395392907813,2.139123536644784
1261,100,30,4,900,4,0.9466598734999319,155433292.82376897,58809666.66666607,38381829.26164232,0.9809059294846169,0.6526449040969917,65.54451633184519,0.9117325344678329,2.380508331245358
1262,100,30,4,900,4,0.8353884416683685,149695978.3400053,55113666.666666664,37937544.98454837,0.9695515701390143,0.6883509532036525,68.05660454591768,0.874348061909638,2.2604172661409283
1263,100,30,4,900,4,0.8072683579512532,144525028.919229,50875000.0000005,38115558.28171225,0.9741009702607448,0.7492001627854913,70.49159634275996,0.8395746041546072,2.2462030923342535
1264,100,30,4,900,4,0.8401170153024393,144304926.0263017,50917166.66666708,37981262.25458016,0.9706688313592324,0.7459421790538198,70.59911453156576,0.8380714590054421,2.2749422175509375
1265,100,30,4,900,4,0.8295936278406734,132339136.85937461,46731666.666668005,34809214.34490201,0.8896023302812834,0.7448742325668036,76.98251811046416,0.7534881644222702,2.178981178316387
1266,100,30,4,900,4,0.9126670998532309,144525610.9674116,50867666.66666731,38120516.496214665,0.9742276849613893,0.7494056439823762,70.49131245186155,0.8395785766238161,2.351770191662948
1267,100,30,4,900,4,0.8863055469836346,134188067.77469975,47015833.33333454,35530448.72687329,0.9080345701050071,0.7557124102207918,75.92180265316289,0.7669272152013724,2.2578026903616406
1268,100,30,4,900,4,0.8089033685000383,145469873.0300567,52479166.66666715,37554212.476031825,0.9597549257945024,0.715602302044268,70.0337450483305,0.8460057826303258,2.2273909927657787
1269,100,30,4,900,4,0.8290883117827075,158401476.60452545,61110499.99999926,38363915.86360581,0.9804481253963475,0.6277794464716583,64.31631963529902,0.9305879757795156,2.2618998447395495
1270,100,40,10,900,4,0.9438071185333006,148110473.00340164,54640666.66666667,37467022.45163612,0.9575266523232553,0.6856984868102411,68.78514255886563,0.8637956601136589,2.3561615680951524
1271,100,40,10,900,4,1.0,163409939.15709934,64920166.666665345,38381829.26164213,0.9809059294846117,0.5912158152445117,62.34504493760098,0.9616698463407237,2.4346424985363333
1272,100,40,10,900,4,0.9275697688946517,162712324.65709972,64463666.66666541,38332329.26164217,0.9796408818189976,0.594634640624066,62.61234372669551,0.9573951554841365,2.360672636878041
1273,100,40,10,900,4,0.8973844194983464,149227911.26978302,55775500.000000075,37289055.60588081,0.9529784393378071,0.6685561869616725,68.27007034616932,0.87124286548312,2.3034722345508043
1274,100,40,10,900,4,0.9939075388791516,164308347.6571001,65536166.666665606,38427662.594975285,0.9820772699157327,0.5863581065158817,62.004153442411926,0.9671491481931659,2.430143172285023
1275,100,40,10,900,4,0.8820210639081436,155554255.22593987,58787666.666666225,38456676.04975209,0.9828187528094059,0.6541623138031057,65.49354747771056,0.9125073628982004,2.3178582778488286
1276,100,40,10,900,4,0.9780953685023333,151826396.96203375,56697666.66666705,37969453.86141185,0.9703670499408033,0.6696828298885595,67.10163847560446,0.8883756099362781,2.402217242349459
1277,100,40,10,900,4,0.9850172136587201,142742033.67714164,52578166.66666683,36161598.18308516,0.924164552857234,0.6877683357113069,71.37210909466991,0.8273436339521609,2.3625755161799264
1278,100,40,10,900,4,0.9390126937916086,151538938.70487753,56758166.66666669,37790600.14879354,0.9657961717259662,0.6658178438132579,67.22892536446204,0.8864929648172595,2.3581599336594743
1279,100,40,10,900,4,0.9451289592032384,169137879.32376456,69147833.33333173,38482662.594975464,0.9834828784330876,0.5565273811178902,60.23369833376273,0.9961126033362241,2.386463467433775
1280,100,30,6,800,4,0.8709494083421186,137493636.4230611,51294833.33333399,34416341.67385329,0.9895071066711204,0.6709514279967024,66.11069600364003,0.9031695922540999,2.3108801429935806
1281,100,30,6,800,4,0.86272203156673,150766323.41742462,61625666.66666637,34309274.15849629,0.9864287996173565,0.5567367626881081,60.29065240805267,0.9951675074458424,2.303278949163059
1282,100,30,6,800,4,0.8572512104707933,138450350.66368365,53392166.66666722,33546452.414355658,0.9644968481013166,0.6283028861478801,65.65386043752584,0.9100725045712813,2.2699660239603787
1283,100,30,6,800,4,0.766417095590131,132027922.23335832,47875666.66666738,33928160.84269862,0.9754713789245205,0.7086723424432337,68.84755774565511,0.8628975611951794,2.1962525307398977
1284,100,30,6,800,4,0.8505889084511082,131444266.3116526,49043500.00000063,32898953.299976002,0.9458805471209983,0.6708116936999924,69.15326362314052,0.8585121950152405,2.245750458426343
1285,100,30,6,800,4,0.8339951364548911,141808681.5897256,54653499.99999997,34381508.3405202,0.9885056106025152,0.629081547211436,64.09903750673173,0.9339640874325617,2.2712244616566015
1286,100,30,6,800,4,0.8470115436906849,133394601.25609416,48709833.33333434,34063474.34004779,0.9793617885596985,0.6993141222007964,68.14218802265606,0.8731017885074042,2.2795646299587258
1287,100,30,6,800,4,0.8827516837257587,129833457.65741038,47752833.33333421,32935459.894618995,0.946930151264923,0.6897069261778894,70.0112294935957,0.8463233136965799,2.28084053836465
1288,100,30,6,800,4,0.9715587120435792,137227358.41742757,51241666.666667245,34320274.15849643,0.9867450615337645,0.6697727921645025,66.23897818064839,0.901240645709382,2.408617591484563
1289,100,30,6,800,4,0.8517898156867911,146877028.75639224,58479666.66666659,34416341.673853315,0.9895071066711212,0.5885180890312877,61.88714516465463,0.9690370627111429,2.291641349622964
1290,100,35,10,800,4,0.9431058695660466,134047134.91574071,50636666.66666757,33154700.62586815,0.95323355979389,0.6547567762333136,67.81047581295685,0.8779421315788678,2.3448534221315653
1291,100,35,10,800,4,0.924636321124522,147014964.0840903,58754666.66666598,34309274.158496656,0.9864287996173671,0.5839412612643035,61.82908016629365,0.9699753022195148,2.3617646323554795
1292,100,35,10,800,4,0.918090091218667,147272849.917424,58943499.999999404,34314774.15849645,0.9865869305755629,0.5821638375477668,61.720812798127135,0.9717271602055784,2.355548321462459
1293,100,35,10,800,4,0.8294933388390611,137553347.38419297,52092333.333333544,33938064.12112863,0.9757561089076986,0.6514982522276822,66.08199780563508,0.9036016845779637,2.2542936251991708
1294,100,35,10,800,4,0.9690105669702543,139037217.45832962,55571999.99999986,32444372.275091894,0.9328108502036645,0.5838258884886629,65.37673988422758,0.9142855563756883,2.350356834136873
1295,100,35,10,800,4,0.9304671053623125,122455717.08575946,44947833.33333472,31123562.755370934,0.8948361456662652,0.6924374424136863,74.2292823587333,0.7888692357894107,2.273286295082672
1296,100,35,10,800,4,0.9518499125004841,138629366.20246935,52268333.33333369,34351027.917261295,0.9876292654140915,0.657205342634375,65.56907997923233,0.9113593529207437,2.388973539528728
1297,100,35,10,800,4,0.9397237493029911,135362168.1948527,52515833.33333376,32598742.40841915,0.9372491587674459,0.6207412191577567,67.15170214262015,0.8876346634214176,2.323951388050614
1298,100,35,10,800,4,0.9791515471993919,141738843.4174265,54697500.00000017,34320274.15849633,0.9867450615337614,0.6274559926595589,64.13062066006972,0.9334725912858024,2.4145889326128414
1299,100,35,10,800,4,0.9299837935475497,156256193.42305407,65662666.66666547,34416341.67385342,0.9895071066711241,0.524138653225385,58.17241416722551,0.9695402361204252,2.3188349522482827
1300,100,35,2,900,4,0.9233917320883159,134007228.84381194,47657500.00000131,35034098.18308526,0.8953495782515531,0.735122450466019,76.02425695910838,0.7656187494098594,2.2771084418709906
1301,100,35,2,900,4,0.890199799331894,162118832.4904328,63930166.6666653,38381829.261642195,0.9809059294846134,0.6003711747189201,62.841557908463336,0.9537446570207523,2.3242413961277824
1302,100,35,2,900,4,0.8860915911265806,158078728.65710166,60914333.33333251,38332329.26164234,0.9796408818190017,0.6292825869386437,64.44763369838954,0.9285535480302975,2.318071208707793
1303,100,35,2,900,4,0.8564158623504625,142643165.14194342,50928166.66666711,37164135.0944896,0.9497859059777477,0.7297363625463827,71.42157838310848,0.8266617800665781,2.266866732454147
1304,100,35,2,900,4,0.9044079234961585,157081688.65710184,60001333.33333259,38427662.59497554,0.9820772699157391,0.6404468110982425,64.8567002754805,0.9222444092581418,2.3390097816328943
1305,100,35,2,900,4,0.8728680976462633,149321244.55927518,54013666.66666691,38456676.049752206,0.982818752809409,0.711980474998649,68.22739811785998,0.87186271711856,2.3143151947637426
1306,100,35,2,900,4,0.9081372440314586,143385027.65710676,49490833.33333426,38442329.26164231,0.9824520988537019,0.7767565561630927,71.05204892356869,0.831768755084973,2.361311244046906
1307,100,35,2,900,4,0.975104475997644,140978348.57337627,51485500.00000066,35996397.70947184,0.9199426038975755,0.6991560285803065,72.26499744886333,0.8151227006342878,2.3495519994961773
1308,100,35,2,900,4,0.8699962445791805,144749509.6293832,52968666.66666696,36891539.43194229,0.9428193098855792,0.6964785363411468,70.38227643109019,0.8411057022530578,2.2682847759051556
1309,100,35,2,900,4,0.8950961527717373,164954417.99043223,65943166.66666522,38482662.59497556,0.9834828784330902,0.5835731667164362,61.76130426886122,0.9710716037363555,2.3330262898812415
1310,100,45,4,400,4,0.9502736321986144,109670564.26230994,56706833.333333194,17390649.062459014,1.0000000000000002,0.3066764275168317,42.8355596745523,0.7139259945758717,1.9095407687879513
1311,100,45,4,400,4,1.0,117478485.26230575,62685333.333332285,17390649.06245899,0.9999999999999988,0.27742771933561194,39.98859867413817,0.6664766445689695,1.888418820037459
1312,100,45,4,400,4,0.9357959961664046,110221260.928976,57128499.99999983,17390649.06245898,0.9999999999999986,0.3044128423196659,42.621541074794564,0.7103590179132427,1.88968528793538
1313,100,45,4,400,4,0.936649109160042,119724369.92897329,64404999.99999905,17390649.062458985,0.9999999999999987,0.2700201702113072,39.238460831215725,0.6539743471869287,1.8066395925160164
1314,100,45,4,400,4,0.9777285993709636,119413106.59563828,64166666.66666538,17390649.06245895,0.9999999999999968,0.271023102272093,39.340740174425655,0.6556790029070942,1.8502260840957323
1315,100,45,4,400,4,0.8973641448457822,112292359.2623081,58714333.33333287,17390649.06245898,0.9999999999999986,0.2961908630338836,41.8354376990711,0.6972572949845184,1.8315741302574076
1316,100,45,4,400,4,0.9605054542754917,114568560.89318238,60459666.666665964,17389085.518067446,0.9999100928098803,0.28761464422123256,41.00426821612936,0.6834044702688227,1.8740016399213004
1317,100,45,4,400,4,1.0,101587294.92898065,50517500.00000087,17390649.06245899,0.9999999999999988,0.34424999381320703,46.24397178096156,0.770732863016026,2.0461328580665916
1318,100,45,4,400,4,0.9830858158636822,117313276.2623073,62558833.33333266,17390649.062458962,0.9999999999999973,0.2779887049650726,40.04491349722368,0.6674152249537281,1.8728920047894682
1319,100,45,4,400,4,0.9905278503852715,126742160.92897113,69778499.99999812,17390649.062458985,0.9999999999999987,0.2492264675001534,37.06580324626737,0.6177633874377896,1.8076724118231837
