int(self),self.nb_electrical,self.nb_activeCS_Cparking,self.nb_activeCS_Cparking_fast,self.nb_solar,self.nb_wind,self.avg_statisfied_day,self.monthly_profit,self.monthly_energy_consumption,self.monthly_renew_charge,self.self_consumption,self.self_sufficiency,self.payback_period,self.payback_period_norm,self.metric
0,100,45,2,400,0,0.9792087970893726,124405291.5956377,67989166.66666485,17390649.06245898,0.9999999999999986,0.2557855893089749,35.31843335315224,0.5886405558858706,1.772477824422423
1,100,45,2,400,0,0.9392572005848676,109423947.92897648,56517999.99999983,17390649.06245897,0.9999999999999979,0.3077010697911997,40.15391587636623,0.6692319312727705,1.854649987690598
2,100,45,2,400,0,0.9762855309179974,123018972.59563828,66927666.66666517,17390649.062459003,0.9999999999999997,0.25984245273443557,35.716442003156395,0.5952740333859399,1.7794335264914858
3,100,45,2,400,0,0.9222583889670479,126950467.92897004,69937999.9999978,17390649.06245899,0.9999999999999988,0.24865808376647222,34.61034899421065,0.5768391499035109,1.6980240058837368
4,100,45,2,400,0,0.9470265400996953,114159939.26230854,60144333.33333306,17390649.062459037,1.0000000000000018,0.28914858804862387,38.4881073727995,0.6414684562133249,1.8198138667519195
5,100,45,2,400,0,1.0,115227811.92897362,60961999.99999919,17390649.06245898,0.9999999999999986,0.28527031695907634,38.13141919859015,0.6355236533098358,1.863739906877097
6,100,45,2,400,0,0.9745765286002576,111770394.5956427,58314666.6666665,17390649.062458977,0.9999999999999982,0.29822084316911174,39.31094648001976,0.6551824413336627,1.8683356444692096
7,100,45,2,400,0,0.9530845500815953,121457867.26230472,65732333.33333186,17390649.06245898,0.9999999999999983,0.2645676515736959,36.175507598128604,0.6029251266354767,1.7676637979760288
8,100,45,2,400,0,1.0,124182618.59563789,67818666.66666496,17390649.062458996,0.9999999999999994,0.25642864888417305,35.38176316209795,0.5896960527016325,1.794838971808971
9,100,45,2,400,0,0.9772242353438422,132684795.40200858,74352666.66666439,17375408.850829564,0.9991236548115768,0.23368911472572287,33.11457041243994,0.551909506873999,1.7160850339984195
10,100,40,2,400,0,0.9266258268701245,118445234.92897193,63424166.66666554,17390649.06245898,0.9999999999999986,0.27419594101816014,37.095624848351484,0.6182604141391914,1.764242993823844
11,100,40,2,400,0,0.8780092767453853,106926097.26231074,54604000.00000003,17390649.062459003,0.9999999999999997,0.31848672372827985,41.0919327694262,0.6848655461571034,1.8176642018851126
12,100,40,2,400,0,0.9681285394313307,124639375.2623051,68166999.99999838,17390649.062459003,0.9999999999999997,0.2551182986263062,35.25210224099081,0.5875350373498468,1.7597582156822225
13,100,40,2,400,0,0.8899652573047309,122415039.59563974,66463833.33333226,17390649.06245898,0.9999999999999986,0.26165582378074187,35.892648603583034,0.5982108100597172,1.6975007263890416
14,100,40,2,400,0,0.93275756338757,113635019.26230873,59740999.9999997,17390649.06245898,0.9999999999999986,0.29110073588421803,38.66589743657804,0.6444316239429674,1.8100697760379116
15,100,40,2,400,0,0.9607815266083458,114022901.26230796,60037999.99999951,17390649.06245904,1.000000000000002,0.2896606992647854,38.53436416156549,0.6422394026927581,1.8347494887129323
16,100,40,2,400,0,0.9361896484675544,109387471.92897724,56488666.666666776,17390649.062458977,0.9999999999999982,0.30786085224987214,40.167305474001566,0.6694550912333594,1.8519334215008116
17,100,40,2,400,0,0.9089629443340614,118605655.26230535,63546999.99999891,17390649.06245898,0.9999999999999983,0.2736659332849588,37.04545108142424,0.6174241846904039,1.7453198756524326
18,100,40,2,400,0,0.9632457973305164,120504361.59563965,65000833.333332345,17390649.062458996,0.9999999999999994,0.2675450170504367,36.46175077665393,0.6076958462775655,1.7849776572484313
19,100,40,2,400,0,0.9208647483801077,121378293.26230522,65669999.99999866,17390649.062458985,0.9999999999999987,0.2648187766477743,36.19922378134577,0.6033203963557628,1.73604016605409
20,100,50,2,400,0,0.9883909389438865,121238149.59563842,65565499.99999872,17390649.062458962,0.9999999999999973,0.2652408517049256,36.2410678046019,0.604017796743365,1.8046014170511921
21,100,50,2,400,0,0.9906469001234494,114241907.59564097,60208499.999999374,17390649.06245897,0.9999999999999979,0.28884043054484254,38.46049223505482,0.6410082039175804,1.8627274484769039
22,100,50,2,400,0,0.9797521500776464,126443430.26230408,69551166.66666476,17390649.062458985,0.9999999999999987,0.2500410833625047,34.74913635991336,0.5791522726652226,1.7589372894328728
23,100,50,2,400,0,0.9479119447411355,129819440.26230283,72136166.6666641,17390649.06245899,0.9999999999999988,0.2410808595197454,33.845470224815614,0.5640911704135936,1.7048678027705255
24,100,50,2,400,0,0.9938281788364113,117057643.59563923,62364499.99999907,17390649.06245898,0.9999999999999986,0.27885494251471976,37.53535322458587,0.6255892204097645,1.8425013532579517
25,100,50,2,400,0,0.994870209021575,113854025.59564063,59911499.99999935,17390649.06245898,0.9999999999999986,0.29027230268745013,38.591520826894985,0.6431920137815831,1.8702800649531182
26,100,50,2,400,0,1.0,112019966.2623097,58507166.66666658,17390649.06245898,0.9999999999999986,0.297239638376934,39.22336478580373,0.6537227464300622,1.8915144571316094
27,100,50,2,400,0,0.978937170654822,126414698.2623038,69529166.66666459,17390649.062458985,0.9999999999999987,0.25012019985559303,34.75703427209942,0.5792839045349903,1.7583172350742866
28,100,50,2,400,0,1.0,124180785.26230456,67818666.66666496,17390649.062458996,0.9999999999999994,0.25642864888417305,35.38228551799753,0.5897047586332922,1.7948476777406306
29,100,50,2,400,0,1.0,129524937.26230381,71910666.66666447,17390649.062459003,0.9999999999999997,0.24183684936578073,33.92242523230888,0.5653737538718147,1.7588432333644393
30,100,45,4,400,0,0.9792087970893726,124345433.26230408,67943333.33333145,17390649.062458992,0.9999999999999991,0.2559581376018173,35.33543520437434,0.5889239200729057,1.772899227243732
31,100,45,4,400,0,0.9392572005848676,109354512.26230974,56464833.333333164,17390649.06245897,0.9999999999999979,0.30799079773768967,40.17941197945768,0.6696568663242947,1.8553067050993142
32,100,45,4,400,0,0.9762855309179974,124077267.92897233,67737999.99999867,17390649.062459003,0.9999999999999997,0.25673402023176567,35.41180486433033,0.5901967477388388,1.7718694948422489
33,100,45,4,400,0,0.9222583889670479,127668767.92897026,70487999.9999978,17390649.06245898,0.9999999999999986,0.24671786775705834,34.41562154374775,0.5735936923957958,1.6932263755684904
34,100,45,4,400,0,0.9470265400996953,114717818.92897508,60571499.99999968,17390649.062459037,1.0000000000000018,0.2871094336851346,38.30093738724514,0.6383489564540857,1.8150630435018886
35,100,45,4,400,0,1.0,116013153.26230666,61563333.33333248,17390649.062458973,0.9999999999999981,0.2824838766981301,37.87329174706236,0.631221529117706,1.8572086304762103
36,100,45,4,400,0,0.9745765286002576,111746451.26230937,58296333.333333164,17390649.062458977,0.9999999999999982,0.29831462920696605,39.319369432915245,0.6553228238819208,1.8685510558477514
37,100,45,4,400,0,0.9447513592752147,120718018.26230484,65165833.33333197,17390649.06245897,0.9999999999999978,0.2668675926156498,36.397217774506814,0.6066202962417803,1.764865729609515
38,100,45,4,400,0,1.0,124534585.59563822,68088166.66666502,17390649.062458996,0.9999999999999994,0.2554136777921678,35.28176513363603,0.5880294188939338,1.7923603611276682
39,100,45,4,400,0,0.9772242353438422,133096620.7353417,74667999.99999766,17375408.850829564,0.9991236548115768,0.23270221314124004,33.012107863631854,0.5502017977271976,1.7135878035840317
40,100,45,2,300,0,0.9673873492925108,109891797.28006136,63697333.33333205,13042986.796844307,1.0000000000000033,0.20476503668669394,29.991319475834853,0.4998553245972476,1.6310547032391134
41,100,45,2,300,0,1.0,96306349.94673379,53295000.000000484,13042986.796844337,1.0000000000000056,0.24473190349646717,34.22204249068601,0.5703673748447667,1.7661528976419407
42,100,45,2,300,0,0.9706153351574187,107152679.94672853,61599999.9999991,13042986.796844339,1.0000000000000058,0.21173679865007353,30.757980123675143,0.5126330020612524,1.6526377761387299
43,100,45,2,300,0,0.9577063631559651,113500057.61339563,66460166.66666536,13042986.796844324,1.0000000000000044,0.19625269467442272,29.037870722728332,0.4839645120454722,1.5986730309409753
44,100,45,2,300,0,0.944080475165415,100582629.2800646,56569333.3333333,13042986.796844337,1.0000000000000056,0.23056638691477735,32.76708934326123,0.5461181557210205,1.6746517404182573
45,100,45,2,300,0,0.9374774296841725,112633308.94672881,65796499.999998696,13042986.79684434,1.000000000000006,0.19823222811007576,29.261326252598916,0.4876887708766486,1.5837519830488818
46,100,45,2,300,0,1.0,103214001.61339624,58584166.66666624,13042986.796844313,1.0000000000000038,0.22263672147214533,31.93171419072502,0.5321952365120837,1.7103046136898
47,100,45,2,300,0,0.9585574958924541,114237512.28006081,67024833.333331525,13042986.796844339,1.0000000000000058,0.19459931712143544,28.85041817017276,0.48084030283621265,1.5950772524258152
48,100,45,2,300,0,0.9751871167353441,110990796.28006323,64538833.33333248,13042986.796844285,1.0000000000000016,0.20209517469086247,29.694354040705353,0.49490590067842255,1.6317691571664565
49,100,45,2,300,0,0.9826176353895524,118245626.2800606,70093833.33333138,13042986.796844328,1.0000000000000049,0.18607894841217168,27.872489695255315,0.4645414949209219,1.5960222890402116
50,100,45,2,500,0,0.9425190146962996,120369885.57788692,58078166.666666195,21738311.328073587,0.999999999999991,0.3742940346729338,45.6243683678378,0.7604061394639634,2.00236038189861
51,100,45,2,500,0,0.9707419497685186,121483250.57788697,58930666.666666165,21738311.328073606,0.999999999999992,0.3688794401569154,45.20623191984004,0.7534371986640007,2.0192827005580516
52,100,45,2,500,0,0.9498373106515516,131304081.25251186,66480333.33333158,21719261.06353683,0.9991236548115701,0.3267020481777178,41.82505180047434,0.6970841966745723,1.9082831458682983
53,100,45,2,500,0,0.9837631674249626,131115653.57788104,66306166.66666488,21738311.32807358,0.9999999999999907,0.32784750530605494,41.885159019078834,0.6980859836513139,1.9441271553211203
54,100,45,2,500,0,0.8961528627963685,123949413.9112189,60818999.99999921,21738311.328073587,0.999999999999991,0.35742631953951676,44.30678473343654,0.7384464122239423,1.9205403306519242
55,100,45,2,500,0,0.9781862807166307,124744332.57788719,61427666.666666284,21738311.328073613,0.9999999999999923,0.3538846989913408,44.02444493076317,0.7337407488460528,1.9950347887557562
56,100,45,2,500,0,0.9572173820129051,123096306.58585057,60195666.666666076,21719261.063536856,0.9991236548115713,0.3608110395023518,44.613848719903515,0.7435641453317252,1.9894303589465119
57,100,45,2,500,0,0.9659396169838407,130734954.57788135,66014666.66666491,21738311.328073587,0.999999999999991,0.32929517674972475,42.00712822161443,0.7001188036935738,1.9294945620771942
58,100,45,2,500,0,0.9670441369763109,133093372.91121507,67820499.9999984,21738311.3280737,0.9999999999999962,0.32052714633590446,41.26276072110301,0.6877126786850501,1.9111785327300845
59,100,45,2,500,0,0.9685102896509866,144267726.57788035,76376666.66666381,21738311.328073587,0.9999999999999911,0.2846197965531498,38.066725873269725,0.634445431221162,1.8306515581146685
60,100,40,2,500,0,0.9499907125090673,121714939.9112193,59106666.666666,21738311.32807359,0.9999999999999912,0.367781039838831,45.12018002067619,0.7520030003446031,1.9962185447247354
61,100,40,2,500,0,0.9377095326963542,119979048.24455312,57777499.9999994,21738311.32807358,0.9999999999999908,0.37624181260999195,45.77299187109796,0.7628831978516326,2.0015861806359805
62,100,40,2,500,0,0.9495479711213068,124554619.24455121,61280999.99999901,21738311.328073587,0.9999999999999911,0.35473166769592435,44.09150004479055,0.7348583340798425,1.9681916393578889
63,100,40,2,500,0,0.9689315779516006,131929165.911214,66927666.66666476,21738311.32807358,0.9999999999999907,0.32480306591804387,41.6268833511453,0.693781389185755,1.9225554198717907
64,100,40,2,500,0,0.8514442429779417,119861725.91122086,57687666.666666314,21738311.328073587,0.999999999999991,0.37682771004906396,45.81779511557897,0.7636299185929828,1.9165363296101758
65,100,40,2,500,0,0.9073446374909427,120289586.9191862,58045166.66666657,21719261.063536815,0.9991236548115693,0.3741786321032216,45.65482466649037,0.7609137444415062,1.9676012876150262
66,100,40,2,500,0,0.8762420849995756,115235873.91122282,54145666.666666776,21738311.328073632,0.9999999999999931,0.40147832072877954,47.657034338376754,0.7942839056396126,1.9917086472222119
67,100,40,2,500,0,0.9452424645309926,127317679.91121633,63396666.66666531,21738311.328073587,0.999999999999991,0.3428936010527481,43.13462202444821,0.7189103670741369,1.938467712447328
68,100,40,2,500,0,0.9441945470634653,128878785.24455202,64591999.99999923,21738311.328073725,0.9999999999999974,0.3365480450841278,42.612133483250304,0.7102022247208384,1.923635207851606
69,100,40,2,500,0,0.8868910055942844,135578129.91121504,69721666.66666476,21738311.328073587,0.9999999999999911,0.3117870293032895,40.50653304921945,0.6751088841536574,1.8114295131905733
70,100,50,2,500,0,0.9671777908180779,120860560.25251767,58485166.6666662,21719261.063536808,0.9991236548115691,0.37136358330523095,45.43914068018396,0.7573190113363993,2.021587668798662
71,100,50,2,500,0,1.0,122336194.24455224,59585166.66666588,21738311.328073606,0.999999999999992,0.3648275660565503,44.89104826182343,0.7481841376970572,2.0400461905422973
72,100,50,2,500,0,1.0,130194396.24454813,65602166.66666497,21738311.328073587,0.9999999999999911,0.33136575257535933,42.18153897871751,0.7030256496452919,1.9681182517055795
73,100,50,2,500,0,0.9757723207795439,135959950.91121265,70016833.33333091,21738311.32807358,0.9999999999999907,0.3104726434082422,40.39277716116835,0.6732129526861391,1.897363388192277
74,100,50,2,500,0,0.9674394626399906,125084888.91121797,61689833.33333236,21738311.328073587,0.999999999999991,0.3523807757854308,43.904583901401054,0.7317430650233508,1.981087148291686
75,100,50,2,500,0,0.9878010647172872,127421758.24454977,63479166.66666535,21738311.32807359,0.9999999999999912,0.34244796315968296,43.09938958352823,0.7183231597254705,1.980082594970504
76,100,50,2,500,0,1.0,117609780.24455541,55966166.66666662,21738311.32807362,0.9999999999999926,0.388418800550457,46.69509617805986,0.7782516029676644,2.08898664340803
77,100,50,2,500,0,0.9829259035259402,122003381.91122022,59330333.333332896,21738311.32807361,0.9999999999999921,0.3663945591868202,45.013506297688444,0.7502251049614741,2.0262666558368707
78,100,50,2,500,0,1.0,133184918.57788114,67891999.99999827,21738311.3280737,0.9999999999999962,0.3201895853425183,41.234398448714884,0.6872399741452481,1.9433916424192628
79,100,50,2,500,0,0.98567138975161,137092470.57788253,70883999.99999827,21738311.328073587,0.9999999999999911,0.3066744445583505,40.05909279226314,0.667651546537719,1.8986624919360091
80,100,45,4,500,0,0.9425190146962996,120310027.24455361,58032333.333332844,21738311.328073587,0.9999999999999911,0.37458964820887963,45.64706804393656,0.7607844673989426,2.0029752006623456
81,100,45,4,500,0,0.9707419497685186,122809711.24455324,59946333.333332755,21738311.32807361,0.9999999999999921,0.3626295407793719,44.7179619945859,0.7452993665764317,2.0061449489684477
82,100,45,4,500,0,0.9498373106515516,131263377.5858452,66449166.66666491,21719261.063536827,0.9991236548115698,0.3268552813083294,41.83802139639754,0.6973003566066256,1.9086218923048408
83,100,45,4,500,0,0.9837631674249626,131101287.577881,66295166.66666489,21738311.32807358,0.9999999999999907,0.3279019032771242,41.88974876953504,0.6981624794922506,1.9442471695389125
84,100,45,4,500,0,0.8961528627963685,124830528.57788515,61493666.666665815,21738311.328073606,0.999999999999992,0.353504881175957,43.994045868142884,0.7332340978023814,1.9121908655395154
85,100,45,4,500,0,0.9781862807166307,124729966.57788725,61416666.66666629,21738311.328073613,0.9999999999999923,0.3539480813254884,44.02951552601164,0.7338252587668607,1.995170004543882
86,100,45,4,500,0,0.9572173820129051,124384457.91918463,61181999.9999996,21719261.06353689,0.9991236548115728,0.35499429674638017,44.15181841744365,0.7358636402907275,1.9770764597007366
87,100,45,4,500,0,0.9659396169838407,131877051.57788146,66889166.66666495,21738311.328073613,0.9999999999999923,0.3249900157435684,41.6433331977911,0.6940555532965184,1.919987182875214
88,100,45,4,500,0,0.9670441369763109,133325623.2445487,67998333.33333182,21738311.328073718,0.9999999999999972,0.3196888844541415,41.19088189017368,0.6865146981695613,1.9093099427091855
89,100,45,4,500,0,0.9685102896509866,144253360.57788005,76365666.66666375,21738311.328073587,0.999999999999991,0.2846607942671587,38.070516887785544,0.6345086147964257,1.8307475398611395
90,100,45,2,600,0,0.9695884752548156,132874534.22679831,60831833.333332755,26085973.593688205,0.9999999999999877,0.42882109849867733,49.594153148654726,0.8265692191442454,2.139214573198003
91,100,45,2,600,0,1.0,133875365.56013069,61598166.66666584,26085973.5936882,0.9999999999999875,0.42348620105612267,49.223395001974154,0.8203899166995693,2.1591788775444676
92,100,45,2,600,0,0.9543044284002359,133360583.89346363,61203999.99999913,26085973.59368819,0.999999999999987,0.426213541495467,49.413400928600645,0.8235566821433441,2.1188319437399534
93,100,45,2,600,0,1.0,132912843.56013079,60861166.66666588,26085973.593688242,0.999999999999989,0.42861441905246495,49.579858676477144,0.8263309779412857,2.1692225131832577
94,100,45,2,600,0,0.9008335049653683,131706099.56013148,59937166.66666604,26085973.59368819,0.999999999999987,0.4352220007122203,50.034129186183776,0.8339021531030629,2.0829132586382073
95,100,45,2,600,0,0.9453516758967269,139605005.2267961,65985333.33333229,26085973.593688264,0.9999999999999898,0.3953298752301826,47.20317863456617,0.7867196439094362,2.0483352199903093
96,100,45,2,600,0,0.9710529007027803,123713938.1029124,54244666.66666694,25813764.48816218,0.9895649244392316,0.4758765437123536,53.266431422773266,0.8877738570462211,2.2395279927188843
97,100,45,2,600,0,0.9478642942897192,141046393.89345944,67088999.99999814,26085973.59368819,0.999999999999987,0.388826388732712,46.720797448941944,0.7786799574823657,2.0376053627582547
98,100,45,2,600,0,1.0,133238472.89346504,61110499.99999946,26085973.59368832,0.9999999999999919,0.4268656547350872,49.45868754641971,0.8243114591069952,2.165803982895065
99,100,45,2,600,0,0.973063930985386,152783415.89345708,76075999.99999727,26085973.59368819,0.999999999999987,0.3428936010527515,43.13164463213318,0.7188607438688863,1.9662395556964736
100,100,40,2,600,0,0.9926870792329946,130965689.56013133,59368833.33333267,26085973.59368827,0.99999999999999,0.43938834787649905,50.316995406452406,0.8386165901075401,2.182814347641734
101,100,40,2,600,0,0.9353919265822187,130618511.2267986,59102999.99999945,26085973.593688264,0.9999999999999898,0.44136462774628205,50.4507357962291,0.8408455966038183,2.1293292253830627
102,100,40,2,600,0,0.9207158363457449,128561778.8934663,57528166.666666396,26085973.59368819,0.999999999999987,0.4534469826726325,51.257847057800035,0.8542974509633339,2.1377708734471845
103,100,40,2,600,0,0.9609883698366066,134724792.89346284,62247166.66666558,26085973.593688186,0.9999999999999868,0.41907085881320394,48.913046058352876,0.8152174343058812,2.111462491193051
104,100,40,2,600,0,0.8903279642309542,134741553.2267977,62259999.9999993,26085973.593688287,0.9999999999999908,0.41898447789413074,48.90696182571099,0.8151160304285164,2.0406315769747754
105,100,40,2,600,0,0.9097891573284203,136659414.22679597,63728499.99999885,26085973.593688212,0.9999999999999878,0.4093297911246723,48.22060768578856,0.8036767947631426,2.0409297849913006
106,100,40,2,600,0,0.9112409188520377,125975898.89346799,55548166.66666677,26085973.593688283,0.9999999999999906,0.46960998281410254,52.31000578588996,0.8718334297648327,2.1587623348681526
107,100,40,2,600,0,0.8679436263060739,132967352.2267976,60901499.999999225,26085973.59368819,0.999999999999987,0.42833055989899305,49.55953389791516,0.8259922316319194,2.0366003058571875
108,100,40,2,600,0,0.9816893731287333,136163787.2267967,63348999.999999076,26085973.59368832,0.9999999999999919,0.4117819317382863,48.39612744483905,0.8066021240806509,2.117717042600013
109,100,40,2,600,0,0.8945057034536075,141697091.56012693,67585833.33333167,26085973.59368819,0.999999999999987,0.3859680691519007,46.50624742854176,0.7751041238090294,1.9783842825841575
110,100,50,2,600,0,1.0,138279105.56012923,64971499.99999886,26085973.59368822,0.9999999999999882,0.4014987124152694,47.65578988457149,0.7942631647428582,2.1154621346750737
111,100,50,2,600,0,1.0,133873532.22679737,61598166.66666584,26085973.5936882,0.9999999999999875,0.42348620105612267,49.22406909258292,0.8204011515430487,2.1591901123879467
112,100,50,2,600,0,1.0,138489806.89346135,65132833.333331935,26085973.593688197,0.9999999999999872,0.4005042043877833,47.58328535376946,0.7930547558961577,2.1134581194063844
113,100,50,2,600,0,1.0,136782647.22679573,63825666.66666549,26085973.59368824,0.9999999999999888,0.408706637251817,48.177163796761626,0.8029527299460271,2.129918039747481
114,100,50,2,600,0,0.9747323745327278,136813773.56012878,63849499.99999876,26085973.59368819,0.999999999999987,0.40855407785008024,48.16620306948719,0.8027700511581198,2.1043456879709117
115,100,50,2,600,0,0.9610012517920424,144667186.89345992,69862833.3333316,26085973.59368824,0.9999999999999888,0.3733884291412299,45.551449098495674,0.7591908183082612,2.0189028134132876
116,100,50,2,600,0,1.0,132075387.89346467,60221333.33333267,26085973.593688197,0.9999999999999872,0.4331683167707205,49.89423165893329,0.8315705276488882,2.178105181065465
117,100,50,2,600,0,1.0,137680522.22679514,64513166.666665375,26085973.59368822,0.9999999999999882,0.4043511571594751,47.86297940637463,0.7977163234395771,2.121197249167157
118,100,50,2,600,0,1.0,133236639.56013171,61110499.99999946,26085973.59368832,0.9999999999999919,0.4268656547350872,49.459368096910936,0.8243228016151822,2.165815325403252
119,100,50,2,600,0,1.0,149623456.8934567,73657833.33333075,26085973.59368822,0.9999999999999882,0.35415070486310535,44.042559481114246,0.7340426580185707,2.017363221909055
120,100,45,4,600,0,0.9695884752548156,132814675.8934649,60785999.999999404,26085973.593688205,0.9999999999999877,0.4291444344699184,49.616504770044386,0.8269417461674065,2.139845768998157
121,100,45,4,600,0,1.0,133805929.89346401,61544999.99999917,26085973.5936882,0.9999999999999875,0.42385203661854826,49.24893840838582,0.8208156401397636,2.159897269434602
122,100,45,4,600,0,0.9543044284002359,133319880.22679704,61172833.33333248,26085973.59368819,0.999999999999987,0.42643069108054865,49.42848725028679,0.8238081208381132,2.1192571021027877
123,100,45,4,600,0,1.0,132867351.22679749,60826333.33333256,26085973.593688246,0.9999999999999892,0.4288598730871264,49.596834279864304,0.8266139046644051,2.169701803134106
124,100,45,4,600,0,0.9008335049653683,132745240.22679773,60732833.33333261,26085973.593688257,0.9999999999999896,0.4295201155940675,49.642457904639016,0.8273742984106502,2.0718238958512725
125,100,45,4,600,0,0.9453516758967269,139585850.5601295,65970666.66666565,26085973.593688264,0.9999999999999898,0.3954177653758539,47.20965609018736,0.7868276015031227,2.048513489700533
126,100,45,4,600,0,0.9710529007027803,123723515.43624574,54252000.00000027,25813764.48816218,0.9895649244392316,0.47581221868616924,53.26230811309026,0.8877051352181711,2.2394078108698867
127,100,45,4,600,0,0.9478642942897192,140974563.89345944,67033999.99999814,26085973.59368819,0.999999999999987,0.3891454126814589,46.744602841830364,0.779076714030506,2.0382573384653924
128,100,45,4,600,0,1.0,133221712.56013186,61097666.66666617,26085973.593688313,0.9999999999999918,0.4269553162481141,49.46490983611686,0.824415163935281,2.165979416933772
129,100,45,4,600,0,0.973063930985386,153525659.2267903,76644333.33333056,26085973.59368819,0.999999999999987,0.34035097520176494,42.92311808455063,0.7153853014091772,1.9607300125559752
130,100,45,2,700,0,0.9794082846038146,145879752.95350432,64168499.99999873,30306340.63128832,0.9958172849079396,0.4722931131519191,52.69956827011012,0.8783261378351687,2.2355689129605185
131,100,45,2,700,0,0.9905468772552183,141088691.95350683,60499999.99999929,30306340.631288238,0.9958172849079369,0.5009312501039437,54.489129451518146,0.9081521575253024,2.2994440348636758
132,100,45,2,700,0,0.9778811949086087,139597486.84441206,59372499.99999948,30297219.055350933,0.995517564691152,0.5102904384243749,55.07119199479868,0.9178531999133114,2.30396674556142
133,100,45,2,700,0,0.9601073208195845,148655706.34440696,66362999.99999833,30262385.722017594,0.994372997755595,0.45601292470229426,51.71547187155286,0.8619245311925476,2.1868421917739678
134,100,45,2,700,0,0.9416055847395435,143306309.17774338,62212333.333332345,30297219.055350967,0.995517564691153,0.48699698969686794,53.645928390108715,0.894098806501812,2.22530198299885
135,100,45,2,700,0,0.9838428891952526,148971301.84440887,66549999.99999878,30297219.055350862,0.9955175646911497,0.4552549820488568,51.60591271484908,0.8600985452474847,2.2081454200818227
136,100,45,2,700,0,0.9262356038204937,139467728.28684258,59258833.33333327,30306340.63128814,0.9958172849079338,0.5114231740070512,55.122429356478364,0.918707155941306,2.254081298967441
137,100,45,2,700,0,0.9423488700920449,148022900.17774042,65869833.33333167,30267885.722017568,0.994553718850682,0.4595105861107639,51.93655840257672,0.865609306709612,2.1755666456902683
138,100,45,2,700,0,1.0,146786188.51107618,64986166.66666562,30227552.3886842,0.9932284308200362,0.4651382584809283,52.37413736252096,0.8729022893753494,2.245012896160092
139,100,45,2,700,0,0.9763503560542516,154547239.62016717,70805166.66666451,30306340.631288245,0.9958172849079372,0.4280244233300654,49.744013667888275,0.8290668944648046,2.1478367891831085
140,100,40,2,700,0,0.9566199167779669,145103427.95350465,63572666.666665494,30306340.631288238,0.9958172849079369,0.4767196693225935,52.981518827132014,0.8830253137855336,2.2210209660215754
141,100,40,2,700,0,0.8786456267462703,132815709.28684333,54163999.99999995,30306340.631288372,0.9958172849079413,0.5595292192468873,57.883213072307484,0.9647202178717914,2.2909892200155717
142,100,40,2,700,0,0.9209356176993193,139759740.51107943,59495333.33333301,30297219.0553509,0.9955175646911508,0.5092368990624093,55.007257253676364,0.9167876208946061,2.245112757843853
143,100,40,2,700,0,0.9627613833831068,141939040.34441096,61218666.666665874,30262385.722017623,0.994372997755596,0.49433264998722637,54.16268830158198,0.902711471693033,2.260938975065921
144,100,40,2,700,0,0.878583008649917,137058932.5110801,57427333.33333309,30297219.055350967,0.995517564691153,0.5275748898088789,56.09120003454357,0.9348533339090594,2.2354962544060797
145,100,40,2,700,0,0.9233742158681698,142836458.84441173,61851166.66666611,30297219.055350848,0.9955175646911492,0.48984070451946937,53.82239284141126,0.8970398806901876,2.212286660173933
146,100,40,2,700,0,0.8514342367754522,131541923.95351243,53188666.6666673,30306340.63128814,0.9958172849079338,0.5697894406945297,58.443724775660925,0.9740620795943488,2.2813278689254246
147,100,40,2,700,0,0.9539327706819215,145027028.17774242,63574499.9999988,30267885.722017568,0.994553718850682,0.4761010424308196,53.009429322222445,0.8834904887037074,2.2183040933302847
148,100,40,2,700,0,1.0,146788021.84440953,64986166.66666562,30227552.3886842,0.9932284308200362,0.4651382584809283,52.37348322704979,0.8728913871174965,2.245001993902239
149,100,40,2,700,0,0.9443424502125138,142206284.62017253,61354333.33333238,30306340.631288268,0.9958172849079379,0.4939559927517546,54.06090188302026,0.901015031383671,2.2405222757975887
150,100,50,2,700,0,1.0,142827538.95350608,61832833.33333246,30306340.631288256,0.9958172849079375,0.49013346142349434,53.825754167076774,0.8970959027846129,2.2892026719234084
151,100,50,2,700,0,1.0,142298391.28683951,61427666.666665815,30306340.63128824,0.9958172849079371,0.49336630016803495,54.025909432125864,0.9004318238687644,2.2951248640031925
152,100,50,2,700,0,0.9916646173927193,148260745.8444073,66007333.33333172,30297219.055350926,0.9955175646911517,0.45899777381328843,51.853239751457785,0.8642206625242964,2.2230834989676462
153,100,50,2,700,0,0.9884797282027866,149161471.67773992,66751666.6666649,30262385.722017564,0.994372997755594,0.4533577546930418,51.54011899674283,0.8590019832790471,2.210167915236267
154,100,50,2,700,0,0.9890407833147753,146886398.51107493,64954999.999998614,30297219.055350967,0.995517564691153,0.46643397822110094,52.33840626448715,0.8723067710747858,2.234494736966442
155,100,50,2,700,0,0.9865074627652354,149165803.8444082,66700333.33333199,30297219.055350862,0.9955175646911497,0.45422890023565315,51.53862213633754,0.8589770356056257,2.208867618559384
156,100,50,2,700,0,0.9960948967634403,135536793.9535099,56250333.3333333,30306340.631288294,0.9958172849079387,0.5387761962528514,56.7211291912141,0.9453521531869016,2.372468006952623
157,100,50,2,700,0,0.9903217858887663,152400302.51107204,69222999.99999793,30267885.722017568,0.994553718850682,0.4372518631382412,50.444781757841156,0.8407463626306859,2.1808696390300453
158,100,50,2,700,0,1.0,146784355.17774284,64986166.66666562,30227552.3886842,0.9932284308200362,0.4651382584809283,52.37479151433241,0.8729131919055402,2.2450237986902826
159,100,50,2,700,0,1.0,154231748.62016767,70564999.99999799,30306340.63128823,0.9958172849079368,0.4294811965037781,49.84576825964046,0.830762804327341,2.1743477615303632
160,100,45,4,700,0,0.9794082846038146,145819894.62017098,64122666.66666539,30306340.631288312,0.9958172849079394,0.4726306968615713,52.72120117782997,0.8786866862971662,2.236199528390238
161,100,45,4,700,0,0.9905468772552183,141672909.28683951,60947333.333332464,30306340.631288268,0.9958172849079379,0.4972545798769763,54.264432337129584,0.9044072056188264,2.2927577467756257
162,100,45,4,700,0,0.9693251572186466,139743541.1777461,59484333.333333,30297219.05535094,0.9955175646911522,0.5093310684945243,55.01363379808404,0.916893896634734,2.293683908649
163,100,45,4,700,0,0.9601073208195845,149311753.67774057,66865333.33333174,30262385.722017583,0.9943729977555946,0.4525870763427731,51.488243963650525,0.8581373993941754,2.180314381287978
164,100,45,4,700,0,0.9416055847395435,143394899.5110767,62280166.66666566,30297219.05535099,0.9955175646911539,0.48646656996772353,53.612785574748756,0.8935464262458126,2.224325266959535
165,100,45,4,700,0,0.9838428891952526,148956935.84440893,66538999.9999988,30297219.05535087,0.9955175646911498,0.45533024324608745,51.61088979455239,0.8601814965758732,2.208288580367996
166,100,45,4,700,0,0.9262356038204937,140490530.69799316,60083833.33333352,30279670.260936566,0.9949409397195089,0.5039570310527758,54.72112577128885,0.9120187628548141,2.2414199915175286
167,100,45,4,700,0,0.9423488700920449,147982196.5110738,65838666.666664995,30267885.722017568,0.994553718850682,0.4597281089433515,51.95084396131873,0.8658473993553122,2.1759787566020385
168,100,45,4,700,0,1.0,147138155.5110762,65255666.666665636,30227552.38868421,0.9932284308200365,0.4632172795519881,52.24885396515169,0.8708142327525281,2.2413880563941184
169,100,45,4,700,0,0.9763503560542516,156199329.6201671,72070166.6666645,30306340.631288245,0.9958172849079372,0.4205115935343911,49.21788088780259,0.8202980147967099,2.1330576456784742
170,100,45,2,800,0,0.9741552110844441,151922608.58409,62443333.33333267,34355107.49182984,0.9877465576023788,0.5501805502348296,57.830760555543065,0.9638460092590511,2.378145660531359
171,100,45,2,800,0,0.933362041780406,152079660.256388,62522166.66666554,34381508.34052024,0.9885056106025164,0.5499090990212143,57.77103910666422,0.962850651777737,2.3361399727751144
172,100,45,2,800,0,0.9780930141626665,154523556.75075418,64443499.99999869,34349607.491829954,0.9875884266441802,0.5330189622200945,56.8573503273126,0.94762250545521,2.352130689393952
173,100,45,2,800,0,0.9594332569234659,160556954.08408454,69235833.33333136,34239607.49182991,0.9844258074801404,0.4945359338275828,54.720769026291,0.91201281710485,2.2670748210903824
174,100,45,2,800,0,0.9124545471155877,150780595.9174232,61609166.66666593,34329440.82516318,0.98700861313077,0.5572131986608637,58.26877090213683,0.9711461817022805,2.329371287746559
175,100,45,2,800,0,0.9518614537091303,157940270.4174197,67059666.66666508,34349607.49182996,0.9875884266441803,0.5122245486630927,55.6273582208011,0.9271226370133516,2.288763729652956
176,100,45,2,800,0,0.9686994730848775,137650496.10262674,52064833.33333393,34004794.42132345,0.9776746773278636,0.6531240425493162,63.826867673979585,0.9382103251243087,2.429409032248639
177,100,45,2,800,0,0.9647453395145271,157868194.75075245,67050499.99999828,34320274.15849663,0.9867450615337702,0.5118570951521243,55.65275522325008,0.9275459203875014,2.301776936023728
178,100,45,2,800,0,0.9925118770663209,159640542.25075135,68502499.99999805,34259774.15849661,0.9850056209935484,0.5001244357285878,55.034891990030495,0.9172481998338415,2.309859625483033
179,100,45,2,800,0,0.9471853408372476,161362847.08408374,69703333.3333311,34334940.82516328,0.9871667440889749,0.4925867843503092,54.44747758709198,0.9074579597848663,2.2487127281023613
180,100,40,2,800,0,0.9721233856599162,146877187.2507573,58578666.66666607,34355107.49182998,0.9877465576023827,0.5864781403667488,59.81732197118106,0.9969553661863509,2.4382612641396664
181,100,40,2,800,0,0.8514722851835197,146155518.5897247,57984666.666666284,34381508.34052026,0.9885056106025172,0.5929413811787109,60.112680552711446,0.9981237531440297,2.323949143270518
182,100,40,2,800,0,0.9319319482155098,146102125.41742495,57993833.33333298,34349607.491829954,0.9875884266441802,0.5922975860967431,60.134648793768726,0.9977583696514825,2.403528386744387
183,100,40,2,800,0,0.876669023282091,150655824.75075674,61653166.666665964,34239607.49182989,0.9844258074801399,0.5553584567188538,58.317028329539376,0.9719504721589896,2.2929062608161637
184,100,40,2,800,0,0.8784647917856898,143192392.58409277,55797499.99999999,34329440.82516329,0.987008613130773,0.6152505188433764,61.356611489261574,0.9776435032657064,2.3483087101260973
185,100,40,2,800,0,0.8740056042564088,150016860.41742277,60991333.33333245,34349607.49182997,0.9875884266441807,0.5631883353672731,58.565417084142815,0.9760902847357136,2.300646557285941
186,100,40,2,800,0,0.9507870007533261,141261501.25639397,54237333.33333382,34381508.34052015,0.9885056106025137,0.6339085317712247,62.19528974177828,0.9640730951873867,2.421986921357693
187,100,40,2,800,0,0.9074261775523388,147799462.0840907,59339499.99999942,34320274.1584966,0.9867450615337694,0.578371475298864,59.444059376896156,0.9907343229482692,2.3608576807396995
188,100,40,2,800,0,0.9565028293476636,154427517.5840872,64509499.99999863,34259774.1584966,0.9850056209935483,0.5310810680364494,56.89271016880817,0.9482118361468028,2.3295795199236258
189,100,40,2,800,0,0.8684523177587788,153700419.41742077,63834833.333332,34334940.825163275,0.9871667440889748,0.5378715511932721,57.161847920137795,0.9526974653356299,2.2514470240490265
190,100,50,2,800,0,0.9882924158278577,154154688.25075367,64153833.33333188,34355107.49182996,0.9877465576023823,0.5355113748749345,56.99340123674147,0.9498900206123578,2.366591536340163
191,100,50,2,800,0,0.9901426238776598,148618015.2563903,59872999.999999404,34381508.34052017,0.9885056106025145,0.5742406149770434,59.116655439403246,0.9852775906567207,2.4348127065160154
192,100,50,2,800,0,0.9949929568034122,155874521.7507528,65479333.3333317,34349607.491829954,0.9875884266441802,0.5245870069716269,56.36456748235424,0.9394094580392374,2.354072020419951
193,100,50,2,800,0,0.9553090717264708,158658808.75075135,67783833.33333139,34239607.49182993,0.984425807480141,0.5051294063505445,55.37543152616412,0.922923858769402,2.282336455576308
194,100,50,2,800,0,0.9454154775549533,152179447.5840884,62681666.66666554,34329440.825163305,0.9870086131307737,0.5476791325240862,57.73315739725834,0.9622192899543056,2.345778073528528
195,100,50,2,800,0,0.9884818753931914,161711906.41741663,69948999.99999769,34349607.49182996,0.9875884266441803,0.49106645544369604,54.329951298216564,0.9054991883036094,2.2868342280517577
196,100,50,2,800,0,1.0,150439901.20246512,61315833.333332434,34351027.917261444,0.9876292654140958,0.5602309558530877,58.40072965865545,0.9733454943109242,2.4215302589933945
197,100,50,2,800,0,0.9834963252969783,160169710.08408356,68814166.66666444,34320274.15849661,0.9867450615337695,0.4987384984947052,54.85306800760118,0.9142178001266863,2.296704924219429
198,100,50,2,800,0,1.0,159638708.917418,68502499.99999805,34259774.15849661,0.9850056209935484,0.5001244357285878,55.03552402534741,0.9172587337557901,2.3173582823386605
199,100,50,2,800,0,1.0,163769713.08408293,71547666.6666643,34334940.825163245,0.9871667440889739,0.4798890365653347,53.64728211674389,0.8941213686123981,2.278032597864666
200,100,45,4,800,0,0.9741552110844441,151862750.25075656,62397499.999999315,34355107.491829835,0.9877465576023786,0.550584678742421,57.85355517065799,0.9642259195109665,2.3788488735893476
201,100,45,4,800,0,0.933362041780406,153889776.2563875,63908166.66666542,34381508.34052024,0.9885056106025164,0.537983017410726,57.091511949191805,0.9515251991531968,2.3152736548621835
202,100,45,4,800,0,0.9780930141626665,154554226.5840876,64412333.33333203,34384440.82516329,0.9885899227127924,0.5338176564296276,56.84606752064428,0.9474344586774047,2.3525815979837734
203,100,45,4,800,0,0.9702970286631846,154978157.41742083,64964166.66666539,34239607.49182989,0.9844258074801396,0.5270537474530403,56.69056947383995,0.9448428245639992,2.336782851189616
204,100,45,4,800,0,0.9124545471155877,150840454.25075656,61654999.99999927,34329440.82516318,0.98700861313077,0.5567989753493404,58.24564798375986,0.9707607997293309,2.328654527124391
205,100,45,4,800,0,0.9518614537091303,160116719.41741973,68726166.66666515,34349607.49182982,0.9875884266441762,0.4998039197854855,54.87122164360406,0.9145203607267344,2.2662249502642533
206,100,45,4,800,0,0.9686994730848775,136506701.43596017,52011666.66666729,33480461.087990068,0.9625995259792791,0.6437105986731759,64.36167534325565,0.9298847836535166,2.413552735676935
207,100,45,4,800,0,0.9647453395145271,157796364.75075245,66995499.99999828,34320274.15849663,0.9867450615337702,0.5122773045726581,55.67808874353745,0.9279681457256241,2.3025353288982777
208,100,45,4,800,0,0.9925118770663209,159611810.2507513,68480499.99999802,34259774.15849665,0.9850056209935496,0.500285105373028,55.044798916806,0.9174133152801001,2.3101532766448436
209,100,45,4,800,0,0.9471853408372476,162765469.91741645,70722666.6666643,34369774.158496596,0.9881682401575864,0.48597961273845836,53.978279327044724,0.8996379887840787,2.235607019812093
210,100,45,2,900,0,0.9910869386237664,158148622.13810343,60938166.66666577,38353038.78547611,0.9801701451479294,0.6293763150977084,62.49690870761405,0.9592388772999869,2.45382686800192
211,100,45,2,900,0,0.9412124152739939,158697911.32376775,61218666.6666657,38442329.261642314,0.982452098853702,0.627951103067304,62.28059284180214,0.962703428663613,2.40627672639145
212,100,45,2,900,0,0.9620905779760578,161811703.32376668,63666166.66666546,38401995.92830897,0.9814213192743114,0.6031774479115234,61.08210838262823,0.982126520110367,2.4267590564156434
213,100,45,2,900,0,1.0,161442814.65710098,63469999.99999905,38346995.92830888,0.9800157107569587,0.604175136730888,61.2216779111096,0.9798445929464669,2.4631847023311773
214,100,45,2,900,0,0.9037331017938196,162274427.4904343,63988833.33333238,38422162.594975516,0.9819367090640034,0.6004510567465066,60.90793326374624,0.9849816956664743,2.3690756428574993
215,100,45,2,900,0,0.9638910580710439,161825451.4904353,63708333.33333267,38381829.261642136,0.980905929484612,0.602461675787718,61.076919044370364,0.9822114668958754,2.4280718655970936
216,100,45,2,900,0,0.9541570699532151,156263538.89260748,59332166.66666647,38456676.049751945,0.9828187528094022,0.6481589702564725,63.25083938354082,0.9472609622950569,2.4199452084534503
217,100,45,2,900,0,0.9600725844872786,168759195.1570973,69063499.99999818,38352495.92830893,0.9801562716086949,0.5553222169208039,58.567475335487394,0.9761245889247899,2.3804549469487117
218,100,45,2,900,0,0.9978902701354642,169995373.3237639,70018666.6666649,38346995.92830884,0.9800157107569576,0.5476681826985632,58.14158236633802,0.9690263727723003,2.405051189066615
219,100,45,2,900,0,0.9672031534739425,170683065.54059133,70464166.66666485,38398664.652968414,0.981336183474451,0.544938888365993,57.907326474924744,0.9651221079154124,2.3682763720821494
220,100,40,2,900,0,0.9230655095509444,157355536.80477023,60329499.99999918,38353038.78547612,0.9801701451479298,0.6357261171645155,62.81189846063537,0.9542162325650035,2.3858626358475603
221,100,40,2,900,0,0.872963669989925,153326860.65710318,57104666.66666639,38442329.261642404,0.9824520988537042,0.6731906778484407,64.46228637070912,0.928326812535924,2.3398430248046016
222,100,40,2,900,0,0.9049333571795971,152534849.373931,57231166.66666656,37975164.65296837,0.9705129978908515,0.6635399357512387,64.79699583778653,0.9231625673978622,2.3589278731784504
223,100,40,2,900,0,0.9298857942200145,156481194.9904362,59669499.99999957,38346995.92830892,0.9800157107569596,0.6426565653861553,63.16286120261337,0.9486509527250296,2.3926619992539684
224,100,40,2,900,0,0.8709572463977188,159003207.1571025,61482666.666666076,38422162.59497551,0.9819367090640033,0.624926742414814,62.16101031367468,0.964624050465217,2.335522690794787
225,100,40,2,900,0,0.9276326807986663,159813650.4904349,62166499.99999919,38381829.26164217,0.9809059294846129,0.6174037345136476,61.84578081827597,0.9697053527914562,2.3912610212010406
226,100,40,2,900,0,0.9223814707831944,153389777.89260685,57130333.333333,38456676.049752176,0.9828187528094083,0.6731393605805276,64.43584530724054,0.9287360018271328,2.389628961074749
227,100,40,2,900,0,0.9142292940812671,164664324.1570989,65926666.66666521,38352495.928308874,0.9801562716086937,0.5817448062742905,60.02393080950739,0.9996012327036982,2.3792263718043976
228,100,40,2,900,0,0.9464025481618683,160925077.65710217,63072166.666666076,38346995.92830877,0.9800157107569558,0.6079860254519419,61.41864365639965,0.9766332698271704,2.4094246383505924
229,100,40,2,900,0,0.918865191754543,172663496.65709698,71910666.66666484,38442329.26164221,0.9824520988536993,0.5345845205390464,57.243135876188376,0.9540522646031396,2.3005850727889197
230,100,50,2,900,0,1.0,163989787.65709904,65358333.33333189,38387329.261642255,0.98104649033635,0.587336416090421,60.27082625819923,0.9954964007841198,2.4653655336564566
231,100,50,2,900,0,0.9904387252389235,161815894.3237661,63607499.999998614,38442329.261642314,0.982452098853702,0.6043678695380758,61.08052636797344,0.9821524160942252,2.456085436963609
232,100,50,2,900,0,0.9801681161569445,163145907.99043283,64689166.66666533,38401995.92830891,0.98142131927431,0.593638748295975,60.58257986206803,0.9903373222256134,2.445416437019338
233,100,50,2,900,0,1.0,167192169.99043098,67873666.66666493,38346995.928308904,0.9800157107569593,0.5649760475831552,59.11640479674189,0.9852734132790315,2.4372542513455557
234,100,50,2,900,0,0.9433611206293037,161300494.82376704,63244499.99999882,38422162.59497565,0.981936709064007,0.6075178489034836,61.27569547011494,0.9789628430372459,2.4083382427893367
235,100,50,2,900,0,1.0,167641848.15709928,68163333.33333202,38381829.26164216,0.9809059294846125,0.5630861547504948,58.95783247830677,0.9826305413051128,2.4330994651055087
236,100,50,2,900,0,1.0,159137299.89260548,61533999.99999916,38456676.049752206,0.982818752809409,0.624966295864932,62.10863202197176,0.965466507463851,2.465439544155797
237,100,50,2,900,0,0.9698047691534888,169533125.82376233,69657499.99999775,38352495.92830896,0.9801562716086958,0.5505867412455255,58.30011068323412,0.9716685113872353,2.3819426735371447
238,100,50,2,900,0,1.0,170086918.99042997,70090166.66666475,38346995.92830878,0.9800157107569561,0.5471094984076676,58.110288896209106,0.9685048149368184,2.4061924136629527
239,100,50,2,900,0,1.0,179787760.32375985,77368499.99999726,38442329.26164221,0.9824520988536994,0.49687313650443754,54.97482132377287,0.9162470220628812,2.3137455312664312
240,100,45,4,900,0,0.9910869386237664,158107918.47143656,60906999.99999905,38353038.78547612,0.9801701451479298,0.6296983726907699,62.51299805572727,0.9589816863148118,2.4538273230911942
241,100,45,4,900,0,0.9412124152739939,158721854.65710118,61236999.99999907,38442329.26164232,0.9824520988537023,0.6277631050123766,62.27119775882609,0.9628541851096096,2.406277084393505
242,100,45,4,900,0,0.9620905779760578,162254198.49043354,63950333.333332196,38436829.26164228,0.9823115380019659,0.601041890763816,60.915526944486096,0.9848570429458904,2.427781133533001
243,100,45,4,900,0,1.0,161967173.65710092,63871499.99999907,38346995.92830877,0.9800157107569558,0.6003772563398281,61.02347640469972,0.9830867228630142,2.4633885279348764
244,100,45,4,900,0,0.9037331017938196,162295976.49043423,64005333.333332375,38422162.594975516,0.9819367090640034,0.6002962658576799,60.89984615596773,0.9851144654995181,2.3690845799794813
245,100,45,4,900,0,0.9638910580710439,163257262.8237688,64804666.66666609,38381829.26164209,0.9809059294846108,0.592269526808395,60.54125757743016,0.9910196071570218,2.4287262866747814
246,100,45,4,900,0,0.9541570699532151,156213257.8926075,59293666.66666648,38456676.049751945,0.9828187528094022,0.6485798266777013,63.27119818981595,0.9469395984459539,2.4199605297413305
247,100,45,4,900,0,0.9600725844872786,168641872.82376438,68973666.66666494,38352495.92830892,0.9801562716086948,0.5560454849190254,58.608220096848996,0.9768036682808166,2.3817126407033156
248,100,45,4,900,0,0.9978902701354642,170862121.99043068,70682333.33333157,38346995.92830885,0.980015710756958,0.5425258918302519,57.84664198747077,0.9641106997911795,2.3960216833908454
249,100,45,4,900,0,0.9672031534739425,171339112.87392408,70966499.99999806,38398664.6529684,0.9813361834744506,0.5410815617646276,57.685602745432476,0.9614267124238746,2.361495115309519
250,100,40,4,900,0,0.9230655095509444,157764967.80477023,60642999.99999918,38353038.78547604,0.9801701451479277,0.6324396679827278,62.6488892783278,0.9568121908070861,2.3858294347442124
251,100,40,4,900,0,0.872963669989925,153050865.83082694,57122999.9999997,38295946.55807505,0.9787110665823032,0.6704120329477662,64.57853045356141,0.9265300120113533,2.3358233083594913
252,100,40,4,900,0,0.9049333571795971,153537618.54059777,57944333.333333276,38009997.98630169,0.9714032166185066,0.6559743774709359,64.37380033601711,0.9296968885348674,2.3594097476912133
253,100,40,4,900,0,0.9298857942200145,157005553.99043617,60070999.99999955,38346995.92830881,0.9800157107569569,0.638361204712908,62.95191315717444,0.9519920904086384,2.3925668483989795
254,100,40,4,900,0,0.8709572463977188,159024756.1571025,61499166.666666076,38422162.59497551,0.9819367090640033,0.6247590768705681,62.15258704899804,0.964759481366256,2.3355239892604294
255,100,40,4,900,0,0.9276326807986663,159799284.49043497,62155499.9999992,38381829.26164216,0.9809059294846126,0.6175129998414083,61.851340771125976,0.9696154983540755,2.3912585790258687
256,100,40,4,900,0,0.9223814707831944,153970808.21803084,57887499.99999976,38257637.815860815,0.9777320285032977,0.6608963561366611,64.19268765546788,0.9325074599114443,2.383606015603968
257,100,40,4,900,0,0.9142292940812671,164592494.15709892,65871666.66666522,38352495.928308874,0.9801562716086937,0.5822305380913856,60.05012592230476,0.9991649168377719,2.3791786413921474
258,100,40,4,900,0,0.9464025481618683,161356057.65710184,63402166.666665986,38346995.928308785,0.9800157107569564,0.6048215375653703,61.25459523189447,0.9793071760662229,2.4095669542803875
259,100,40,4,900,0,0.918865191754543,172665890.99043027,71912499.99999815,38442329.26164219,0.9824520988536988,0.5345708918705813,57.24234209377111,0.9540390348961851,2.300560940147193
260,100,50,4,900,0,1.0,164557244.65709957,65792833.333332054,38387329.26164216,0.9810464903363475,0.5834576095417116,60.062989147610146,0.9989507317404765,2.4657168193738457
261,100,50,4,900,0,0.9904387252389235,161839837.65709946,63625833.33333196,38442329.26164231,0.9824520988537018,0.6041937252160648,61.07148983269155,0.9823003481498932,2.4560940535616687
262,100,50,4,900,0,0.9801681161569445,163176577.82376614,64657999.99999866,38436829.26164225,0.9823115380019652,0.5944636280374129,60.57119307082598,0.9905252861333874,2.4462643047202626
263,100,50,4,900,0,1.0,167716528.9904309,68275166.66666493,38346995.92830881,0.9800157107569568,0.5616536407084535,58.93157972857835,0.9821929954763058,2.4315159080430684
264,100,50,4,900,0,0.9433611206293037,161329226.82376766,63266499.999999024,38422162.594975546,0.9819367090640042,0.607306593457456,61.264782548030404,0.9791409149846277,2.408347310379896
265,100,50,4,900,0,1.0,167627482.15709922,68152333.333332,38381829.26164214,0.9809059294846121,0.5631770386190185,58.9628852787813,0.982714754646355,2.43325638554157
266,100,50,4,900,0,1.0,159087018.89260554,61495499.99999918,38456676.049752206,0.982818752809409,0.6253575635575402,62.12826205934647,0.9651506900688028,2.4654367409148352
267,100,50,4,900,0,0.9698047691534888,169461295.82376233,69602499.99999776,38352495.92830896,0.9801562716086958,0.5510218157150991,58.324822502709004,0.9720803750451501,2.3827025967707183
268,100,50,4,900,0,1.0,170505927.32376343,70410999.99999812,38346995.92830872,0.9800157107569545,0.5446165503729493,57.96748626358454,0.9661247710597424,2.401818011358102
269,100,50,4,900,0,1.0,179809309.32376003,77384999.99999732,38442329.26164214,0.9824520988536977,0.4967671934049684,54.96823294172986,0.9161372156954977,2.313550970419472
270,100,45,6,900,0,0.9910869386237664,158048060.13810313,60861166.66666569,38353038.785476126,0.9801701451479299,0.6301725860027343,62.53667391655102,0.9586033490162694,2.4538283564422234
271,100,45,6,900,0,0.9412124152739939,158673967.99043375,61200333.33333215,38442329.26164238,0.9824520988537038,0.6281392137566211,62.28999076014713,0.9625526503353911,2.406276436614682
272,100,45,6,900,0,0.9620905779760578,162268564.49043345,63961333.33333219,38436829.26164228,0.9823115380019659,0.6009385242382319,60.91013395624572,0.9849455689651799,2.4277869663318232
273,100,45,6,900,0,1.0,163446871.65710056,65004499.99999902,38346995.928308725,0.9800157107569547,0.5899129433856011,60.4710258434036,0.9921803034298441,2.464110658138325
274,100,45,6,900,0,0.9037331017938196,162858644.82376766,64436166.66666576,38422162.59497545,0.9819367090640018,0.5962825627684657,60.68944028544166,0.9885750942027697,2.369334246211362
275,100,45,6,900,0,0.9638910580710439,164164715.15710163,65499499.99999929,38381829.26164209,0.9809059294846108,0.5859865993120941,60.20660402292566,0.9965625213221185,2.429242858842838
276,100,45,6,900,0,0.9541570699532151,156206074.8926075,59288166.66666649,38456676.04975196,0.9828187528094027,0.6486399936426674,63.274107660634606,0.9468936813404384,2.4199627462077875
277,100,45,6,900,0,0.9600725844872786,169532564.82376403,69655666.66666485,38352495.92830892,0.9801562716086948,0.5506012326584091,58.30030360405749,0.9716717267342915,2.3722252973482973
278,100,45,6,900,0,0.9978902701354642,171551689.99043015,71210333.33333145,38346995.92830885,0.980015710756958,0.5385032499259452,57.614122020898535,0.9602353670149756,2.388928237091196
279,100,45,6,900,0,0.9672031534739425,171365450.54059064,70986666.6666647,38398664.65296841,0.9813361834744508,0.5409278454118539,57.67673687327577,0.9612789478879296,2.361224377691355
280,100,40,6,900,0,0.9230655095509444,157705109.47143683,60597166.66666582,38353038.785476044,0.9801701451479278,0.6329180206798983,62.67266820413406,0.9564330665035253,2.3858329925983885
281,100,40,6,900,0,0.872963669989925,150693328.51759434,57086333.3333329,37168737.84818448,0.9499035363376894,0.6510969557486279,65.58883593075593,0.9110593227983441,2.3049005573871715
282,100,40,6,900,0,0.920035482181427,155833784.20726404,59702499.999999784,38009997.98630156,0.9714032166185034,0.6366567226883582,63.42527103656947,0.9445110898467618,2.3738719501788754
283,100,40,6,900,0,0.9298857942200145,158485251.99043572,61203999.99999942,38346995.92830877,0.9800157107569559,0.6265439502043844,62.364162443307144,0.9613634830045914,2.3924844373881133
284,100,40,6,900,0,0.8709572463977188,159587424.49043578,61929999.99999942,38422162.59497544,0.9819367090640015,0.6204127659450316,61.93345140796069,0.9682894767974018,2.335576935951146
285,100,40,6,900,0,0.9276326807986663,160706736.82376778,62850333.33333243,38381829.26164216,0.9809059294846126,0.6106861686489499,61.502088806884615,0.9752759587183707,2.3914575744361968
286,100,40,6,900,0,0.9223814707831944,153811246.7229015,58684999.99999983,37671451.14181012,0.9627511379250618,0.6419264060971327,64.25928019298972,0.9314730667412844,2.3673956624021852
287,100,40,6,900,0,0.919320109524454,163534198.8237667,65061333.333332196,38352495.928308815,0.9801562716086921,0.5894821695678357,60.43873435091896,0.9927144301950653,2.383620275373788
288,100,40,6,900,0,0.9464025481618683,161736756.65710142,63693666.666665904,38346995.92830879,0.9800157107569565,0.602053515445951,61.110413021046746,0.9816633171083535,2.4097086776269827
289,100,40,6,900,0,0.918865191754543,172658707.99043038,71906999.99999818,38442329.261642195,0.9824520988536989,0.5346117799608266,57.244723507069274,0.9540787251178212,2.3006333408410256
290,100,50,6,900,0,1.0,164497386.32376623,65746999.99999873,38387329.26164216,0.9810464903363475,0.5838643475997825,60.084845242139934,0.9985869119814329,2.465678390061259
291,100,50,6,900,0,0.9904387252389235,161791950.99043244,63589166.66666519,38442329.26164231,0.9824520988537019,0.6045421142748614,61.08956557786041,0.9820044625421973,2.45607687920101
292,100,50,6,900,0,0.9801681161569445,164610783.49043202,65756166.66666517,38436829.26164224,0.982311538001965,0.5845357357354537,60.043453961049245,0.9992760295090362,2.447072734254344
293,100,50,6,900,0,1.0,169196226.9904305,69408166.66666488,38346995.928308755,0.9800157107569556,0.5524853597195778,58.41619624626153,0.9736032707710255,2.4155915585466876
294,100,50,6,900,0,0.9433611206293037,162104990.82376763,63860499.99999904,38422162.594975516,0.9819367090640034,0.6016577163501083,60.971595937753506,0.9839371404477197,2.40862443415711
295,100,50,6,900,0,1.0,168534934.49043185,68847166.66666517,38381829.26164214,0.9809059294846121,0.5574932291327841,58.64540802702913,0.9774234671171521,2.4234180504233795
296,100,50,6,900,0,1.0,159676024.8926062,61946499.999999404,38456676.04975209,0.9828187528094059,0.6208046628905984,61.899086019003654,0.9688442297262903,2.465487960038769
297,100,50,6,900,0,0.9698047691534888,169408620.49042925,69562166.6666645,38352495.92830896,0.9801562716086958,0.5513413075830514,58.342957822257844,0.9723826303709641,2.383260445590894
298,100,50,6,900,0,1.0,172299282.99042982,71784166.66666481,38346995.92830857,0.9800157107569507,0.5341985246743302,57.364138889359076,0.956068981489318,2.383427801228782
299,100,50,6,900,0,1.0,179878744.9904271,77438166.66666408,38442329.261642136,0.9824520988536974,0.4964261283085225,54.947014448683206,0.9157835741447201,2.312924476791538
300,100,45,8,900,0,0.9910869386237664,158057637.47143644,60868499.999999024,38353038.785476126,0.9801701451479299,0.6300966638815929,62.53288457374394,0.9586638922064973,2.453828161935538
301,100,45,8,900,0,0.9412124152739939,159643672.9904342,61942833.33333232,38442329.26164228,0.982452098853701,0.6206097976625152,61.91162991214963,0.9686416995897849,2.406341952993791
302,100,45,8,900,0,0.9620905779760578,162223072.15710002,63926499.999998845,38436829.26164227,0.9823115380019658,0.601265973604733,60.92721502911949,0.9846652100899901,2.427768566949834
303,100,45,8,900,0,1.0,163432505.65710053,64993499.99999902,38346995.928308725,0.9800157107569548,0.59001278479093,60.476341351195494,0.9920924082877318,2.464102636120476
304,100,45,8,900,0,0.9037331017938196,162954418.15710098,64509499.9999991,38422162.59497544,0.9819367090640015,0.5956047186069645,60.65377123111344,0.989162961236677,2.3693798379160684
305,100,45,8,900,0,0.9638910580710439,164097673.82376844,65448166.666666,38381829.261642076,0.9809059294846105,0.5864462095191229,60.23120114801041,0.9961540621689842,2.4292020878553267
306,100,45,8,900,0,0.9541570699532151,159098429.55927405,61502833.33333308,38456676.049751826,0.9828187528093992,0.6252829986112073,62.12380617068046,0.9652223694640794,2.4196058383062606
307,100,45,8,900,0,0.9600725844872786,169829462.15709707,69882999.99999815,38352495.92830888,0.9801562716086938,0.5488100958503485,58.198382509491815,0.9699730418248635,2.369093702992421
308,100,45,8,900,0,0.9978902701354642,173328285.3237637,72570666.66666485,38346995.92830886,0.9800157107569581,0.5284090348025349,57.023583782288235,0.9503930630381372,2.3710105610156296
309,100,45,8,900,0,0.9672031534739425,171307986.54059023,70942666.66666462,38398664.6529684,0.9813361834744505,0.5412633392171543,57.69608410906226,0.9616014018177044,2.36181522666537
310,100,45,6,800,0,0.9741552110844441,152614570.91742298,62973166.666665904,34355107.49182983,0.9877465576023784,0.5455515310780027,57.56855290543548,0.9594758817572581,2.3700723177041043
311,100,45,6,800,0,0.933362041780406,153901747.9230538,63917333.333332,34381508.34052025,0.9885056106025167,0.5379058628935443,57.087070930426556,0.9514511821737759,2.3151379142690174
312,100,45,6,800,0,0.9780930141626665,155023515.9174208,64771666.666665345,34384440.825163305,0.9885899227127929,0.5308561998584362,56.67398231814128,0.9445663719690213,2.3473443460184367
313,100,45,6,800,0,0.9702970286631846,154970974.41742086,64958666.666665405,34239607.49182989,0.9844258074801396,0.527098372685665,56.693197116610214,0.9448866186101702,2.3368623454218866
314,100,45,6,800,0,0.9124545471155877,150787778.9174233,61614666.666665964,34329440.82516318,0.9870086131307698,0.5571634593251104,58.265995182616315,0.9710999197102719,2.3292852342859476
315,100,45,6,800,0,0.9518614537091303,161019383.0840866,69417333.33333187,34349607.491829805,0.9875884266441759,0.4948275285495054,54.56361732184709,0.9093936220307849,2.2571170985795197
316,100,45,6,800,0,0.9686994730848775,136516278.76929355,52019000.000000626,33480461.087990068,0.9625995259792791,0.6436198521307536,64.35716003398842,0.9299547649097268,2.413550119699207
317,100,45,6,800,0,0.9647453395145271,157817913.75075272,67011999.99999835,34320274.158496626,0.98674506153377,0.5121511693203825,55.67048626606304,0.9278414377677173,2.3023077127385507
318,100,45,6,800,0,0.9925118770663209,162619092.91741806,70783166.6666648,34259774.15849654,0.9850056209935464,0.4840101929860552,54.026866356102744,0.9004477726017124,2.2801678040568776
319,100,45,6,800,0,0.9471853408372476,164376856.250751,71956499.99999794,34369774.158496514,0.9881682401575841,0.47764655254907473,53.44913025102255,0.8908188375170425,2.22012142039355
320,100,40,6,800,0,0.9721233856599162,146750287.58409074,58481499.999999434,34355107.49182994,0.9877465576023816,0.587452570331306,59.86904792241424,0.9978174653735706,2.439902907298532
321,100,40,6,800,0,0.8514722851835197,147396914.87331498,59379833.33333274,34098106.00617413,0.9803574864776415,0.5742371457117788,59.60640361808956,0.9934400603014927,2.304302062054435
322,100,40,6,800,0,0.9319319482155098,147231794.25075734,58804166.66666609,34384440.82516329,0.9885899227127923,0.5847279669835804,59.6732522666707,0.9945542044445117,2.394268526246886
323,100,40,6,800,0,0.9471712075667874,153900146.4174215,64137333.33333223,34239607.49182979,0.984425807480137,0.5338483175451175,57.08766498616825,0.9514610831028042,2.3257109447056856
324,100,40,6,800,0,0.8784647917856898,143154083.25075993,55768166.6666668,34329440.825163245,0.9870086131307719,0.6155741326472958,61.373031075963816,0.9773759981656398,2.348300096069166
325,100,40,6,800,0,0.8740056042564088,150012071.7507561,60987666.66666579,34349607.49182997,0.9875884266441807,0.5632221950639823,58.56728660209119,0.9761214433681864,2.300704803675781
326,100,40,6,800,0,0.9500439520682545,138017179.58972746,51753166.66666726,34381508.34052023,0.9885056106025161,0.6643363209437072,63.65729270889928,0.9408656921068327,2.4223787009300533
327,100,40,6,800,0,0.9074261775523388,147756364.08409062,59306499.999999404,34320274.1584966,0.9867450615337694,0.5786932993600524,59.46139819060419,0.9910233031767366,2.3614041202171174
328,100,40,6,800,0,0.9565028293476636,157051706.91742134,66518833.33333221,34259774.15849656,0.9850056209935469,0.5150387107184753,55.942085396242284,0.9323680899373714,2.3009018878598155
329,100,40,6,800,0,0.8684523177587788,156714428.5840879,66087999.99999877,34369774.15849649,0.9881682401575834,0.5200607395971604,56.06248307433813,0.9343747179056355,2.218875627342143
330,100,50,6,800,0,0.9882924158278577,154966367.25075382,64775333.33333194,34355107.49182991,0.9877465576023807,0.5303733029830899,56.69488261142201,0.9449147101903669,2.3575057684046965
331,100,50,6,800,0,0.9901426238776598,149403356.58972293,60474333.33333257,34381508.340520166,0.9885056106025142,0.5685305888534629,58.80590771549207,0.9800984619248678,2.425065556885298
332,100,50,6,800,0,0.9949929568034122,155948289.5840865,65481166.666665144,34384440.825163245,0.988589922712791,0.525104279222739,56.337905490542376,0.9389650915090396,2.354041471690643
333,100,50,6,800,0,0.9553090717264708,160392306.08408412,69111166.6666646,34239607.49182993,0.984425807480141,0.49542800596861025,54.776941703139606,0.91294902838566,2.264600504887019
334,100,50,6,800,0,0.9454154775549533,152193813.5840892,62692666.666665785,34329440.82516321,0.9870086131307709,0.5475830372265288,57.72770780295694,0.9621284633826157,2.3456103707187923
335,100,50,6,800,0,0.9884818753931914,163581880.75075,71380833.33333108,34349607.4918299,0.9875884266441786,0.4812161176576016,53.708882424373996,0.8951480404062333,2.268602809925506
336,100,50,6,800,0,1.0,150897218.86913237,61665999.999999285,34351027.917261355,0.9876292654140931,0.5570497181147107,58.223737096305285,0.9703956182717548,2.4160353927635234
337,100,50,6,800,0,0.9834963252969783,161352510.75075004,69719833.33333108,34320274.15849661,0.9867450615337695,0.4922598422519329,54.450965523380674,0.9075160920563445,2.284820291154869
338,100,50,6,800,0,1.0,162617259.58408475,70783166.6666648,34259774.15849654,0.9850056209935464,0.4840101929860552,54.027475450458645,0.9004579241743108,2.287666078563155
339,100,50,6,800,0,1.0,164037421.91741613,71697999.99999757,34369774.15849658,0.988168240157586,0.47936865963482583,53.55972983056982,0.8926621638428304,2.276157091550691
340,100,45,8,800,0,0.9741552110844441,152545135.2507563,62919999.99999924,34355107.49182983,0.9877465576023784,0.5460125157633542,57.59475702425877,0.9599126170709795,2.370877840766107
341,100,45,8,800,0,0.933362041780406,153820340.58972067,63854999.999998696,34381508.34052021,0.9885056106025155,0.538430950442736,57.11728349005572,0.951954724834262,2.316061526968857
342,100,45,8,800,0,0.9780930141626665,155042670.58408737,64786333.33333199,34384440.825163305,0.9885899227127928,0.5307360218744286,56.66698056026468,0.9444496760044114,2.347131507666621
343,100,45,8,800,0,0.9702970286631846,156417151.75075457,66065999.999998875,34239607.4918298,0.9844258074801372,0.5182636680263734,56.1690319869772,0.9361505331162867,2.3210584962005703
344,100,45,8,800,0,0.9124545471155877,150802144.91742334,61625666.666665986,34329440.82516318,0.9870086131307698,0.5570640072885792,58.26044453685293,0.9710074089475488,2.329113161894
345,100,45,8,800,0,0.9753984552249477,154024943.6101588,64249166.66666601,34230127.83967531,0.9841532572112989,0.5327715457737556,57.04141026817768,0.9506901711362946,2.3523058629802467
346,100,45,8,800,0,0.9686994730848775,135661316.25377387,52330666.66666733,32864551.287020378,0.9448914519804986,0.6280170573090341,64.76275066920998,0.9236896154196925,2.3948027343517975
347,100,45,8,800,0,0.9647453395145271,157813125.08408627,67008333.33333175,34320274.15849658,0.9867450615337688,0.512179194008169,55.67217552607703,0.9278695921012837,2.3023582868223462
348,100,45,8,800,0,0.9925118770663209,162501770.58408466,70693333.33333147,34259774.15849654,0.9850056209935464,0.4846252474325365,54.06587244201065,0.9010978740335108,2.281309949045861
349,100,45,8,800,0,0.9471853408372476,164328969.58408433,71919833.33333126,34369774.1584965,0.9881682401575838,0.4778900696168302,53.464705719489444,0.8910784286581575,2.2205758251888694
350,100,45,6,700,0,0.9794082846038146,146265240.62017152,64463666.66666558,30306340.63128827,0.9958172849079381,0.4701305742969753,52.56067653123439,0.8760112755205732,2.231524019561968
351,100,45,6,700,0,0.9905468772552183,141684880.95350608,60956499.99999913,30306340.631288245,0.9958172849079372,0.49717980250323884,54.25984726290417,0.9043307877150695,2.292621506972879
352,100,45,6,700,0,0.9827366377411504,140957468.17774558,60413833.33333289,30297219.055350926,0.9955175646911517,0.5014947303241998,54.539855882667965,0.9089975980444661,2.2929300200449765
353,100,45,6,700,0,0.9601073208195845,151251163.6777397,68350333.33333154,30262385.722017594,0.994372997755595,0.44275403273358904,50.82803869449797,0.8471339782416328,2.1614445252480885
354,100,45,6,700,0,0.9416055847395435,144213761.51107708,62907166.66666577,30297219.055351056,0.995517564691156,0.4816179246458642,53.308366132655784,0.8884727688775964,2.2153726933338316
355,100,45,6,700,0,0.9838428891952526,148971301.84440905,66549999.99999883,30297219.055350862,0.9955175646911497,0.4552549820488564,51.60591271484902,0.8600985452474836,2.2081454200818214
356,100,45,6,700,0,0.9262356038204937,140483347.69799292,60078333.33333348,30279670.260936566,0.9949409397195089,0.504003166881069,54.72392369611673,0.9120653949352788,2.241503532260628
357,100,45,6,700,0,0.9423488700920449,147970224.84440705,65829499.99999831,30267885.722017568,0.994553718850682,0.45979212544555775,51.95504709196623,0.8659174515327704,2.1761000219812616
358,100,45,6,700,0,1.0,148763907.84440854,66500499.99999875,30227552.388684213,0.9932284308200368,0.45454624233930246,51.677857293454764,0.8612976215575794,2.2249346154290217
359,100,45,6,700,0,0.9763503560542516,156201723.95350045,72071999.99999785,30306340.631288253,0.9958172849079374,0.4205008967600338,49.21712645302541,0.8202854408837568,2.1330365143460357
360,100,40,6,700,0,0.9566199167779669,145584688.95350483,63941166.66666557,30306340.6312882,0.9958172849079358,0.4739722812578551,52.806377203960245,0.8801062867326708,2.215904028516922
361,100,40,6,700,0,0.8786456267462703,135389617.62017548,56134833.33333306,30306340.63128832,0.9958172849079396,0.5398847530432108,56.78278833438687,0.9463798055731145,2.2569332347539532
362,100,40,6,700,0,0.9209356176993193,139874668.51107946,59583333.33333301,30297219.055350907,0.9955175646911512,0.5084847953345635,54.96206054916262,0.9160343424860437,2.2437577964530138
363,100,40,6,700,0,0.9627613833831068,143832958.0110767,62668833.333332345,30262385.722017623,0.994372997755596,0.4828937146644095,53.449502160749255,0.8908250360124875,2.239901391127122
364,100,40,6,700,0,0.878583008649917,137966384.84441298,58122166.66666634,30297219.055351067,0.9955175646911564,0.5212678878457371,55.7222689328974,0.9287044822149567,2.2243018011414635
365,100,40,6,700,0,0.9233742158681698,142836458.84441185,61851166.66666614,30297219.055350848,0.9955175646911492,0.48984070451946915,53.822392841411215,0.8970398806901869,2.212286660173932
366,100,40,6,700,0,0.8514342367754522,132557543.36466238,54008166.66666739,30279670.26093656,0.9949409397195086,0.5606498448247547,57.995945042909106,0.9665990840484852,2.266553196683741
367,100,40,6,700,0,0.9539327706819215,145335897.1777426,63810999.99999886,30267885.722017568,0.994553718850682,0.4743364893516495,52.896773263098176,0.8816128877183029,2.215014849881544
368,100,40,6,700,0,1.0,148765741.1777419,66500499.99999875,30227552.388684213,0.9932284308200368,0.45454624233930246,51.67722043487683,0.8612870072479472,2.224924001119389
369,100,40,6,700,0,0.9443424502125138,143300494.95350626,62192166.66666587,30306340.63128827,0.9958172849079381,0.4873015727804198,53.648105001272334,0.894135083354539,2.2283187917913887
370,100,50,6,700,0,1.0,144539487.28683916,63143666.66666577,30306340.63128834,0.9958172849079403,0.4799585173169455,53.18823350150352,0.886470558358392,2.270437372211948
371,100,50,6,700,0,1.0,142894580.2868388,61884166.66666565,30306340.631288245,0.9958172849079372,0.4897268924138713,53.80050093270108,0.8966750155450179,2.288456529476115
372,100,50,6,700,0,0.9916646173927193,148821019.8444078,66436333.33333191,30297219.055350862,0.9955175646911497,0.4560338828956772,51.658025244267144,0.8609670874044524,2.2174588111137137
373,100,50,6,700,0,0.9884797282027866,151756929.0110729,68738999.99999818,30262385.72201757,0.9943729977555943,0.4402505960519992,50.65864240992292,0.8443107068320487,2.184990911876435
374,100,50,6,700,0,0.9890407833147753,147793850.84440908,65649833.333332166,30297219.055351056,0.995517564691156,0.4614972729865005,52.01704912671489,0.8669508187785815,2.225189420482557
375,100,50,6,700,0,0.9865074627652354,149165803.84440845,66700333.33333203,30297219.055350862,0.9955175646911497,0.45422890023565277,51.53862213633745,0.8589770356056242,2.2088676185593816
376,100,50,6,700,0,0.9960948967634403,136114014.53796124,56763666.666666865,30260858.567411855,0.9943228179278282,0.5331026049658246,56.480591113973254,0.9413431852328876,2.3639201659689877
377,100,50,6,700,0,0.9903217858887663,152352415.84440526,69186333.33333124,30267885.722017597,0.9945537188506831,0.43748359341707915,50.46063731507487,0.8410106219179145,2.1813192825403442
378,100,50,6,700,0,1.0,148762074.5110752,66500499.99999875,30227552.388684213,0.9932284308200368,0.45454624233930246,51.678494167729895,0.8613082361288316,2.224945230000274
379,100,50,6,700,0,1.0,156008766.03131765,71967499.99999803,30279670.260936707,0.9949409397195135,0.4207408936108317,49.2780001763281,0.8213000029388017,2.157892717827467
380,100,45,8,700,0,0.9794082846038146,146217353.95350483,64426999.999998905,30306340.63128827,0.9958172849079381,0.47039813480821374,52.57789032651089,0.8762981721085148,2.2320249645589003
381,100,45,8,700,0,0.9905468772552183,141680092.28683937,60952833.33333245,30306340.631288238,0.9958172849079369,0.49720971075375786,54.2616811996114,0.9043613533268567,2.2926759991850814
382,100,45,8,700,0,0.9827366377411504,141386053.844412,60741999.99999951,30297219.055350926,0.9955175646911517,0.49878533889814575,54.37452839910239,0.9062421399850398,2.288007048844707
383,100,45,8,700,0,0.9601073208195845,151770734.01107356,68748166.66666503,30262385.722017556,0.9943729977555938,0.440191894407147,50.65403452182738,0.844233908697123,2.156494745042425
384,100,45,8,700,0,0.9416055847395435,144228127.51107708,62918166.66666579,30297219.055351056,0.995517564691156,0.48153372325456845,53.30305629468536,0.8883842715780894,2.2152168349212875
385,100,45,8,700,0,0.9838428891952526,148904260.51107574,66498666.66666551,30297219.055350862,0.9955175646911497,0.4556064139935346,51.62914730319734,0.8604857883866224,2.2088138087767026
386,100,45,8,700,0,0.9262356038204937,140512079.69799268,60100333.33333342,30279670.26093656,0.9949409397195086,0.5038186742325863,54.71273371317004,0.9118788952195006,2.241169438426063
387,100,45,8,700,0,0.9423488700920449,148496978.1777403,66232833.33333161,30267885.7220176,0.9945537188506832,0.4569921623266163,51.77075045121963,0.8628458408536605,2.1707884408069984
388,100,45,8,700,0,1.0,149393617.51107526,66982666.666665465,30227552.388684224,0.9932284308200371,0.4512742459046833,51.460029739423554,0.8576671623237259,2.2186865590474727
389,100,45,8,700,0,0.9763503560542516,156218484.2868336,72084833.33333112,30306340.631288253,0.9958172849079374,0.42042603457439054,49.21184605711824,0.8201974342853039,2.132888617999068
390,100,45,6,600,0,0.9695884752548156,132814675.8934649,60785999.999999404,26085973.593688205,0.9999999999999877,0.4291444344699184,49.616504770044386,0.8269417461674065,2.139845768998157
391,100,45,6,600,0,1.0,135170699.89346337,62589999.99999902,26085973.593688257,0.9999999999999896,0.41677542089293285,48.75168956877371,0.8125281594795619,2.145948496193908
392,100,45,6,600,0,0.9543044284002359,133267204.89346352,61132499.999999106,26085973.59368819,0.999999999999987,0.4267120368656373,49.44802440531426,0.824133740088571,2.119807797981317
393,100,45,6,600,0,1.0,133671847.2267968,61442333.33333241,26085973.593688287,0.9999999999999908,0.42456026941829483,49.29833870567595,0.8216389784279325,2.1612871939625684
394,100,45,6,600,0,0.9008335049653683,132915237.89346434,60862999.999999285,26085973.59368828,0.9999999999999903,0.42860150820183995,49.57896554556015,0.8263160924260026,2.070030803952843
395,100,45,6,600,0,0.9453516758967269,140579498.89346275,66731499.99999894,26085973.593688246,0.9999999999999892,0.39090944447058223,46.87596734851101,0.7812661224751836,2.0393453539483763
396,100,45,6,600,0,0.9710529007027803,123692389.10291228,54228166.66666691,25813764.48816217,0.9895649244392312,0.47602133863082324,53.27571120416532,0.887928520069422,2.239798491676861
397,100,45,6,600,0,0.9478642942897192,141288221.56012702,67274166.66666505,26085973.59368823,0.9999999999999886,0.38775617575377663,46.6408305464842,0.7773471757747367,2.035416410667477
398,100,45,6,600,0,1.0,136334345.8934639,63480999.99999923,26085973.593688354,0.9999999999999933,0.4109256879017134,48.335582327504504,0.8055930387917417,2.1343335891131123
399,100,45,6,600,0,0.973063930985386,154215227.22679076,77172333.33333059,26085973.5936882,0.9999999999999875,0.33802235162457783,42.73118886184282,0.7121864810307136,1.9556682933157616
400,100,40,6,600,0,0.9926870792329946,132158067.5601311,60281833.33333263,26085973.593688287,0.9999999999999908,0.43273358076958385,49.86301723125364,0.8310502871875607,2.169924231036222
401,100,40,6,600,0,0.9353919265822187,132076660.22679755,60219499.9999992,26085973.593688313,0.9999999999999918,0.4331815042251872,49.893751013117836,0.8315625168852973,2.1134996468476657
402,100,40,6,600,0,0.9207158363457449,128468399.89346613,57456666.666666366,26085973.59368819,0.999999999999987,0.454011259390062,51.29510451959133,0.8549184086598555,2.13884325251765
403,100,40,6,600,0,0.9609883698366066,136036887.56012905,63251833.33333215,26085973.593688287,0.9999999999999908,0.4124145059356189,48.441272938468785,0.8073545489744798,2.0982745235595814
404,100,40,6,600,0,0.8903279642309542,134734370.2267977,62254499.999999315,26085973.593688324,0.9999999999999921,0.4190214939271637,48.90956916863472,0.815159486143912,2.0407046455165974
405,100,40,6,600,0,0.9097891573284203,137413629.2267966,64305999.99999897,26085973.593688197,0.9999999999999872,0.40565380514553245,47.955941758322645,0.7992656959720441,2.0335778974168903
406,100,40,6,600,0,0.9119111704173455,124110713.22680229,54120000.000000335,26085973.59368827,0.99999999999999,0.4820024684716945,53.09614157125722,0.884935692854287,2.182448838048988
407,100,40,6,600,0,0.8679436263060739,132888339.22679761,60840999.99999924,26085973.59368819,0.999999999999987,0.4287564897632931,49.58900109928632,0.826483351654772,2.0374321697714803
408,100,40,6,600,0,0.9816893731287333,139257265.89346194,65717666.66666544,26085973.593688354,0.9999999999999933,0.39694004545234673,47.321049696907686,0.7886841616151281,2.087925571105739
409,100,40,6,600,0,0.916019891499032,140801610.89346182,66900166.66666539,26085973.593688212,0.9999999999999878,0.3899238954614768,46.802021356035496,0.7800336892672582,2.007992697135472
410,100,50,6,600,0,1.0,138779521.22679585,65354666.666665494,26085973.59368822,0.9999999999999882,0.3991447730387326,47.48395110277717,0.7913991850462861,2.110715003477272
411,100,50,6,600,0,1.0,135168866.56013006,62589999.99999902,26085973.593688257,0.9999999999999896,0.41677542089293285,48.7523508016435,0.8125391800273917,2.145959516741738
412,100,50,6,600,0,1.0,138441920.2267946,65096166.666665256,26085973.593688197,0.9999999999999872,0.40072979607640125,47.599744276911466,0.7933290712818578,2.1139129081429786
413,100,50,6,600,0,1.0,137541650.89346173,64406833.33333202,26085973.593688287,0.9999999999999908,0.4050187261758792,47.91130510062285,0.7985217516770474,2.1225367326177507
414,100,50,6,600,0,0.9747323745327278,137544045.22679523,64408666.666665405,26085973.593688216,0.999999999999988,0.4050071976911295,47.910471072260044,0.7985078512043341,2.0972459838899655
415,100,50,6,600,0,0.9610012517920424,146841241.56012753,71527499.99999854,26085973.593688253,0.9999999999999893,0.36469852285748533,44.87703815349215,0.7479506358915359,2.0007107059695666
416,100,50,6,600,0,1.0,132034684.2267981,60190166.666666046,26085973.593688212,0.9999999999999878,0.4333926127527223,49.90961305804007,0.8318268843006679,2.178540974502846
417,100,50,6,600,0,1.0,137601509.22679517,64452666.66666538,26085973.59368822,0.9999999999999882,0.40473071081137696,47.8904630990542,0.7981743849842367,2.1219589536333383
418,100,50,6,600,0,1.0,136332512.56013057,63480999.99999923,26085973.593688354,0.9999999999999933,0.4109256879017134,48.33623232091109,0.8056038720151848,2.1343444223365555
419,100,50,6,600,0,1.0,149611485.22678974,73648666.66666397,26085973.593688227,0.9999999999999885,0.35419478416023614,44.04608369478319,0.7341013949130532,2.017457222241242
420,100,45,8,600,0,0.9695884752548156,132773972.22679825,60754833.33333274,26085973.593688205,0.9999999999999877,0.4293645815892035,49.631715384274365,0.8271952564045727,2.1402753969307513
421,100,45,8,600,0,1.0,135240135.56012988,62643166.666665636,26085973.593688313,0.9999999999999918,0.416421694204828,48.726659232532874,0.8121109872088812,2.1452483425727435
422,100,45,8,600,0,0.9543044284002359,133286359.56013006,61147166.66666575,26085973.59368819,0.999999999999987,0.4266096863635859,49.440918198588165,0.8240153033098028,2.1196074808009073
423,100,45,8,600,0,1.0,134359020.89346388,61968499.99999918,26085973.593688294,0.999999999999991,0.42095538206812555,49.0462043871635,0.8174367397860584,2.154201045440559
424,100,45,8,600,0,0.9008335049653683,132963124.560131,60899666.66666596,26085973.59368828,0.9999999999999903,0.42834345443087124,49.561109682104686,0.8260184947017447,2.06952676321181
425,100,45,8,600,0,0.9453516758967269,141530049.2267963,67459333.33333242,26085973.593688313,0.9999999999999918,0.3866918379520798,46.561136917575055,0.7760189486262509,2.0307240948846417
426,100,45,8,600,0,0.9710529007027803,123395231.83263943,54241000.000000186,25660559.21553851,0.9836918343637,0.47308418383765827,53.40400842179806,0.8900668070299677,2.2395870548028745
427,100,45,8,600,0,0.9478642942897192,141690469.5601272,67582166.6666651,26085973.593688298,0.9999999999999911,0.38598900982787226,46.50842092949363,0.7751403488248939,2.031795850976911
428,100,45,8,600,0,1.0,136217023.56013048,63391166.66666588,26085973.59368836,0.9999999999999936,0.41150802178571694,48.377213271666115,0.8062868878611019,2.1354933052896756
429,100,45,8,600,0,0.973063930985386,154241564.89345747,77192499.99999724,26085973.5936882,0.9999999999999875,0.33793404273328537,42.72389225661651,0.7120648709436085,1.955476036115623
430,100,45,6,500,0,0.9425190146962996,120329181.91122071,58046999.99999961,21738311.328073587,0.9999999999999911,0.37449500108659767,45.639801690431746,0.7606633615071957,2.0027783770727736
431,100,45,6,500,0,0.9707419497685186,122761824.57788631,59909666.666666016,21738311.3280736,0.9999999999999917,0.3628514818655949,44.73540548035537,0.7455900913392561,2.0066132266002508
432,100,45,6,500,0,0.942602708669552,128938479.91918018,64668999.99999864,21719261.063536827,0.9991236548115698,0.33585274340931953,42.592405335027294,0.7098734222504549,1.9211583256474625
433,100,45,6,500,0,0.9837631674249626,131881840.24454845,66892833.33333177,21738311.32807359,0.9999999999999912,0.3249722017267535,41.64182111666441,0.6940303519444069,1.9377712807507723
434,100,45,6,500,0,0.8961528627963685,125125031.57788588,61719166.66666604,21738311.32807366,0.9999999999999946,0.3522132994030577,43.890498413832965,0.7315083068972161,1.9094318092160307
435,100,45,6,500,0,0.9781862807166307,125277544.25251864,61865833.33333307,21719261.063536838,0.9991236548115703,0.3510703710481595,43.837066193844954,0.7306177698974159,1.9896603474525743
436,100,45,6,500,0,0.9572173820129051,125605567.91918424,62116999.99999953,21719261.063536912,0.9991236548115738,0.34965083734786095,43.72258404606294,0.728709734101049,1.965647785992243
437,100,45,6,500,0,0.9634788968491419,130909740.91121556,66148499.99999845,21738311.3280736,0.9999999999999916,0.3286289383443934,41.95104170074403,0.6991840283457338,1.9255660758703905
438,100,45,6,500,0,0.9670441369763109,133198723.57788187,67901166.66666515,21738311.328073718,0.9999999999999972,0.3201463597052707,41.230124827652126,0.6871687471275354,1.9103299718680629
439,100,45,6,500,0,0.964002448066647,139744830.9112139,72913499.99999759,21738311.3280736,0.9999999999999916,0.29813836022237744,39.29877022420374,0.6549795037367291,1.857492639981278
440,100,40,6,500,0,0.9670741825257071,124540253.24455146,61269999.99999906,21738311.328073602,0.9999999999999918,0.3547953538122072,44.09658609908328,0.734943101651388,1.9858535672268607
441,100,40,6,500,0,0.9377095326963542,122366198.57788563,59605333.333332494,21738311.328073595,0.9999999999999915,0.3647041315330938,44.880040924900435,0.7480006820816739,1.9774735200045033
442,100,40,6,500,0,0.9495479711213068,124461240.24455103,61209499.99999897,21738311.328073584,0.9999999999999909,0.35514603661317196,44.12458038510052,0.7354096730850087,1.9690744734968533
443,100,40,6,500,0,0.9689315779516006,131933954.57788126,66931333.333331585,21738311.328073587,0.999999999999991,0.3247852723897251,41.625372464358016,0.6937562077393002,1.922516003602681
444,100,40,6,500,0,0.8514442429779417,121037343.57788782,58587833.33333312,21738311.32807366,0.9999999999999946,0.3710379799231423,45.37277370488567,0.7562128950814277,1.9044875219978834
445,100,40,6,500,0,0.9073446374909427,122164349.9191862,59480666.666666634,21719261.06353689,0.9991236548115727,0.3651482453156247,44.954194931933245,0.7492365821988874,1.94869981594233
446,100,40,6,500,0,0.8762420849995756,115204747.57788946,54121833.33333346,21738311.328073632,0.9999999999999931,0.4016551175232469,47.66991044606922,0.7944985074344869,1.99206468645266
447,100,40,6,500,0,0.9559164774446316,126314454.24455124,62628499.999999024,21738311.32807362,0.9999999999999926,0.3470993449958718,43.47720957862506,0.7246201596437509,1.95821611308508
448,100,40,6,500,0,0.9441945470634653,129654549.24455202,65185999.99999929,21738311.32807376,0.9999999999999989,0.33348128935774546,42.357171668858825,0.7059528611476471,1.9169324396973086
449,100,40,6,500,0,0.886503138189225,131634662.91121607,66702166.66666522,21738311.3280736,0.9999999999999916,0.3259011275706796,41.720014155420955,0.695333569257016,1.8425576095027847
450,100,50,6,500,0,0.9671777908180779,120819856.58585146,58453999.99999963,21719261.06353681,0.9991236548115692,0.37156158797579203,45.45444892245563,0.7575741487075939,2.022001209906305
451,100,50,6,500,0,1.0,125005875.91121864,61629333.333332494,21738311.3280736,0.9999999999999917,0.35272669932186884,43.93233486000588,0.732205581000098,2.014386940457593
452,100,50,6,500,0,1.0,130575095.24454775,65893666.6666649,21738311.328073584,0.9999999999999909,0.3298998587837096,42.05855634043134,0.7009759390071889,1.9648958260341565
453,100,50,6,500,0,0.9757723207795439,136560928.57788008,70476999.99999772,21738311.32807358,0.9999999999999907,0.30844546913282744,40.215016529182805,0.67025027548638,1.892778971572186
454,100,50,6,500,0,0.9674394626399906,125633191.24455135,62109666.66666574,21738311.3280736,0.9999999999999917,0.34999884067548137,43.71297063775077,0.7285495106291795,1.9759880458095551
455,100,50,6,500,0,0.9878010647172872,129296521.24454974,64914666.666665405,21738311.32807367,0.9999999999999949,0.3348751899119987,42.47446062073767,0.7079076770122945,1.9636088936591807
456,100,50,6,500,0,1.0,117578653.91122203,55942333.33333328,21738311.32807362,0.9999999999999927,0.3885842801469425,46.7074576661389,0.7784576277689816,2.0893250518865356
457,100,50,6,500,0,0.9829259035259402,121886059.57788686,59240499.99999959,21738311.328073606,0.999999999999992,0.3669501663232714,45.05683438302199,0.7509472397170333,2.0274332763015908
458,100,50,6,500,0,1.0,133500970.5778813,68133999.99999832,21738311.328073718,0.9999999999999972,0.31905232817791784,41.1367795771658,0.6856129929527632,1.9408548554950975
459,100,50,6,500,0,0.98567138975161,137504295.91121566,71199333.33333153,21738311.328073613,0.9999999999999922,0.30531622011546217,39.93911581894116,0.665651930315686,1.8955762961596656
460,100,45,8,500,0,0.9425190146962996,120281295.24455407,58010333.33333295,21738311.328073587,0.9999999999999911,0.374731708627895,45.657971913539484,0.7609661985589914,2.003270580157607
461,100,45,8,500,0,0.9707419497685186,123049144.57788678,60129666.66666617,21738311.328073643,0.9999999999999937,0.36152389549374664,44.63094821861065,0.7438491369768442,2.00381020314036
462,100,45,8,500,0,0.942602708669552,128957634.58584681,64683666.66666529,21719261.063536827,0.9991236548115698,0.33577659064169657,42.586078890460115,0.7097679815076686,1.9209919626905778
463,100,45,8,500,0,0.9837631674249626,131860291.2445483,66876333.33333175,21738311.32807359,0.9999999999999912,0.3250523801854284,41.64862634661483,0.6941437724435805,1.9379488440168857
464,100,45,8,500,0,0.8961528627963685,125287846.24455234,61843833.33333263,21738311.32807366,0.9999999999999946,0.35150329719870604,43.83346162149219,0.7305576936915366,1.90791319424687
465,100,45,8,500,0,0.9781862807166307,125258389.58585197,61851166.6666664,21719261.063536838,0.9991236548115703,0.3511536197948882,43.8437698118091,0.7307294968634851,1.9898386734160263
466,100,45,8,500,0,0.9572173820129051,125579230.25251739,62096833.33333282,21719261.06353692,0.9991236548115741,0.34976439051165403,43.73175396088168,0.7288625660146947,1.9658914604369229
467,100,45,8,500,0,0.9634788968491419,131089315.9112158,66285999.999998495,21738311.3280736,0.9999999999999916,0.32794724871125264,41.893574330035314,0.6982262388339219,1.9240629346520661
468,100,45,8,500,0,0.9670441369763109,133409424.91121553,68062499.99999851,21738311.328073718,0.9999999999999972,0.3193874942600433,41.16500767209523,0.6860834612015871,1.9086375935859325
469,100,45,8,500,0,0.964002448066647,139773562.91121396,72935499.9999976,21738311.328073613,0.9999999999999923,0.2980484308474519,39.29069192783234,0.6548448654638723,1.857286058208481
470,100,45,6,400,0,0.9792087970893726,124706977.59563819,68220166.66666496,17390649.06245898,0.9999999999999986,0.2549194748736481,35.232992449282804,0.5872165408213801,1.770360917809671
471,100,45,6,400,0,0.9392572005848676,111176599.92897615,57859999.99999976,17390649.062458977,0.9999999999999982,0.300564276917716,39.5209064030284,0.6586817733838066,1.838390395502847
472,100,45,6,400,0,0.9846020313102957,124989508.92897189,68436499.99999851,17390649.062458996,0.9999999999999992,0.25411365371489447,35.15335037036489,0.5858891728394149,1.773782127121626
473,100,45,6,400,0,0.9222583889670479,127661584.92897029,70482499.99999781,17390649.06245898,0.9999999999999986,0.24673712002922035,34.41755797129316,0.5736259661882193,1.6932740511786435
474,100,45,6,400,0,0.9470265400996953,115436118.928975,61121499.999999695,17390649.062459037,1.0000000000000018,0.2845258879847374,38.062610219106524,0.6343768369851087,1.809024087472594
475,100,45,6,400,0,1.0,116027519.26230666,61574333.33333249,17390649.062458973,0.9999999999999981,0.2824334121218129,37.868602448241724,0.6311433741373621,1.8570901038348127
476,100,45,6,400,0,0.9745765286002576,111739268.26230928,58290833.333333164,17390649.062458977,0.9999999999999982,0.2983427765221924,39.32189702267873,0.6553649503779789,1.8686157001959902
477,100,45,6,400,0,0.9447513592752147,120710835.26230484,65160333.33333197,17390649.06245897,0.9999999999999978,0.26689011815663927,36.399383621629866,0.6066563936938311,1.7649198474943573
478,100,45,6,400,0,1.0,125250491.26230478,68636333.33333161,17390649.062458996,0.9999999999999994,0.25337380681455546,35.08010192789042,0.5846683654648402,1.7873674109164845
479,100,45,6,400,0,0.9772242353438422,133096620.73534164,74667999.99999762,17375408.850829564,0.9991236548115768,0.23270221314124015,33.01210786363187,0.5502017977271978,1.7135878035840322
480,100,40,6,400,0,0.9266258268701245,119328743.92897187,64100666.666665465,17390649.062458992,0.9999999999999991,0.2713021559181805,36.82096915907641,0.6136828193179402,1.757350370922609
481,100,40,6,400,0,0.8780092767453853,107553412.59564386,55084333.33333331,17390649.06245904,1.000000000000002,0.31570953136933755,40.85226023016919,0.6808710038361532,1.8114479056770085
482,100,40,6,400,0,0.9711064842524653,126432730.92897215,69540166.66666506,17390649.062458996,0.9999999999999992,0.2500806353516466,34.752076995539745,0.5792012832589958,1.7503722757927784
483,100,40,6,400,0,0.9724469691227896,125321760.2623051,68689499.99999838,17390649.06245898,0.9999999999999986,0.25317769182275884,35.06015228962268,0.5843358714937114,1.7593249940747082
484,100,40,6,400,0,0.93275756338757,113896001.59564167,59940833.33333292,17390649.062458962,0.9999999999999973,0.2901302517058613,38.57729804773175,0.6429549674621958,1.8078167322144547
485,100,40,6,400,0,0.9607815266083458,113848114.92897475,59904166.666666225,17390649.062459033,1.0000000000000016,0.2903078371697989,38.59352438765556,0.6432254064609261,1.836253202805111
486,100,40,6,400,0,0.9361896484675544,109356345.59564379,56464833.33333343,17390649.062458977,0.9999999999999982,0.3079907977376883,40.178738381095165,0.6696456396849194,1.8522279263426245
487,100,40,6,400,0,0.915499518206314,120116479.59563805,64703833.333332,17390649.062458973,0.9999999999999981,0.268773087567599,36.57949362811294,0.6096582271352157,1.7401762153956088
488,100,40,6,400,0,0.9632457973305164,121612937.92897385,65849666.666665845,17390649.062459037,1.0000000000000018,0.2640962353004964,36.12937961063099,0.6021563268438499,1.7766791124147634
489,100,40,6,400,0,0.9208647483801077,121397447.92897213,65684666.66666535,17390649.062459003,0.9999999999999999,0.2647596455153311,36.193512095664055,0.603225201594401,1.7358976663867733
490,100,50,6,400,0,0.9883909389438865,123067420.2623063,66966166.66666565,17390649.06245899,0.9999999999999988,0.25969306484308124,35.70238159404853,0.5950396932341422,1.7911850840524937
491,100,50,6,400,0,0.9906469001234494,115994559.59564061,61550499.99999929,17390649.06245897,0.9999999999999979,0.2825427748346345,37.87936275043309,0.6313227125072182,1.848003832498375
492,100,50,6,400,0,0.9797521500776464,126417092.59563726,69530999.99999808,17390649.062458985,0.9999999999999987,0.25011360490226614,34.75637597563,0.5792729329271666,1.7591159669266259
493,100,50,6,400,0,0.9479119447411355,132695034.59563713,74337999.99999744,17390649.06245898,0.9999999999999986,0.233940233291985,33.11201518119551,0.5518669196865919,1.6869310510613151
494,100,50,6,400,0,0.9938281788364113,117004968.26230593,62324166.66666576,17390649.06245898,0.9999999999999986,0.2790354046043012,37.552251543283376,0.625870859054723,1.8429273615745752
495,100,50,6,400,0,0.994870209021575,114047966.59564084,60059999.9999994,17390649.062458973,0.9999999999999981,0.2895545964445413,38.52589512251716,0.6420982520419527,1.8686121382191607
496,100,50,6,400,0,1.0,113054318.26230925,59299166.66666651,17390649.062459003,0.9999999999999997,0.2932697041126331,38.86450396176359,0.6477417326960598,1.8823574959861662
497,100,50,6,400,0,0.978937170654822,126335685.2623038,69468666.6666646,17390649.062458985,0.9999999999999987,0.2503380285950429,34.77877205381358,0.579646200896893,1.7588537944277494
498,100,50,6,400,0,1.0,125248657.92897145,68636333.33333161,17390649.062458996,0.9999999999999994,0.25337380681455546,35.080615414591705,0.5846769235765285,1.7873759690281728
499,100,50,6,400,0,1.0,132520248.2623048,74204166.6666648,17390649.062459003,0.9999999999999999,0.23436216379304095,33.15568796176041,0.5525947993626734,1.7400845303971062
500,100,45,8,400,0,0.9792087970893726,125231336.59563877,68621666.66666506,17390649.06245898,0.9999999999999986,0.25342796098111947,35.08546757899106,0.5847577929831843,1.7667089588574525
501,100,45,8,400,0,0.9392572005848676,111346597.59564255,57990166.66666637,17390649.062458977,0.9999999999999982,0.2998896202941142,39.46056812580996,0.6576761354301659,1.836845032250325
502,100,45,8,400,0,0.9846020313102957,125549782.92897263,68865499.99999864,17390649.062458996,0.9999999999999992,0.25253064397208086,34.99647627814464,0.583274604635744,1.7699011511237044
503,100,45,8,400,0,0.9222583889670479,127790878.92897113,70581499.99999805,17390649.062458996,0.9999999999999994,0.24639103819640382,34.382735581951565,0.5730455930325261,1.6924168125566972
504,100,45,8,400,0,0.9470265400996953,116954126.26230904,62283833.33333318,17390649.062459037,1.0000000000000018,0.27921610041865996,37.5685761624641,0.6261429360410683,1.7965423564756917
505,100,45,8,400,0,1.0,115960477.92897338,61522999.99999918,17390649.062458973,0.9999999999999981,0.282669067868264,37.890495783323985,0.6315082630553998,1.8576435173500112
506,100,45,8,400,0,0.9745765286002576,111763211.59564248,58309166.66666649,17390649.062458977,0.9999999999999982,0.2982489727880241,39.31347298694939,0.6552245497824899,1.8684002566131666
507,100,45,8,400,0,0.9447513592752147,120722806.92897141,65169499.9999986,17390649.06245897,0.9999999999999978,0.2668525777006014,36.39577401961123,0.6065962336601872,1.764829655095883
508,100,45,8,400,0,1.0,126790047.59563792,69815166.6666647,17390649.062458996,0.9999999999999994,0.24909557468352606,34.654139526887946,0.5775689921147991,1.77684545186162
509,100,45,8,400,0,0.9772242353438422,133644923.0686747,75087833.33333081,17375408.850829564,0.9991236548115768,0.23140112158645518,32.87666975379383,0.5479444958965638,1.7102896285095701
510,100,45,6,300,0,0.9673873492925108,109791235.28006142,63620333.33333205,13042986.796844305,1.000000000000003,0.20501286481016923,30.018789674721255,0.5003131612453543,1.6317108023860003
511,100,45,6,300,0,1.0,96768456.28006661,53648833.33333369,13042986.796844346,1.0000000000000062,0.24311780865401098,34.0586191688469,0.567643652814115,1.7621378997373238
512,100,45,6,300,0,0.9706153351574187,107969147.61339486,62225166.66666563,13042986.796844337,1.0000000000000056,0.2096095116420401,30.52538686145112,0.508756447690852,1.647059392161903
513,100,45,6,300,0,0.9577063631559651,113447382.28006235,66419833.333332054,13042986.796844324,1.0000000000000044,0.1963718687968891,29.05135344475212,0.484189224079202,1.5989930822726786
514,100,45,6,300,0,0.944080475165415,101073467.6133979,56945166.666666634,13042986.796844337,1.0000000000000056,0.2290446680609887,32.60796406635921,0.5434660677726535,1.6707822773868595
515,100,45,6,300,0,0.9374774296841725,112877530.94672893,65983499.99999873,13042986.79684434,1.000000000000006,0.19767042968082313,29.198016402001294,0.48663360670002154,1.5822473801288526
516,100,45,6,300,0,1.0,104629052.61339644,59667666.66666621,13042986.796844287,1.0000000000000018,0.2185938804966015,31.499855132760842,0.5249975855460141,1.6998726899432952
517,100,45,6,300,0,0.9585574958924541,114180048.28006078,66980833.333331525,13042986.796844339,1.0000000000000058,0.19472715025708387,28.864937873524653,0.48108229789207757,1.5954215139901988
518,100,45,6,300,0,0.9751871167353441,110787277.94673002,64382999.99999916,13042986.796844285,1.0000000000000016,0.20258432811214847,29.748903132945674,0.4958150522157612,1.633069631440824
519,100,45,6,300,0,0.9826176353895524,122236979.94672729,73149999.99999799,13042986.796844326,1.0000000000000047,0.17830467254743246,26.96238079046422,0.44937301317440365,1.574634386601902
520,100,40,6,300,0,0.9315013809539439,102313171.28006443,57892999.99999984,13042986.796844328,1.0000000000000049,0.22529471260505352,32.2128613429284,0.53688102238214,1.6486181734201266
521,100,40,6,300,0,0.9215806433754026,102626828.94673072,58133166.66666644,13042986.796844298,1.0000000000000024,0.22436394823685302,32.114409397865266,0.5352401566310878,1.636311958595973
522,100,40,6,300,0,0.927772400884899,105846320.46448469,60679666.66666628,12991138.342844514,0.9960248020789,0.214093765778398,31.13759633341115,0.5189599388901859,1.6180073523978034
523,100,40,6,300,0,0.9481339554704259,106134527.28006226,60818999.99999929,13042986.796844333,1.0000000000000053,0.21445579172371274,31.05304262865575,0.5175507104775958,1.6372492993269918
524,100,40,6,300,0,0.9234639677106667,98170974.61339934,54721333.333333634,13042986.796844337,1.0000000000000056,0.23835286902446817,33.57204115553475,0.5595340192589124,1.6736802821891537
525,100,40,6,300,0,0.9504558810956376,106853350.21817592,61387333.333333015,13031556.638122246,0.9991236548115817,0.21228412981161662,30.84414286749597,0.5140690477915996,1.6343522327365303
526,100,40,6,300,0,0.9476974254665329,103290059.2800635,58640999.99999967,13042986.796844283,1.0000000000000013,0.22242094774721363,31.908201263237515,0.5318033543872919,1.6574375380515955
527,100,40,6,300,0,0.9570745544332684,110212076.94672869,63941166.66666554,13042986.796844324,1.0000000000000044,0.2039841854128074,29.90416378409268,0.49840272973487804,1.6186646324983924
528,100,40,6,300,0,0.907343808074537,108382806.28006285,62540499.99999923,13042986.796844278,1.0000000000000009,0.20855264663449186,30.408882304482887,0.5068147050747148,1.5810006304568454
529,100,40,6,300,0,0.9413914405239802,117419020.28006175,69459499.99999854,13042986.796844326,1.0000000000000047,0.18777829953922215,28.068706348758734,0.4678117724793122,1.55942585263467
530,100,50,6,300,0,1.0,106267860.55150741,60941833.333332576,13031556.638122238,0.999123654811581,0.21383597974225257,31.014080672138356,0.5169013445356393,1.6879701283294413
531,100,50,6,300,0,1.0,96766622.94673328,53648833.33333369,13042986.796844346,1.0000000000000062,0.24311780865401098,34.05926444094494,0.5676544073490823,1.762148654272291
532,100,50,6,300,0,0.9902358177552053,108994483.28006321,63011666.6666659,13042986.796844337,1.0000000000000056,0.2069932043829634,30.238227668196608,0.5039704611366101,1.659800842398186
533,100,50,6,300,0,0.9866043873983426,114039343.6133944,66874499.99999831,13042986.796844324,1.0000000000000044,0.19503677480720832,28.900552174108572,0.4816758695684762,1.6243096768125855
534,100,50,6,300,0,0.9513150569730529,114010611.61339429,66852499.99999831,13042986.796844337,1.0000000000000056,0.19510095803215535,28.907835449352156,0.4817972574892026,1.5891930808879797
535,100,50,6,300,0,0.9929099411638878,118361115.2800615,70183666.66666482,13042986.79684434,1.000000000000006,0.18584077202451688,27.845293551024806,0.4640882258504134,1.6056707846339147
536,100,50,6,300,0,1.0,107660839.61339745,61990499.99999961,13042986.796844298,1.0000000000000024,0.21040299395624135,30.612802313589487,0.5102133718931581,1.678535767058151
537,100,50,6,300,0,1.0,116503112.61339477,68760999.99999821,13042986.796844315,1.000000000000004,0.18968582185897026,28.28937292805918,0.4714895488009863,1.6232382062881625
538,100,50,6,300,0,1.0,117721828.2800621,69694166.66666506,13042986.796844287,1.0000000000000018,0.18714603274082606,27.99650708923106,0.46660845148718433,1.6163252776798451
539,100,50,6,300,0,1.0,122656549.28006056,73472666.6666646,13042986.796844326,1.0000000000000047,0.17752161978846592,26.87015099760169,0.4478358499600282,1.589853145790801
540,100,45,4,300,0,0.9673873492925108,109851093.61339475,63666166.666665375,13042986.796844305,1.000000000000003,0.20486527585574604,30.0024323071293,0.500040538452155,1.6313201084292626
541,100,45,4,300,0,1.0,96236914.28006716,53241833.33333383,13042986.796844337,1.0000000000000056,0.2449762898881684,34.24673395500415,0.5707788992500692,1.7667599311606041
542,100,45,4,300,0,0.9706153351574187,107111976.28006181,61568833.33333243,13042986.796844339,1.0000000000000058,0.2118439816169631,30.76966847649782,0.5128278079416303,1.6529183283926194
543,100,45,4,300,0,0.9577063631559651,113454565.28006235,66425333.33333205,13042986.796844324,1.0000000000000044,0.19635560925818327,29.049514154536883,0.4841585692422814,1.598949419804793
544,100,45,4,300,0,0.944080475165415,101116565.6133978,56978166.66666659,13042986.796844337,1.0000000000000056,0.2289120124406311,32.59406586850405,0.5432344311417342,1.670444516259654
545,100,45,4,300,0,0.9374774296841725,112927811.94672893,66021999.999998696,13042986.79684434,1.000000000000006,0.19755516035328524,29.185016013191834,0.48641693355319726,1.581938491519998
546,100,45,4,300,0,1.0,103848499.94672933,59069999.999999516,13042986.796844287,1.0000000000000018,0.22080560008201106,31.736616337170307,0.5289436056195052,1.705588085685114
547,100,45,4,300,0,0.9585574958924541,114187231.28006078,66986333.333331525,13042986.796844339,1.0000000000000058,0.1947111619312102,28.86312211140816,0.481052035190136,1.5953784606275583
548,100,45,4,300,0,0.9751871167353441,110914177.61339684,64480166.666665874,13042986.796844285,1.0000000000000016,0.20227904906435484,29.714866673653404,0.4952477778942234,1.6322581338810516
549,100,45,4,300,0,0.9826176353895524,121983180.61339371,72955666.6666645,13042986.796844328,1.0000000000000049,0.17877962593965352,27.018478969207354,0.4503079828201226,1.5759493189613978
550,100,45,8,300,0,0.9673873492925108,109870248.28006169,63680833.3333321,13042986.796844305,1.000000000000003,0.20481809225975203,29.997201713779084,0.49995336189631806,1.6311951849966306
551,100,45,8,300,0,1.0,96754090.28006662,53637833.33333369,13042986.796844345,1.000000000000006,0.24316766704181295,34.063676175962186,0.5677279362660365,1.7622620698994869
552,100,45,8,300,0,0.9706153351574187,107985907.94672816,62237999.99999896,13042986.796844337,1.0000000000000056,0.20956629063987525,30.5206490612265,0.508677484353775,1.646945852023094
553,100,45,8,300,0,0.9577063631559651,113483297.28006224,66447333.33333203,13042986.796844324,1.0000000000000044,0.19629059802015497,29.042159322057657,0.48403598870096093,1.59877483027305
554,100,45,8,300,0,0.944080475165415,101063890.2800645,56937833.333333306,13042986.796844337,1.0000000000000056,0.22907416796993813,32.611054164517135,0.543517569408619,1.6708573789499845
555,100,45,8,300,0,0.9727741105407383,109331523.2800624,63268333.33333246,13042986.796844311,1.0000000000000036,0.20615347535909737,30.145011256794763,0.5024168542799127,1.640113745107929
556,100,45,8,300,0,1.0,104597926.28006303,59643833.333332896,13042986.796844287,1.0000000000000018,0.21868122935611198,31.50922888447549,0.5251538147412582,1.7000987982261477
557,100,45,8,300,0,0.9447449663684236,115693266.94672754,68139499.99999805,13042986.796844333,1.0000000000000053,0.1914159451836997,28.487396777528925,0.47478994629214877,1.5726676688075323
558,100,45,8,300,0,0.9751871167353441,110768123.28006366,64368333.3333326,13042986.796844274,1.0000000000000009,0.20263048802741135,29.75404748590867,0.4959007914318112,1.6331922985890843
559,100,45,8,300,0,0.9826176353895524,122588946.94672771,73419499.99999818,13042986.796844326,1.0000000000000047,0.17765017191406435,26.88496868671385,0.4480828114452308,1.5728205843660348
560,100,45,6,200,0,1.0,103576500.2978189,65682833.33333225,8695324.53122951,1.0000000000000009,0.13238351773136545,21.219098865867753,0.35365164776446256,1.459558461949555
561,100,45,6,200,0,0.9751376209017094,97324895.96448612,60895999.999999136,8695324.531229507,1.0000000000000002,0.14278974860794846,22.582094521857776,0.3763682420309629,1.465737661819031
562,100,45,6,200,0,0.9618072763862859,99005717.96448627,62182999.99999935,8695324.531229502,0.9999999999999997,0.13983443274254365,22.19871786383448,0.36997863106390805,1.4436534536442287
563,100,45,6,200,0,0.9376433536400235,102008211.96448632,64481999.9999992,8695324.531229496,0.9999999999999991,0.13484886528379397,21.545324221202446,0.35908873702004074,1.4046111828870993
564,100,45,6,200,0,0.9422186620668525,97097434.29781994,60721833.33333278,8695324.531229502,0.9999999999999999,0.14319930828663358,22.634995619542806,0.3772499269923801,1.4340280356885395
565,100,45,6,200,0,0.9795932038247188,99366014.70100586,62470833.33333294,8687704.425414793,0.999123654811578,0.13906816928563753,22.11822630316029,0.3686371050526715,1.4594848443059003
566,100,45,6,200,0,0.960439231540444,92462004.96448603,57172499.99999972,8695324.531229502,0.9999999999999997,0.15208928298097066,23.769763600131302,0.39616272666885505,1.4782733845940754
567,100,45,6,200,0,0.9253103202231237,106411390.96448468,67853499.99999827,8695324.531229502,0.9999999999999997,0.1281485042220331,20.65380388396132,0.3442300647326887,1.3720591883334388
568,100,45,6,200,0,1.0,108187986.2978194,69213833.33333193,8695324.531229503,1.0,0.12562986490508418,20.314640055781297,0.3385773342630216,1.439081226187089
569,100,45,6,200,0,0.9863258559493433,116304776.29781681,75428833.33333102,8695324.531229502,0.9999999999999997,0.11527852343683473,18.89690234537045,0.31494837242284085,1.393497047121652
570,100,40,6,200,0,0.9714048815919016,96438431.63115205,60215833.33333252,8695324.531229498,0.9999999999999994,0.14440262718105062,22.78966966619618,0.37982782776993634,1.4667548111066784
571,100,40,6,200,0,0.879967171654629,90074293.63115296,55342833.33333307,8695324.531229502,0.9999999999999997,0.1571174442561887,24.39985828809067,0.40666430480151117,1.412325431861091
572,100,40,6,200,0,0.912677194629676,94530147.96448737,58754666.66666658,8695324.531229502,0.9999999999999997,0.14799376840244485,23.2497255883452,0.38749542647242,1.4185676358240518
573,100,40,6,200,0,0.9435569413517081,104277478.96448584,66218166.666665465,8695324.531229502,0.9999999999999997,0.13131327804650272,21.07645890392606,0.35127431506543433,1.3998818788543446
574,100,40,6,200,0,0.8904508840752652,92080744.96448705,56879166.666666664,8695324.531229502,0.9999999999999999,0.15287362738957444,23.86818222254424,0.39780303704240405,1.4105528230293287
575,100,40,6,200,0,0.9565454687633876,102093846.96448666,64546166.66666603,8695324.531229502,0.9999999999999997,0.13471480926411206,21.527252281565065,0.35878753802608443,1.4231048542007616
576,100,40,6,200,0,0.913850097742266,88182770.29782096,53894500.00000028,8695324.531229507,1.0000000000000002,0.1613397384005689,24.923236053679624,0.41538726756132704,1.4583091560240482
577,100,40,6,200,0,0.9058478545692802,96802370.29781981,60494499.99999943,8695324.531229502,0.9999999999999997,0.14373743945696854,22.70398951222271,0.3783998252037118,1.3992376313385668
578,100,40,6,200,0,0.9485807872110744,104871273.63115288,66672833.33333212,8695324.531229503,1.0,0.13041780432154518,20.957121277366895,0.3492853546227816,1.4022003852910923
579,100,40,6,200,0,0.9384956996845885,105637460.29781882,67259499.9999988,8695324.531229502,0.9999999999999997,0.129280243403975,20.805119640360946,0.34675199400601575,1.3886718884137843
580,100,50,6,200,0,1.0,101685537.96448511,64236333.333332196,8695324.531229498,0.9999999999999994,0.13536458387355524,21.613692998975015,0.3602282166495836,1.4685198837484277
581,100,50,6,200,0,1.0,101556243.96448474,64137333.33333189,8695324.53122951,1.0000000000000007,0.13557352760581,21.641209975908456,0.3606868329318076,1.4691456550164557
582,100,50,6,200,0,1.0,102530737.63115178,64883499.99999864,8695324.531229502,0.9999999999999997,0.13401441863077182,21.43552314922823,0.35725871915380386,1.4644702540584214
583,100,50,6,200,0,0.9955525444796264,109201350.2978173,69991166.66666466,8695324.531229503,1.0,0.12423459909793025,20.12612475950244,0.33543541265837395,1.4303756364163447
584,100,50,6,200,0,0.9639241958852834,98683043.96448582,61937333.33333254,8695324.531229502,0.9999999999999999,0.14038906848690527,22.271303272636654,0.3711883878772776,1.4474238385520852
585,100,50,6,200,0,1.0,103713538.2978188,65789166.66666551,8695324.531229505,1.0000000000000002,0.1321695496659226,21.19106180418706,0.3531843634031177,1.4589200031358558
586,100,50,6,200,0,0.9834231790111158,93994939.29781918,58347666.66666624,8695324.531229502,0.9999999999999997,0.14902608841078302,23.38210989249495,0.3897018315415825,1.4923458812813248
587,100,50,6,200,0,0.9474153909713976,109730497.96448402,70396333.33333111,8695324.531229502,0.9999999999999997,0.12351956585659919,20.02907159604208,0.3338178599340347,1.3800489035907118
588,100,50,6,200,0,1.0,108186152.96448609,69213833.33333193,8695324.531229503,1.0,0.12562986490508418,20.314984309696865,0.33858307182828107,1.4390869637523482
589,100,50,6,200,0,1.0,116171254.63115022,75327999.9999977,8695324.531229502,0.9999999999999997,0.11543283415502557,18.918621538332605,0.3153103589722101,1.4076566262962307
590,100,45,4,200,0,1.0,103636358.63115224,65728666.666665584,8695324.53122951,1.0000000000000009,0.13229120522597426,21.20684312946672,0.353447385491112,1.4592803496718914
591,100,45,4,200,0,0.9751376209017094,97312924.29781945,60886833.33333249,8695324.531229507,1.0000000000000002,0.14281124596554198,22.58487262466582,0.37641454374443034,1.4658011614185733
592,100,45,4,200,0,0.9615254508803608,96446175.6311529,60223166.66666614,8695324.531229502,0.9999999999999997,0.14438504337305816,22.78783980409165,0.37979733006819416,1.4568308156470016
593,100,45,4,200,0,0.9645613189787989,104658738.96448475,66511499.99999852,8695324.531229502,0.9999999999999997,0.1307341517065424,20.99967973764531,0.3499946622940885,1.4191433026381213
594,100,45,4,200,0,0.9422186620668525,97092645.63115329,60718166.66666611,8695324.531229502,0.9999999999999999,0.1432079558489565,22.6361119909046,0.3772685331817433,1.434053559927761
595,100,45,4,200,0,0.9795932038247188,96898704.63115358,60569666.66666639,8695324.531229502,0.9999999999999997,0.14355906198200763,22.681417758534128,0.37802362930890215,1.472464082719227
596,100,45,4,200,0,0.960439231540444,92497919.96448623,57199999.999999784,8695324.531229502,0.9999999999999997,0.15201616313338345,23.760534300055895,0.39600890500093155,1.4780610670480825
597,100,45,4,200,0,0.9253103202231237,106423362.63115129,67862666.66666494,8695324.531229502,0.9999999999999997,0.12813119434195122,20.651480517649794,0.3441913419608299,1.3720066176575143
598,100,45,4,200,0,1.0,107024340.29781933,68322833.33333194,8695324.531229503,1.0,0.12726820752305373,20.535515508753676,0.34225859181256124,1.4440731578310042
599,100,45,4,200,0,0.9863258559493433,113977484.2978167,73646833.3333309,8695324.531229502,0.9999999999999997,0.11806786711213818,19.282755831469956,0.3213792638578326,1.4021594134968864
600,100,45,8,200,0,1.0,103564528.63115215,65673666.66666557,8695324.53122951,1.0000000000000009,0.13240199569431163,21.221551713207944,0.3536925285534657,1.4596141251089152
601,100,45,8,200,0,0.9751376209017094,97257854.63115276,60844666.66666579,8695324.531229507,1.0000000000000002,0.142910217240015,22.59766070653198,0.37662767844219963,1.466093473135921
602,100,45,8,200,0,0.9618072763862859,99024872.63115296,62197666.66666603,8695324.531229502,0.9999999999999997,0.13980145875616326,22.19442390182462,0.3699070650304103,1.443555508421627
603,100,45,8,200,0,0.9376433536400235,101993845.96448632,64470999.9999992,8695324.531229496,0.9999999999999991,0.13487187310929882,21.5483589153532,0.3591393152558867,1.4046801673833493
604,100,45,8,200,0,0.9422186620668525,97681651.63115354,61169166.66666617,8695324.531229502,0.9999999999999999,0.14215208421284536,22.499619563138683,0.3749936593856447,1.4309339888227735
605,100,45,8,200,0,0.9795932038247188,101944711.70100637,64445333.333333,8687704.425414791,0.9991236548115777,0.13480734718957932,21.558744571723615,0.3593124095287269,1.4467514911051094
606,100,45,8,200,0,0.960439231540444,92636791.29781994,57306333.333333194,8695324.531229502,0.9999999999999997,0.15173409334447366,23.724915006330985,0.3954152501055164,1.4772417563215392
607,100,45,8,200,0,0.9253103202231237,107275745.29781775,68515333.33333147,8695324.531229502,0.9999999999999999,0.1269106360312982,20.487389706764485,0.3414564951127414,1.3682953241609037
608,100,45,8,200,0,1.0,108070663.96448615,69123999.99999864,8695324.531229503,1.0,0.12579313308300555,20.33669378326605,0.3389448963877675,1.439579402854172
609,100,45,8,200,0,0.9863258559493433,116333508.2978171,75450833.33333108,8695324.531229507,1.0000000000000004,0.11524491045466385,18.89223519653142,0.314870586608857,1.3933923709219314
610,100,40,8,200,0,0.9789064001573504,98310800.29781857,61649499.999998994,8695324.531229498,0.9999999999999994,0.14104452641513135,22.355631256607392,0.37259385427678987,1.4643358755662454
611,100,40,8,200,0,0.9259350358168391,87689537.63115408,53516833.33333347,8695324.531229498,0.9999999999999992,0.16247830803198013,25.063423292805368,0.41772372154675613,1.4736414037891794
612,100,40,8,200,0,0.912677194629676,94549302.63115402,58769333.333333254,8695324.531229502,0.9999999999999997,0.14795683459450812,23.24501544526278,0.387416924087713,1.4184595863929954
613,100,40,8,200,0,0.9435569413517081,104275084.6311526,66216333.33333216,8695324.531229496,0.9999999999999991,0.1313169137206276,21.076942855277228,0.3512823809212871,1.3998928532494972
614,100,40,8,200,0,0.8904508840752652,91762298.63115412,56635333.33333349,8695324.531229502,0.9999999999999999,0.15353179754504512,23.951012919088182,0.3991835486514697,1.412459870762771
615,100,40,8,200,0,0.9507754783223393,102043565.96448727,64507666.66666628,8695324.531229509,1.0000000000000007,0.134795210872551,21.537859631099803,0.3589643271849967,1.4175759742053768
616,100,40,8,200,0,0.913850097742266,89202756.29782087,54675500.000000246,8695324.531229507,1.0000000000000004,0.15903511684812152,24.63825212600174,0.4106375354333623,1.4517157266541254
617,100,40,8,200,0,0.9058478545692802,97398559.29781948,60950999.99999929,8695324.531229502,0.9999999999999997,0.142660900251507,22.56501549760812,0.376083591626802,1.3960601663972878
618,100,40,8,200,0,0.9485807872110744,104753951.2978196,66582999.9999988,8695324.531229503,1.0,0.1305937631411871,20.98059283464705,0.3496765472441175,1.4027323449681415
619,100,40,8,200,0,0.9384956996845885,105666192.29781908,67281499.99999884,8695324.531229509,1.0000000000000007,0.1292379707828996,20.799462460098148,0.34665770766830245,1.3885437839792105
620,100,50,8,200,0,1.0,102506794.29781827,64865166.66666546,8695324.53122951,1.0000000000000009,0.13405229614091294,21.44053001613355,0.35734216693555915,1.4645840038482896
621,100,50,8,200,0,1.0,101814831.96448478,64335333.33333186,8695324.53122951,1.0000000000000007,0.1351562831916579,21.58624590930563,0.3597707651550939,1.46789579170842
622,100,50,8,200,0,1.0,104127757.96448538,66106333.33333212,8695324.531229502,0.9999999999999997,0.13153542320044465,21.106763873179702,0.35177939788632834,1.457007736446684
623,100,50,8,200,0,0.9955525444796264,109141491.96448435,69945333.33333144,8695324.531229503,1.0,0.12431600675617731,20.137162873998317,0.3356193812333053,1.4306247311178735
624,100,50,8,200,0,0.9639241958852834,98706987.29781955,61955666.66666604,8695324.531229502,0.9999999999999997,0.14034752588511554,22.265900927244182,0.37109834878740305,1.447300565380779
625,100,50,8,200,0,1.0,106292235.2978194,67763666.66666558,8695324.531229502,0.9999999999999997,0.12831838887943353,20.67695720051423,0.34461595334190387,1.4472706644454507
626,100,50,8,200,0,0.9834231790111158,94023671.29781906,58369666.6666662,8695324.531229502,0.9999999999999997,0.14896991927136075,23.374964726047445,0.3895827454341241,1.4921818598623284
627,100,50,8,200,0,0.9474153909713976,110594852.2978172,71058166.66666433,8695324.531229502,0.9999999999999999,0.1223691088459894,19.87253433895474,0.33120890564924566,1.3765195836974349
628,100,50,8,200,0,1.0,108068830.63115282,69123999.99999864,8695324.531229503,1.0,0.12579313308300555,20.33703878504302,0.33895064641738365,1.4395851528837882
629,100,50,8,200,0,1.0,116199986.63115044,75349999.99999776,8695324.531229507,1.0000000000000004,0.11539913113775402,18.913943656262198,0.3152323942710366,1.4075516991812398
630,100,45,10,200,0,1.0,104965213.63115215,66746166.66666557,8695324.53122951,1.0000000000000009,0.13027451560858158,20.938365425740674,0.3489727570956779,1.4531923695825433
631,100,45,10,200,0,0.9751376209017094,97648130.96448636,61143499.99999915,8695324.531229507,1.0000000000000002,0.14221175646192363,22.507343236291103,0.37512238727151836,1.4640294133427667
632,100,45,10,200,0,0.9618072763862859,99000929.2978196,62179333.33333269,8695324.531229502,0.9999999999999999,0.1398426786697015,22.199791613960176,0.36999652689933626,1.4436779462213836
633,100,45,10,200,0,0.9376433536400235,101972296.96448626,64454499.99999917,8695324.531229496,0.9999999999999991,0.1349063995722503,21.55291255982421,0.3592152093304035,1.4047836826282272
634,100,45,10,200,0,0.9422186620668525,97691228.96448687,61176499.99999951,8695324.531229502,0.9999999999999999,0.1421350441955583,22.497413772928926,0.3749568962154821,1.4308835936387811
635,100,45,10,200,0,1.0,103193406.96448697,65389499.99999954,8695324.531229502,0.9999999999999999,0.13297738216731378,21.297872263839025,0.3549645377306504,1.4613464434645014
636,100,45,10,200,0,0.960439231540444,93254529.29782014,57779333.333333164,8695324.531229503,1.0,0.1504919497957089,23.567756081648835,0.39279593469414725,1.4736287260711582
637,100,45,10,200,0,0.9253103202231237,107249407.63115108,68495166.6666648,8695324.531229502,0.9999999999999999,0.12694800165310555,20.49242087712603,0.3415403479521005,1.3684090694977085
638,100,45,10,200,0,1.0,109423462.29781976,70159833.333332,8695324.531229502,0.9999999999999999,0.12393593482352913,20.085271968622315,0.33475453281037193,1.4339032806691954
639,100,45,10,200,0,0.9863258559493433,117542646.63115026,76376666.66666436,8695324.531229507,1.0000000000000004,0.11384791862126002,18.69789444929476,0.31163157415491266,1.3890357650012641
640,100,40,10,200,0,0.9789064001573504,98274885.2978186,61621999.999998994,8695324.531229498,0.9999999999999994,0.14110747024162865,22.363801222862218,0.372730020381037,1.4645223967316903
641,100,40,10,200,0,0.9251817940844976,88768134.36767372,54354666.66666683,8687704.425414791,0.9991236548115778,0.15983364369967804,24.758884656703593,0.41264807761172656,1.4656967866559665
642,100,40,10,200,0,0.9132039545113367,95356192.96448779,59387166.66666666,8695324.531229502,0.9999999999999999,0.14641756829443237,23.048319481656495,0.38413865802760827,1.4144766671744908
643,100,40,10,200,0,0.9435569413517081,104933526.29781938,66720499.999998875,8695324.531229496,0.9999999999999991,0.1303246308290502,20.944688294971293,0.34907813824952155,1.39689478426447
644,100,40,10,200,0,0.8904508840752652,91747932.63115415,56624333.33333349,8695324.531229502,0.9999999999999999,0.1535616230577457,23.95476319706968,0.3992460532844947,1.4125462358059564
645,100,40,10,200,0,0.9574571466675378,106540123.9644874,67950666.66666624,8695324.531229505,1.0000000000000002,0.1279652571163819,20.628847782574233,0.34381412970957054,1.4036434820702137
646,100,40,10,200,0,0.9788588554472493,83975926.63115615,50673333.33333407,8695324.531229503,1.0,0.17159566894940226,26.171786226942185,0.4361964371157031,1.5523318277224742
647,100,40,10,200,0,0.9058478545692802,97372221.63115281,60930833.33333262,8695324.531229502,0.9999999999999997,0.14270811763988572,22.57111898222158,0.3761853163703597,1.3961996650515485
648,100,40,10,200,0,0.9485807872110744,106106749.6311532,67618833.33333215,8695324.531229502,0.9999999999999999,0.12859323508829623,20.713102678575694,0.3452183779762616,1.396673753257973
649,100,40,10,200,0,0.9384956996845885,106706894.83874959,68086333.33333215,8690244.105459511,0.9994157290217581,0.12763566019797898,20.596607213818857,0.34327678689698093,1.3838810147399525
650,100,50,10,200,0,1.0,102470879.29781827,64837666.666665465,8695324.53122951,1.0000000000000009,0.13410915256918055,21.44804470363117,0.35746741172718616,1.4647547337825306
651,100,50,10,200,0,1.0,102523554.63115175,64877999.99999858,8695324.531229516,1.0000000000000016,0.13402577963608167,21.437024963746225,0.3572837493957704,1.4645043731046357
652,100,50,10,200,0,1.0,104103814.63115208,66087999.99999879,8695324.531229502,0.9999999999999999,0.1315719121660462,21.11161831856956,0.35186030530949264,1.4571178350423295
653,100,50,10,200,0,0.9955525444796264,109119942.96448421,69928833.3333314,8695324.531229503,1.0,0.12434533963667459,20.14113955975333,0.3356856593292222,1.4307144755181882
654,100,50,10,200,0,0.9639241958852834,98716564.63115293,61962999.99999939,8695324.531229502,0.9999999999999997,0.14033091572760498,22.263740722865666,0.37106234538109445,1.4472512738484618
655,100,50,10,200,0,1.0,107774327.63115273,68898499.99999893,8695324.531229502,0.9999999999999999,0.1262048452612123,20.392611564432663,0.3398768594072111,1.440840735616181
656,100,50,10,200,0,0.9834231790111158,95850547.63115266,59768499.999999456,8695324.531229503,1.0,0.1454833989681786,22.929446459267666,0.3821574409877944,1.481967339173453
657,100,50,10,200,0,0.9474153909713976,110568514.63115047,71037999.99999765,8695324.531229502,0.9999999999999999,0.12240384767631114,19.87726802093454,0.331287800348909,1.3766262694613556
658,100,50,10,200,0,1.0,109421628.96448644,70159833.333332,8695324.531229502,0.9999999999999999,0.12393593482352913,20.085608492570618,0.3347601415428436,1.433908889401667
659,100,50,10,200,0,1.0,117409124.96448365,76275833.33333106,8695324.531229507,1.0000000000000004,0.11399842061679344,18.71915833343308,0.31198597222388463,1.4031847087173195
660,100,45,10,300,0,0.9673873492925108,109934895.28006218,63730333.33333222,13042986.796844305,1.000000000000003,0.2046590079581863,29.979561918023013,0.4996593653003835,1.6307739209594434
661,100,45,10,300,0,1.0,99414194.6133988,55674666.666666634,13042986.796844346,1.0000000000000062,0.23427148428090014,33.152207416824965,0.552536790280416,1.7399539777051363
662,100,45,10,300,0,0.9706153351574187,108391695.92479125,62560666.666665636,13035366.158189341,0.9994157290217631,0.20836360692324604,30.40638834811503,0.5067731391352505,1.6440793598312662
663,100,45,10,300,0,0.9577063631559651,113433016.28006214,66408833.333332025,13042986.796844324,1.0000000000000044,0.19640439595402087,29.055032724006786,0.4842505454001131,1.599080425319295
664,100,45,10,300,0,0.944080475165415,102028806.61339754,57676666.66666654,13042986.796844333,1.0000000000000053,0.226139746809993,32.302641865530006,0.5383773644255001,1.6633696370389095
665,100,45,10,300,0,0.9727741105407383,109338706.28006236,63273833.33333246,13042986.796844311,1.0000000000000036,0.20613555572226264,30.14303088201969,0.5023838480336615,1.6400664031522099
666,100,45,10,300,0,1.0,104581165.94672959,59630999.99999955,13042986.796844287,1.0000000000000018,0.21872829227825102,31.514278600400942,0.525237976673349,1.7002206104959499
667,100,45,10,300,0,0.9447449663684236,116016501.94672738,68386999.99999797,13042986.796844328,1.0000000000000049,0.1907231900338473,28.408027691727597,0.47346712819545994,1.5707906465909613
668,100,45,10,300,0,0.9751871167353441,111146427.9467307,64657999.9999993,13042986.796844266,1.0000000000000002,0.20172270711813553,29.65277482043402,0.4942129136739003,1.6307781961037526
669,100,45,10,300,0,0.9826176353895524,124365542.28006092,74779833.33333138,13042986.796844307,1.0000000000000033,0.17441850583840096,26.500909653721695,0.4416818275620283,1.5638342676223014
670,100,40,10,300,0,0.9315013809539439,102248524.28006448,57843499.99999986,13042986.796844328,1.0000000000000049,0.22548751021021135,32.233228041244075,0.5372204673540679,1.6491118564761809
671,100,40,10,300,0,0.9215806433754026,102825558.61339751,58285333.33333305,13042986.79684429,1.000000000000002,0.22377819686217837,32.052342281859275,0.5342057046976546,1.6348089055628
672,100,40,10,300,0,0.927772400884899,106708280.46448505,61339666.66666628,12991138.342844514,0.9960248020789,0.2117901685615822,30.886075435325917,0.5147679239220986,1.6119724596562632
673,100,40,10,300,0,0.9481339554704259,106960572.28006262,61451499.99999929,13042986.796844333,1.0000000000000053,0.21224846906657255,30.813223319059738,0.5135537219843289,1.6314864527080128
674,100,40,10,300,0,0.9234639677106667,99126313.61339882,55452833.3333335,13042986.796844333,1.0000000000000053,0.2352086631613827,33.24848750911796,0.5541414584852993,1.6657723567250722
675,100,40,10,300,0,0.9504558810956376,106791097.55150895,61339666.666666314,13031556.638122251,0.999123654811582,0.212449094465066,30.862123112933872,0.5143687185488979,1.6347838752165882
676,100,40,10,300,0,0.9782551085278484,99688981.94673303,55883666.666667,13042986.796844278,1.0000000000000009,0.23339532952700906,33.06082513472803,0.5510137522454671,1.7159851243949227
677,100,40,10,300,0,0.9570745544332684,110171373.28006192,63909999.99999883,13042986.796844319,1.0000000000000042,0.2040836613494689,29.915212108883207,0.4985868684813868,1.6189283519942304
678,100,40,10,300,0,0.907343808074537,108385200.6133959,62542333.33333246,13042986.796844274,1.0000000000000009,0.20854653323100286,30.408210543023664,0.5068035090503944,1.5809845437097336
679,100,40,10,300,0,0.9413914405239802,119547582.61339521,71089333.33333191,13042986.796844307,1.0000000000000033,0.1834731904952159,27.568938894049275,0.45948231490082125,1.5476523078209743
680,100,50,10,300,0,1.0,106172087.21817428,60868499.9999993,13031556.638122238,0.999123654811581,0.21409360569296743,31.042057157898963,0.5173676192983161,1.68864250385269
681,100,50,10,300,0,1.0,99412361.28006546,55674666.666666634,13042986.796844346,1.0000000000000062,0.23427148428090014,33.15281880001864,0.5525469800003108,1.7399641674250308
682,100,50,10,300,0,0.9902358177552053,109296169.28006366,63242666.66666598,13042986.796844337,1.0000000000000056,0.2062371415422786,30.154762254793642,0.5025793709132274,1.6578049019022556
683,100,50,10,300,0,0.9866043873983426,114024977.61339423,66863499.99999828,13042986.796844324,1.0000000000000044,0.1950688611401536,28.90419335292069,0.4817365558820115,1.6243960321924769
684,100,50,10,300,0,0.9513150569730529,114010611.61339414,66852499.99999828,13042986.796844337,1.0000000000000056,0.19510095803215544,28.907835449352195,0.48179725748920327,1.5891930808879806
685,100,50,10,300,0,0.9929099411638878,120662069.6133957,71945499.99999833,13042986.796844305,1.000000000000003,0.18128982072325034,27.314300264862236,0.45523833774770395,1.5931801354901918
686,100,50,10,300,0,1.0,108376745.28006378,62538666.66666621,13042986.796844278,1.0000000000000009,0.20855876039641139,30.41058292978902,0.506843048829817,1.6736900571469462
687,100,50,10,300,0,1.0,117166342.9467282,69268833.3333315,13042986.796844311,1.0000000000000036,0.18829517070223484,28.129238457997236,0.46882064096662057,1.6194567775284083
688,100,50,10,300,0,1.0,118306045.61339612,70141499.99999855,13042986.796844255,0.9999999999999992,0.18595249312952422,27.85825511208539,0.4643042518680899,1.6130662463717091
689,100,50,10,300,0,1.0,124785111.6133942,75102499.99999799,13042986.796844307,1.0000000000000033,0.17366914279610743,26.411804720830453,0.44019674534717423,1.57913205958406
690,100,45,10,400,0,0.9792087970893726,125154717.92897187,68562999.99999832,17390649.06245898,0.9999999999999986,0.25364480933534717,35.106946607426984,0.5851157767904497,1.7672404213481
691,100,45,10,400,0,0.9392572005848676,111320259.92897545,57969999.99999959,17390649.06245898,0.9999999999999986,0.29999394622147846,39.46990424567219,0.6578317374278698,1.8370840949899203
692,100,45,10,400,0,0.9846020313102957,125533022.5956393,68852666.66666532,17390649.062459,0.9999999999999996,0.2525777127362679,35.00114877463828,0.5833524795773047,1.7700166810766147
693,100,45,10,400,0,0.9222583889670479,127970453.9289715,70718999.99999812,17390649.062458996,0.9999999999999994,0.24591197644847154,34.33448788451378,0.5722414647418963,1.6912294348677215
694,100,45,10,400,0,0.9470265400996953,116954126.26230894,62283833.33333317,17390649.062459037,1.0000000000000018,0.27921610041866,37.56857616246413,0.6261429360410689,1.7965423564756922
695,100,45,10,400,0,1.0,116513568.92897394,61946499.99999926,17390649.062459003,0.9999999999999997,0.28073658822466496,37.71062924592446,0.6285104874320743,1.853099758011806
696,100,45,10,400,0,0.9812293479022796,110429567.92897642,57287999.99999998,17390649.06245898,0.9999999999999986,0.30356530272411303,39.788256735966804,0.6631376122661135,1.8872192023476835
697,100,45,10,400,0,0.9447513592752147,120691680.59563825,65145666.66666532,17390649.06245899,0.999999999999999,0.26695020486078913,36.40516047432345,0.6067526745720575,1.7650641977359034
698,100,45,10,400,0,1.0,126797230.59563833,69820666.66666481,17390649.062459044,1.000000000000002,0.24907595261851084,34.65217638713271,0.5775362731188786,1.7767970352136873
699,100,45,10,400,0,0.9772242353438422,133805343.40200795,75210666.66666411,17375408.850829564,0.9991236548115768,0.23102319951288147,32.83725364239874,0.5472875607066457,1.7093303556607933
700,100,40,10,400,0,0.9266258268701245,119249730.92897174,64040166.66666541,17390649.06245898,0.9999999999999986,0.271558460379699,36.84536615530866,0.614089435921811,1.7579620310956947
701,100,40,10,400,0,0.8780092767453853,108987618.26230949,56182499.99999968,17390649.062459033,1.0000000000000016,0.30953854069254894,40.31467124481131,0.6719111874135218,1.7975512967129461
702,100,40,10,400,0,0.9711064842524653,126949906.92897311,69936166.66666527,17390649.062459,0.9999999999999996,0.24866460218426822,34.61050193962156,0.5768416989936926,1.7468798649935726
703,100,40,10,400,0,0.9724469691227896,125915554.92897174,69144166.66666502,17390649.062458977,0.9999999999999982,0.2515128882281136,34.89481504075106,0.5815802506791844,1.755237530384465
704,100,40,10,400,0,0.9332087274116059,114633456.2623088,60505499.999999665,17390649.062458962,0.9999999999999973,0.2874226155053517,38.329124352195514,0.6388187392032586,1.8019655590191457
705,100,40,10,400,0,0.9650624745236284,112018844.26230925,58503499.999999724,17390649.062459003,0.9999999999999997,0.297258267667047,39.22375765376802,0.653729294229467,1.856598382886733
706,100,40,10,400,0,0.9711893369194875,100667309.9289804,49811666.66666749,17390649.062459003,0.9999999999999997,0.34912803016278743,43.64674096387173,0.7274456827311955,1.977937443780913
707,100,40,10,400,0,0.915499518206314,120097324.92897162,64689166.66666538,17390649.062458992,0.9999999999999991,0.268834025209672,36.585327796423414,0.6097554632737235,1.7403222016477753
708,100,40,10,400,0,0.9632457973305164,123171648.92897384,67043166.666665636,17390649.062459044,1.000000000000002,0.2593948037825278,35.67217000182938,0.5945361666971564,1.7652978070536949
709,100,40,10,400,0,0.9208647483801077,122747851.92897238,66718666.66666518,17390649.062459003,0.9999999999999999,0.26065642392622845,35.795331086872764,0.5965888514478794,1.7259787389689698
710,100,50,10,400,0,0.9883909389438865,123493611.59563936,67292499.99999891,17390649.06245899,0.9999999999999988,0.25843368967506436,35.579168373395824,0.5929861395565971,1.7881240302405352
711,100,50,10,400,0,0.9906469001234494,116138219.59564006,61660499.99999913,17390649.06245897,0.9999999999999979,0.2820387292100975,37.83250694989083,0.6305417824981805,1.8468196659897078
712,100,50,10,400,0,0.9797521500776464,126606244.92897117,69675833.3333315,17390649.06245899,0.999999999999999,0.24959370029004957,34.704449235225454,0.5784074872537576,1.7578345975634435
713,100,50,10,400,0,0.9479119447411355,133288829.26230423,74792666.6666642,17390649.06245898,0.9999999999999986,0.2325181042142218,32.964502909341874,0.5494083818223646,1.6833348099348777
714,100,50,10,400,0,0.9938281788364113,118082418.26230544,63149166.666665636,17390649.062458962,0.9999999999999973,0.275390000857112,37.20960380604434,0.6201600634340724,1.8343002429561732
715,100,50,10,400,0,0.994870209021575,114478946.59564097,60389999.999999404,17390649.062459003,0.9999999999999997,0.2879723308901999,38.38085631168188,0.6396809385280313,1.864929012261766
716,100,50,10,400,0,1.0,113061501.26230909,59304666.66666651,17390649.062459003,0.9999999999999997,0.29324250585888206,38.86203483010662,0.647700580501777,1.8822945851888828
717,100,50,10,400,0,0.978937170654822,126294981.59563701,69437499.9999979,17390649.06245899,0.9999999999999988,0.25045039153857085,34.78998091996862,0.5798330153328103,1.759130499218489
718,100,50,10,400,0,1.0,126795397.262305,69820666.66666481,17390649.062459044,1.000000000000002,0.24907595261851084,34.65267742259152,0.5775446237098587,1.7768053858046675
719,100,50,10,400,0,1.0,134926553.26230478,76046666.66666462,17390649.062459003,0.9999999999999999,0.22868390982457448,32.56438331644185,0.5427397219406974,1.7256868498003572
720,100,45,10,500,0,0.9425190146962996,120676360.24455404,58312833.333332956,21738311.32807362,0.9999999999999926,0.37278777389894896,45.508498838303645,0.758474980638394,1.9992242144538528
721,100,45,10,500,0,0.9707419497685186,123808148.24455284,60710833.33333268,21738311.32807363,0.9999999999999929,0.35806313526812394,44.35733897862915,0.7392889829771525,1.9964814409601703
722,100,45,10,500,0,0.942602708669552,129003126.91917998,64718499.99999857,21719261.063536838,0.9991236548115703,0.33559586615167714,42.57106111420535,0.7095176852367558,1.9205970868276494
723,100,45,10,500,0,0.9837631674249626,132126062.24454784,67079833.333331645,21738311.32807358,0.9999999999999908,0.3240662692176356,41.56485031571898,0.6927475052619829,1.935763688061054
724,100,45,10,500,0,0.8961528627963685,125704460.24455197,62162833.333332546,21738311.328073665,0.9999999999999947,0.34969949344984713,43.688187271286694,0.7281364545214449,1.9040489120776911
725,100,45,10,500,0,0.9781862807166307,125198531.25251837,61805333.33333301,21719261.06353682,0.9991236548115695,0.35141402678631184,43.864731838773324,0.7310788639795553,1.9903963661252355
726,100,45,10,500,0,0.9825620387511013,120652416.91122141,58294499.99999981,21738311.32807369,0.9999999999999959,0.37290501381903546,45.517529947543295,0.7586254991257216,2.0395115489320514
727,100,45,10,500,0,0.9634788968491419,131268890.91121578,66423499.9999985,21738311.328073613,0.9999999999999923,0.3272683813420567,41.836264189315045,0.6972710698219174,1.9225646717447047
728,100,45,10,500,0,0.9670441369763109,134664055.57788232,69023166.66666508,21738311.328073718,0.9999999999999972,0.3149422487822816,40.78148379263569,0.6796913965439282,1.8986893325460643
729,100,45,10,500,0,0.964002448066647,140738479.24454758,73674333.3333309,21738311.328073613,0.9999999999999923,0.29505949147474697,39.021311225464025,0.6503551870910671,1.8504052283375116
730,100,40,10,500,0,0.9670741825257071,124475606.24455148,61220499.99999907,21738311.328073602,0.9999999999999918,0.3550822245501741,44.11948787146707,0.7353247978577845,1.986464760023631
731,100,40,10,500,0,0.9377095326963542,123570548.24455324,60527499.99999937,21738311.328073602,0.9999999999999918,0.3591476820961353,44.44262874946068,0.7407104791576781,1.9657381575309403
732,100,40,10,500,0,0.9495479711213068,126094175.57788518,62459833.33333256,21738311.32807368,0.9999999999999954,0.34803665280471907,43.55316155430077,0.7258860259050128,1.953863319270095
733,100,40,10,500,0,0.9689315779516006,133356188.57788074,68020333.33333151,21738311.328073632,0.9999999999999931,0.31958548661538777,41.18144091072878,0.6863573485121464,1.910957315756057
734,100,40,10,500,0,0.8514442429779417,121616772.24455374,59031499.99999959,21738311.328073665,0.9999999999999947,0.36824934701089784,45.1566005135935,0.7526100085598917,1.8986537291465517
735,100,40,10,500,0,0.9073446374909427,122085336.91918613,59420166.666666605,21719261.06353687,0.999123654811572,0.36552002934251104,44.98328905489505,0.7497214842482509,1.9494821452132025
736,100,40,10,500,0,0.9624105713415186,120143532.58585356,57933333.33333349,21719261.06353692,0.9991236548115742,0.3749009389563325,45.7103256563195,0.7618387609386583,2.024170083445243
737,100,40,10,500,0,0.9559164774446316,126690364.577885,62916333.333332434,21738311.32807362,0.9999999999999926,0.34551141454641765,43.34820582684348,0.7224700971140581,1.9547957061958239
738,100,40,10,500,0,0.963820295682793,127320074.2445516,63398499.99999912,21738311.328073725,0.9999999999999974,0.34288368538804587,43.13381085100184,0.7188968475166974,1.9570240915099273
739,100,40,10,500,0,0.886503138189225,132628311.24454956,67462999.99999854,21738311.328073613,0.9999999999999923,0.3222256841242472,41.40744874504077,0.6901241457506795,1.8344078312393022
740,100,50,10,500,0,0.9671777908180779,121825476.58585107,59223999.99999957,21719261.06353685,0.9991236548115708,0.36673073523465155,45.07924084442139,0.7513206807403565,2.0118830597461557
741,100,50,10,500,0,1.0,124965172.2445516,61598166.66666574,21738311.328073584,0.9999999999999909,0.35290516754677076,43.94664450390048,0.732444075065008,2.014768209102425
742,100,50,10,500,0,1.0,130785796.57788086,66054999.99999817,21738311.328073613,0.9999999999999922,0.32909410836536546,41.990798264777325,0.6998466377462887,1.963121924438581
743,100,50,10,500,0,0.9757723207795439,136041358.2445464,70079166.66666438,21738311.32807357,0.9999999999999902,0.3101964872309785,40.36860606851633,0.6728101011419388,1.8967396117062654
744,100,50,10,500,0,0.9674394626399906,128149635.57788518,64036499.99999924,21738311.32807367,0.9999999999999948,0.33946751193575425,42.854589287241964,0.7142431547873661,1.9532566269759601
745,100,50,10,500,0,0.9878010647172872,129217508.2445496,64854166.66666536,21738311.328073654,0.9999999999999942,0.3351875823153089,42.50043260087121,0.7083405433478535,1.964291673917388
746,100,50,10,500,0,1.0,119313820.91918674,57300833.33333345,21719261.063536897,0.9991236548115731,0.3790391832033307,46.02819654664893,0.7671366091108155,2.07036795567348
747,100,50,10,500,0,0.9829259035259402,121828595.577887,59196499.99999961,21738311.328073613,0.9999999999999923,0.3672229156803824,45.07808674925587,0.7513014458209312,2.028005681891177
748,100,50,10,500,0,1.0,133991808.9112149,68509833.3333316,21738311.328073718,0.9999999999999972,0.31730206118451515,40.98608746777166,0.6831014577961944,1.9369431067438065
749,100,50,10,500,0,0.98567138975161,137513873.2445494,71206666.66666491,21738311.328073613,0.9999999999999923,0.3052847766324429,39.93633420704828,0.6656055701174713,1.8955047811750356
750,100,45,10,600,0,0.9695884752548156,132762000.56013145,60745666.666666046,26085973.593688205,0.9999999999999877,0.42942937373346474,49.636190869354245,0.8272698478225707,2.1404018220641583
751,100,45,10,600,0,1.0,136252938.56012905,63418666.666665435,26085973.59368831,0.9999999999999916,0.4113295810963462,48.364461490802206,0.8060743581800368,2.135138023057114
752,100,45,10,600,0,0.9543044284002359,133331851.8934632,61181999.99999902,26085973.593688183,0.9999999999999867,0.4263668005898565,49.424049140677056,0.8237341523446176,2.1191320212167386
753,100,45,10,600,0,1.0,134394935.8934644,61995999.9999993,26085973.593688287,0.9999999999999908,0.42076865594052165,49.03309753593522,0.817218292265587,2.153833217018004
754,100,45,10,600,0,0.9008335049653683,133918463.56013067,61631166.666665904,26085973.5936883,0.9999999999999913,0.4232594481745755,49.207553796651176,0.8201258966108529,2.0595669601158813
755,100,45,10,600,0,0.9453516758967269,141539626.56012943,67466666.66666572,26085973.59368831,0.9999999999999916,0.38664980623056333,46.55798634031647,0.7759664390052745,2.030637959886452
756,100,45,10,600,0,0.9710529007027803,123364105.49930605,54217166.66666685,25660559.21553851,0.9836918343637,0.4732921469928975,53.41748293256233,0.8902913822093722,2.2399780005064707
757,100,45,10,600,0,0.9478642942897192,142092717.56012723,67890166.66666512,26085973.593688294,0.999999999999991,0.38423787824484484,46.37676098503425,0.7729460164172376,2.0282006133028325
758,100,45,10,600,0,1.0,137110109.89346418,64074999.999999285,26085973.59368836,0.9999999999999936,0.4071162480482037,48.062101365977576,0.8010350227662929,2.126728021204856
759,100,45,10,600,0,0.973063930985386,153144960.22679144,76352833.33333081,26085973.5936882,0.9999999999999875,0.34165036783645747,43.029819526814364,0.7171636587802394,1.9635478840347913
760,100,40,10,600,0,0.9926870792329946,132105392.22679761,60241499.999999255,26085973.593688287,0.9999999999999908,0.433023307747792,49.88289947080039,0.8313816578466732,2.1704873832779015
761,100,40,10,600,0,0.9353919265822187,133288192.89346401,61147166.6666658,26085973.593688313,0.9999999999999918,0.42660968636358754,49.440238155731954,0.8240039692621992,2.100683644935288
762,100,40,10,600,0,0.9207158363457449,128533046.89346586,57506166.66666629,26085973.593688183,0.9999999999999867,0.4536204568267464,51.269305126345685,0.8544884187724281,2.13810062057957
763,100,40,10,600,0,0.9609883698366066,136022521.5601289,63240833.333332136,26085973.593688287,0.9999999999999908,0.4124862405938481,48.44638905688108,0.8074398176146846,2.09841717992637
764,100,40,10,600,0,0.8903279642309542,135807031.5601312,63075833.33333273,26085973.59368836,0.9999999999999936,0.4135652628770439,48.52326071998885,0.8087210119998142,2.0299011865324035
765,100,40,10,600,0,0.9097891573284203,138512628.22679642,65147499.99999901,26085973.59368824,0.9999999999999888,0.4004140388148223,47.57544553417945,0.7929240922363242,2.023044480616602
766,100,40,10,600,0,0.9565496172613516,125422807.89346828,55124666.66666688,26085973.5936883,0.9999999999999913,0.4732178019583768,52.5406830757389,0.8756780512623149,2.210801910090368
767,100,40,10,600,0,0.929381250574018,136309841.56012955,63460833.3333323,26085973.593688227,0.9999999999999885,0.41105627240458525,48.34427158433076,0.805737859738846,2.063964128236532
768,100,40,10,600,0,0.9816893731287333,140033029.89346224,66311666.666665494,26085973.59368836,0.9999999999999936,0.39338437570596657,47.058897497351516,0.784314958289192,2.0807118319826987
769,100,40,10,600,0,0.916019891499032,141416954.5601283,67371333.33333197,26085973.593688216,0.999999999999988,0.3871969323305967,46.598373020387164,0.776639550339786,2.0024169877032953
770,100,50,10,600,0,1.0,138726845.89346242,65314333.33333215,26085973.593688216,0.999999999999988,0.39939125552362714,47.50198101570583,0.7916996835950971,2.1112126880139988
771,100,50,10,600,0,1.0,136251105.22679573,63418666.666665435,26085973.59368831,0.9999999999999916,0.4113295810963462,48.36511226115193,0.8060852043525322,2.1351488692296092
772,100,50,10,600,0,1.0,139770775.22679368,66113666.666665025,26085973.593688186,0.9999999999999868,0.3945624998415179,47.14719503635373,0.7857865839392288,2.1014365838124434
773,100,50,10,600,0,1.0,138238401.8934626,64940333.33333223,26085973.593688287,0.9999999999999908,0.40169140278032756,47.6698219144534,0.7944970319075567,2.115850154131819
774,100,50,10,600,0,0.9747323745327278,139586411.56012833,65972499.99999876,26085973.593688294,0.999999999999991,0.3954067769705375,47.20946635383182,0.7868244392305304,2.077882235339688
775,100,50,10,600,0,0.9610012517920424,147801369.22679415,72262666.66666527,26085973.5936883,0.9999999999999913,0.36098825018481845,44.585513885789965,0.7430918980964994,1.9928837500363965
776,100,50,10,600,0,1.0,132142429.22679798,60272666.66666606,26085973.593688253,0.9999999999999893,0.43279939376093945,49.8689182464614,0.8311486374410233,2.177388152449775
777,100,50,10,600,0,1.0,138604734.8934617,65220833.33333202,26085973.59368824,0.9999999999999888,0.3999638192349903,47.54383033931156,0.7923971723218594,2.1123682277098514
778,100,50,10,600,0,1.0,137108276.56013083,64074999.999999285,26085973.59368836,0.9999999999999936,0.4071162480482037,48.062744024865246,0.8010457337477541,2.1267387321863174
779,100,50,10,600,0,1.0,149726413.22679052,73736666.6666641,26085973.59368824,0.9999999999999888,0.3537720753178764,44.012274507761255,0.7335379084626876,2.0165555687169885
780,100,45,10,700,0,0.9794082846038146,147524659.9535047,65427999.9999989,30306340.631288268,0.9958172849079379,0.4632013913200584,52.11196556848842,0.868532759474807,2.2185021571346684
781,100,45,10,700,0,0.9905468772552183,141608262.28683898,60897833.333332345,30306340.631288253,0.9958172849079374,0.49765876669868514,54.28920513428616,0.904820085571436,2.2934939761856024
782,100,45,10,700,0,0.9827366377411504,141409997.1777451,60760333.333332784,30297219.055350907,0.9955175646911512,0.4986348394295267,54.365321783698434,0.9060886963949739,2.2877332056797455
783,100,45,10,700,0,0.9601073208195845,151718058.67774066,68707833.3333318,30262385.722017556,0.9943729977555938,0.4404502988065635,50.67162120976912,0.8445270201628187,2.156994580027654
784,100,45,10,700,0,0.9416055847395435,145018257.51107758,63523166.66666595,30297219.055350974,0.9955175646911534,0.47694755543806305,53.01263531878217,0.8835439219797029,2.2067075510696967
785,100,45,10,700,0,0.9838428891952526,148885105.84440908,66483999.99999882,30297219.055350862,0.9955175646911497,0.45570692279873953,51.63578960029796,0.8605964933382994,2.2090049207725437
786,100,45,10,700,0,0.9819999297798919,133199363.62017713,54459166.66666678,30306340.63128832,0.9958172849079396,0.5564965915983826,57.71649196404604,0.9619415327341007,2.3891387357926988
787,100,45,10,700,0,0.9423488700920449,148451485.844407,66197999.9999983,30267885.722017597,0.9945537188506831,0.4572326312278071,51.78661537990691,0.8631102563317818,2.1712452314060724
788,100,45,10,700,0,1.0,149403194.8444084,66989999.99999876,30227552.38868422,0.993228430820037,0.4512248453304192,51.456730948800896,0.8576121824800149,2.21859205874435
789,100,45,10,700,0,0.9763503560542516,157640718.2868338,73173833.33333114,30306340.631288253,0.9958172849079374,0.41416909912636113,48.76785695692994,0.8127976159488324,2.120483251304173
790,100,40,10,700,0,0.9566199167779669,145479338.2868381,63860499.9999989,30306340.631288197,0.9958172849079355,0.4745709888160713,52.84461759677618,0.8807436266129364,2.2170203344437605
791,100,40,10,700,0,0.8786456267462703,135312998.9535087,56076166.66666636,30306340.631288305,0.9958172849079391,0.5404495783643403,56.81494061513928,0.9469156769189879,2.2579209663567306
792,100,40,10,700,0,0.9270877059141439,145005724.84441093,63512166.66666593,30297219.055350915,0.9955175646911514,0.47703016044723084,53.01721713572964,0.883620285595494,2.1923321198674226
793,100,40,10,700,0,0.9627613833831068,143818592.01107663,62657833.33333232,30262385.72201762,0.9943729977555958,0.4829784898725316,53.45484121696797,0.8909140202827995,2.2400581955639316
794,100,40,10,700,0,0.878583008649917,138770880.84441343,58738166.66666652,30297219.055350985,0.9955175646911537,0.5158012375034585,55.39923039487928,0.9233205065813214,2.2145445052340054
795,100,40,10,700,0,0.9233742158681698,142750262.84441203,61785166.66666617,30297219.055350848,0.9955175646911492,0.4903639609617911,53.854892080858534,0.8975815346809756,2.2132469193185784
796,100,40,10,700,0,0.9338701124799458,122605324.8949424,49712666.66666739,28160443.579765424,0.9253065821630057,0.5664641522569368,62.70363874152687,0.9559395064621504,2.342980940747646
797,100,40,10,700,0,0.9539327706819215,145168293.84440908,63682666.66666549,30267885.7220176,0.9945537188506832,0.4752923724197819,52.95784497019549,0.8826307495032581,2.216797418121005
798,100,40,10,700,0,1.0,149405028.17774174,66989999.99999876,30227552.38868422,0.993228430820037,0.4512248453304192,51.4560995286859,0.8576016588114316,2.2185815350757667
799,100,40,10,700,0,0.9443424502125138,145326100.95350516,63743166.666665584,30306340.631288297,0.995817284907939,0.47544454121286955,52.90033895879167,0.8816723159798612,2.2063703991626706
800,100,50,10,700,0,1.0,145152436.62017238,63612999.99999912,30306340.631288353,0.9958172849079407,0.47641740888322787,52.963630366860805,0.8827271727810134,2.263861099887596
801,100,50,10,700,0,1.0,142817961.6201718,61825499.9999989,30306340.631288238,0.9958172849079369,0.49019159782434074,53.82936370738795,0.8971560617897991,2.2893093400492717
802,100,50,10,700,0,0.9916646173927193,149342984.51107463,66835999.99999864,30297219.05535087,0.9955175646911498,0.4533068863389713,51.47747666332398,0.8579579443887331,2.2122680708526294
803,100,50,10,700,0,0.9884797282027866,152276499.3444065,69136833.3333316,30262385.72201753,0.994372997755593,0.4377172668020899,50.4857941514164,0.8414299025236066,2.180083444168065
804,100,50,10,700,0,0.9890407833147753,148598346.8444094,66265833.333332315,30297219.055350974,0.9955175646911534,0.4572072443871494,51.73543423097127,0.8622572371828545,2.2170638160073493
805,100,50,10,700,0,0.9865074627652354,149079607.8444083,66634333.333332,30297219.055350862,0.9955175646911497,0.4546788050507216,51.568421135260955,0.8594736855876826,2.2097241923934954
806,100,50,10,700,0,0.9960948967634403,136449454.0379606,57621666.66666673,29877691.900745124,0.9817325816367015,0.518514885617304,56.34174247308629,0.9390290412181048,2.3499358464753883
807,100,50,10,700,0,0.9903217858887663,152290163.17773882,69138666.66666466,30267885.722017597,0.9945537188506831,0.4377852102347718,50.481264446657136,0.8413544074442856,2.1819043615208695
808,100,50,10,700,0,1.0,149401361.51107505,66989999.99999876,30227552.38868422,0.993228430820037,0.4512248453304192,51.457362384412455,0.8576227064068742,2.2186025826712097
809,100,50,10,700,0,1.0,156482844.03131717,72330499.99999788,30279670.260936726,0.9949409397195141,0.41862935084006897,49.128708310423015,0.8188118051737169,2.153715285845772
810,100,45,10,800,0,0.9744379365580094,152662457.58409,63009833.3333327,34355107.49182972,0.9877465576023755,0.5452340638656411,57.550494987679464,0.9591749164613244,2.369800104111847
811,100,45,10,800,0,0.933362041780406,153846678.25638735,63875166.66666538,34381508.3405202,0.9885056106025154,0.5382609570310981,57.107505339558635,0.9517917556593106,2.3157625630645953
812,100,45,10,800,0,0.9780930141626665,156481664.91742134,65888166.66666551,34384440.82516323,0.9885899227127906,0.52186064000107,56.14587501121266,0.935764583520211,2.3313461096837336
813,100,45,10,800,0,0.9702970286631846,157089959.41742125,66581166.66666557,34239607.49182971,0.9844258074801346,0.5142536426741838,55.92846310854452,0.9321410518090754,2.313840994611607
814,100,45,10,800,0,0.9124545471155877,150792567.58408993,61618333.33333266,34329440.82516316,0.9870086131307696,0.5571303047009311,58.2641448498486,0.97106908083081,2.3292278717071424
815,100,45,10,800,0,0.9823636126357711,151218630.94349182,62353499.99999929,34068794.506341904,0.9795147491040405,0.546381430173804,58.099983746600145,0.9683330624433357,2.38780181921815
816,100,45,10,800,0,0.9686994730848775,136376092.87078077,53307833.33333396,32590562.487772033,0.9370139771874559,0.6113653557064155,64.42331507711349,0.9289299766781768,2.386721734328187
817,100,45,10,800,0,0.9647453395145271,158543396.7507523,67567499.99999827,34320274.1584966,0.9867450615337694,0.5079405654863282,55.41574218831861,0.9235957031386435,2.294693495042233
818,100,45,10,800,0,0.9925118770663209,162731626.58408457,70869333.33333147,34259774.15849653,0.985005620993546,0.4834217079107668,53.989505202053124,0.8998250867008853,2.2790743300958196
819,100,45,10,800,0,0.9471853408372476,165911623.91741815,73131666.66666469,34369774.1584965,0.9881682401575838,0.46997115921280014,52.95469836624043,0.8825783061040071,2.205740574311495
820,100,40,10,800,0,0.9721233856599162,146644936.91742408,58400833.333332784,34355107.49182995,0.9877465576023818,0.5882639943807355,59.912058231831715,0.9985343038638619,2.4412688850283666
821,100,40,10,800,0,0.8514722851835197,145738157.1817084,59337666.666666016,33315437.375163954,0.9578549154637823,0.5614551303865052,60.2848297926928,0.9952640867588766,2.2959004762516004
822,100,40,10,800,0,0.9319319482155098,147622070.58409035,59102999.99999935,34384440.82516328,0.9885899227127921,0.5817714976424827,59.51549091025194,0.991924848504199,2.389273994833695
823,100,40,10,800,0,0.9471712075667874,153830710.75075546,64084166.66666575,34239607.49182971,0.9844258074801345,0.5342912184522468,57.113433053268615,0.9518905508878103,2.326494733216395
824,100,40,10,800,0,0.8784647917856898,143415709.44349518,56092666.66666685,34250294.506342,0.9847330707247068,0.6106020009687878,61.261071287741636,0.979201480970991,2.346147873531711
825,100,40,10,800,0,0.8740056042564088,151372053.08408943,62028999.99999917,34349607.49182987,0.9875884266441777,0.5537669072825667,58.04109689335691,0.9673516148892818,2.284370744971744
826,100,40,10,800,0,0.9847388958588824,140600665.25639337,53731333.33333366,34381508.34052007,0.9885056106025115,0.6398781903889696,62.48761329812053,0.9593874974481759,2.4560289456182343
827,100,40,10,800,0,1.0,144979047.3644453,57957166.66666623,33824867.91822682,0.9725015954477563,0.5836183834307591,60.60048096408331,0.9900418974741316,2.456936604218739
828,100,40,10,800,0,0.9565028293476636,156943961.91742113,66436333.333332166,34259774.15849655,0.9850056209935466,0.5156782808377517,55.980490696563436,0.9330081782760573,2.302053632293922
829,100,40,10,800,0,0.8684523177587788,158249196.25075486,67263166.66666551,34369774.15849649,0.9881682401575834,0.5109746665485134,55.51876539125292,0.925312756520882,2.2025448075184717
830,100,50,10,800,0,0.9882924158278577,154861016.58408728,64694666.66666532,34355107.4918299,0.9877465576023806,0.531034616328455,56.733451670384966,0.9455575278397494,2.358677636730371
831,100,50,10,800,0,0.9901426238776598,150713056.92305717,61477166.6666662,34381508.34052007,0.9885056106025114,0.5592565533629612,58.29488286794802,0.971581381132467,2.4091292477004957
832,100,50,10,800,0,0.9949929568034122,156752785.58408713,66097166.66666536,34384440.82516316,0.9885899227127888,0.5202105106648118,56.048764730161814,0.9341460788360302,2.3453074441712918
833,100,50,10,800,0,0.9553090717264708,161010044.08408397,69584166.66666457,34239607.49182991,0.9844258074801404,0.49206032251346843,54.56678215311716,0.9094463692186193,2.2584036989558647
834,100,50,10,800,0,0.9454154775549533,152198602.25075573,62696333.33333246,34329440.82516321,0.9870086131307709,0.5475510129539265,57.72589150013942,0.9620981916689904,2.3455544795870846
835,100,50,10,800,0,0.9884818753931914,163701597.41741776,71472499.99999803,34349607.49182986,0.9875884266441773,0.48059893653965935,53.66960456468457,0.8944934094114095,2.2674544340363285
836,100,50,10,800,0,1.0,151299466.8691326,61973999.99999942,34351027.91726128,0.987629265414091,0.5542812779110854,58.06894222303725,0.9678157037172874,2.411240726046156
837,100,50,10,800,0,0.9834963252969783,161299835.4174166,69679499.9999977,34320274.15849658,0.9867450615337688,0.4925447823032271,54.468747455717114,0.9078124575952853,2.285344608734845
838,100,50,10,800,0,1.0,162729793.25075123,70869333.33333147,34259774.15849653,0.985005620993546,0.4834217079107668,53.99011345428254,0.8998352242380424,2.2865725905666556
839,100,50,10,800,0,1.0,166060633.58408314,73247166.66666432,34369774.15849658,0.9881682401575861,0.46923008387351983,52.90718101199703,0.8817863501999506,2.2571704172987666
840,100,45,10,900,0,0.9910869386237664,157988201.80476978,60815333.33333236,38353038.78547613,0.98017014514793,0.630647514094199,62.560367717924116,0.9582248744612425,2.4538298243603682
841,100,45,10,900,0,0.9412124152739939,158286383.3004427,61911666.66666558,37799778.7378138,0.9660307445060414,0.6105437112738223,62.44251586214843,0.9601088671175457,2.3897562514105974
842,100,45,10,900,0,0.9620905779760578,162668418.15709957,64267499.99999874,38436829.26164226,0.9823115380019656,0.5980756877370835,60.76041134459527,0.9874064484810922,2.4279575766468167
843,100,45,10,900,0,1.0,164514744.3237671,65822166.66666567,38346995.92830862,0.9800157107569522,0.5825848322876418,60.0785056721029,0.9986924277501493,2.464760293580263
844,100,45,10,900,0,0.9037331017938196,162908925.8237683,64474666.66666596,38422162.59497534,0.981936709063999,0.5959265023209492,60.670708802610996,0.988883767006155,2.369358070656734
845,100,45,10,900,0,0.9638910580710439,164078519.15710205,65433499.9999994,38381829.26164201,0.9809059294846088,0.5865776591752292,60.23823258994951,0.9960373290182952,2.4291905144295223
846,100,45,10,900,0,0.9541570699532151,159076880.55927417,61486333.333333135,38456676.04975183,0.9828187528093996,0.6254507947525243,62.13222163554536,0.9650869990420592,2.419604704797294
847,100,45,10,900,0,0.9600725844872786,169776786.82376373,69842666.66666482,38352495.92830885,0.9801562716086931,0.5491270273420717,58.21643927246573,0.9702739878744288,2.369648194235365
848,100,45,10,900,0,0.9978902701354642,174891784.9904298,73767833.3333314,38346995.928308785,0.9800157107569563,0.5198335669563715,56.513803667455555,0.9418967277909259,2.3556538514914873
849,100,45,10,900,0,0.9672031534739425,171260640.70725742,71001333.33333144,38338164.65296832,0.979790014105363,0.5399640098726222,57.71203447086695,0.9618672411811159,2.361041602553156
850,100,40,10,900,0,0.9306187829773527,153774389.2661656,59308333.333332784,37256160.3706692,0.9521377516506491,0.6281774967655396,64.27468219621598,0.9312339882420103,2.3643947686317945
851,100,40,10,900,0,0.9513569368037843,150720529.76093015,57487833.33333281,36926103.51111075,0.9437026474141894,0.642329017637548,65.57699880485747,0.9112390792611758,2.3764592301749987
852,100,40,10,900,0,0.920035482181427,156391663.87393025,60129666.66666634,38009997.986301586,0.9714032166185039,0.6321338549407414,63.19902068416821,0.9480794128534228,2.373821978987443
853,100,40,10,900,0,0.9298857942200145,159845233.3237696,62245333.33333295,38346995.92830864,0.9800157107569527,0.6160621828941749,61.83356109206067,0.9699028651356737,2.392638405671028
854,100,40,10,900,0,0.8709572463977188,159637705.49043626,61968499.99999958,38422162.59497533,0.9819367090639987,0.6200273137961317,61.913944262949386,0.9686043373654982,2.3355834348001223
855,100,40,10,900,0,0.9276326807986663,162028408.82376787,63862333.33333249,38381829.26164205,0.9809059294846099,0.6010088773503822,61.00041388883991,0.9834646697140313,2.3919044523930033
856,100,40,10,900,0,0.96807645298296,152139537.53036243,57581333.33333352,37559044.833428845,0.9598784240257048,0.6522781370136512,64.9653611443869,0.9205757227410409,2.410474685334922
857,100,40,10,900,0,0.919320109524454,163493495.15709993,65030166.666665524,38352495.928308785,0.9801562716086915,0.5897646875933394,60.453781298777145,0.9924655060381232,2.383597365637249
858,100,40,10,900,0,0.9464025481618683,164463902.32376683,65781833.333332315,38346995.92830865,0.9800157107569528,0.5829420371122105,60.097078205906605,0.9983833381095341,2.4111395159611706
859,100,40,10,900,0,0.9356437053372577,171717734.99043316,71186499.9999989,38442329.26164204,0.982452098853695,0.5400227467517384,57.55841119468908,0.959306853244818,2.3269687559834664
860,100,50,10,900,0,1.0,164978647.3237663,66115499.99999876,38387329.26164209,0.9810464903363458,0.5806101332008804,59.90957108893795,0.9984928514822992,2.4629809580430035
861,100,50,10,900,0,0.9904387252389235,161854203.65709916,63636833.33333187,38442329.261642314,0.982452098853702,0.6040892867858478,61.066069194839116,0.9823890970662912,2.4560992517338933
862,100,50,10,900,0,0.9801681161569445,164383321.823766,65581999.99999871,38436829.26164223,0.9823115380019649,0.5860880921844864,60.12653771893198,0.9978932603155999,2.4469318502201336
863,100,50,10,900,0,1.0,170264099.65709707,70225833.33333154,38346995.928308666,0.9800157107569533,0.5460525579852092,58.0498180174532,0.9674969669575533,2.4043390133457208
864,100,50,10,900,0,0.9433611206293037,162076258.8237677,63838499.9999991,38422162.59497548,0.9819367090640025,0.6018650594073486,60.982404651547824,0.9837599048298963,2.4086130729850788
865,100,50,10,900,0,1.0,168436766.82376525,68771999.99999851,38381829.26164213,0.9809059294846119,0.5581025600774001,58.67958751750075,0.9779931252916791,2.424475173353599
866,100,50,10,900,0,1.0,162139793.89260566,63832999.99999932,38456676.04975206,0.9828187528094051,0.6024576010802009,60.958508474154094,0.9841517845482545,2.466117865412415
867,100,50,10,900,0,0.9698047691534888,169367916.82376224,69530999.99999776,38352495.928308934,0.9801562716086952,0.5515884415341383,58.356979204536735,0.9726163200756123,2.3836918424564115
868,100,50,10,900,0,1.0,173503632.657096,72706333.33333142,38346995.928308494,0.9800157107569488,0.5274230479001302,56.96595424911854,0.9494325708186423,2.3713710091387465
869,100,50,10,900,0,1.0,182603496.32375968,79524499.99999723,38442329.26164216,0.982452098853698,0.4834023384195248,54.12711256347372,0.902118542724562,2.288840413460182
870,100,50,8,900,0,1.0,165048082.9904329,66168666.66666541,38387329.26164209,0.9810464903363458,0.5801436117040717,59.88436715483039,0.9980727859138399,2.4621876752770975
871,100,50,8,900,0,0.9904387252389235,161868569.6570996,63647833.333331995,38442329.26164224,0.9824520988537001,0.6039848844549782,61.06064951916064,0.9824778382457371,2.4561044710486435
872,100,50,8,900,0,0.9801681161569445,164565291.15709868,65721333.33333184,38436829.26164224,0.9823115380019651,0.5848455488067261,60.06005233852529,0.9989996283968731,2.4470441835991985
873,100,50,8,900,0,1.0,169181860.9904305,69397166.66666488,38346995.92830876,0.9800157107569557,0.5525729330204607,58.42115663072805,0.9736859438454675,2.415744290261836
874,100,50,8,900,0,0.9433611206293037,162128934.15710104,63878833.33333241,38422162.59497548,0.9819367090640025,0.6014850395667218,60.9625916026976,0.9840848131896753,2.4086339654723563
875,100,50,8,900,0,1.0,168467893.1570987,68795833.33333187,38381829.26164213,0.9809059294846119,0.5579092134210106,58.66874580536967,0.9778124300894945,2.424139800826303
876,100,50,8,900,0,1.0,161775855.22593936,63554333.33333276,38456676.049752094,0.9828187528094061,0.6050991967463919,61.09564363727881,0.9819049895560973,2.465984346953211
877,100,50,8,900,0,0.9698047691534888,169420592.15709564,69571333.33333111,38352495.92830896,0.9801562716086958,0.5512686632661468,58.33883516848544,0.9723139194747573,2.3831336192411636
878,100,50,8,900,0,1.0,172181960.65709624,71694333.33333144,38346995.92830858,0.9800157107569508,0.5348678779119166,57.40322599580442,0.9567204332634069,2.3846147355929403
879,100,50,8,900,0,1.0,182340119.65709293,79322833.33333056,38442329.26164216,0.982452098853698,0.4846313179472515,54.20529512971352,0.9034215854952253,2.291126639853027
880,100,50,8,800,0,0.9882924158278577,154896931.58408713,64722166.66666528,34355107.49182991,0.9877465576023807,0.5308089834008026,56.720297233457806,0.9453382872242968,2.3582778897727965
881,100,50,8,800,0,0.9901426238776598,149961236.2563901,60901499.99999942,34381508.3405201,0.9885056106025124,0.5645428822035653,58.58714037925666,0.9764523396542777,2.4182292692947898
882,100,50,8,800,0,0.9949929568034122,155569984.9174201,65191499.999998555,34384440.825163245,0.988589922712791,0.5274374853341924,56.47490423466771,0.9412484039111285,2.3581913489818946
883,100,50,8,800,0,0.9553090717264708,160377940.08408412,69100166.6666646,34239607.49182993,0.984425807480141,0.4955068727547346,54.78184839756463,0.9130308066260772,2.2647453765563355
884,100,50,8,800,0,0.9454154775549533,152208179.58408913,62703666.666665785,34329440.82516321,0.9870086131307709,0.5474869756446518,57.72225923736369,0.9620376539560614,2.345442712026736
885,100,50,8,800,0,0.9884818753931914,163541177.08408394,71349666.6666646,34349607.49182987,0.9875884266441777,0.4814263204943382,53.722249996298004,0.8953708332716334,2.268993765060295
886,100,50,8,800,0,1.0,150866092.53579885,61642166.66666591,34351027.91726134,0.9876292654140928,0.5572650958720642,58.23574967924106,0.970595827987351,2.4164079046850024
887,100,50,8,800,0,0.9834963252969783,161326173.0840834,69699666.66666442,34320274.1584966,0.9867450615337694,0.4924022710557828,54.45985503803422,0.9076642506339037,2.285082392775508
888,100,50,8,800,0,1.0,162499937.25075132,70693333.33333147,34259774.15849654,0.9850056209935464,0.4846252474325365,54.0664824161917,0.9011080402698616,2.288808238215891
889,100,50,8,800,0,1.0,163989535.25074944,71661333.33333088,34369774.15849657,0.9881682401575858,0.47961393627197024,53.57536983421537,0.8929228305702562,2.2766139795878324
890,100,50,8,700,0,1.0,144491600.62017253,63106999.99999912,30306340.63128834,0.9958172849079403,0.4802373846211793,53.20586087359533,0.8867643478932554,2.270954255590199
891,100,50,8,700,0,1.0,142889791.62017208,61880499.99999897,30306340.631288227,0.9958172849079365,0.4897559106873527,53.802303949295535,0.8967050658215923,2.2885097943714747
892,100,50,8,700,0,0.9916646173927193,148775527.51107442,66401499.99999858,30297219.05535086,0.9955175646911495,0.45627311213378474,51.673821149299854,0.8612303524883309,2.217913459588078
893,100,50,8,700,0,0.9884797282027866,152276499.3444065,69136833.33333161,30262385.722017538,0.9943729977555932,0.4377172668020899,50.4857941514164,0.8414299025236066,2.180083444168065
894,100,50,8,700,0,0.9890407833147753,147808216.84440908,65660833.33333219,30297219.055351056,0.995517564691156,0.4614199594687587,52.011993406919956,0.8668665567819993,2.2250433076717817
895,100,50,8,700,0,0.9865074627652354,149098762.5110751,66648999.99999871,30297219.055350862,0.9955175646911497,0.4545787491988094,51.56179615795904,0.8593632692993173,2.2095337314236003
896,100,50,8,700,0,0.9960948967634403,136487763.37129447,57651000.000000186,29877691.90074514,0.9817325816367021,0.5182510607057127,56.325928494311206,0.9387654749051868,2.3494612202331973
897,100,50,8,700,0,0.9903217858887663,152314106.5110718,69156999.99999788,30267885.7220176,0.9945537188506832,0.43766915456162825,50.47332893911024,0.8412221489851707,2.1816792585232396
898,100,50,8,700,0,1.0,149391784.17774191,66982666.666665465,30227552.388684224,0.9932284308200371,0.4512742459046833,51.46066125599841,0.8576776875999735,2.21869708432372
899,100,50,8,700,0,1.0,156025526.36465085,71980333.3333313,30279670.260936715,0.9949409397195138,0.42066587995245325,49.272706711033074,0.8212117785172179,2.1577444824791803
900,100,50,8,600,0,1.0,138738817.5601292,65323499.99999883,26085973.59368822,0.9999999999999882,0.3993352100498088,47.49788210602264,0.7916313684337106,2.1110995364735574
901,100,50,8,600,0,1.0,135238302.22679654,62643166.666665636,26085973.593688313,0.9999999999999918,0.416421694204828,48.727319786585404,0.81212199644309,2.1452593518069523
902,100,50,8,600,0,1.0,139251204.89346084,65715833.33333183,26085973.593688197,0.9999999999999872,0.3969511192435429,47.32310937662453,0.7887184896104088,2.106279385005243
903,100,50,8,600,0,1.0,138228824.56012887,64932999.99999878,26085973.593688287,0.9999999999999908,0.40173676857204776,47.67312476952641,0.7945520794921068,2.115941494349745
904,100,50,8,600,0,0.9747323745327278,139792324.22679445,66130166.66666527,26085973.59368828,0.9999999999999903,0.3944640533748667,47.13992729177981,0.7856654548629969,2.075969072095618
905,100,50,8,600,0,0.9610012517920424,147791791.89346108,72255333.33333199,26085973.59368831,0.9999999999999916,0.36102488757953916,44.58840315536874,0.743140052589479,1.992961214445153
906,100,50,8,600,0,1.0,132051444.56013101,60202999.99999929,26085973.593688205,0.9999999999999877,0.4333002274585737,49.90327839237885,0.8317213065396475,2.1783614885065066
907,100,50,8,600,0,1.0,138499384.2267951,65140166.66666538,26085973.593688242,0.999999999999989,0.4004591165259851,47.57999493491675,0.7929999155819458,2.113367208802734
908,100,50,8,600,0,1.0,136215190.2267971,63391166.66666588,26085973.59368836,0.9999999999999936,0.41150802178571694,48.37786438522782,0.8062977397537969,2.1355041571823703
909,100,50,8,600,0,1.0,149783877.22679073,73780666.66666417,26085973.59368823,0.9999999999999886,0.3535610990280532,43.99538937039434,0.7332564895065724,2.016105368729015
910,100,50,8,500,0,0.9671777908180779,120771969.91918482,58417333.33333298,21719261.06353681,0.9991236548115692,0.3717948051412299,45.47247182996904,0.757874530499484,2.0224881654305458
911,100,50,8,500,0,1.0,124969960.91121867,61601833.333332516,21738311.3280736,0.9999999999999917,0.3528841619119651,43.944960532567436,0.7324160088761239,2.014723338405696
912,100,50,8,500,0,1.0,130740304.24454771,66020166.66666488,21738311.328073606,0.9999999999999919,0.3292677438672657,42.00540936272929,0.7000901560454882,1.9635043511393009
913,100,50,8,500,0,0.9757723207795439,136539379.57787997,70460499.9999977,21738311.32807358,0.9999999999999907,0.3085176989671417,40.22136336768369,0.6703560561280616,1.892942536081319
914,100,50,8,500,0,0.9674394626399906,127495982.57788545,63535999.999999285,21738311.328073654,0.9999999999999942,0.34214164140131426,43.074298412855,0.7179049735475833,1.9590577493086254
915,100,50,8,500,0,0.9878010647172872,129277366.57788306,64899999.99999874,21738311.32807367,0.9999999999999949,0.33495086792101836,42.480753943045926,0.7080125657174321,1.963774324771534
916,100,50,8,500,0,1.0,117886798.25251997,56208166.66666677,21719261.063536897,0.9991236548115732,0.3864075694256207,46.585369026956386,0.7764228171159397,2.085548872656436
917,100,50,8,500,0,0.9829259035259402,121854933.2445539,59216666.666666344,21738311.328073613,0.9999999999999922,0.36709785524470134,45.06834359326562,0.7511390598877603,2.027743247609462
918,100,50,8,500,0,1.0,133455478.2445479,68099166.66666493,21738311.328073718,0.9999999999999972,0.31921552629974825,41.150802291807445,0.6858467048634574,1.941219125903256
919,100,50,8,500,0,0.98567138975161,137571337.24454957,71250666.66666502,21738311.328073613,0.9999999999999923,0.3050962516571651,39.91965266891072,0.6653275444818454,1.8950759355591873
920,100,50,8,400,0,0.9883909389438865,123096152.26230636,66988166.66666567,17390649.06245899,0.9999999999999988,0.2596077774302314,35.694048264296875,0.5949008044049479,1.7909779652930196
921,100,50,8,400,0,0.9906469001234494,116164557.26230708,61680666.66666588,17390649.06245897,0.9999999999999979,0.28194651585790026,37.82392929091544,0.6303988215152573,1.846602934325027
922,100,50,8,400,0,0.9797521500776464,126433852.92897059,69543833.3333314,17390649.062458985,0.9999999999999987,0.2500674499650264,34.75176859846546,0.5791961433077577,1.7590022533574252
923,100,50,8,400,0,0.9479119447411355,133310378.26230454,74809166.66666426,17390649.06245898,0.9999999999999986,0.23246681974080105,32.95917435141215,0.5493195725235359,1.6832049730573124
924,100,50,8,400,0,0.9938281788364113,117500595.26230562,62703666.66666571,17390649.062458962,0.9999999999999973,0.2773466048629675,37.39385311360664,0.6232308852267773,1.8389363479535628
925,100,50,8,400,0,0.994870209021575,113980925.26230751,60008666.666666076,17390649.062458973,0.9999999999999981,0.2898022907101054,38.548555294567265,0.6424759215761211,1.8691879631657804
926,100,50,8,400,0,1.0,113078261.59564245,59317499.999999836,17390649.062459003,0.9999999999999997,0.2931790628812585,38.856274742813326,0.6476045790468887,1.8821478293518956
927,100,50,8,400,0,0.978937170654822,126347656.92897041,69477833.33333124,17390649.06245899,0.9999999999999988,0.25030499985548643,34.775476702904655,0.5795912783817443,1.7587724489209555
928,100,50,8,400,0,1.0,126788214.2623046,69815166.6666647,17390649.062458996,0.9999999999999994,0.24909557468352606,34.65464061911881,0.5775773436519801,1.7768538033988008
929,100,50,8,400,0,1.0,135034298.26230466,76129166.66666457,17390649.062459003,0.9999999999999999,0.22843608860983394,32.53839992166306,0.542306665361051,1.7250555362489184
930,100,50,8,300,0,1.0,106188847.5515076,60881333.33333263,13031556.638122238,0.999123654811581,0.21404847634944027,31.037157629960625,0.5172859604993437,1.6885247415788958
931,100,50,8,300,0,1.0,96752256.9467333,53637833.33333369,13042986.796844345,1.000000000000006,0.24316766704181295,34.06432163969564,0.5677386939949274,1.7622728276283777
932,100,50,8,300,0,0.9902358177552053,109001666.2800634,63017166.66666595,13042986.796844337,1.0000000000000056,0.20697513847038218,30.236235027196162,0.5039372504532694,1.6597531789847806
933,100,50,8,300,0,0.9866043873983426,114075258.61339426,66901999.99999828,13042986.796844324,1.0000000000000044,0.1949566051365379,28.891453239388234,0.48152422065647055,1.6240938921640433
934,100,50,8,300,0,0.9513150569730529,114001034.28006089,66845166.666664965,13042986.796844337,1.0000000000000056,0.19512236182887321,28.910264023599698,0.4818377337266616,1.589250680162813
935,100,50,8,300,0,0.9929099411638878,119235046.94672859,70852833.3333316,13042986.796844319,1.0000000000000042,0.1840856065061332,27.641201847913777,0.4606866974652296,1.6008651238340241
936,100,50,8,300,0,1.0,107629713.28006409,61966666.66666629,13042986.796844298,1.0000000000000024,0.210483918184686,30.621655484893598,0.5103609247482266,1.6787480592959754
937,100,50,8,300,0,1.0,117219018.2800615,69309166.66666482,13042986.796844311,1.0000000000000036,0.18818559541443036,28.116597872587736,0.4686099645431289,1.6191584408746733
938,100,50,8,300,0,1.0,117702673.61339568,69679499.99999847,13042986.796844266,1.0000000000000002,0.18718542464920895,28.001063177420523,0.46668438629034203,1.616432726009709
939,100,50,8,300,0,1.0,123008516.28006095,73742166.66666481,13042986.796844326,1.0000000000000047,0.17687284475654572,26.793266837689938,0.4465544472948323,1.588052723100069
