int(self),self.nb_electrical,self.nb_activeCS_Cparking,self.nb_activeCS_Cparking_fast,self.nb_solar,self.nb_wind,self.avg_statisfied_day,self.monthly_profit,self.monthly_energy_consumption,self.monthly_renew_charge,self.self_consumption,self.self_sufficiency,self.payback_period,self.payback_period_norm,self.metric
0,100,40,2,900,0,0.9260751472876795,159882647.42462355,62364499.999999456,38289300.679010525,0.9785412210510601,0.613959875875071,61.81909143492075,0.9701367960406655,2.387379844028402
1,100,40,2,900,0,0.9600254712766638,159052947.32376906,61425833.333332755,38482662.59497561,0.9834828784330913,0.6264898741567902,62.14157088130207,0.9649366301654825,2.4261540007675784
2,100,40,2,900,0,0.9851637231979866,167562246.65709776,68027666.66666502,38427662.5949754,0.9820772699157356,0.5648828554310207,58.985840767737955,0.9830973461289659,2.420167353671769
3,100,40,2,900,0,0.8897564103058674,154551594.0785636,58728999.99999995,38004727.54769677,0.9712685225568112,0.6471202906178686,63.95145943933612,0.9362641251496777,2.34371676794984
4,100,40,2,900,0,0.9180367140907775,144102373.0087169,52281166.66666716,37014805.275117725,0.9459695556867749,0.7079950130247802,68.58873864209104,0.8666278405280993,2.351060565038701
5,100,40,2,900,0,0.9808699030230678,150597961.19821975,55918500.00000006,37866552.88671897,0.9677372592776766,0.6771739743862752,65.63037056650963,0.9104288657531776,2.4330379482852655
6,100,40,2,900,0,0.913006591541544,157528136.49043706,60439499.99999984,38367162.59497547,0.9805311005466519,0.6348027795560117,62.74307701595904,0.9553113695134705,2.376160184699824
7,100,40,2,900,0,1.0,155756329.82376972,59082833.33333298,38367162.59497548,0.980531100546652,0.6493791924046022,63.45681110477508,0.9440147212507746,2.4635180751744565
8,100,40,2,900,0,0.911956571979716,154948992.88890782,58903166.66666631,38087664.17223498,0.9733880939359238,0.646614882146719,63.78744266564085,0.9388270102071,2.3680754879041914
9,100,40,2,900,0,0.9142661803687337,161815436.89260468,63581833.333332375,38456676.049752094,0.9828187528094061,0.6048374831870634,61.08069903466492,0.9821495896814886,2.380285756599873
10,100,45,2,900,0,0.9489737693510149,161066009.09128937,63271999.99999926,38289300.679010525,0.9785412210510601,0.6051539492826364,61.36490284798723,0.9775084127167666,2.4106053414938904
11,100,45,2,900,0,0.9990826053351429,164210902.32376546,65376666.666665144,38482662.59497566,0.9834828784330926,0.5886299280320688,60.18966987047342,0.9968438267118918,2.46683037447269
12,100,45,2,900,0,1.0,159024614.99043489,61491833.33333248,38427662.59497563,0.9820772699157415,0.624923026553274,62.15264222205158,0.9647585942212219,2.464697015463841
13,100,45,2,900,0,0.9472796878555694,159115066.15710256,61632999.99999946,38381829.26164213,0.9809059294846117,0.6227480288423808,62.11731069037304,0.9653268681686069,2.410804979098081
14,100,45,2,900,0,0.9752483614850866,151281447.75917307,55958833.33333343,38175310.60314313,0.9756280315686487,0.6822034758255575,65.33385386246536,0.9149392911530152,2.435950433298548
15,100,45,2,900,0,0.9676495211387869,153739911.5592737,57399833.33333306,38456676.04975224,0.98281875280941,0.6699788800156637,64.289096434073,0.9310102979756743,2.434642923126992
16,100,45,2,900,0,0.9562778068269443,162987777.490434,64621333.333332375,38367162.594975494,0.9805311005466525,0.5937228561513648,60.64135699120197,0.989367644182679,2.420623735930715
17,100,45,2,900,0,0.9748258528767585,152304262.1571046,56441000.000000164,38367162.594975494,0.9805311005466525,0.6797746778932936,64.89509787851296,0.9216543984911786,2.4402999936825718
18,100,45,2,900,0,0.9616297739873151,162164745.04027355,63904499.99999904,38422385.57358581,0.9819424076209818,0.6012469477671586,60.94912921760746,0.9843056401078327,2.426932972308875
19,100,45,2,900,0,0.9321370135271618,160297990.55927244,62421333.33333261,38456676.049752064,0.9828187528094054,0.6160822589993674,61.658913910997065,0.9727301579838531,2.397732978710509
20,100,40,4,900,0,0.9260751472876795,160428555.4246227,62782499.99999926,38289300.67901054,0.9785412210510605,0.6098721885718311,61.60873277104274,0.973544043420496,2.3875169415656403
21,100,40,4,900,0,0.9600254712766638,159114172.39260703,61458833.33333298,38491509.38308541,0.9837089715370609,0.6262974302541641,62.11765961118894,0.9653212544742888,2.4263846699542837
22,100,40,4,900,0,0.9851637231979866,168314067.3237644,68603333.33333173,38427662.594975285,0.9820772699157325,0.5601427908504374,58.722364429514904,0.9787060738252484,2.411984029703585
23,100,40,4,900,0,0.8897564103058674,153200665.74523044,58914166.666666634,37227394.214363314,0.9514025888449221,0.6318920612930676,64.51538543857608,0.9275056211533023,2.3227756804936237
24,100,40,4,900,0,0.9180367140907775,145431655.17538345,52686333.33333379,37405305.27511762,0.9559493761599603,0.7099622028821636,67.96182019712711,0.8757303953463567,2.361736871742865
25,100,40,4,900,0,0.9808699030230678,152345576.19146553,57077166.66666654,37980948.3608915,0.9706608093293718,0.665431565352606,64.87749921650627,0.9219247695447472,2.4351399248498997
26,100,40,4,900,0,0.913006591541544,157571234.49043706,60472499.99999984,38367162.594975464,0.9805311005466518,0.6344563660337437,62.72591588155542,0.9555846457061785,2.3761563300747177
27,100,40,4,900,0,1.0,155713231.82376984,59049833.333333,38367162.594975464,0.9805311005466518,0.6497420979733336,63.47437455531139,0.943738425760895,2.4635321041395617
28,100,40,4,900,0,0.911956571979716,154335965.26983994,58925166.66666631,37774457.91597929,0.9653836324544615,0.641058142943669,64.04080852262291,0.9348709237294454,2.3596740100640967
29,100,40,4,900,0,0.9142661803687337,163304712.22593743,64722166.66666558,38456676.04975203,0.9828187528094043,0.5941809125119834,60.523666863485474,0.9913101954591224,2.3809211058374427
30,100,40,2,800,0,0.9330552766632181,142903591.2507595,55685666.66666669,34259774.15849662,0.9850056209935485,0.615235054355638,61.480610270900414,0.9756251462111738,2.400868466358902
31,100,40,2,800,0,0.944155700983574,154695649.08972022,64469166.66666529,34416341.67385354,0.9895071066711275,0.5338418883526379,56.79409894007052,0.9465683156678419,2.3177975273335263
32,100,40,2,800,0,0.931106722889906,148929748.75075558,60118666.66666562,34375274.15849663,0.9883263711157894,0.5717903617040281,58.99291493940311,0.9832152489900517,2.37175426124318
33,100,40,2,800,0,0.9511439355032867,140253885.29166394,54442666.6666668,33758872.27509197,0.9706041492139259,0.6200811668867289,62.642114917027456,0.9569202267638781,2.4041290957765478
34,100,40,2,800,0,0.9157855858292125,136360020.13063166,51560666.666667275,33695439.79044887,0.9687803965634274,0.6535105530788676,64.43090864597471,0.9288124192215863,2.367406447513893
35,100,40,2,800,0,0.8639779159590008,147885658.0840909,59405499.99999946,34320274.15849652,0.9867450615337671,0.577728899824037,59.40941206755972,0.990156867792662,2.3163179036108925
36,100,40,2,800,0,0.8888673545794095,147533775.41742498,59176333.33333304,34294607.49182988,0.9860071170621587,0.5795324846954027,59.55110939947059,0.9925184899911765,2.3450118323269082
37,100,40,2,800,0,0.9434681682763789,154928712.41742134,64775333.333332196,34334940.82516318,0.9871667440889719,0.5300619704799736,56.70866208665437,0.9451443681109062,2.312662112771264
38,100,40,2,800,0,0.929908845735745,149600028.75344503,60653999.999999136,34361186.63744014,0.9879213396242705,0.5665114689458342,58.72859833790425,0.9788099722984042,2.3619279931908164
39,100,40,2,800,0,0.928117410044347,159037031.92305082,67847999.99999799,34381508.34052023,0.9885056106025161,0.5067431367250508,55.24373722122128,0.9207289536870213,2.254240873111409
40,100,45,2,800,0,0.9626270291245483,154899762.25075307,64872499.99999842,34259774.15849662,0.9850056209935487,0.5281093554047933,56.71926071634294,0.9453210119390489,2.330435525387432
41,100,45,2,800,0,1.0,157676953.36912802,66801166.66666494,34385861.250594735,0.9886307614827067,0.5147494118205863,55.720254687012456,0.9286709114502076,2.3404704409066768
42,100,45,2,800,0,0.9796266813245745,155603316.75075352,65229999.99999858,34375274.15849656,0.9883263711157872,0.5269856532040059,56.462806728426976,0.9410467788071163,2.3422619826948954
43,100,45,2,800,0,0.9836054666581203,149276954.58409113,60457833.33333294,34329440.825163044,0.987008613130766,0.5678245304605678,58.855702305011576,0.980928371750193,2.4187934627767675
44,100,45,2,800,0,0.9745558328328628,140306266.75639352,53452666.666667,34416341.67385356,0.9895071066711282,0.6438657567540131,62.618728322764994,0.9572932845484948,2.4469417227845685
45,100,45,2,800,0,0.9661266469034261,156606381.08408704,66084333.33333197,34320274.158496454,0.986745061533765,0.5193405521000513,56.10116228458545,0.9350193714097574,2.316618459993225
46,100,45,2,800,0,0.9496481301547893,151726814.08408877,62388333.33333235,34294607.49182987,0.9860071170621586,0.5496958431089747,57.90538773938012,0.9650897956563352,2.3544946002983043
47,100,45,2,800,0,1.0,149788639.7507567,60840999.999999285,34334940.82516317,0.9871667440889716,0.5643388640088686,58.65464840737774,0.9775774734562958,2.4290485646633906
48,100,45,2,800,0,0.9717722774640315,149060405.92305604,60210333.33333249,34381508.340520136,0.9885056106025133,0.5710233848097052,58.94120538310603,0.9823534230517672,2.4109444083635627
49,100,45,2,800,0,0.9599853269500886,161716851.92304915,69901333.33333094,34381508.34052023,0.9885056106025161,0.49185768998952917,54.32828981966956,0.9054714969944926,2.2589429759362045
50,100,45,4,900,0,0.9489737693510149,161611917.09128866,63689999.999999106,38289300.679010555,0.9785412210510608,0.6011822998745657,61.15761868239582,0.9808912864149022,2.41081089566557
51,100,45,4,900,0,0.9990826053351429,165038314.05926982,65996333.333331995,38491509.38308545,0.983708971537062,0.5832370896830567,59.88791182422316,0.9981318637370526,2.463804140818641
52,100,45,4,900,0,1.0,161141205.6570996,63112499.99999866,38427662.59497558,0.9820772699157402,0.6088756204393171,61.33626690762281,0.9779750552743506,2.4650755516258043
53,100,45,4,900,0,0.9472796878555694,159117460.4904359,61634833.333332784,38381829.26164212,0.9809059294846116,0.622729505149563,62.11637597493009,0.9653419067179325,2.4108051986931525
54,100,45,4,900,0,0.9752483614850866,151937495.09250706,56461166.66666697,38175310.603143044,0.9756280315686464,0.676133931636957,65.05175035288198,0.9192512130302823,2.4354067198249347
55,100,45,4,900,0,0.9676495211387869,154419902.2259406,57920499.99999976,38456676.04975212,0.982818752809407,0.6639562167065596,64.00599830414636,0.9354134654492321,2.4342279599532666
56,100,45,4,900,0,0.9562778068269443,163030875.4904339,64654333.33333235,38367162.594975464,0.9805311005466517,0.593419816072798,60.62532615535115,0.9896320193373955,2.420645679022578
57,100,45,4,900,0,0.9748258528767585,152261164.15710458,56408000.00000016,38367162.5949755,0.9805311005466526,0.6801723619872251,64.91346663947608,0.9213722808557021,2.4403360233222404
58,100,45,4,900,0,0.9616297739873151,162186294.04027364,63920999.99999907,38422385.573585756,0.9819424076209805,0.6010917472127519,60.94103116719396,0.9844384983516686,2.4269416701091853
59,100,45,4,900,0,0.9321370135271618,161128824.2259385,63057499.99999912,38456676.049752064,0.9828187528094054,0.609866804896366,61.34098009764355,0.9778982352537671,2.397928692698022
60,100,50,2,900,0,0.945326036227252,162107062.49043342,64034666.66666547,38312162.59497558,0.9791254920293044,0.598303459505939,60.97081674392368,0.9839499184931706,2.4079187223251735
61,100,50,2,900,0,1.0,164551458.65709862,65638833.33333177,38482662.59497566,0.9834828784330926,0.5862788937693374,60.06510109762324,0.9989155701257936,2.4679386851412635
62,100,50,2,900,0,1.0,162288652.32376653,63992499.99999874,38427662.594975635,0.9820772699157416,0.6005025994448786,60.90259459596582,0.9850693410663796,2.4654714206222827
63,100,50,2,900,0,1.0,160293639.15710202,62536833.33333266,38381829.26164213,0.9809059294846117,0.6137475662872154,61.66058773120122,0.9727030221058326,2.4637010751356048
64,100,50,2,900,0,1.0,148942359.74202618,54961500.00000025,37670314.33643702,0.9627220851375163,0.6853945823246608,66.3598993403832,0.8994261570061968,2.4477418228659253
65,100,50,2,900,0,1.0,155897766.89260638,59053499.999999486,38456676.04975222,0.9828187528094094,0.6512175578035605,63.39924039328077,0.9449209492689037,2.465894995511752
66,100,50,2,900,0,1.0,163275658.49043277,64843166.666665345,38367162.59497558,0.9805311005466548,0.5916916857593789,60.53443661707325,0.9911322753186649,2.4644856239261683
67,100,50,2,900,0,0.9875464765038512,158087138.15710348,60870333.33333308,38367162.59497554,0.9805311005466537,0.6303097172948349,62.52121529442642,0.9588503589508436,2.450644609290563
68,100,50,2,900,0,0.9625632748577373,161984162.22593686,63713833.333331995,38456676.04975212,0.982818752809407,0.6035844029122864,61.01707638685067,0.9831915913321403,2.428622388519707
69,100,50,2,900,0,1.0,164723279.55926922,65811166.66666514,38456676.04975219,0.9828187528094087,0.5843487966796884,60.00244790199009,0.9999592024657405,2.4674382398094914
70,100,50,4,900,0,0.945326036227252,162078330.49043345,64012666.66666549,38312162.59497558,0.9791254920293044,0.5985090856233083,60.981625181432776,0.9837726851036814,2.40790598982958
71,100,50,4,900,0,1.0,164792258.725936,65809333.33333185,38491509.383085504,0.9837089715370634,0.5848943825053139,59.97733192332552,0.999622198722092,2.467537704726343
72,100,50,4,900,0,1.0,163825814.32376504,65169499.99999839,38427662.59497566,0.9820772699157422,0.58965716470092,60.331151356079225,0.9944960134753026,2.4662217452360387
73,100,50,4,900,0,1.0,160296033.49043536,62538666.666665986,38381829.26164211,0.9809059294846114,0.6137295741564024,61.65966671027922,0.9727179535510047,2.4637016128761267
74,100,50,4,900,0,1.0,148826514.99739885,54981666.66666686,37600923.21330682,0.9609486896156926,0.6838811097027498,66.41155307690128,0.8986521781826263,2.445757065944826
75,100,50,4,900,0,1.0,156577757.55927318,59574166.666666195,38456676.049752116,0.9828187528094068,0.6455260426037979,63.12390823619022,0.9492670321662189,2.465687866249257
76,100,50,4,900,0,1.0,165662808.8237658,66670999.99999869,38367162.594975434,0.980531100546651,0.5754700333724737,59.662153926863034,0.9943692321143839,2.454745258812363
77,100,50,4,900,0,0.9875464765038512,158044040.1571035,60837333.33333309,38367162.59497553,0.9805311005466535,0.6306516162494907,62.53826458862365,0.9585779356268738,2.4506457051303174
78,100,50,4,900,0,0.9625632748577373,162012894.22593683,63735833.333332,38456676.04975212,0.982818752809407,0.6033760608200974,61.00625537999735,0.9833689260386257,2.428633049552441
79,100,50,4,900,0,1.0,166528606.89260224,67193499.99999845,38456676.04975211,0.9828187528094066,0.5723273240678489,59.351964713031364,0.9891994118838561,2.447061271138135
80,100,45,6,900,0,0.9489737693510149,162488243.0912883,64360999.99999902,38289300.679010555,0.9785412210510609,0.594914632759142,60.82778551828599,0.9862983092045432,2.411203784762872
81,100,45,6,900,0,0.9990826053351429,165160425.05927023,66089833.33333211,38491509.383085355,0.9837089715370596,0.5824119602322002,59.84363382725041,0.9973938971208401,2.462406070641743
82,100,45,6,900,0,1.0,161124445.3237663,63099666.66666533,38427662.59497556,0.9820772699157397,0.6089994547511035,61.342647170262204,0.977871065175026,2.4650706289759086
83,100,45,6,900,0,0.9472796878555694,161090391.157102,63145499.99999932,38381829.26164205,0.9809059294846099,0.6078315835909521,61.3556148756316,0.9776597422812496,2.4112046970095804
84,100,45,6,900,0,0.9752483614850866,152169238.22963312,56712333.33333355,38128321.56969246,0.9744271554660974,0.6723109300685739,64.95268107398101,0.9207702927162968,2.4338673982562424
85,100,45,6,900,0,0.9676495211387869,154417507.8926072,57918666.666666426,38456676.04975212,0.982818752809407,0.6639772332998968,64.0069907544026,0.9353979930549711,2.4342293008336755
86,100,45,6,900,0,0.9562778068269443,165556897.15710002,66588499.999998935,38367162.59497535,0.9805311005466489,0.5761830135079776,59.700321579602196,0.9950053596600366,2.4122295772933633
87,100,45,6,900,0,0.9748258528767585,152858324.2849446,57733499.99999994,37813749.773033276,0.9663877955260541,0.654970680333486,64.65987407774743,0.9252747412876332,2.4240771384311808
88,100,45,6,900,0,0.9616297739873151,162097703.70694017,63853166.66666569,38422385.57358579,0.9819424076209815,0.6017303068798944,60.97433692132449,0.9838921922154664,2.4269062117066973
89,100,45,6,900,0,0.9321370135271618,161085726.225938,63024499.999998994,38456676.04975208,0.9828187528094058,0.6101861347531943,61.357391691781764,0.9776307906829416,2.397916712012659
90,100,40,6,900,0,0.9260751472876795,161304881.42462227,63453499.99999916,38289300.67901055,0.9785412210510607,0.603422989732813,61.2740291100161,0.9789900318251281,2.3878035708990577
91,100,40,6,900,0,0.9600254712766638,159037553.72594061,61400166.66666639,38491509.38308536,0.9837089715370597,0.6268958452841149,62.1475857018785,0.9648399030022334,2.4263820505061893
92,100,40,6,900,0,0.9851637231979866,169130534.9904313,69228499.99999851,38427662.59497517,0.9820772699157297,0.5550844319171439,58.43888568412075,0.9739814280686792,2.403212696800381
93,100,40,6,900,0,0.8897564103058674,151238617.69672236,58866499.99999997,36300212.476031624,0.9277070515989078,0.6166531469686773,65.35235610140201,0.9146571942274992,2.297736122108309
94,100,40,6,900,0,0.9180367140907775,144937502.3826094,52675333.33333372,37171148.714466654,0.9499651496864243,0.7056651825864043,68.19353057367108,0.87235498685686,2.354923847016761
95,100,40,6,900,0,0.9808699030230678,153707162.07645577,57458499.999999724,38402404.95028023,0.9814317724518855,0.6683502867335627,64.30279413449635,0.9307977772327641,2.446347909642682
96,100,40,6,900,0,0.913006591541544,157590389.15710372,60487166.66666653,38367162.59497548,0.980531100546652,0.6343025257970792,62.71829172365786,0.9557060788916191,2.3761546910708264
97,100,40,6,900,0,1.0,157856337.45161018,61343333.33333294,37951249.77303332,0.9699018168194313,0.6186695067059756,62.61262714922557,0.957390633038864,2.4523262384036446
98,100,40,6,900,0,0.911956571979716,154200187.1473997,58877499.99999963,37738574.33580673,0.9644665730740326,0.6409676758661113,64.09719847195835,0.9339927144118408,2.358723427084446
99,100,40,6,900,0,0.9142661803687337,163261614.22593734,64689166.66666557,38456676.04975203,0.9828187528094043,0.5944840230809282,60.539643974864994,0.9910462593784082,2.3808996582118844
100,100,35,6,900,0,0.8347740443429291,152604664.82377085,56754500.00000003,38312162.594975464,0.9791254920293014,0.6750506584495581,64.76735171505993,0.9236187858309509,2.2984333569335265
101,100,35,6,900,0,0.849769733813603,145754891.72007778,54517833.33333364,36394794.88534754,0.9301242486921072,0.6675759592796362,67.81110317025815,0.8779329519034197,2.261763453140732
102,100,35,6,900,0,0.8757187004701049,154237763.3616101,57836166.66666648,38419747.695596844,0.9818749926433635,0.6642858596944294,64.08158277572693,0.9342358284889419,2.3413832167145903
103,100,35,6,900,0,0.8454482519182905,149669567.06043723,55933166.66666673,37403213.62962608,0.9558959209832659,0.6687126057519724,66.03747304225767,0.9042724776245826,2.2846908141444513
104,100,35,6,900,0,0.8663728807198512,142926146.33586144,52897166.66666713,36047232.79771932,0.9212417717706833,0.6814586691357571,69.15319732174201,0.8585131436917507,2.2700529597202075
105,100,35,6,900,0,0.8452175704689063,150432745.98231724,56384166.66666656,37488217.49584414,0.9580683238626082,0.6648713586115053,65.70245019100962,0.9093357996033254,2.286450456961436
106,100,35,6,900,0,0.8444924892815256,157527575.49043617,60437666.66666626,38367162.594975516,0.980531100546653,0.6348220358436919,62.74330046170276,0.9553078118491043,2.3076579298055835
107,100,35,6,900,0,0.9124859996269009,150803622.8586477,55304333.33333342,38357489.92613382,0.9802839008064822,0.6935711473989458,65.54086574739887,0.911788008765588,2.3791309263116456
108,100,35,6,900,0,0.8802469342529768,151119424.89518943,56376833.33333333,37828020.44665196,0.9667525042603585,0.6709851939180448,65.40390162849693,0.9138717568708673,2.33090684625828
109,100,35,6,900,0,0.854724928739417,157751692.22593907,60468833.33333261,38456676.049752206,0.982818752809409,0.6359751615805277,62.65416148971624,0.9567281192320167,2.3202331772358558
110,100,40,8,900,0,0.9260751472876795,161886704.4246219,63898999.99999909,38289300.67901054,0.9785412210510606,0.5992159607976821,61.053809422639276,0.9825898486843626,2.388037764610188
111,100,40,8,900,0,0.9600254712766638,159102200.72594061,61449666.66666639,38491509.38308536,0.9837089715370597,0.6263908572829612,62.122333662908964,0.9652460580454293,2.4263842151484623
112,100,40,8,900,0,0.9851637231979866,169032367.32376465,69153333.33333187,38427662.594975196,0.9820772699157303,0.5556877845605324,58.47282479969393,0.9745470799948989,2.4042610308413113
113,100,40,8,900,0,0.8897564103058674,152096953.56043673,59751999.999999836,36154713.62962601,0.9239886076394098,0.6050795559918682,64.98355008848094,0.9202966933643378,2.2941167484636997
114,100,40,8,900,0,0.9180367140907775,142446765.56208673,52559833.33333367,36029180.036807895,0.9207804060525235,0.6854888562585687,69.38592084558111,0.8551896565710188,2.321617455668651
115,100,40,8,900,0,0.9808699030230678,153680824.4097891,57438333.33333305,38402404.95028023,0.9814317724518855,0.668584945308541,64.31381428332855,0.9306268340977715,2.446364693367672
116,100,40,8,900,0,0.913006591541544,158473898.15710318,61163666.66666637,38367162.5949755,0.9805311005466527,0.6272868303346053,62.36863051227332,0.961291895031064,2.376127950840292
117,100,40,8,900,0,1.0,159452378.10452607,62588166.66666623,37936749.196939,0.9695312325782556,0.6061329356231758,61.985905243262394,0.9674433384323077,2.4523496869308485
118,100,40,8,900,0,0.9077604602267768,157438654.12438887,61051833.33333284,37933199.83295464,0.9694405231919356,0.6213277761184614,62.77873788346173,0.9547437510087149,2.3595664321302605
119,100,40,8,900,0,0.9142661803687337,163271191.55927056,64696499.99999888,38456676.04975202,0.9828187528094042,0.5944166384542082,60.53609277673454,0.9911049178080136,2.380904408940114
120,100,35,8,900,0,0.8347740443429291,152562459.118278,56736166.66666667,38303249.773033366,0.9788977113304752,0.675111697236625,64.78526930624085,0.9233430099464711,2.2982064120787005
121,100,35,8,900,0,0.849769733813603,145819538.72007772,54567333.333333634,36394794.88534754,0.9301242486921072,0.6669703770023702,67.78104009074822,0.8783729515943862,2.2617189870098855
122,100,35,8,900,0,0.8757187004701049,155391832.02827626,58719833.33333301,38419747.695596896,0.9818749926433646,0.6542891134840376,63.605659776258186,0.9416757014982626,2.3408256927555975
123,100,35,8,900,0,0.8454482519182905,148984796.81791618,56761833.33333323,36540837.392833814,0.9338565867360695,0.6437571735614697,66.34099727692096,0.899709551815064,2.2601635425825304
124,100,35,8,900,0,0.8663728807198512,140778740.95161828,52897166.66666713,34999206.74391582,0.8944578745410224,0.6616461513801717,70.20804372299924,0.843551720742669,2.2392415225666573
125,100,35,8,900,0,0.8452175704689063,150209653.44993362,56363999.999999896,37392192.67118968,0.9556142636551285,0.6634055899366573,65.80003197527094,0.9078580914104282,2.2838001338286604
126,100,35,8,900,0,0.8444924892815256,159301776.49043635,61796166.66666633,38367162.59497541,0.9805311005466504,0.620866384834695,62.044505828805825,0.9664989206008264,2.307684517750108
127,100,35,8,900,0,0.9124859996269009,149839033.7609318,55264000.00000001,37912436.84444403,0.9689098934920055,0.6860241177700497,65.96278520969112,0.9053988143662818,2.3667041082092224
128,100,35,8,900,0,0.8802469342529768,154236157.56185535,58107499.99999975,38246020.44665198,0.9774351289922224,0.6581942166958163,64.08224994866181,0.9342254402657054,2.3410277478753354
129,100,35,8,900,0,0.854724928739417,158182672.22593945,60798833.33333273,38456676.04975212,0.9828187528094069,0.6325232564728901,62.483455747178944,0.9594539781246786,2.3201975120424074
130,100,45,8,900,0,0.9489737693510149,163070066.091288,64806499.99999894,38289300.67901055,0.9785412210510607,0.5908250048839417,60.610756081174124,0.9898723653838739,2.411506138642042
131,100,45,8,900,0,0.9990826053351429,165225072.05927023,66139333.33333211,38491509.383085355,0.9837089715370596,0.5819760714716317,59.82021903101027,0.9970036505168378,2.4616671130292858
132,100,45,8,900,0,1.0,161627255.3237667,63484666.66666549,38427662.59497549,0.9820772699157378,0.6053062040436463,61.15181489780964,0.9809861723661218,2.465231135601039
133,100,45,8,900,0,0.9472796878555694,161223578.03005263,63424166.66666582,38269212.47603182,0.9780278365200578,0.6033853416972867,61.30492897358739,0.9784859839876628,2.4084739452010617
134,100,45,8,900,0,0.9924514904902995,153614372.63810575,57434666.66666653,38373205.452142596,0.98068553493762,0.6681192331949813,64.34163568330203,0.930195411772319,2.457142288818604
135,100,45,8,900,0,0.9676495211387869,154424690.8926069,57924166.666666344,38456676.04975215,0.9828187528094077,0.6639141875110106,64.00401349596088,0.9354444095660976,2.434225280713693
136,100,45,8,900,0,0.9562778068269443,166160269.15709955,67050499.99999882,38367162.594975375,0.9805311005466495,0.5722129230203511,59.483533880504034,0.9913922313417339,2.4054403765849592
137,100,45,8,900,0,0.9748258528767585,152750896.4516114,58292666.666666634,37404916.43969982,0.9559394388804129,0.6416744777450538,64.70534857470379,0.9245737335808552,2.4127391686536566
138,100,45,8,900,0,0.9616297739873151,162021085.04027337,63794499.999998994,38422385.57358579,0.9819424076209815,0.6022836698083125,61.00317126961097,0.9834194743097256,2.426876184143691
139,100,45,8,900,0,0.9321370135271618,161095303.55927125,63031833.33333232,38456676.04975208,0.9828187528094058,0.6101151436668673,61.353743911991124,0.9776902288537506,2.3979193573144064
140,100,40,10,900,0,0.9260751472876795,162456555.75795555,64335333.333332546,38289300.67901044,0.9785412210510581,0.5951519747418875,60.83965004604615,0.9861032957585432,2.388300022839733
141,100,40,10,900,0,0.9600254712766638,160129369.72593987,62236166.6666662,38491509.383085355,0.9837089715370596,0.6184749390052243,61.72384252130664,0.9716780937060475,2.4264835161868907
142,100,40,10,900,0,0.9851637231979866,169255040.323765,69323833.33333194,38427662.594975166,0.9820772699157295,0.5543210862302181,58.39589758209535,0.9732649597015892,2.4018855518837503
143,100,40,10,900,0,0.8897564103058674,152080193.22710335,59739166.66666649,36154713.62962601,0.9239886076394098,0.6052095408588913,64.9907117440362,0.9201868524543826,2.2941108954473632
144,100,40,10,900,0,0.9180367140907775,142168653.5499902,52569000.00000037,35887606.743121535,0.9171622855537072,0.682676230156961,69.52165440973666,0.8532572108744136,2.31743490909076
145,100,40,10,900,0,0.9808699030230678,154896731.40978876,58334833.333332926,38424404.95028013,0.9819940158588233,0.6586871471924504,63.80896426956747,0.9384903195439144,2.4463099403209423
146,100,40,10,900,0,0.913006591541544,158471503.82376963,61161833.33333297,38367162.59497547,0.9805311005466519,0.6273056333330269,62.36957283494585,0.9612767976971589,2.376127895905124
147,100,40,10,900,0,0.9912478098259528,155134999.7849445,59909666.66666657,37536916.43969971,0.9593128993220511,0.626558592765215,63.71096150901726,0.9400244828392278,2.4325191668773525
148,100,40,10,900,0,0.9077604602267768,156159383.4092139,61060999.99999948,37303018.09462297,0.953335271939614,0.6109139728242787,63.29302654903301,0.9465951588091582,2.343086797295358
149,100,40,10,900,0,0.9142661803687337,163264008.55927035,64690999.99999881,38456676.04975196,0.9828187528094027,0.5944671754919952,60.53875613627266,0.9910609243055064,2.3809008450678366
150,100,40,10,800,0,0.9330552766632181,144503005.91742507,56910333.333333015,34259774.15849665,0.9850056209935494,0.6019956684813567,60.800119307002966,0.9867531996957962,2.4014050111440994
151,100,40,10,800,0,0.944155700983574,155478596.08972046,65068666.66666536,34416341.673853464,0.9895071066711254,0.5289234194725698,56.5080996417672,0.94180166069612,2.30909609725775
152,100,40,10,800,0,0.9660269653427209,150062268.41742256,60985833.333332434,34375274.1584966,0.9883263711157886,0.5636599892078288,58.54769551770916,0.9757949252951527,2.3927498820041366
153,100,40,10,800,0,0.9511439355032867,140911477.86881202,57110166.666666396,32379583.63534052,0.9309481066246673,0.5669670660274849,62.349782522184185,0.9615939161345087,2.3663115044597833
154,100,40,10,800,0,0.9167408926022016,138860469.76878884,52737666.666666985,34165565.52893504,0.9822970208365553,0.6478399157262962,63.27070630416917,0.9469473615777226,2.381960186760961
155,100,40,10,800,0,0.8639779159590008,149619155.41742402,60732833.33333281,34320274.15849652,0.9867450615337671,0.5651024705224822,58.72109072857955,0.9786848454763258,2.2947447378533123
156,100,40,10,800,0,0.8888673545794095,150248949.41742375,61255333.33333276,34294607.49182972,0.9860071170621542,0.5598632090565726,58.47495129960055,0.9745825216600091,2.311340443484677
157,100,40,10,800,0,0.9434681682763789,153160843.47550067,65371166.6666653,33092370.16862198,0.9514414916248898,0.5062227256454451,57.363225486580454,0.9560537581096742,2.3045001069024096
158,100,40,10,800,0,0.929908845735745,151517889.7534437,62122499.99999882,34361186.637440056,0.9879213396242682,0.5531198299720826,57.9852320692733,0.9664205344878883,2.3388252442012996
159,100,40,10,800,0,0.9209286557736651,154035269.58972132,64018166.666665606,34381508.34052004,0.9885056106025105,0.5370586214931794,57.037586413821366,0.9506264402303561,2.301201993198565
160,100,45,10,900,0,0.9489737693510149,163639917.42462167,65242833.33333241,38289300.67901044,0.9785412210510579,0.5868736644741718,60.39968826403758,0.9933606673456881,2.4118333682760404
161,100,45,10,900,0,0.9990826053351429,165483660.05927026,66337333.33333215,38491509.3830853,0.9837089715370582,0.5802390215125619,59.72674278813981,0.9954457131356634,2.458719535680856
162,100,45,10,900,0,1.0,163468497.65709952,64894499.99999873,38427662.59497539,0.9820772699157353,0.5921559237682106,60.46302585304724,0.9923126027972488,2.466037341811817
163,100,45,10,900,0,0.9472796878555694,161836527.36338648,63893499.999999315,38269212.47603177,0.9780278365200565,0.5989531403981968,61.072739022674355,0.982279897033538,2.408722097207665
164,100,45,10,900,0,0.9924514904902995,153671836.63810584,57478666.66666654,38373205.452142596,0.98068553493762,0.667607786984319,64.3175757915626,0.930568493251549,2.4571062133293036
165,100,45,10,900,0,0.9676495211387869,155528478.55927283,58769333.333332755,38456676.04975217,0.982818752809408,0.6543663824061168,63.54977616676952,0.9425531806934926,2.433695807757173
166,100,45,10,900,0,0.9562778068269443,167338281.1570998,67952499.99999893,38367162.5949752,0.980531100546645,0.5646173811850308,59.06478739745709,0.9844131232909514,2.3923848350659203
167,100,45,10,900,0,0.981763040141106,154231683.45161057,59783166.66666637,37177583.106366366,0.950129590342028,0.6218737678058742,64.08410891203813,0.9341964958661179,2.4134585502519235
168,100,45,10,900,0,0.9616297739873151,162033056.70694003,63803666.66666565,38422385.57358578,0.9819424076209812,0.6021971397712732,60.99866410516631,0.983493350972623,2.4268808367769568
169,100,45,10,900,0,0.9321370135271618,161088120.559271,63026333.33333225,38456676.04975202,0.9828187528094042,0.610168385432851,61.356479706170134,0.977645650549451,2.3979173724228935
170,100,35,10,900,0,0.8347740443429291,151617471.118278,56708666.66666667,37859583.10636668,0.9675591359571812,0.6676154692351552,65.18905721814585,0.9171499598771462,2.2860163796081996
171,100,35,10,900,0,0.849769733813603,144472477.2310513,54506833.333333604,35775932.76283586,0.9143082874108714,0.6563568377573886,68.41303056078343,0.8691694521436629,2.2440246561631767
172,100,35,10,900,0,0.9162883512997182,158992366.6571014,61464333.33333248,38427662.59497536,0.9820772699157345,0.6252026258313911,62.16524860791825,0.9645559135291103,2.3810063654939415
173,100,35,10,900,0,0.8454482519182905,150563795.7739665,56726999.99999981,37333658.910346806,0.9541183445134321,0.6581285615376617,65.6452631868954,0.9102029159377792,2.2821540170861994
174,100,35,10,900,0,0.8663728807198512,139930171.48958507,52906333.333333775,34579225.71477971,0.8837246216013988,0.6535933136192785,70.63380180832299,0.8375870920863299,2.226834623701604
175,100,35,10,900,0,0.8505298506523981,151592711.02044886,56776500.00000009,37804263.22780967,0.9661453524575717,0.6658434955978196,65.19970474481943,0.9169872180065356,2.3001918651371893
176,100,35,10,900,0,0.8444924892815256,159178459.64925817,62096833.333332896,38115338.530629545,0.974095354188135,0.6138048670860267,62.09257220969761,0.9657249622328811,2.301261345183228
177,100,35,10,900,0,0.9124859996269009,148392334.87004542,55454666.6666665,37084857.753398284,0.9477598531437323,0.6687418748058185,66.6058661901623,0.895746554021476,2.343226053493032
178,100,35,10,900,0,0.8802469342529768,152920569.8907913,58116666.66666639,37598114.47411377,0.9608769080205511,0.6469420328210028,64.63355457711508,0.9256807098075032,2.3234812703172825
179,100,35,10,900,0,0.854724928739417,158695059.5592725,61191166.666665964,38456676.04975202,0.9828187528094042,0.6284677698538045,62.28171202965778,0.962685471397994,2.3201846160204544
180,100,30,10,900,0,0.9381296806066517,107673154.51385923,39512000.00000099,27372856.278113984,0.6995549077950155,0.692773240486771,91.7944685899195,0.5886592357707621,2.081007508766831
181,100,30,10,900,0,0.8645149094268582,140941759.98848942,52035500.00000054,35627084.91385448,0.9105042546050984,0.6846688301996544,70.12683821180607,0.844694177828387,2.2569441514149684
182,100,30,10,900,0,0.9945777425108865,151595709.9904367,55799333.33333317,38427662.59497532,0.9820772699157336,0.6886760163498148,65.19841491968019,0.9170069307711874,2.4625254863619257
183,100,30,10,900,0,0.8248212299358649,136676624.7076589,51522166.666667156,33872706.21815047,0.8656684430171042,0.6574394752708409,72.31521864942678,0.814440712082597,2.1652135222351347
184,100,30,10,900,0,0.9611642022404053,111306832.6238763,40054666.66666747,28800360.154810574,0.7360369370247513,0.7190263345463699,88.79778327175072,0.6188062534722025,2.155191523349704
185,100,30,10,900,0,0.9866215122914043,127668496.22509106,44773666.66666786,33777739.16955642,0.8632414158830783,0.7544108330690403,77.41768950245933,0.7480429932585977,2.3381931720052345
186,100,30,10,900,0,0.9208606063415893,139306247.99658445,50453333.333334,35837332.68094165,0.9158774555536735,0.7103065409805993,70.95015580523233,0.8331824803556893,2.322288319481758
187,100,30,10,900,0,0.8505375222458338,137857382.63426897,51448833.33333379,34495708.297186084,0.8815902071738221,0.6704857245973012,71.6958338475161,0.8228917942838891,2.209817896207564
188,100,30,10,900,0,0.9282591505653411,130937440.85938148,46652833.33333451,34175373.60958756,0.8734035678048899,0.7325465822280182,75.4849028293945,0.7725321029759907,2.2868285193237465
189,100,30,10,900,0,0.9734413075567089,133070548.0260463,49313000.00000057,33520873.6095874,0.8566768264484159,0.6797573380160812,74.27488761874952,0.7882698538327346,2.3055170318023084
190,100,35,10,800,0,0.88423708755365,145194407.25075823,57438333.33333301,34259774.15849655,0.9850056209935468,0.5964618429938788,60.51059518309455,0.9915261871537764,2.3529327491025294
191,100,35,10,800,0,0.8556696823212694,142586742.70246825,55243833.333333306,34385861.25059473,0.9886307614827065,0.6224380021407169,61.61722915806473,0.9734061930647119,2.327026277098555
192,100,35,10,800,0,0.9054666908314999,151024229.41742238,61720999.99999913,34375274.158496454,0.9883263711157844,0.5569461635180399,58.17477125287326,0.969579520881221,2.320603142527153
193,100,35,10,800,0,0.8728095033704307,145070409.47550672,57328333.33333334,34269370.168621846,0.9852815166800973,0.5977737041362067,60.562316131625515,0.9906718441870366,2.3417003108664325
194,100,35,10,800,0,0.9292773898977571,134590510.67454678,51731166.66666699,32722274.446662918,0.9408008386903775,0.6325446835079314,65.27800478627306,0.9157913295408524,2.3511044662449545
195,100,35,10,800,0,0.8941170421573531,144473172.08409184,56791166.66666636,34320274.15849663,0.9867450615337702,0.6043241611840483,60.81267458352856,0.986546738643268,2.36412310974786
196,100,35,10,800,0,0.8786149350018699,153483132.75075522,63730333.333332315,34294607.49182984,0.9860071170621576,0.5381206357804037,57.242772170069415,0.9540462028344903,2.263157646460683
197,100,35,10,800,0,0.8487189782345163,140551723.14217278,55714999.99999986,33092370.16862206,0.9514414916248922,0.5939580035649672,62.50937237612426,0.9590396374047238,2.282925018491214
198,100,35,10,800,0,0.8634462074783796,141416057.11579463,54415166.666666746,34342695.35503221,0.9873896952232619,0.6311235903292678,62.12731551980686,0.9651659160770666,2.3335109958188602
199,100,35,10,800,0,0.8655904403778621,148269929.51814038,59607166.666666046,34378381.251737036,0.9884157034123945,0.5767491255537628,59.25544059104098,0.9875906765173497,2.314580417338222
200,100,30,10,800,0,0.9313167152675473,124411077.85405788,46709666.66666776,30954003.507753666,0.8899611336121351,0.6626894541690787,70.61911327788916,0.8377921659121333,2.2992604445149434
201,100,30,10,800,0,0.8138538298900696,133867613.23718932,51177500.00000068,32721473.029373832,0.9407777970751332,0.6393722442357168,65.63051202259909,0.9104267193272564,2.235778344605899
202,100,30,10,800,0,0.9651030851873607,142332238.4174249,55064166.66666634,34375274.15849658,0.9883263711157879,0.6242766619276926,61.72740692964755,0.9716203711289234,2.436144785858438
203,100,30,10,800,0,0.8739420558669319,138933837.17672595,55142999.99999994,32666461.286835335,0.9391961498824114,0.5923954316383833,63.23729466151812,0.9474748262071631,2.2953332273848015
204,100,30,10,800,0,0.9403157823814589,111498727.93236849,40681666.666667365,28494373.48252783,0.8192441058464662,0.7004229624120777,78.7973115292327,0.7310389587658224,2.231693111076943
205,100,30,10,800,0,0.9296815800146493,142231515.08409283,55073333.33333338,34320274.158496566,0.9867450615337684,0.6231740859187122,61.77112009814064,0.9709127521792016,2.3991336009288204
206,100,30,10,800,0,1.0,138151453.6968361,52037333.33333366,34264127.06857084,0.985130771873731,0.6584527852164591,63.59542201618692,0.9418363927054709,2.4685986208786384
207,100,30,10,800,0,0.7912634221316603,132545913.57816687,52200500.00000037,31424382.907840487,0.9034850509310759,0.6019939063388333,66.28495562647967,0.9005502978639345,2.1734088450666613
208,100,30,10,800,0,0.9338412012619228,123879330.99637699,44711333.333334304,31968194.076642632,0.9191202111499105,0.7149908466900697,70.92224287405098,0.833570179951226,2.3394040585652047
209,100,30,10,800,0,0.7823286765560997,133586836.71864882,51912666.66666705,32115858.49291391,0.9233657230839658,0.6186516808918889,65.76845605307679,0.9083359914248074,2.185586012694418
210,100,35,8,800,0,0.88423708755365,144902298.584092,57214666.6666664,34259774.15849655,0.9850056209935466,0.5987935638617726,60.6325785432678,0.9895124066448721,2.3527843452879402
211,100,35,8,800,0,0.8556696823212694,142538856.03580165,55207166.66666664,34385861.250594765,0.9886307614827076,0.6228514036630772,61.63792978521773,0.9730704156802121,2.327021220931943
212,100,35,8,800,0,0.9054666908314999,149233268.0840895,60349666.666665874,34375274.158496566,0.9883263711157875,0.5696017237073446,58.87293170480864,0.9812155284134774,2.342363598210853
213,100,35,8,800,0,0.8728095033704307,143294684.45505318,56440999.99999999,33968312.2442099,0.9766257752143622,0.601837533782355,61.312811660894624,0.9783574407809588,2.3326369711772736
214,100,35,8,800,0,0.9292773898977571,135322326.00788018,51722000.00000035,33085274.44666293,0.9512374819317045,0.6396750792054194,64.9249851017812,0.9211954179680492,2.362212871230142
215,100,35,8,800,0,0.8941170421573531,143376567.41742605,55951499.99999994,34320274.158496596,0.9867450615337693,0.6133932809396824,61.27779565555543,0.9789285769117974,2.3637602438208964
216,100,35,8,800,0,0.8786149350018699,151447949.4174217,62171999.999998905,34294607.49182986,0.9860071170621582,0.5516085616005671,58.01201028998107,0.9668668381663512,2.286768622448675
217,100,35,8,800,0,0.8487189782345163,139910652.3088401,55025666.66666672,33218870.168622054,0.9550785036635362,0.6036977320030416,62.795790420633175,0.9544724428429247,2.2861496066798743
218,100,35,8,800,0,0.8634462074783796,140230862.11579546,53507666.66666703,34342695.35503218,0.987389695223261,0.6418275640568382,62.65239953203123,0.9567562148855783,2.3336644736094283
219,100,35,8,800,0,0.8655904403778621,148015354.58972338,59407333.33333269,34381508.34052019,0.9885056106025147,0.5787418221182664,59.35735535244256,0.9892892558740427,2.3178731539465183
220,100,40,8,800,0,0.9330552766632181,144531737.9174251,56932333.333333015,34259774.15849664,0.9850056209935493,0.6017630431183831,60.78803262588295,0.9869519959061587,2.401417707064083
221,100,40,8,800,0,0.944155700983574,155442681.08972055,65041166.666665375,34416341.67385347,0.9895071066711256,0.5291470531307734,56.52115582675064,0.9420192637791774,2.3094926072673703
222,100,40,8,800,0,0.931106722889906,149700724.08408877,60708999.99999899,34375274.158496566,0.9883263711157875,0.5662302814821054,58.68909488416974,0.978151581402829,2.3622425294784195
223,100,40,8,800,0,0.9511439355032867,140989668.25894397,57095499.99999973,32427092.203812253,0.9323140294347104,0.5679447978179086,62.31520442947531,0.9621482439088161,2.3676480176664296
224,100,40,8,800,0,0.9167408926022016,139362338.42305988,52728500.000000305,34416341.67385344,0.9895071066711248,0.6527085290469716,63.042857198112564,0.9505502166392021,2.3894579324789813
225,100,40,8,800,0,0.8639779159590008,149418031.4174244,60578833.3333329,34320274.1584965,0.9867450615337664,0.5665390412794911,58.80013219726734,0.980002203287789,2.2972113522703825
226,100,40,8,800,0,0.8888673545794095,150232189.08409077,61242499.99999954,34294607.49182972,0.9860071170621542,0.5599805280945418,58.481474932660724,0.9746912488776788,2.3115430259327217
227,100,40,8,800,0,0.9434681682763789,152519772.6421681,64681833.333332136,33218870.168621965,0.9550785036635335,0.51357341708964,57.60433449250326,0.960072241541721,2.314399143489812
228,100,40,8,800,0,0.929908845735745,149465946.08677813,60551333.33333243,34361186.63744014,0.9879213396242708,0.5674720067398569,58.78128249293033,0.9796880415488388,2.3635744926764692
229,100,40,8,800,0,0.9209286557736651,153975411.25638822,63972333.33333233,34381508.34052009,0.9885056106025121,0.5374434001238134,57.05975992082625,0.9509959986804375,2.3018793745531534
230,100,30,8,800,0,0.8051675604632665,141947130.25076002,54950500.00000017,34259774.15849648,0.9850056209935446,0.6234661041937083,61.89487582087246,0.9689122158809791,2.272852659699212
231,100,30,8,800,0,0.8114557430935643,132897908.23718971,50435000.0000008,32721473.02937385,0.9407777970751338,0.6487850308193385,66.10939266492842,0.9031892113987312,2.2336729791477663
232,100,30,8,800,0,0.8953703092983287,139933178.45833057,53650666.66666686,34105372.27509198,0.9805663995806474,0.6356933546975221,62.78568168603591,0.9546332648668556,2.3585582579232023
233,100,30,8,800,0,0.8739420558669319,138572477.86151782,54679166.66666657,32785742.40841924,0.9426256113463137,0.5996020862623357,63.402200318450504,0.9448743354970046,2.298498060373805
234,100,30,8,800,0,0.8363565728351964,126463801.16304299,47487000.00000071,31460360.743309256,0.9045194526759318,0.6625047011457617,69.47284455472709,0.8539516159636936,2.2203119497154993
235,100,30,8,800,0,0.8051588010084805,140723085.08409294,53918333.33333341,34320274.15849655,0.986745061533768,0.6365232757904826,62.433253184790566,0.9602570982034663,2.2746345198443327
236,100,30,8,800,0,0.9011332584857477,134926488.41742855,49520166.66666752,34294607.49182972,0.9860071170621542,0.6925382081743625,65.1154573356934,0.9182756856673412,2.3734395106925787
237,100,30,8,800,0,0.7912634221316603,131951942.91150078,51498333.33333388,31582049.574507136,0.9080181383995305,0.6132635277744937,66.58333182628901,0.8960830351838714,2.1779572795351267
238,100,30,8,800,0,0.7987990758323351,132244281.66630521,50519333.33333383,32348722.466066457,0.930060814575842,0.6403236213080037,66.43614294166152,0.8982839580496742,2.209341930928412
239,100,30,8,800,0,0.7823286765560997,132497291.98513627,51483666.66666726,31857551.643956818,0.9159391213502015,0.6187894861921862,66.30927974728422,0.9001852869530824,2.177545552462931
240,100,30,6,800,0,0.8051675604632665,141973467.91742662,54970666.66666683,34259774.15849647,0.9850056209935443,0.6232373779681836,61.88339362894144,0.9690976542245194,2.272855117062333
241,100,30,6,800,0,0.7995618752513981,131757158.04944602,48845500.00000095,33177859.955804378,0.9538994156182773,0.6792408708233866,66.68176613753958,0.8946141518111586,2.237568723721266
242,100,30,6,800,0,0.8953703092983287,140570009.08409333,53714833.33333356,34375274.158496566,0.9883263711157876,0.6399586859960424,62.50124089231625,0.9591696198004861,2.366506877895649
243,100,30,6,800,0,0.8739420558669319,137194487.59648886,53430666.66666685,32908998.013577912,0.9461693435185863,0.6159196593762222,64.0390160998338,0.9348988522124164,2.301576635580326
244,100,30,6,800,0,0.8317735656925357,124292024.67454857,46179833.33333426,31233607.779996164,0.8980000593370546,0.6763473474351114,70.68675583172055,0.8368481914244528,2.2096996350650775
245,100,30,6,800,0,0.8051588010084805,140782943.4174263,53964166.666666746,34320274.15849655,0.986745061533768,0.6359826580940409,62.40670770712472,0.9606820335867048,2.274626961070418
246,100,30,6,800,0,0.8552073777768355,152551176.0840896,63015333.33333263,34294607.49182977,0.9860071170621555,0.5442263918596026,57.59247634483704,0.959874605747284,2.2504630970118016
247,100,30,6,800,0,0.7912634221316603,133478045.03111516,51483666.666667245,32336201.251559872,0.9297008160944279,0.6280866019299229,65.82206083368943,0.9075248346353949,2.2012575383109936
248,100,30,6,800,0,0.7784937849480866,131612654.33297275,49610000.00000077,32620055.79939977,0.9378619418471363,0.6575298488086931,66.75497918135144,0.8935231937979744,2.198040857793016
249,100,30,6,800,0,0.7823286765560997,133500072.24927501,51476333.33333394,32351625.630033966,0.9301442836849328,0.6284757195222449,65.81120033849055,0.9076891189885153,2.1927983711624113
250,100,30,8,700,0,0.8177067770774734,129007739.17775027,51432333.33333407,30187219.055350915,0.9919031427893932,0.5869307709550505,59.59177371062635,0.9931962285104391,2.280447622351953
251,100,30,8,700,0,0.7788245877778673,133664997.69799414,54853333.33333361,30279670.260936756,0.9949409397195151,0.5520114899295686,57.51543135750465,0.9585905226250776,2.1790243023466
252,100,30,8,700,0,0.8957689321525508,140201105.6201735,59816166.66666601,30306340.631288175,0.9958172849079349,0.5066580210693626,54.83408968847535,0.9139014948079225,2.2149968438159635
253,100,30,8,700,0,0.8813780025411387,126845398.07721978,52167500.00000046,28663320.193859003,0.9418302935072044,0.5494478400126276,60.60763824730867,0.9899238043467347,2.3108600788979756
254,100,30,8,700,0,0.8474924078299919,125819791.77129947,48907833.33333415,30240439.940440767,0.9936518949048452,0.6183148563203631,61.101674798301886,0.9818062940648942,2.3239505869511765
255,100,30,8,700,0,0.9045004446886509,130590251.6201777,52457166.66666692,30306340.631288294,0.9958172849079387,0.5777349894603816,58.86963157372573,0.9811605262287622,2.3478489624857186
256,100,30,8,700,0,0.9089678987027122,122515086.34441835,46343000.00000123,30262385.722017627,0.9943729977555962,0.6530087763419896,62.74982313923209,0.9552039647472506,2.3865788845235545
257,100,30,8,700,0,0.780170888135693,122783982.49290097,48700666.666667685,28890879.36858479,0.9493075195533398,0.5932337552241075,62.61240142169592,0.9573942348693475,2.2121521271843263
258,100,30,8,700,0,0.9252167536985403,124834696.36466178,48092000.00000063,30279670.260936715,0.9949409397195138,0.6296196926918473,61.583840261386364,0.9739480264576612,2.4028605343096796
259,100,30,8,700,0,0.7662305673927009,135680604.28684297,56354833.3333333,30306340.631288253,0.9958172849079374,0.5377771317684364,56.661009437628884,0.9443501572938148,2.1408024301012647
260,100,25,8,800,0,0.9287327871925412,107530417.79009664,38424833.33333408,27995242.617582828,0.8048935527661194,0.7285716082285922,81.70525308615657,0.6964535224757524,2.2080435962511675
261,100,25,8,800,0,0.7481091824647118,112169384.25242527,42208833.333334446,27847396.08870399,0.8006428048973123,0.6597528026606576,78.32618551447597,0.7368017453337405,2.0127131699269785
262,100,25,8,800,0,0.9633759107357843,123751790.71301632,43662666.66666734,32573457.644223772,0.9365221944056049,0.7460253834906236,70.99533630486611,0.8325553231668066,2.39275154069509
263,100,25,8,800,0,0.7192692416132316,125554278.52818722,48961000.00000079,30076075.741752364,0.8647197592721608,0.6142863859347619,69.9761099581132,0.8468188333966973,2.0575171837577386
264,100,25,8,800,0,0.92779901504419,98374303.96759576,34886500.00000027,25781943.208521795,0.7412587970674704,0.7390234964390694,89.30990762480027,0.613546967933119,2.1325647801285648
265,100,25,8,800,0,0.9296059141429815,127920376.29751396,45934166.66666786,33160088.48097142,0.9533884664648232,0.7219046493562284,68.68178670430275,0.8652849147489232,2.3724145483768875
266,100,25,8,800,0,0.9257513398952802,116631316.41025566,42276666.66666757,29981774.72437891,0.8620085028654917,0.709180195325513,75.32968220212462,0.7745332389666187,2.2676287351223094
267,100,25,8,800,0,0.740050696368568,132366231.3735145,51118833.33333369,32025232.653414454,0.920760132022529,0.6264859850103692,66.37493497271218,0.899200794561203,2.1404402789380663
268,100,25,8,800,0,0.7199632843212984,117368367.42652291,43743333.33333444,29406657.27664827,0.8454732532130753,0.6722546051203427,74.85662613054788,0.7806640030236263,2.0384309714411986
269,100,25,8,800,0,1.0,98610043.13426375,38366166.6666673,23679109.875188462,0.6808000607149356,0.617187275468961,89.09640155047475,0.615734123793031,2.1094839441682
270,100,35,6,800,0,0.88423708755365,144928636.25075856,57234833.33333306,34259774.158496566,0.9850056209935472,0.5985825792305397,60.62155987446556,0.9896941418231012,2.352797292761183
271,100,35,6,800,0,0.8556696823212694,141796612.7024687,54638833.33333343,34385861.250594765,0.9886307614827076,0.6293300781299266,61.960577425324054,0.9678518117864228,2.3269855566116338
272,100,35,6,800,0,0.9054666908314999,149317069.75075632,60413833.333332576,34375274.15849655,0.9883263711157871,0.5689967390221938,58.83989027286345,0.9806648378810575,2.3413289199303127
273,100,35,6,800,0,0.8728095033704307,144049002.91742635,56452000.000000045,34329440.825163044,0.987008613130766,0.6081173532410369,60.991744628987895,0.9836067784932173,2.3429101644564776
274,100,35,6,800,0,0.9299699732918679,135272934.73134553,51120666.66666706,33444449.681801334,0.9615641590398566,0.6542256168112258,64.94869071517341,0.920831531483435,2.3741819982242838
275,100,35,6,800,0,0.8941170421573531,143436425.75075936,55997333.333333276,34320274.158496596,0.9867450615337691,0.6128912238409561,61.25222344334307,0.9793458886571769,2.363775909887295
276,100,35,6,800,0,0.8984263292627735,152750466.75075623,63169333.33333259,34294607.49182981,0.9860071170621568,0.542899626799347,57.51733652202738,0.958622275367123,2.291368306069374
277,100,35,6,800,0,0.8487189782345163,141250722.88953975,55031166.66666673,33869376.55256527,0.9737812669016105,0.6154580868277412,62.20003565483082,0.9639968414184402,2.3050822891151492
278,100,35,6,800,0,0.8324094104013964,140796439.58972642,53879833.333333544,34381508.34052014,0.9885056106025136,0.6381146008343259,62.40072565472088,0.9607778191993858,2.303678910268243
279,100,35,6,800,0,0.8655904403778621,148005777.25639015,59399999.999999374,34381508.34052019,0.9885056106025147,0.5788132717259351,59.361196318575956,0.989353271976266,2.3179943297348764
280,100,35,10,700,0,0.9987619703528794,133152891.17774895,54607666.66666706,30187219.05535087,0.9919031427893916,0.5528018481290902,57.73663592281578,0.962277265380263,2.4032807142364145
281,100,35,10,700,0,0.8996780475690167,137505647.28684273,57753666.66666661,30306340.631288208,0.9958172849079359,0.5247518015818027,55.90897647980171,0.9318162746633618,2.251295763497821
282,100,35,10,700,0,0.9201220186830001,141923192.2868403,61136166.666666046,30306340.631288186,0.9958172849079352,0.49571869293879767,54.16873645614047,0.9028122742690079,2.219509247303046
283,100,35,10,700,0,0.8982345814583674,141460932.6777439,60828166.66666584,30277052.388684154,0.9948549206758259,0.49774724519646163,54.34574659219339,0.9057624432032232,2.20219482081876
284,100,35,10,700,0,0.9181281247108232,129223191.78684522,51357166.66666722,30341173.96462162,0.9969618518434953,0.5907875362663689,59.492416908267465,0.9915402818044577,2.382298435528376
285,100,35,10,700,0,0.9880293226079827,132640361.95351048,54028333.33333343,30306340.631288305,0.9958172849079391,0.5609342128751257,57.95973327255033,0.9659955545425055,2.402772247450589
286,100,35,10,700,0,0.8825857865111312,140968774.3444124,60474333.333332896,30262385.722017568,0.9943729977555942,0.5004170208080198,54.53548160401327,0.9089246934002212,2.191844096557768
287,100,35,10,700,0,0.8864621818714706,137933415.1408735,58085499.999999724,30303604.42860306,0.9957273777178193,0.5217068705374527,55.73558801649573,0.9289264669415955,2.232754145243028
288,100,35,10,700,0,0.9127623609206662,132805993.03132644,54196999.99999995,30279670.260936685,0.9949409397195128,0.558696427125795,57.887447881863224,0.9647907980310537,2.324510300652356
289,100,35,10,700,0,0.8439543679508669,142993459.28684002,61955666.66666595,30306340.63128821,0.9958172849079361,0.4891617225966185,53.76329825393296,0.8960549708988826,2.1313387169270444
290,100,30,10,700,0,0.929416564666589,127733953.84441692,50457000.00000073,30187219.055350985,0.9919031427893955,0.5982761372128852,60.18603330296914,0.9969042467073359,2.404941721144233
291,100,30,10,700,0,0.7788245877778673,133585984.69799402,54792833.333333604,30279670.260936752,0.994940939719515,0.5526209983836682,57.549450396164524,0.959157506602742,2.180078893087544
292,100,30,10,700,0,0.9570770804300622,132146568.28684375,53648833.33333338,30306340.631288126,0.9958172849079332,0.5649021376287419,58.176312103031606,0.9696052017171934,2.378603992250249
293,100,30,10,700,0,0.8813780025411387,126743600.41055301,52152833.333333775,28622986.86052567,0.9405050054765597,0.5488289903174086,60.65631696667419,0.9891209930049202,2.309562187799986
294,100,30,10,700,0,0.9507629500070098,112388378.67460227,41569000.000000745,28362989.104245763,0.9319619001610497,0.6823110756632407,68.40386960522372,0.8693021693206221,2.3659139798582247
295,100,30,10,700,0,0.9278775180175547,129390690.62017824,51538666.66666708,30306340.631288297,0.995817284907939,0.5880311345130139,59.4154027863354,0.9902567131055899,2.388559138733556
296,100,30,10,700,0,0.9136694488365681,126800943.01108345,49624666.666667424,30262385.72201757,0.9943729977555943,0.6098254709758005,60.6288866426492,0.9895732948759004,2.391103120493109
297,100,30,10,700,0,0.780170888135693,121576145.9254267,48891333.333334185,28179875.349970542,0.9259450786704541,0.5763777223632692,63.234444071911945,0.9475198416413539,2.188792907667662
298,100,30,10,700,0,0.9770460260484665,121030288.58442672,48123166.66666735,28403090.735850178,0.9332795748480247,0.5902165776535163,63.519637025712335,0.9430267620157672,2.3922460501870466
299,100,30,10,700,0,0.9277465351647632,124022330.87420858,48904166.666667596,29365538.900701895,0.9649040632693614,0.6004711030219239,61.987223960477415,0.9674220755962233,2.3755454931785254
300,100,35,10,600,0,0.8937055226083425,126257869.22680126,55762666.666666724,26085973.593688346,0.9999999999999929,0.46780355304065413,52.1931824159215,0.8698863735986916,2.1378347386395573
301,100,35,10,600,0,0.9186896625219558,126547583.560135,55984500.000000186,26085973.59368827,0.99999999999999,0.46594992531304524,52.0736928719666,0.8678948811994434,2.1593444839718354
302,100,35,10,600,0,0.9149923500636981,129674582.89346611,58378833.33333297,26085973.593688294,0.999999999999991,0.4468395838735236,50.817977223908535,0.8469662870651422,2.1194303042276594
303,100,35,10,600,0,0.9194586218589558,129133463.56013374,57964499.99999986,26085973.593688365,0.9999999999999937,0.45003361701883793,51.030924272633015,0.8505154045438836,2.1300009200179097
304,100,35,10,600,0,0.9253115010350522,120748508.22680342,51544166.66666722,26085973.593688205,0.9999999999999877,0.5060897339243935,54.57458727044724,0.909576454507454,2.239759742682021
305,100,35,10,600,0,0.978493789480062,130579640.89346515,59071833.33333276,26085973.59368823,0.9999999999999886,0.4415974944689683,50.46575373397115,0.8410958955661858,2.1728676806214224
306,100,35,10,600,0,0.9234199635423543,139754726.22679543,66097166.66666549,26085973.593688324,0.9999999999999921,0.3946609954590407,47.15260927423666,0.7858768212372776,2.0250255811468647
307,100,35,10,600,0,0.8639074778704984,129047267.56013456,57898500.00000009,26085973.593688324,0.9999999999999921,0.45054662199691325,51.06500993466776,0.8510834989111294,2.0754282743791586
308,100,35,10,600,0,0.9656147556612932,123298473.2268013,53496666.66666667,26085973.593688253,0.9999999999999893,0.4876186726965216,53.44591727326904,0.8907652878878173,2.246474981706328
309,100,35,10,600,0,0.9140136579291225,130955551.22679897,59359666.66666631,26085973.593688324,0.9999999999999921,0.4394562007932741,50.32089085393008,0.838681514232168,2.1042601327959094
310,100,35,8,700,0,0.8354133134150589,134275833.51108116,55467500.000000075,30187219.055350915,0.9919031427893932,0.5442325515905868,57.253787215296356,0.954229786921606,2.2250291416091343
311,100,35,8,700,0,0.8996780475690167,137584660.2868427,57814166.66666658,30306340.63128821,0.9958172849079361,0.5242026717434584,55.87686871466723,0.9312811452444538,2.250321330208237
312,100,35,8,700,0,0.9188612189959788,137352409.95350772,57636333.33333282,30306340.63128835,0.9958172849079406,0.5258200665891646,55.97135137710533,0.9328558562850888,2.2723731285523994
313,100,35,8,700,0,0.8982345814583674,141480087.34441063,60842833.33333251,30277052.388684154,0.9948549206758259,0.49762725911873323,54.3383888453877,0.905639814089795,2.201976202843149
314,100,35,8,700,0,0.9181281247108232,129206431.45351185,51344333.3333339,30341173.964621603,0.9969618518434948,0.5909352015078835,59.5001341149651,0.991668901916085,2.382545187833215
315,100,35,8,700,0,0.9025212047819408,133289226.28684366,54525166.666666724,30306340.631288268,0.9958172849079379,0.5558229801765222,57.67757990773802,0.9612929984623003,2.308472587385459
316,100,35,8,700,0,0.8825857865111312,140954408.34441254,60463333.33333294,30262385.722017583,0.9943729977555946,0.5005080608967051,54.54103983193901,0.9090173305323168,2.192009565760812
317,100,35,8,700,0,0.8751281240176854,142071640.95350498,61249833.33333218,30306340.631288283,0.9958172849079384,0.4947987444530002,54.11213630252884,0.9018689383754807,2.1728360579555663
318,100,35,8,700,0,0.8613091576937968,136674813.62017608,57117499.99999986,30306340.631288156,0.9958172849079342,0.5305964132059041,56.24884202413954,0.9374807004023257,2.223266988660846
319,100,35,8,700,0,0.8439543679508669,143000642.28684026,61961166.666666,30306340.63128824,0.9958172849079371,0.4891183020217809,53.760597694234804,0.8960099615705801,2.1312589711388714
320,100,25,10,700,0,0.8930479567769214,112323948.76301089,42197833.33333442,27929841.433060132,0.9177293689844234,0.6618785664285942,68.44310660961779,0.86873387494166,2.2912846848614565
321,100,25,10,700,0,0.7881875761029526,123773897.74774924,48414666.66666768,29555397.631891374,0.9711425137807367,0.610463722395915,62.11164179112876,0.9654180781565984,2.241976632176283
322,100,25,10,700,0,1.0,94467689.00196719,37172666.66666733,22418181.06489242,0.7366251330775313,0.603082400999624,81.38020609184066,0.7002367630504752,2.182702683850174
323,100,25,10,700,0,0.9883548411181553,102826155.02326536,39429500.00000046,25059001.80084443,0.8233982267742785,0.6355394260856501,74.76502450432542,0.7818567481403974,2.278643130127073
324,100,25,10,700,0,0.9350293478263446,103463934.69082136,37818000.000000305,26397410.130545136,0.8673761575048772,0.6980117967778551,74.30415267864359,0.7878854681745143,2.281324253423143
325,100,25,10,700,0,0.9738821293699347,121036063.01108415,45145833.33333435,30302719.055350985,0.9956982857862416,0.6712185116090514,63.51660661084104,0.9430743925906545,2.4539313312478304
326,100,25,10,700,0,0.9424236444764826,117099838.83344929,44597666.66666782,28731065.316468954,0.944056288551738,0.6442279936125554,65.65167020369971,0.9101057263707025,2.3679117657372295
327,100,25,10,700,0,0.948118680519009,112922369.3323658,44825000.00000082,26547382.13715426,0.8723039948261376,0.5922450002711384,68.08039935269515,0.8740013816042824,2.2959160623402024
328,100,25,10,700,0,0.98655047261715,102252714.18159424,39710000.00000045,24600351.804909248,0.8083277304965564,0.6195001713651215,75.1843123337241,0.77641207735195,2.2585626870611972
329,100,25,10,700,0,0.9694572472564514,108311962.0079369,43175000.00000109,25348989.104245566,0.8329267400528683,0.5871219248232756,70.97830985128543,0.8327916144346277,2.2719464015497
330,100,30,8,600,0,0.8560294803988509,125730554.89346837,55357500.000000186,26085973.593688354,0.9999999999999933,0.47122745054759096,52.41208078325547,0.8735346797209245,2.106546120557848
331,100,30,8,600,0,0.781081851005966,115644274.43636218,47670333.3333344,26063113.276244134,0.999123654811568,0.5467365435437179,56.983365861543774,0.9497227643590629,2.1681938502000033
332,100,30,8,600,0,0.8801926752335023,123793539.22680113,53874333.3333333,26085973.593688253,0.9999999999999893,0.4842003971035361,53.2321802992229,0.8872030049870483,2.1547559979033792
333,100,30,8,600,0,0.8672647260881242,118441577.47869723,49855666.66666722,26035420.601282425,0.9980620622717208,0.5222158751853444,55.637556846836446,0.9272926141139408,2.2123300403503405
334,100,30,8,600,0,0.7756570086714594,113770859.89347176,46200000.000001065,26085973.593688324,0.9999999999999921,0.5646314630668339,57.921685800479096,0.9653614300079849,2.192723609132911
335,100,30,8,600,0,0.9617725563845588,119735144.22680287,50766833.33333371,26085973.593688283,0.9999999999999906,0.5138388960053596,55.0364727294901,0.9172745454915017,2.290118218680348
336,100,30,8,600,0,0.8451122374736559,126796033.22680098,56173333.33333342,26085973.5936883,0.9999999999999913,0.46438357928474244,51.97165741149628,0.8661942901916047,2.0828133910930546
337,100,30,8,600,0,0.8104882590167354,125301969.22680172,55029333.333333544,26085973.593688253,0.9999999999999893,0.47403760891805863,52.59135224022051,0.8765225373370085,2.0662408834881907
338,100,30,8,600,0,0.9471789507553984,115023096.2268044,47158833.3333342,26085973.593688335,0.9999999999999926,0.5531513769499781,57.291102536538624,0.9548517089423104,2.344551761257691
339,100,30,8,600,0,0.8621516059628598,128129676.8934668,57194499.99999989,26085973.593688324,0.9999999999999921,0.456092344433265,51.430708012157694,0.8571784668692949,2.0842039483787667
340,100,25,8,700,0,0.8808045720643352,117877125.7541074,44121000.000001095,29414234.465968825,0.9665041207022641,0.6666719808247341,65.21876022017037,0.9166960371250699,2.3308381938491927
341,100,25,8,700,0,0.7886233439520328,124427682.74774978,48161666.666667834,30035730.965224735,0.9869254894184152,0.6236439277134099,61.78528628219616,0.9706835437595183,2.258222029882279
342,100,25,8,700,0,0.9422536605531595,107831289.57331915,40258166.66666729,26973543.471604057,0.8863069662890272,0.670014203451978,71.29470518640818,0.8284116498881576,2.3066766732028996
343,100,25,8,700,0,0.8402491984532081,123488750.97610408,48722666.66666752,29219919.461249594,0.9601192442577419,0.5997192161331293,62.255063228290666,0.9631131399298498,2.2831377112895614
344,100,25,8,700,0,0.943173503009533,104366209.69082154,37180000.00000035,27244410.130545102,0.8952072061484143,0.7327705790894257,73.66177254855411,0.7963661518474017,2.325756118128475
345,100,25,8,700,0,0.986152536019008,124194188.67775075,47564000.00000095,30302719.05535089,0.9956982857862384,0.6370935803412304,61.90144709546511,0.9688061052213254,2.4646335055133175
346,100,25,8,700,0,0.9420336823288225,114909384.5582691,42696500.00000124,28873802.940425266,0.9487464157720346,0.6762569049084686,66.90315181439,0.8913193214593206,2.374358527714918
347,100,25,8,700,0,0.7106219536931851,109043025.26766428,41996166.66666778,26457148.983728494,0.8693390794988031,0.6299896177125958,70.50244599440462,0.8394227996804883,2.05403644754375
348,100,25,8,700,0,1.0,96626203.26766248,36826166.666667305,23692482.31706198,0.7784966090346183,0.6433599926789801,79.56226923978546,0.7217778887971341,2.236465882940318
349,100,25,8,700,0,1.0,109567267.79241383,43382166.66666783,25829587.502395816,0.8487184252912698,0.5953964379156211,70.165115502974,0.8441554729314825,2.3204726232639796
350,100,30,6,700,0,0.77735868697874,124860753.84441805,48257000.000001125,30187219.055350956,0.9919031427893945,0.6255510921804143,61.5709881872036,0.9741566696741174,2.2519562303971887
351,100,30,6,700,0,0.7788245877778673,133600350.69799419,54803833.33333363,30279670.260936756,0.9949409397195151,0.5525100785699892,57.54326212345355,0.9590543687242259,2.179887019358085
352,100,30,6,700,0,0.8957689321525508,140284907.28684026,59880333.3333327,30306340.631288182,0.9958172849079351,0.5061150956288681,54.801333576681714,0.913355559611362,2.214016568267007
353,100,30,6,700,0,0.8813780025411387,127773625.74388668,52182166.66666716,29106986.86052571,0.9564084618442971,0.5577956746498727,60.16734639282804,0.9972147793969215,2.3248293216579583
354,100,30,6,700,0,0.8474924078299919,125736481.45351292,48686000.000000894,30341173.96462159,0.9969618518434943,0.6232012070127149,61.14215946819158,0.9811440491179063,2.3271974225580703
355,100,30,6,700,0,0.7950133678461455,132089104.28684443,53604833.333333574,30306340.63128828,0.9958172849079383,0.5653658214518245,58.20162110650087,0.9700270184416813,2.2173330434492864
356,100,30,6,700,0,0.8423749870600882,138676836.34441292,58717999.999999695,30262385.72201757,0.9943729977555943,0.5153851582481986,55.436799703930724,0.9239466617321788,2.178629775390826
357,100,30,6,700,0,0.780170888135693,123193715.66270635,48708000.000001095,29086172.602587584,0.9557245390282935,0.597153909061898,62.404157214062174,0.9607228713357014,2.2186168867209126
358,100,30,6,700,0,0.7827322550979547,127498352.43993242,50919000.00000054,29777764.001917902,0.9784491126719944,0.5848065359083562,60.297249751693144,0.9950580890944323,2.2456355729190722
359,100,30,6,700,0,0.7662305673927009,135608774.2868432,56299833.33333336,30306340.631288227,0.9958172849079365,0.5383024928662585,56.69102195215308,0.944850365869218,2.141722927554926
360,100,35,6,700,0,0.8354133134150589,134311748.5110812,55495000.000000075,30187219.055350915,0.9919031427893932,0.5439628625164586,57.23847753620548,0.9539746256034246,2.2245582290316506
361,100,35,6,700,0,0.8755894026564416,136016371.9535102,56613333.33333341,30306340.631288256,0.9958172849079375,0.5353216079478607,56.52113704832281,0.9420189508053801,2.2458656398201104
362,100,35,6,700,0,0.9188612189959788,137436211.62017456,57700499.99999954,30306340.631288327,0.99581728490794,0.5252353208601064,55.9372228714102,0.9322870478568367,2.2713365235409007
363,100,35,6,700,0,0.8982345814583674,141518396.6777439,60872166.666665815,30277052.388684127,0.994854920675825,0.49738746042144966,54.323679327049874,0.9053946554508312,2.2015392052463585
364,100,35,6,700,0,0.9181281247108232,128916717.12017873,51122500.00000065,30341173.96462161,0.996961851843495,0.5934994173724139,59.63384867172253,0.9938974778620422,2.3868251364707964
365,100,35,6,700,0,0.9025212047819408,132163889.62017812,53663500.00000035,30306340.631288227,0.9958172849079365,0.5647477453257433,58.16868754463674,0.9694781257439457,2.323797526786481
366,100,35,6,700,0,0.8825857865111312,140944831.01107925,60455999.99999962,30262385.722017597,0.9943729977555952,0.5005687726944851,54.54474594670084,0.9090790991116807,2.1921199037784
367,100,35,6,700,0,0.8751281240176854,141216863.9535057,60595333.33333232,30306340.63128828,0.9958172849079383,0.5001431457530632,54.43967373847882,0.9073278956413137,2.1825705362614496
368,100,35,6,700,0,0.8613091576937968,136262988.2868431,56802166.666666634,30306340.631288197,0.9958172849079355,0.5335419828108942,56.418841951540394,0.9403140325256732,2.2284567764681853
369,100,35,6,700,0,0.8439543679508669,142928812.28684023,61906166.666666,30306340.63128823,0.9958172849079368,0.4895528549598757,53.787615505903375,0.896460258431723,2.1320569103504905
370,100,30,8,900,0,0.7945069357359991,130587994.6238701,47921500.0000011,33196200.890125457,0.8483793220879244,0.6927204050400069,75.68689624546349,0.7699357025847131,2.118618962352718
371,100,30,8,900,0,0.8645149094268582,142262401.36488792,52096000.000000566,36233052.88671855,0.9259906863123585,0.6955054684950507,69.47584115812234,0.8539089677901701,2.2748282520130685
372,100,30,8,900,0,0.8360648422974734,157030846.6571011,59960999.9999991,38427662.594975516,0.9820772699157386,0.6408776136985056,62.94177360950403,0.9521529834894902,2.300919916745768
373,100,30,8,900,0,0.8248212299358649,136693385.04099226,51535000.00000049,33872706.21815047,0.8656684430171042,0.6572757585747578,72.30635189139547,0.8145610784549553,2.1652029152506262
374,100,30,8,900,0,0.8065110245047196,134505169.5104766,49573333.33333399,34055098.18308508,0.8703297466427109,0.6869640569476457,73.48267755039818,0.7987467896574768,2.154829059720313
375,100,30,8,900,0,0.8312207615190038,146585852.67133453,53874333.33333352,37209601.43387072,0.950947867321145,0.6906740024724932,67.42669786941055,0.8835757098276262,2.2673356733246246
376,100,30,8,900,0,0.8371696960065996,149173547.4137045,54919333.33333352,37806441.230049536,0.9662010146121021,0.6883994931362861,66.25705543214815,0.9009691540463897,2.288858444562018
377,100,30,8,900,0,0.8505375222458338,139669859.21730128,51258166.66666732,35501802.6113387,0.907302475123472,0.6926077329727278,70.7654468572391,0.835751370125169,2.240375078749185
378,100,30,8,900,0,0.7906417180779391,141202300.8340018,52138166.66666693,35688801.9362297,0.9120815268290278,0.6845043509948794,69.99744297098565,0.8465178002981686,2.184762999172011
379,100,30,8,900,0,0.7999497711812632,150367367.55342028,55630666.666666694,37935684.18094404,0.9695040144772804,0.6819203589317167,65.73101704722357,0.9089029549026469,2.2543890132292836
380,100,40,8,700,0,0.9673577268552688,145211314.8444107,63842166.66666585,30187219.05535086,0.9919031427893913,0.47284139357244936,52.94215542526582,0.8823692570877636,2.228000098800992
381,100,40,8,700,0,0.9319270228573537,140458843.36465833,60058166.666666344,30279670.26093671,0.9949409397195136,0.5041724038796312,54.73347078646365,0.9122245131077275,2.2474894590687864
382,100,40,8,700,0,0.9758360841295806,145907923.95350462,64188666.66666544,30306340.631288227,0.9958172849079365,0.472144729048048,52.6893933632406,0.87815655605401,2.231708423422029
383,100,40,8,700,0,0.935188947287629,140724039.01107922,60265333.333332956,30277052.388684165,0.9948549206758263,0.502395833790864,54.63032509601816,0.9105054182669694,2.2476110325872893
384,100,40,8,700,0,0.9759434183924631,131800055.45351097,53331666.666666895,30341173.964621626,0.9969618518434955,0.5689147904238537,58.329262256734566,0.9721543709455761,2.4032296216771223
385,100,40,8,700,0,0.8911543058908151,139989131.95350713,59656666.666666,30306340.63128829,0.9958172849079386,0.5080126383967474,54.917120298690435,0.9152853383115073,2.2128497549197204
386,100,40,8,700,0,0.9408232106720871,143136207.0110778,62135333.33333265,30262385.72201753,0.994372997755593,0.48703988694598666,53.709680873442565,0.8951613478907094,2.225616468119586
387,100,40,8,700,0,0.940845567431613,146812981.95350432,64881666.666665435,30306340.631288156,0.9958172849079342,0.467101759068387,52.36457905633118,0.8727429842721863,2.1872699589585087
388,100,40,8,700,0,0.9344700915180518,140726586.62017444,60221333.33333285,30306340.631288186,0.9958172849079352,0.5032492466338909,54.62933610938506,0.9104889351564176,2.247558423981582
389,100,40,8,700,0,0.9225716158645343,147871277.28683808,65691999.999998875,30306340.63128824,0.9958172849079371,0.4613398987896359,51.989812633371265,0.8664968772228544,2.1581404121190975
390,100,40,10,700,0,0.9673577268552688,145716519.1777438,64228999.99999915,30187219.05535086,0.9919031427893913,0.46999360188312533,52.75860309717175,0.8793100516195291,2.222662659981298
391,100,40,10,700,0,0.9319270228573537,140379830.3646582,59997666.66666633,30279670.26093671,0.9949409397195136,0.5046807974910728,54.764277603340574,0.9127379600556762,2.248409620905888
392,100,40,10,700,0,0.9758360841295806,146097076.28683785,64333499.99999871,30306340.631288223,0.9958172849079364,0.47108179457496996,52.62117624384389,0.8770196040640649,2.229721123853621
393,100,40,10,700,0,0.935188947287629,141705715.6777459,61016999.999999695,30277052.3886841,0.9948549206758243,0.4962068339755192,54.251869539848954,0.9041978256641492,2.2363522401321934
394,100,40,10,700,0,0.9759434183924631,131816815.78684431,53344500.00000024,30341173.964621626,0.9969618518434955,0.5687779239588241,58.32184576838537,0.9720307628064229,2.4029965203659454
395,100,40,10,700,0,0.8911543058908151,139936456.62017384,59616333.33333269,30306340.63128829,0.9958172849079386,0.508356333520824,54.93779237862804,0.9156298729771339,2.2134692456846086
396,100,40,10,700,0,0.9408232106720871,143749156.3444116,62604666.6666661,30262385.722017515,0.9943729977555924,0.4833886566818947,53.48066169919383,0.8913443616532305,2.2188784976708336
397,100,40,10,700,0,0.940845567431613,147061992.62017035,65072333.333331965,30306340.63128806,0.995817284907931,0.46573311696146386,52.27591346362307,0.8712652243937178,2.1846972853945017
398,100,40,10,700,0,0.9289216473685012,143314860.95350748,62203166.66666617,30306340.631288145,0.9958172849079339,0.48721539843290484,53.642727270928205,0.8940454545154701,2.212739420630295
399,100,40,10,700,0,0.9225716158645343,147864094.28683794,65686499.99999883,30306340.63128821,0.9958172849079361,0.4613785272664665,51.992338214892285,0.8665389702482048,2.158213407925912
400,100,30,10,600,0,1.0,110171819.6337888,43776333.33333414,25874293.948488187,0.9918853078479096,0.5910566732820864,59.81384370254118,0.996897395042353,2.4697427336680224
401,100,30,10,600,0,0.781081851005966,115663429.10302885,47685000.00000107,26063113.276244134,0.999123654811568,0.5465683815926087,56.97392902064179,0.9495654836773632,2.1679020399574163
402,100,30,10,600,0,0.9547069610696628,118497273.89346975,49819000.00000045,26085973.59368835,0.9999999999999931,0.5236149580218012,55.6114059292562,0.9268567654876033,2.3004556929747073
403,100,30,10,600,0,0.8672647260881242,119528307.35841846,50655000.00000038,26056309.10610856,0.9988628184616754,0.5143877032101148,55.13171018342774,0.9188618363904624,2.1976367250466784
404,100,30,10,600,0,0.9211923709374618,102839977.6164566,39341500.00000074,25122732.36527753,0.9630743615931568,0.6385809479881819,64.07819364349503,0.934288600792006,2.3663457301200133
405,100,30,10,600,0,0.9691684493710938,117944182.89347067,49395500.000000656,26085973.593688324,0.9999999999999921,0.5281042522838716,55.8721917294728,0.9312031954912133,2.3228550466894045
406,100,30,10,600,0,0.8837861635244993,137101243.8934634,64063999.99999909,26085973.593688324,0.9999999999999921,0.40718615125013574,48.065209423779585,0.8010868237296598,2.010621908254268
407,100,30,10,600,0,0.826196987558909,125912524.22680175,55496833.333333574,26085973.593688335,0.9999999999999926,0.4700443615765744,52.33633461378336,0.872272243563056,2.0745047203832248
408,100,30,10,600,0,0.9709681470962229,114196544.52038984,47054333.33333435,25749187.49978136,0.987089379942152,0.5472224485123043,57.705774090418195,0.96176290150697,2.3705090074130366
409,100,30,10,600,0,0.9010825784768062,119998520.89346978,50968500.000000484,26085973.593688298,0.9999999999999911,0.5118057936507461,54.91567688446909,0.9152612814078183,2.2257884948052213
410,100,40,10,600,0,0.9543973875184026,128561778.8934668,57528166.66666639,26085973.59368824,0.9999999999999888,0.45344698267263334,51.257847057799836,0.8542974509633307,2.17145242461984
411,100,40,10,600,0,0.9690669440735726,136914259.43635374,63959499.99999912,26063113.276244164,0.9991236548115691,0.40749401224594506,48.13085230953134,0.8021808718255223,2.097243025695851
412,100,40,10,600,0,0.9471666987079369,142803273.56012735,68432833.33333173,26085973.593688272,0.9999999999999902,0.38119090388418153,46.146000968425724,0.7691000161404288,2.021219437955711
413,100,40,10,600,0,0.963836966156178,125049291.89346877,54838666.66666696,26085973.593688335,0.9999999999999926,0.47568577391296035,52.69761947643768,0.878293657940628,2.2226792432271743
414,100,40,10,600,0,0.9417862455408117,122121022.22680253,52596500.00000037,26085973.593688242,0.999999999999989,0.4959640583249467,53.961225347110656,0.8993537557851776,2.237911247985947
415,100,40,10,600,0,0.9171300620010948,134961831.8934626,62428666.66666544,26085973.593688197,0.9999999999999872,0.41785248647024403,48.827138069687116,0.8137856344947852,2.0651976856720755
416,100,40,10,600,0,0.927671376786504,132229897.56013337,60336833.33333322,26085973.5936883,0.9999999999999913,0.43233912276395603,49.835930614732554,0.8305988435788759,2.1041415185765446
417,100,40,10,600,0,0.9122529123962397,130884282.22679871,59306499.99999955,26085973.59368828,0.9999999999999903,0.4398501613429974,50.34829154337319,0.8391381923895532,2.103271233860191
418,100,40,10,600,0,0.9191186434260852,133185133.51625475,61092166.66666557,26070732.3163782,0.9994157290217446,0.4267442740838897,49.478495279623225,0.8246415879937204,2.0851556506869176
419,100,40,10,600,0,0.9106581582326397,136290686.89346278,63446166.66666558,26085973.59368831,0.9999999999999916,0.41115129509303827,48.35106602075598,0.805851100345933,2.0454302946530034
420,100,35,10,500,0,0.9519213554376917,111215227.2445578,51065666.66666718,21738311.32807361,0.9999999999999921,0.4256932837080372,49.379928774714934,0.8229988129119156,2.1154747953160373
421,100,35,10,500,0,0.9323103295913582,120617774.24455506,58265166.6666665,21738311.328073613,0.9999999999999923,0.3730927511533251,45.53060305080129,0.7588433841800215,1.9896279146940399
422,100,35,10,500,0,0.9533304718996458,122411129.91122195,59638333.33333323,21738311.328073673,0.999999999999995,0.36450232783288783,44.86356758558556,0.747726126426426,1.992658460592382
423,100,35,10,500,0,0.8829284900537814,117802038.24455474,56109166.66666644,21738311.328073688,0.9999999999999957,0.38742887516431557,46.618887769998764,0.7769814628333127,1.9698530530185465
424,100,35,10,500,0,0.8839914519627025,113980682.2445571,53183166.66666694,21738311.32807362,0.9999999999999926,0.4087442078114975,48.18184881730035,0.8030308136216725,2.014017631833573
425,100,35,10,500,0,0.8783316038106185,120850024.57788639,58442999.99999939,21738311.328073658,0.9999999999999943,0.3719574855512873,45.44310205299628,0.7573850342166046,1.933282626468253
426,100,35,10,500,0,0.8702755989989974,122631408.5778866,59806999.9999995,21738311.32807362,0.9999999999999926,0.3634743646742656,44.782980670991854,0.7463830111831976,1.9074381019216076
427,100,35,10,500,0,0.8701606164948043,118065414.91122158,56310833.333333164,21738311.32807357,0.9999999999999902,0.38604137146032236,46.5148918006981,0.7752481966783017,1.9542419103413637
428,100,35,10,500,0,0.8240146041090342,120303391.91918388,58054333.33333266,21719261.06353683,0.9991236548115701,0.3741195500227445,45.64958570485878,0.760826428414313,1.8841366725415427
429,100,35,10,500,0,0.8292991047616886,117869392.76354754,56180666.666666366,21725610.26364866,0.9994157290217517,0.38670972689861477,46.592248176054085,0.7765374696009014,1.9152043558814817
430,100,30,10,500,0,0.902116868925216,102091531.58585858,44108166.66666788,21719261.063536845,0.9991236548115706,0.4924090640101322,53.79290441324624,0.8965484068874373,2.192592527020759
431,100,30,10,500,0,0.8541803401720934,113854891.25252107,53115333.33333358,21719261.06353685,0.9991236548115708,0.4089075545706214,48.23508186239997,0.8039180310399996,1.98522441486859
432,100,30,10,500,0,0.9415651174505428,125839254.24455214,62261833.3333324,21738311.32807362,0.9999999999999927,0.34914345055810997,43.64139022412994,0.7273565037354991,1.94823638163253
433,100,30,10,500,0,0.8334790138630876,113139246.12784769,52800000.0000005,21570983.956977185,0.9923026509018434,0.40854136282153375,48.54018554970969,0.8090030924951616,1.9693151966154763
434,100,30,10,500,0,0.9380531946915415,101045932.57789274,43277666.666667424,21738311.328073658,0.9999999999999943,0.5022985988479033,54.3495404504933,0.9058256741748884,2.2457177479447523
435,100,30,10,500,0,0.8932497351383742,103650967.24456063,45272333.33333438,21738311.328073673,0.999999999999995,0.4801676813964343,52.98358660795032,0.883059776799172,2.1604436570546937
436,100,30,10,500,0,0.8091505518750132,116199668.2445559,54880833.33333344,21738311.32807366,0.9999999999999944,0.3961002413363552,47.261752834283996,0.7876958805713999,1.9137266255154972
437,100,30,10,500,0,0.8175214593664372,114262652.57788934,53397666.666666746,21738311.328073613,0.9999999999999922,0.4071022702878449,48.06294861968489,0.8010491436614148,1.9442524192581279
438,100,30,10,500,0,0.9424753925841693,102135667.43022005,44132000.000000924,21725610.263648637,0.9994157290217506,0.49228700860256014,53.76965890737478,0.8961609817895797,2.232465981255797
439,100,30,10,500,0,0.9241461533875223,109330639.0968853,49641166.66666738,21725610.263648733,0.9994157290217551,0.43765309565612726,50.23111586435842,0.8371852644059737,2.111453894318398
440,100,35,8,600,0,0.8937055226083425,126293784.22680126,55790166.66666672,26085973.593688346,0.9999999999999929,0.46757296405916793,52.17833989490636,0.8696389982484393,2.137402892104116
441,100,35,8,600,0,0.9186896625219558,126528428.89346838,55969833.33333352,26085973.59368827,0.99999999999999,0.46607202559155103,52.08157611399992,0.8680262685666654,2.159573551561862
442,100,35,8,600,0,0.9149923500636981,129732046.89346607,58422833.33333298,26085973.593688365,0.9999999999999937,0.4465030554895236,50.79546771825346,0.8465911286375577,2.1187859230928745
443,100,35,8,600,0,0.9194586218589558,129150223.89346705,57977333.333333194,26085973.593688365,0.9999999999999937,0.44993400168494174,51.024301788557246,0.8504050298092874,2.1298108530161968
444,100,35,8,600,0,0.9253115010350522,120703015.89347017,51509333.33333391,26085973.593688197,0.9999999999999872,0.5064319785479894,54.59515614602383,0.9099192691003972,2.2403763529738407
445,100,35,8,600,0,0.844902067334319,124426204.22680126,54360166.666666724,26085973.593688205,0.9999999999999877,0.4798729509724617,52.96151273720656,0.8826918789534427,2.111492307065731
446,100,35,8,600,0,0.8710199668895637,129449515.56013289,58206499.999999784,26085973.593688298,0.9999999999999911,0.44816255218383505,50.90633187374776,0.8484388645624626,2.0779888731990943
447,100,35,8,600,0,0.8616435708213503,125266615.22680178,55003666.66666688,26085973.59368827,0.99999999999999,0.4742588117220337,52.60619509890022,0.8767699183150037,2.117820538513981
448,100,35,8,600,0,0.8497070666935977,129262654.51625688,58087333.333332725,26070732.31637822,0.9994157290217454,0.4488195759783285,50.97992165379232,0.8496653608965387,2.0584280883727994
449,100,35,8,600,0,0.9140136579291225,130682597.2267992,59150666.666666366,26085973.59368832,0.9999999999999919,0.4410089533004156,50.425995043268266,0.8404332507211377,2.1072540712905927
450,100,25,10,800,0,0.9400909974604048,101352707.79009664,37456833.33333409,25597242.617582675,0.735948454990077,0.6833797825296362,86.68539984344135,0.640980230585501,2.1277750540696148
451,100,25,10,800,0,0.751155999131149,115711274.25242527,43281333.33333445,28892396.088704113,0.8306876869556811,0.6675486604395282,75.92864270800175,0.7668397897812662,2.052034717264038
452,100,25,10,800,0,0.9478531770904534,128745757.98193273,48110333.33333377,32175856.181193113,0.9250907216180552,0.6687930419908299,68.241471701405,0.8716582372210525,2.35454584790417
453,100,25,10,800,0,0.9907731331557772,102568445.3599226,39394666.66666729,24955430.629536424,0.7174956650527616,0.6334723134147439,85.6579230500158,0.6520512923941336,2.1496022762817057
454,100,25,10,800,0,0.9504189708732185,87821160.63426211,32547166.66666686,22122609.875188578,0.6360489995437951,0.6797092386491946,100.04194816542143,0.513058296042936,2.00724465783551
455,100,25,10,800,0,0.974772521497121,109780918.41345768,39981333.33333415,28101495.24001382,0.8079484307654793,0.7028653848465928,80.03030150386297,0.7161695356629224,2.2532343650373177
456,100,25,10,800,0,0.9670113719788157,109427534.24679105,40340666.66666747,27699995.240013607,0.796404870816733,0.6866518956887109,80.28875054595908,0.7130912813470083,2.2294241698767925
457,100,25,10,800,0,0.9608424864690279,113812133.9830924,43101666.66666736,28080050.748213664,0.8073318783952044,0.6514841053682351,77.19563540830535,0.7508165559216939,2.23284632668531
458,100,25,10,800,0,0.9542374552809696,115719312.61357369,41138166.666667484,30262339.489297763,0.8700750437953672,0.735626838563471,75.92336837791966,0.7669072021803729,2.309646128312119
459,100,25,10,800,0,1.0,98811168.9675973,39501000.00000067,23053943.20852185,0.6628258417993187,0.5836293564345576,88.9150497033497,0.6175980145524339,2.08450149970008
460,100,20,10,800,0,0.9490230068119393,92205217.79009569,34259500.00000047,23169909.284249432,0.6661599921036314,0.6763061131729627,95.28528005867076,0.5553881718452378,2.0454560691955472
461,100,20,10,800,0,0.6627414373374088,106169738.13426444,39079333.3333342,26913109.875188466,0.7737810641376659,0.6886788381374948,82.75239399092514,0.6844042230681054,1.89808873091551
462,100,20,10,800,0,1.0,106774175.3824516,39286500.000000454,27076056.474271927,0.7784659553829045,0.6891949263556594,82.28394149175467,0.6897686517972181,2.2411245928817456
463,100,20,10,800,0,0.9712940077164204,85351933.62342803,32759833.333333507,20781075.9509163,0.5974784459246024,0.6343462049842397,102.936156534694,0.4888974090744562,1.9676683807782682
464,100,20,10,800,0,0.9662876176655272,69184694.86555256,25838999.99999974,17301998.144893534,0.49745119008361677,0.6696078851694612,126.99051455055991,0.3274209667788082,1.8293948925799044
465,100,20,10,800,0,0.9864299103618823,113509714.00343524,39904333.33333393,29969491.460923996,0.8616553457345877,0.7510335083305125,77.40130505248307,0.7482472923684517,2.335504009394744
466,100,20,10,800,0,0.9404964451740275,110350412.8700021,40311333.33333392,28168201.498291843,0.8098663079544919,0.6987663063726852,79.61728254111817,0.7211164023565552,2.220625892628731
467,100,20,10,800,0,0.9657122838072053,78909118.12342843,30763333.33333361,18909242.6175829,0.5436612098165462,0.6146681964757631,111.34074501070188,0.42499448631782527,1.882441327305641
468,100,20,10,800,0,0.9675209068470441,83661145.7901561,30548833.33333358,21365155.09524404,0.6142713540624758,0.6993771206290649,105.0164914312442,0.47223673724008386,1.9992593405903798
469,100,20,10,800,0,0.923778319259893,97134932.13426374,37896833.33333396,23257443.208521836,0.6686766872527894,0.6137041320564546,90.44943777647283,0.6020043368630136,2.0167459617680703
470,100,25,10,900,0,0.9618343812551252,93391515.5347601,34331000.00000062,23704195.31548276,0.6057967060432805,0.6904603802826115,105.83188358605523,0.46586251227080827,1.9800651977520227
471,100,25,10,900,0,0.8503504877568233,111226548.50724848,41145500.00000094,28065003.501177058,0.7172437811040682,0.6820916868473204,88.86187814553902,0.6181455679443986,2.014169405179078
472,100,25,10,900,0,0.9519450532015565,111873837.5025284,41644166.66666729,28063066.131052278,0.7171942686686382,0.6738774809849765,88.34773366719115,0.6234652633357578,2.1145123013252958
473,100,25,10,900,0,0.956792040989297,123706846.18052492,43825833.33333406,32447522.944780853,0.8292457203292192,0.7403743517662029,79.89695239321362,0.7177629818899185,2.266854504292178
474,100,25,10,900,0,0.9524312545914693,101369120.95720814,36045166.66666701,26505026.82147716,0.6773762082339918,0.7353281805182454,97.50306510177136,0.5352340853715307,2.075927884377596
475,100,25,10,900,0,0.9639750615343217,117615478.63814381,41334333.33333427,31062716.4331256,0.7938548870989475,0.7514991516283855,84.0348576092483,0.669930729897904,2.235105112734934
476,100,25,10,900,0,0.9633220883537413,122458385.04100081,44826833.33333425,31200198.81616925,0.7973684581642527,0.6960161246314955,80.711500455365,0.7080846188672358,2.2282196069261735
477,100,25,10,900,0,0.9348444916022651,129071520.81795372,48922500.00000068,31817180.324361995,0.8131363574908604,0.6503588394779816,76.57614892397838,0.7586087247044969,2.2137402878891472
478,100,25,10,900,0,0.9473878015186159,99402065.86809303,35872833.33333384,25654861.982149452,0.6556489547919759,0.7151612961196008,99.4325411014681,0.518295871979121,2.0378127103934176
479,100,25,10,900,0,0.9724079424541304,118446183.69271466,44694833.333334416,29326206.942920487,0.7494757501918178,0.6561431099699021,83.4454913772619,0.6765437315574796,2.1738661619875317
480,100,25,8,900,0,0.9340256196359308,100433556.73220018,35676666.66666741,26283307.336357765,0.6717098301113306,0.7367086051487587,98.41133104898931,0.5271928538404927,2.0505853575954305
481,100,25,8,900,0,0.8503504877568233,110420451.69271377,40217833.33333421,28262873.609587137,0.7223006521897092,0.7027448091332582,89.51059200070448,0.6114982412326269,2.0240445762960566
482,100,25,8,900,0,0.9811171829720884,111684611.67714298,40126166.666667305,28938264.849751484,0.7395613009118704,0.7211818933551513,88.49742011524393,0.6219117969028631,2.1799744945590724
483,100,25,8,900,0,0.754684629420065,126570223.10803352,46790333.33333461,31955448.726872947,0.816670016477221,0.682949798609515,78.08945704048985,0.7397145202415779,2.0407589885492547
484,100,25,8,900,0,0.9557043180503145,101865651.79054159,35387000.000000365,27166860.15481055,0.6942903640594433,0.7677073545316154,97.02779912824087,0.5394905635872845,2.1093607652628914
485,100,25,8,900,0,0.9830843437100388,105697055.58890013,36569500.000000566,28283043.072505966,0.7228161134418746,0.7734052440559902,93.51064648803666,0.5720603565067246,2.1738688954615557
486,100,25,8,900,0,0.9284163363332858,112912944.24687847,39090333.33333417,30197967.584289353,0.7717549171481621,0.7725175256701667,87.53469379373873,0.631971131914511,2.1784014887839303
487,100,25,8,900,0,0.7132856426383755,128385125.50852224,46893000.000001416,32775760.94445306,0.8376343408393522,0.6989478375120396,76.98555390159984,0.7534500415085483,2.0258939541565555
488,100,25,8,900,0,0.690546153900948,123952858.48958623,45323666.66666754,31612892.38144636,0.8079154688989657,0.6974919441964628,79.73837893242596,0.7196624601757223,1.9682021694338405
489,100,25,8,900,0,0.9166115107454902,137609847.82140735,49921666.66666727,35347397.66784071,0.903356422328894,0.7080572430375646,71.82480146934965,0.8211249205810723,2.3041822257566142
490,100,20,10,900,0,1.0,84247254.08021028,31104333.333333712,21297134.2509559,0.5442806054236166,0.6846999105469433,117.31895725158962,0.3846905807476363,1.9324505091851911
491,100,20,10,900,0,0.9632508268161156,113092010.92223445,40320500.000000864,29500376.405839354,0.7539269152925652,0.7316470878545337,87.39609384783516,0.6334326720877753,2.182001169187518
492,100,20,10,900,0,1.0,106083296.91370557,38734666.66666726,27090607.896715518,0.6923416218149783,0.699389209408844,93.17018124012556,0.5753156950371293,2.1348270625642045
493,100,20,10,900,0,0.9050668798350647,104510144.38855669,37181833.33333371,27312593.16181317,0.69801479234857,0.7345682209093032,94.5726374968268,0.5620240564422829,2.0547455130047902
494,100,20,10,900,0,0.9478563755856824,76684059.20142424,27617333.333333194,19828528.648816295,0.5067481591873262,0.7179740494671123,128.88989058388853,0.3172183810534353,1.8394539962128074
495,100,20,10,900,0,0.9715758650092379,98255119.9573938,33359333.333333664,26696273.283256344,0.6822638019719909,0.8002639925834673,100.59323121569538,0.5083658804239238,2.1201529394999357
496,100,20,10,900,0,0.8825692532176707,107940928.18673028,38259833.33333409,28299862.951062646,0.7232459709793303,0.7396755418274714,91.56675012930883,0.5908976236858691,2.065207310365517
497,100,20,10,900,0,0.8953806034832217,94543569.18052368,35013000.000000335,23830856.278114043,0.6090337192776503,0.6806288029621518,104.5422770228575,0.4759838834061856,1.9158675292591287
498,100,20,10,900,0,0.9872032904181423,101235778.70142551,35581333.333333574,26734695.31548288,0.6832457353492916,0.7513685635393849,97.63149083043331,0.5340896801104692,2.1223878213601193
499,100,20,10,900,0,0.9913644729550231,104736582.12387633,40034500.00000075,25604860.154810436,0.6543710821666885,0.639569874853188,94.36817394241504,0.5639425473687628,2.066962920206336
500,100,20,8,800,0,0.8709330267050075,112175076.12343065,39304833.33333429,29700242.61758288,0.8539141498087167,0.7556384316835204,78.32221116866137,0.7368505520323911,2.212294324084215
501,100,20,8,800,0,0.6585213114365908,102627848.13426441,38006833.33333419,25868109.87518834,0.743736182079297,0.680617341842592,85.60834276195527,0.6525903299255472,1.8556055148362116
502,100,20,8,800,0,0.9662659929835505,116259743.12312473,40397500.000000454,30997287.19202375,0.8912055864245239,0.767307065833861,75.57044049800979,0.7714315444055253,2.3515431900561645
503,100,20,8,800,0,0.9291026905296869,105147799.45676303,37887666.66666734,27173909.284249358,0.7812793296746284,0.7172230880123402,83.55667018607211,0.6752912702058106,2.1781724311453696
504,100,20,8,800,0,0.923006185390875,82370394.86555319,28962999.999999907,21745998.144893464,0.6252210043107677,0.7508199476882067,106.66210856874464,0.4594607271599063,1.9831228707013466
505,100,20,8,800,0,0.8909940899917195,116278949.49426772,40126166.66666734,31179604.27571124,0.8964474000863569,0.7770391957627992,75.55795815332095,0.771592049007913,2.2842174956098718
506,100,20,8,800,0,0.9221139054888357,104442962.69325505,36732666.66666706,27566097.296203148,0.7925551598792756,0.7504518402204083,84.12055511871638,0.6689745563234315,2.1914499339885936
507,100,20,8,800,0,0.8975861946918142,112155932.90360488,41413166.66666759,28347081.78148756,0.8150093098790682,0.6844944268486335,78.33557951456004,0.7366863957696311,2.181868131940352
508,100,20,8,800,0,0.9648650240674167,106530680.36633395,36424666.66666714,28781307.483162005,0.8274937692030103,0.7901598042488139,82.47201622844894,0.6876099026568216,2.284602770123289
509,100,20,8,800,0,0.9844330336942075,99843150.4675968,37629166.666667245,24749776.541855104,0.7115828872449091,0.6577285317290592,87.99602134801779,0.6271306694723188,2.1377465285497737
510,100,25,6,900,0,0.7496833979300901,138498980.60803175,48011333.33333415,36998948.72687326,0.9455643175182624,0.770629477627629,71.36370214862667,0.8274595659620868,2.19364654599428
511,100,25,6,900,0,0.8503504877568233,110325050.52604727,40159166.66666759,28253706.942920476,0.7220663841034843,0.7035431580897635,89.5879943210765,0.6107098934619333,2.0238949076905675
512,100,25,6,900,0,0.9444497859089939,139733314.73377153,48020500.000000715,37595514.10465435,0.9608104516303618,0.7829055112848428,70.73331094185535,0.8361991172760399,2.406973312212908
513,100,25,6,900,0,0.754684629420065,129856660.62387817,46801333.333334655,33552360.154810876,0.857481512923835,0.7169103477424417,76.11315393846311,0.7644852360971306,2.092698143711149
514,100,25,6,900,0,0.736505158408332,123151858.67714426,44218166.66666769,31926598.18308494,0.8159326970212463,0.7220244661828479,80.25701037863696,0.7134686084181769,2.027593339772787
515,100,25,6,900,0,0.6889540557280049,140324408.46166173,49740166.6666673,36787905.05693508,0.9401707760637533,0.7396015639325954,70.43535838385786,0.8403619057669941,2.1209972126410754
516,100,25,6,900,0,0.734852240073185,146635343.43412572,52680833.333333634,37993578.21740323,0.970983584490932,0.7212030602667576,67.40394074529641,0.8839109007583343,2.195725589044925
517,100,25,6,900,0,0.7132856426383755,130120010.67518882,46924166.666668065,33602594.27778646,0.8587653222168554,0.7161042308217613,75.9591084316183,0.7664505164671789,2.0526195437629635
518,100,25,6,900,0,0.690546153900948,122316757.1182863,44047666.66666765,31627706.743915766,0.8082940724274406,0.7180336471227775,80.80495455288992,0.706982587184376,1.971955658783546
519,100,25,6,900,0,0.9426200472858696,124071116.19271477,43919333.3333345,32565706.942920737,0.8322660918637638,0.7414890999313865,79.66237673438742,0.720574636595848,2.2563859638268267
520,100,30,6,900,0,0.7945069357359991,133132549.45720348,47939833.33333446,34426367.556792215,0.879818099259331,0.7181161293870039,74.24029690933867,0.7887244317457692,2.1577242709913715
521,100,30,6,900,0,0.8720127586855702,140962278.36488792,51100500.00000057,36233052.886718616,0.92599068631236,0.70905476241364,70.11663059542276,0.844837895288621,2.2840944639051033
522,100,30,6,900,0,0.8360648422974734,155103408.32376882,58485166.66666609,38427662.594975516,0.9820772699157386,0.6570497236332158,63.723938157233626,0.9398211987057663,2.3015258199098123
523,100,30,6,900,0,0.8248212299358649,136244962.70765945,50702666.66666734,34184372.88481714,0.8736335579487567,0.6742125243540777,72.54433340928465,0.8113366359654459,2.175527885384573
524,100,30,6,900,0,0.8065110245047196,136826264.82291892,49573333.33333399,35187892.38144648,0.8992800225267459,0.7098149350748926,72.23613107316531,0.8155149556201615,2.1898779281847953
525,100,30,6,900,0,0.8312207615190038,145955624.17133465,53797333.33333355,36951101.43387071,0.944341507289598,0.6868574917072202,67.71784270812057,0.8792986201992765,2.2600053750840567
526,100,30,6,900,0,0.8371696960065996,150351197.49043807,54941333.333333574,38367162.594975576,0.9805311005466546,0.6983296594241507,65.73808632703829,0.9087958730558232,2.3046292966017434
527,100,30,6,900,0,0.8505375222458338,140927836.31976348,51298500.00000073,36090041.63970799,0.922335816732814,0.7035301546771832,70.13376674267377,0.8445966419652499,2.2579582879528304
528,100,30,6,900,0,0.7906417180779391,143840852.50066844,52196833.333333604,36939135.269563116,0.9440356937901294,0.7076892008690743,68.71344147486938,0.8648285285586579,2.2216216073318567
529,100,30,6,900,0,0.7999497711812632,150439882.1422117,55300666.66666677,38181411.16424876,0.9757839406713883,0.6904331080562384,65.6993335760313,0.9093830349896586,2.261679292615913
530,100,20,6,900,0,0.6716312523157365,120874396.43841147,41814666.66666767,32346156.713067416,0.8266551523534351,0.7735600757246254,81.7691776854997,0.6957119090673133,1.9861912219627502
531,100,20,6,900,0,0.597836419379118,104131966.42223477,37328500.000000946,27034543.072505783,0.6909088000980154,0.7242333089329894,94.91609867351512,0.5588160230974213,1.736039089622931
532,100,20,6,900,0,0.9820075338976756,99577070.62387438,33929500.000000186,26978026.82147717,0.6894644414832056,0.7951200819781318,99.25779035349812,0.5198076155848289,2.13791121506501
533,100,20,6,900,0,0.6740977331546905,112092804.69658026,40348000.00000097,28995192.791561738,0.7410161809097564,0.7186277582918866,88.17515117722392,0.6252611647329205,1.8742611045211202
534,100,20,6,900,0,0.8821122939682119,87521645.5001586,28852999.99999993,24330141.939234644,0.6217937225115057,0.8432447904631999,112.92977803967466,0.41388671936218907,1.970594845700961
535,100,20,6,900,0,0.6456102265893539,132595205.22193521,45433666.666667834,35759721.76115121,0.9138939906464583,0.7870754087163768,74.54115692537066,0.7847794034361043,2.0600499569985598
536,100,20,6,900,0,0.7541652873881698,141591098.7706019,51278333.33333409,36424806.623035446,0.9308912442214637,0.7103352284532436,69.80523553965203,0.8492339320141197,2.1716674021648843
537,100,20,6,900,0,0.621702408692737,116081644.34719308,40571666.66666783,30799356.27811409,0.7871243184259493,0.759134608177625,85.14524458697501,0.6576467079993965,1.8866568032342337
538,100,20,6,900,0,0.6837712707612214,112238692.9572029,39719166.666667655,29467200.890124995,0.7530790646115544,0.7418886991618051,88.06054079557694,0.6264566631858474,1.903738893276513
539,100,20,6,900,0,0.8988208646149876,132312338.15960854,46132166.666667975,35176457.69949806,0.8989877918660206,0.7625147536136476,74.70051650116831,0.7826978004740613,2.291530467979967
540,100,25,6,800,0,0.7365216848537925,128715359.59487343,46156000.00000139,33406681.43559586,0.9604782810467516,0.7237776548139971,68.25758812043071,0.8714241351732114,2.186967943878202
541,100,25,6,800,0,0.7481091824647118,113234165.91909191,42201500.00000112,28371729.42203737,0.815717956245897,0.6722919664475581,77.58965616682893,0.7459020884537072,2.0318448440764656
542,100,25,6,800,0,0.9388135933967483,130955813.46417987,47329333.33333428,33752255.14763812,0.9704138996312313,0.7131360779989319,67.08980508454606,0.8885508354816322,2.3978732912775262
543,100,25,6,800,0,0.7192692416132316,126938394.01006219,48427500.000000894,31091627.95350187,0.8939179855172572,0.6420242208146466,69.21310190282985,0.8576564236045456,2.0905450418694946
544,100,25,6,800,0,0.7758047465859722,117716386.66304334,43068666.666667536,30006527.40997586,0.862720169391222,0.696713637369207,74.63531840430056,0.7835487695202383,2.1167244260015763
545,100,25,6,800,0,0.7633966438151589,133840341.35364293,49401000.000000745,33839581.26906158,0.9729246202233675,0.684997900225928,65.64388517797862,0.910223820640073,2.2216187846359743
546,100,25,6,800,0,0.753640703289979,142180757.41742632,55073333.33333341,34294607.491829835,0.9860071170621574,0.6227080406457411,61.79317201276333,0.970555976327854,2.222363112134426
547,100,25,6,800,0,0.740050696368568,134115721.27085534,51124333.33333369,32875553.247529093,0.9452077702636519,0.6430509916516374,65.5090985363044,0.912270885953952,2.1667623756438297
548,100,25,6,800,0,0.7083320133668355,112354577.2214198,41543333.33333433,28361957.322962113,0.8154369978112761,0.6827077908118776,78.19708121624292,0.7383888567834357,1.9928871027997732
549,100,25,6,800,0,0.9452289235757415,111936158.13426463,41028166.6666676,28486109.875188533,0.8190065181834175,0.6943061849831916,78.489383113021,0.7348003971037725,2.235474268666067
550,100,30,4,900,0,0.7945069357359991,133049272.60803345,47067166.666667975,34941948.72687329,0.8929945589693576,0.7423847918089891,74.28676464183256,0.7881138309548111,2.1765286001380018
551,100,30,4,900,0,0.8720127586855702,141582177.8648879,50974000.000000566,36616219.55338541,0.9357830923165713,0.7183312973944561,69.80963387519104,0.8491716806994305,2.2958494773005658
552,100,30,4,900,0,0.8360648422974734,155172843.9904356,58538333.333332784,38427662.594975576,0.9820772699157401,0.6564529669158546,63.695423411903235,0.9402679508915177,2.3014951667216748
553,100,30,4,900,0,0.8248212299358649,137013280.57879412,49630166.66666755,35242939.439787544,0.9006868336914602,0.7101112449710407,72.13753264097626,0.8168561989565964,2.209766424869294
554,100,30,4,900,0,0.8065110245047196,136449794.24703947,49459666.66666738,35076607.89671599,0.8964359785342708,0.7091962049221686,72.43543352000655,0.8128105476313722,2.186678536073827
555,100,30,4,900,0,0.8312207615190038,144775173.2704788,53190500.00000032,36761776.60833504,0.9395030238838011,0.6911342553338439,68.26999254585186,0.8712439952000445,2.2553721609861235
556,100,30,4,900,0,0.8371696960065996,150332042.8237716,54926666.66666697,38367162.594975576,0.9805311005466546,0.6985161292931551,65.74646239315989,0.9086690130055347,2.3046516124466585
557,100,30,4,900,0,0.8505375222458338,141132556.47414184,50187500.00000095,36898087.591088094,0.9429866580359121,0.7352047340689891,70.0320340460275,0.8460299082716899,2.2847312177727153
558,100,30,4,900,0,0.7906417180779391,144021708.62310866,52244500.00000025,36997018.849735685,0.9455149965774985,0.7081514580431529,68.62715415955091,0.8660731521700669,2.223236036682528
559,100,30,4,900,0,0.7999497711812632,151046997.89260846,55333666.66666686,38456676.049752176,0.9828187528094083,0.6949959828510439,65.43526278507828,0.9133942137632324,2.269340771225331
560,100,35,8,500,0,0.8535473430764023,115807558.57788916,54582000.0,21738311.328073587,0.9999999999999911,0.39826886754009727,47.42177511933608,0.7903629186556014,1.9625253557640816
561,100,35,8,500,0,0.9086654257494085,120261018.57788727,57991999.99999959,21738311.328073613,0.9999999999999922,0.3748501746460506,45.665670097773415,0.7610945016295569,1.9696400670958059
562,100,35,8,500,0,0.9533304718996458,121606633.9112217,59022333.333333164,21738311.328073688,0.9999999999999957,0.36830653924345724,45.16036521501994,0.7526727535836656,2.000648456878077
563,100,35,8,500,0,0.8829284900537814,116384592.91122207,55023833.33333328,21738311.3280737,0.9999999999999962,0.39507082678851985,47.18665815318986,0.7864443025531643,1.9854294540377615
564,100,35,8,500,0,0.8839914519627025,113968710.57789044,53174000.00000027,21738311.328073625,0.9999999999999928,0.4088146712316831,48.186910004976326,0.8031151667496055,2.0141583556976546
565,100,35,8,500,0,0.8783316038106185,120658477.91122033,58296333.333332844,21738311.328073647,0.9999999999999939,0.37289328650870834,45.51524347954089,0.7585873913256815,1.9352336243432666
566,100,35,8,500,0,0.8702755989989974,122617042.57788683,59795999.99999959,21738311.328073602,0.9999999999999918,0.3635412289797604,44.78822751341101,0.7464704585568501,1.9075790407396558
567,100,35,8,500,0,0.8701606164948043,118101329.9112217,56338333.333333194,21738311.328073572,0.9999999999999903,0.38585293603657,46.50074647024091,0.7750124411706819,1.9538554064947422
568,100,35,8,500,0,0.8240146041090342,117949762.25251842,56252166.666666314,21719261.06353685,0.9991236548115708,0.38610532448001084,46.56050080238921,0.7760083467064868,1.9089072103995295
569,100,35,8,500,0,0.8292991047616886,117876575.76354769,56186166.66666642,21725610.26364864,0.9994157290217507,0.3866718723229396,46.58940900197316,0.776490150032886,1.9151267526529263
570,100,40,8,500,0,0.9195825587426268,122586477.24455197,59773999.99999917,21738311.32807362,0.9999999999999926,0.36367503141957913,44.799394871623726,0.7466565811937288,1.9571791650720192
571,100,40,8,500,0,0.9485590362915818,127918657.57788463,63856833.33333241,21738311.32807364,0.9999999999999936,0.34042263283867746,42.93197023785416,0.7155328372975693,1.936429979860093
572,100,40,8,500,0,0.9968095927300059,126185160.2445512,62529499.99999891,21738311.328073617,0.9999999999999925,0.34764889097264484,43.52175794171598,0.725362632361933,2.000291337870055
573,100,40,8,500,0,0.9198148324223802,123563365.24455377,60521999.99999964,21738311.328073706,0.9999999999999966,0.359180320017082,44.44521229355283,0.7407535382258804,1.947912626661926
574,100,40,8,500,0,0.8811865896006713,115840029.94981804,54611333.333333574,21736356.897584263,0.9999100928098774,0.3980191577618352,47.40848221792631,0.7901413702987719,1.9897432861089115
575,100,40,8,500,0,0.9202071848763235,123456404.2831468,60443166.66666603,21736356.89758429,0.9999100928098785,0.35961644791803626,44.4837190252567,0.7413953170876116,1.9492956602983642
576,100,40,8,500,0,0.9204342644939073,125672772.91121823,62137166.6666658,21738311.32807364,0.9999999999999936,0.34984394194683177,43.69920288048146,0.7283200480080243,1.928629466059397
577,100,40,8,500,0,0.9283274060929977,122871402.91121921,59992166.666666016,21738311.32807364,0.9999999999999936,0.3623524959326447,44.69550985731076,0.7449251642885126,1.9631345671276261
578,100,40,8,500,0,0.8917320381351873,118335810.91918506,56549166.66666631,21719261.06353689,0.9991236548115727,0.38407747352958976,46.40860579178782,0.7734767631964636,1.9724707801553227
579,100,40,8,500,0,0.955262081736307,122779693.58585122,59951833.333332986,21719261.063536912,0.9991236548115737,0.36227851353231405,44.72889481647036,0.745481580274506,1.9905664728366643
580,100,35,6,500,0,0.8535473430764023,115841079.24455583,54607666.666666664,21738311.328073587,0.9999999999999911,0.3980816734171683,47.40805278933982,0.7901342131556637,1.9621468949658007
581,100,35,6,500,0,0.9086654257494085,120196371.57788727,57942499.99999959,21738311.328073613,0.9999999999999923,0.37517040735338947,45.69023114346936,0.761503852391156,1.970305604023276
582,100,35,6,500,0,0.9533304718996458,117165145.5778887,55621499.999999866,21738311.32807368,0.9999999999999953,0.3908256938067785,46.87230125403785,0.7812050209006308,2.0471960478456994
583,100,35,6,500,0,0.8829284900537814,116583322.5778884,55175999.99999988,21738311.328073684,0.9999999999999956,0.3939812840378739,47.106223073467234,0.7851037178911205,1.9832172351752013
584,100,35,6,500,0,0.8839914519627025,113968710.57789037,53174000.00000025,21738311.328073625,0.9999999999999928,0.40881467123168314,48.186910004976355,0.8031151667496059,2.0141583556976546
585,100,35,6,500,0,0.8783316038106185,120684815.57788703,58316499.999999516,21738311.328073647,0.9999999999999939,0.3727643347607251,45.50531045436885,0.7584218409061475,1.9349649125253463
586,100,35,6,500,0,0.8702755989989974,121443819.24455282,58897666.66666609,21738311.328073602,0.9999999999999918,0.36908612103604244,45.22090983437452,0.7536818305729086,1.9192263264007399
587,100,35,6,500,0,0.8701606164948043,118108512.91122183,56343833.3333332,21738311.328073572,0.9999999999999903,0.38581527102475494,46.497918436480525,0.7749653072746754,1.9537781405892836
588,100,35,6,500,0,0.8240146041090342,117913847.2525187,56224666.6666664,21719261.063536834,0.9991236548115702,0.3862941721344772,46.574682515777994,0.7762447085962999,1.909294650412916
589,100,35,6,500,0,0.8292991047616886,117850238.09688109,56165999.99999976,21725610.26364864,0.9994157290217507,0.3868107086787154,46.599820998964454,0.7766636833160743,1.9154113550207352
590,100,35,4,500,0,0.8535473430764023,115891360.244556,54646166.6666667,21738311.328073587,0.9999999999999911,0.3978012119436296,47.387484178381435,0.7897914029730239,1.96157971560433
591,100,35,4,500,0,0.9086654257494085,120256229.9112206,57988333.33333292,21738311.328073613,0.9999999999999923,0.37487387683856704,45.66748852890476,0.7611248088150794,1.9696893360353416
592,100,35,4,500,0,0.9533304718996458,117215426.57788837,55659999.99999981,21738311.328073673,0.999999999999995,0.39055535982884926,46.852194803478014,0.7808699133913002,2.0466446731540255
593,100,35,4,500,0,0.8829284900537814,116612054.57788867,55197999.999999925,21738311.328073684,0.9999999999999956,0.3938242568222347,47.09461658898963,0.7849102764831605,1.9828981719947296
594,100,35,4,500,0,0.8839914519627025,113990259.57789037,53190500.00000025,21738311.328073625,0.9999999999999928,0.408687854561877,48.177800632583114,0.8029633438763852,2.0139050794885893
595,100,35,4,500,0,0.8783316038106185,120687209.91122037,58318333.33333287,21738311.328073647,0.9999999999999939,0.3727526162968847,45.50440766705821,0.7584067944509701,1.9349404912990966
596,100,35,4,500,0,0.8702755989989974,121424664.57788622,58882999.999999434,21738311.328073602,0.9999999999999918,0.3691780535651005,45.22804340527833,0.7538007234213054,1.919418765272383
597,100,35,4,500,0,0.8701606164948043,116525858.5778895,55132000.000000104,21738311.328073576,0.9999999999999906,0.3942957144321544,47.12945321341795,0.7854908868902992,1.971088074930827
598,100,35,4,500,0,0.8240146041090342,117944973.58585204,56248499.99999975,21719261.063536834,0.9991236548115702,0.386130493498261,46.56239119848989,0.7760398533081648,1.9089588522158079
599,100,35,4,500,0,0.8292991047616886,117847843.76354785,56164166.66666645,21725610.26364864,0.9994157290217507,0.3868233351095519,46.600767774918744,0.7766794629153124,1.9154372357646425
600,100,30,6,500,0,0.7833962117426299,112035922.5778917,51692666.6666673,21738311.32807364,0.9999999999999936,0.42052988808354586,49.01820660406387,0.8169701100677311,1.9367902322771977
601,100,30,6,500,0,0.8199536060971724,112511670.25252134,52086833.33333367,21719261.063536845,0.9991236548115706,0.41698179124353313,48.810936569283854,0.8135156094880642,1.967054648580063
602,100,30,6,500,0,0.9359413057422032,122429723.57788683,59651166.66666615,21738311.328073665,0.9999999999999947,0.3644239089161238,44.85675405863552,0.7476125676439253,1.9750930005190277
603,100,30,6,500,0,0.8334790138630876,113163189.46118125,52818333.33333389,21570983.95697719,0.9923026509018436,0.40839955741965156,48.529915303278635,0.8088319217213106,1.9690305815201197
604,100,30,6,500,0,0.767329761903702,104891231.91122723,46222000.00000112,21738311.328073636,0.9999999999999934,0.47030226576247486,52.35709315196035,0.8726182191993391,2.016189793713021
605,100,30,6,500,0,0.8094286997852644,114056739.91122372,53240000.00000035,21738311.328073576,0.9999999999999906,0.4083078761847001,48.14971920356967,0.8024953200594944,1.938570320792519
606,100,30,6,500,0,0.8091505518750132,116242766.24455626,54913833.3333335,21738311.328073647,0.9999999999999939,0.3958622082730869,47.244230135113334,0.7874038355852222,1.9132441540787049
607,100,30,6,500,0,0.8175214593664372,114305750.57788959,53430666.66666678,21738311.32807361,0.9999999999999921,0.40685083462818283,48.044826898344084,0.8007471149724014,1.9437492420413847
608,100,30,6,500,0,0.8238167031332784,113615457.91918829,52932000.00000039,21719261.06353691,0.9991236548115736,0.4103238317754241,48.33673252372203,0.8056122087287004,1.9576879772823181
609,100,30,6,500,0,0.7590978671820319,116305018.91122244,54961500.000000045,21738311.32807363,0.999999999999993,0.39551888736795054,47.21894249629917,0.7869823749383195,1.8624953520147116
610,100,35,6,400,0,0.8437676565794023,109312686.59564386,56430000.00000008,17390649.062459026,1.000000000000001,0.3081809155140705,40.19478559019419,0.6699130931699032,1.7602254821605618
611,100,35,6,400,0,0.8821858487266216,111139462.06868166,57852666.66666667,17375408.850829564,0.9991236548115768,0.3003389446322768,39.534112530477536,0.658901875507959,1.781358879940402
612,100,35,6,400,0,0.8893533441296508,116869202.59563941,62215999.999998964,17390649.062459044,1.0000000000000022,0.27952052627072355,37.59587558068904,0.6265979263448174,1.739567691491047
613,100,35,6,400,0,0.9152247498249073,108591992.26231119,55878166.66666691,17390649.062459026,1.000000000000001,0.3112244030159475,40.46154701155573,0.6743591168592622,1.8385633890969275
614,100,35,6,400,0,0.8709709974202458,107718060.59564435,55209000.000000045,17390649.062459018,1.0000000000000007,0.3149966321153979,40.789817192249615,0.6798302865374936,1.8027985896500578
615,100,35,6,400,0,0.8911375309408888,106832157.2623122,54530666.66666708,17390649.062459,0.9999999999999996,0.318915027552549,41.128065861401694,0.6854677643566949,1.831737317339623
616,100,35,6,400,0,0.8503753180995398,105302178.26231265,53359166.666667245,17390649.06245898,0.9999999999999986,0.32591680396917977,41.72563257955442,0.6954272096592403,1.806535970934124
617,100,35,6,400,0,0.9162655333226012,103525582.92897914,51998833.33333389,17390649.062459044,1.000000000000002,0.33444306242368627,42.44168326020675,0.7073613876701125,1.8911813709316627
618,100,35,6,400,0,0.8625561626872343,108283022.40201463,55665499.99999988,17375408.850829616,0.9991236548115798,0.3121396349773137,40.57699815292792,0.6762833025487986,1.788551173217884
619,100,35,6,400,0,0.9036922555423309,108728368.40201485,56006500.00000002,17375408.85082957,0.9991236548115772,0.31023914814940345,40.410796782623095,0.6735132797103849,1.8253968537722385
620,100,35,6,300,0,0.8486070634639855,104031741.613396,59207499.99999942,13042986.796844337,1.0000000000000056,0.2202928142016546,31.680715413261957,0.528011923554366,1.5528532383796754
621,100,35,6,300,0,0.8834063862987498,100935267.87290233,56836999.999999866,13042693.609682228,0.9999775214706107,0.22947540527618027,32.65261062317752,0.5442101770529587,1.6111968875726528
622,100,35,6,300,0,0.8869957572454998,106651142.28006314,61213166.66666596,13042986.796844304,1.0000000000000029,0.21307485802636886,30.90262260244072,0.5150437100406786,1.5724993537072736
623,100,35,6,300,0,0.8892435636371303,103756393.2800642,58996666.66666649,13042986.79684429,1.000000000000002,0.22108006322692236,31.764789578834144,0.5294131596472357,1.5955207738659039
624,100,35,6,300,0,0.8872604545318907,97557464.28006689,54250166.66666695,13042986.796844328,1.0000000000000049,0.24042298113082775,33.78316589429235,0.5630527649048725,1.6426516043414257
625,100,35,6,300,0,0.8892811066161017,105501862.28006291,60333166.666666016,13042986.796844339,1.0000000000000058,0.2161826987949328,31.239258992898552,0.5206543165483092,1.5828815822003572
626,100,35,6,300,0,0.8709574398775224,110790944.61339593,64382999.999999136,13042986.796844328,1.0000000000000049,0.20258432811214921,29.747918582160903,0.49579864303601506,1.5288235454032568
627,100,35,6,300,0,0.8936720651377839,102640633.94673032,58142333.333333,13042986.796844305,1.000000000000003,0.22432857522363592,32.110090061510085,0.5351681676918347,1.6083030930085274
628,100,35,6,300,0,0.815758887389146,99679989.25812706,55887333.333333105,13035366.158189334,0.9994157290217625,0.23324365971161123,33.063807736428785,0.5510634622738131,1.5534172774322481
629,100,35,6,300,0,0.8468716749176087,104429200.94672957,59511833.333332784,13042986.796844339,1.0000000000000058,0.21916627444140452,31.560138065991925,0.5260023010998655,1.548206995570598
630,100,40,6,400,0,0.9169380918709936,119939298.92897211,64568166.666665465,17390649.06245898,0.9999999999999986,0.2693378170738311,36.63353078795301,0.6105588464658835,1.742967191995942
631,100,40,6,400,0,0.9734575037518256,115852171.9289749,61438666.66666628,17390649.062458992,0.9999999999999991,0.28305707148254794,37.92591823564337,0.6320986372607229,1.8320017981985868
632,100,40,6,400,0,0.9742387067645308,119357475.9289716,64122666.66666522,17390649.062458992,0.9999999999999991,0.27120907420869456,36.812105532582684,0.6135350922097114,1.8047410583411978
633,100,40,6,400,0,0.944853196790567,111990112.26230988,58481499.999999955,17390649.06245903,1.0000000000000013,0.2973700924644382,39.233820836866215,0.6538970139477702,1.8366462847098877
634,100,40,6,400,0,0.952843688521262,107701861.26231092,55198000.00000001,17390649.062459,0.9999999999999996,0.31505940545778827,40.79595234940997,0.6799325391568328,1.8848237520443254
635,100,40,6,400,0,0.9225684084387895,112904747.59564243,59181833.33333309,17390649.06245899,0.999999999999999,0.2938511378062366,38.91598974859742,0.6485998291432903,1.806249147827069
636,100,40,6,400,0,0.9469392193946954,112184053.26230834,58629999.99999963,17390649.06245898,0.9999999999999986,0.29661690367489496,39.16599438359062,0.6527665730598436,1.836999315394455
637,100,40,6,400,0,0.9711092898483943,118483544.26230726,63453499.999999344,17390649.06245899,0.9999999999999988,0.27406918550527815,37.08363070463772,0.618060511743962,1.8084251499965789
638,100,40,6,400,0,0.879523629535055,114377161.7353453,60333166.66666601,17375408.85082963,0.9991236548115807,0.28799099750269735,38.41501164512819,0.6402501940854698,1.7501666216226828
639,100,40,6,400,0,0.9374666329698111,121409419.59563915,65693833.33333221,17390649.06245903,1.000000000000001,0.2647227019653188,36.189943207321114,0.6031657201220185,1.752410514664085
640,100,40,6,300,0,0.8443421192140973,105890305.28006329,60631999.99999945,13042986.796844337,1.0000000000000056,0.21511721198120556,31.12466236907264,0.5187443728178773,1.5351802616169392
641,100,40,6,300,0,0.926315652741196,110453904.61339663,64126333.33333257,13042986.796844332,1.000000000000005,0.20339517509984698,29.83869163825162,0.4973115273041937,1.5863433201252672
642,100,40,6,300,0,0.9671878865216585,111995855.28006294,65306999.99999885,13042986.796844304,1.0000000000000029,0.19971805161536332,29.42787473481356,0.4904645789135593,1.6174269067275084
643,100,40,6,300,0,0.8809656328076538,101910923.2800653,57585000.0,13042986.796844328,1.0000000000000049,0.2264997273047552,32.340007272259584,0.5390001212043264,1.6011655358557846
644,100,40,6,300,0,0.9384352901290416,98082384.28006575,54653500.00000008,13042986.79684432,1.0000000000000042,0.23864870130630794,33.60236421852398,0.5600394036420664,1.6893936548161543
645,100,40,6,300,0,0.8982676628627446,107235920.61339656,61662333.3333327,13042986.796844311,1.0000000000000036,0.2115227577642393,30.734104590586867,0.5122350765097811,1.579720945583917
646,100,40,6,300,0,0.9291787511394098,106468485.2581264,61086666.666666225,13035366.158189343,0.9994157290217632,0.21339134821875103,30.955639051401292,0.5159273175233549,1.6158191472377657
647,100,40,6,300,0,0.9350575385648002,100685024.61339721,56646333.333333105,13042986.796844332,1.000000000000005,0.2302529754237294,32.733765648416586,0.5455627608069431,1.6648226797107268
648,100,40,6,300,0,0.8987017003862233,107356782.92479119,61766833.33333238,13035366.158189295,0.9994157290217596,0.21104151621052553,30.699504122705253,0.5116584020450875,1.5791933153997313
649,100,40,6,300,0,0.9697854246935426,112060502.28006251,65356499.99999873,13042986.79684432,1.0000000000000042,0.19956678825892718,29.410897978692887,0.49018163297821477,1.6196204882788992
650,100,45,6,400,0,0.9792482210995775,121769130.59563802,65970666.66666516,17390649.062459003,0.9999999999999997,0.263611843583907,36.08303663258144,0.6013839438763573,1.7915216398430605
651,100,45,6,400,0,1.0,123143477.92897348,67022999.99999899,17390649.062459003,0.9999999999999999,0.2594728535347458,35.68033056963236,0.5946721761605394,1.802250458988336
652,100,45,6,400,0,1.0,117172010.5956395,62450666.666665636,17390649.062458992,0.9999999999999991,0.27847019080328916,37.49871643973918,0.6249786073289862,1.8477547599716175
653,100,45,6,400,0,0.9735542017018352,121117871.92897311,65471999.999999024,17390649.062459048,1.0000000000000024,0.26561963988360376,36.277057464951554,0.6046176244158592,1.7906675380245773
654,100,45,6,400,0,1.0,104647152.0686841,52884333.33333376,17375408.850829564,0.9991236548115768,0.32855493783595824,41.98680913089898,0.6997801521816497,1.962624102450416
655,100,45,6,400,0,0.9728495899081845,122781933.5956377,66746166.666665025,17390649.062458996,0.9999999999999992,0.2605490312171649,35.78539506040249,0.5964232510067082,1.7777120658886247
656,100,45,6,400,0,0.9817333973842571,121060407.92897245,65427999.9999989,17390649.06245898,0.9999999999999986,0.265798267751716,36.29427717258225,0.6049046195430374,1.7992766311286674
657,100,45,6,400,0,0.998540142280475,118405092.26230642,63394833.333332516,17390649.06245899,0.9999999999999988,0.27432281383276574,37.10820131169933,0.6184700218616556,1.8364684152083433
658,100,45,6,400,0,0.986007907721547,115141615.92897528,60895999.99999967,17390649.062459074,1.0000000000000038,0.28557949721589543,38.15996470563954,0.635999411760659,1.8504709172549223
659,100,45,6,400,0,0.9905919893617595,124067690.59563875,67730666.66666524,17390649.06245903,1.000000000000001,0.25676181733226794,35.41453845804438,0.590242307634073,1.7862437508616469
660,100,40,8,400,0,0.9169380918709936,119912961.26230548,64547999.99999881,17390649.06245898,0.9999999999999986,0.2694219660169068,36.64157697172296,0.610692949528716,1.7431686142132352
661,100,40,8,400,0,0.9734575037518256,117322292.59564024,62564333.33333262,17390649.06245897,0.9999999999999978,0.27796426711373096,37.450683095185916,0.6241780515864319,1.8200069690292422
662,100,40,8,400,0,0.9742387067645308,119259308.26230484,64047499.99999858,17390649.06245899,0.9999999999999988,0.2715273673829482,36.84240722188375,0.6140401203647291,1.8055007210356186
663,100,40,8,400,0,0.944853196790567,114398811.59564292,60325833.33333318,17390649.06245902,1.0000000000000009,0.2882786378824837,38.407741642723025,0.6401290273787171,1.815605134475271
664,100,40,8,400,0,0.952843688521262,108053828.26231138,55467500.00000006,17390649.062459003,0.9999999999999999,0.31352862599646614,40.663066461038426,0.6777177743506404,1.8813843636690752
665,100,40,8,400,0,0.9225684084387895,112844889.2623092,59135999.99999978,17390649.062458992,0.9999999999999991,0.2940788870139857,38.936632653221565,0.6489438775536928,1.8067753956036707
666,100,40,8,400,0,0.9469392193946954,113103477.26230761,59333999.999999456,17390649.06245897,0.9999999999999978,0.29309753366466323,38.84761199525259,0.6474601999208766,1.8288774462473025
667,100,40,8,400,0,0.9711092898483943,118442840.59564051,63422333.33333266,17390649.06245899,0.9999999999999988,0.27420386713080835,37.09637473994964,0.6182729123324939,1.808745295885535
668,100,40,8,400,0,0.879523629535055,114288571.40201215,60265333.333332725,17375408.850829616,0.9991236548115796,0.2883151538335437,38.44478888921209,0.6407464814868682,1.7509222340887582
669,100,40,8,400,0,0.9374666329698111,121418996.92897238,65701166.66666551,17390649.06245903,1.000000000000001,0.26469315454762604,36.18708860336149,0.6031181433893581,1.7523392999972702
670,100,40,8,300,0,0.8443421192140973,106596633.61339754,61172833.33333297,13042986.796844337,1.0000000000000056,0.21321534554027655,30.91842479710137,0.5153070799516895,1.530221475598008
671,100,40,8,300,0,0.9708607419714345,109649408.61339684,63510333.33333269,13042986.796844333,1.0000000000000053,0.20536794742342923,30.05761765319109,0.5009602942198516,1.6361153941300293
672,100,40,8,300,0,0.9671878865216585,112122754.94672962,65404166.666665494,13042986.796844304,1.0000000000000029,0.1994213436480021,29.394568493842844,0.48990947489738074,1.616634436337441
673,100,40,8,300,0,0.8809656328076538,101896557.28006537,57574000.00000001,13042986.796844328,1.0000000000000049,0.22654300199472552,32.34456676432558,0.5390761127387597,1.601276147142194
674,100,40,8,300,0,0.9384352901290416,98072806.9467325,54646166.66666677,13042986.79684432,1.0000000000000042,0.23868072716618055,33.605645668835486,0.5600940944805914,1.6894739663425775
675,100,40,8,300,0,0.8982676628627446,107437044.61339663,61816333.33333268,13042986.796844311,1.0000000000000036,0.2109958014900773,30.676569816860333,0.5112761636143389,1.5783404676691455
676,100,40,8,300,0,0.9291787511394098,107595593.55150898,61955666.66666615,13031556.63812225,0.9991236548115818,0.2103367995091494,30.631365943645356,0.5105227657274226,1.6079709564741522
677,100,40,8,300,0,0.9350575385648002,100644320.94673054,56615166.666666426,13042986.796844333,1.0000000000000053,0.23037972975753357,32.7470041925606,0.5457834032093434,1.6651447255801703
678,100,40,8,300,0,0.8987017003862233,107603399.2581247,61955666.66666571,13035366.15818929,0.9994157290217591,0.21039828734831073,30.629143899941873,0.5104857316656979,1.5775060619305699
679,100,40,8,300,0,0.9697854246935426,113018235.61339639,66089833.33333218,13042986.79684432,1.0000000000000042,0.19735239353775363,29.161665656098236,0.48602776093497063,1.6136951004587161
680,100,40,6,200,0,0.9539812456028226,93749595.29781999,58156999.99999981,8695324.531229502,0.9999999999999999,0.14951466773096156,23.44330120058776,0.3907216866764627,1.4643146664640545
681,100,40,6,200,0,0.9683310665319778,102306942.63115168,64709333.33333192,8695324.531229498,0.9999999999999992,0.1343751215367647,21.482413055033344,0.3580402175838891,1.4338713813452786
682,100,40,6,200,0,0.9803309691075278,97039409.2978189,60675999.9999992,8695324.531229498,0.9999999999999994,0.14330747793575077,22.6485302817007,0.3774755046950117,1.47245245615114
683,100,40,6,200,0,0.9207099633453983,101813709.9644854,64331666.666665405,8695324.53122951,1.0000000000000009,0.13516398659907794,21.586483792473874,0.35977472987456455,1.3886158824992254
684,100,40,6,200,0,0.8802746868171011,91168503.96448742,56180666.66666672,8695324.5312295,0.9999999999999996,0.15477432090332663,24.107009596824163,0.4017834932804027,1.405877636820165
685,100,40,6,200,0,0.9004803867043146,93972268.2978197,58327499.99999964,8695324.531229498,0.9999999999999994,0.14907761401105057,23.387750873850006,0.3897958478975001,1.4095383258106553
686,100,40,6,200,0,0.8976735092915,98198266.63115227,61563333.33333249,8695324.5312295,0.9999999999999996,0.14124193834906523,22.381250457864734,0.37302084096441224,1.3836879009351644
687,100,40,6,200,0,0.9460021594144864,94185363.96448626,58490666.66666637,8695324.53122949,0.9999999999999986,0.14866174428791262,23.334835769480144,0.38891392949133574,1.4538454843361521
688,100,40,6,200,0,0.8990957141678341,92014850.36767173,56840666.66666645,8687704.425414784,0.9991236548115769,0.15284311277280616,23.885274944403644,0.39808791574006075,1.4194581201261398
689,100,40,6,200,0,0.9425712929002242,100152042.6311515,63059333.33333213,8695324.5312295,0.9999999999999996,0.13789115855801942,21.944634799853716,0.3657439133308953,1.418628133077535
690,100,45,6,300,0,0.9572154642898909,111761771.6133953,65129166.66666536,13042986.796844326,1.0000000000000047,0.2002633760631246,29.489511059298376,0.4914918509883063,1.6089180161286971
691,100,45,6,300,0,0.9856647819706263,114189625.6133956,66988166.666665345,13042986.79684434,1.000000000000006,0.194705833072676,28.862516908132932,0.4810419484688822,1.6224713968976492
692,100,45,6,300,0,0.9694262259160144,111536704.28006181,64956833.333331935,13042986.796844337,1.0000000000000056,0.20079468360030817,29.549017260940836,0.4924836210156806,1.6225455938119415
693,100,45,6,300,0,0.9645147484706517,104552433.94673099,59608999.999999814,13042986.796844326,1.0000000000000047,0.21880901871939415,31.522939022913572,0.5253823170485595,1.6649442804947263
694,100,45,6,300,0,0.963563003826271,107887740.28006515,62162833.333333164,13042986.7968443,1.0000000000000027,0.20981969606990783,30.548419972875994,0.5091403328812666,1.6405590935634637
695,100,45,6,300,0,0.952827857018849,107267007.20623477,61687999.99999942,13042693.609682223,0.9999775214706104,0.21142999626641074,30.72519767111052,0.512086627851842,1.6340584818838195
696,100,45,6,300,0,0.9925437529366926,110435310.9467292,64113499.99999897,13042986.796844333,1.0000000000000053,0.20343588786830452,29.843715490508274,0.4973952581751379,1.6526877214064741
697,100,45,6,300,0,0.9490872646349644,111591773.9467286,64998999.999998644,13042986.796844332,1.000000000000005,0.20066442248103206,29.53443505229463,0.4922405842049105,1.6018593868247004
698,100,45,6,300,0,0.9643234943945467,113544301.25812395,66505999.99999841,13035366.158189295,0.9994157290217596,0.19600285926366953,29.026555833106507,0.4837759305517751,1.6049017123572573
699,100,45,6,300,0,0.9834225012840151,106168608.94672996,60846499.99999945,13042986.79684432,1.0000000000000042,0.21435886693309295,31.04307415060572,0.517384569176762,1.6722941640072515
700,100,40,6,500,0,0.9195825587426268,122619997.91121867,59799666.666665845,21738311.32807362,0.9999999999999926,0.36351893814470404,44.7871480472236,0.7464524674537267,1.956850176712117
701,100,40,6,500,0,0.9485590362915818,127854010.57788467,63807333.33333243,21738311.328073643,0.9999999999999937,0.3406867234916669,42.95367798927642,0.715894633154607,1.9370030482395224
702,100,40,6,500,0,0.9968095927300059,126283327.91121785,62604666.666665584,21738311.32807366,0.9999999999999946,0.34723148425688244,43.48792584766971,0.7247987641278285,1.9993935442633402
703,100,40,6,500,0,0.9198148324223802,123575336.91122054,60531166.66666633,21738311.328073706,0.9999999999999966,0.35912592677723315,44.44090655359038,0.740681775893173,1.9477973497373398
704,100,40,6,500,0,0.8811865896006713,115489673.24455667,54340000.000000075,21738311.32807363,0.999999999999993,0.4000425345615311,47.55230355852481,0.7925383926420803,1.9937590098919764
705,100,40,6,500,0,0.9202071848763235,123482741.94981347,60463333.3333327,21736356.89758429,0.9999100928098785,0.35949650307488584,44.474231081068865,0.7412371846844811,1.9490415720207133
706,100,40,6,500,0,0.9204342644939073,125703899.24455157,62160999.99999913,21738311.32807364,0.9999999999999936,0.3497098072436728,43.68838224593127,0.7281397040988545,1.9283418143877
707,100,40,6,500,0,0.9283274060929977,122337466.57788634,59583333.333332814,21738311.32807364,0.9999999999999936,0.3648387915201202,44.89058138623164,0.7481763564371939,1.9683747957462878
708,100,40,6,500,0,0.8917320381351873,116738790.5858528,55326333.33333325,21719261.06353686,0.9991236548115714,0.39256642822652676,47.043488907495444,0.7840581484582574,1.989843329174666
709,100,40,6,500,0,0.955262081736307,122753355.91918457,59931666.666666314,21719261.063536912,0.9991236548115737,0.36240041820190283,44.738491741240544,0.7456415290206757,1.990823945318505
710,100,40,10,400,0,0.9169380918709936,119884229.2623054,64525999.99999881,17390649.06245898,0.9999999999999986,0.2695138248529167,36.65035865882253,0.6108393109803756,1.7433884627337026
711,100,40,10,400,0,0.9734575037518256,117291166.2623068,62540499.99999926,17390649.06245897,0.9999999999999978,0.2780701955126546,37.460621630906324,0.6243436938484387,1.820257354010388
712,100,40,10,400,0,0.9742387067645308,119161140.59563813,63972333.33333192,17390649.062458977,0.9999999999999982,0.2718464085379517,36.872758837630954,0.6145459806271826,1.8062618142220748
713,100,40,10,400,0,0.944853196790567,115896750.52534449,61598166.66666667,17310742.56971507,0.9954052035403078,0.28102691210585384,37.91133038746549,0.6318555064577581,1.801530232933008
714,100,40,10,400,0,0.952843688521262,108065799.92897812,55476666.66666675,17390649.062459003,0.9999999999999999,0.3134768202089583,40.6585617548535,0.677642695914225,1.8812678406026535
715,100,40,10,400,0,0.9352042905505432,114104308.5956412,60100333.333332784,17390649.062459,0.9999999999999996,0.289360276356634,38.50687194968766,0.6417811991614609,1.8084737107973115
716,100,40,10,400,0,0.9469392193946954,113101082.92897414,59332166.66666607,17390649.06245901,1.0000000000000002,0.2931065902272098,38.84843439349952,0.6474739065583253,1.8288983981347886
717,100,40,10,400,0,0.9580059755272613,118313546.59564048,63323333.33333265,17390649.06245903,1.000000000000001,0.27463255875863374,37.13691395810037,0.6189485659683396,1.796660588502508
718,100,40,10,400,0,0.879523629535055,114228713.0686787,60219499.999999344,17375408.85082962,0.9991236548115799,0.28853459179883273,38.464934795844876,0.6410822465974146,1.7514335495715359
719,100,40,10,400,0,0.9374666329698111,122055889.59563899,66188833.3333321,17390649.062459037,1.0000000000000016,0.2627429460023623,35.99826288232624,0.5999710480387707,1.7476320378104715
720,100,45,8,400,0,0.9792482210995775,121742792.92897135,65950499.999998495,17390649.062459003,0.9999999999999997,0.2636924521036141,36.09084278659094,0.6015140464431823,1.7917162292256512
721,100,45,8,400,0,1.0,123545725.9289733,67330999.99999891,17390649.062459003,0.9999999999999999,0.2582859167762143,35.56416028933291,0.5927360048222152,1.7993647382431868
722,100,45,8,400,0,1.0,118455373.26230565,63433333.33333215,17390649.06245899,0.9999999999999988,0.27415631732726187,37.09244991588892,0.6182074985981487,1.8375325524599582
723,100,45,8,400,0,0.9735542017018352,121103505.9289732,65460999.99999904,17390649.062459048,1.0000000000000024,0.2656642743382977,36.281360859832986,0.6046893476638832,1.7907749688363563
724,100,45,8,400,0,1.0,104613631.40201746,52858666.66666708,17375408.85082957,0.9991236548115772,0.3287144747785813,42.000262691533585,0.7000043781922264,1.9629759580150914
725,100,45,8,400,0,0.9745212315732565,125434854.92897259,68777499.99999854,17390649.062458996,0.9999999999999992,0.2528537539523735,35.02854132918627,0.5838090221531045,1.7606132568882598
726,100,45,8,400,0,0.9817333973842571,123818679.92897254,67539999.9999988,17390649.062459003,0.9999999999999997,0.2574866606819561,35.48576032728231,0.5914293387880385,1.7791520647178605
727,100,45,8,400,0,0.998540142280475,118364388.5956397,63363666.66666582,17390649.06245899,0.9999999999999988,0.27445774490837366,37.12096224321526,0.6186827040535877,1.8367890422607616
728,100,45,8,400,0,0.986007907721547,115081757.59564199,60850166.666666344,17390649.062459074,1.0000000000000038,0.2857946003291007,38.179813132836514,0.6363302188806086,1.8509738068654362
729,100,45,8,400,0,0.9905919893617595,124077267.928972,67737999.99999854,17390649.06245903,1.000000000000001,0.25673402023176656,35.41180486433042,0.5901967477388403,1.786175953286013
730,100,35,8,400,0,0.8437676565794023,109286348.92897718,56409833.33333343,17390649.062459026,1.000000000000001,0.30829109101768304,40.20447240721195,0.6700745401201992,1.760475069513748
731,100,35,8,400,0,0.8821858487266216,111093969.73534817,57817833.33333333,17375408.850829564,0.9991236548115768,0.3005198889182905,39.550301519218905,0.6591716919869818,1.781773451848236
732,100,35,8,400,0,0.8893533441296508,118605094.26230578,63545166.66666557,17390649.06245907,1.0000000000000036,0.27367382878518487,37.04562630575309,0.6174271050958848,1.7257195122536835
733,100,35,8,400,0,0.9152247498249073,111000691.59564424,57722500.000000134,17390649.062459018,1.0000000000000007,0.3012802470866469,39.58353715493802,0.659725619248967,1.8159745667431917
734,100,35,8,400,0,0.8777412551416545,105402740.26231287,53436166.666667014,17390649.062459003,0.9999999999999999,0.32544716710203564,41.68582324392394,0.6947637207320657,1.8328627095553487
735,100,35,8,400,0,0.9167968127110007,108927198.92897762,56134833.33333341,17390649.062459018,1.0000000000000007,0.30980138409233116,40.33703283662726,0.6722838806104543,1.8369218005953198
736,100,35,8,400,0,0.8503753180995398,106221602.26231208,54063166.666667126,17390649.06245897,0.9999999999999978,0.32167277898616414,41.36446736276488,0.6894077893794146,1.7971213306678857
737,100,35,8,400,0,0.9162655333226012,103484879.26231243,51967666.666667216,17390649.062459044,1.000000000000002,0.33464363859179475,42.45837683071205,0.7076396138452008,1.8916200580412377
738,100,35,8,400,0,0.8625561626872343,108194432.0686812,55597666.66666652,17375408.850829598,0.9991236548115786,0.3125204687995835,40.61022287367654,0.676837047894609,1.78940958562151
739,100,35,8,400,0,0.9036922555423309,109185686.06868166,56356666.666666746,17375408.850829598,0.9991236548115786,0.30831150737853386,40.24153859541757,0.6706923099236263,1.8210337713687843
740,100,40,8,200,0,0.9539812456028226,93725651.96448661,58138666.66666645,8695324.531229502,0.9999999999999999,0.1495618153935912,23.449290070905707,0.3908215011817618,1.4644521990994572
741,100,40,8,200,0,0.9683310665319778,102304548.2978186,64707499.999998644,8695324.531229498,0.9999999999999992,0.1343789287366948,21.482915828942307,0.35804859714903847,1.433882806670372
742,100,40,8,200,0,0.9803309691075278,96941241.63115208,60600833.333332494,8695324.531229494,0.9999999999999988,0.14348523036640773,22.67146534353586,0.37785775572559765,1.4729769091262517
743,100,40,8,200,0,0.9207099633453983,102383561.29781911,64767999.99999877,8695324.531229518,1.0000000000000018,0.13425340494116977,21.466336706211212,0.35777227843685355,1.3858849657351877
744,100,40,8,200,0,0.8802746868171011,91180475.63115405,56189833.33333339,8695324.5312295,0.9999999999999996,0.15474907141379948,24.103844433654913,0.40173074056091523,1.405804684509056
745,100,40,8,200,0,0.9183565539824601,96139139.96448612,59986666.66666607,8695324.531229498,0.9999999999999994,0.14495428758440074,22.860616402558513,0.3810102733759752,1.4153302574259559
746,100,40,8,200,0,0.8976735092915,98564599.63115223,61843833.333332464,8695324.531229502,0.9999999999999999,0.1406013188794834,22.298066529206146,0.3716344421534358,1.3817890065485225
747,100,40,8,200,0,0.9460021594144864,94762398.29781964,58932499.99999965,8695324.5312295,0.9999999999999996,0.1475471858690799,23.192743529904607,0.3865457254984101,1.4505856336081604
748,100,40,8,200,0,0.8990957141678341,93911162.3676716,58292666.66666626,8687704.425414793,0.999123654811578,0.14903597522984344,23.402968769520637,0.39004947949201063,1.4083739738437195
749,100,40,8,200,0,0.9425712929002242,101152873.96448511,63825666.66666544,8695324.531229494,0.999999999999999,0.13623554575060703,21.727509203264457,0.36212515338774093,1.4136848828884507
750,100,35,8,300,0,0.8486070634639855,103998220.94672933,59181833.33333276,13042986.796844337,1.0000000000000056,0.22038835335468027,31.690926729296617,0.5281821121549436,1.5530998583026734
751,100,35,8,300,0,0.8834063862987498,100987943.20623562,56877333.333333164,13042693.609682228,0.9999775214706107,0.22931267774536312,32.63557901431244,0.5439263169052073,1.6107828454002475
752,100,35,8,300,0,0.8869957572454998,106778041.94672972,61310333.33333259,13042986.796844304,1.0000000000000029,0.21273716986551144,30.865896582410034,0.5144316097068339,1.5716171028447428
753,100,35,8,300,0,0.8892435636371303,104802716.94673106,59797833.33333308,13042986.79684429,1.000000000000002,0.2181180499323166,31.44765799988929,0.5241276333314882,1.5878656369144717
754,100,35,8,300,0,0.8872604545318907,97547886.94673352,54242833.333333604,13042986.796844328,1.0000000000000049,0.24045548499821967,33.786482753846705,0.5631080458974451,1.6427328884279115
755,100,35,8,300,0,0.8892811066161017,107039024.28006256,61510166.66666577,13042986.796844326,1.0000000000000047,0.21204603244739242,30.790639415552732,0.5131773235925455,1.5720952561665613
756,100,35,8,300,0,0.8709574398775224,110776578.61339587,64371999.9999991,13042986.796844311,1.0000000000000036,0.2026189460766248,29.751776424709412,0.49586294041182355,1.5289155371506458
757,100,35,8,300,0,0.8709939599250639,98673223.61339885,55104500.000000075,13042986.796844305,1.000000000000003,0.23669549305128054,33.401158686301024,0.5566859781050171,1.6170363324711055
758,100,35,8,300,0,0.815758887389146,99691960.92479368,55896499.999999754,13035366.15818933,0.9994157290217622,0.2332054092508366,33.05983721682743,0.5509972869471239,1.5533205017369394
759,100,35,8,300,0,0.8468716749176087,104455538.6133962,59531999.999999434,13042986.796844339,1.0000000000000058,0.21909203112350437,31.55218041810299,0.5258696736350498,1.5480149734514619
760,100,40,10,300,0,0.8443421192140973,106594239.28006417,61170999.99999962,13042986.796844337,1.0000000000000056,0.2132217357382488,30.91911929068383,0.5153186548447305,1.530238162649427
761,100,40,10,300,0,0.9708607419714345,109668563.28006354,63524999.99999937,13042986.796844333,1.0000000000000053,0.2053205320243127,30.05236780191446,0.5008727966985743,1.6359899642894589
762,100,40,10,300,0,0.9671878865216585,113382174.28006259,66368499.99999866,13042986.796844313,1.0000000000000038,0.19652375444442133,29.06806136791065,0.48446768946517754,1.6088745795423731
763,100,40,10,300,0,0.8809656328076538,101877402.61339869,57559333.333333336,13042986.796844328,1.0000000000000049,0.2266007273105606,32.350648087356554,0.5391774681226092,1.6014236827787114
764,100,40,10,300,0,0.9384352901290416,98606743.28006607,55055000.00000012,13042986.79684432,1.0000000000000042,0.23690830618189612,33.423677634694435,0.5570612939115739,1.6850232289861324
765,100,40,10,300,0,0.8982676628627446,108136189.9467304,62351666.66666606,13042986.796844311,1.0000000000000036,0.20918425270927435,30.478233065392477,0.5079705510898747,1.5735856161200388
766,100,40,10,300,0,0.9291787511394098,107669817.8848422,62012499.999999434,13031556.63812225,0.9991236548115818,0.2101440296411589,30.6102496014715,0.5101708266911917,1.6074648015435287
767,100,40,10,300,0,0.9350575385648002,101025019.94672981,56906666.66666618,13042986.796844307,1.0000000000000033,0.22919962740471683,32.623601576499226,0.5437266929416538,1.6621439334302275
768,100,40,10,300,0,0.8987017003862233,107794945.92479157,62102333.33333233,13035366.158189293,0.9994157290217593,0.20990139111557005,30.5747173183748,0.5095786219729133,1.5762014352515925
769,100,40,10,300,0,0.9697854246935426,113023024.28006321,66093499.99999891,13042986.796844296,1.0000000000000024,0.1973414450262811,29.160430106995157,0.4860071684499193,1.6136657491644866
770,100,45,8,300,0,0.9572154642898909,111728250.94672857,65103499.99999869,13042986.796844326,1.0000000000000047,0.2003423287049788,29.498358491008865,0.49163930818348106,1.609128635437355
771,100,45,8,300,0,0.9856647819706263,115602282.28006284,68069833.33333217,13042986.79684434,1.000000000000006,0.19161185150805274,28.50981775615346,0.47516362926922434,1.614117892446293
772,100,45,8,300,0,0.9694262259160144,111452902.61339504,64892666.66666522,13042986.796844337,1.0000000000000056,0.20099323185225798,29.57123522778394,0.4928539204630657,1.6230747318608865
773,100,45,8,300,0,0.9645147484706517,105313831.94673117,60191999.99999981,13042986.796844311,1.0000000000000036,0.21668970622083256,31.295034461067278,0.5215839076844546,1.6594504211317724
774,100,45,8,300,0,0.963563003826271,107878162.94673185,62155499.999999836,13042986.7968443,1.0000000000000027,0.20984445136543564,30.551132036123033,0.5091855339353839,1.6406240988540035
775,100,45,8,300,0,0.952827857018849,108945434.87290187,62973166.666666016,13042693.609682223,0.9999775214706104,0.20711509838342296,30.251841243691874,0.5041973540615312,1.6227172897871185
776,100,45,8,300,0,0.9925437529366926,111038682.94672912,64575499.999998875,13042986.796844285,1.0000000000000016,0.20198042286694665,29.68154802035217,0.4946924670058695,1.6488205582361195
777,100,45,8,300,0,0.9490872646349644,111551070.28006181,64967833.33333196,13042986.796844333,1.0000000000000053,0.20076068613715933,29.545211818456913,0.4924201969742819,1.6021160105189738
778,100,45,8,300,0,0.9643234943945467,113790917.59145771,66694833.33333182,13035366.15818929,0.9994157290217591,0.19544791562849073,28.963647273087954,0.4827274545514659,1.6034092814488052
779,100,45,8,300,0,0.9834225012840151,106194946.61339651,60866666.666666076,13042986.79684432,1.0000000000000042,0.21428784441694051,31.035375082379243,0.5172562513729874,1.672109028190555
780,100,45,8,200,0,0.9511684149447649,99283460.63115147,62395666.66666549,8695324.531229502,0.9999999999999999,0.13935782716582348,22.136617579891368,0.3689436263315228,1.4315983030089465
781,100,45,8,200,0,1.0,101562865.96448632,64140999.99999917,8695324.531229498,0.9999999999999992,0.13556577744702467,21.639798947466772,0.3606633157911129,1.4691159377487328
782,100,45,8,200,0,1.0,94604933.29781874,58813333.333332725,8695324.5312295,0.9999999999999996,0.1478461436958103,23.231346647444585,0.3871891107907431,1.5054660257473913
783,100,45,8,200,0,0.9556161289232058,99724017.96448764,62732999.999999784,8695324.531229494,0.9999999999999988,0.13860846016019515,22.0388231928506,0.3673137198808433,1.4338166169322053
784,100,45,8,200,0,0.9679640103368183,89698944.29782197,55056833.33333388,8695324.531229498,0.9999999999999994,0.1579336115934034,24.50196061062634,0.40836601017710566,1.5026769097886468
785,100,45,8,200,0,1.0,100545274.29781927,63361833.3333324,8695324.531229494,0.9999999999999988,0.1372328430821334,21.858809529824597,0.3643134921637433,1.47409976662945
786,100,45,8,200,0,0.9608762712092205,108357983.96448538,69343999.99999872,8695324.531229509,1.0000000000000007,0.12539404319378272,20.282769387074744,0.33804615645124575,1.3992376622154925
787,100,45,8,200,0,0.9700866073793037,100736820.96448538,63508499.99999891,8695324.531229492,0.9999999999999987,0.13691591725878646,21.81724595790879,0.3636207659651465,1.4432401071514793
788,100,45,8,200,0,0.9517548481776201,99380380.70100424,62481833.333332285,8687704.425414793,0.999123654811578,0.13904368617141952,22.11502898758559,0.3685838164597598,1.4315736135745154
789,100,45,8,200,0,0.9785426690226752,112607925.63115008,72598166.6666643,8695324.531229503,1.0,0.11977333492668255,19.517276316757187,0.3252879386126198,1.399649275576641
790,100,45,4,300,0,0.9572154642898909,111812052.61339542,65167666.666665375,13042986.796844326,1.0000000000000047,0.20014506371019244,29.47624985828364,0.491270830971394,1.6086023462294388
791,100,45,4,300,0,0.9856647819706263,114254272.61339514,67037666.66666517,13042986.79684434,1.000000000000006,0.1945620640661414,28.84618600787102,0.48076976679785033,1.6220842000213898
792,100,45,4,300,0,0.9694262259160144,111476845.94672857,64910999.99999864,13042986.796844337,1.0000000000000056,0.20093646372486343,29.564883828655894,0.49274806381093156,1.6229234607068368
793,100,45,4,300,0,0.9645147484706517,103395970.94673066,58723499.99999979,13042986.796844326,1.0000000000000047,0.22210847100129202,31.875516713296186,0.5312586118882697,1.673460137159955
794,100,45,4,300,0,0.963563003826271,107856613.94673185,62138999.999999836,13042986.7968443,1.0000000000000027,0.209900172143812,30.557235939445746,0.5092872656574291,1.6407704071987497
795,100,45,4,300,0,0.952827857018849,107281973.94672929,61698999.999999225,13042986.796844339,1.0000000000000058,0.21139705338570322,30.720911246809504,0.5120151874468251,1.6339606871742367
796,100,45,4,300,0,0.9925437529366926,110598125.61339575,64238166.66666563,13042986.796844339,1.0000000000000058,0.2030410809281795,29.799781702636825,0.49666302837728044,1.6516396460565166
797,100,45,4,300,0,0.9490872646349644,109989964.94672832,63772499.99999877,13042986.796844332,1.000000000000005,0.2045236864925255,29.9645517806671,0.4994091963444517,1.6121154101734367
798,100,45,4,300,0,0.9643234943945467,112383049.59145755,65616833.33333192,13035366.158189295,0.9994157290217596,0.19865887297501772,29.326486618588078,0.488774776976468,1.612025369751029
799,100,45,4,300,0,0.981698974300178,115329328.28006127,67860833.33333153,13042986.796844339,1.0000000000000058,0.19220198391577892,28.577292950121127,0.47628821583535214,1.6117487772681534
800,100,50,6,300,0,0.9977273640472272,113234847.61339493,66258499.99999853,13042986.796844337,1.0000000000000056,0.19685001617671127,29.105881002749975,0.4850980167124996,1.6403053937010958
801,100,50,6,300,0,1.0,113579631.61339527,66522499.999998584,13042986.79684434,1.000000000000006,0.19606880073425711,29.01752676235395,0.48362544603923247,1.640480486626638
802,100,50,6,300,0,1.0,117178314.61339477,69277999.99999812,13042986.796844337,1.0000000000000056,0.18827025602420236,28.126364599745266,0.46877274332908775,1.6193889481484496
803,100,50,6,300,0,0.9951256836193757,113242030.61339606,66263999.999998875,13042986.796844285,1.0000000000000016,0.19683367736394583,29.104034801810773,0.4850672466968462,1.6376598722073785
804,100,50,6,300,0,1.0,108472518.61339754,62611999.99999958,13042986.7968443,1.0000000000000027,0.20831448918489087,30.383732600018497,0.5063955433336417,1.6730471346815543
805,100,50,6,300,0,1.0,116505506.94672756,68762833.33333145,13042986.796844339,1.0000000000000058,0.18968076451442561,28.28879154619715,0.4714798591032858,1.6232244707148262
806,100,50,6,300,0,1.0,111645010.28006232,65041166.666665494,13042986.796844333,1.0000000000000053,0.2005343302602388,29.52035197750855,0.49200586629180915,1.6524333305000003
807,100,50,6,300,0,0.9780611813953513,107495630.61339536,61863999.99999904,13042986.796844326,1.0000000000000047,0.2108332276743264,30.659850834805003,0.5109975139134167,1.657725277448229
808,100,50,6,300,0,0.9623473684181101,114436802.94672756,67178833.33333158,13042986.796844311,1.0000000000000036,0.19415321984123943,28.80017542550761,0.48000292375846015,1.5976728680495618
809,100,50,6,300,0,0.9706104518563824,122919925.94672689,73674333.33333074,13042986.796844326,1.0000000000000047,0.17703569488485071,26.8125771685576,0.44687628614262664,1.5591152939068897
810,100,40,4,300,0,0.8443421192140973,104161596.61339715,59308333.33333306,13042986.796844339,1.0000000000000058,0.21991828236916228,31.641220057643565,0.5273536676273928,1.5476304127368197
811,100,40,4,300,0,0.926315652741196,110518551.61339596,64175833.3333324,13042986.796844332,1.000000000000005,0.20323829266226157,29.82123771879504,0.497020628646584,1.5859269155175892
812,100,40,4,300,0,0.9671878865216585,111935996.94672957,65261166.66666552,13042986.796844304,1.0000000000000029,0.19985831487604216,29.443611437779698,0.4907268572963283,1.6178013957188206
813,100,40,4,300,0,0.8809656328076538,100754460.2800652,56699500.00000001,13042986.796844328,1.0000000000000049,0.23003706905430077,32.71120693653392,0.5451867822755653,1.6101820703266596
814,100,40,4,300,0,0.9384352901290416,97933935.61339924,54539833.33333345,13042986.796844333,1.0000000000000053,0.23914606993990886,33.6532988218751,0.5608883136979183,1.690640459778887
815,100,40,4,300,0,0.8982676628627446,107250286.61339614,61673333.33333259,13042986.796844337,1.0000000000000056,0.21148503075631542,30.72998780768141,0.5121664634613569,1.5796221509291537
816,100,40,4,300,0,0.9291787511394098,106444541.92479302,61068333.33333289,13035366.158189343,0.9994157290217632,0.2134554104667903,30.962602125044643,0.5160433687507441,1.6159864482635862
817,100,40,4,300,0,0.9350575385648002,100704179.28006399,56660999.999999836,13042986.796844332,1.000000000000005,0.23019337457588762,32.72753944833009,0.5454589908055015,1.6646712290310117
818,100,40,4,300,0,0.8987017003862233,106195531.2581246,60877666.66666584,13035366.158189295,0.9994157290217596,0.21412394514993688,31.035204221438,0.5172534036906333,1.5872542601968063
819,100,40,4,300,0,0.9513442700077546,106500860.2800629,61099499.999999344,13042986.79684432,1.0000000000000042,0.21347125257726268,30.94622889742965,0.5157704816238274,1.6378917536933923
820,100,40,4,400,0,0.9169380918709936,118201012.92897177,63237166.666665494,17390649.06245898,0.9999999999999986,0.27500677179495137,37.17227028029176,0.6195378380048627,1.7564813473118175
821,100,40,4,400,0,0.9734575037518256,115356544.92897467,61059166.66666621,17390649.062458992,0.9999999999999991,0.28481635128428634,38.08886615584122,0.634814435930687,1.8361250207099418
822,100,40,4,400,0,0.9742387067645308,119333532.59563802,64104333.33333185,17390649.06245898,0.9999999999999986,0.2712866378631614,36.819491591591465,0.613658193193191,1.804926210248251
823,100,40,4,400,0,0.944853196790567,112052364.92897664,58529166.66666664,17390649.06245903,1.000000000000001,0.297127911653034,39.21202379606151,0.6535337299343584,1.8360892560473527
824,100,40,4,400,0,0.952843688521262,107711438.59564433,55205333.333333395,17390649.062459,0.9999999999999996,0.31501755378331164,40.792324912627045,0.6798720818771175,1.8847298134250288
825,100,40,4,400,0,0.9225684084387895,112909536.26230913,59185499.99999976,17390649.06245899,0.999999999999999,0.2938329331079244,38.91433926176451,0.6485723210294085,1.8062070759545377
826,100,40,4,400,0,0.9469392193946954,112164898.5956417,58615333.333332956,17390649.06245898,0.9999999999999986,0.2966911228425854,39.17268285365994,0.6528780475609991,1.8371701652297627
827,100,40,4,400,0,0.9711092898483943,118555374.26230732,63508499.99999935,17390649.06245899,0.9999999999999988,0.2738318345175711,37.06116257773845,0.6176860429623076,1.8078608004247587
828,100,40,4,400,0,0.879523629535055,114365190.06867845,60323999.99999932,17375408.85082963,0.9991236548115807,0.28803475981085186,38.4190329011952,0.64031721501992,1.7502686524036566
829,100,40,4,400,0,0.9374666329698111,119441277.59563904,64186833.3333324,17390649.06245903,1.000000000000001,0.27093795034484147,36.786277645781176,0.6131046274296863,1.7673216206753706
830,100,35,4,300,0,0.8486070634639855,103660619.94672962,58923333.33333282,13042986.796844339,1.0000000000000058,0.22135520954083474,31.7941374621692,0.5299022910361534,1.5555935221328068
831,100,35,4,300,0,0.8834063862987498,100954422.53956935,56851666.66666661,13042693.609682249,0.9999775214706124,0.22941620491364534,32.64641525445012,0.544106920907502,1.611046271137168
832,100,35,4,300,0,0.8869957572454998,106591283.94672981,61167333.33333265,13042986.796844304,1.0000000000000029,0.2132345172833721,30.91997654936883,0.5153329424894805,1.5729163135616782
833,100,35,4,300,0,0.8892435636371303,103818645.94673088,59044333.33333317,13042986.79684429,1.000000000000002,0.22090158463150839,31.74574249110384,0.529095708185064,1.5950605395274011
834,100,35,4,300,0,0.8872604545318907,97085780.61339991,53889000.00000024,13042986.796844328,1.0000000000000049,0.24203430749956895,33.94729876174173,0.5657883126956954,1.6466762132272414
835,100,35,4,300,0,0.8892811066161017,105437215.2800629,60283666.66666609,13042986.796844339,1.0000000000000058,0.21636021028655297,31.258412802782,0.5209735467130333,1.5833428215583774
836,100,35,4,300,0,0.8709574398775224,108492384.61339559,62622999.999999106,13042986.796844324,1.0000000000000044,0.20827789784655013,30.37816904609788,0.5063028174349646,1.5438825755897272
837,100,35,4,300,0,0.8802000510018134,100648548.61339721,56616999.99999973,13042986.796844305,1.000000000000003,0.23037226975721722,32.74562867925251,0.5457604779875419,1.6102583447951293
838,100,35,4,300,0,0.815758887389146,99756607.9247936,55945999.99999975,13035366.158189334,0.9994157290217625,0.23299907335983613,33.03841287872078,0.5506402146453463,1.5527983607223614
839,100,35,4,300,0,0.8468716749176087,103576818.28006317,58859166.66666621,13042986.796844339,1.0000000000000058,0.22159652498496873,31.819861381418658,0.5303310230236443,1.554479917929228
840,100,40,2,300,0,0.8443421192140973,104163990.94673057,59310166.66666644,13042986.796844337,1.0000000000000056,0.21991148448710682,31.640492746533408,0.5273415457755568,1.5476128525793396
841,100,40,2,300,0,0.926315652741196,109721238.61339614,63565333.33333252,13042986.796844333,1.0000000000000053,0.20519025249891712,30.037940162275998,0.5006323360379333,1.591100190778263
842,100,40,2,300,0,0.9671878865216585,110109120.61339492,63862333.333331935,13042986.796844337,1.0000000000000056,0.20423598882248725,29.93212534656336,0.498868755776056,1.6294454333557045
843,100,40,2,300,0,0.8809656328076538,99935598.28006509,56072499.99999999,13042986.796844328,1.0000000000000049,0.23260933250424595,32.979239197264484,0.5496539866210747,1.6167070854321253
844,100,40,2,300,0,0.9384352901290416,98029708.94673264,54613166.666666836,13042986.796844333,1.0000000000000053,0.2388249499695304,33.62042012989012,0.5603403354981686,1.6898355856028346
845,100,40,2,300,0,0.8982676628627446,107223948.94672948,61653166.66666593,13042986.796844337,1.0000000000000056,0.21155420722122129,30.737536085687392,0.5122922680947899,1.5798032967345115
846,100,40,2,300,0,0.9291787511394098,105097780.94672877,60025166.666665986,13042986.796844339,1.0000000000000058,0.2172919713705277,31.359368107596413,0.5226561351266069,1.6256684633624388
847,100,40,2,300,0,0.9350575385648002,100771220.6133975,56712333.33333322,13042986.796844337,1.0000000000000056,0.2299850143739051,32.70576638784729,0.5450961064641215,1.6641416565280458
848,100,40,2,300,0,0.8987017003862233,105553849.924791,60386333.33333248,13035366.158189313,0.9994157290217609,0.21586616438911946,31.22387295535233,0.5203978825892055,1.5917925144867244
849,100,40,2,300,0,0.9513442700077546,106539169.61339608,61128833.33333266,13042986.79684432,1.0000000000000042,0.2133688160826091,30.93510125862283,0.5155850209770472,1.637624343850889
850,100,40,4,200,0,0.9539812456028226,92138208.96448615,56923166.666666456,8695324.531229502,0.9999999999999999,0.15275546039362184,23.853296311057253,0.39755493851762086,1.473740552435341
851,100,40,4,200,0,0.9683310665319778,102311731.29781833,64712999.99999858,8695324.531229498,0.9999999999999992,0.13436750778405712,21.481407577811805,0.3580234596301967,1.4338485323894203
852,100,40,4,200,0,0.9803309691075278,97056169.63115218,60688833.33333252,8695324.531229502,0.9999999999999997,0.14327717396494605,22.644619176219486,0.3774103196036581,1.4723630278831425
853,100,40,4,200,0,0.9207099633453983,100666824.29781833,63453499.999998696,8695324.531229502,0.9999999999999997,0.1370345927526406,21.83241614434867,0.3638736024058112,1.394211239953322
854,100,40,4,200,0,0.8752422191966369,90091053.96448708,55355666.666666694,8695324.5312295,0.9999999999999996,0.15708101906874025,24.39531899434043,0.4065886499056738,1.4074956843573028
855,100,40,4,200,0,0.9004803867043146,93974662.63115303,58329333.33333298,8695324.531229498,0.9999999999999994,0.1490729283933107,23.387154989066374,0.38978591648443955,1.4095246459034028
856,100,40,4,200,0,0.8976735092915,98085732.96448496,61477166.66666568,8695324.5312295,0.9999999999999996,0.14143990366986614,22.40692844489201,0.37344880741486686,1.3842742396422598
857,100,40,4,200,0,0.9460021594144864,93852551.63115212,58235833.33333285,8695324.53122949,0.9999999999999986,0.14931227104554004,23.41758387814032,0.390293064635672,1.4557450408865904
858,100,40,4,200,0,0.8990957141678341,92055554.03433837,56871833.333333105,8687704.425414784,0.9991236548115769,0.15275935232288074,23.874713731886086,0.39791189553143474,1.4192150915575734
859,100,40,4,200,0,0.9425712929002242,100195140.63115153,63092333.33333215,8695324.5312295,0.9999999999999996,0.13781903555999403,21.935195521015967,0.3655865920169328,1.4184131133651523
860,100,40,2,200,0,0.9539812456028226,92166940.96448617,56945166.66666645,8695324.531229502,0.9999999999999997,0.15269644537399196,23.845860316085112,0.3974310052680852,1.4735694071701013
861,100,40,2,200,0,0.9683310665319778,101847230.63115163,64357333.33333202,8695324.531229502,0.9999999999999997,0.13511008118053905,21.579379099266024,0.3596563183211004,1.4360754497975092
862,100,40,2,200,0,0.9803309691075278,96905326.63115184,60573333.33333243,8695324.531229502,0.9999999999999997,0.14355037196615064,22.679867829819383,0.3779977971636564,1.4731690638441046
863,100,40,2,200,0,0.9207099633453983,100685978.96448484,63468166.66666532,8695324.531229502,0.9999999999999997,0.13700292584308174,21.82826270950034,0.36380437849167235,1.394116682511536
864,100,40,2,200,0,0.8752422191966369,90081476.63115346,55348333.333333306,8695324.531229494,0.999999999999999,0.15710183139322773,24.397912669650005,0.4066318778275001,1.407555562138719
865,100,40,2,200,0,0.9004803867043146,92645807.63115306,57311833.33333308,8695324.531229498,0.9999999999999992,0.15171953199710708,23.7226060865054,0.39537676810842337,1.4172327804104237
866,100,40,2,200,0,0.8976735092915,97228561.63115183,60820833.333332464,8695324.531229502,0.9999999999999999,0.14296621822943825,22.604468924857873,0.3767411487476312,1.388787632622682
867,100,40,2,200,0,0.9460021594144864,91520470.96448626,56450166.666666605,8695324.531229502,0.9999999999999997,0.1540354093651246,24.014299498664485,0.4002383249777414,1.4694688118843275
868,100,40,2,200,0,0.8990957141678341,92043582.3676717,56862666.66666644,8687704.425414784,0.9991236548115769,0.1527839782179547,23.87781900122924,0.39796365002048734,1.4192865467626852
869,100,40,2,200,0,0.9425712929002242,100075423.9644849,63000666.66666551,8695324.5312295,0.9999999999999996,0.13801956378074826,21.961435814450933,0.3660239302408489,1.419010874165672
870,100,40,2,400,0,0.9169380918709936,117425248.9289722,62643166.66666562,17390649.06245898,0.9999999999999986,0.27761446280322044,37.41784701395615,0.6236307835659358,1.7626604456795059
871,100,40,2,400,0,0.9734575037518256,115370910.92897472,61070166.66666621,17390649.062458977,0.9999999999999982,0.2847650499691738,38.08412332554898,0.6347353887591497,1.8360049324863144
872,100,40,2,400,0,0.9742387067645308,119410151.26230466,64162999.99999855,17390649.06245898,0.9999999999999986,0.2710385901915337,36.79586662902949,0.6132644438171582,1.804334022734916
873,100,40,2,400,0,0.944853196790567,110730692.92897633,57517166.66666655,17390649.06245903,1.000000000000001,0.30235580210764434,39.68005512995591,0.6613342521659319,1.8480720906426145
874,100,40,2,400,0,0.952843688521262,107773691.26231101,55253000.000000134,17390649.062459,0.9999999999999996,0.31474578868946407,40.76876228824625,0.6794793714707709,1.8841196909436042
875,100,40,2,400,0,0.9225684084387895,111777016.59564173,58318333.33333294,17390649.06245899,0.999999999999999,0.2982020930375086,39.30861758365554,0.655143626394259,1.8162737092630556
876,100,40,2,400,0,0.9469392193946954,112121800.59564166,58582333.33333295,17390649.06245898,0.9999999999999986,0.2968582518471285,39.187740266907504,0.6531290044484585,1.8375548253208565
877,100,40,2,400,0,0.9711092898483943,118258476.92897329,63281166.66666585,17390649.06245899,0.9999999999999988,0.27481555695811355,37.15420758072963,0.6192367930121605,1.8101985284270456
878,100,40,2,400,0,0.879523629535055,113268585.40201217,59484333.33333274,17375408.850829605,0.999123654811579,0.292100589805099,38.790985023831205,0.6465164170638534,1.7597205184429878
879,100,40,2,400,0,0.9374666329698111,117664682.26230603,62826499.99999915,17390649.062459014,1.0000000000000004,0.27680435902778683,37.34170624117307,0.6223617706862179,1.7812718908782585
