int(self),self.nb_electrical,self.nb_activeCS_Cparking,self.nb_activeCS_Cparking_fast,self.nb_solar,self.nb_wind,self.avg_statisfied_day,self.monthly_profit,self.monthly_energy_consumption,self.monthly_renew_charge,self.self_consumption,self.self_sufficiency,self.payback_period,self.payback_period_norm,self.metric
0,200,35,4,500,0,0.586108654414479,143545910.24454668,75821166.6666637,21738311.328073636,0.9999999999999934,0.2867050493121906,38.25814327028961,0.6376357211714935,1.453108415035725
1,200,35,4,500,0,0.5985816457901518,121922685.91121957,59264333.33333269,21738311.328073602,0.9999999999999918,0.36680259618894734,45.04329902967331,0.7507216504945551,1.6427453732358648
2,200,35,4,500,0,0.5521751893850521,132888732.57788037,67660999.99999802,21738311.328073587,0.9999999999999911,0.3212827378855504,41.32630279080653,0.6887717131801089,1.4979730928736013
3,200,35,4,500,0,0.5580820733242627,124510960.2445524,61246166.66666595,21738311.328073636,0.9999999999999934,0.3549334188764014,44.106960457244384,0.7351160076207397,1.5771448160461237
4,200,35,4,500,0,0.5264498795854073,121249878.24455349,58749166.6666662,21738311.328073606,0.999999999999992,0.37001905833683507,45.29324135834083,0.7548873559723471,1.5773524822272225
5,200,35,4,500,0,0.5679906350213504,132883943.91121487,67657333.33333163,21738311.328073625,0.9999999999999928,0.32130014969662074,41.32779204438192,0.6887965340730321,1.513827288851679
6,200,35,4,500,0,0.549445481603491,128715409.57788432,64465499.99999904,21738311.32807367,0.9999999999999949,0.3372084499162187,42.66622013642407,0.7111036689404012,1.530315910476867
7,200,35,4,500,0,0.5473788215901779,129814408.57788162,65306999.9999983,21738311.32807362,0.9999999999999927,0.3328634193589384,42.30501113214422,0.7050835188690704,1.5187530759463992
8,200,35,4,500,0,0.5717680738161619,131794522.24454857,66823166.666665,21738311.3280736,0.9999999999999917,0.32531100234311167,41.66941012775785,0.6944901687959641,1.5265070444866153
9,200,35,4,500,0,0.5276247289422948,122583521.91121916,59770333.33333256,21738311.3280736,0.9999999999999916,0.3636973414024886,44.800474928248704,0.7466745821374784,1.565257184201764
10,200,35,4,400,0,0.560096258234817,124013893.2623066,67686666.66666542,17390649.06245905,1.0000000000000027,0.25692872642262443,35.42990131522202,0.5904983552537003,1.3561375946266168
11,200,35,4,400,0,0.5020518347420889,111204109.06868082,57902166.66666655,17375408.850829627,0.9991236548115804,0.30008218778507995,39.51112991055342,0.658518831842557,1.40063641681271
12,200,35,4,400,0,0.5541011866510516,120426380.9416452,64940333.333332136,17390258.146242872,0.9999775214706058,0.26778824889888453,36.4853611446573,0.608089352410955,1.3764211381811142
13,200,35,4,400,0,0.5438334832219232,118219606.59563965,63249999.999999136,17390649.06245898,0.9999999999999986,0.27495097331951335,37.16642379828439,0.6194403966380732,1.383234658515607
14,200,35,4,400,0,0.5380857407643213,121981104.26230489,66130166.66666516,17390649.062458992,0.9999999999999991,0.262976035583247,36.02033303905571,0.6003388839842618,1.3488054532151807
15,200,35,4,400,0,0.5586972968040631,119713670.59563865,64393999.9999989,17390649.062459048,1.0000000000000024,0.27006629596638426,36.70257522084594,0.6117095870140989,1.3864599205912693
16,200,35,4,400,0,0.5187436645264598,115995270.92897424,61546833.33333278,17390649.062458992,0.9999999999999991,0.2825596073850399,37.87913045774421,0.6313188409624035,1.3761101913968954
17,200,35,4,400,0,0.5475624428730742,118248338.59563856,63271999.99999876,17390649.06245898,0.9999999999999986,0.27485537145118416,37.15739309475643,0.6192898849126072,1.3867366249466286
18,200,35,4,400,0,0.5644299926962564,121145481.92897335,65490333.333332345,17390649.062459037,1.0000000000000016,0.26554528244564285,36.26878964067394,0.6044798273445656,1.3813460459973363
19,200,35,4,400,0,0.5477207391479407,110567216.40201576,57414500.000000216,17375408.85082959,0.9991236548115783,0.3026310226655205,39.73872313131595,0.6623120521885991,1.4521376094689562
20,200,35,6,500,0,0.586108654414479,143557881.91121325,75830333.33333033,21738311.328073636,0.9999999999999933,0.2866703912867915,38.254952823813134,0.6375825470635522,1.4530275145074645
21,200,35,6,500,0,0.5985816457901518,121963389.57788618,59295499.999999344,21738311.328073602,0.9999999999999918,0.36660979885613315,45.028266424925164,0.7504711070820861,1.6423405919571445
22,200,35,6,500,0,0.5521751893850521,132871972.2445478,67648166.66666493,21738311.32807367,0.9999999999999949,0.3213436874821574,41.33151564795372,0.688858594132562,1.49810873350334
23,200,35,6,500,0,0.5580820733242627,124446313.24455234,61196666.666665934,21738311.328073636,0.9999999999999934,0.35522051301389884,44.1298730096402,0.7354978834940034,1.577756367229385
24,200,35,6,500,0,0.5264498795854073,121273821.57788679,58767499.99999953,21738311.328073617,0.9999999999999925,0.36990362578081065,45.284299023041434,0.7547383170506906,1.5771110972607465
25,200,35,6,500,0,0.5679906350213504,131655650.91121523,66716833.33333174,21738311.328073613,0.9999999999999922,0.3258294832349777,41.713363323109554,0.6952227220518259,1.5238769436611586
26,200,35,6,500,0,0.549445481603491,128672311.57788417,64432499.999998994,21738311.32807367,0.9999999999999949,0.33738115590849355,42.68051092465114,0.7113418487441856,1.5306922550744715
27,200,35,6,500,0,0.55888657414314,130652425.24454874,65948666.666665055,21738311.32807362,0.9999999999999926,0.3296247282443034,42.03366290155518,0.700561048359253,1.5231474050978357
28,200,35,6,500,0,0.5717680738161619,131729875.24454895,66773666.66666508,21738311.328073606,0.999999999999992,0.3255521587063881,41.68985956909766,0.6948309928182944,1.527040793599567
29,200,35,6,500,0,0.5276247289422948,122619436.91121916,59797833.33333257,21738311.3280736,0.9999999999999916,0.3635300832205271,44.7873529542976,0.7464558825716268,1.5649046780903433
30,200,35,4,600,0,0.6004121157689783,138265450.8934618,64956833.333332054,26085973.59368828,0.9999999999999903,0.4015893672006095,47.660496222426985,0.7943416037071164,1.7160252132365823
31,200,35,4,600,0,0.5335578874792909,132052052.84959051,60223166.66666614,26070732.31637821,0.999415729021745,0.432902050147564,49.903048516071856,0.8317174752678642,1.7115970028652063
32,200,35,4,600,0,0.5798890526706634,140303028.5601269,66516999.99999838,26085973.593688283,0.9999999999999906,0.3921700256128346,46.96833751650585,0.7828056252750974,1.6764306984360284
33,200,35,4,600,0,0.5686238133988275,137726725.89346343,64544333.33333241,26085973.59368832,0.9999999999999919,0.40415590721140543,47.84692264519122,0.797448710753187,1.689397249921139
34,200,35,4,600,0,0.5952554021317406,134650007.56013125,62188499.99999939,26085973.593688242,0.999999999999989,0.41946619702498855,48.94021262536628,0.8156702104227713,1.7464985701745026
35,200,35,4,600,0,0.581063818088066,144749305.56012693,69921499.99999839,26085973.593688283,0.9999999999999906,0.37307514274849485,45.52560701068569,0.7587601168447615,1.6382840491316233
36,200,35,4,600,0,0.5220002759618658,132835102.89346384,60798833.33333251,26085973.593688197,0.9999999999999872,0.42905385125847073,49.60887488667163,0.8268145814445271,1.6920579384131695
37,200,35,4,600,0,0.5202788236334724,139692473.56012642,66049499.99999819,26085973.593688197,0.9999999999999872,0.3949458147857124,47.17362240109249,0.7862270400182081,1.6224625154802506
38,200,35,4,600,0,0.5830837975216614,145161130.8934588,70236833.3333313,26085973.593688175,0.9999999999999865,0.3714001949644977,45.396449858444484,0.7566074976407414,1.636811451134001
39,200,35,4,600,0,0.5943378929832989,127737567.22680035,56895666.66666654,26085973.593688257,0.9999999999999896,0.45848788004396906,51.588582302492824,0.8598097050415471,1.8209379020600212
40,200,35,2,500,0,0.586108654414479,143090986.9112133,75472833.33333042,21738311.3280736,0.9999999999999916,0.28802829267141733,38.379775823390005,0.6396629303898335,1.4561942189414463
41,200,35,2,500,0,0.5703610457617503,113967985.91918728,53203333.33333348,21719261.06353683,0.99912365481157,0.40823120851206257,48.18721639859583,0.8031202733099305,1.700066285881331
42,200,35,2,500,0,0.5521751893850521,132915070.24454711,67681166.66666473,21738311.328073587,0.9999999999999911,0.3211870066474555,41.31811381430092,0.6886352302383487,1.4977600249413652
43,200,35,2,500,0,0.5258249776343986,122097472.24455345,59398166.66666621,21738311.32807364,0.9999999999999936,0.3659761327326119,44.97881814457448,0.7496469690762414,1.5682528528967294
44,200,35,2,500,0,0.5264498795854073,121288187.57788692,58778499.99999956,21738311.328073595,0.9999999999999915,0.36983440081107477,45.27893531654402,0.7546489219424004,1.5769663221766677
45,200,35,2,500,0,0.5679906350213504,132728312.24454819,67538166.666665,21738311.328073625,0.9999999999999928,0.3218670627433993,41.376251284515035,0.6896041880752506,1.5150884732913203
46,200,35,2,500,0,0.549445481603491,128748930.24455108,64491166.66666574,21738311.32807367,0.9999999999999948,0.3370742452285297,42.65511169350026,0.7109185282250043,1.5300234060113191
47,200,35,2,500,0,0.5498313256683891,128478370.57788257,64283999.99999858,21738311.328073625,0.9999999999999928,0.33816052716187706,42.744938119143676,0.7124156353190613,1.532775382716952
48,200,35,2,500,0,0.5717680738161619,131614947.24454875,66685666.66666503,21738311.328073584,0.9999999999999909,0.3259817651180531,41.726263733524846,0.6954377288920808,1.527991214802685
49,200,35,2,500,0,0.5276247289422948,122336905.57788604,59581499.99999935,21738311.3280736,0.9999999999999916,0.36485001767451025,44.89078724084315,0.7481797873473859,1.567684530429289
50,200,35,8,500,0,0.586108654414479,144683218.57788056,76691999.99999714,21738311.328073647,0.9999999999999938,0.2834495296520427,37.95740828812055,0.6326234714686758,1.445491749604789
51,200,35,8,500,0,0.5985816457901518,121939446.24455282,59277166.666665986,21738311.328073625,0.9999999999999928,0.3667231844989309,45.03710791818792,0.750618465303132,1.6425786586924285
52,200,35,8,500,0,0.5524050377320927,134121814.24454853,68605166.66666497,21738311.32807367,0.9999999999999949,0.31686114011929434,40.946359329636174,0.6824393221606029,1.488333271988131
53,200,35,8,500,0,0.5580820733242627,124477439.57788569,61220499.99999927,21738311.328073636,0.9999999999999934,0.35508222455017346,44.118838069156894,0.7353139678192816,1.5774618207836832
54,200,35,8,500,0,0.5264498795854073,121290581.91122015,58780333.33333287,21738311.328073617,0.9999999999999925,0.36982286583506596,45.27804148899028,0.7546340248165048,1.576942197069965
55,200,35,8,500,0,0.5679906350213504,131679594.24454843,66735166.66666505,21738311.328073613,0.9999999999999922,0.32573997209977956,41.70577857189412,0.6950963095315686,1.5236789222327427
56,200,35,8,500,0,0.549445481603491,128648368.2445508,64414166.66666565,21738311.32807367,0.9999999999999949,0.33747718014526845,42.68845438879182,0.711474239813197,1.530901465532903
57,200,35,8,500,0,0.9190208889688382,126426426.9112173,62712833.333332166,21738311.328073613,0.9999999999999922,0.3466325817640836,43.43870292131727,0.7239783820219545,1.9203053364020597
58,200,35,8,500,0,0.5952177879045749,131289317.91121605,66436333.333331905,21738311.328073643,0.9999999999999937,0.32720516376190906,41.82975498215179,0.6971625830358632,1.5541445019499653
59,200,35,8,500,0,0.5276247289422948,123000135.91121894,60089333.33333252,21738311.328073617,0.9999999999999925,0.3617665585917729,44.64873115232947,0.7441455192054911,1.5611834950212042
60,200,40,6,500,0,0.6435047888074613,149218646.91121212,80166166.66666302,21738311.328073636,0.9999999999999933,0.2711656579322693,36.8037112899685,0.6133951881661416,1.4738325033194184
61,200,40,6,500,0,0.5549699771377594,125251683.43021178,61834666.66666585,21725610.263648637,0.9994157290217506,0.3513500021074843,43.84611727043128,0.7307686211738547,1.5668185999976014
62,200,40,6,500,0,0.6310742567033996,134457581.91121456,68863666.66666484,21738311.32807364,0.9999999999999936,0.31567170875896167,40.8441080223082,0.6807351337051366,1.5643467574157055
63,200,40,6,500,0,0.5764204480482739,128732006.25251496,64509499.99999904,21719261.063536916,0.999123654811574,0.33668314067753186,42.66071942689629,0.7110119904482716,1.556778951038571
64,200,40,6,500,0,0.5784971334907307,129575536.24454902,65125499.99999842,21738311.328073606,0.9999999999999919,0.33379108533637564,42.383000365402914,0.7063833394233819,1.5519133411832131
65,200,40,6,500,0,0.6677298827565958,143472246.91121382,75766166.66666408,21738311.328073636,0.9999999999999933,0.28691317357669816,38.27778624947958,0.6379631041579931,1.5352235257759475
66,200,40,6,500,0,0.6008978969489701,132621128.24454865,67457499.99999851,21738311.32807367,0.9999999999999948,0.32225195609197127,41.409691447303295,0.6901615241217216,1.5488609859442688
67,200,40,6,500,0,0.6170340561381159,134275612.57788113,68724333.33333129,21738311.328073565,0.99999999999999,0.31631170902214467,40.89945966036613,0.6816576610061021,1.5517410843619337
68,200,40,6,500,0,0.5998382176298437,144468289.57788065,76528833.33333059,21738311.328073714,0.9999999999999969,0.28405387069459,38.01387845074095,0.6335646408456824,1.460645955031198
69,200,40,6,500,0,0.6240112048027086,134541383.57788074,68927833.33333138,21738311.328073647,0.9999999999999939,0.3153778419662246,40.81866749066849,0.6803111248444748,1.556624603220163
70,200,30,6,500,0,0.5257045322295631,134372658.24454764,68795833.33333142,21738311.328073636,0.9999999999999934,0.31598296400810477,40.86992154315618,0.681165359052603,1.45965626248865
71,200,30,6,500,0,0.5526001477477303,113115766.91122408,52519500.00000033,21738311.32807362,0.9999999999999926,0.413909335162625,48.550260940281596,0.80917101567136,1.6928986315491903
72,200,30,6,500,0,0.5113610805501957,122305218.24455267,59555833.33333268,21738311.32807367,0.9999999999999949,0.3650072564076943,44.90241772856326,0.7483736288093876,1.5517405144857388
73,200,30,6,500,0,0.5117233762684152,121723395.24455492,59110333.33333314,21738311.328073636,0.9999999999999934,0.3677582260530935,45.11704581495122,0.7519507635825203,1.5578807206934102
74,200,30,6,500,0,0.47344287220908043,115297004.57788956,54189666.666666836,21738311.32807363,0.999999999999993,0.4011523352190189,47.63176649823528,0.793862774970588,1.5882275153548835
75,200,30,6,500,0,0.5181643727002478,121038615.9112195,58585999.999999315,21738311.328073606,0.9999999999999919,0.371049590825007,45.37229675550962,0.7562049459251604,1.5712089912854137
76,200,30,6,500,0,0.4922864012058126,122044235.91121978,59355999.999999434,21738311.32807361,0.9999999999999921,0.36623612319013776,44.99843814004433,0.7499739690007388,1.5352492687586616
77,200,30,6,500,0,0.83904831371667,119858209.57788646,57682166.6666661,21738311.328073636,0.9999999999999933,0.3768636406065511,45.819139292509696,0.7636523215418283,1.9041915477437392
78,200,30,6,500,0,0.5237480771595083,123658800.61647981,60595333.333332516,21736356.8975842,0.9999100928098744,0.358713381078595,44.41091109263206,0.7401818515438677,1.550900633566252
79,200,30,6,500,0,0.5017345985367919,116087134.57788955,54794666.66666685,21738311.32807365,0.999999999999994,0.39672312380901265,47.307567888285114,0.7884594648047519,1.607572562388754
80,200,30,8,500,0,0.5257045322295631,135497994.91121542,69657499.99999821,21738311.328073636,0.9999999999999934,0.3120742393579183,40.530489057040896,0.6755081509506816,1.4508720746665795
81,200,30,8,500,0,0.805328079708094,106157834.24455984,47191833.33333424,21738311.3280736,0.9999999999999917,0.46063714402717665,51.732404292916634,0.8622067382152773,2.0360445331451125
82,200,30,8,500,0,0.5113610805501957,123203093.24455288,60243333.33333271,21738311.328073677,0.9999999999999951,0.3608417749362126,44.575179529778616,0.7429196588296436,1.5429541593288094
83,200,30,8,500,0,0.5403615106418692,121232556.91122203,58734499.99999991,21738311.328073647,0.9999999999999938,0.3701114562663116,45.29971271678792,0.7549952119464653,1.5914458876013837
84,200,30,8,500,0,0.47344287220908043,115313764.91122293,54202500.000000186,21738311.32807363,0.999999999999993,0.4010573558059786,47.62484343675704,0.7937473906126173,1.5880361474664806
85,200,30,8,500,0,0.5181643727002478,121062559.24455266,58604333.33333261,21738311.328073606,0.9999999999999919,0.37093351449677564,45.363323179929466,0.7560553863321577,1.5709665706298261
86,200,30,8,500,0,0.4922864012058126,122020292.57788633,59337666.666666076,21738311.32807361,0.9999999999999921,0.3663492777730923,45.007267922215064,0.7501211320369178,1.535486955461204
87,200,30,8,500,0,0.8606572576530267,117688943.57788786,56021166.66666644,21738311.328073665,0.9999999999999947,0.38803746193683497,46.66368677500674,0.777728112916779,1.9488153401192736
88,200,30,8,500,0,0.5237480771595083,123572604.61647986,60529333.33333252,21736356.8975842,0.9999100928098744,0.35910451512629393,44.44188917959899,0.7406981529933164,1.55172984225386
89,200,30,8,500,0,0.4999881859030172,116512601.2525209,55150333.33333364,21719261.063536875,0.9991236548115721,0.3938192165088773,47.13481581359147,0.7855802635598579,1.600623822669977
90,200,35,10,500,0,0.591437674039097,145506869.244548,77322666.66666402,21738311.328073647,0.9999999999999938,0.281137630984546,37.74254802204654,0.629042467034109,1.445390245860843
91,200,35,10,500,0,0.8484020269527571,113252804.91122377,52625833.33333355,21738311.3280736,0.9999999999999916,0.41307300903688315,48.491514221699795,0.8081919036949966,1.9870523378772602
92,200,35,10,500,0,0.5922943829325142,134471386.91121608,68872833.33333182,21738311.32807363,0.9999999999999929,0.3156296942636904,40.839914915326396,0.6806652485887733,1.5254633869322398
93,200,35,10,500,0,0.5546790766572478,124034487.91121928,60881333.33333266,21738311.328073636,0.9999999999999934,0.35706036871849955,44.27639515818286,0.7379399193030476,1.578267290935095
94,200,35,10,500,0,0.5438549393071328,121977755.57788627,59306499.99999935,21738311.32807364,0.9999999999999936,0.366541801119167,45.02296319506657,0.7503827199177763,1.5874711001202426
95,200,35,10,500,0,0.5679906350213504,132041138.57788152,67011999.99999829,21738311.328073613,0.9999999999999922,0.32439430740873526,41.59158319254256,0.6931930532090427,1.5206991341573812
96,200,35,10,500,0,0.549445481603491,128578932.57788405,64360999.999998935,21738311.328073665,0.9999999999999947,0.3377559597904636,42.71150716446845,0.7118584527411408,1.5315087021770029
97,200,35,10,500,0,0.9209860392898082,119137304.36617336,57726166.66666667,21359328.468931682,0.982566131590329,0.3700112046633678,46.09639297461968,0.7682732162436614,1.9852682192641637
98,200,35,10,500,0,0.5952177879045749,131272557.57788268,66423499.99999857,21738311.328073636,0.9999999999999934,0.32726838134205677,41.835095631025325,0.6972515938504221,1.5542840868286425
99,200,35,10,500,0,0.5276247289422948,123019290.57788548,60103999.99999918,21738311.328073617,0.9999999999999925,0.3616782797829415,44.64177914050848,0.7440296523418081,1.560997005110456
100,200,35,8,400,0,0.5741172910538688,127509619.9289731,70363333.3333318,17390649.06245904,1.000000000000002,0.24715499164990412,34.458576556400104,0.5743096092733351,1.3461508936471271
101,200,35,8,400,0,0.5020518347420889,111218475.06868073,57913166.66666654,17375408.85082963,0.9991236548115807,0.300025190313596,39.50602629002688,0.658433771500448,1.4005057584934137
102,200,35,8,400,0,0.5541011866510516,120390465.9416454,64912833.333332196,17390258.1462429,0.9999775214706075,0.2679016960628207,36.49624549280941,0.6082707582134901,1.3766933017147982
103,200,35,8,400,0,0.5438334832219232,118202846.26230627,63237166.666665785,17390649.06245898,0.9999999999999986,0.2750067717949501,37.17169373611894,0.6195282289353157,1.3833671295931989
104,200,35,8,400,0,0.5412719482720124,126161610.2623075,69331166.66666561,17390649.06245908,1.0000000000000042,0.25083450774845384,34.82675903442164,0.5804459839070274,1.322385538377803
105,200,35,8,400,0,0.5586972968040631,119842964.59563862,64492999.99999886,17390649.062459048,1.0000000000000024,0.26965173061354497,36.66297821340696,0.6110496368901159,1.3854683181850151
106,200,35,8,400,0,0.5096635885710901,115839639.2623075,61427666.66666609,17390649.06245898,0.9999999999999986,0.28310775919307496,37.93002143291098,0.6321670238818498,1.3683168198073998
107,200,35,8,400,0,0.5475624428730742,118186085.92897187,63224333.33333203,17390649.06245898,0.9999999999999986,0.2750625929224403,37.176965168646085,0.6196160861441015,1.387228603355128
108,200,35,8,400,0,0.5644299926962564,121042525.59563982,65411499.99999897,17390649.062459037,1.0000000000000016,0.26586531515802736,36.299639142346784,0.6049939857057798,1.382116230528458
109,200,35,8,400,0,0.5477207391479407,110574399.40201563,57420000.00000021,17375408.85082959,0.9991236548115783,0.30260203501967137,39.7361416725896,0.6622690278764934,1.4520713950401714
110,200,30,8,400,0,0.4725022544531206,114179805.26230876,60155333.333333015,17390649.062459037,1.0000000000000018,0.289095714358258,38.48141087564468,0.6413568479274113,1.3451356738671385
111,200,30,8,400,0,0.45030191268868525,103635060.40201727,52105166.66666721,17375408.85082963,0.9991236548115807,0.33346806012512104,42.396848932742785,0.7066141488790464,1.4236905096678285
112,200,30,8,400,0,0.5517052182131964,118750587.59563969,63655166.66666574,17390649.06245902,1.0000000000000009,0.2732009037620818,37.000237969023175,0.6166706328170529,1.3869365740399147
113,200,30,8,400,0,0.5072672213813033,109879582.59564349,56862666.666666664,17390649.06245899,0.9999999999999988,0.30583597432045023,39.98741072915402,0.6664568454859003,1.418392846323564
114,200,30,8,400,0,0.4802960604923918,115412886.92897664,61099500.0,17390649.062459078,1.000000000000004,0.28462833676968025,38.070272020003095,0.6345045336667182,1.3425032635748542
115,200,30,8,400,0,0.4988222015891781,112406333.6775032,58813333.333333,17380488.210919004,0.999415729021757,0.29551952296960615,39.08854471320033,0.6514757452200055,1.3867135651848685
116,200,30,8,400,0,0.4579439292447466,107928200.92897744,55368500.000000164,17390649.062459014,1.0000000000000002,0.31408922153316343,40.71039785877054,0.678506630979509,1.3877219374507863
117,200,30,8,400,0,0.8496347661607458,114673037.92897293,60532999.999998994,17390649.062458977,0.9999999999999982,0.2872920400849002,38.31589429697908,0.6385982382829847,1.7180666365116506
118,200,30,8,400,0,0.5128472988932404,113597982.26230857,59709833.33333295,17390649.062458992,0.9999999999999991,0.291252681369497,38.67850390030958,0.6446417316718264,1.3904911756606644
119,200,30,8,400,0,0.5011072231191079,101923112.06868546,50794333.33333426,17375408.85082961,0.9991236548115792,0.3420737651344827,43.108966267033146,0.7184827711172191,1.4932490063439132
120,200,35,6,400,0,0.560096258234817,124507125.92897338,68064333.33333212,17390649.062459033,1.0000000000000016,0.25550311316929586,35.28954641926678,0.5881591069877796,1.3526578557580333
121,200,35,6,400,0,0.5020518347420889,111249601.40201409,57936999.99999988,17375408.850829627,0.9991236548115804,0.2999017700403829,39.49497296734093,0.6582495494556821,1.4002228002300774
122,200,35,6,400,0,0.5541011866510516,120443141.27497853,64953166.666665465,17390258.14624287,0.9999775214706056,0.26773533976393027,36.48028400362546,0.6080047333937576,1.3762941918559535
123,200,35,6,400,0,0.5438334832219232,118171719.92897291,63213333.33333246,17390649.06245898,0.9999999999999986,0.2751104576427846,37.18148472951813,0.6196914121586355,1.3836132614947863
124,200,35,6,400,0,0.5412719482720124,125177539.26230691,68577666.6666655,17390649.06245908,1.0000000000000042,0.253590562463864,35.10054619936955,0.5850091033228259,1.3291535015659295
125,200,35,6,400,0,0.5586972968040631,119704093.2623052,64386666.66666555,17390649.062459048,1.0000000000000024,0.270097055225606,36.70551173527503,0.6117585289212505,1.3865334699057983
126,200,35,6,400,0,0.5096635885710901,115894708.92897427,61469833.33333284,17390649.06245898,0.9999999999999986,0.28291355481890773,37.91199823188414,0.631866637198069,1.3678610696242852
127,200,35,6,400,0,0.5475624428730742,118212423.59563845,63244499.99999873,17390649.06245898,0.9999999999999986,0.27497488417900895,37.16868216008823,0.6194780360014706,1.387020386217752
128,200,35,6,400,0,0.5644299926962564,121059285.92897324,65424333.33333233,17390649.062459037,1.0000000000000016,0.2658131642527393,36.29461355469987,0.6049102259116645,1.3819907500101123
129,200,35,6,400,0,0.5477207391479407,110586371.06868228,57429166.666666865,17375408.85082959,0.9991236548115783,0.30255373461503937,39.73183998660311,0.6621973331100519,1.4519610599500241
130,200,35,8,300,0,0.5635752034980631,112215572.9467307,65473833.33333262,13042986.79684428,1.000000000000001,0.19920915169944872,29.370255067579013,0.4895042511263169,1.212446775983939
131,200,35,8,300,0,0.5176453484667926,96077766.28006616,53117166.66666691,13042986.796844313,1.0000000000000038,0.2455512523605536,34.30346195177728,0.5717243658629546,1.2858107162181902
132,200,35,8,300,0,0.6000574414912279,121098549.61339389,72275499.99999778,13042986.796844313,1.0000000000000038,0.1804620763169361,27.215850317958505,0.4535975052993084,1.198024607844085
133,200,35,8,300,0,0.5401608388720798,103591707.21817563,58888499.9999997,13031556.638122259,0.9991236548115826,0.22129204578351164,31.815288004267362,0.5302548000711227,1.2474492755700117
134,200,35,8,300,0,0.5300488893833641,115972281.94672824,68350333.33333148,13042986.796844332,1.000000000000005,0.19082550385286612,28.418859616075526,0.47364766026792543,1.1563569527335824
135,200,35,8,300,0,0.5748804969618568,117426165.21817355,69481499.99999861,13031556.63812225,0.9991236548115818,0.18755433659495704,28.066998474117955,0.46778330790196593,1.1927072741397884
136,200,35,8,300,0,0.6993345484618136,107323949.94672969,61728333.33333268,13042986.796844326,1.0000000000000047,0.2112965974054777,30.708895839520185,0.5118149306586698,1.3801867570448656
137,200,35,8,300,0,0.8339249219744362,113130208.2800627,66174166.666665465,13042986.796844337,1.0000000000000056,0.19710088473867557,29.132802370883898,0.4855467061813983,1.477152335946775
138,200,35,8,300,0,0.6018880002589645,116970718.94672677,69114833.33333111,13042986.796844328,1.0000000000000049,0.18871472544742807,28.17628231815042,0.46960470530250703,1.222464485919414
139,200,35,8,300,0,0.5596991232591579,101522480.28006394,57286166.66666648,13042986.796844337,1.0000000000000056,0.22768126330983418,32.46374587094479,0.5410624311824132,1.2829065650894385
140,200,35,6,300,0,0.5635752034980631,113072744.28006344,66130166.66666575,13042986.79684428,1.000000000000001,0.19723202668743403,29.147607772186202,0.48579346286977004,1.2071542877177803
141,200,35,6,300,0,0.5176453484667926,96108892.61339954,53141000.000000246,13042986.796844313,1.0000000000000038,0.2454411244960436,34.29235225149705,0.5715392041916175,1.285537452255245
142,200,35,6,300,0,0.6075505425015308,122432193.28005978,73296666.66666414,13042986.796844305,1.000000000000003,0.1779478848084691,26.919390331111373,0.4486565055185229,1.198565355866829
143,200,35,6,300,0,0.5401608388720798,103596495.8848425,58892166.66666642,13031556.638122259,0.9991236548115826,0.22127826798904746,31.813817367564244,0.5302302894594041,1.2474137427227219
144,200,35,6,300,0,0.5300488893833641,115206095.28006116,67763666.66666482,13042986.796844332,1.000000000000005,0.1924775833191536,28.607861346121048,0.4767976891020175,1.1608286451407044
145,200,35,6,300,0,0.5763059530466426,117687147.55150683,69681333.33333191,13031556.63812225,0.9991236548115818,0.18701646502347613,28.00475726168453,0.46674595436140887,1.1926650794268323
146,200,35,6,300,0,0.6993345484618136,107364653.6133963,61759499.999999344,13042986.796844328,1.0000000000000049,0.21118996748426505,30.69725360329175,0.5116208933881958,1.3799074158374216
147,200,35,6,300,0,0.5715582727413238,114597934.61339459,67297999.99999827,13042986.796844307,1.0000000000000033,0.1938094266819912,28.75968062704313,0.4793280104507189,1.2059338245376356
148,200,35,6,300,0,0.5614995235737088,118680272.94672671,70423833.33333099,13042986.796844332,1.000000000000005,0.18520699853285605,27.77041135959825,0.4628401893266375,1.1725053117266313
149,200,35,6,300,0,0.5596991232591579,101541634.94673064,57300833.33333314,13042986.796844337,1.0000000000000056,0.22762298623075952,32.457621957032664,0.5409603659505444,1.2827578781943099
150,200,35,8,200,0,0.6043410277218317,109721631.96448396,70385333.33333117,8695324.531229498,0.9999999999999994,0.1235388698104212,20.030690034863962,0.3338448339143994,1.037016957484568
151,200,35,8,200,0,0.5913510345908276,94605373.17208311,58818833.333332755,8690244.105459513,0.9994157290217583,0.14774594484407658,23.231238631682118,0.3871873105280353,1.0967351009941242
152,200,35,8,200,0,0.5734609463358512,105878726.9644848,67442833.33333161,8695324.5312295,0.9999999999999996,0.12892881424855698,20.757710854770803,0.34596184757951337,1.0225658453142101
153,200,35,8,200,0,0.5489591615431124,96081114.96448615,59940833.33333292,8695324.531229502,0.9999999999999999,0.14506512585293102,22.87442231298376,0.3812403718830627,1.04625163410852
154,200,35,8,200,0,0.519056155481414,101103178.70100515,63798166.66666573,8687704.425414788,0.9991236548115774,0.1361748288286484,21.73818892974282,0.36230314882904696,0.9902991673733796
155,200,35,8,200,0,0.5398574980826196,103722579.3676702,65803833.33333181,8687704.425414784,0.9991236548115769,0.13202429076444358,21.189214666648013,0.35315357777746686,0.9986305084716414
156,200,35,8,200,0,0.5529910070686688,101536553.03433801,64129999.99999902,8687704.425414788,0.9991236548115773,0.13547020778753968,21.64540684433851,0.36075678073897516,1.0221239540376756
157,200,35,8,200,0,0.5493028026923277,102415273.36767262,64802833.333332725,8687704.42541479,0.9991236548115776,0.13406365090129604,21.459689826827486,0.3576614971137914,1.014215220527156
158,200,35,8,200,0,0.5551973062578909,101363014.297818,63985166.66666529,8695324.531229502,0.9999999999999997,0.1358959425163075,21.68246490324934,0.3613744150541557,1.0252884753250926
159,200,35,8,200,0,0.603751886703153,95152113.63115267,59229499.99999943,8695324.531229496,0.9999999999999991,0.14680732626865972,23.09775280998533,0.38496254683308884,1.1061602945511697
160,200,30,8,200,0,0.5300653614826345,101666533.631152,64216166.66666546,8695324.531229498,0.9999999999999994,0.13540709423477987,21.617733205832092,0.3602955534305349,0.9986865903009933
161,200,30,8,200,0,0.8234626269088593,86783357.63115583,52820166.66666711,8695324.531229494,0.9999999999999988,0.16462130053665272,25.325132145048215,0.4220855357508036,1.377245203088985
162,200,30,8,200,0,0.5097200540567881,95626777.36767286,59603499.999999784,8687704.425414788,0.9991236548115773,0.14575829314410763,22.983102228257017,0.3830517038042836,1.0093783923763577
163,200,30,8,200,0,0.5483375272805072,96424090.36767301,60213999.99999967,8687704.425414791,0.9991236548115777,0.14428047340178093,22.793059199413833,0.37988431999023053,1.0436462259921626
164,200,30,8,200,0,0.5852379635482879,95347887.96448736,59377999.99999978,8695324.531229498,0.9999999999999992,0.1464401719699136,23.05032703837738,0.38417211730628964,1.0865622184305086
165,200,30,8,200,0,0.5044178902936901,96347471.70100585,60155333.333333,8687704.425414793,0.999123654811578,0.14442118335999315,22.811184986985552,0.3801864164497592,1.0001412534314438
166,200,30,8,200,0,0.5339003359220044,91186536.63115336,56191666.666666634,8695324.5312295,0.9999999999999996,0.15474402250445507,24.102242295812058,0.4017040382635343,1.0593995921891026
167,200,30,8,200,0,0.8067956154532591,89975003.96448676,55263999.999999925,8695324.531229509,1.0000000000000007,0.15734157012213232,24.426784141820924,0.4071130690303487,1.3397819405813136
168,200,30,8,200,0,0.6216523031914576,96609701.63115296,60344166.66666603,8695324.531229492,0.9999999999999987,0.14409552756377308,22.749268064101887,0.3791544677350315,1.1160831929775075
169,200,30,8,200,0,0.8736396569366558,84903805.96448898,51381000.0000006,8695324.531229494,0.999999999999999,0.1692322946464528,25.885765367446893,0.43142942279078156,1.4404549154445996
170,200,40,8,200,0,0.6305815578048609,112457668.36766875,72493666.66666402,8687704.425414786,0.9991236548115772,0.11984087472581655,19.54335379615483,0.32572256326924715,1.0521768208547613
171,200,40,8,200,0,0.5722537518958655,100152042.63115162,63059333.333332345,8695324.531229503,1.0,0.137891158558019,21.944634799853688,0.3657439133308948,1.0483105920731755
172,200,40,8,200,0,0.6906961871516749,111930915.03433631,72090333.33333124,8687704.425414788,0.9991236548115773,0.12051136433569512,19.635325944809754,0.3272554324134959,1.114360711033727
173,200,40,8,200,0,0.5933248923859612,109231354.63115102,70011333.33333139,8695324.531229505,1.0000000000000002,0.12419881349538284,20.120596393054555,0.3353432732175759,1.0280272163998434
174,200,40,8,200,0,0.6494817665673975,109533040.63115202,70242333.33333187,8695324.531229496,0.9999999999999991,0.1237903713984873,20.065178391249088,0.33441963985415146,1.0829337035403388
175,200,40,8,200,0,0.6147799652072612,108930815.36766993,69793166.66666512,8687704.425414786,0.9991236548115772,0.12447786567569859,20.176108960369493,0.3362684826728249,1.050630740420645
176,200,40,8,200,0,0.589153770549942,104984954.03433734,66771833.33333199,8687704.425414788,0.9991236548115773,0.13011031735559597,20.934428368479995,0.3489071394746666,1.0421491639090854
177,200,40,8,200,0,0.5777098225353162,114585083.96448337,74110666.66666383,8695324.531229502,0.9999999999999997,0.11732892068478448,19.18050695569789,0.31967511592829817,0.9912480750114421
178,200,40,8,200,0,0.5936959931802835,109556983.96448343,70260666.66666433,8695324.531229502,0.9999999999999997,0.12375807039353157,20.060793209792,0.3343465534965333,1.0270490029916421
179,200,40,8,200,0,0.6544397938053338,103640586.29781905,65730499.99999873,8695324.5312295,0.9999999999999996,0.13228751540349865,21.205978068133035,0.3534329678022173,1.11370277393035
180,200,35,10,200,0,0.6043410277218317,109738392.29781725,70398166.66666447,8695324.531229498,0.9999999999999994,0.12351634911746903,20.027630749641624,0.3337938458273604,1.0369479528431673
181,200,35,10,200,0,0.9481972061359567,80909371.3676759,48335833.33333399,8687704.425414784,0.9991236548115769,0.17973631209588467,27.163726065952886,0.45272876776588145,1.5447150235785458
182,200,35,10,200,0,0.5734609463358512,105794925.29781812,67378666.66666491,8695324.5312295,0.9999999999999996,0.12905159691341067,20.774153333093064,0.3462358888848844,1.022938112751464
183,200,35,10,200,0,0.5489591615431124,97026876.6311531,60664999.99999959,8695324.531229503,1.0,0.14333346297254698,22.651455723499367,0.3775242620583228,1.041150193979473
184,200,35,10,200,0,0.519056155481414,101081629.70100504,63781666.66666569,8687704.425414788,0.9991236548115774,0.1362100565797108,21.742823166790984,0.3623803861131831,0.9904045868583657
185,200,35,10,200,0,0.5398574980826196,105235798.03433697,66962499.9999986,8687704.425414784,0.9991236548115769,0.1297398458154186,20.884528278893164,0.3480754713148861,0.9917248460498407
186,200,35,10,200,0,0.5529910070686688,102118376.03433785,64575499.999998994,8687704.425414782,0.9991236548115767,0.1345356121968071,21.52208138583185,0.35870135643053086,1.0193208532566453
187,200,35,10,200,0,0.8012756564487075,99702493.7010058,62725666.66666612,8687704.425414795,0.9991236548115783,0.13850318198422026,22.04358104212421,0.3673930173687368,1.2794712194048206
188,200,35,10,200,0,0.5551973062578909,101358225.63115135,63981499.999998614,8695324.531229502,0.9999999999999997,0.1359037304725536,21.68348929072541,0.3613914881787569,1.0253117788146908
189,200,35,10,200,0,0.8300630685653204,101588081.63115266,64157499.9999988,8695324.531229494,0.9999999999999988,0.135530912695003,21.634427628821665,0.3605737938136944,1.2990615925350173
190,200,30,10,200,0,0.9126874222036461,95016222.36767258,59135999.99999972,8687704.425414786,0.9991236548115772,0.1469105861981674,23.130786988093927,0.3855131164682321,1.415729007630412
191,200,30,10,200,0,0.8229019096405088,79880494.63115759,47534666.666667424,8695324.531229503,1.0,0.18292595995686023,27.513600286880827,0.4585600047813471,1.4278026823873442
192,200,30,10,200,0,0.5132689534670953,99419401.36767288,62507499.999999665,8687704.425414788,0.9991236548115774,0.1389865924155475,22.10634916088556,0.368439152681426,0.9928973800809594
193,200,30,10,200,0,0.539188549216695,92404004.70100701,57135833.33333343,8687704.425414791,0.9991236548115777,0.15205351735626696,23.784683435652532,0.3964113905942089,1.0572427536959175
194,200,30,10,200,0,0.5980231847644611,96770121.96448699,60466999.99999956,8695324.531229498,0.9999999999999992,0.1438028103135522,22.711555544040294,0.3785259257340049,1.0915913587493078
195,200,30,10,200,0,0.5044178902936901,96342683.03433913,60151666.66666629,8687704.425414793,0.999123654811578,0.14442998684572075,22.812318805950678,0.3802053134325113,1.000167193202778
196,200,30,10,200,0,0.5339003359220044,91933568.63115355,56763666.66666654,8695324.531229494,0.9999999999999988,0.15318468735099647,23.90639276516925,0.3984398794194875,1.0548879652222891
197,200,30,10,200,0,0.9138928112000222,97799685.29782069,61255333.333332956,8695324.531229503,1.0,0.14195212168566912,22.472464950242273,0.3745410825040379,1.4019955910525954
198,200,30,10,200,0,0.6229609875852493,99320086.96448655,62419499.99999945,8695324.531229492,0.9999999999999987,0.139304616846171,22.128454244969173,0.3688075707494862,1.1032122518116725
199,200,30,10,200,0,0.8855735338180235,86768991.63115487,52809166.66666708,8695324.531229496,0.9999999999999991,0.1646555906877801,25.329325127374975,0.4221554187895829,1.4394534251578304
200,200,35,10,300,0,0.5635752034980631,112205995.61339742,65466499.999999285,13042986.79684428,1.000000000000001,0.19923146642701875,29.372761963233994,0.48954603272056657,1.2125064093602447
201,200,35,10,300,0,0.9023234558946626,96249557.53957136,53249166.66666686,13042693.609682228,0.9999775214706107,0.2449370464579824,34.24223533334154,0.570703922222359,1.6689770152834074
202,200,35,10,300,0,0.6000574414912279,121498403.28006046,72581666.66666433,13042986.796844305,1.000000000000003,0.17970084452241922,27.126282412148257,0.4521047068691376,1.1959228239783009
203,200,35,10,300,0,0.5401608388720798,103579735.55150896,58879333.33333303,13031556.638122259,0.9991236548115826,0.22132649777718824,31.81896519093774,0.530316086515629,1.2475381236094594
204,200,35,10,300,0,0.5664134505313536,115536513.28006369,68016666.66666575,13042986.7968443,1.0000000000000027,0.19176162896610355,28.526046930383732,0.4754341155063955,1.195256869210632
205,200,35,10,300,0,0.5748804969618568,119688810.21817371,71213999.99999848,13031556.638122238,0.999123654811581,0.18299149939790657,27.53640874190561,0.45894014569842684,1.180213842178609
206,200,35,10,300,0,0.6993345484618136,108552242.94672945,62668833.33333252,13042986.796844319,1.0000000000000042,0.20812557220379857,30.36141778864366,0.5060236298107277,1.3718586360355802
207,200,35,10,300,0,0.7850141095823552,116503823.94672814,68757333.33333154,13042986.79684432,1.0000000000000042,0.1896959373571497,28.28920020262183,0.4714866700436972,1.408257529511772
208,200,35,10,300,0,0.6018880002589645,116934803.94672701,69087333.33333117,13042986.79684432,1.0000000000000042,0.18878984276198335,28.184936295796895,0.46974893826328157,1.2226688127318328
209,200,35,10,300,0,0.5596991232591579,102027684.61339682,57672999.9999997,13042986.796844337,1.0000000000000056,0.22615412405882135,32.302997098174295,0.5383832849695716,1.2790057074757866
210,200,40,10,200,0,0.6305815578048609,112474428.70100214,72506499.99999735,8687704.425414786,0.9991236548115772,0.11981966341521248,19.54044155087509,0.32567402584791816,1.0521113143849492
211,200,40,10,200,0,0.8725762092861089,91061905.70100467,56110999.999999516,8687704.425414788,0.9991236548115774,0.1548306824938936,24.135229579054943,0.4022538263175824,1.398694581598806
212,200,40,10,200,0,0.6906961871516749,111847113.36766957,72026166.66666453,8687704.425414788,0.9991236548115773,0.12061872549210188,19.65003775086514,0.32750062918108563,1.114691796726442
213,200,40,10,200,0,0.5933248923859612,110177116.29781795,70735499.99999812,8695324.531229507,1.0000000000000002,0.12292730709798809,19.947880956143045,0.3324646826023841,1.0241314206667358
214,200,40,10,200,0,0.6877019462913798,117623492.96448392,76437166.66666397,8695324.531229502,0.9999999999999997,0.11375780801961272,18.685042797220955,0.31141737995368257,1.0901255726607526
215,200,40,10,200,0,0.6145279717319649,111380218.36767036,71668666.6666652,8687704.425414786,0.9991236548115772,0.12122039978533106,19.732408790445877,0.3288734798407646,1.0403777714009943
216,200,40,10,200,0,0.589153770549942,105566777.03433771,67217333.33333206,8687704.425414782,0.9991236548115767,0.1292479780822647,20.81904991079837,0.3469841651799728,1.0395363181957267
217,200,40,10,200,0,0.5777098225353162,114553957.63115054,74086833.33333068,8695324.531229502,0.9999999999999997,0.11736666476359695,19.185718638169114,0.3197619773028186,0.9913651316490124
218,200,40,10,200,0,0.5936959931802835,109552195.29781671,70256999.99999766,8695324.531229502,0.9999999999999997,0.12376452924590847,20.06167009273798,0.33436116821229966,1.0270687847893099
219,200,40,10,200,0,0.6544397938053338,103647769.29781884,65735999.99999867,8695324.5312295,0.9999999999999996,0.13227644717095163,21.20450845097204,0.3534084741828673,1.1136694257249624
220,200,30,10,300,0,0.8442607939434937,101313612.2800638,57124833.33333301,13042986.796844304,1.0000000000000029,0.22832428623005832,32.5306730835866,0.5421778847264433,1.5690981076539838
221,200,30,10,300,0,0.8697638134128362,93906067.88484563,51470833.33333364,13031556.638122236,0.9991236548115808,0.25318332333435745,35.09677355505447,0.5849462259175745,1.6572566979978967
222,200,30,10,300,0,0.524950813074313,105755100.6133982,60525666.66666647,13042986.796844292,1.0000000000000022,0.21549513644642773,31.164454299450146,0.5194075716575024,1.2167544938889576
223,200,30,10,300,0,0.8750021581424523,96482370.55151175,53443500.00000025,13031556.63812225,0.9991236548115818,0.24383800907729072,34.15960844619151,0.5693268074365252,1.63939937284081
224,200,30,10,300,0,0.5129997020359098,100045138.55150986,56171499.99999994,13031556.63812223,0.9991236548115805,0.23199588115186964,32.94312994831932,0.5490521658053219,1.2476485727627273
225,200,30,10,300,0,0.5110983774851726,104163391.88484251,59324833.33333305,13031556.63812227,0.9991236548115834,0.2196644458299756,31.64067471654207,0.5273445786090345,1.2141745127581876
226,200,30,10,300,0,0.44879963330332734,102367086.45721343,57938833.333333224,13038296.790572383,0.9996404193038808,0.22503554249290036,32.19589532205307,0.5365982553675511,1.1654263226651986
227,200,30,10,300,0,0.870404253121835,107524512.94673021,61880499.999999315,13042986.796844292,1.0000000000000022,0.2107770104773626,30.65161524268243,0.5108602540447071,1.5498861155484323
228,200,30,10,300,0,0.5451527027471514,105999322.61339492,60712666.66666575,13042986.796844313,1.0000000000000038,0.21483139372636972,31.092651525902454,0.5182108587650409,1.2352286764932883
229,200,30,10,300,0,0.9227268691273727,95935939.6134005,53007166.66666711,13042986.796844304,1.0000000000000029,0.24606081813171538,34.35417439263436,0.5725695732105727,1.6921450968433176
230,200,30,10,400,0,0.8984419342987982,112755176.9289758,59064499.999999695,17390649.062459007,1.0,0.2944348815694554,38.967612128067906,0.6494602021344651,1.7834500416888277
231,200,30,10,400,0,0.8404089248212613,107305674.26231134,54891833.33333336,17390649.062459048,1.0000000000000024,0.31681669214532293,40.94657649938669,0.6824429416564448,1.7763052201939644
232,200,30,10,400,0,0.5517052182131964,118683546.2623062,63603833.33333235,17390649.06245902,1.0000000000000009,0.27342139853928027,37.021138467577686,0.6170189744596281,1.3874613115042487
233,200,30,10,400,0,0.8728062199709165,108768611.9289777,56012000.000000186,17390649.062459018,1.0000000000000007,0.310480773092533,40.39584510712526,0.6732640851187544,1.7944549235636973
234,200,30,10,400,0,0.4802960604923918,115408098.26230994,61095833.33333333,17390649.062459078,1.000000000000004,0.28464541874037913,38.07185168248224,0.634530861374704,1.3425432568593991
235,200,30,10,400,0,0.5153154280888504,117615673.59564081,62786166.666666046,17390649.062458996,0.9999999999999994,0.27698217594309527,37.357265963597285,0.6226210993932881,1.3595222682366148
236,200,30,10,400,0,0.4579439292447466,107916229.26231079,55359333.33333348,17390649.062459014,1.0000000000000002,0.3141412299484393,40.71491405912672,0.6785819009854454,1.3878388141889433
237,200,30,10,400,0,0.747924981535325,115264438.26230647,60985833.33333241,17390649.062458947,0.9999999999999964,0.28515883299333245,38.119302590110756,0.6353217098351792,1.6113737577651701
238,200,30,10,400,0,0.572128051869778,117335536.59564067,62571666.66666604,17390649.06245905,1.0000000000000027,0.27793168999482026,37.44645592870831,0.6241075988118052,1.4185810026774395
239,200,30,10,400,0,0.9201622782258435,102479427.67750801,51212333.33333404,17380488.21091906,0.9994157290217602,0.3393809084579656,42.874946704687176,0.7145824450781196,1.9062494500703355
240,200,25,10,400,0,0.8775772686916087,105128563.40201737,53247333.333333805,17375408.850829616,0.9991236548115798,0.32631509905027095,41.794540492272006,0.6965756748712001,1.8352050228030254
241,200,25,10,400,0,0.8472030098227534,95879253.73535244,46165166.66666743,17375408.85082959,0.9991236548115783,0.3763748753749249,45.82638922209222,0.763773153701537,1.9120760638242302
242,200,25,10,400,0,0.4635216924269712,98981601.22652303,48519166.666667625,17389085.518067513,0.9999100928098843,0.35839621149168893,44.39006790711162,0.739834465118527,1.4900731267388494
243,200,25,10,400,0,0.8931279338520948,101084534.40201811,50150833.33333397,17375408.850829598,0.9991236548115787,0.34646301359225096,43.46658987937406,0.7244431646562344,1.89474150938213
244,200,25,10,400,0,1.0,88710720.59564838,40652333.33333412,17390649.06245907,1.0000000000000036,0.42778968970519277,49.52952665132036,0.8254921108553394,2.1677238626194937
245,200,25,10,400,0,0.464874590535124,106857272.0686839,54571000.00000058,17375408.8508296,0.9991236548115789,0.3184000449108394,41.11839947753699,0.6853066579589498,1.4049012844227455
246,200,25,10,400,0,0.7867431380371133,93860830.73535383,44619666.66666787,17375408.850829627,0.9991236548115804,0.3894114445236217,46.81185927693927,0.7801976546156546,1.8784699482716654
247,200,25,10,400,0,0.8465143827677614,103146156.262312,51705500.00000027,17390649.062458996,0.9999999999999994,0.3363404098685615,42.59780644492544,0.7099634407487573,1.8255501514113677
248,200,25,10,400,0,0.5720443969833594,104446279.26231216,52701000.00000032,17390649.062459003,0.9999999999999999,0.3299870792292158,42.06755885449177,0.7011259809081962,1.5371600412749282
249,200,25,10,400,0,1.0,86287667.75265622,42315166.666667715,15148231.699684162,0.8710561431766497,0.3579858687314742,50.92037036618995,0.8486728394364992,2.1350615344216783
250,200,30,10,500,0,0.5354218841843447,137717541.91121647,71356999.99999826,21738311.328073636,0.9999999999999934,0.3046416094857431,39.87727288612547,0.6646212147687578,1.443756386541697
251,200,30,10,500,0,0.93176005067281,108041326.66722788,48724500.000000656,21680639.17385334,0.9973469809429971,0.4449638102772332,50.83054947034286,0.8471758245057143,2.134906923400311
252,200,30,10,500,0,0.5385169936337656,118617944.91122091,56732499.9999996,21738311.32807363,0.9999999999999929,0.3831721029052797,46.298222449481095,0.7716370408246849,1.6166917167826742
253,200,30,10,500,0,0.8690367272065922,117896591.03168312,56281500.0000003,21673719.87881037,0.9970286813778403,0.38509492246671206,46.58149953228209,0.7763583255380347,1.9534709907179968
254,200,30,10,500,0,0.48301363265036457,114842081.24455632,53841333.33333351,21738311.328073654,0.9999999999999941,0.4037476411197144,47.82044996472335,0.7970074994120558,1.603019244958192
255,200,30,10,500,0,0.5181643727002478,121424103.57788561,58881166.66666584,21738311.328073606,0.999999999999992,0.3691895483514635,45.22825236652762,0.7538042061087936,1.567320217490212
256,200,30,10,500,0,0.4922864012058126,121950856.91121954,59284499.999999374,21738311.328073606,0.9999999999999919,0.3666778218265117,45.032893897564335,0.7505482316260722,1.5361768902930941
257,200,30,10,500,0,0.8702007056943117,113067880.24455646,52482833.33333342,21738311.32807363,0.9999999999999929,0.4141985092536339,48.57082301465007,0.8095137169108344,2.011073230008053
258,200,30,10,500,0,0.5670129475722875,128992591.24455267,64676333.333332576,21738311.32807367,0.9999999999999949,0.33610921039752706,42.57453817319076,0.709575636219846,1.545475952110155
259,200,30,10,500,0,0.8252506073325429,113245060.9112234,52618500.000000216,21738311.328073632,0.9999999999999931,0.41313057818207555,48.49483020107346,0.808247170017891,1.9640022398960943
260,200,30,10,600,0,0.84930708154421,122476655.89346856,52866000.000000216,26085973.593688272,0.9999999999999902,0.49343573551409536,53.80453892970326,0.8967423154950543,2.140797985450541
261,200,30,10,600,0,0.8839315286554389,126688288.22679937,56090833.33333285,26085973.593688294,0.999999999999991,0.4650666079190928,52.01585791579121,0.8669309652631868,2.1229157802539
262,200,30,10,600,0,0.5318219881940635,131207555.14091562,59559499.99999978,26080696.99410254,0.9997977227276169,0.4378931487689225,50.22424198760978,0.8370706997934964,1.7192072070026978
263,200,30,10,600,0,0.8649295040132667,129971965.10302453,58641000.00000003,26063113.2762442,0.9991236548115705,0.44445206043969554,50.70170320789165,0.8450283867981941,2.0655195391632173
264,200,30,10,600,0,0.5146147083522884,131721176.8934676,59944500.00000008,26085973.593688298,0.9999999999999911,0.43516875766230867,50.028402079413894,0.8338067013235649,1.6965564158057003
265,200,30,10,600,0,0.5401936663009922,148795167.89346045,73017999.99999832,26085973.5936883,0.9999999999999913,0.35725401399228823,44.28772851493669,0.7381288085822781,1.564125686077101
266,200,30,10,600,0,0.47036815713819424,123277479.83261843,53962333.33333352,25778024.645819448,0.9881948455263487,0.47770404008634465,53.45501878321478,0.8909169797202464,1.7434483689275164
267,200,30,10,600,0,0.9459367056595985,117396938.5025551,50009666.6666673,25427434.76617154,0.9747550604100772,0.508450394913741,56.13263926687982,0.9355439877813303,2.2882410093719217
268,200,30,10,600,0,0.5495122840937637,136071680.56012994,63275666.6666656,26085973.59368823,0.9999999999999886,0.4122591664044947,48.42888669320119,0.8071481115533532,1.6864677287707126
269,200,30,10,600,0,0.8456154821906495,122012155.22680241,52510333.333333656,26085973.593688313,0.9999999999999918,0.496777908989751,54.0093729821471,0.9001562163691184,2.1431940257515687
270,200,25,8,500,0,0.46568037905474746,117645284.5778885,55986333.333333254,21738311.32807368,0.9999999999999953,0.3882788893969429,46.681004000326816,0.7780167333387803,1.5543202239110823
271,200,25,8,500,0,0.8913893990944528,100987865.86501923,43301500.00000078,21693886.545477085,0.9979563829992939,0.5009961905586803,54.380790731238555,0.9063465121873092,2.198532863728706
272,200,25,8,500,0,0.4463698690934321,112068882.24455859,51716500.00000068,21738311.32807362,0.9999999999999927,0.4203360886385068,49.00379025834935,0.8167298376391557,1.5993685776433932
273,200,25,8,500,0,0.7807298292146636,108836532.24455935,49241500.00000083,21738311.32807363,0.999999999999993,0.44146322366445506,50.45916005169791,0.8409860008616318,1.9748864090078593
274,200,25,8,500,0,0.45623505669612263,106812595.91919123,47721666.66666777,21719261.06353683,0.99912365481157,0.45512369078063064,51.415284431012296,0.8569214071835383,1.6772554165041655
275,200,25,8,500,0,0.48481259941133453,112733782.25252275,52255500.00000076,21719261.06353693,0.9991236548115747,0.4156358864337078,48.714767572495816,0.8119127928749302,1.629234101433231
276,200,25,8,500,0,0.44212249282474436,116886280.91122223,55405166.666666664,21738311.32807361,0.9999999999999921,0.3923516999571089,46.984128138794546,0.7830688023132424,1.539072655103674
277,200,25,8,500,0,0.9043289453776376,102232960.9112272,44185166.66666774,21738311.32807359,0.9999999999999912,0.49198210548954363,53.71848717918618,0.895308119653103,2.1932227494223753
278,200,25,8,500,0,0.4673371709481707,110115106.24455841,50220500.0000006,21738311.328073625,0.9999999999999928,0.4328573257548882,49.87326614209565,0.8312211023682609,1.6448441339203421
279,200,25,8,500,0,0.8109116415234773,102964902.25252537,44775500.0000012,21719261.063536845,0.9991236548115706,0.4850702072235098,53.336621313262164,0.8889436885543694,2.0879114958566545
280,200,30,6,400,0,0.4725022544531206,114182199.59564209,60157166.66666637,17390649.062459037,1.0000000000000018,0.289086903956455,38.48060394317097,0.6413433990528495,1.345115176671134
281,200,30,6,400,0,0.45030191268868525,103666186.73535062,52129000.00000054,17375408.85082963,0.9991236548115807,0.3333155988188811,42.38411904951159,0.7064019841585265,1.4233563759023167
282,200,30,6,400,0,0.500958970440434,114814202.7353455,60664999.99999935,17375408.85082958,0.9991236548115776,0.28641570676386324,38.2687846566161,0.6378130776102683,1.367904613461793
283,200,30,6,400,0,0.4944607849361105,111258617.73534748,57942499.999999866,17375408.850829564,0.9991236548115767,0.2998733028576538,39.49177231782258,0.658196205297043,1.3925556325192767
284,200,30,6,400,0,0.48944310338096,114874061.06868091,60710833.33333318,17375408.850829624,0.99912365481158,0.2861994786899043,38.24884363906169,0.6374807273176948,1.3558834136505782
285,200,30,6,400,0,0.4988222015891781,113610683.34416927,59735499.99999959,17380488.210918993,0.9994157290217563,0.29095744090062214,38.67417984530148,0.644569664088358,1.3761578183980339
286,200,30,6,400,0,0.4579439292447466,107983270.5956443,55410666.666666895,17390649.06245901,1.0000000000000002,0.313850204457486,40.689636234978344,0.6781606039163057,1.3871846967270411
287,200,30,6,400,0,0.46455667720285654,112463068.2623079,58840833.333332755,17390649.062458966,0.9999999999999977,0.2955540918997715,39.0688255966122,0.65114709327687,1.3521470439995438
288,200,30,6,400,0,0.5128472988932404,113614742.595642,59722666.66666631,17390649.062458992,0.9999999999999991,0.2911900963753421,38.67279808605169,0.6445466347675282,1.3903460107610424
289,200,30,6,400,0,0.5011072231191079,101935083.73535211,50803500.00000091,17375408.85082961,0.9991236548115792,0.3420120434778961,43.10390337646023,0.7183983896076706,1.4931152475090954
290,200,35,10,400,0,0.5741172910538688,127507225.59563991,70361499.99999848,17390649.06245904,1.000000000000002,0.2471614314996044,34.459223620267096,0.5743203936711183,1.3461668299246705
291,200,35,10,400,0,0.8475602243754901,110778018.59564161,57551999.999999434,17390649.062458996,0.9999999999999994,0.3021728013354734,39.663103345782964,0.6610517224297161,1.750350187873585
292,200,35,10,400,0,0.5541011866510516,120323424.60831186,64861499.99999877,17390258.1462429,0.9999775214706075,0.2681137214872186,36.51658032758884,0.6086096721264806,1.3772018359673073
293,200,35,10,400,0,0.5438334832219232,117970595.92897329,63059333.333332516,17390649.06245899,0.9999999999999988,0.27578231711603696,37.24487416038299,0.6207479026730499,1.3852072395878028
294,200,35,10,400,0,0.5412719482720124,126156821.59564057,69327499.99999887,17390649.062459085,1.0000000000000044,0.25084777415108533,34.82808099020648,0.5804680165034414,1.322418184096322
295,200,35,10,400,0,0.5586972968040631,119838175.92897195,64489333.333332166,17390649.062459048,1.0000000000000024,0.26966706218794884,36.66444324556645,0.6110740540927743,1.3855050006471963
296,200,35,10,400,0,0.5096635885710901,115827667.5956408,61418499.9999994,17390649.06245898,0.9999999999999986,0.28315001282120456,37.93394178788905,0.6322323631314841,1.368415961959538
297,200,35,10,400,0,0.8094274583727411,122776022.92897259,66738833.33333199,17390649.06245898,0.9999999999999986,0.2605776606192696,35.787117836044146,0.5964519639340691,1.6143415508022259
298,200,35,10,400,0,0.6388162428701315,128991712.26230566,71498166.6666648,17390649.062459014,1.0000000000000004,0.24323209773387391,34.06265350649174,0.5677108917748623,1.401112812832093
299,200,35,10,400,0,0.5374294496338852,108414710.735349,55766333.33333351,17375408.850829557,0.9991236548115764,0.3115752428435825,40.52771040201084,0.675461840033514,1.4621514839422651
300,200,40,10,400,0,0.5995130780528726,138117077.59563684,78486833.3333303,17390649.062459044,1.000000000000002,0.22157409496445962,31.812141383874756,0.5302023563979126,1.3069747104223528
301,200,40,10,400,0,0.9402388753875148,118021337.06868035,63123499.99999963,17375408.85082961,0.9991236548115794,0.27526054244187526,37.228861400232304,0.6204810233372051,1.7809283326782201
302,200,40,10,400,0,0.6298237106411207,131707447.26230545,73578999.9999981,17390649.062458996,0.9999999999999994,0.23635343049592203,33.360300357575156,0.5560050059595859,1.3749114609974442
303,200,40,10,400,0,0.5985751558743007,125963441.59563828,69180833.33333167,17390649.06245899,0.9999999999999988,0.2513795833979942,34.88154931575118,0.5813591552625197,1.3810379778552158
304,200,40,10,400,0,0.6746225092512084,129724939.26230392,72060999.99999759,17390649.062459037,1.0000000000000018,0.24133233042088817,33.8701257058655,0.5645020950977583,1.4321904686856772
305,200,40,10,400,0,0.607549288350836,127622714.59563778,70451333.33333151,17390649.06245903,1.0000000000000013,0.24684627301767859,34.428040603284444,0.5738006767214074,1.3788269834863862
306,200,40,10,400,0,0.519644715228991,113476993.26230794,59619999.999999456,17390649.062459033,1.0000000000000016,0.29169153073564563,38.71974286315028,0.6453290477191713,1.3983269875366788
307,200,40,10,400,0,0.5530395343259875,123394321.9289715,67213666.6666649,17390649.062458977,0.9999999999999982,0.25873680048888026,35.607797273922934,0.5934632878987156,1.3534922626158075
308,200,40,10,400,0,0.7014959534947346,135966966.2623035,76840499.999997,17390649.062459014,1.0000000000000004,0.22632139382825064,32.31520214640672,0.538586702440112,1.421139770997447
309,200,40,10,400,0,0.5914342660089097,120121167.40200989,64731333.33333211,17375408.850829586,0.999123654811578,0.26842346597984357,36.57806608967807,0.6096344348279678,1.4158074736207524
310,200,40,10,300,0,0.5824172132782757,128142622.07045117,77674666.66666366,13040348.497051442,0.9997977227276301,0.167884190002557,25.719779623270167,0.42866299372116945,1.1453875590014908
311,200,40,10,300,0,0.5582683570551874,98121216.55151163,54701166.66666702,13031556.638122259,0.9991236548115826,0.23823178612501575,33.589065808919855,0.5598177634819976,1.3086715494371977
312,200,40,10,300,0,0.6014280116319478,121032069.28006013,72225999.99999753,13042986.796844324,1.0000000000000044,0.18058575577831762,27.23079940386493,0.45384665673108215,1.199743272985684
313,200,40,10,300,0,0.6123835304353302,111069248.2800624,64597499.999998905,13042986.796844311,1.0000000000000036,0.20191163430232645,29.67337990520654,0.4945563317534424,1.2684691696306336
314,200,40,10,300,0,0.5494924354516735,120344895.61339264,71699833.33333053,13042986.796844304,1.0000000000000029,0.1819109778987605,27.38628824431192,0.4564381374051987,1.1514593551758807
315,200,40,10,300,0,0.5980714305813399,122672187.61339253,73481833.33333048,13042986.796844311,1.0000000000000036,0.17749947443034425,26.86672557260393,0.4477787595433988,1.1878497696690142
316,200,40,10,300,0,0.5767683453107235,112158669.94672824,65431666.6666652,13042986.796844339,1.0000000000000058,0.19933752969018007,29.38515588287021,0.4897525980478369,1.2259909671107043
317,200,40,10,300,0,0.9374437965327513,120062364.28006083,71483499.99999772,13042986.79684432,1.0000000000000042,0.1824615022605879,27.450733789583925,0.4575122298263988,1.5409252281676205
318,200,40,10,300,0,0.6194198181841598,125413699.28006054,75580999.99999742,13042986.796844332,1.000000000000005,0.17256965106104413,26.27942576384873,0.43799042939747884,1.195465968430474
319,200,40,10,300,0,0.6687479555594114,113027812.9467292,66097166.66666542,13042986.796844332,1.000000000000005,0.1973304977295231,29.15919466258569,0.4859865777097615,1.3125989314527913
320,200,25,10,200,0,0.8663933743366494,85170162.70100796,51595500.00000049,8687704.425414793,0.999123654811578,0.1683810492274464,25.8048115713414,0.43008019285569,1.4311784065742965
321,200,25,10,200,0,0.8747529969492728,71151341.03434345,40861333.33333394,8687704.425414795,0.9991236548115782,0.21261431570387648,30.889087514726704,0.514818125245445,1.559662574757819
322,200,25,10,200,0,0.5253162157764192,89488393.2978209,54890000.00000012,8695324.531229503,1.0,0.15841363693258306,24.559609565071025,0.4093268260845171,1.0613739514070026
323,200,25,10,200,0,0.8092397342804092,86390125.96448927,52517666.666667186,8695324.531229502,0.9999999999999999,0.16556951371086714,25.44040740145937,0.42400679002432284,1.3657021352734258
324,200,25,10,200,0,0.8479414528806695,83581572.9644893,50367166.666667216,8695324.531229502,0.9999999999999997,0.1726387467608741,26.295269663491062,0.4382544943915177,1.4243069446808865
325,200,25,10,200,0,0.4678700963913956,87344217.36767522,53260166.66666735,8687704.425414791,0.9991236548115777,0.16311823580627197,25.162512942881698,0.41937521571469494,1.017739900751108
326,200,25,10,200,0,0.48061000094869816,83496153.41592301,50306666.66666759,8692197.860381536,0.9996404193038755,0.17278421402825425,26.322170663982607,0.43870284439971013,1.0575402165710117
327,200,25,10,200,0,0.7608248678154701,85734078.63115495,52015333.33333351,8695324.531229513,1.000000000000001,0.16716848617515637,25.635080414818155,0.42725134024696926,1.3218109970025644
328,200,25,10,200,0,0.4889171141054862,86009426.96448807,52226166.66666706,8695324.531229498,0.9999999999999994,0.16649363884443813,25.553012937842695,0.4258835489640449,1.0479955741450815
329,200,25,10,200,0,0.8918199889738697,80284575.9644906,47842666.66666755,8695324.531229502,0.9999999999999997,0.1817483250215151,27.375121230908338,0.45625202051513897,1.4934706695062208
330,200,25,8,200,0,0.46890021697234513,94976205.2978207,59091999.99999988,8695324.531229503,1.0,0.14714892931749682,23.140532864081802,0.3856755477346967,0.9722949081610393
331,200,25,8,200,0,0.767679092675129,72746585.07968764,42139166.66666723,8651781.395649685,0.9949923507255615,0.2053144872106212,30.21172743150072,0.503528790525012,1.4354594729686379
332,200,25,8,200,0,0.4759740843316662,91193158.6311542,56195333.33333336,8695324.5312295,0.9999999999999996,0.15473392567406835,24.100492109165398,0.40167486848608996,1.0014360933570108
333,200,25,8,200,0,0.8002480735117565,77838714.03434446,45981833.33333453,8687704.425414791,0.9991236548115777,0.18893775640556373,28.235307163865446,0.4705884527310908,1.4219867313672983
334,200,25,8,200,0,0.4640045349465451,87804344.5054182,53608500.00000036,8690244.105459504,0.9994157290217571,0.1621057128153081,25.030652097908195,0.4171775349651366,1.0108666401639281
335,200,25,8,200,0,0.45943482478000525,84243555.7010095,50886000.00000094,8687704.425414791,0.9991236548115777,0.1707287746219909,26.088642409637316,0.4348107068272886,1.0308285513048867
336,200,25,8,200,0,0.48061000094869816,83508125.08258997,50315833.33333437,8692197.860381534,0.9996404193038754,0.17275273576007596,26.31839713592377,0.4386399522653962,1.057452141822155
337,200,25,8,200,0,0.8121972911425548,83322984.96448907,50169166.66666711,8695324.531229507,1.0000000000000002,0.173320090983428,26.37687549163856,0.43961459152730936,1.3904679554566066
338,200,25,8,200,0,0.4889171141054862,86014215.6311548,52229833.33333374,8695324.531229498,0.9999999999999994,0.16648195056904447,25.551590325773372,0.4258598387628895,1.0479625133236112
339,200,25,8,200,0,0.8005804800146744,81464982.2978239,48746500.00000087,8695324.531229494,0.999999999999999,0.17837843806692458,26.97846286844044,0.4496410478073407,1.3929242782755549
340,200,20,10,200,0,0.8927613155488998,77497010.96449241,45706833.333334655,8695324.531229498,0.9999999999999994,0.190241237405696,28.35980346399409,0.4726633910665682,1.5176176965400248
341,200,20,10,200,0,0.9818905025552508,62823215.32780783,34503333.33333345,8674814.70366375,0.9976412809559789,0.25141961270400115,34.98388276582167,0.5830647127636944,1.7660909054821463
342,200,20,10,200,0,0.970728317842287,78828260.29782464,46726166.66666757,8695324.531229507,1.0000000000000002,0.18609111663834335,27.88086394011985,0.46468106566866413,1.5842822768216258
343,200,20,10,200,0,0.8643816007929891,70081760.63115807,40029000.00000078,8695324.531229507,1.0000000000000002,0.21722562470282386,31.3605134946177,0.5226752249102949,1.5608373254655432
344,200,20,10,200,0,0.915785248839357,69343058.36767736,39475333.3333342,8687704.425414788,0.9991236548115773,0.22007931768567535,31.69459282206181,0.5282432137010302,1.6200919166889276
345,200,20,10,200,0,0.8848515762087045,69801623.63115813,39814500.00000084,8695324.531229505,1.0000000000000002,0.21839592438004546,31.48637360662974,0.524772893443829,1.58434120915657
346,200,20,10,200,0,0.7039257358183565,69971975.679342,40150000.000000864,8564621.284857532,0.9849685602989806,0.213315598626584,31.409717657134298,0.5234952942855716,1.3980735090051954
347,200,20,10,200,0,0.9897393951745028,72021525.01267458,41719333.333333805,8564621.284857534,0.9849685602989807,0.20529142247856555,30.515877018894336,0.5085979503149056,1.6625704834722608
348,200,20,10,200,0,0.8726870203976261,70088943.63115838,40034500.00000098,8695324.53122949,0.9999999999999986,0.21719578191882694,31.35729954164921,0.5226216590274868,1.5690653049601746
349,200,20,10,200,0,0.9881226835679078,71993585.36767688,41504833.3333341,8687704.425414788,0.9991236548115774,0.20931789692159453,30.52771977913953,0.5087953296523255,1.664372330757509
350,200,20,8,200,0,0.8105257525900392,79885346.04697414,47538333.33333427,8693565.66470093,0.9997977227276271,0.18287485183257213,27.511929393253812,0.4585321565542302,1.4153577906103272
351,200,20,8,200,0,0.8833986056169202,62890745.172087416,34530833.33333357,8690244.105459515,0.9994157290217586,0.2516662144110662,34.94631831736416,0.582438638622736,1.667170215768509
352,200,20,8,200,0,0.4222711667298393,90093598.63115467,55352000.00000025,8695324.531229502,0.9999999999999997,0.1570914245416509,24.394629955873395,0.40657716593122323,0.9545214722943831
353,200,20,8,200,0,0.7584666270085116,74088627.03434414,43109000.00000101,8687704.425414791,0.9991236548115777,0.20152878576201225,29.664471970592725,0.4944078661765454,1.414097521794667
354,200,20,8,200,0,0.4168343285945333,83048637.50542003,49965666.66666727,8690244.105459504,0.9994157290217571,0.173924310135481,26.464010319935284,0.44106683866558805,0.9970406153685061
355,200,20,8,200,0,0.7442766266614569,77561657.96449198,45756333.33333444,8695324.531229496,0.9999999999999991,0.1900354311147299,28.33616580251754,0.47226943004195904,1.3685744015952
356,200,20,8,200,0,0.4092844232449253,80027821.2978246,47644666.666667834,8695324.531229509,1.0000000000000007,0.18250362820384156,27.462949313849965,0.45771582189749943,1.013003147705498
357,200,20,8,200,0,0.9517184626865611,71293293.29782419,40956666.666667186,8695324.53122951,1.0000000000000009,0.21230547402692443,30.827584171470377,0.5137930695245063,1.635355911432607
358,200,20,8,200,0,0.4261992148369183,80011060.9644913,47631833.33333445,8695324.531229498,0.9999999999999994,0.18255279972908792,27.468702120765254,0.45781170201275423,1.0300531566329427
359,200,20,8,200,0,0.8064856061109357,76752373.29782544,45136666.666667804,8695324.531229494,0.999999999999999,0.19264436595294163,28.634945156311776,0.4772490859385296,1.4378501848118186
360,200,20,10,300,0,0.8756615533637007,81599943.9467365,42027333.3333342,13042986.7968443,1.0000000000000027,0.310345333913898,40.38973362716154,0.673162227119359,1.7971000476141783
361,200,20,10,300,0,0.9610290551309307,78119868.74057342,39772333.33333352,12781861.757233981,0.9799796592852902,0.32137570733174453,42.189010979331655,0.7031501829888609,1.9212798039851873
362,200,20,10,300,0,0.9107729286923621,85933687.28007011,45345666.66666774,13042986.796844296,1.0000000000000024,0.2876346904925275,38.35282884183148,0.6392138140305247,1.7800944951169089
363,200,20,10,300,0,0.9320853819898127,86489172.61340311,45771000.00000085,13042986.79684432,1.0000000000000042,0.28496180544108884,38.106503975149074,0.6351083995858179,1.7951632259285017
364,200,20,10,300,0,0.8418444420794404,81542479.94673625,41983333.33333409,13042986.796844285,1.0000000000000016,0.3106705866655987,40.41819677489359,0.6736366129148931,1.7640175243268126
365,200,20,10,300,0,1.0,86848322.61340308,46046000.00000094,13042986.796844285,1.0000000000000016,0.2832599313044351,37.94891945893918,0.6324819909823197,1.859089936025868
366,200,20,10,300,0,0.9269098844771965,79744335.61340351,40606500.00000083,13042986.79684432,1.0000000000000042,0.3212044080835348,41.32958127556383,0.6888263545927306,1.8726997655367548
367,200,20,10,300,0,1.0,88011968.61340266,46937000.00000077,13042986.796844287,1.0000000000000018,0.2778828386314437,37.447179649815354,0.6241196608302559,1.8464259317354108
368,200,20,10,300,0,0.7465322396752951,79773067.61340329,40628500.000000864,13042986.796844311,1.0000000000000036,0.3210304785272416,41.314695530728805,0.6885782588454801,1.6919348813425685
369,200,20,10,300,0,0.9661311104877969,79038007.28007025,40065666.666667506,13042986.796844346,1.0000000000000062,0.3255402413582055,41.69892578796137,0.6949820964660228,1.921545400040384
370,200,25,10,300,0,0.940108288896268,87416340.6134038,46482333.33333456,13042986.796844298,1.0000000000000024,0.28060094796253676,37.702333189347044,0.6283722198224507,1.792961267088748
371,200,25,10,300,0,0.9037320896499915,79595199.25813183,40505666.66666718,13035366.158189317,0.9994157290217613,0.3218158650605879,41.40701990469965,0.6901169984116609,1.8513017801101228
372,200,25,10,300,0,0.9408607318328813,95741437.61340049,52856833.33333374,13042986.796844292,1.0000000000000022,0.2467606546648499,34.42396607107874,0.5737327678513123,1.7120020234160735
373,200,25,10,300,0,0.8376833003250894,91785998.94673538,49828166.66666741,13042986.796844315,1.000000000000004,0.2617593154509823,35.90743727605553,0.5984572879342589,1.6455480406201342
374,200,25,10,300,0,0.8906410641028204,92839505.61340177,50634833.33333385,13042986.796844296,1.0000000000000024,0.25758921158051595,35.499973618173144,0.5916662269695524,1.6883786603367854
375,200,25,10,300,0,0.7647842493429861,94482018.28006631,51892500.000000186,13042986.79684429,1.000000000000002,0.25134627926664244,34.88282807666634,0.5813804679444391,1.547241740700739
376,200,25,10,300,0,0.3993132573932123,95968866.79054917,53038333.333333746,13038296.790572383,0.9996404193038808,0.24582779984110134,34.34238738270236,0.5723731230450394,1.1683486203111326
377,200,25,10,300,0,0.7576510043347437,99993773.61339843,56112833.33333325,13042986.79684429,1.000000000000002,0.23244213528416216,32.960052220275315,0.5493342036712553,1.4929389162333289
378,200,25,10,300,0,0.4986274673434773,99186883.28006454,55494999.999999896,13042986.796844324,1.0000000000000044,0.23502994498323,33.22818391917774,0.553803065319629,1.2404544886496902
379,200,25,10,300,0,0.8576128649002237,88659522.55151477,47452166.66666752,13031556.638122266,0.9991236548115833,0.27462511310945475,37.17367187585526,0.619561197930921,1.6968741533187086
380,200,20,10,400,0,0.8409966612850874,95414292.9289819,45783833.333334416,17390649.062459018,1.0000000000000007,0.3798425731599278,46.04970455810392,0.7674950759683986,1.9123657957814282
381,200,20,10,400,0,0.9044680196687407,85118659.59564616,37900500.00000018,17390649.06245905,1.0000000000000024,0.4588501223587807,51.61970384487521,0.8603283974145869,2.1318765149703522
382,200,20,10,400,0,0.797297852160935,99664234.59564811,49038000.000000924,17390649.062458996,0.9999999999999994,0.3546361813789035,44.086025622193034,0.7347670937032172,1.8157738909672752
383,200,20,10,400,0,0.9250550975344686,94528288.73535314,45129333.33333426,17375408.850829627,0.9991236548115804,0.38501363896717444,46.481323832076725,0.7746887305346121,2.00775473924282
384,200,20,10,400,0,1.0,85446683.2623142,38151666.666667245,17390649.06245907,1.0000000000000036,0.4558293406786634,51.42153951735494,0.8570256586225823,2.221689131165513
385,200,20,10,400,0,0.8466059726434741,91760439.4020198,43010000.00000091,17375408.850829627,0.9991236548115804,0.403985325524977,47.8833801214697,0.7980563353578283,1.967850568421284
386,200,20,10,400,0,1.0,85196758.85868192,38085666.666667275,17310742.569715045,0.9954052035403063,0.4545211909042274,51.57238442941369,0.8595397404902282,2.22315669321361
387,200,20,10,400,0,0.8771422438852294,94832469.9289816,45338333.3333343,17390649.062458947,0.9999999999999964,0.3835749526697476,46.33223202232781,0.7722038670387968,1.9562060730598243
388,200,20,10,400,0,0.8599069829655605,84050786.9289807,37082833.333333924,17390649.062458962,0.9999999999999973,0.46896764619186826,52.2755367384314,0.8712589456405233,2.1063400455595787
389,200,20,10,400,0,1.0,82997292.75265609,39794333.33333421,15148231.699684162,0.8710561431766497,0.3806630349300276,52.93907613461752,0.8823179355769587,2.1868483635209808
390,200,20,8,400,0,0.80970314429693,97600319.26231472,47457666.66666765,17390649.062459018,1.0000000000000007,0.3664455141591171,45.018295362241986,0.7503049227040332,1.853164478328257
391,200,20,8,400,0,0.8858521346718868,90429190.0686849,41990666.66666709,17375408.850829586,0.999123654811578,0.4137921645483777,48.588293190094014,0.8098048865015669,2.026690752812156
392,200,20,8,400,0,0.45539508880372576,98304253.26231495,47996666.6666677,17390649.062458985,0.9999999999999987,0.362330350631126,44.695929770969215,0.7449321628494869,1.4901915321581134
393,200,20,8,400,0,0.771706576275137,91523501.26231563,42804666.66666769,17390649.062458977,0.9999999999999982,0.4062792778620375,48.00734171441851,0.8001223619069752,1.8968523604717422
394,200,20,8,400,0,0.40424663116007853,98242000.59564827,47949000.000001065,17390649.062458992,0.9999999999999991,0.36269054750794816,44.72425208525963,0.7454042014209938,1.4398032705874309
395,200,20,8,400,0,0.4069434833779301,102491841.4020186,51227000.000000775,17375408.8508296,0.9991236548115789,0.3391845872455802,42.86975372767049,0.7144958954611749,1.3927870486355691
396,200,20,8,400,0,0.9824646568444271,83321995.8586816,36650166.66666721,17310742.56971505,0.9954052035403065,0.4723237066602188,52.73277427790029,0.8788795712983382,2.2392031934709404
397,200,20,8,400,0,0.8340671054193334,100358591.26231267,49569666.66666718,17390649.06245899,0.9999999999999988,0.35083247945569146,43.781005141011676,0.7296834190168613,1.844416508000748
398,200,20,8,400,0,0.8324794046691019,86600751.92898135,39035333.33333402,17390649.06245902,1.0000000000000009,0.44551045366912156,50.736280022178356,0.8456046670363059,2.034492434640705
399,200,20,8,400,0,1.0,80842392.7526559,38144333.33333405,15148231.699684162,0.8710561431766497,0.3971292817548402,54.350197345632765,0.9058366224272127,2.2235400478310847
400,200,20,10,500,0,0.902911343081627,105068960.25252406,46385166.6666676,21719261.0635369,0.9991236548115733,0.4682372108224927,52.268529038461395,0.8711421506410233,2.148643262380644
401,200,20,10,500,0,0.7722681975189519,96300512.98439176,40274666.66666697,21334617.692072757,0.9814293930237498,0.5297279768607047,57.02773359982103,0.9504622266636839,2.1465128056711995
402,200,20,10,500,0,0.8172789002632608,109434554.57789245,49698000.00000076,21738311.32807366,0.9999999999999946,0.4374081719198626,50.1834180363122,0.8363903006052033,2.003595738404354
403,200,20,10,500,0,0.9039536742817714,100746324.94431403,43151166.66666759,21670929.531955577,0.9969003205860254,0.5022095856494058,54.51116954425392,0.9085194924042319,2.214240835205528
404,200,20,10,500,0,0.9816349699075625,94283213.24455848,38096666.66666721,21738311.328073688,0.9999999999999958,0.5706092745141319,58.24790873169521,0.9707984788615869,2.408920868380455
405,200,20,10,500,0,0.8861806818117723,101942304.5383956,44220000.000000894,21573361.57722084,0.9924120255541691,0.4878643504572683,53.87164852577534,0.8978608087629224,2.1743329709405095
406,200,20,10,500,0,0.9463785964826756,105211263.76355328,46484166.66666764,21725610.263648752,0.9994157290217559,0.46737656758354923,52.1978332314495,0.869963887190825,2.19024373774034
407,200,20,10,500,0,1.0,101911363.9342224,44610500.00000081,21309362.746487312,0.9802676217525459,0.47767594504627664,53.888004124295925,0.8981334020715988,2.28027415810862
408,200,20,10,500,0,0.8072309031323277,91829151.32418783,36886666.666667335,21311858.46308044,0.9803824290416431,0.5777659080900068,59.804538328053326,0.9967423054675554,2.2661859350718885
409,200,20,10,500,0,0.976144418437394,89064672.1074855,38406500.000000745,18993956.291271783,0.8737549115299577,0.4945505654321903,61.66081197011938,0.9726993868147362,2.344484257597882
410,200,20,10,600,0,0.932245543810864,102307989.82869543,41290333.33333398,23619154.62600924,0.9054350431345936,0.5720262521334826,64.41139163259845,0.9291145957722865,2.3189811412899366
411,200,20,10,600,0,0.9070233619364234,85335156.7046437,34556500.00000022,19627721.346010804,0.7524243354581831,0.5679892739719207,77.22256868652825,0.7504795990353819,2.1118943801493417
412,200,20,10,600,0,0.9245697236966083,112906050.85666615,45963500.000000976,25812861.48852887,0.989530308148984,0.5615947760402998,58.365339589866,0.9727556598310999,2.3466012043599482
413,200,20,10,600,0,0.9312225372061662,120338440.10302687,51261833.33333387,26063113.276244227,0.9991236548115715,0.5084311578707477,54.76055692892638,0.9126759488154396,2.2506434123182038
414,200,20,10,600,0,0.9674077061820232,91811027.26020509,36034166.66666717,21846383.078023374,0.8374762398482639,0.6062685805977587,71.77569183844986,0.8217972814013396,2.2742198520615697
415,200,20,10,600,0,0.8944568160655277,114295142.76969486,46634500.00000091,26063113.27624424,0.9991236548115721,0.5588805128444334,57.6559934246591,0.9609332237443183,2.3024944500853928
416,200,20,10,600,0,0.9721941685184315,112686150.76969548,45402500.000001125,26063113.276244175,0.9991236548115695,0.5740457744891477,58.479235957469456,0.974653932624491,2.4060847207342406
417,200,20,10,600,0,0.8519129524565819,108370612.3796129,44665500.000000894,24426697.273275968,0.9363920110379157,0.5468806410602249,60.807998176816604,0.9866236332029853,2.276041098507747
418,200,20,10,600,0,0.9609473748195619,101634136.29044762,41015333.3333343,23465565.783525437,0.8995472489937237,0.5721169103471438,64.83845133654529,0.9225249516177806,2.3411658547150576
419,200,20,10,600,0,0.9522899452547725,114155609.88771021,46746333.333334185,25923734.449832488,0.9937805984785902,0.5545618790029595,57.72646658786277,0.9621077764643794,2.3580472249215196
420,200,25,10,500,0,0.9340735276061486,110051203.20647348,50183833.33333405,21730494.650953744,0.99964041930387,0.4330178307945141,49.902225872955825,0.8317037645492638,2.1121915567910237
421,200,25,10,500,0,0.9556524549004732,110295646.0933576,52169333.33333356,20584267.16773553,0.9469119683253469,0.3945664215452649,49.79162999191802,0.8298604998653004,2.1011660920019857
422,200,25,10,500,0,0.4621717414720018,118658087.5778884,56761833.33333314,21738311.32807366,0.9999999999999944,0.38297408754251655,46.28255951281134,0.771375991880189,1.539927003386204
423,200,25,10,500,0,0.8494806780652374,98081657.75564878,42700166.66666777,20658812.472251985,0.9503411815421153,0.4838110500486287,55.992120501080265,0.9332020083513377,2.169731526455478
424,200,25,10,500,0,0.838122147371048,106667266.24455944,47580500.00000088,21738311.328073677,0.9999999999999951,0.4568743776982855,51.48533559872787,0.8580889266454645,2.061710576175141
425,200,25,10,500,0,0.7382990360643895,103557027.24456099,45199000.00000121,21738311.328073703,0.9999999999999964,0.4809467317434705,53.03164976946014,0.8838608294910023,2.0069172509501683
426,200,25,10,500,0,0.8413565505812454,114944476.57788971,53918333.33333344,21738311.328073673,0.999999999999995,0.40317105489302274,47.77785034567187,0.7962975057611978,1.9601909002568614
427,200,25,10,500,0,0.8941422664191916,108767096.57789175,49188333.33333389,21738311.32807363,0.999999999999993,0.4419403922625294,50.49137260060204,0.8415228766767007,2.089217456905916
428,200,25,10,500,0,0.4995076972831498,109332159.24455896,49621000.000000745,21738311.328073595,0.9999999999999915,0.438086925456425,50.23041745398718,0.8371736242331197,1.6871508618814097
429,200,25,10,500,0,0.9011333221868454,105869680.531686,47419166.66666754,21451886.54547708,0.9868239635418783,0.45238851826040843,51.87320838619463,0.8645534731032438,2.127597609898416
430,200,20,8,500,0,0.49106525812759183,110825662.2445583,50763166.666667275,21738311.32807368,0.9999999999999954,0.4282300091878971,49.55350492633447,0.8258917487722411,1.6595410142501508
431,200,20,8,500,0,0.8596402538433602,101862947.91919063,43930333.33333416,21719261.063536882,0.9991236548115723,0.49440237338368637,53.91361738673345,0.8985602897788908,2.1537224423292
432,200,20,8,500,0,0.7391313846271796,108079361.91122688,48660333.33333435,21738311.32807364,0.9999999999999936,0.4467357668752753,50.81266120455817,0.8468776867426361,1.9433976848700358
433,200,20,8,500,0,0.7241041617011638,97632885.57789356,40661500.000001006,21738311.328073617,0.9999999999999925,0.5346165618108795,56.24948978506353,0.9374914964177256,2.089288907567593
434,200,20,8,500,0,0.7927610567052136,95681503.91122529,39167333.333333895,21738311.32807369,0.9999999999999959,0.5550112677590181,57.39667308213898,0.9566112180356497,2.193381288948078
435,200,20,8,500,0,0.7791099057502767,97538781.9191903,40619333.33333413,21719261.063536983,0.999123654811577,0.5347025487912953,56.30375827893658,0.9383959713156096,2.1452679160989225
436,200,20,8,500,0,0.3653985157578012,96692386.26584628,41301333.33333431,20871487.68464735,0.9601246099412065,0.5053465832736681,56.79661255748547,0.9466102092914245,1.71628599166816
437,200,20,8,500,0,0.8817407696952924,98571708.65588778,41778000.00000086,21484857.974239934,0.9883407064141856,0.5142624820297643,55.71375473637962,0.9285625789396603,2.221713334258764
438,200,20,8,500,0,0.43924905737359604,104497439.24456173,45917666.66666807,21738311.328073606,0.999999999999992,0.4734193373953295,52.55439788478649,0.8759066314131082,1.693891158702968
439,200,20,8,500,0,0.8001859140568234,100220185.69466685,42685500.000000775,21710959.506099064,0.9987417687803838,0.5086261026835498,54.79734408726248,0.9132890681210414,2.120375864324705
440,200,20,6,500,0,0.49106525812759183,110871154.57789168,50798000.000000626,21738311.328073665,0.9999999999999947,0.4279363622204299,49.53317227468555,0.8255528712447592,1.6589672191486948
441,200,20,6,500,0,0.719796550445075,96474028.24455908,39774166.66666734,21738311.328073636,0.9999999999999933,0.546543476580023,56.92516524839653,0.9487527541399422,2.1057840858490358
442,200,20,6,500,0,0.40221958636341903,103633084.91122799,45255833.33333464,21738311.32807365,0.999999999999994,0.48034274759584633,52.99272915309113,0.8832121525515189,1.669705936991615
443,200,20,6,500,0,0.7439861970431919,102384912.58585782,44330000.00000099,21719261.0635369,0.9991236548115733,0.489944982258886,53.638762404516314,0.8939793734086052,2.029921556258906
444,200,20,6,500,0,0.4189633742726528,102129443.57789442,44104500.000001244,21738311.328073595,0.9999999999999915,0.492881935586459,53.77293567463127,0.8962155945771878,1.7094845173190079
445,200,20,6,500,0,0.41356792124871417,108888646.57789257,49280000.00000077,21738311.328073718,0.999999999999997,0.44111833052096955,50.43501019246747,0.8405835032077912,1.6070460888732812
446,200,20,6,500,0,0.3653985157578012,95544467.43417017,40700000.00000106,20694534.293557502,0.951984447238627,0.5084652160579106,57.4789953566263,0.9579832559437716,1.7301539445479013
447,200,20,6,500,0,0.8137985409364126,100901150.57789354,43164000.000000946,21738311.328073654,0.9999999999999942,0.5036213355591043,54.42752603460599,0.9071254339100998,2.1238210432937956
448,200,20,6,500,0,0.43924905737359604,104583635.24456164,45983666.66666804,21738311.328073606,0.9999999999999919,0.47273984229341476,52.51108347073424,0.8751847245122374,1.6926256557205654
449,200,20,6,500,0,0.768860191387493,97634555.252524,40692666.666667536,21719261.063536845,0.9991236548115706,0.5337389471535341,56.24852784750129,0.9374754641250216,2.1333268132353416
450,200,20,8,300,0,0.8442962585518541,85215387.28006947,44795666.66666744,13042986.796844287,1.0000000000000018,0.29116626154711533,38.67611361276809,0.6446018935461348,1.7218311613356811
451,200,20,8,300,0,0.7859857991883569,80091513.94673549,40872333.33333382,13042986.79684429,1.000000000000002,0.31911529714910986,41.15042702516346,0.685840450419391,1.7271184873270355
452,200,20,8,300,0,0.8151690754139219,89802929.94673604,48308333.333334126,13042986.796844305,1.000000000000003,0.26999455159932567,36.70036158012669,0.6116726930021115,1.6428374096954939
453,200,20,8,300,0,0.8440192387274497,84217473.2181817,44049500.00000094,13031556.638122264,0.999123654811583,0.29583892298713915,39.13439662885148,0.6522399438141914,1.7329303209313522
454,200,20,8,300,0,0.8002987139758632,82279934.6134024,42548000.00000058,13042986.796844298,1.0000000000000024,0.30654758853163766,40.055938491997225,0.6675989748666205,1.7131357596677936
455,200,20,8,300,0,0.9348331026435842,88627835.21818109,47426500.00000071,13031556.638122212,0.9991236548115792,0.27477373700614677,37.186962672466365,0.6197827112077727,1.7744348034562745
456,200,20,8,300,0,0.3873222616033081,92307402.61340171,50226000.00000079,13042986.796844287,1.0000000000000018,0.2596859554183905,35.70461205374115,0.5950768675623526,1.190147893500373
457,200,20,8,300,0,0.779020752883032,83501044.61340313,43483000.00000092,13042986.796844298,1.0000000000000024,0.2999560011232901,39.470164897445805,0.6578360816240968,1.6768216354057608
458,200,20,8,300,0,0.4072514423829039,89625749.28006963,48172666.66666767,13042986.796844313,1.0000000000000038,0.27075492596446205,36.77291432957535,0.6128819054929225,1.236737288647396
459,200,20,8,300,0,0.8612547376540022,78059954.36416495,39508333.33333401,12920890.3680637,0.9906389210782529,0.3270421523239016,42.221392862010255,0.7036898810335043,1.8265783405466278
460,200,20,6,400,0,0.4930276664353828,97108147.12416644,47397166.666667685,17189009.65877499,0.98840529741243,0.3626590125030249,45.24646108613223,0.7541076847688705,1.5372625612066733
461,200,20,6,400,0,0.44600633515443733,95948229.26231506,46192666.6666676,17390649.062459063,1.000000000000003,0.37648073422459644,45.7934454213604,0.7632240903560067,1.510415012890121
462,200,20,6,400,0,0.38992987682990793,95256266.92898214,45662833.333334476,17390649.062459037,1.0000000000000016,0.38084910183975884,46.12609901326258,0.7687683168877097,1.4633774751894248
463,200,20,6,400,0,0.7162749746183668,92943340.92898217,43891833.33333435,17390649.06245897,0.9999999999999979,0.39621605528268894,47.27396235258311,0.7878993725430519,1.8211471913875699
464,200,20,6,400,0,0.40424663116007853,98203691.26231495,47919666.66666773,17390649.062458992,0.9999999999999991,0.3629125632995209,44.74169904941336,0.7456949841568894,1.4402716659565846
465,200,20,6,400,0,0.4040375055816847,97634779.69201629,47514500.00000115,17371242.569715112,0.9988840846207525,0.36559876605488206,45.00240604690263,0.7500401007817105,1.4465566192073007
466,200,20,6,400,0,0.39101410636786377,93826749.06868704,44592166.666667774,17375408.850829575,0.9991236548115774,0.38965159465591814,46.8288632358291,0.780481053930485,1.4832164360230833
467,200,20,6,400,0,0.7841074678983452,99072834.26231384,48585166.666667424,17390649.062458962,0.9999999999999973,0.35794153350903446,44.34919049925021,0.7391531749875035,1.8096138696930764
468,200,20,6,400,0,0.41399412548673414,98105523.59564862,47844500.000001155,17390649.062459044,1.000000000000002,0.3634827213673175,44.786469089237734,0.7464411514872956,1.4512214540678836
469,200,20,6,400,0,1.0,78974812.7526555,36714333.33333397,15148231.699684152,0.8710561431766491,0.4125972154295023,55.635459545325226,0.9272576590887538,2.257335431432356
470,200,20,4,400,0,0.4930276664353828,97117724.45749985,47404500.000001036,17189009.658774987,0.9884052974124297,0.3626029102463819,45.24199907425541,0.7540333179042569,1.5371433125367453
471,200,20,4,400,0,0.44600633515443733,95933863.26231518,46181666.66666765,17390649.062459067,1.0000000000000033,0.37657040807951275,45.80030294397594,0.7633383823995991,1.5106010440176467
472,200,20,4,400,0,0.3659720783583273,97796654.595649,47608000.00000127,17390649.06245899,0.9999999999999988,0.3652883772151429,44.92791719887197,0.7487986199811995,1.407001400111641
473,200,20,4,400,0,0.4296352282772643,89816341.5956489,41497500.00000096,17390649.062458962,0.9999999999999973,0.4190770302417871,48.91982819541667,0.8153304699236111,1.5802273223943053
474,200,20,4,400,0,0.40424663116007853,98196508.26231495,47914166.666667715,17390649.062458977,0.9999999999999982,0.36295422152373713,44.7449718707179,0.7457495311786316,1.4403595395576998
475,200,20,4,400,0,0.4040375055816847,97644357.02534963,47521833.33333446,17371242.56971512,0.9988840846207528,0.3655423486688162,44.997992038181145,0.7499665339696857,1.4464379184864233
476,200,20,4,400,0,0.3871485722923776,93692666.40202047,44489500.00000115,17375408.850829564,0.9991236548115767,0.3905507782921614,46.89587956806455,0.7815979928010759,1.4811871877271825
477,200,20,4,400,0,0.36550982672673243,95450207.92898288,45811333.33333468,17390649.06245898,0.9999999999999986,0.37961455816883316,46.03237745976506,0.7672062909960843,1.4364077642578832
478,200,20,4,400,0,0.4118980039264383,97696092.5956491,47531000.00000127,17390649.062459014,1.0000000000000002,0.3658801426954734,44.97416307308567,0.7495693845514279,1.454171502634245
479,200,20,4,400,0,0.7599040292281593,91779694.9289825,43000833.33333441,17390649.062459014,1.0000000000000002,0.4044258614164511,47.87333411164468,0.7978889018607447,1.881333620222065
480,200,25,6,400,0,0.5163592468023982,103294604.92898008,51819166.66666736,17390649.062459018,1.0000000000000007,0.33560263858209705,42.53658749187283,0.7089431248645471,1.493784482532623
481,200,25,6,400,0,0.42343997547090045,94357288.0108438,44991833.33333453,17380488.210919067,0.9994157290217607,0.3863031782268324,46.56556046306728,0.7760926743844546,1.5085751924368211
482,200,25,6,400,0,0.4635216924269712,98758928.22652347,48348666.66666776,17389085.518067483,0.9999100928098825,0.3596600840712689,44.49015475261068,0.7415025792101779,1.4927523388941644
483,200,25,6,400,0,0.7597220205988223,95512996.76061541,45866333.333334535,17387131.329401843,0.9997977227276261,0.3790826531312303,46.00211645554581,0.7667019409257635,1.8296900840295702
484,200,25,6,400,0,0.4490807872827089,108107114.06868276,55528000.00000022,17375408.850829616,0.9991236548115798,0.3129125639466494,40.64302370710335,0.6773837284517226,1.376794566891751
485,200,25,6,400,0,0.4608582403236004,102004999.02534816,50862166.66666755,17371242.569715112,0.9988840846207525,0.3415356385338443,43.07435951161712,0.7179059918602853,1.4519927430109612
486,200,25,6,400,0,0.4107837225477198,101687906.40201758,50612833.333333954,17375408.850829598,0.9991236548115786,0.3433004577395598,43.20867795851113,0.7201446326418522,1.4055687213812198
487,200,25,6,400,0,0.7511446611756913,102715176.26231243,51375500.00000054,17390649.062459033,1.0000000000000016,0.33850082359215683,42.77654149937086,0.7129423583228476,1.7348876783722644
488,200,25,6,400,0,0.5720443969833594,103907554.2623121,52288500.000000276,17390649.062459014,1.0000000000000004,0.33259032220199325,42.285664706417386,0.7047610784402898,1.542877733185244
489,200,25,6,400,0,0.9844571544106213,90836888.59564915,42280333.33333438,17390649.06245897,0.9999999999999979,0.4113176905525471,48.37021685714642,0.8061702809524403,2.119681587805099
490,200,25,8,400,0,0.8045666598806522,109019455.92897741,56202666.66666664,17390649.06245906,1.0000000000000029,0.30942747193120845,40.30289788698281,0.6717149647830468,1.723823602208666
491,200,25,8,400,0,0.8833237418010647,100205814.06868494,49478000.0000005,17375408.85082959,0.9991236548115783,0.3511744381508835,43.84775515109652,0.730795919184942,1.8950592115067135
492,200,25,8,400,0,0.4635216924269712,98706252.89319,48308333.333334394,17389085.518067513,0.9999100928098842,0.3599603695304564,44.51389725790249,0.7418982876317082,1.4933882756830446
493,200,25,8,400,0,0.8435456497370095,95874565.92898262,46137666.66666795,17390649.06245898,0.9999999999999986,0.37692953109444555,45.82862991269895,0.7638104985449825,1.9088997731575486
494,200,25,8,400,0,0.43362323806403824,107245154.06868345,54868000.00000041,17375408.85082965,0.9991236548115817,0.31667654827640007,40.969683321878215,0.6828280553646369,1.3697925320497952
495,200,25,8,400,0,0.464874590535124,106862060.73535076,54574666.666667275,17375408.8508296,0.9991236548115789,0.3183786528089237,41.11655689367123,0.6852759482278539,1.4048534610101169
496,200,25,8,400,0,0.4107837225477198,103275349.40201704,51828333.333333775,17375408.850829598,0.9991236548115786,0.3352492301668222,42.54451837191447,0.7090753061985745,1.3880584128797522
497,200,25,8,400,0,0.7503990577386853,104961060.92897762,53095166.66666686,17390649.062459003,0.9999999999999997,0.32753732880505015,41.86123845464066,0.6976873075773444,1.71011622836007
498,200,25,8,400,0,0.5720443969833594,103890793.92897865,52275666.66666694,17390649.062459007,1.0,0.33267197094490586,42.292486502737376,0.7048747750456229,1.543056748784907
499,200,25,8,400,0,1.0,84132767.75265619,40665166.666667596,15148231.699684162,0.8710561431766497,0.3725112409806218,52.224598302975494,0.8704099717162582,2.1684189645007557
500,200,25,8,300,0,0.5091492885640104,100640852.185675,56789333.33333341,12927598.593952997,0.9911532377753242,0.22764131633792106,32.7481328747047,0.5458022145784117,1.2370645562127591
501,200,25,8,300,0,0.8439540105406262,90162640.94673477,48585166.66666711,13042986.796844287,1.0000000000000018,0.2684561501317789,36.553942579688346,0.6092323763281391,1.6679513069741885
502,200,25,8,300,0,0.4713824344119907,94583103.21818,51987833.33333404,13031556.638122216,0.9991236548115793,0.2506655077269112,34.84554733203666,0.580759122200611,1.2526739627941308
503,200,25,8,300,0,0.8586738233444714,96735085.94673322,53617666.66666691,13042986.796844287,1.0000000000000018,0.24325912721884382,34.07036824069003,0.5678394706781672,1.6211205957977137
504,200,25,8,300,0,0.4876041723024074,98806184.28006563,55203500.00000005,13042986.796844328,1.0000000000000049,0.23627101174462337,33.35621169883528,0.5559368616472546,1.2325578433453608
505,200,25,8,300,0,0.4345608134126205,93371047.61340164,51041833.333334155,13042986.796844304,1.0000000000000029,0.255535233455775,35.29787963444624,0.5882979939074373,1.2272869940846778
506,200,25,8,300,0,0.3993132573932123,95197891.45721605,52448000.00000049,13038296.790572383,0.9996404193038808,0.24859473746515137,34.62051469366002,0.577008578227667,1.1751976255930003
507,200,25,8,300,0,0.7241281148993124,98305768.61339888,54820333.333333336,13042986.796844304,1.0000000000000029,0.23792242775206832,33.52600815279917,0.5587668025466529,1.47323285964762
508,200,25,8,300,0,0.4986274673434773,99203643.61339787,55507833.333333254,13042986.796844324,1.0000000000000044,0.23497560638908638,33.22257005845387,0.5537095009742311,1.2403174534289776
509,200,25,8,300,0,0.8436439712978936,88714069.28007017,47476000.000001006,13042986.796844348,1.0000000000000064,0.2747280056627364,37.15081527367621,0.6191802545612701,1.6826066303893528
510,200,30,8,300,0,0.5425098933200623,102994965.8523414,58719833.33333341,12846931.927286327,0.9849685602989822,0.21878352164861353,31.999622241003696,0.5333270373500616,1.2508637479890146
511,200,30,8,300,0,0.46828174345053714,91549520.94673507,49648500.00000074,13042986.796844313,1.0000000000000038,0.26270656307530177,36.00018837802054,0.6000031396336757,1.2784501335444542
512,200,30,8,300,0,0.524950813074313,105316937.61339803,60190166.66666649,13042986.796844292,1.0000000000000022,0.21669630637636267,31.294111609078165,0.5215685268179694,1.2198763849933725
513,200,30,8,300,0,0.49233728144640465,96930110.88484485,53786333.33333355,13031556.638122259,0.9991236548115826,0.24228378903170333,34.00181811321236,0.5666969685535393,1.2528612812253068
514,200,30,8,300,0,0.5041273946978818,103130911.28006376,58516333.33333305,13042986.796844332,1.000000000000005,0.22289480652429342,31.9574408787088,0.5326240146451466,1.2150672545624632
515,200,30,8,300,0,0.5110983774851726,101337555.6133975,57143166.66666653,13042986.796844337,1.0000000000000056,0.22825103258501658,32.522986962241994,0.5420497827040333,1.235748986257219
516,200,30,8,300,0,0.44879963330332734,101596111.12387997,57348499.999999896,13038296.790572383,0.9996404193038808,0.22735201078620024,32.44021807076165,0.5406703011793609,1.1713515431116486
517,200,30,8,300,0,0.8322036429264658,105836507.94672978,60587999.99999934,13042986.796844304,1.0000000000000029,0.21527343363115545,31.140483222092517,0.5190080537015419,1.523430443532932
518,200,30,8,300,0,0.5451527027471514,106004111.28006157,60716333.33333241,13042986.796844313,1.0000000000000038,0.21481842003268495,31.091246935626266,0.5181874489271044,1.2351948877004038
519,200,30,8,300,0,0.5772030264559418,97128285.12388186,53927500.00000036,13038296.790572364,0.9996404193038794,0.24177454527972328,33.932443013859306,0.5655407168976551,1.3361633795773755
520,200,40,8,300,0,0.5824172132782757,128152199.40378456,77681999.99999702,13040348.497051442,0.9997977227276301,0.16786834140536988,25.717857479882387,0.4286309579980398,1.1453428444006113
521,200,40,8,300,0,0.5582683570551874,98116427.88484502,54697500.00000036,13031556.638122259,0.9991236548115826,0.23824775607883675,33.59070515559471,0.5598450859265786,1.3087116478448353
522,200,40,8,300,0,0.6014280116319478,121115870.94672701,72290166.6666643,13042986.796844324,1.0000000000000044,0.1804254630783544,27.211958055023707,0.45353263425039514,1.1993010163450264
523,200,40,8,300,0,0.5650735837660978,113116403.28006278,66164999.99999891,13042986.796844324,1.0000000000000044,0.19712819159441605,29.13635780869014,0.485605963478169,1.2083821005197997
524,200,40,8,300,0,0.5883195320113966,117033532.613394,69164333.33333127,13042986.796844332,1.000000000000005,0.18857966481054378,28.16115968136477,0.4693526613560795,1.2085359252159111
525,200,40,8,300,0,0.5980714305813399,122732045.94672595,73527666.66666386,13042986.796844311,1.0000000000000036,0.17738883046533244,26.853622251441983,0.4475603708573664,1.1875428658109723
526,200,40,8,300,0,0.5767683453107235,112168247.28006186,65438999.99999864,13042986.796844339,1.0000000000000058,0.1993151911985912,29.382646871275803,0.48971078118793004,1.2259312794575266
527,200,40,8,300,0,0.5706176973243309,114160332.61339416,66964333.33333141,13042986.796844311,1.0000000000000036,0.19477513099278748,28.869922893105795,0.48116538155176325,1.207603183670324
528,200,40,8,300,0,0.6194198181841598,125418487.94672726,75584666.66666411,13042986.796844332,1.000000000000005,0.17256127958287093,26.27842237581371,0.43797370626356186,1.1954425481140185
529,200,40,8,300,0,0.6687479555594114,112053319.28006154,65350999.999998555,13042986.796844332,1.000000000000005,0.1995835839825652,29.412783317579468,0.49021305529299114,1.3186278780384546
530,200,45,10,300,0,0.6408364541834378,137780374.737116,85055666.66666247,13040348.497051442,0.9997977227276301,0.15331545807708777,23.920678153825342,0.39867796923042237,1.1621667898755303
531,200,45,10,300,0,0.613904173783121,115590310.61339518,68060666.6666651,13042986.796844328,1.0000000000000049,0.19163765851315925,28.51277051260096,0.47521284187668267,1.2424271424703313
532,200,45,10,300,0,0.6662625657071011,138516052.28005692,85614833.33332875,13042986.796844315,1.000000000000004,0.15234494174699104,23.793632187383082,0.3965605364563847,1.1846990555610786
533,200,45,10,300,0,0.5908614164760385,115746465.21817328,68198166.6666652,13031556.638122264,0.999123654811583,0.19108367973903323,28.474303675603984,0.4745717279267331,1.218300088193998
534,200,45,10,300,0,0.6195410947904718,129087690.55150363,78413499.99999657,13031556.638122242,0.9991236548115813,0.16619021773193152,25.53148163019491,0.42552469383658187,1.178017962812599
535,200,45,10,300,0,0.6991710377084502,133820764.61339217,82019666.66666354,13042986.796844313,1.0000000000000038,0.1590226750110113,24.62846486882329,0.4104744144803882,1.2368635921976474
536,200,45,10,300,0,0.6078262288198979,119737818.88483824,71254333.33333094,13031556.638122272,0.9991236548115836,0.18288791752720596,27.525138095006085,0.4587523015834348,1.2128888644250975
537,200,45,10,300,0,0.6324938428451339,130787667.21817212,79715166.66666363,13031556.638122244,0.9991236548115815,0.16347650244043155,25.199623711478427,0.41999372852464045,1.1832687733221197
538,200,45,10,300,0,0.6978480352636938,141087566.2800576,87583833.33332875,13042986.796844326,1.0000000000000047,0.1489200266812369,23.359960674761837,0.38933267791269727,1.2063167345213806
539,200,45,10,300,0,0.6755968990189393,124985674.61339438,75254666.66666427,13042986.796844307,1.0000000000000033,0.1733179797954243,26.369422017319717,0.4394903669553286,1.2537416498106073
540,200,45,8,300,0,0.6408364541834378,137789952.07044938,85062999.99999583,13040348.497051442,0.9997977227276301,0.15330224065753717,23.919015504954384,0.3986502584159064,1.162128505125374
541,200,45,8,300,0,0.613904173783121,115585521.94672848,68056999.99999845,13042986.796844328,1.0000000000000049,0.1916479832617457,28.513951786444167,0.47523252977406943,1.242455090166587
542,200,45,8,300,0,0.6662625657071011,138599853.94672385,85678999.99999556,13042986.796844315,1.000000000000004,0.15223084766214584,23.77924583720605,0.3963207639534342,1.184368007790252
543,200,45,8,300,0,0.5908614164760385,115758436.88484001,68207333.33333188,13031556.638122264,0.999123654811583,0.19105799921009287,28.471358880551932,0.47452264800919886,1.2182304638533117
544,200,45,8,300,0,0.6172731031849709,126281008.9467257,76246499.99999702,13042986.796844337,1.0000000000000056,0.1710634166400405,26.09893623347912,0.43498227055798533,1.1891061070549886
545,200,45,8,300,0,0.6991710377084502,131558119.61339208,80287166.66666363,13042986.796844311,1.0000000000000036,0.16245419210016715,25.052045511788396,0.41753409186313994,1.246668483251724
546,200,45,8,300,0,0.6078262288198979,119246980.55150527,70878499.99999775,13031556.638122272,0.9991236548115836,0.1838576809345949,27.638435663169474,0.4606405943861579,1.2155529679537316
547,200,45,8,300,0,0.6233197248655816,126789130.55150603,76653499.99999751,13031556.638122246,0.9991236548115817,0.17000602240109935,25.99434183091219,0.4332390305152032,1.1925635733016642
548,200,45,8,300,0,0.6978480352636938,140668557.94672373,87262999.99999523,13042986.796844326,1.0000000000000047,0.14946754978450247,23.429542806916658,0.39049238011527765,1.2079144552065735
549,200,45,8,300,0,0.6755968990189393,124454132.61339454,74847666.66666436,13042986.796844307,1.0000000000000033,0.17426043292613944,26.482045479663608,0.4413674246610601,1.256372670020911
550,200,50,10,300,0,0.7134380865791555,140272182.5515032,86978833.3333292,13031556.638122212,0.9991236548115792,0.14982445887933846,23.4957490505282,0.39159581750880335,1.2248934711914297
551,200,50,10,300,0,0.7100798095275509,121285756.23366237,72686166.66666467,12875283.504312102,0.9871422631070409,0.17713526651305664,27.173842191745052,0.4528973698624175,1.3046853926004138
552,200,50,10,300,0,0.7562101341259144,130877905.65836835,79815999.99999608,13012222.05549565,0.9976412809559803,0.16302773949454105,25.182248932092886,0.4197041488682148,1.306336474589762
553,200,50,10,300,0,0.6562092095856392,123348511.6133933,74002499.9999975,13042986.796844333,1.0000000000000053,0.17625062392276986,26.719414420904442,0.4453235736817407,1.2425332824055957
554,200,50,10,300,0,0.6479475554340305,140587711.61339065,87202499.99999525,13042986.7968443,1.0000000000000027,0.1495712484945387,23.443016193785763,0.39071693656309603,1.1583214907927575
555,200,50,10,300,0,0.7357637173149163,138991214.21816954,85997999.99999607,13031556.63812225,0.9991236548115818,0.15153325237939075,23.712290151136465,0.3952048358522744,1.2521951550707033
556,200,50,10,300,0,0.733754150549015,131853706.55150323,80532833.33332959,13031556.638122272,0.9991236548115836,0.16181669138826868,24.99588434939166,0.41659807248986097,1.279805576149491
557,200,50,10,300,0,0.6638690384127978,132569089.28005895,81062666.66666321,13042986.796844315,1.000000000000004,0.16090004601598193,24.860999030003555,0.41434998383339255,1.206939059058976
558,200,50,10,300,0,0.7027914166621078,139711385.61339068,86531499.99999553,13042986.796844345,1.000000000000006,0.1507310840196347,23.590060219717074,0.3931676703286179,1.2165439542064336
559,200,50,10,300,0,0.8026055831315642,128671114.61339399,78077999.99999744,13042986.796844305,1.000000000000003,0.16705072871800933,25.614140437833157,0.4269023406305526,1.3631485067365243
560,200,35,6,200,0,0.6043410277218317,109724026.29781742,70387166.66666456,8695324.531229498,0.9999999999999994,0.1235356520657851,20.030252936896808,0.33383754894828016,1.03700709832274
561,200,35,6,200,0,0.5913510345908276,94626922.17208311,58835333.333332755,8690244.105459513,0.9994157290217583,0.14770451042105537,23.225948277206,0.38709913795343337,1.0966137808811054
562,200,35,6,200,0,0.5734609463358512,105888304.29781818,67450166.66666496,8695324.531229502,0.9999999999999999,0.12891479681883253,20.75583337153587,0.34593055619226454,1.0225233399831817
563,200,35,6,200,0,0.5489591615431124,96145761.96448621,59990333.33333295,8695324.531229502,0.9999999999999999,0.14494542783942233,22.85904188696129,0.38098403144935483,1.045899535264005
564,200,35,6,200,0,0.519056155481414,101052897.70100515,63759666.66666573,8687704.425414788,0.9991236548115774,0.13625705527655804,21.749005224004964,0.36248342040008275,0.9905452201027433
565,200,35,6,200,0,0.5398574980826196,103732156.70100348,65811166.66666516,8687704.425414784,0.9991236548115769,0.1320095793076907,21.187258318892535,0.35312097198154224,0.9985861335103144
566,200,35,6,200,0,0.5529910070686688,101560496.36767131,64148333.33333235,8687704.425414788,0.9991236548115774,0.13543149095193308,21.64030384455272,0.3606717307425453,1.0220079305727605
567,200,35,6,200,0,0.5493028026923277,101222895.36767264,63889833.33333268,8687704.42541479,0.9991236548115776,0.1359794504407046,21.71247909889275,0.3618746516482125,1.019961014693104
568,200,35,6,200,0,0.5551973062578909,101425266.96448478,64032833.333331995,8695324.531229498,0.9999999999999994,0.13579478024913802,21.66915666852112,0.36115261114201863,1.0249857415992198
569,200,35,6,200,0,0.603751886703153,95156902.2978194,59233166.6666661,8695324.531229496,0.9999999999999991,0.14679823856391683,23.096590440926576,0.3849431740154429,1.1061336515697295
570,200,40,6,400,0,0.5995130780528726,136220765.59563637,77034833.33333032,17390649.062459018,1.0000000000000007,0.22575046001864563,32.2549941691177,0.5375832361519617,1.3176966822197507
571,200,40,6,400,0,0.6407826411545033,119632723.40201035,64357333.33333222,17375408.85082957,0.9991236548115772,0.2699833562219774,36.72740931622196,0.6121234886036994,1.4688928147357845
572,200,40,6,400,0,0.6159312099408233,134147272.92897063,75447166.66666423,17390649.062458977,0.9999999999999982,0.23050102251411525,32.753554388887686,0.5458925731481281,1.3462246011002437
573,200,40,6,400,0,0.5985751558743007,125453448.59563802,68790333.33333164,17390649.06245898,0.9999999999999986,0.25280658225902974,35.023349690147704,0.5837224948357951,1.3845429165173195
574,200,40,6,400,0,0.6746225092512084,129552547.26230308,71928999.99999744,17390649.062459037,1.0000000000000018,0.24177520975489242,33.915195747590666,0.5652532624598444,1.4332959395149667
575,200,40,6,400,0,0.607549288350836,127637080.59563805,70462333.33333161,17390649.06245903,1.0000000000000013,0.24680773740759065,34.42416560685701,0.5737360934476168,1.3787315717245252
576,200,40,6,400,0,0.5221550226611691,113958254.26230764,59988499.99999945,17390649.062459018,1.0000000000000007,0.2898997151530573,38.556224193171715,0.642603736552862,1.396678531336477
577,200,40,6,400,0,0.5530395343259875,122151662.92897025,66262166.66666475,17390649.062458977,0.9999999999999982,0.2624521644446602,35.97003834941603,0.5995006391569339,1.3625019050386495
578,200,40,6,400,0,0.6319455979925905,129468745.59563717,71864833.33333105,17390649.062458996,0.9999999999999994,0.24199108598493307,33.93714814942999,0.5656191358238332,1.3911576026043702
579,200,40,6,400,0,0.6035068733093096,123707979.59563828,67453833.33333176,17390649.06245901,1.0000000000000002,0.25781557849382536,35.51751483099088,0.5919585805165147,1.4017179166208846
580,200,40,8,400,0,0.5995130780528726,138155386.92897025,78516166.66666368,17390649.062459044,1.000000000000002,0.2214913157476236,31.80332014312972,0.5300553357188287,1.3067614663698002
581,200,40,8,400,0,0.6407826411545033,119644695.06867714,64366499.99999896,17375408.850829575,0.9991236548115773,0.26994490691322126,36.723734365973506,0.6120622394328917,1.4688008061179723
582,200,40,8,400,0,0.6258716442996337,130936471.92897215,72988666.6666649,17390649.06245899,0.9999999999999988,0.23826506027135821,33.55673125501245,0.5592788542502075,1.3757625467669277
583,200,40,8,400,0,0.5985751558743007,125484574.92897134,68814166.66666497,17390649.06245898,0.9999999999999986,0.25271902436454813,35.01466218048748,0.5835777030081246,1.3843280783740637
584,200,40,8,400,0,0.6746225092512084,129590856.59563641,71958333.33333077,17390649.062459037,1.0000000000000018,0.24167665170760383,33.90516982004383,0.5650861636673972,1.4330499942846886
585,200,40,8,400,0,0.607549288350836,127627503.26230454,70454999.99999824,17390649.06245903,1.0000000000000013,0.24683342647731837,34.42674884088038,0.5737791473480063,1.378795176880697
586,200,40,8,400,0,0.5221550226611691,114365290.92897397,60300166.66666598,17390649.06245903,1.000000000000001,0.2884013432100944,38.41899901893092,0.6403166503155153,1.3931927475447599
587,200,40,8,400,0,0.5530395343259875,123406293.59563823,67222833.33333158,17390649.062458977,0.9999999999999982,0.2587015185186496,35.60434295512541,0.5934057159187568,1.353406465059664
588,200,40,8,400,0,0.6319455979925905,129451985.26230384,71851999.99999769,17390649.062458992,0.9999999999999991,0.24203430749957622,33.941542040448454,0.5656923673408075,1.391265411333059
589,200,40,8,400,0,0.6035068733093096,123696007.9289716,67444666.66666509,17390649.06245901,1.0000000000000002,0.25785061921070235,35.5209523214605,0.5920158720243417,1.4018032407022132
590,200,30,6,300,0,0.5425098933200623,104253853.61339837,59376166.66666666,13042986.79684429,1.000000000000002,0.21966704031377843,31.613219902851,0.52688699838085,1.245130523951935
591,200,30,6,300,0,0.46828174345053714,91580647.28006841,49672333.33333405,13042986.796844313,1.0000000000000038,0.2625805135691389,35.987952672150385,0.5997992112025065,1.2781453655083546
592,200,30,6,300,0,0.524950813074313,105343275.2800646,60210333.33333312,13042986.79684429,1.000000000000002,0.2166237267718886,31.286287532239893,0.5214381255373316,1.2196879200291555
593,200,30,6,300,0,0.49233728144640465,96934899.55151163,53790000.000000246,13031556.638122259,0.9991236548115826,0.24226727343599552,34.000138394413845,0.5666689732402308,1.2528200734354318
594,200,30,6,300,0,0.49074520075022177,103815690.61339672,59040666.666666314,13042986.796844332,1.000000000000005,0.22091530352261846,31.74664620084605,0.5291107700141009,1.1965882135824173
595,200,30,6,300,0,0.5110983774851726,101342344.28006431,57146833.33333325,13042986.796844337,1.0000000000000056,0.2282363874961463,32.52145017379806,0.542024169563301,1.2357116570453908
596,200,30,6,300,0,0.44879963330332734,101620054.45721337,57366833.333333254,13038296.790572379,0.9996404193038806,0.2272793534691485,32.4325746291317,0.5405429104855284,1.1711660265641746
597,200,30,6,300,0,0.7422134175944533,101282485.94673163,57100999.999999955,13042986.796844333,1.0000000000000053,0.2284195862917347,32.54067047419618,0.5423445079032697,1.4672935945311107
598,200,30,6,300,0,0.5187553698384749,106700862.28006133,61249833.3333323,13042986.796844332,1.000000000000005,0.2129473026622312,30.88822273384636,0.5148037122307726,1.2039169241990324
599,200,30,6,300,0,0.5772030264559418,96771561.94673295,53647000.000000276,13042986.796844339,1.0000000000000058,0.24312611696542719,34.0575261337018,0.5676254355616966,1.3393293555899803
600,200,30,6,200,0,0.5300653614826345,101668927.96448539,64217999.99999882,8695324.531229498,0.9999999999999994,0.13540322855320405,21.61722410181926,0.3602870683636544,0.9986750126888522
601,200,30,6,200,0,0.5308407199436558,80962733.29782368,48363333.33333423,8695324.531229494,0.9999999999999988,0.179791671332883,27.145822657880522,0.45243037763134203,1.1271044346413042
602,200,30,6,200,0,0.5097200540567881,95607622.70100623,59588833.333333164,8687704.42541479,0.9991236548115776,0.14579416879697507,22.98770681573352,0.38312844692889203,1.0094838360232603
603,200,30,6,200,0,0.5483375272805072,95444808.03433847,59464166.66666603,8687704.425414791,0.9991236548115777,0.1460998263729958,23.026920429336403,0.38378200715560673,1.0489993955345107
604,200,30,6,200,0,0.5852379635482879,95297606.9644874,59339499.99999978,8695324.531229498,0.9999999999999992,0.14653518366736373,23.0624888704604,0.3843748145076733,1.0868409249898523
605,200,30,6,200,0,0.5044178902936901,96357049.03433922,60162666.666666366,8687704.425414793,0.999123654811578,0.14440357960775513,22.808917687140458,0.3801486281190076,1.0000893820989019
606,200,30,6,200,0,0.5339003359220044,91210479.96448682,56210000.00000001,8695324.5312295,0.9999999999999996,0.15469355152516454,24.095915303326137,0.40159858838876894,1.059253765530905
607,200,30,6,200,0,0.4722960105309189,92933152.36767389,57541000.00000008,8687704.425414791,0.9991236548115778,0.1509828544066801,23.649256955201366,0.39415428258668944,0.9872365766429525
608,200,30,6,200,0,0.6216523031914576,96652799.63115303,60377166.666666046,8695324.531229492,0.9999999999999987,0.14401677010176994,22.73912404386895,0.37898540073114917,1.1158511200040229
609,200,30,6,200,0,0.5124111411293522,90645417.29782014,55777333.333333366,8695324.531229502,0.9999999999999997,0.15589351465164158,24.246123692927753,0.4041020615487959,1.0412280143994614
610,200,25,6,200,0,0.4671972382247192,91176398.29781984,56182499.99999991,8695324.531229498,0.9999999999999994,0.15476927034627352,24.10492233769836,0.40174870562830595,0.992761360130044
611,200,25,6,200,0,0.5317629317052643,78348707.03434426,46372333.33333451,8687704.425414793,0.999123654811578,0.18734671734039487,28.051515885725998,0.46752526476209993,1.1491655703396801
612,200,25,6,200,0,0.4759740843316662,91202735.96448757,56202666.66666672,8695324.531229502,0.9999999999999999,0.15471373596560356,24.097961281071406,0.4016326880178568,1.0013777611220058
613,200,25,6,200,0,0.513195327674169,83446242.70100857,50275500.00000066,8687704.425414791,0.9991236548115777,0.17280194976508786,26.33791443282606,0.438965240547101,1.0904021280333402
614,200,25,6,200,0,0.45689054797616674,88113213.50541817,53845000.00000037,8690244.105459504,0.9994157290217571,0.16139370610937773,24.942910518918428,0.4157151753153071,1.0017206881789762
615,200,25,6,200,0,0.45943482478000525,84253133.03434287,50893333.33333429,8687704.425414791,0.9991236548115777,0.170704173934005,26.085676827046218,0.4347612804507703,1.0307594443779795
616,200,25,6,200,0,0.48061000094869816,83532068.41592342,50334166.66666774,8692197.860381536,0.9996404193038755,0.1726898136199338,26.310853324698005,0.4385142220783001,1.0572760739229452
617,200,25,6,200,0,0.7875861245062135,81512868.96449031,48783166.66666754,8695324.531229503,1.0,0.17824436430386192,26.962613731059253,0.4493768955176542,1.3795585114669573
618,200,25,6,200,0,0.4889171141054862,86057313.6311548,52262833.333333716,8695324.531229498,0.9999999999999994,0.1663768298930617,25.53879394167312,0.425646565694552,1.0476651437144877
619,200,25,6,200,0,0.7874054915811655,89778107.63115408,55111833.33333345,8695324.531229494,0.999999999999999,0.15777599846184534,24.480355601050086,0.4080059266841681,1.3216322170348098
620,200,25,6,300,0,0.5091492885640104,100153307.13115394,56316333.33333353,12991138.342844494,0.9960248020788984,0.2306815372007727,32.90755037858156,0.5484591729763594,1.242153691300988
621,200,25,6,300,0,0.4067479608799162,89337118.88484791,47971000.000000775,13031556.638122225,0.99912365481158,0.27165488812244926,36.89172027416912,0.6148620045694853,1.238933875947361
622,200,25,6,300,0,0.4713824344119907,94609440.88484678,52008000.00000074,13031556.638122216,0.9991236548115793,0.25056830945473835,34.8358469215716,0.58059744869286,1.2524345306686415
623,200,25,6,300,0,0.44364444233920947,88728958.21818167,47505333.33333431,13031556.638122225,0.99912365481158,0.27431776021194726,37.144581275210435,0.6190763545868406,1.282175005095608
624,200,25,6,300,0,0.4507659640139352,95595383.28006656,52745000.00000043,13042986.796844292,1.0000000000000022,0.24728385243803558,34.47656034124857,0.5746093390208096,1.2232023849851732
625,200,25,6,300,0,0.4345608134126205,93375836.28006837,51045500.00000084,13042986.796844305,1.000000000000003,0.25551687801753514,35.29606942544201,0.5882678237573669,1.2272421395840154
626,200,25,6,300,0,0.3993132573932123,95221834.79054956,52466333.33333387,13038296.790572379,0.9996404193038806,0.24850787089954027,34.611809436874,0.5768634906145667,1.1749830447274112
627,200,25,6,300,0,0.7499391976358247,98399147.6133981,54891833.33333334,13042986.79684432,1.0000000000000042,0.23761251910899286,33.49419258131095,0.5582365430218491,1.498265755944868
628,200,25,6,300,0,0.45844719721459243,98538018.9467317,54998166.666666724,13042986.796844328,1.0000000000000049,0.23715311959206486,33.446988636758206,0.5574498106126368,1.205619503500881
629,200,25,6,300,0,0.9287818295504086,87088839.88484895,46249500.00000101,13031556.638122285,0.9991236548115846,0.2817664328938042,37.84411417533853,0.6307352362556422,1.7849302121210942
630,200,30,4,300,0,0.516194961352731,101572200.28006558,57322833.33333346,13042986.79684432,1.0000000000000042,0.22753562652772383,32.44785473695039,0.5407975789491731,1.2390210415240832
631,200,30,4,300,0,0.46828174345053714,91568675.61340183,49663166.666667424,13042986.796844319,1.0000000000000042,0.26262897983101063,35.99265772844303,0.5998776288073838,1.2782625561227294
632,200,30,4,300,0,0.527699917699209,104387936.28006291,59478833.33333276,13042986.796844324,1.0000000000000044,0.21928787210314787,31.572613823475557,0.5262102303912592,1.2293404457729866
633,200,30,4,300,0,0.49233728144640465,95603650.21817887,52770666.666667104,13031556.638122259,0.9991236548115826,0.24694697757824077,34.47357912044774,0.5745596520074623,1.2644545155164595
634,200,30,4,300,0,0.49074520075022177,103760620.94673012,58998499.999999665,13042986.796844337,1.0000000000000056,0.2210731933327866,31.76349534080022,0.5293915890133369,1.196995344429788
635,200,30,4,300,0,0.5110983774851726,100772492.94673136,56710500.00000001,13042986.796844337,1.0000000000000056,0.22999244931440094,32.7053534513845,0.5450892241897416,1.2401815611264349
636,200,30,4,300,0,0.44879963330332734,101663152.4572136,57399833.33333331,13038296.790572377,0.9996404193038804,0.22714868725935408,32.41882550698086,0.540313758449681,1.1708323415604918
637,200,30,4,300,0,0.4727839250726929,97954362.61339924,54552666.6666668,13042986.796844337,1.0000000000000056,0.23908981162260884,33.64628090131807,0.5607713483553012,1.2248271227260812
638,200,30,4,300,0,0.5187553698384749,106751143.28006147,61288333.333332315,13042986.796844332,1.000000000000005,0.2128135337912797,30.873674030389292,0.5145612338398216,1.2035674307113202
639,200,30,4,300,0,0.5772030264559418,96738041.28006631,53621333.33333361,13042986.796844339,1.0000000000000058,0.24324249297874484,34.0693273958104,0.5678221232635067,1.3396191441024443
640,200,30,4,200,0,0.5300653614826345,101395973.96448517,64008999.99999874,8695324.531229498,0.9999999999999994,0.1358453425491676,21.675416824437217,0.3612569470739536,0.9999985825959222
641,200,30,4,200,0,0.5308407199436558,80917240.96449038,48328500.000000894,8695324.531229492,0.9999999999999987,0.1799212582891944,27.161084260948538,0.45268473768247564,1.127462464257487
642,200,30,4,200,0,0.5066785982266196,93807084.03433913,58210166.666666426,8687704.42541479,0.9991236548115776,0.1492472006679502,23.42893420709539,0.39048223678492316,1.0165585955459029
643,200,30,4,200,0,0.5483375272805072,95507060.70100519,59511833.33333269,8687704.425414791,0.9991236548115777,0.14598280608755487,23.01191120183713,0.3835318533639522,1.0486556255145034
644,200,30,4,200,0,0.5852379635482879,95180284.63115402,59249666.66666649,8695324.531229502,0.9999999999999997,0.14675735781179405,23.090916448894767,0.38484860748157945,1.0874924572793025
645,200,30,4,200,0,0.4857219446378849,93625114.70100482,58070833.33333295,8687704.425414791,0.9991236548115777,0.14960529971296288,23.474470573614287,0.3912411762269048,0.99664736063516
646,200,30,4,200,0,0.5339003359220044,91050059.63115343,56087166.666666724,8695324.5312295,0.9999999999999996,0.15503233712815156,24.138369693587844,0.4023061615597974,1.060232367184323
647,200,30,4,200,0,0.4722960105309189,92863716.70100728,57487833.33333345,8687704.425414791,0.9991236548115778,0.1511224883888146,23.6669398778884,0.39444899796480665,0.9876429992067772
648,200,30,4,200,0,0.5666558477926132,100481338.63115266,63308666.66666573,8695324.531229494,0.9999999999999988,0.1373480913286694,21.872718157823254,0.3645453026303876,1.0410796234859363
649,200,30,4,200,0,0.5124111411293522,90657388.9644867,55786500.00000001,8695324.531229502,0.9999999999999997,0.15586789870720513,24.242921896426402,0.4040486982737734,1.0411541583688897
650,200,25,4,300,0,0.5087299953267785,97844185.21817845,54484833.333333656,13031556.638122257,0.9991236548115825,0.2391776911272956,33.684168278889956,0.5614028046481659,1.2614749528767808
651,200,25,4,300,0,0.4049786290793369,82657990.23979357,43024666.666667536,12924569.175105322,0.9909209735788744,0.3003990542271502,39.87273330066186,0.664545555011031,1.309843427472088
652,200,25,4,300,0,0.47506893278053647,100388830.1698874,56417166.66666655,13041814.1385507,0.9999100928098887,0.23116747807642582,32.830345710997314,0.5471724285166218,1.207175343758299
653,200,25,4,300,0,0.44364444233920947,88788816.55151504,47551166.666667655,13031556.63812223,0.9991236548115805,0.27405335245448503,37.119539689863814,0.6186589948310636,1.281546119133861
654,200,25,4,300,0,0.4507659640139352,95530736.28006664,52695500.00000046,13042986.7968443,1.0000000000000027,0.24751614078705367,34.49989111711368,0.574998185285228,1.2237770619288062
655,200,25,4,300,0,0.4452341925644448,90998263.28006956,49225000.000001125,13042986.796844337,1.0000000000000056,0.26496672009840605,36.218273637337056,0.6036378939556176,1.2608454625987873
656,200,25,4,300,0,0.3993132573932123,95264932.79054964,52499333.33333389,13038296.790572377,0.9996404193038804,0.24835166396853747,34.59615100181907,0.5766025166969845,1.1745971052650268
657,200,25,4,300,0,0.41609859492179535,91740506.61340205,49793333.333334096,13042986.796844337,1.0000000000000056,0.2619424313196707,35.925243075979786,0.5987540512663297,1.2244065912438615
658,200,25,4,300,0,0.45844719721459243,98403936.28006518,54895500.00000008,13042986.796844326,1.0000000000000047,0.23759664811950537,33.49256264119252,0.5582093773532086,1.2067338930634053
659,200,25,4,300,0,0.47374812134177846,90418834.61340277,48781333.33333433,13042986.796844337,1.0000000000000056,0.2673765948076601,36.450370258493294,0.6075061709748882,1.2951555681627949
660,200,35,4,300,0,0.5859279552250893,110364753.28006297,64056666.66666577,13042986.79684432,1.0000000000000042,0.20361638336126092,29.862794977999332,0.4977132496333222,1.2465343115474203
661,200,35,4,300,0,0.5176453484667926,96096920.94673276,53131833.33333353,13042986.796844319,1.0000000000000042,0.24548346967469475,34.29662436142867,0.5716104060238112,1.2856425302303596
662,200,35,4,300,0,0.5857305402982672,120540669.94672641,71848333.33333075,13042986.796844326,1.0000000000000047,0.18153499450478733,27.341809212248418,0.4556968202041403,1.1866553561062374
663,200,35,4,300,0,0.5401608388720798,102265246.55150941,57872833.33333318,13031556.638122259,0.9991236548115826,0.2251757152283131,32.227957308448445,0.5371326218074741,1.2574340328622045
664,200,35,4,300,0,0.5300488893833641,115151025.61339453,67721499.99999817,13042986.796844337,1.0000000000000056,0.19259742913025685,28.62154273002522,0.477025712167087,1.1611525448546565
665,200,35,4,300,0,0.5763059530466426,117117296.21817368,69244999.99999869,13031556.638122246,0.9991236548115817,0.18819491137443126,28.141018503879824,0.4690169750646637,1.1958788572108514
666,200,35,4,300,0,0.6993345484618136,106890575.61339545,61396499.9999992,13042986.796844328,1.0000000000000049,0.21243860475506746,30.833401177671014,0.5138900196278502,1.3831754518937178
667,200,35,4,300,0,0.5715582727413238,114624272.2800613,67318166.66666499,13042986.796844307,1.0000000000000033,0.1937513667213848,28.753072402914604,0.4792178733819101,1.2057772395003417
668,200,35,4,300,0,0.5614995235737088,118730553.94672683,70462333.33333102,13042986.796844332,1.000000000000005,0.1851058030556954,27.75865091540625,0.4626441819234375,1.1722283479417026
669,200,35,4,300,0,0.5596991232591579,101508114.28006402,57275166.66666648,13042986.796844337,1.0000000000000056,0.22772499070587973,32.46834032308773,0.5411390053847955,1.2830181212086573
670,200,30,2,300,0,0.5282572644758372,103995265.61339626,59178166.666666254,13042986.796844337,1.0000000000000056,0.2204020085703527,31.691827320795344,0.5281971220132557,1.232775993345375
671,200,30,2,300,0,0.46828174345053714,91635716.9467353,49714500.00000081,13042986.796844313,1.0000000000000038,0.26235779896899497,35.966325247564065,0.5994387541260677,1.277606736751801
672,200,30,2,300,0,0.527699917699209,104426245.61339623,59508166.66666609,13042986.79684432,1.0000000000000042,0.2191797786328114,31.56103123923093,0.5260171873205155,1.2290609279259737
673,200,30,2,300,0,0.49233728144640465,95629987.88484555,52790833.33333376,13031556.638122264,0.999123654811583,0.24685264117423467,34.464084675705415,0.5744014112617569,1.2642208056475495
674,200,30,2,300,0,0.49074520075022177,103858788.6133968,59073666.66666633,13042986.796844337,1.0000000000000056,0.22079189481231476,31.733472381121853,0.5288912063520309,1.1962699229521045
675,200,30,2,300,0,0.5110983774851726,100758126.94673145,56699500.00000002,13042986.796844337,1.0000000000000056,0.23003706905430085,32.71001655025222,0.5451669425042037,1.2402949752328172
676,200,30,2,300,0,0.44879963330332734,101696673.12388039,57425500.00000002,13038296.790572377,0.9996404193038804,0.2270471618109093,32.40813980202938,0.5401356633671563,1.170573026119211
677,200,30,2,300,0,0.4725164647706323,98279991.94673297,54802000.000000246,13042986.796844333,1.0000000000000053,0.2380020217664369,33.5348012827097,0.5589133547118283,1.2218314368956102
678,200,30,2,300,0,0.5132180544306243,103650481.61339684,58914166.66666634,13042986.79684434,1.000000000000006,0.22138965099245084,31.79724733255863,0.5299541222093105,1.2202838974338954
679,200,30,2,300,0,0.5772030264559418,96728463.94673309,53614000.00000037,13042986.796844339,1.0000000000000058,0.24327576373417856,34.07270068730697,0.5678783447884495,1.339701982231734
680,200,35,2,300,0,0.5806095750322131,111971350.94672802,65286833.33333185,13042986.796844337,1.0000000000000056,0.1997797431872884,29.434314868345425,0.49057191447242376,1.2310052840544676
681,200,35,2,300,0,0.5176453484667926,96163962.28006622,53183166.66666693,13042986.796844313,1.0000000000000038,0.24524652468690122,34.27271424612653,0.5712119041021089,1.2850544723184223
682,200,35,2,300,0,0.5857305402982672,119858284.94672646,71325833.33333084,13042986.796844326,1.0000000000000047,0.1828648357445729,27.497473382544126,0.4582912230424021,1.1903136319363277
683,200,35,2,300,0,0.5401608388720798,102291584.21817617,57892999.99999984,13031556.638122264,0.999123654811583,0.2250972766676852,32.21965937071067,0.5369943228451779,1.2572329830514057
684,200,35,2,300,0,0.5300488893833641,115249193.28006124,67796666.66666485,13042986.796844337,1.0000000000000056,0.19238389493354663,28.597163296328183,0.4766193882721364,1.1605753936023377
685,200,35,2,300,0,0.6107965650647253,112117405.28006122,65398666.66666521,13042986.796844311,1.0000000000000036,0.19943811489802954,29.39597105166079,0.4899328508610132,1.2602799078441622
686,200,35,2,300,0,0.6441972233788684,103691746.28006262,58947166.66666621,13042986.796844328,1.0000000000000049,0.22126571189756525,31.7845934535457,0.5297432242257617,1.3509530171226825
687,200,35,2,300,0,0.5503303093712114,113127813.94672804,66172333.33333176,13042986.796844319,1.0000000000000042,0.19710634550458594,29.133418962307488,0.4855569827051248,1.193572368480005
688,200,35,2,300,0,0.5620760826024589,111528399.28006099,64947666.66666516,13042986.796844332,1.000000000000005,0.20082302361662416,29.551217638512473,0.49252029397520786,1.215254795470966
689,200,35,2,300,0,0.5596991232591579,101486565.28006402,57258666.66666648,13042986.796844337,1.0000000000000056,0.22779061330181827,32.4752344401927,0.541253907336545,1.2831855212371575
690,200,30,2,200,0,0.5300653614826345,100711194.63115196,63484666.66666557,8695324.531229502,0.9999999999999997,0.13696731805942094,21.822797436266107,0.36371329060443514,1.0033525065346063
691,200,30,2,200,0,0.5308407199436558,81008225.63115732,48398166.666667625,8695324.531229502,0.9999999999999997,0.17966227091031675,27.130578195934262,0.45217630326557107,1.1267468399374803
692,200,30,2,200,0,0.5066785982266196,92389638.70100607,57124833.33333333,8687704.42541479,0.9991236548115776,0.15208279689361237,23.78838180234238,0.39647303003903966,1.0248178657805491
693,200,30,2,200,0,0.5483375272805072,95216199.63115244,59277166.666666016,8695324.531229502,0.9999999999999999,0.14668927379957314,23.0822066887128,0.38470344481188,1.0503923911320459
694,200,30,2,200,0,0.5416444447808334,97650404.17208435,61148999.99999965,8690244.105459504,0.9994157290217572,0.14211588260575894,22.506819286962997,0.37511365478271663,1.0304508056481572
695,200,30,2,200,0,0.4857219446378849,93632297.70100482,58076333.33333295,8687704.425414791,0.9991236548115777,0.14959113164998103,23.472669730034983,0.3912111621672497,0.9966060121251195
696,200,30,2,200,0,0.5339003359220044,91083580.29782026,56112833.33333342,8695324.5312295,0.9999999999999996,0.1549614235227738,24.12948626759895,0.4021581044599825,1.0600275792002058
697,200,30,2,200,0,0.4722960105309189,92918786.3676739,57530000.00000011,8687704.425414791,0.9991236548115777,0.1510117230212893,23.652913322645446,0.39421522204409076,0.987320610992041
698,200,30,2,200,0,0.5666558477926132,100531619.63115272,63347166.66666573,8695324.531229494,0.9999999999999988,0.13726461637952167,21.861778493807794,0.3643629748967966,1.040830515793027
699,200,30,2,200,0,0.5124111411293522,90669360.63115332,55795666.66666666,8695324.531229502,0.9999999999999997,0.1558422911796526,24.239720945433163,0.40399534909055274,1.041080323163627
700,200,30,2,400,0,0.4725022544531206,113267564.2623083,59456833.333332956,17390649.062458992,0.9999999999999991,0.29249201626601545,38.79133473572991,0.6465222455954985,1.3530181130614314
701,200,30,2,400,0,0.45030191268868525,102878451.06868446,51525833.333334,17375408.85082959,0.9991236548115783,0.33721742525586257,42.708652340290186,0.7118108723381698,1.431886725231545
702,200,30,2,400,0,0.5218878929319347,116250903.59563991,61741166.66666582,17390649.062458992,0.9999999999999991,0.2816702372397546,37.7958352503059,0.6299305875050983,1.3771546702288369
703,200,30,2,400,0,0.4944607849361105,111332842.06868091,57999333.3333332,17375408.850829564,0.9991236548115767,0.29957945811152314,39.46544360458774,0.6577573934097957,1.3918817448351248
704,200,30,2,400,0,0.4848249527677932,111105481.26230863,57801333.33333303,17390649.06245898,0.9999999999999986,0.3008693408881988,39.54620375233054,0.6591033958721757,1.384623821350528
705,200,30,2,400,0,0.4988222015891781,113627443.67750272,59748333.333332926,17380488.210918993,0.9994157290217563,0.2908949462063507,38.668475306638754,0.6444745884439792,1.3760127469982377
706,200,30,2,400,0,0.45373847181284954,106853145.2623113,54545333.333333656,17390649.06245898,0.9999999999999986,0.31882927465457866,41.11998752319141,0.6853331253865236,1.394135016923036
707,200,30,2,400,0,0.46455667720285654,112570813.26230761,58923333.33333273,17390649.062458966,0.9999999999999977,0.29514027938777754,39.031431617729886,0.6505238602954981,1.3511927610085768
708,200,30,2,400,0,0.5128472988932404,112513349.26230946,58879333.333333164,17390649.062458992,0.9999999999999991,0.2953608350829217,39.05136616061848,0.6508561026769747,1.3999920696365526
709,200,30,2,400,0,0.5011072231191079,101566457.26231441,50497333.33333427,17390649.06245899,0.9999999999999988,0.3443874738426847,43.26034518120671,0.7210057530201118,1.4976229552133675
710,200,25,2,200,0,0.4550461095352995,89857120.6311532,55172333.33333344,8695324.531229502,0.9999999999999997,0.15760298696622374,24.458829579255728,0.4076471596542621,0.9887756587625406
711,200,25,2,200,0,0.4761503043087024,80169647.96449158,47754666.66666793,8695324.531229502,0.9999999999999997,0.1820832420823641,27.41436510951677,0.4569060851586128,1.0787229831332066
712,200,25,2,200,0,0.4410062846609967,85147466.96448955,51566166.66666741,8695324.531229503,1.0,0.16862460588621178,25.811689746643722,0.4301948291107287,1.006100798480695
713,200,25,2,200,0,0.47319527896727126,79074190.03434443,46927833.33333469,8687704.425414793,0.999123654811578,0.18512903341828854,27.7941512780014,0.4632358546333567,1.0845343603352586
714,200,25,2,200,0,0.4343083727120622,86311112.96448833,52457166.66666721,8695324.531229502,0.9999999999999997,0.16576046865975247,25.463696672574,0.4243949445429,0.9913116921827643
715,200,25,2,200,0,0.4403703781261716,82059923.70100969,49214000.0000011,8687704.425414791,0.9991236548115777,0.17652912637490542,26.782866725635984,0.44638111209393305,1.027974791320029
716,200,25,2,200,0,0.48061000094869816,83405168.74925727,50237000.00000118,8692197.860381534,0.9996404193038754,0.17302382428053686,26.3508848786973,0.439181414644955,1.0582104750180827
717,200,25,2,200,0,0.4128248872404368,87310696.70100807,53234500.00000042,8687704.425414791,0.9991236548115777,0.16319688219885078,25.172173433986867,0.4195362238997811,0.9629186168992985
718,200,25,2,200,0,0.4722075125775445,86136326.6311552,52323333.33333385,8695324.531229502,0.9999999999999997,0.16618445303999646,25.515367162233545,0.42525611937055907,1.0304111943801009
719,200,25,2,200,0,0.4593037178833633,88243339.96448691,53936666.666666746,8695324.531229505,1.0000000000000002,0.16121360604220059,24.906128903150012,0.41510214838583354,1.0033767511029574
