int(self),self.nb_electrical,self.nb_activeCS_Cparking,self.nb_activeCS_Cparking_fast,self.nb_solar,self.nb_wind,self.avg_statisfied_day,self.monthly_profit,self.monthly_energy_consumption,self.monthly_renew_charge,self.self_consumption,self.self_sufficiency,self.payback_period,self.payback_period_norm,self.metric
0,200,50,4,500,4,0.7529376205575077,151231008.91121072,81709833.33332908,21738311.32807359,0.9999999999999912,0.26604278140421356,38.32415085852382,0.6387358476420637,1.6045076933229423
1,200,50,4,500,4,0.7187585956680375,140947347.24454826,73835666.6666644,21738311.32807362,0.9999999999999926,0.2944147768884182,41.120319844999266,0.6853386640833211,1.6396290812620933
2,200,50,4,500,4,0.6645902955425104,144337723.2445463,76431666.6666637,21738311.328073606,0.999999999999992,0.28441498499410517,40.15443689783288,0.6692406149638813,1.5613628985016759
3,200,50,4,500,4,0.6927715345204684,137324720.91121265,71061833.33333081,21738311.3280736,0.9999999999999916,0.3059069870334667,42.20507394110982,0.703417899018497,1.6409150231657388
4,200,50,4,500,4,0.6886246000518101,150653974.57787782,81267999.99999602,21738311.32807367,0.9999999999999948,0.26748918797158455,38.47093988883756,0.6411823314806261,1.5437982819097038
5,200,50,4,500,4,0.7114282981562509,144907574.57787904,76867999.99999693,21738311.32807363,0.9999999999999929,0.28280053244619996,39.996528938417285,0.6666088156402881,1.604277539753499
6,200,50,4,500,4,0.7284707834973982,153984492.24454302,83818166.66666202,21738311.328073595,0.9999999999999915,0.2593508327917154,37.63885515689256,0.6273142526148761,1.5632657023456467
7,200,50,4,500,4,0.6482122938535919,140286511.24454594,73329666.66666394,21738311.328073565,0.9999999999999901,0.2964463404271264,41.31402191545575,0.6885670319242625,1.5739363981195555
8,200,50,4,500,4,0.644154989027191,157168955.5778774,86256499.99999541,21738311.328073658,0.9999999999999943,0.2520193994432282,36.87623919552086,0.6146039865920143,1.460374495173788
9,200,50,4,500,4,0.689867452807459,147328245.57787997,78721499.99999683,21738311.328073595,0.9999999999999915,0.27614198571005977,39.33936752770365,0.6556561254617275,1.5664371668372343
10,200,50,4,300,4,0.7018836137868588,134321741.28005832,82404666.66666296,13042986.796844337,1.0000000000000056,0.15827971065770857,26.799831253635137,0.4466638542272523,1.2751712365402779
11,200,50,4,300,4,0.7618908485761868,135142997.61339203,83033499.99999662,13042986.796844333,1.0000000000000053,0.15708101906874772,26.636970198767273,0.4439495033127879,1.3315051671439728
12,200,50,4,300,4,0.6459793714470616,116586914.28005975,68825166.66666438,13042986.796844345,1.000000000000006,0.18950897511101478,30.876535520553578,0.5146089253425596,1.3121954768784332
13,200,50,4,300,4,0.6666294412013087,128359851.28005907,77839666.66666357,13042986.796844332,1.000000000000005,0.1675622128843244,28.044594661814127,0.46740991103023544,1.2680891225390036
14,200,50,4,300,4,0.785900023972294,128738155.9467253,78129333.3333299,13042986.796844333,1.0000000000000053,0.16694097134040448,27.962183965798587,0.46603639942997643,1.385489200474594
15,200,50,4,300,4,0.7167749363937587,135286657.61339113,83143499.99999596,13042986.796844332,1.000000000000005,0.1568731987087982,26.608684577655495,0.4434780762942582,1.2857515716550554
16,200,50,4,300,4,0.6779785185336488,133586680.94672486,81841833.33332966,13042986.796844339,1.0000000000000058,0.1593682138536925,26.947297249159302,0.4491216208193217,1.2545947104359245
17,200,50,4,300,4,0.6391768780443291,133474147.2800577,81755666.66666254,13042986.796844337,1.0000000000000056,0.15953618053197122,26.970016841140325,0.4495002806856721,1.2163061031555782
18,200,50,4,300,4,0.719203971815981,135612286.94672406,83392833.33332895,13042986.79684432,1.0000000000000042,0.15640416898548445,26.544792371315136,0.4424132061885856,1.2867405131929541
19,200,50,4,300,4,0.6762684523867167,129203802.25812268,78497833.33333072,13035366.158189321,0.9994157290217615,0.16606020325218857,27.861409162002357,0.4643568193667059,1.2734734343551737
20,200,50,8,400,4,0.7121477284501152,137009623.2623039,77641666.66666402,17390649.06245901,1.0000000000000002,0.22398603493561794,34.28810245690624,0.5714683742817707,1.46280493068038
21,200,50,8,400,4,0.7292646246473612,143917274.92896837,82930833.33332957,17390649.062459003,0.9999999999999999,0.2097006428545048,32.642363484985665,0.5440393914164278,1.4410645303473928
22,200,50,8,400,4,0.6665473861579863,143222918.26230168,82399166.66666281,17390649.06245897,0.9999999999999979,0.21105370073475402,32.8006163887566,0.54667693981261,1.3820672865583994
23,200,50,8,400,4,0.6922727460182095,134129240.26230253,75436166.66666362,17390649.062459018,1.0000000000000007,0.23053463386209164,35.024428609399436,0.583740476823324,1.4604409299312069
24,200,50,8,400,4,0.7898087436164023,149285370.2623015,87041166.66666265,17390649.062459007,1.0,0.19979797753698703,31.468589264612746,0.5244764877435457,1.4741236133895377
25,200,50,8,400,4,0.7474190363974913,144046568.92896864,83029833.33332962,17390649.062459018,1.0000000000000007,0.2094506078633559,32.61306419812436,0.5435510699687394,1.4585305926569154
26,200,50,8,400,4,0.7078887181815271,141719276.92896944,81247833.3333301,17390649.06245898,0.9999999999999986,0.2140444655442259,33.14863088353581,0.5524771813922634,1.4316014720091714
27,200,50,8,400,4,0.6365413225619789,149883953.5956351,87499499.99999559,17390649.06245902,1.0000000000000007,0.19875141072188865,31.34291488383056,0.5223819147305093,1.3179243658699993
28,200,50,8,400,4,0.7176481058857032,145483168.9289695,84129833.33332966,17390649.06245897,0.9999999999999979,0.20671203511786024,32.29102056674093,0.5381836761123489,1.4212014100923402
29,200,50,8,400,4,0.7199803188693049,131402094.59563762,73347999.99999803,17390649.062458992,0.9999999999999991,0.23709779492909772,35.75133268960814,0.5958555448268024,1.5055140996393854
30,200,30,8,600,4,0.5669123351832941,114947292.21137546,48761166.666667566,25027676.205321994,0.9594304048278808,0.513270660163071,59.97357456079138,0.9995595760131896,1.9770884393269403
31,200,30,8,600,4,0.5083212792579442,125497023.81102766,55306166.6666668,26004719.44575914,0.9968851402981926,0.4701956583339244,54.93197998368969,0.9155329997281616,1.8000108056532453
32,200,30,8,600,4,0.49889981249433557,125965199.5601328,55537166.666666284,26085973.59368836,0.9999999999999936,0.4697029963781949,54.72781390473695,0.9121302317456158,1.7867924413425071
33,200,30,8,600,4,0.5280615256709937,125054004.43635824,54875333.33333336,26063113.276244123,0.9991236548115675,0.4749513432187646,55.12658335949852,0.9187763893249753,1.8267989895709809
34,200,30,8,600,4,0.512078688320171,134706910.5601336,62230666.66666653,26085973.593688183,0.9999999999999867,0.41918197234517124,51.17629059514794,0.852938176585799,1.7003624427821071
35,200,30,8,600,4,0.49138507132971376,118276995.22680426,49650333.33333413,26085973.593688246,0.9999999999999892,0.5253937253262044,58.28521418540153,0.9714202364233588,1.883120288014036
36,200,30,8,600,4,0.48155412141096837,129891803.18292475,58567666.66666645,26070732.316378303,0.9994157290217486,0.4451386541444096,53.073402871246316,0.8845567145207719,1.722221759247268
37,200,30,8,600,4,0.493815022837326,123726497.89346877,53823000.00000033,26085973.593688242,0.999999999999989,0.4846622000573748,55.718056498582165,0.9286342749763694,1.8101790578595953
38,200,30,8,600,4,0.5362261494121047,130172043.22679916,58758333.33333295,26085973.5936883,0.9999999999999913,0.44395359966566683,52.95914413810737,0.8826524023017895,1.7740414314464277
39,200,30,8,600,4,0.5124698283253575,126324349.56013486,55812166.66666683,26085973.593688298,0.9999999999999911,0.4673886564820972,54.57221845198029,0.9095369741996715,1.7959177277107068
40,200,35,2,400,4,0.6245900549641626,117544303.73534377,62756833.3333323,17375408.850829564,0.9991236548115768,0.27686879544320303,39.966207214747776,0.6661034535791296,1.5121885448978547
41,200,35,2,400,4,0.5700886025116422,112904186.59564112,59179999.999999456,17390649.06245898,0.9999999999999986,0.2938602410013373,41.60873163034122,0.693478860505687,1.498655655818399
42,200,35,2,400,4,0.5562138756496264,114824441.92897364,60650333.33333254,17390649.062459007,1.0,0.28673624870090136,40.91289207315193,0.6818815345525322,1.4674844091628798
43,200,35,2,400,4,0.5227023609113075,103673930.73535076,52136333.33333391,17375408.850829598,0.9991236548115787,0.3332687156908376,45.313223552718476,0.7552203925453079,1.5445377260092856
44,200,35,2,400,4,0.5822120218983697,117209197.9289734,62476333.333332494,17390649.062458992,0.9999999999999991,0.2783557890581376,40.080472207025764,0.6680078701170961,1.4729045232619757
45,200,35,2,400,4,0.5846299016629712,116981736.2623067,62302166.666665815,17390649.062458992,0.9999999999999991,0.2791339369544542,40.15840549217171,0.6693067582028618,1.4772438094293965
46,200,35,2,400,4,0.5552646966848795,115042326.2623075,60817166.66666606,17390649.06245898,0.9999999999999986,0.2859496753240037,40.835405129835145,0.6805900854972524,1.464614522441335
47,200,35,2,400,4,0.5066693218353842,128713969.59563893,71285499.99999827,17390649.062459014,1.0000000000000002,0.24395773421606684,36.49798086997365,0.6082996811662276,1.3101351903744654
48,200,35,2,400,4,0.5300723960904669,113663190.26230773,59761166.666666076,17390649.062459014,1.0000000000000002,0.2910025026696687,41.33088284042169,0.6888480473403614,1.4517224455665634
49,200,35,2,400,4,0.5960269182121525,112195463.92897631,58637333.3333332,17390649.062458992,0.9999999999999991,0.29657980801410416,41.871568025012785,0.6978594670835464,1.5311502317069823
50,200,20,6,300,4,0.3786159922013737,76655645.61340314,38241500.00000068,13042986.796844337,1.0000000000000056,0.3410689119632887,46.960663773609646,0.7826777295601608,1.4341488513321654
51,200,20,6,300,4,0.410843585140024,85888194.94673675,45310833.333334364,13042986.796844305,1.000000000000003,0.28785581366142776,41.912628414561546,0.6985438069093591,1.3396720429785254
52,200,20,6,300,4,0.8475203065874708,69815558.21817979,33022000.000000168,13031556.63812226,0.9991236548115828,0.3946325673224576,51.5615729770477,0.8593595496174617,2.0225859100628987
53,200,20,6,300,4,0.41765605104439313,78803362.61340299,39886000.0000007,13042986.796844337,1.0000000000000056,0.3270066388418018,45.68079179133583,0.7613465298555971,1.4406078919734318
54,200,20,6,300,4,0.8175293228566337,85517073.28007002,45026666.66666768,13042986.796844307,1.0000000000000033,0.28967249326719013,42.09451822808046,0.701575303801341,1.750842621271727
55,200,20,6,300,4,0.7817175575670994,78209567.94673641,39431333.33333405,13042986.796844287,1.0000000000000018,0.33077721939009713,46.027616498937775,0.7671269416489629,1.8134662747281398
56,200,20,6,300,4,0.3930714697000323,80639816.28007025,41292166.66666763,13042986.796844311,1.0000000000000036,0.31587072923865317,44.64047868732153,0.7440079781220256,1.3897760312129805
57,200,20,6,300,4,0.3507310728260295,80372173.88484886,41105166.66666755,13031556.63812227,0.9991236548115834,0.31702965089032575,44.78913317882281,0.7464855529803801,1.3508403465186702
58,200,20,6,300,4,0.66855710713603,81295863.61340322,41794500.00000085,13042986.79684432,1.0000000000000042,0.3120742393579073,44.280235672488786,0.7380039278748131,1.656220426497169
59,200,20,6,300,4,0.7668435239400656,78568717.9467367,39706333.33333416,13042986.796844332,1.000000000000005,0.3284863068908585,45.81721700537835,0.7636202834229725,1.793252852875725
60,200,35,10,700,4,0.6093558933692218,147882687.95350397,65699333.333332,30306340.631288208,0.9958172849079359,0.46128840421448447,54.04148457534607,0.9006914095891011,1.8790780263299105
61,200,35,10,700,4,0.5479933324904052,141839390.62017357,61071999.999999344,30306340.63128824,0.9958172849079371,0.4962395309026815,56.34400969333649,0.9390668282222748,1.884051785434825
62,200,35,10,700,4,0.942235357831112,142935995.28684038,61911666.66666601,30306340.631288182,0.9958172849079351,0.4895093649224191,55.91173856495878,0.9318623094159797,2.265705159185027
63,200,35,10,700,4,0.5279286580576288,139127033.03132433,59036999.999999486,30279670.260936707,0.9949409397195135,0.5128931053565894,57.44246697333546,0.957374449555591,1.8956175918984912
64,200,35,10,700,4,0.5518747233784298,145052129.45350608,63477333.333332516,30341173.964621585,0.9969618518434942,0.4779843823194942,55.09605429516725,0.9182675715861208,1.852529800820146
65,200,35,10,700,4,0.5690193857868932,142289068.7868406,61361666.66666615,30341173.964621462,0.9969618518434901,0.4944646326092031,56.16594491859596,0.9360990819765994,1.900690173850855
66,200,35,10,700,4,0.5064227508301978,141511366.95350614,60820833.33333248,30306340.63128829,0.9958172849079386,0.4982888094477832,56.474615234447725,0.9412435872407954,1.8462973856292197
67,200,35,10,700,4,0.559558199772734,146831575.62017143,64894499.999998905,30306340.63128815,0.9958172849079341,0.46700938648558293,54.4283473513452,0.90713912252242,1.8403048314836203
68,200,35,10,700,4,0.5102651802424761,147521143.62017134,65422499.99999885,30306340.631288182,0.9958172849079351,0.4632403321684239,54.173929267907596,0.9028988211317933,1.7837562671090086
69,200,35,10,700,4,0.5554108488551971,141597562.953507,60886833.33333266,30306340.631288238,0.9958172849079369,0.4977486752410385,56.440236917241826,0.9406706152873637,1.8942804043353916
70,200,25,4,300,4,0.470792678929106,88178261.5515155,47083666.66666787,13031556.638122264,0.999123654811583,0.2767744647072643,40.82412078284084,0.6804020130473474,1.372614263742265
71,200,25,4,300,4,0.49016655987136504,91960785.28006862,49962000.00000079,13042986.796844339,1.0000000000000058,0.2610581401233764,39.144946283752674,0.6524157713958779,1.351428843365944
72,200,25,4,300,4,0.4407507398988726,84998063.946737,44630666.666667804,13042986.796844307,1.0000000000000033,0.29224270599088764,42.35155288073115,0.7058592146788525,1.3804041193704353
73,200,25,4,300,4,0.5149459408145477,86506493.94673735,45785666.66666789,13042986.796844324,1.0000000000000044,0.2848705227293252,41.61306089016186,0.693551014836031,1.4363933738340389
74,200,25,4,300,4,0.46931147522099814,95185952.28006706,52431500.00000043,13042986.796844324,1.0000000000000044,0.24876241947768452,37.81860572669646,0.630310095444941,1.2986315062480869
75,200,25,4,300,4,0.440999130194102,82893967.88484856,43037500.000000976,13031556.638122238,0.999123654811581,0.30279539095258656,43.4265615683958,0.72377602613993,1.4070114690961013
76,200,25,4,300,4,0.424182292151962,90011797.94673611,48469666.66666768,13042986.796844305,1.000000000000003,0.2690958633271125,39.99253522443978,0.666542253740663,1.306001236554315
77,200,25,4,300,4,0.3984092362914447,89408425.94673687,48007666.6666679,13042986.796844337,1.0000000000000056,0.2716854973895281,40.26242450733338,0.6710404084555563,1.2867980426586234
78,200,25,4,300,4,0.5053856371144196,96052700.94673318,53095166.66666705,13042986.796844298,1.0000000000000024,0.2456529966037876,37.47734279743262,0.6246223799572104,1.3265304143546601
79,200,25,4,300,4,0.5136172776116079,85628296.55151562,45131166.666667834,13031556.638122238,0.999123654811581,0.2887484991108562,42.03984132551663,0.7006640220919439,1.4452800989922368
80,200,45,8,300,4,0.6811881050895705,120583018.55150577,71901499.99999763,13031556.638122259,0.9991236548115826,0.18124179103527308,29.85329147704478,0.49755485795074633,1.3237363958685353
81,200,45,8,300,4,0.6910240253048963,124499624.9467285,74882499.99999805,13042986.796844319,1.0000000000000042,0.17417937164016503,28.914143328064643,0.4819023888010774,1.3122699114181056
82,200,45,8,300,4,0.6691808564676939,120000672.61339416,71437666.66666448,13042986.796844328,1.0000000000000049,0.182578566818318,29.99816519026911,0.4999694198378185,1.3152131297601668
83,200,45,8,300,4,0.6360711879286545,118238443.28006071,70088333.3333312,13042986.796844311,1.0000000000000036,0.18609355047456363,30.445258751195492,0.5074209791865916,1.292367007494897
84,200,45,8,300,4,0.6938198269151801,124583426.61339396,74946666.66666433,13042986.796844324,1.0000000000000044,0.17403024546581652,28.894694084557997,0.4815782347426333,1.3146222580304667
85,200,45,8,300,4,0.6664223708708295,120728549.94672693,71994999.99999756,13042986.79684432,1.0000000000000042,0.1811651753155742,29.817305033386546,0.4969550838897758,1.3083095950130645
86,200,45,8,300,4,0.638330180018172,120139543.94672666,71543999.9999977,13042986.796844337,1.0000000000000056,0.18230720670978356,29.963489803126397,0.49939149671877325,1.283567442104772
87,200,45,8,300,4,0.5791563761670404,123187530.28006051,73877833.33333117,13042986.796844332,1.000000000000005,0.1765480416567628,29.22211356795643,0.4870352261326072,1.2074300356250578
88,200,45,8,300,4,0.578374017676976,123010349.61339241,73742166.66666359,13042986.796844326,1.0000000000000047,0.17687284475654869,29.264204282922236,0.48773673804870393,1.207609031530919
89,200,45,8,300,4,0.6719509902641436,119789971.28006095,71276333.33333118,13042986.796844315,1.000000000000004,0.1829918317465551,30.05092965239893,0.5008488275399822,1.3191932832013697
90,200,45,10,900,4,0.6948532617403648,171174621.3736017,70803333.33333114,38422385.57358589,0.9819424076209841,0.5426635126442317,59.517000348809574,0.9919500058134929,2.120934077669243
91,200,45,10,900,4,0.6431008059685538,173162078.99043173,72293833.3333319,38442329.261641964,0.9824520988536931,0.5317511534406032,58.833897464137856,0.9805649577356309,2.0490666864566673
92,200,45,10,900,4,0.6325826292718333,170981505.8925983,70601666.66666408,38456676.049752235,0.9828187528094098,0.544699266538849,59.58422197076359,0.9930703661793933,2.061412408682306
93,200,45,10,900,4,0.6380260252615213,162494198.11565265,64689166.66666521,38083038.77452016,0.9732698848736677,0.5887081367233722,62.69639235210722,0.9560549652662631,2.0650474999064823
94,200,45,10,900,4,0.6601421624867152,179260654.05926406,76886333.33333069,38491509.38308536,0.9837089715370597,0.5006287556490753,56.83232638787475,0.9472054397979125,2.007850606803888
95,200,45,10,900,4,0.7479691643035056,178470524.0592651,76281333.33333099,38491509.38308533,0.9837089715370589,0.504599325956807,57.083936149685506,0.9513989358280918,2.103047560897043
96,200,45,10,900,4,0.7108655226264105,182191774.5592661,79185333.33333127,38456676.04975194,0.9828187528094021,0.4856540274682973,55.91800192212277,0.9319666987020462,2.0313554433030943
97,200,45,10,900,4,0.685897745321067,179754343.2259283,77318999.9999968,38456676.049752146,0.9828187528094073,0.497376790307088,56.67623834376693,0.9446039723961156,2.0284031499628528
98,200,45,10,900,4,0.593893127539582,181890088.55926213,78954333.33333026,38456676.04975196,0.9828187528094027,0.4870749257978679,56.01074847286516,0.9335124745477527,1.917065542725629
99,200,45,10,900,4,0.6167307282579483,164586241.55926847,65704833.33333161,38456676.04975219,0.9828187528094087,0.5852944768104813,61.89946318405548,0.9688381395090302,2.0538044492153635
100,200,30,2,400,4,0.5244503579504326,102458089.02534722,51210500.0000006,17371242.569715045,0.9988840846207486,0.3392125163729087,45.85094300204844,0.764182383367474,1.5600027544162336
101,200,30,2,400,4,0.5118620250822256,106489206.5956449,54266666.66666694,17390649.062458992,0.9999999999999991,0.3204665060649675,44.1152690510526,0.73525448418421,1.5034897141184096
102,200,30,2,400,4,0.48064411688386594,109541981.59564342,56604166.66666655,17390649.062459014,1.0000000000000002,0.30723266654325887,42.88584094946513,0.7147640158244187,1.4411942659428918
103,200,30,2,400,4,0.46994730381386685,97986828.06868677,47780333.333334535,17375408.850829598,0.9991236548115787,0.36365189689263705,47.9431786148536,0.7990529769142267,1.5599217982422031
104,200,30,2,400,4,0.5154178281917305,116011470.26230665,61557833.333332434,17390649.062458992,0.9999999999999991,0.2825091157495674,40.49427172483965,0.6749045287473275,1.4163296495387119
105,200,30,2,400,4,0.543599808509481,105536261.92897876,53537000.00000043,17390649.062458977,0.9999999999999982,0.3248342092843984,44.51360995864542,0.741893499310757,1.5453606752477567
106,200,30,2,400,4,0.4791238689327126,109654515.2623106,56690333.33333339,17390649.062459033,1.0000000000000016,0.3067656871975648,42.84182907345068,0.7140304845575114,1.438566903248276
107,200,30,2,400,4,0.5358989323260559,113961920.92897394,59988499.99999935,17390649.062458992,0.9999999999999991,0.28989971515305735,41.22254136912868,0.6870423561521446,1.4548610606006465
108,200,30,2,400,4,0.4865190356484688,117132018.26230626,62415833.33333243,17390649.062459014,1.0000000000000002,0.27862560080843696,40.106881702317416,0.6684480283719569,1.3778675446671753
109,200,30,2,400,4,0.5292385598423044,102758835.26231343,51410333.33333405,17390649.06245901,1.0000000000000002,0.3382714706341546,45.71675017537794,0.761945836256299,1.5618015726059271
110,200,50,4,200,4,0.7697538118891797,129926699.63114789,85860499.99999578,8695324.531229496,0.9999999999999991,0.10127269851945798,19.255472563394758,0.32092454272324594,1.171696513427992
111,200,50,4,200,4,0.7005834370274773,117318140.29781638,76206166.66666384,8695324.531229498,0.9999999999999994,0.11410263646069528,21.3249203716415,0.3554153395273583,1.1472808857233918
112,200,50,4,200,4,0.6681860286476773,116422659.63114981,75520499.99999721,8695324.531229502,0.9999999999999997,0.11513859854251259,21.48894388709381,0.35814906478489683,1.118445972266584
113,200,50,4,200,4,0.7040300064973958,110684589.36766914,71138833.33333106,8687704.425414788,0.9991236548115774,0.1221232345026987,22.60296590783372,0.37671609846389537,1.1784446925634502
114,200,50,4,200,4,0.7012313438262855,119485011.96448179,77865333.33332983,8695324.531229498,0.9999999999999992,0.1116713196873648,20.93819098200942,0.348969849700157,1.1395382492763342
115,200,50,4,200,4,0.7159519498011749,123881007.96448061,81231333.33332892,8695324.531229502,0.9999999999999997,0.10704397151218298,20.19518601848413,0.33658643364140217,1.1381735606523236
116,200,50,4,200,4,0.6911424006042006,119293465.2978155,77718666.66666336,8695324.531229502,0.9999999999999997,0.11188206005288139,20.971810934943246,0.3495301822490541,1.13017823089556
117,200,50,4,200,4,0.6669885193973443,125458873.63114835,82439499.9999961,8695324.531229502,0.9999999999999997,0.10547522160165834,19.941196087534973,0.33235326812558286,1.083721964804254
118,200,50,4,200,4,0.6202989358039336,126361537.29781462,83130666.66666268,8695324.531229498,0.9999999999999994,0.10459827738536019,19.79874614934166,0.3299791024890277,1.0339566602012493
119,200,50,4,200,4,0.7151762063125319,117222366.96448252,76132833.33333024,8695324.531229496,0.9999999999999991,0.11421254339975764,21.3423433154018,0.3557057219233633,1.1622519629557013
120,200,45,6,900,4,0.7214904722898098,171129778.38889867,71785999.99999732,37774164.172235094,0.9653761253870293,0.5262051677518806,59.53259623142766,0.992209937190461,2.1346645436817755
121,200,45,6,900,4,0.6228260891425187,172877153.32376194,72075666.6666644,38442329.261642136,0.9824520988536974,0.533360717139534,58.93086393504195,0.9821810655840325,2.0316957284381787
122,200,45,6,900,4,0.6325826292718333,171024603.89259863,70634666.66666417,38456676.04975221,0.9828187528094092,0.5444447870227118,59.569206816569,0.9928201136094833,2.060958572499486
123,200,45,6,900,4,0.6380260252615213,162146415.8926041,63836666.66666547,38456676.04975211,0.9828187528094066,0.6024229969675656,62.83086766930314,0.9539146014678811,2.073879024303455
124,200,45,6,900,4,0.6852815044109365,186951252.72592682,82774999.99999638,38491509.383085504,0.9837089715370634,0.4650137044166377,54.49441954227212,0.9082403257045353,1.965532793648782
125,200,45,6,900,4,0.6890861316024387,174589309.72593218,73309499.99999766,38491509.3830854,0.9837089715370606,0.5250548616903215,58.35294277749688,0.9725490462916146,2.0816790672463106
126,200,45,6,900,4,0.6168384716337981,180039268.89259765,77537166.66666408,38456676.04975215,0.9828187528094077,0.4959773190459642,56.586543939353184,0.9431090656558864,1.956729392526456
127,200,45,6,900,4,0.685897745321067,179883637.22592804,77417999.99999669,38456676.049752146,0.9828187528094076,0.49674075860592876,56.63550146700921,0.9439250244501536,2.0272153766559633
128,200,45,6,900,4,0.593893127539582,181018551.2259286,78286999.99999681,38456676.04975208,0.9828187528094058,0.4912268454501213,56.280419498467005,0.9380069916411168,1.9248815955407959
129,200,45,6,900,4,0.6167307282579483,164725112.89260212,65811166.66666503,38456676.04975216,0.9828187528094078,0.5843487966796888,61.8472789066611,0.9696811413549478,2.053890906956647
130,200,40,6,900,4,0.6597966001725583,166759553.44276133,68258666.66666475,37888678.10774488,0.9683027028980816,0.5550749810682787,61.09275174748455,0.9819523167135997,2.085808901740781
131,200,40,6,900,4,0.5639181992305121,166196522.78493974,67257666.66666538,38251916.439699925,0.977585810047612,0.5687368940299345,61.29971812456711,0.9785709667233948,1.9974786811778547
132,200,40,6,900,4,0.6063787050051416,160822145.77609843,62826499.99999894,38453344.77441154,0.9827336170095456,0.6120561351406203,63.348240696799124,0.9457244687411334,2.041748081858771
133,200,40,6,900,4,0.6099941414530436,163400485.55927116,64795499.99999902,38456676.04975199,0.9828187528094035,0.5935084388538181,62.34865193411267,0.9616120357487438,2.046412928284842
134,200,40,6,900,4,0.6164915323168627,179315162.72593093,76926666.666664,38491509.38308549,0.983708971537063,0.5003662715541228,56.815050356735576,0.9469175059455929,1.9637020555057538
135,200,40,6,900,4,0.6347448587309554,170608397.1046722,70612666.66666435,38266676.96665784,0.9779630377278415,0.5419236912167661,59.71452855130893,0.9952421425218155,2.0635259542261837
136,200,40,6,900,4,0.5600810025518043,165871437.55926925,66687499.99999855,38456676.04975216,0.9828187528094078,0.5766699313927347,61.41985714906276,0.9766135177384548,1.998030465404447
137,200,40,6,900,4,0.7012310133274824,172786864.3377827,71983999.99999835,38455796.488265626,0.9827962742800077,0.5342270016707393,58.96165798855966,0.9826942998093277,2.1113069144734014
138,200,40,6,900,4,0.5495011789151113,170767849.22593263,70436666.66666439,38456676.04975204,0.9828187528094048,0.5459752408748276,59.658770934809496,0.9943128489134916,1.980594220528465
139,200,40,6,900,4,0.5984722842773804,157697183.5592723,60428499.99999924,38456676.04975211,0.9828187528094066,0.6363996466857955,64.60356342490289,0.9261435293197492,2.033735530945766
140,200,45,8,500,4,0.7017083525783301,147207967.9112118,78627999.99999632,21738311.328073587,0.999999999999991,0.2764703582448314,39.37151013113452,0.6561918355189087,1.5790764746931039
141,200,45,8,500,4,0.6610794384109404,132899431.91121764,67671999.99999905,21738311.3280737,0.9999999999999962,0.3212305137734071,43.610419673365016,0.7268403278894169,1.644904177319083
142,200,45,8,500,4,0.6219393222872942,132262539.24454767,67184333.3333314,21738311.32807356,0.9999999999999899,0.3235622093653905,43.820419849068664,0.730340330817811,1.6111294205974178
143,200,45,8,500,4,0.6462946059603069,132707885.24454765,67525333.33333147,21738311.328073595,0.9999999999999915,0.3219282342637952,43.67336567318348,0.7278894278863913,1.6317266212577342
144,200,45,8,500,4,0.6570864612496328,143381823.2445461,75698333.33333033,21738311.328073587,0.9999999999999911,0.28717027668695194,40.4221390748737,0.6737023179145616,1.5605250005137559
145,200,45,8,500,4,0.6694583022956808,137510917.91121444,71202999.9999979,21738311.32807363,0.9999999999999929,0.30530049756434796,42.147926055894175,0.7024654342649029,1.616164134612062
146,200,45,8,500,4,0.6685018555106225,149532865.57787958,80408166.66666332,21738311.328073654,0.9999999999999942,0.2703495456896944,38.75937224637374,0.6459895374395622,1.53077102950194
147,200,45,8,500,4,0.6158053106379966,147071490.91121238,78523499.99999665,21738311.328073658,0.9999999999999943,0.2768382882586052,39.40804546204639,0.6568007577007732,1.494076698945654
148,200,45,8,500,4,0.635279094138004,160649755.2445455,88920333.33332917,21738311.32807371,0.9999999999999968,0.24446952134766398,36.077241394968034,0.6012873565828005,1.4321420677989356
149,200,45,8,500,4,0.6308444117643909,131986466.2525122,67002833.33333154,21719261.063536845,0.9991236548115706,0.324154367554667,43.91207799223645,0.7318679665372742,1.6220358723453985
150,200,20,8,200,4,0.9412927549227265,67769981.36767629,38270833.333333805,8687704.425414795,0.9991236548115783,0.22700588591176105,36.91604969502417,0.6152674949170696,1.738164958569205
151,200,20,8,200,4,0.8397884567870706,64141419.63115761,35480500.000000484,8695324.5312295,0.9999999999999996,0.24507333693801897,39.00443760656515,0.6500739601094191,1.6859210864469047
152,200,20,8,200,4,0.7769091407839056,77248000.29782462,45516166.66666755,8695324.531229496,0.9999999999999991,0.19103815562739965,32.38659888093508,0.5397766480155847,1.46951631330141
153,200,20,8,200,4,0.77245976398588,69417282.70101033,39532166.666667424,8687704.425414788,0.9991236548115773,0.21976292113379284,36.040016299335605,0.60066693832226,1.5489370392151742
154,200,20,8,200,4,0.836297315688483,76714063.96449171,45107333.3333343,8695324.531229498,0.9999999999999992,0.19276964273132186,32.61201233137638,0.543533538856273,1.5340465687298135
155,200,20,8,200,4,0.9669184431855745,61557933.96449006,33502333.333333485,8695324.531229513,1.000000000000001,0.2595438486243587,40.64138997002682,0.6773564995004471,1.8519100215855084
156,200,20,8,200,4,0.7819943068791835,67570104.96449083,38105833.33333392,8695324.531229498,0.9999999999999994,0.2281888039336768,37.02524957323562,0.6170874928872603,1.5816328429133852
157,200,20,8,200,4,0.8309571610389086,72344405.63115817,41761500.00000097,8695324.531229505,1.0000000000000002,0.2082138939269256,34.58180322546591,0.5763633870910986,1.5738916632715476
158,200,20,8,200,4,0.779517488321315,81371042.29782268,48673166.666667044,8695324.5312295,0.9999999999999996,0.17864719159898712,30.74558134383075,0.5124263557305125,1.4348615973310173
159,200,20,8,200,4,0.8097356065156993,68847846.50542144,39092166.66666725,8690244.105459502,0.999415729021757,0.22230141858239386,36.33810100077705,0.6056350166796175,1.593211758061232
160,200,50,8,700,4,0.6929158820769473,171612636.36464608,83915333.33332963,30279670.260936756,0.9949409397195151,0.3608359647534192,46.5688318138698,0.77614719689783,1.7577318507775126
161,200,50,8,700,4,0.6645155465240651,160550394.2868327,75403166.66666433,30306340.631288264,0.9958172849079377,0.40192397708260524,49.77751711853277,0.8296252853088795,1.8156800134990287
162,200,50,8,700,4,0.649202297772236,170678424.28682968,83158166.66666292,30306340.631288208,0.9958172849079359,0.36444214496418964,46.823727330465424,0.780395455507757,1.7211514692513448
163,200,50,8,700,4,0.7080413650113893,161740377.9534957,76314333.33333007,30306340.631288186,0.9958172849079352,0.39712514422309686,49.411285549844806,0.8235214258307467,1.8492629062206136
164,200,50,8,700,4,0.6828748463703911,164857343.45349646,78646333.33333008,30341173.96462148,0.9969618518434907,0.38579260696141043,48.47706406390295,0.8079510677317159,1.7994599996712353
165,200,50,8,700,4,0.7190433280518242,156707032.78683227,72405666.66666412,30341173.96462153,0.9969618518434923,0.4190441903436093,50.998349326613834,0.8499724887768972,1.9042511691036088
166,200,50,8,700,4,0.6654258428424391,169512383.9534962,82265333.33332957,30306340.63128814,0.9958172849079338,0.36839746954516517,47.14581798455775,0.7857636330759625,1.7459074515545339
167,200,50,8,700,4,0.657567616222695,163380496.2868294,77570166.66666338,30306340.6312882,0.9958172849079358,0.39069582977076,48.91526333699993,0.8152543889499988,1.7853786689893019
168,200,50,8,700,4,0.7018205003186468,174672172.28682822,86216166.66666225,30306340.631288245,0.9958172849079372,0.35151575166246624,45.75313798054054,0.7625522996756756,1.7455854013242953
169,200,50,8,700,4,0.7661735783531743,168652818.28683168,81607166.6666635,30306340.631288253,0.9958172849079374,0.37136861711029584,47.38610407570044,0.7897684012616739,1.8530368733030849
170,200,30,4,900,4,0.5029235925438389,127099061.35937396,48480666.66666773,31137047.678235106,0.7957545349395144,0.6422570030300964,80.1563748074731,0.7146662845595173,1.7313954795274333
171,200,30,4,900,4,0.48036255477295237,150307052.43564963,57214666.66666651,36896631.41482865,0.9429494432404023,0.6448806497429929,67.77992006969642,0.8783893483507104,1.8746564229180571
172,200,30,4,900,4,0.4864874104106649,148238833.02044883,53936666.666666806,37976596.5611433,0.9705495924786107,0.7040960984081924,68.72558149857159,0.8646535622794606,1.9144178514166792
173,200,30,4,900,4,0.49637790659136455,147599304.9827381,53038333.33333385,38237062.78643436,0.9772062023831783,0.7209325856097915,69.02336024679434,0.860372935805434,1.9334969108846316
174,200,30,4,900,4,0.4870791558464953,161332597.39260596,63154666.66666607,38491509.383085325,0.9837089715370588,0.6094800497680671,63.147808717216606,0.9488889751575665,1.9235521708185157
175,200,30,4,900,4,0.5332233955575432,143271881.51020086,52024500.000000335,36771295.51498324,0.9397462939976298,0.7068072833949967,71.10816087994654,0.8309912491680944,1.929660471441635
176,200,30,4,900,4,0.5071990672455996,148735961.99643633,55177833.333333574,37428116.965887226,0.9565323635570679,0.6783179893958696,68.49587593512923,0.8679701691490567,1.917823627911352
177,200,30,4,900,4,0.46803699016682576,148763694.41364282,54281333.33333344,38013066.41303572,0.9714816349230924,0.7002972122958595,68.48310698491026,0.868154906603911,1.8964296666074243
178,200,30,4,900,4,0.46712530950792186,158905199.89260435,61350666.666665494,38456676.049752146,0.9828187528094073,0.6268338738468402,64.11243940969457,0.9337554957949604,1.9023479043803544
179,200,30,4,900,4,0.6052903620795034,121243374.52604191,45547333.33333479,30148881.01156832,0.7705004352444489,0.6619241743731947,84.02768431533353,0.6700108281863483,1.8048405297644075
180,200,25,10,600,4,0.9047867551002968,106270831.27628349,43494000.00000065,24149504.120521016,0.9257658731343636,0.5552375987612236,64.8701051568653,0.9220383893243735,2.2710152234336496
181,200,25,10,600,4,0.8900424863025391,116901650.98345754,49285500.00000057,25646390.751645364,0.9831486894493552,0.5203638139340184,58.97093789526997,0.9828489649211661,2.2891825023709202
182,200,25,10,600,4,0.9003197426508456,118345694.06490791,49965666.66666693,25917618.38209189,0.9935461403810755,0.518708547511126,58.25138003093737,0.9708563338489562,2.2861429145087024
183,200,25,10,600,4,0.7535675151873029,113425514.8934716,45934166.6666677,26085973.593688287,0.9999999999999908,0.5678991366706926,60.77821208459671,0.9871135491740246,2.195000373697882
184,200,25,10,600,4,0.9067242492404457,123659354.29872477,53790000.000000484,26073343.565343753,0.9995158306704782,0.4847247362956594,55.74830985569113,0.9291384975948522,2.2236425358718255
185,200,25,10,600,4,0.9643055224769899,107849346.32627231,44731500.000000715,24131124.447504137,0.925061292454219,0.5394660238870539,63.920647039848184,0.9367450576989959,2.332623399285629
186,200,25,10,600,4,0.8514146029375201,104184780.81566828,41169333.33333402,24613127.451927155,0.9435387705016413,0.5978510084835009,66.16897349140697,0.9022927772301053,2.231988186954426
187,200,25,10,600,4,0.9406231429781117,128686892.51625778,57643666.66666636,26070732.316378385,0.9994157290217517,0.45227401072760565,53.57033544911395,0.8928389241518991,2.1952812757120954
188,200,25,10,600,4,0.7416938671506689,112556371.89347169,45268666.666667745,26085973.5936883,0.9999999999999913,0.5762478887609019,61.247532094625406,0.9794224658688728,2.182114644028263
189,200,25,10,600,4,0.9417087096114325,118077704.5601362,49496333.33333374,26085973.59368836,0.9999999999999936,0.5270284046701401,58.383587533995744,0.9730597922332624,2.3363912255808073
190,200,30,6,300,4,0.49384817396404246,97066064.94673319,53872500.0000003,13042986.796844324,1.0000000000000044,0.24210843745592373,37.08608154637213,0.6181013591062021,1.3056362830349837
191,200,30,6,300,4,0.49325742529451794,96551283.28006664,53478333.33333364,13042986.796844339,1.0000000000000058,0.2438929185684719,37.283813096072976,0.6213968849345496,1.309768645083845
192,200,30,6,300,4,0.4712717485328118,96481847.61339985,53425166.66666694,13042986.79684432,1.0000000000000042,0.244135631400512,37.31064536019564,0.6218440893365941,1.2884243429898155
193,200,30,6,300,4,0.46919914663949985,97461129.94673322,54175000.000000246,13042986.796844332,1.000000000000005,0.24075656293205855,36.93575071382251,0.6155958452303751,1.277400242215522
194,200,30,6,300,4,0.5374481160763149,101050235.61339833,56923166.66666669,13042986.796844324,1.0000000000000044,0.22913319059043305,35.62386547788217,0.5937310912980361,1.3144857598466975
195,200,30,6,300,4,0.5119933212789372,93488930.94673486,51133500.00000068,13042986.796844328,1.0000000000000049,0.2550771372357487,38.50509320778285,0.6417515534630475,1.3578065845305836
196,200,30,6,300,4,0.46542471411558817,90318833.61340289,48706166.66666771,13042986.796844339,1.0000000000000058,0.2677892285407541,39.85658202151325,0.6642763670252207,1.3439324639734123
197,200,30,6,300,4,0.43704442033572494,93512874.28006825,51151833.33333415,13042986.796844337,1.0000000000000056,0.25498571501531314,38.49523424142335,0.6415872373570558,1.282620229705031
198,200,30,6,300,4,0.5232228225569769,106643398.28006248,61205833.333332546,13042986.796844315,1.000000000000004,0.2131003874387433,33.755488460207864,0.5625914743367978,1.2562946068447693
199,200,30,6,300,4,0.5337258759372824,98370976.61339971,54871666.66666688,13042986.79684432,1.0000000000000042,0.23769984746549713,36.594126885080136,0.6099021147513356,1.3337878686610156
200,200,40,6,600,4,0.683722834850612,136808539.2046816,64109833.333332434,25915697.1879057,0.9934724918289412,0.40423903542471745,50.39012944715437,0.8398354907859062,1.8469495539762921
201,200,40,6,600,4,0.6132386101844154,137526162.89346352,64392166.6666658,26085973.593688287,0.9999999999999908,0.40511097768655047,50.12718929226851,0.8354531548711418,1.7727805472047975
202,200,40,6,600,4,0.5842908642300196,140729780.89346147,66845166.66666531,26085973.59368835,0.9999999999999931,0.3902447236577396,48.98607783109465,0.8164346305182442,1.7129212736744555
203,200,40,6,600,4,0.6161131357368561,138566349.43635365,65224499.999998994,26063113.276244093,0.9991236548115664,0.3995908481666321,49.75089571199581,0.8291815951999302,1.764967409470092
204,200,40,6,600,4,0.6072946363855162,148901640.5601237,73102333.33333085,26085973.593688183,0.9999999999999867,0.35684187363407094,46.29767660092645,0.7716279433487742,1.664396078641547
205,200,40,6,600,4,0.5799828826678314,133541992.22679733,61341499.99999913,26085973.593688257,0.9999999999999896,0.4252581628047672,51.62271346298404,0.8603785577164006,1.7805679706280457
206,200,40,6,600,4,0.5745888104202453,134949860.22679624,62419499.99999886,26085973.593688197,0.9999999999999872,0.4179138505385123,51.0841581340974,0.85140263556829,1.7603225264193452
207,200,40,6,600,4,0.6072507021930773,142489615.89345935,68192666.66666473,26085973.593688197,0.9999999999999872,0.38253341405755653,48.381069432838885,0.8063511572139814,1.719628590653104
208,200,40,6,600,4,0.582637377969747,149260790.5601229,73377333.33333062,26085973.59368824,0.9999999999999888,0.35550451902071306,46.18627553914199,0.7697712589856998,1.6368122521720172
209,200,40,6,600,4,0.6049226241356999,146356464.2267911,71153499.99999775,26085973.593688227,0.9999999999999885,0.36661546647303433,47.102805034409016,0.7850467505734836,1.6832617478876108
210,200,50,8,500,4,0.7529376205575077,152579018.57787743,82741999.99999572,21738311.32807358,0.9999999999999908,0.26272402562271524,37.98556350683159,0.6330927251138598,1.5962095661695397
211,200,50,8,500,4,0.7187585956680375,141011994.24454862,73885166.66666456,21738311.328073625,0.9999999999999928,0.2942175311879143,41.1014682194246,0.6850244703237434,1.6391570909421123
212,200,50,8,500,4,0.6645902955425104,145307428.24454665,77174166.66666375,21738311.32807361,0.9999999999999921,0.28167860136368295,39.886467402381506,0.6647744567063584,1.554707633339815
213,200,50,8,500,4,0.6927715345204684,136520224.91121367,70445833.33333105,21738311.3280736,0.9999999999999917,0.3085819316695944,42.4537829744224,0.7075630495737067,1.6472001294298506
214,200,50,8,500,4,0.7072225687166176,146739239.57787776,78270499.99999636,21738311.328073613,0.9999999999999922,0.27773313480908673,39.497274326026755,0.6582879054337792,1.587696981997666
215,200,50,8,500,4,0.7114282981562509,144232372.5778795,76350999.9999971,21738311.32807363,0.9999999999999929,0.28471547626192784,40.18376662888568,0.6697294438147613,1.6089301229805546
216,200,50,8,500,4,0.7025625318789706,156771496.24454483,85952166.66666253,21738311.32807366,0.9999999999999946,0.2529117318517242,36.96973071532878,0.616162178588813,1.5210540959491627
217,200,50,8,500,4,0.6768914751375836,149399343.91121265,80307333.33332999,21738311.328073654,0.9999999999999942,0.2706889947129099,38.794012398370484,0.6465668733061747,1.5400095442140862
218,200,50,8,500,4,0.6839075911695021,168606685.91121462,95014333.33332923,21738311.328073714,0.9999999999999969,0.22878981060479983,34.37467481599139,0.5729112469331898,1.439850686586532
219,200,50,8,500,4,0.689867452807459,147215711.91121328,78635333.33333014,21738311.328073595,0.9999999999999915,0.27644457531484334,39.36943906840245,0.6561573178067075,1.567180430866041
220,200,30,4,600,4,0.5420024859921145,118615642.10302804,49945500.00000087,26063113.276244078,0.9991236548115657,0.5218310613817786,58.118810283150786,0.9686468380525131,1.9281141731500506
221,200,30,4,600,4,0.5083212792579442,125639570.22680116,55287833.33333344,26085973.593688294,0.999999999999991,0.47182123119953895,54.86965601327272,0.9144942668878786,1.800272531105454
222,200,30,4,600,4,0.49889981249433557,126013086.22679967,55573833.33333298,26085973.593688328,0.9999999999999923,0.46939309435834903,54.707016599787636,0.9117836099964606,1.7861978979774755
223,200,30,4,600,4,0.5282532244124404,124669865.22680098,54545333.333333306,26085973.593688227,0.9999999999999885,0.47824391198186655,55.2964422273074,0.9216073704551234,1.832455724453057
224,200,30,4,600,4,0.512078688320171,133437913.89346614,61258999.999999665,26085973.593688212,0.9999999999999878,0.4258308753601651,51.6629779262276,0.8610496321037933,1.7137930207120964
225,200,30,4,600,4,0.49138507132971376,118305727.22680427,49672333.33333415,26085973.59368822,0.9999999999999882,0.5251610271382687,58.271058904729735,0.971184315078829,1.882698208119158
226,200,30,4,600,4,0.48155412141096837,128907732.18292484,57814166.66666644,26070732.31637822,0.9994157290217454,0.4509402075565964,53.47856085325776,0.891309347554296,1.7336156350105414
227,200,30,4,600,4,0.493815022837326,123834242.89346913,53905500.00000039,26085973.593688257,0.9999999999999896,0.4839204458485325,55.66957764606781,0.9278262941011302,1.808777673617282
228,200,30,4,600,4,0.5362261494121047,128452911.89346597,57441999.99999964,26085973.593688272,0.9999999999999902,0.45412718209129965,53.667915334745075,0.8944652555790846,1.793993150664229
229,200,30,4,600,4,0.5124698283253575,125637175.89346877,55286000.0000003,26085973.593688197,0.9999999999999872,0.4718368772146304,54.8707016929881,0.914511694883135,1.8044510249801968
230,200,45,4,500,4,0.7017083525783301,145859958.2445447,77595833.33332965,21738311.32807359,0.9999999999999912,0.2801479202458202,39.73537405161549,0.6622562341935915,1.5880829229685776
231,200,45,4,500,4,0.6610794384109404,130924106.91121641,66159499.99999868,21738311.32807363,0.999999999999993,0.3285742988999927,44.268394390731316,0.7378065731788552,1.6617454507097897
232,200,45,4,500,4,0.6141777833604101,131300017.24454804,66447333.33333153,21738311.32807356,0.9999999999999899,0.3271509967002561,44.141654522445684,0.7356942420407614,1.6115928227613763
233,200,45,4,500,4,0.6462946059603069,132770137.91121459,67572999.99999821,21738311.3280736,0.9999999999999917,0.3217011428836099,43.65288830140208,0.7275481383567013,1.631203658623896
234,200,45,4,500,4,0.6570864612496328,143468019.24454615,75764333.33333035,21738311.32807359,0.9999999999999912,0.28692011625621267,40.39785333706225,0.6732975556177042,1.5599201098723072
235,200,45,4,500,4,0.6694583022956808,138186119.91121417,71719999.9999978,21738311.32807363,0.9999999999999929,0.30309971176902256,41.94198378045388,0.6990330630075647,1.6109711347184636
236,200,45,4,500,4,0.6634009555409881,142969997.91121143,75382999.99999659,21738311.328073587,0.999999999999991,0.28837153374201835,40.53857511839205,0.6756429186398676,1.5697411011744704
237,200,45,4,500,4,0.6158053106379966,145536723.24454543,77348333.33333005,21738311.328073636,0.9999999999999934,0.28104434046940757,39.82362575431436,0.6637270959052393,1.504367878918762
238,200,45,4,500,4,0.5787245651957098,151407628.57787856,81843666.66666305,21738311.32807362,0.9999999999999927,0.2656077398952627,38.27944506124308,0.637990751020718,1.4292015081326381
239,200,45,4,500,4,0.6308444117643909,132142097.91917886,67121999.99999824,21719261.063536834,0.9991236548115702,0.32357887225555565,43.860360106775694,0.7310060017795948,1.6207135113484301
240,200,50,8,900,4,0.7563336340107456,179953633.8925966,77472999.99999714,38456676.049751945,0.9828187528094022,0.49638811004806016,56.613471923998375,0.9435578653999729,2.0970019874491665
241,200,50,8,900,4,0.6703797221020029,171766743.6570945,71226833.33333082,38442329.261642255,0.9824520988537004,0.5397169502361274,59.31183058542667,0.9885305097571112,2.090683792048016
242,200,50,8,900,4,0.6583528346719139,176671002.89259696,74959499.9999972,38456676.049752034,0.9828187528094047,0.5130327183312785,57.665377074886685,0.9610896179147781,2.029868627251715
243,200,50,8,900,4,0.6804057305976426,180425317.55926463,77834166.66666417,38456676.04975203,0.9828187528094043,0.49408476632695486,56.4654680275322,0.9410911337922033,2.01676467745141
244,200,50,8,900,4,0.7270025734315729,191999068.39259142,86641499.99999575,38491509.38308533,0.983708971537059,0.444261807368146,53.06171579524764,0.8843619299207941,1.9667739492468839
245,200,50,8,900,4,0.7482335161973463,183544677.39259487,80167999.99999674,38491509.38308532,0.9837089715370585,0.48013558256519906,55.50583184827907,0.9250971974713179,2.0574391797208236
246,200,50,8,900,4,0.6825503857323434,189052100.55925953,84439666.66666305,38456676.04975208,0.9828187528094057,0.45543377381586525,53.88884847014208,0.898147474502368,1.9450448792874035
247,200,50,8,900,4,0.6426313034748382,185000888.55925983,81337666.66666307,38456676.04975204,0.9828187528094049,0.47280279390549373,55.06892469187587,0.9178154115312646,1.9386889501304978
248,200,50,8,900,4,0.6432819178303002,184696808.22592488,81104833.33332928,38456676.04975212,0.982818752809407,0.47416010204596176,55.159588830241596,0.9193264805040265,1.9419364799710963
249,200,50,8,900,4,0.6652263078310819,170733056.22593287,70412833.33333114,38456676.04975212,0.982818752809407,0.5461600425550265,59.670928554798294,0.9945154759133049,2.096669817788408
250,200,35,8,800,4,0.5931698841697269,151264464.92305604,61895166.66666588,34381508.34052008,0.9885056106025116,0.5554796956227682,60.09210427990291,0.9984661062876279,2.0360197469555694
251,200,35,8,800,4,0.5707938984783565,156555941.58972272,65946833.33333269,34381508.34051994,0.9885056106025079,0.5213519224908997,58.06103497381864,0.9676839162303107,1.9555593527013868
252,200,35,8,800,4,0.8014746236170686,140353487.9230585,53540666.66666654,34381508.34052019,0.988505610602515,0.6421568964498064,64.76362030263907,0.9236762276605852,2.2388763684374986
253,200,35,8,800,4,0.5887530558587849,141964874.25639248,54774500.00000001,34381508.34052015,0.9885056106025139,0.627691870131542,64.02851443085541,0.9350624998380122,2.0259690518020306
254,200,35,8,800,4,0.5642245729360633,152386950.7563884,62699999.999998935,34416341.67385351,0.9895071066711267,0.548904970874866,59.64946443827268,0.994157740637878,1.9975062902738343
255,200,35,8,800,4,0.5576780408048471,152817930.75638992,63029999.999999404,34416341.67385329,0.9895071066711205,0.5460311228598068,59.481239897759316,0.9913539982959886,1.985856937388681
256,200,35,8,800,4,0.4811007958498108,149437588.5897237,60496333.33333287,34381508.340520054,0.988505610602511,0.5683238379271524,60.826730983700266,0.9863156441181934,1.922075510309726
257,200,35,8,800,4,0.5292449292231802,152428110.92305517,62786166.66666572,34381508.34052009,0.9885056106025121,0.5475968699132868,59.63335729187432,0.9938892881979053,1.961211713351715
258,200,35,8,800,4,0.5205092919125491,152018679.92305478,62472666.66666558,34381508.34052012,0.988505610602513,0.5503448175818874,59.793967455847266,0.9965661242641211,1.95735127024218
259,200,35,8,800,4,0.5639053274393948,150658698.58972242,61431333.333332516,34381508.340520054,0.988505610602511,0.5596738093565798,60.333721750468406,0.9944534102716494,2.006097785196308
260,200,40,2,400,4,0.6924924532714497,128659460.92897043,71245166.66666448,17390649.062459,0.9999999999999996,0.2440958436356085,36.513443831336545,0.6085573971889424,1.496326525368879
261,200,40,2,400,4,0.6251983305503436,125336126.2623055,68700499.99999845,17390649.062458996,0.9999999999999994,0.2531371542049824,37.48161156798773,0.6246935261331288,1.4524015800474583
262,200,40,2,400,4,0.6189326542890636,111992405.7353467,58507166.666666344,17375408.85082961,0.9991236548115792,0.2969791538500361,41.94748714570469,0.6991247857617449,1.5556407631308373
263,200,40,2,400,4,0.5754608918795575,112468878.06867936,58871999.99999951,17375408.850829598,0.9991236548115787,0.2951387561290553,41.76977738793907,0.6961629564656512,1.507734853248453
264,200,40,2,400,4,0.655504908829707,123679247.59563777,67431833.33333157,17390649.062459014,1.0000000000000004,0.2578996922194434,37.983736894642085,0.6330622815773681,1.49488694418263
265,200,40,2,400,4,0.67847914781501,132382649.26230308,74095999.99999717,17390649.06245902,1.0000000000000007,0.23470428987340325,35.48652354502874,0.5914420590838123,1.4576846387975448
266,200,40,2,400,4,0.5581335933957176,129183819.92897052,71646666.66666445,17390649.06245898,0.9999999999999986,0.24272795751083354,36.36523523288756,0.6060872538814592,1.3584032132858437
267,200,40,2,400,4,0.6644230787133155,131896599.59563744,73723833.3333309,17390649.062458996,0.9999999999999994,0.2358891050039391,35.61729426234111,0.5936215710390186,1.4467559337554854
268,200,40,2,400,4,0.5829068499044849,124076706.92897184,67736166.66666523,17390649.062458996,0.9999999999999994,0.2567409689426284,37.86206223775162,0.6310343706291938,1.4193339956877815
269,200,40,2,400,4,0.6883749106338264,126820612.92897129,69837166.6666647,17390649.062459007,1.0,0.24901710496740506,37.04287411567004,0.6173812352611673,1.5049698298689176
270,200,20,6,400,4,0.49448918997401425,91595230.40201992,42883500.000000976,17375408.85082958,0.9991236548115776,0.4051770226504176,51.28869679546547,0.8548116132577578,1.6734424213521062
271,200,20,6,400,4,0.4205323640135804,94169239.59564897,44830500.00000114,17390649.062459055,1.0000000000000029,0.38792003351420606,49.886778529504646,0.8314463088250774,1.5623146996500226
272,200,20,6,400,4,0.7876941185142637,91135619.26231518,42507666.66666752,17390649.06245907,1.0000000000000038,0.40911794097830323,51.54735369140738,0.8591225615234563,1.9741110328203626
273,200,20,6,400,4,0.3833377945292987,82226204.06868578,35709666.66666736,17375408.850829598,0.9991236548115786,0.4865743781094548,57.132638593845336,0.9522106432307555,1.7248079402476182
274,200,20,6,400,4,0.8030715979757621,91360686.59564906,42680000.00000109,17390649.062458977,0.9999999999999982,0.40746600427503593,51.42036662653241,0.8570061104422069,1.9860505118379976
275,200,20,6,400,4,0.8162216311324172,82937421.92898032,36230333.3333338,17390649.06245901,1.0000000000000002,0.4800024582290747,56.642705918960765,0.944045098649346,2.144268696365023
276,200,20,6,400,4,0.42210531302504495,100284366.9289801,49512833.333334014,17390649.062459033,1.0000000000000016,0.35123518271274035,46.84478891238265,0.7807464818730441,1.4838399410682812
277,200,20,6,400,4,0.8175329450056176,90537035.92898148,42049333.333334096,17390649.062459037,1.0000000000000018,0.4135772837252764,51.88815772238247,0.8648026287063746,2.0131974006922135
278,200,20,6,400,4,0.7751498754634565,91202660.59564869,42559000.00000092,17390649.06245896,0.9999999999999972,0.40862447572684,51.509462216545614,0.8584910369424269,1.9605404929873553
279,200,20,6,400,4,0.8202130570881071,85901606.59564808,38500000.000000715,17390649.062458996,0.9999999999999994,0.451705170453472,54.68815061996755,0.9114691769994592,2.093046370450344
280,200,40,10,900,4,0.6597966001725583,167360531.10942844,68718833.33333156,37888678.10774483,0.9683027028980804,0.5513579941609285,60.87337278667407,0.9855492163875,2.086432211888801
281,200,40,10,900,4,0.5764375764012973,168220152.235835,69598833.33333248,37747312.137224,0.9646898808575789,0.5423555299618212,60.562304008126745,0.9906720443605382,2.000994044731293
282,200,40,10,900,4,0.6103722865165485,167566625.55927026,67985499.99999884,38456676.04975189,0.982818752809401,0.5656599723434048,60.7985030789825,0.9867797803566419,2.049680044747914
283,200,40,10,900,4,0.6117605680957082,165718200.22593725,66570166.66666554,38456676.04975198,0.9828187528094033,0.5776863417259378,61.47665124355765,0.975689523778924,2.0495991652553824
284,200,40,10,900,4,0.5967485393482291,172967785.05926704,72066499.99999805,38491509.38308536,0.9837089715370597,0.5341109861459402,58.899985315237586,0.9816664219206265,2.005703750185608
285,200,40,10,900,4,0.6347448587309554,170326816.20395812,70801499.99999788,38008894.03154393,0.9713750033783197,0.5368374120823014,59.813247420773735,0.9968874570128956,2.061102245409692
286,200,40,10,900,4,0.6057402561403059,164517923.35687202,66548166.6666652,37884911.838398404,0.9682064501658627,0.5692855826992365,61.92516773932674,0.9684231691788433,2.0295918914785385
287,200,40,10,900,4,0.7012310133274824,174723880.00444973,73467166.6666652,38455796.48826556,0.9827962742800059,0.5234419432934847,58.308000026902704,0.9718000004483784,2.091784568410649
288,200,40,10,900,4,0.5495011789151113,171639386.55926633,71103999.99999787,38456676.049751915,0.9828187528094017,0.5408510920588584,59.355840196283836,0.9892640032713973,1.9714460558335953
289,200,40,10,900,4,0.5984722842773804,157433933.91195863,61051833.333332494,37930896.16656677,0.9693816494992825,0.6212900431584193,64.71158883508112,0.9244775789006009,2.019981897704717
290,200,35,2,300,4,0.5638794954508037,103361328.2800641,58694166.66666644,13042986.796844346,1.0000000000000062,0.22221947320451033,34.82733881134067,0.5804556468556777,1.3221107208700897
291,200,35,2,300,4,0.5438934816928293,103866532.61339624,59080999.999999516,13042986.796844337,1.0000000000000056,0.2207644893763552,34.65793946736327,0.5776323244560545,1.298137397649968
292,200,35,2,300,4,0.5247693350048768,101381214.61339775,57177999.99999981,13042986.796844328,1.0000000000000049,0.22811198007702915,35.50756433257684,0.5917927388762807,1.2990516579427807
293,200,35,2,300,4,0.5236441550882626,103200907.94672923,58571333.333332784,13042986.796844332,1.000000000000005,0.2226855025241777,34.88147606083236,0.5813579343472061,1.2831504914548106
294,200,35,2,300,4,0.5645919751786216,104419623.61339574,59504499.999999404,13042986.796844333,1.0000000000000053,0.21919328448847505,34.47436291599686,0.5745727152666144,1.314519318036016
295,200,35,2,300,4,0.5467943642238572,104206527.94672966,59341333.33333281,13042986.796844332,1.000000000000005,0.2197959847578604,34.544860777246285,0.5757476796207714,1.298378831650917
296,200,35,2,300,4,0.5243308917998952,109186741.28006229,63154666.66666569,13042986.79684432,1.0000000000000042,0.2065245133140521,32.96920448213185,0.5494867413688642,1.2390372438200012
297,200,35,2,300,4,0.4815850435736097,99463353.61339843,55709500.00000008,13042986.796844337,1.0000000000000056,0.2341250019627589,36.192224263742105,0.6032037377290351,1.272088782872852
298,200,35,2,300,4,0.5314047689689448,110522779.28006144,64177666.66666535,13042986.796844324,1.0000000000000044,0.2032324868491831,32.570661210737505,0.5428443535122918,1.2368351119605832
299,200,35,2,300,4,0.5582839411611956,106021432.61339538,60730999.99999916,13042986.796844332,1.000000000000005,0.21476654092382,33.953512146233535,0.5658918691038922,1.2959890430041439
300,200,40,8,800,4,0.616109978004163,164062737.58971578,71696166.66666427,34381508.3405201,0.9885056106025124,0.4795445829115167,55.40441500331146,0.9234069167218577,1.923152561055234
301,200,40,8,800,4,0.6126141152817663,160866302.5897212,69248666.66666564,34381508.34052,0.9885056106025096,0.49649343439373816,56.50530815756318,0.9417551359593863,1.9515639987561433
302,200,40,8,800,4,0.8640988727277992,146445031.2024678,58254166.666666456,34351027.91726119,0.9876292654140884,0.5896750375611698,62.069705782184464,0.966093077038122,2.301931979814857
303,200,40,8,800,4,0.6205710252129856,147493950.9230575,59009499.999999516,34381508.34052013,0.9885056106025132,0.5826436140031759,61.628290130636174,0.9732267626174745,2.0599126790330007
304,200,40,8,800,4,0.6236489976551484,165716765.42304903,72907999.99999759,34416341.67385341,0.9895071066711238,0.4720516496660799,54.85142059582903,0.9141903432638172,1.9154806606518295
305,200,40,8,800,4,0.6567319604341849,156034081.4230543,65493999.9999988,34416341.673853554,0.9895071066711281,0.525488467246682,58.255221661188735,0.9709203610198123,2.0480430952513426
306,200,40,8,800,4,0.5950505498516029,154626464.94912338,65006333.333332345,34040195.35503213,0.9786924925221541,0.5236442914028785,58.78553844576871,0.9797589740961451,1.9937249570700506
307,200,40,8,800,4,0.5808772299735182,159537447.5897189,68231166.66666506,34381508.340520106,0.9885056106025125,0.5038974125781364,56.97596481157302,0.949599413526217,1.9335945735622442
308,200,40,8,800,4,0.5669899068357265,165784263.25638166,73014333.33333081,34381508.34052009,0.9885056106025121,0.4708871090222643,54.829088246710285,0.9138181374451714,1.8575177314987092
309,200,40,8,800,4,0.5825773879288018,156206929.9230537,65680999.99999869,34381508.34052011,0.9885056106025127,0.5234620109395532,58.190760195322724,0.9698460032553787,1.9711929999358229
310,200,25,6,300,4,0.470792678929106,88144740.88484868,47058000.00000114,13031556.638122253,0.9991236548115823,0.2769254247550244,40.83964583550979,0.6806607639251632,1.3729937826582888
311,200,25,6,300,4,0.49016655987136504,92949644.9467346,50719166.66666724,13042986.796844339,1.0000000000000058,0.257160904921102,38.72849651080312,0.6454749418467186,1.3413702256549653
312,200,25,6,300,4,0.4407507398988726,85000458.28007033,44632500.00000113,13042986.796844307,1.0000000000000033,0.29223070177211624,42.35035990204806,0.705839331700801,1.3803746330173667
313,200,25,6,300,4,0.5149459408145477,86504099.61340399,45783833.33333456,13042986.796844324,1.0000000000000044,0.28488192986994626,41.614212691512755,0.6935702115252126,1.4364216962357172
314,200,25,6,300,4,0.47780477492164136,94652015.94673395,52022666.666667126,13042986.796844324,1.0000000000000044,0.25071738210608596,38.03194220422956,0.633865703403826,1.3122443840103362
315,200,25,6,300,4,0.440999130194102,82905939.55151513,43046666.666667655,13031556.638122236,0.9991236548115808,0.3027309115252115,43.42029074724131,0.7236715124540218,1.406855371868293
316,200,25,6,300,4,0.424182292151962,90011797.94673614,48469666.666667685,13042986.796844305,1.000000000000003,0.26909586332711244,39.99253522443976,0.6665422537406627,1.3060012365543145
317,200,25,6,300,4,0.3984092362914447,89406031.61340359,48005833.33333459,13042986.796844337,1.0000000000000056,0.27169587300523884,40.26350275298792,0.6710583792164653,1.286824313912101
318,200,25,6,300,4,0.5053856371144196,96004814.28006649,53058500.00000037,13042986.796844298,1.0000000000000024,0.24582275783982221,37.496036287290934,0.6249339381215155,1.326977781507793
319,200,25,6,300,4,0.5136172776116079,86751238.88484895,45991000.00000114,13031556.638122238,0.999123654811581,0.28335014759674537,41.49566099889673,0.6915943499816122,1.4318917456706164
320,200,50,4,600,4,0.6864167834304264,156407796.0791319,78853499.9999965,26085387.219364055,0.9999775214705954,0.33080823577095775,44.0758080659368,0.7345968010989467,1.6856601731461391
321,200,50,4,600,4,0.7146260957394667,154330716.22679135,77262166.66666411,26085973.593688294,0.999999999999991,0.33762933035818515,44.669008014382925,0.7444834669063821,1.7292130269323969
322,200,50,4,600,4,0.6522771107548413,142983970.56012523,68573999.99999793,26085973.593688175,0.9999999999999865,0.3804061830094345,48.21379608493341,0.8035632680822236,1.7601653252446126
323,200,50,4,600,4,0.7137368292416469,150636259.89345706,74433333.33333072,26085973.593688197,0.9999999999999872,0.3504609081104672,45.76454570019124,0.7627424283365207,1.7568479840665414
324,200,50,4,600,4,0.7084298434529724,152412855.22678775,75793666.66666326,26085973.593688183,0.9999999999999867,0.3441708884254536,45.23109280868823,0.7538515468114705,1.7376181010048057
325,200,50,4,600,4,0.7004138713068405,158731500.89345425,80631833.33332933,26085973.593688257,0.9999999999999896,0.3235195395576546,43.43057276719977,0.7238428794533295,1.6830723824062939
326,200,50,4,600,4,0.6687846091286764,166702236.5601217,86734999.99999572,26085973.593688257,0.9999999999999896,0.30075486935711704,41.35397426124951,0.6892329043541585,1.5986214089685284
327,200,50,4,600,4,0.6636150755645261,164767615.22678676,85253666.6666622,26085973.59368819,0.999999999999987,0.30598066468722235,41.83953254716558,0.6973255424527597,1.6057251497670637
328,200,50,4,600,4,0.6600801021205662,168926572.2267865,88438166.66666164,26085973.593688264,0.9999999999999898,0.29496284892483915,40.80944702260914,0.6801574503768191,1.5762078316372565
329,200,50,4,600,4,0.6886515243422698,147502077.5601242,72033499.99999772,26085973.593688216,0.999999999999988,0.36213669464470066,46.7369688212695,0.7789494803544916,1.757310360412522
330,200,50,10,400,4,0.7121477284501152,136966525.26230386,77608666.66666397,17390649.062459003,0.9999999999999999,0.22408127609192627,34.298891579553974,0.5716481929925662,1.4630609423162224
331,200,50,10,400,4,0.7292646246473612,144252481.59563595,83187499.99999645,17390649.062459003,0.9999999999999999,0.20905363260657847,32.566510801309654,0.5427751800218276,1.4392827107544517
332,200,50,10,400,4,0.6665473861579863,143175031.5956351,82362499.99999623,17390649.062458977,0.9999999999999982,0.2111476589765946,32.81158696208885,0.5468597827014808,1.3823252960407428
333,200,50,10,400,4,0.6922727460182095,135886680.92896917,76781833.33333024,17390649.06245902,1.0000000000000007,0.22649431913095397,34.571452977467594,0.5761908829577932,1.449659084280766
334,200,50,10,400,4,0.7898087436164023,150396340.9289688,87891833.33332941,17390649.062459037,1.0000000000000018,0.197864220177375,31.23613228209282,0.5206022047015471,1.4687023244598494
335,200,50,10,400,4,0.7474190363974913,145519083.92896906,84157333.33332965,17390649.062459014,1.0000000000000004,0.20664448805166247,32.283050945352954,0.5380508490892159,1.4507854759280372
336,200,50,10,400,4,0.7078887181815271,141668995.92896947,81209333.3333301,17390649.06245898,0.9999999999999986,0.21414594048048263,33.16039595816293,0.5526732659693822,1.4318787365352954
337,200,50,10,400,4,0.6365413225619789,149808887.83183366,87451833.33332911,17384395.72076309,0.9996404193038766,0.19878823642840265,31.358620092510563,0.5226436682085094,1.3182155799132105
338,200,50,10,400,4,0.7176481058857032,145442465.26230285,84098666.666663,17390649.06245897,0.9999999999999979,0.20678864186265017,32.30005756247051,0.5383342927078419,1.4214133120836654
339,200,50,10,400,4,0.7199803188693049,132534614.26230408,74215166.66666454,17390649.062458992,0.9999999999999991,0.23432742717628907,35.44583447990736,0.590763907998456,1.4982061686087922
340,200,30,10,700,4,0.4914843908481477,130789365.59187642,53196000.000000164,29932596.18929987,0.9835366476644537,0.562685092662978,61.104356335347084,0.9817624158795972,1.9233948808581274
341,200,30,10,700,4,0.9636882530849032,122946535.4572945,48581500.00000085,29046167.133865777,0.9544100240979462,0.597885350058464,65.00223833290491,0.920010092508076,2.3620066256397503
342,200,30,10,700,4,0.8397123910991013,135342050.0427147,56123833.333333366,30288347.344744176,0.9952260546445781,0.5396699681016828,59.04890606783143,0.9841484344638572,2.2555968000443047
343,200,30,10,700,4,0.4688828930737385,133018527.69799328,54358333.333333395,30279670.260936726,0.9949409397195141,0.5570382387417451,60.08035225096364,0.9986616921510248,1.9131751762181595
344,200,30,10,700,4,0.8902141482572172,135603529.12017652,56241166.6666667,30341173.964621615,0.9969618518434952,0.5394833671294442,58.93504432998489,0.9822507388330816,2.304051580793854
345,200,30,10,700,4,0.844145136670487,130769792.1979941,52581833.333333634,30314503.594270192,0.9960855066550752,0.5765204762279117,61.113502328579735,0.9816127740782161,2.2869742917310325
346,200,30,10,700,4,0.4911643566370816,138647183.28684196,58626333.33333311,30306340.631288197,0.9958172849079355,0.5169407484342357,57.64127197208229,0.9606878662013716,1.8654048215858416
347,200,30,10,700,4,0.8149874009011568,135348214.03132668,56142166.66666682,30279670.26093674,0.9949409397195147,0.5393391822712577,59.0462168798938,0.9841036146648966,2.2305623613830594
348,200,30,10,700,4,0.554325194760498,149710608.84576973,67633499.99999873,29964742.72609816,0.9845929308159939,0.44304586818808317,53.38165452411637,0.8896942420686061,1.7984561313795706
349,200,30,10,700,4,0.8145169439504827,131495309.62017787,53150166.66666699,30306340.63128823,0.9958172849079368,0.5702021749311802,60.77631227367873,0.987144805153826,2.257823489049253
350,200,25,6,200,4,0.5441718721672114,90112066.70100635,55379500.000000045,8687704.425414791,0.9991236548115777,0.15687581912828363,27.763207432596378,0.46272012387660627,1.1323926513464446
351,200,25,6,200,4,0.4288586687472619,84718881.29782274,51238000.00000044,8695324.531229498,0.9999999999999992,0.16970460461433745,29.530607128830155,0.4921767854805026,1.0567991379192345
352,200,25,6,200,4,0.45389797976103263,82779471.29782383,49753000.00000077,8695324.531229502,0.9999999999999997,0.1747698537018746,30.222468937969275,0.5037078156328213,1.0974216783553536
353,200,25,6,200,4,0.44500013283938805,88796430.96448642,54360166.66666662,8695324.53122949,0.9999999999999986,0.15995765032415582,28.174555810701214,0.4695759301783536,1.0425421832770663
354,200,25,6,200,4,0.4570666579390149,83733941.74453288,50501000.00000084,8684383.802439647,0.9987417687803872,0.17196459084848817,29.877967618350493,0.4979661269725082,1.0926044575903138
355,200,25,6,200,4,0.47541938094361785,81029213.63115774,48412833.33333446,8695324.531229502,0.9999999999999997,0.17960784222976617,30.875284207842736,0.5145880701307123,1.133693724858143
356,200,25,6,200,4,0.47582917914969824,80591050.63115788,48077333.33333434,8695324.531229502,0.9999999999999997,0.18086120690060428,31.0431490892211,0.517385818153685,1.1379039628238667
357,200,25,6,200,4,0.5031663290109081,80380349.29782479,47916000.000001155,8695324.5312295,0.9999999999999996,0.1814701671931983,31.124522620949875,0.5187420436824979,1.1670845064479645
358,200,25,6,200,4,0.48291122652117374,91502027.63115321,56431833.33333322,8695324.531229503,1.0,0.15408545173196314,27.34147061838688,0.4556911769731146,1.0618707648798589
359,200,25,6,200,4,0.4591360520222255,78470744.66114315,46486000.00000119,8674814.703663733,0.997641280955977,0.18661133897654156,31.881945440984605,0.5313657573497435,1.1397908805532022
360,200,35,4,800,4,0.5931698841697269,151333900.58972183,61948333.33333232,34381508.340520106,0.9885056106025125,0.5550029595714816,60.06453256394393,0.9989250354563783,2.0360972872832903
361,200,35,4,800,4,0.5415130992114376,152492757.92305636,62835666.666666046,34381508.34052003,0.9885056106025104,0.5471654899900859,59.608076631327386,0.9934679438554564,1.9727134350589628
362,200,35,4,800,4,0.5674579667167017,148020143.2563907,59410999.9999995,34381508.3405201,0.9885056106025124,0.5787061039289086,61.40920958477422,0.9767868423706293,2.007209692230458
363,200,35,4,800,4,0.5887530558587849,142010366.58972594,54809333.33333339,34381508.34052015,0.9885056106025139,0.627292949020607,64.00800320627876,0.9353822090972584,2.0259696241725287
364,200,35,4,800,4,0.5642245729360633,151618369.756389,62111499.99999909,34416341.67385354,0.9895071066711276,0.5541057883621238,59.951838386106694,0.9991973064351115,2.006706510060874
365,200,35,4,800,4,0.5698145379188396,156938578.423053,66185166.66666516,34416341.67385355,0.9895071066711277,0.5200008311105107,57.91947455709069,0.9653245759515114,1.9511397787587597
366,200,35,4,800,4,0.4811007958498108,149490263.92305708,60536666.66666621,34381508.340520054,0.988505610602511,0.5679451848552444,60.805297692688114,0.9866680402266859,1.9221249839606922
367,200,35,4,800,4,0.5292449292231802,151891780.25638905,62375499.99999916,34381508.340520106,0.9885056106025125,0.5512021280874794,59.84392298685731,0.9973987164476218,1.9676053481407854
368,200,35,4,800,4,0.5158901179527804,153488800.58971998,63598333.33333185,34381508.3405202,0.9885056106025154,0.5406039205511833,59.221258913197836,0.9870209818866306,1.9353942362803576
369,200,35,4,800,4,0.5639053274393948,150694613.58972275,61458833.333332576,34381508.34052004,0.9885056106025106,0.5594233810792666,60.31934243348375,0.9946917648455211,2.006135797148329
370,200,30,8,300,4,0.49384817396404246,96963108.61339983,53793666.66666689,13042986.796844324,1.0000000000000044,0.24246324158688326,37.12545989374896,0.618757664895816,1.306576432129365
371,200,30,8,300,4,0.49325742529451794,96539311.61339995,53469166.66666697,13042986.796844339,1.0000000000000058,0.24393473117237532,37.288436594780286,0.6214739432463381,1.3098791534787564
372,200,30,8,300,4,0.4712717485328118,96460298.61339968,53408666.666666895,13042986.796844313,1.0000000000000038,0.24421105432659349,37.31898046913093,0.6219830078188487,1.2886235998129352
373,200,30,8,300,4,0.46919914663949985,98354216.28006631,54858833.33333356,13042986.796844305,1.000000000000003,0.23775545348535637,36.60036281260654,0.6100060468767757,1.2694095563045606
374,200,30,8,300,4,0.5374481160763149,101059812.94673163,56930500.00000003,13042986.796844324,1.0000000000000044,0.22910367547877353,35.620489441212854,0.5936748240202142,1.314405880479548
375,200,30,8,300,4,0.5119933212789372,94171315.9467347,51656000.00000061,13042986.796844332,1.000000000000005,0.25249703416532787,38.226077270026934,0.6371012878337823,1.3510922364449818
376,200,30,8,300,4,0.46542471411558817,90316439.28006956,48704333.33333438,13042986.796844337,1.0000000000000056,0.2677993086893854,39.85763863915282,0.6642939773192136,1.3439581383863102
377,200,30,8,300,4,0.43704442033572494,94379622.94673392,51815500.00000055,13042986.796844315,1.000000000000004,0.2517197903493004,38.14170779249308,0.6356951298748846,1.27411538249005
378,200,30,8,300,4,0.5232228225569769,106576356.94672908,61154499.99999917,13042986.796844315,1.000000000000004,0.213279264761293,33.776722184258155,0.5629453697376359,1.2567916041036473
379,200,30,8,300,4,0.5337258759372824,99570537.61339885,55790166.6666667,13042986.796844315,1.000000000000004,0.23378648202958657,36.153264673300185,0.6025544112216698,1.3233094727826216
380,200,30,6,900,4,0.5029235925438389,126752530.19270708,48851000.00000098,30731881.01156839,0.7853998855283651,0.6290942050637197,80.37551585369593,0.7120608335114327,1.7182597901062475
381,200,30,6,900,4,0.49341738449962064,153688875.40043435,60571499.99999939,36407514.10465423,0.9304493076555896,0.6010667410358765,66.28846735624697,0.9004975912515784,1.8747683685799004
382,200,30,6,900,4,0.4864874104106649,148832627.68711516,54391333.33333338,37976596.56114322,0.9705495924786086,0.6982104359973376,68.45138837041432,0.8686139724477466,1.9136697316562816
383,200,30,6,900,4,0.5189190684523359,146506516.37361062,51910833.333333604,38422385.57358596,0.9819424076209857,0.7401612169634295,69.53820384357368,0.8530218945995426,1.964069936622622
384,200,30,6,900,4,0.4870791558464953,161318231.3926059,63143666.66666606,38491509.38308532,0.9837089715370585,0.6095862247956093,63.15343226895161,0.9488000438878353,1.923548179570818
385,200,30,6,900,4,0.5332233955575432,140887206.17686775,52033666.666667044,35601628.848316476,0.9098536861953084,0.6842037305651383,72.31174693896892,0.8144878384849515,1.8950742184946052
386,200,30,6,900,4,0.5071990672455996,148735961.99643642,55177833.3333336,37428116.965887226,0.9565323635570679,0.6783179893958694,68.49587593512919,0.8679701691490573,1.9178236279113525
387,200,30,6,900,4,0.4950127207506381,151101851.87630966,55672833.333333395,38267267.71253134,0.9779781351356849,0.687359802282944,67.42339603051074,0.8836243349097093,1.9285248974867026
388,200,30,6,900,4,0.46712530950792186,158493194.48247832,61698999.999998935,38033577.590279296,0.9720058292037188,0.6164375045021793,64.27910064697622,0.9311654139082555,1.8914407270179208
389,200,30,6,900,4,0.5952898331494536,127587278.0260412,47439333.33333458,32039047.678235173,0.8188065146240631,0.6753688432573743,79.84965395939099,0.7183290227159647,1.853913930471318
390,200,45,6,500,4,0.7017083525783301,145871929.91121134,77604999.99999632,21738311.328073602,0.9999999999999918,0.28011482930319737,39.73211298107704,0.6622018830179506,1.5880020990388386
391,200,45,6,500,4,0.6610794384109404,132930558.24455047,67695833.33333223,21738311.32807368,0.9999999999999953,0.3211174197536633,43.600208082610685,0.726670134710178,1.6446435089240492
392,200,45,6,500,4,0.6219393222872942,131106076.24454853,66298833.333331645,21738311.32807356,0.9999999999999899,0.3278837686144419,44.20695185163848,0.7367825308606413,1.621028868039489
393,200,45,6,500,4,0.6462946059603069,132774926.57788122,67576666.66666488,21738311.3280736,0.9999999999999917,0.3216836875855696,43.65131391430582,0.7275218985717636,1.631163454600526
394,200,45,6,500,4,0.6570864612496328,143453653.24454603,75753333.33333032,21738311.328073587,0.9999999999999911,0.2869617793902286,40.40189893330828,0.6733649822218047,1.5600208669836204
395,200,45,6,500,4,0.6694583022956808,138190908.57788074,71723666.66666442,21738311.32807362,0.9999999999999927,0.3030842166659211,41.940530383977034,0.6990088397329506,1.6109345153613683
396,200,45,6,500,4,0.6634009555409881,144207868.24454603,76330833.33333018,21738311.328073636,0.9999999999999933,0.28479069831642345,40.190594802854655,0.6698432467142442,1.561076760908371
397,200,45,6,500,4,0.6158053106379966,147126560.5778791,78565666.66666333,21738311.328073658,0.9999999999999943,0.276689707481316,39.39329497838757,0.6565549163064596,1.493711992929509
398,200,45,6,500,4,0.6319415704220445,160443842.57787865,88762666.6666624,21738311.3280737,0.9999999999999962,0.2449037657882602,36.12354271050786,0.6020590451751311,1.4299236282277836
399,200,45,6,500,4,0.6308444117643909,132034352.91917898,67039499.99999828,21719261.063536845,0.9991236548115706,0.32397707416578886,43.896151810943714,0.7316025301823952,1.6216286012794172
400,200,40,10,300,4,0.6680691688807207,118827411.21817242,70555833.33333114,13031556.63812226,0.9991236548115828,0.18469850078244418,30.29435685837342,0.504905947639557,1.320733917146233
401,200,40,10,300,4,0.6068866737040928,119875606.28006092,71340499.99999772,13042986.796844339,1.0000000000000058,0.18282724114415733,30.029462304365087,0.5004910384060848,1.2536395050255034
402,200,40,10,300,4,0.89477767170617,109852926.94673014,63666166.66666587,13042986.796844339,1.0000000000000058,0.204865275855745,32.769267966302024,0.5461544661050337,1.6048243584957997
403,200,40,10,300,4,0.5634290135789798,115963265.61339432,68344833.33333147,13042986.796844332,1.000000000000005,0.19084086039439244,31.042589055755304,0.5173764842625884,1.233478186157082
404,200,40,10,300,4,0.6405498634945271,117483667.28006198,69508999.99999851,13042986.796844324,1.0000000000000044,0.1876445754771987,30.64085488086324,0.510680914681054,1.3013464385573401
405,200,40,10,300,4,0.6153519798063616,112548946.28006314,65730499.99999893,13042986.796844292,1.0000000000000022,0.19843127310524802,31.98430655265643,0.5330717758776072,1.3071687741681672
406,200,40,10,300,4,0.5939237214275264,113264851.94672935,66278666.66666562,13042986.7968443,1.0000000000000027,0.1967901204537082,31.782145459326212,0.5297024243221036,1.2810582421125964
407,200,40,10,300,4,0.5553872726444862,111114740.6133956,64632333.33333222,13042986.796844313,1.0000000000000038,0.20180281484774706,32.39714173050071,0.5399523621750117,1.2567818866976956
408,200,40,10,300,4,0.6096615408151267,122830213.61339352,73602833.3333308,13042986.796844264,1.0,0.1772076726690057,29.307121546904764,0.48845202578174607,1.2398797047320773
409,200,40,10,300,4,0.5862313490039184,112326273.2800633,65559999.99999894,13042986.7968443,1.0000000000000027,0.19894732759067282,32.04771150044845,0.5341285250074742,1.279517736083931
410,200,40,6,300,4,0.6680691688807207,118489810.21817225,70297333.33333115,13031556.638122259,0.9991236548115826,0.18537768106124455,30.3806714971674,0.5063445249527899,1.3227158386825062
411,200,40,6,300,4,0.6068866737040928,118769424.2800604,70493499.99999772,13042986.796844337,1.0000000000000056,0.185023963866807,30.30914750846656,0.5051524584744427,1.2600583032719812
412,200,40,6,300,4,0.614291380538285,115637636.28006172,68095499.99999838,13042986.796844292,1.0000000000000022,0.19153962885718737,31.130003308625902,0.5188333884770984,1.2863564721011334
413,200,40,6,300,4,0.5634290135789798,115070179.280061,67660999.99999824,13042986.796844332,1.000000000000005,0.19276964273133224,31.283517784731234,0.5213919630788539,1.2390366908428996
414,200,40,6,300,4,0.6405498634945271,117411837.28006192,69453999.99999845,13042986.796844324,1.0000000000000044,0.1877931695344345,30.65960028726417,0.5109933381210695,1.3017777372431443
415,200,40,6,300,4,0.6153519798063616,112656691.28006278,65812999.99999885,13042986.796844292,1.0000000000000022,0.19818252923958063,31.95371672199171,0.5325619453665286,1.3064599485645547
416,200,40,6,300,4,0.5939237214275264,112477116.28006192,65675499.99999875,13042986.796844339,1.0000000000000058,0.19859744953360975,32.00473233183445,0.5334122055305741,1.2862138865849881
417,200,40,6,300,4,0.5553872726444862,111294315.61339584,64769833.33333233,13042986.796844313,1.0000000000000038,0.20137440727567898,32.34486847023401,0.5390811411705668,1.255567939635596
418,200,40,6,300,4,0.573779355455177,118456289.5515057,70271666.66666457,13031556.638122208,0.9991236548115787,0.18544539010206956,30.38926859544068,0.5064878099240113,1.228623477460844
419,200,40,6,300,4,0.5862313490039184,112388525.94673005,65607666.66666568,13042986.796844298,1.0000000000000024,0.19880278417935648,32.02996008423702,0.533832668070617,1.2791062444180206
420,200,25,2,900,4,0.47000052809839904,133671053.42547578,48863833.33333427,34099342.97647949,0.8714604895235036,0.6978442060381163,76.21545382433825,0.7631829007788108,1.7914587937077027
421,200,25,2,900,4,0.4739458856180945,142104327.75256997,52220666.666667156,36075550.87973096,0.9219654833574212,0.6908289989863009,71.69239783983815,0.8229389200086338,1.849548004815769
422,200,25,2,900,4,0.4266694527561101,119507735.09875181,41836666.66666792,31666039.579671968,0.8092737262534971,0.7568968109235363,85.24803847702077,0.656520971541811,1.6887078730367502
423,200,25,2,900,4,0.44314749344724835,137663142.1182112,46902166.666667916,37297988.83270282,0.9532067415143243,0.7952295487280652,74.00528451727294,0.7918198235066105,1.871150955936311
424,200,25,2,900,4,0.4928581576295087,149865574.05927557,54373000.00000036,38491509.383085325,0.9837089715370588,0.707915866019625,67.97958813389972,0.8754711017026209,1.9346619521478294
425,200,25,2,900,4,0.45335396115278564,135712984.36009026,49360666.66666751,34779219.30702199,0.8888357615408761,0.7045937920953538,75.06871982837313,0.7779093094156695,1.7949383042447382
426,200,25,2,900,4,0.45582717730804784,148508582.10016957,55841500.000000246,36893240.49137924,0.9428627830425445,0.6606778201047443,68.60074923567913,0.8664543793103683,1.8508238127022116
427,200,25,2,900,4,0.5119584888494668,133712107.84353727,47476000.00000128,35003962.18164977,0.8945794069734327,0.7372980491542848,76.19205294348674,0.7634806113662709,1.8652775395391656
428,200,25,2,900,4,0.4680665491535871,139005869.6926206,51364500.00000042,35109077.286132984,0.8972657830855016,0.6835280648333517,73.2904302712394,0.8013101757819561,1.8161991768022245
429,200,25,2,900,4,0.5766535288771873,113001276.60507862,41462666.66666781,28728990.04640048,0.7342129655290158,0.692888141454152,90.15650359070483,0.6049506508153822,1.735914692855891
430,200,50,10,800,4,0.7472468919878946,180934130.53578526,84665166.66666228,34351027.91726134,0.9876292654140928,0.4057279902667149,50.238172162892255,0.8373028693815375,1.9091321535828043
431,200,50,10,800,4,0.723773467909106,172942047.58971468,78497833.33333078,34381508.340520136,0.9885056106025133,0.43799308694959205,52.559803279099114,0.8759967213183185,1.9501646587870982
432,200,50,10,800,4,0.7154588650895471,181848967.58970928,85317833.33332896,34381508.34051992,0.9885056106025073,0.4029814986767716,49.98543637876769,0.8330906063127947,1.870934670343759
433,200,50,10,800,4,0.6997664202182623,166870018.25638178,73848499.99999747,34381508.340520136,0.9885056106025134,0.4655681339569703,54.472337781100286,0.9078722963516714,1.98009322373551
434,200,50,10,800,4,0.7031354705486008,181417531.0897125,84932833.3333299,34416341.67385349,0.9895071066711262,0.4052183392820784,50.104308803017595,0.8350718133836266,1.8623819553578902
435,200,50,10,800,4,0.7041269082640019,166676882.44911736,73738499.99999748,34357362.02169888,0.987811377778467,0.4659351901883012,54.53545726579634,0.9089242877632723,1.985799348177915
436,200,50,10,800,4,0.6549539871317445,179172102.92304194,83268166.66666225,34381508.34052026,0.988505610602517,0.4129009886593967,50.73222812986826,0.8455371354978044,1.8308119135570662
437,200,50,10,800,4,0.6997096916772304,182428396.25637648,85761499.99999572,34381508.34052022,0.9885056106025156,0.40089677000194646,49.82667274685468,0.8304445457809114,1.850871653459699
438,200,50,10,800,4,0.6408290040518422,179559984.9230425,83565166.66666241,34381508.340519965,0.9885056106025084,0.4114334921112072,50.62263735372773,0.8437106225621289,1.813686420302937
439,200,50,10,800,4,0.7411451371680806,169817442.5897129,76105333.33333033,34381508.340520136,0.9885056106025134,0.45176214116209323,53.526892534599014,0.8921148755766503,1.9946697256744055
440,200,25,6,800,4,0.4393310151172124,117763313.94907361,45444666.66666775,28515005.343616195,0.8198372942034465,0.6274664869427035,77.18702620691242,0.7509242958334487,1.6922285005048239
441,200,25,6,800,4,0.4884072088379332,133189016.13647863,51247166.66666721,32344989.329661552,0.9299534828600592,0.6311566362301892,68.24736951796154,0.8715725600923026,1.8649050779143872
442,200,25,6,800,4,0.9037188466125053,120772686.00504102,44284166.66666744,30723392.38898891,0.8833308141244464,0.6937782666262593,75.2637065604436,0.7753853795091521,2.234126839422665
443,200,25,6,800,4,0.42010328840131406,116685700.08575824,41545166.66666773,30474562.755370736,0.8761766925984327,0.7335284751624527,77.89986256515961,0.7420556469386166,1.7489817154698928
444,200,25,6,800,4,0.42014570033992854,136766186.57052246,51733000.0000006,33781139.69604063,0.9712443616887074,0.65299015514353,66.46233420651026,0.897891923737276,1.8404297481920286
445,200,25,6,800,4,0.46560302253754077,132796873.88143119,51227000.00000055,32166460.980037,0.9248205994069068,0.6279200612965166,68.44890044712878,0.868649990609965,1.836589062184719
446,200,25,6,800,4,0.4386037232014717,128688927.19046813,48368833.33333458,31983356.526987527,0.9195561480229518,0.6612389491922148,70.63389367250295,0.8375858096831222,1.8051806922383657
447,200,25,6,800,4,0.39708549015033157,131103387.20773304,47828000.00000129,33506435.273009263,0.9633463119366608,0.7005610787197533,69.33306754002649,0.8559433151372701,1.8134776682634044
448,200,25,6,800,4,0.48391675491781166,145447507.25639117,57438333.33333294,34381508.34052014,0.9885056106025136,0.5985812321710886,62.49539900313817,0.9592630137240845,1.922044754378767
449,200,25,6,800,4,0.4953879107172171,126032824.5090706,46740833.333334565,31724725.64294785,0.9121202299295328,0.6787368427238213,72.12248107115782,0.8170611407964954,1.8554385256927695
450,200,40,8,900,4,0.6597966001725583,166728427.10942852,68234833.33333154,37888678.107744806,0.9683027028980797,0.5552688598601272,61.10415708122444,0.9817656762218245,2.0857773642824844
451,200,40,8,900,4,0.6097356004648387,165563029.1182744,67088999.99999905,38050249.7730332,0.9724319121506589,0.5671607830349795,61.53426917987875,0.9747530198985626,2.038217246791385
452,200,40,8,900,4,0.600834154483979,167427754.22593665,67879166.66666538,38456676.04975201,0.982818752809404,0.5665460838463359,60.848931810027125,0.9859507612562228,2.040021782817271
453,200,40,8,900,4,0.6117605680957082,165706228.55927074,66560999.99999891,38456676.04975198,0.9828187528094032,0.5777658996973093,61.48109270591461,0.9756173016471902,2.049590589500746
454,200,40,8,900,4,0.5967485393482291,172642155.72593376,71817166.6666647,38491509.38308534,0.9837089715370592,0.5359653014681224,59.01107963557258,0.9835179939262096,2.009038774448937
455,200,40,8,900,4,0.6347448587309554,170360336.87062442,70827166.66666444,38008894.03154394,0.9713750033783201,0.5366428705305423,59.80147836721437,0.9966913061202395,2.060750461275629
456,200,40,8,900,4,0.5600810025518043,165802001.89260247,66634333.33333185,38456676.04975216,0.9828187528094079,0.577130048819973,61.44557896592288,0.9761949362330659,1.9979799778408487
457,200,40,8,900,4,0.7012310133274824,174666416.00444943,73423166.66666509,38455796.48826557,0.9827962742800063,0.5237556242003508,58.32718294134161,0.9721197156890269,2.09235522837679
458,200,40,8,900,4,0.5495011789151113,170700807.8925993,70385333.33333108,38456676.04975203,0.9828187528094046,0.5463734307775284,59.682201424669934,0.9947033570778322,1.9813032806149664
459,200,40,8,900,4,0.5984722842773804,156964391.1551522,60386333.333332576,38125918.247188196,0.9743657349100621,0.631366670944121,64.90516686634882,0.9214997426863154,2.025065363718993
460,200,25,10,300,4,0.8330620691583556,85372111.51901191,45224666.66666736,12846931.92728634,0.9849685602989832,0.2840691347042059,42.16599467846527,0.7027665779744211,1.7630839548961412
461,200,25,10,300,4,0.7826716125611698,90485875.94673598,48832666.666667566,13042986.796844315,1.000000000000004,0.26709552615416066,39.78300438975695,0.6630500731626158,1.6593981066471142
462,200,25,10,300,4,1.0,76699671.62240002,38720000.00000045,12760379.838489508,0.9783326501240397,0.3295552644237955,46.93370810923634,0.7822284684872723,2.0458726800263087
463,200,25,10,300,4,0.8453600815074779,84188779.2800703,44011000.00000105,13042986.796844326,1.0000000000000047,0.296357428752903,42.75866725688666,0.7126444542814443,1.7950904787912445
464,200,25,10,300,4,0.9431000119368533,89215381.41970657,48343166.666667454,12734930.414692437,0.9763814541139948,0.26342772500819966,40.34954446997241,0.6724924078328735,1.8263345997762865
465,200,25,10,300,4,0.9915705139480073,76285084.94673547,37959166.66666708,13042986.796844274,1.0000000000000009,0.34360572009863577,47.18877880929789,0.7864796468216314,2.0529347368485475
466,200,25,10,300,4,0.4240875567915611,87526479.94673721,46566666.66666792,13042986.796844311,1.0000000000000036,0.28009277301740787,41.12812490792042,0.6854687484653403,1.333630523670828
467,200,25,10,300,4,0.8230565073950197,93519496.2800672,51155500.0000005,13042986.79684428,1.000000000000001,0.2549674384346581,38.49250844144317,0.6415418073573862,1.6685722655001323
468,200,25,10,300,4,0.903945078198674,84404269.28007022,44176000.00000103,13042986.796844326,1.0000000000000047,0.2952505160459078,42.649501390209835,0.7108250231701639,1.8509705142055641
469,200,25,10,300,4,0.8506320360418811,88922376.28006966,47635500.000000894,13042986.796844332,1.000000000000005,0.2738081220275653,40.482498900637566,0.6747083150106261,1.7443868486745595
470,200,25,2,600,4,0.47343508071741264,113758909.04419215,46392500.0000014,25956549.883285988,0.9950385708266662,0.5594988388917433,60.60008888905529,0.9900483670070143,1.9110825188378215
471,200,25,2,600,4,0.4492604331128165,119563350.77040178,50832833.3333338,25959168.913485993,0.9951389707672933,0.5106771984016713,57.65813650738349,0.9609689417897248,1.8187711336238783
472,200,25,2,600,4,0.41894691446074134,113928324.89347269,46319166.66666798,26085973.593688212,0.9999999999999878,0.5631788192869216,60.50997420041035,0.991536449216767,1.8610264191070458
473,200,25,2,600,4,0.44651878588925376,117404896.8934716,48981166.666667625,26085973.593688175,0.9999999999999865,0.5325715038845746,58.7181640835233,0.9786360680587216,1.8512120570556352
474,200,25,2,600,4,0.4686740654650155,128495448.8934668,57473166.66666645,26085973.593688257,0.9999999999999896,0.4538809170718223,53.650149163769385,0.8941691527294897,1.7259479518519631
475,200,25,2,600,4,0.4339738800983051,108036766.83524296,42478333.3333344,25658726.290176615,0.983621569577327,0.6040426795662723,63.80975849187626,0.938477896793662,1.855685920544985
476,200,25,2,600,4,0.4254542816552548,119552613.89347062,50625666.66666737,26085973.593688283,0.9999999999999906,0.5152717052684986,57.66331471550122,0.9610552452583537,1.7987268911284073
477,200,25,2,600,4,0.43180013800075745,116681705.18293008,48451333.33333428,26070732.31637833,0.9994157290217496,0.5380808023799376,59.08209851057719,0.9847016418429532,1.846966421747661
478,200,25,2,600,4,0.40049685943814833,115446332.22680539,47481500.000001155,26085973.593688253,0.9999999999999893,0.5493923653146513,59.71432670945725,0.9952387784909541,1.8352495301808234
479,200,25,2,600,4,0.4549249257169559,116260084.68491286,48588833.33333443,25777323.093333952,0.9881679516677401,0.5305194902806893,59.29636141831069,0.9882726903051782,1.8676132082466856
480,200,35,4,500,4,0.6082768050012025,125193345.24455059,61768666.66666544,21738311.32807361,0.9999999999999921,0.3519310437018883,46.29479297544595,0.7715798829240992,1.6614015228868124
481,200,35,4,500,4,0.5652527852923368,117122047.57788962,55588500.00000014,21738311.3280737,0.9999999999999962,0.3910577066852612,49.48513213232224,0.8247522022053707,1.7028511528459165
482,200,35,4,500,4,0.5331558767492974,125394469.2445513,61922666.66666562,21738311.328073606,0.9999999999999919,0.35105580069883896,46.22053935007857,0.7703423225013094,1.5843428398096782
483,200,35,4,500,4,0.5466673486476639,114974330.57789007,53944000.000000164,21738311.3280736,0.9999999999999917,0.4029792252720142,50.40951289621643,0.8401585482702738,1.7092092771355492
484,200,35,4,500,4,0.5594438978519242,136571217.24454632,70480666.66666424,21738311.328073587,0.9999999999999911,0.3084294226512378,42.437931776078116,0.7072988629346353,1.5134862989075497
485,200,35,4,500,4,0.571572188759789,123830969.57788447,60725499.99999897,21738311.328073606,0.999999999999992,0.3579766544215194,46.80412355452556,0.7800687259087593,1.6380222382057639
486,200,35,4,500,4,0.5183017229593608,120182005.57788736,57931499.999999695,21738311.328073647,0.9999999999999938,0.3752416444952014,48.22518955422047,0.8037531592370079,1.6222481977925298
487,200,35,4,500,4,0.5234884494977541,129256528.91121633,64879833.33333203,21738311.328073632,0.9999999999999931,0.335054981050723,44.83951448194169,0.7473252413656949,1.5388576757040275
488,200,35,4,500,4,0.5049399930056613,120680026.91121957,58312833.33333268,21738311.328073602,0.9999999999999918,0.3727877738989504,48.02617424226947,0.8004362373711579,1.6036064494959796
489,200,35,4,500,4,0.6127308143928911,121982544.24455334,59310166.666666165,21738311.328073613,0.9999999999999922,0.36651914081184167,47.513355586193136,0.7918892597698856,1.6978353868122502
490,200,35,8,900,4,0.6034322407240166,166551385.30239528,67514333.33333202,38260614.59365581,0.9778081045800778,0.5667035828489243,61.16910995067828,0.980703442988001,2.037498549991157
491,200,35,8,900,4,0.5540209767115074,159582556.23376644,64260166.66666587,36933680.77132084,0.9438962958049072,0.5747523339443766,63.84031087380426,0.9380001395236095,1.9518229833906182
492,200,35,8,900,4,0.5443793474876001,147260397.2826902,56776499.99999975,35689908.06052935,0.912109795515152,0.6286035254115613,69.18221183691952,0.8580980883444573,1.9053602561613066
493,200,35,8,900,4,0.5965239678467323,156104390.8926053,59207499.99999917,38456676.04975214,0.9828187528094072,0.6495237267196331,65.26273823398645,0.91602437545826,2.0321673246806986
494,200,35,8,900,4,0.5944062765862534,167989405.0592699,68253166.66666542,38491509.383085325,0.9837089715370588,0.5639519931883897,60.64549128205763,0.9892994743045863,2.0348673454415516
495,200,35,8,900,4,0.587388276965506,163452997.48806006,66106333.33333205,37645905.069822066,0.9620982692637662,0.569475013536113,62.32862141756807,0.9619331157706099,2.0049014035650066
496,200,35,8,900,4,0.5545190414940903,160598554.55927262,62648666.66666611,38456676.049752004,0.9828187528094039,0.6138466801594982,63.43643644837386,0.9443353419452172,1.989931727566906
497,200,35,8,900,4,0.5017438961435012,148968844.03394702,57218333.333333306,36242085.9121266,0.9262215389932857,0.6333998877771102,68.38879677201767,0.8695205775297915,1.8779843838949808
498,200,35,8,900,4,0.5202304688988257,162748665.8926028,64294999.99999853,38456676.04975211,0.9828187528094066,0.5981285644257406,62.598362598701044,0.9576182725485305,1.9563515929879487
499,200,35,8,900,4,0.5424003287322634,139320466.52603865,53183166.66666708,34105214.344901875,0.8716105412591946,0.6412783683728549,73.12493457733237,0.8035234498327096,1.858946473263257
500,200,35,10,200,4,0.7060390090170376,103056162.34600276,65486666.66666554,8564621.284857525,0.9849685602989797,0.13078419960588933,24.276083477671214,0.4046013912945202,1.2152677599962693
501,200,35,10,200,4,0.5532497490672512,103833966.29782036,65877166.666665904,8695324.531229496,0.9999999999999991,0.13199299501187203,24.094235144829643,0.4015705857471607,1.0604147308239096
502,200,35,10,200,4,0.7604762200352898,93179182.96448688,57718833.33333309,8695324.53122951,1.0000000000000007,0.15064969316016805,26.84934467555381,0.4474890779258968,1.328485052489321
503,200,35,10,200,4,0.8606967441041599,97405181.29781973,60954666.66666591,8695324.531229494,0.9999999999999988,0.14265231862853706,25.684465309403404,0.42807442182339006,1.4028930208303796
504,200,35,10,200,4,0.5878369349366892,99931202.96448588,62888833.33333254,8695324.531229498,0.9999999999999992,0.13826499984729043,25.03522349159655,0.4172537248599425,1.1157026596744641
505,200,35,10,200,4,0.5713943914762404,90827947.63115263,55918499.99999975,8695324.531229502,0.9999999999999997,0.15549996032135235,27.544385458974304,0.45907309098290505,1.1548674507162273
506,200,35,10,200,4,0.5449252439156126,100595580.03433847,63409499.99999916,8687704.425414788,0.9991236548115774,0.13700950843982215,24.86987996039196,0.414497999339866,1.0690308500073362
507,200,35,10,200,4,0.6601092449176573,108641787.63115212,69558499.9999985,8695324.531229502,0.9999999999999997,0.12500736115973876,23.027971598680043,0.3837995266446674,1.1439146604901158
508,200,35,10,200,4,0.531239214671843,99906012.0343382,62881499.99999915,8687704.425414788,0.9991236548115774,0.1381599425175116,25.04153603028533,0.4173589338380888,1.0591261025239411
509,200,35,10,200,4,0.54526402960069,92371045.03433952,57111999.99999992,8687704.425414788,0.9991236548115773,0.1521169706088878,27.084244841767678,0.451404080696128,1.118361686783928
510,200,50,2,600,4,0.6864167834304264,156053434.74579772,78582166.66666295,26085387.21936402,0.999977521470594,0.331950470773037,44.175894053403006,0.7362649008900501,1.6882420609389062
511,200,50,2,600,4,0.7146260957394667,154402546.22679135,77317166.66666411,26085973.59368831,0.9999999999999916,0.33738915584105955,44.648227431911444,0.7441371238651907,1.728674544277505
512,200,50,2,600,4,0.6522771107548413,142478766.22679192,68187166.66666459,26085973.593688156,0.9999999999999857,0.38256426933253257,48.38475362024632,0.8064125603374387,1.7647410865583062
513,200,50,2,600,4,0.7137368292416469,150097534.89345643,74020833.33333062,26085973.59368819,0.999999999999987,0.35241394103492235,45.928802261099214,0.765480037684987,1.7611480197545717
514,200,50,2,600,4,0.7084298434529724,152479896.56012133,75844999.99999666,26085973.593688183,0.9999999999999867,0.34393794704580827,45.21120590662155,0.7535200984436925,1.7371002995333116
515,200,50,2,600,4,0.7004138713068405,158681219.89345425,80593333.33332935,26085973.593688253,0.9999999999999893,0.3236740871083986,43.44433452571646,0.7240722420952743,1.6834253830888337
516,200,50,2,600,4,0.6687846091286764,166649561.22678846,86694666.66666242,26085973.593688257,0.9999999999999896,0.30089479084091525,41.36704560906963,0.6894507601511605,1.5989512019525691
517,200,50,2,600,4,0.649790072186743,163429182.8934532,84228833.33332877,26085973.593688186,0.9999999999999868,0.30970360815108366,42.18218483350294,0.7030364138917157,1.6005893725993257
518,200,50,2,600,4,0.6600801021205662,168907417.5601196,88423499.99999486,26085973.593688264,0.9999999999999898,0.29501177394798644,40.8140749505348,0.6802345825089133,1.5763241037878686
519,200,50,2,600,4,0.6886515243422698,147267432.89345646,71853833.33333084,26085973.593688242,0.999999999999989,0.3630421980783556,46.811435933615115,0.7801905988935852,1.7592758816985397
520,200,20,10,600,4,0.826018680791235,84196216.35878335,34186166.66666709,19307914.1168611,0.7401645964071907,0.5647873394265964,81.87778855315318,0.6944536836508286,1.9723022359833409
521,200,20,10,600,4,0.9867007038762758,95685996.40682842,38368000.00000072,22249986.2079838,0.8529482761328547,0.5799099824849714,72.0460700507273,0.8181023449100525,2.2687310347743055
522,200,20,10,600,4,0.9404240457937104,111894090.73703553,45463000.00000068,25637992.225654442,0.9828267338220998,0.5639309378099567,61.6100453079444,0.9735227467787292,2.365091542820405
523,200,20,10,600,4,0.8614427370756554,110254867.03683041,43730500.00000069,25942248.594514843,0.9944903341001442,0.5932300932876238,62.5260379453103,0.9587732920392568,2.294800103745011
524,200,20,10,600,4,0.8461942256144305,117040872.75215796,49555000.00000088,25541667.1964312,0.9791341352354577,0.5154205871542881,58.90079113300951,0.9816798522168252,2.2402105475546863
525,200,20,10,600,4,1.0,92749334.24964133,36129500.0000003,22243553.237175927,0.8527016696266889,0.6156618064787983,74.32721814956487,0.787582643895524,2.2801120890785627
526,200,20,10,600,4,0.8454913031279929,97795249.78659073,36890333.33333379,24221233.668418184,0.928515609410817,0.6565739986559592,70.49217640983262,0.8395664873674611,2.2103169894202215
527,200,20,10,600,4,0.9846602809838096,119446637.24776787,50557833.33333399,26076593.58114442,0.9996404193038676,0.5157775138269522,57.71447534098601,0.9619079223497669,2.3591902143951384
528,200,20,10,600,4,0.837041798197432,102094841.11110592,40494666.666667275,24022274.171678934,0.9208885413228777,0.5932206917374776,67.52349016830087,0.8821514701951039,2.193769821782518
529,200,20,10,600,4,0.864750973500232,106302788.08297563,40866833.33333391,25838719.90384255,0.9905215847528955,0.632266260835205,64.85060386768953,0.9223381203189313,2.2929021024873273
530,200,25,6,400,4,0.484046017872026,96327094.92898214,46484166.66666785,17390649.062459063,1.000000000000003,0.37411984143257276,48.76924818986276,0.8128208031643793,1.5961626941824636
531,200,25,6,400,4,0.4631935582740259,107297930.26231012,54884499.99999989,17390649.062459,0.9999999999999996,0.3168590232662962,43.78276438804866,0.7297127398008111,1.4463935166878739
532,200,25,6,400,4,0.8262836086346869,94133885.59564845,44804833.33333429,17390649.06245907,1.0000000000000038,0.3881422553919116,49.905514579302206,0.8317585763217035,1.9685559892699196
533,200,25,6,400,4,0.42738405255402145,92297431.92898276,43398666.66666785,17390649.06245901,1.0000000000000002,0.40071851045635515,50.89849090941848,0.8483081818236413,1.5962670427427468
534,200,25,6,400,4,0.509000775536383,109313958.92897692,56428166.66666652,17390649.06245901,1.0000000000000002,0.3081909282147932,42.97529836104681,0.7162549726841135,1.471808490792331
535,200,25,6,400,4,0.8613012680219884,91926310.2623155,43114500.00000103,17390649.062459003,0.9999999999999999,0.40335963683815396,51.1039765067763,0.851732941779605,2.0357219192721168
536,200,25,6,400,4,0.4241626977376739,104082239.73535036,52446166.666667126,17375408.850829624,0.99912365481158,0.33129988243493114,45.135462226265346,0.7522577037710891,1.4414603074567078
537,200,25,6,400,4,0.4100219419101637,107180607.92897803,54794666.66666695,17390649.062458977,0.9999999999999982,0.31737849904721055,43.83068999863242,0.730511499977207,1.3944362411251392
538,200,25,6,400,4,0.441619424539743,97101194.01084356,47092833.33333458,17380488.21091898,0.9994157290217557,0.3690686454963463,48.380455542857526,0.8063409257142921,1.5432152666511123
539,200,25,6,400,4,0.5281109037440127,102492503.26231363,51205000.00000073,17390649.062459003,0.9999999999999997,0.33962794770937904,45.835547483670204,0.7639257913945035,1.5637390533060194
540,200,35,4,900,4,0.5997051983114703,163386622.6681138,65000833.33333235,38318139.41831033,0.9792782388254138,0.5895022794832513,62.35394204025144,0.9615272556573722,2.0328342775554438
541,200,35,4,900,4,0.5233288598812159,158420915.90043333,62041833.33333245,37780680.771321096,0.9655426669721102,0.608954938006694,64.3084275967889,0.930710387765705,1.9412031980522761
542,200,35,4,900,4,0.5443793474876001,145790634.97582206,55212666.66666656,35969363.41751571,0.919251701515138,0.6514694107182369,69.87965997740216,0.8481811890989548,1.9137360651611444
543,200,35,4,900,4,0.5561590640296327,154157797.89260766,57716999.999999896,38456676.04975206,0.9828187528094051,0.6662972096566371,66.08682881612786,0.9035289323532345,1.9927257641081768
544,200,35,4,900,4,0.5952639027754272,164871983.05927053,65866166.66666554,38491509.38308533,0.983708971537059,0.584389700069879,61.79218452378015,0.970571950014872,2.0333476128462022
545,200,35,4,900,4,0.587388276965506,164979728.05926973,65948666.66666533,38491509.38308547,0.9837089715370625,0.5836586443458991,61.75182926922989,0.9712249642299152,2.0255401566721405
546,200,35,4,900,4,0.5146249929102087,154796010.0441115,59025999.9999996,37933815.2159331,0.9694562502384076,0.6426628132676,65.81435785778218,0.907641352813648,1.9363965963379366
547,200,35,4,900,4,0.4960080294999505,142067868.28109664,53199666.66666697,35435547.55869345,0.9056092266450055,0.6660858944985856,71.7107965598691,0.822686608315849,1.851563353414668
548,200,35,4,900,4,0.5202304688988257,162573879.55926973,64161166.666665256,38456676.04975207,0.9828187528094056,0.5993761966571615,62.665663313311185,0.9565447348421069,1.9562761610666617
549,200,35,4,900,4,0.5424003287322634,140648433.9126465,53223500.00000041,34727611.63786168,0.887516849189379,0.6524864324567421,72.43450720771912,0.8128230963348658,1.8772125710325227
550,200,40,6,800,4,0.616109978004163,164144144.9230491,71758499.99999762,34381508.34052011,0.9885056106025127,0.4791280244224901,55.37693716861668,0.922948952810278,1.9223613503524333
551,200,40,6,800,4,0.6126141152817663,160897428.92305446,69272499.99999894,34381508.34052,0.9885056106025096,0.496322614897983,56.49437695083984,0.941572949180664,1.9512451563808169
552,200,40,6,800,4,0.6106287236628103,153570768.92305303,63662499.999998435,34381508.34052022,0.9885056106025156,0.5400590353900815,59.189649591156666,0.9864941598526111,2.0291701118274865
553,200,40,6,800,4,0.6205710252129856,146145941.2563911,57977333.33333289,34381508.340520166,0.9885056106025142,0.5930163800885477,62.19673240225885,0.9640499149634842,2.059034044247308
554,200,40,6,800,4,0.6236489976551484,165807750.08971527,72977666.66666415,34416341.67385341,0.989507106671124,0.4716010150208685,54.82132165162177,0.9136886941936962,1.9146185038655394
555,200,40,6,800,4,0.6231739070258459,153182430.42305496,63310499.9999989,34416341.67385353,0.9895071066711273,0.5436119075643714,59.33970348228608,0.9889950580381014,2.0470584911154446
556,200,40,6,800,4,0.5555173414631739,159219001.25638342,67987333.33333112,34381508.34052025,0.9885056106025165,0.5057046166519454,57.08991972235205,0.9514986620392009,1.9115796968239311
557,200,40,6,800,4,0.5808772299735182,158993933.923052,67814999.99999832,34381508.34052013,0.9885056106025132,0.5069897270592196,57.17073460424706,0.952845576737451,1.939314588358345
558,200,40,6,800,4,0.5669899068357265,165848910.25638175,73063833.33333084,34381508.3405201,0.9885056106025123,0.47056808782075865,54.80771616737368,0.9134619361228946,1.856906313215228
559,200,40,6,800,4,0.5825773879288018,156261999.58972046,65723166.66666536,34381508.34052011,0.9885056106025127,0.5231261682033093,58.170252677337196,0.9695042112889533,1.9705825337804024
560,200,45,4,800,4,0.6670687826178989,164795762.86912373,72306666.66666391,34351027.91726127,0.9876292654140908,0.4750741460067663,55.15797155063307,0.9192995258438845,1.9664276252671966
561,200,45,4,800,4,0.6675936957601962,160040818.58972088,68617999.99999885,34381508.34052009,0.9885056106025121,0.5010566956268132,56.796760227167574,0.946612670452793,2.0150517227144396
562,200,45,4,800,4,0.5987872741979952,154802017.25638616,64606666.66666506,34381508.34052025,0.9885056106025167,0.5321665721884393,58.718873055415635,0.9786478842569273,2.003168416205674
563,200,45,4,800,4,0.6774397978746769,165155114.5897152,72533999.9999975,34381508.340520084,0.9885056106025119,0.4740054090567357,55.037956424063744,0.9172992737343957,1.9739433988544612
564,200,45,4,800,4,0.7096321417836249,168820382.4230466,75285833.33333033,34416341.67385355,0.9895071066711277,0.45714233541752985,53.84302457757673,0.8973837429596121,1.972729753077261
565,200,45,4,800,4,0.6822694986537248,164240022.75638318,71778666.66666442,34416341.673853554,0.9895071066711281,0.47947869850635244,55.34460996442309,0.9224101660737182,1.988262623532525
566,200,45,4,800,4,0.6622599970312019,170585462.5897125,76691999.99999681,34381508.3405201,0.9885056106025124,0.4483063206139041,53.285900580300556,0.8880983430050092,1.9090033965273343
567,200,45,4,800,4,0.6136829383893673,166615657.92304778,73652333.33333062,34381508.34052015,0.9885056106025139,0.46680813471202215,54.55549684410913,0.9092582807351521,1.8963877268941371
568,200,45,4,800,4,0.6617693008118751,184259500.25637642,87162166.66666228,34381508.34051996,0.9885056106025082,0.39445449390911214,49.33151336757434,0.8221918894595723,1.799524785398737
569,200,45,4,800,4,0.6615409663928414,160246731.2563864,68775666.66666526,34381508.34052015,0.9885056106025139,0.49990803443835546,56.72377794375596,0.9453962990625994,2.006863693006125
570,200,25,10,900,4,0.782666418895201,113995741.10359842,42399500.00000093,28617208.77025954,0.7313562252776703,0.6749421283330914,89.37000541749546,0.6129327286298984,1.9355528501915726
571,200,25,10,900,4,0.9406067508538262,107593952.68052518,39464333.33333411,27363689.61144741,0.6993206397087928,0.6933777236351862,94.68747774561517,0.5609493688741509,2.056258298636126
572,200,25,10,900,4,0.8885462756363176,120836047.3593797,44390500.00000061,30686540.276253793,0.7842411341876174,0.6912862048468337,84.3109338863126,0.666855277788666,2.108430517302451
573,200,25,10,900,4,0.7380081102300439,125868753.00611457,44786500.00000121,32890312.67583095,0.8405618842812067,0.7343800626490139,80.93986598488894,0.7053947058273589,2.030906866176614
574,200,25,10,900,4,0.8067622916330767,138138776.30480984,49093000.00000071,36133716.43312582,0.9234519923986616,0.7360258373520726,73.75047233312775,0.7951897298629484,2.190772691377683
575,200,25,10,900,4,0.8396268417800652,109939501.64228064,40175666.66666747,28055025.69169234,0.7169887830314098,0.6983089023627514,92.6673292839629,0.5801576000858691,1.9784315637561356
576,200,25,10,900,4,0.8117348015577089,122067597.20785443,44368500.00000132,31301611.94461531,0.7999602246572515,0.705491777829189,83.46031406395592,0.6763766156047634,2.0525048394258234
577,200,25,10,900,4,0.6868439654659427,126747445.01020302,47749166.666667625,31430795.514982913,0.8032617069628959,0.6582480430370292,80.37874056695891,0.7120225646729275,1.9254649645684936
578,200,25,10,900,4,0.9671935189869406,123452912.59875138,43387666.6666678,32602872.91300535,0.8332159246657005,0.7514318104147377,82.52377190251111,0.6870170298312921,2.2553559971500228
579,200,25,10,900,4,0.7620216273336103,122487731.29054466,44984500.00000127,31114026.82147749,0.7951662019879653,0.69166105706358,83.17404439334602,0.6796114282238133,1.9949619012082875
580,200,30,8,800,4,0.5593315192336229,130664805.66304125,52162000.00000012,30530860.743309237,0.8777953207398065,0.5853084763488587,69.56578670036674,0.8526298383773678,1.8802081386900777
581,200,30,8,800,4,0.5505316391870051,134533811.9479602,53302333.333333634,31692271.651842616,0.9111871425275424,0.5945756905922024,67.56517092904554,0.8815388705937219,1.907731062254489
582,200,30,8,800,4,0.7151930461130561,128032378.84240228,47652000.00000073,32120725.642947838,0.9235056589200709,0.6740687829041246,70.9961033465513,0.8325446798242044,2.08699275226056
583,200,30,8,800,4,0.5315363291257426,134433023.57707608,49430333.333334096,34111033.79391928,0.9807291743801091,0.6900830217731101,67.61582651444597,0.8807949368821711,1.9643976834264016
584,200,30,8,800,4,0.5702361840281233,151766257.42305604,62223333.33333259,34416341.67385338,0.9895071066711231,0.5531098999387228,59.893418697554935,0.9982236449592489,2.0109477489383503
585,200,30,8,800,4,0.5138532866764869,146400696.38901514,59236833.33333289,33701265.03449672,0.968947878640345,0.5689241496900348,62.088502474377805,0.9657904685376005,1.9347830749661155
586,200,30,8,800,4,0.4989291294560528,142764020.58972597,55385000.00000012,34381508.34052023,0.9885056106025161,0.6207729230029819,63.67010373098268,0.9406648226994643,1.9362122905579027
587,200,30,8,800,4,0.47280525637836285,144502306.58972543,56715999.999999866,34381508.340520084,0.9885056106025119,0.6062047454072953,62.90418619965692,0.9527496531043141,1.9105187058085131
588,200,30,8,800,4,0.5329081170107208,140496010.5871043,55780999.99999978,33022217.953687087,0.949424539448955,0.5919975969180764,64.69792246780227,0.9246881737191467,1.9311943682643289
589,200,30,8,800,4,0.4843867658924674,137154929.113705,52675333.33333367,33371129.22419253,0.9594561164548596,0.6335247849884003,66.27395791560885,0.9007153795228175,1.891921973406005
590,200,30,4,800,4,0.5593315192336229,134069683.32970846,52220666.66666699,32155194.076642662,0.9244966637287767,0.6157561005855114,67.79907115649758,0.8781090245797062,1.9300454242817384
591,200,30,4,800,4,0.5505316391870051,136929282.04651135,53324333.333333634,32847341.49008147,0.9443966516749696,0.6159916015217809,66.3831714016614,0.8990773663088724,1.942402286713302
592,200,30,4,800,4,0.5048130236560834,139580746.81447428,53421500.00000041,34079437.68397894,0.97982075199096,0.6379348704918184,65.12216195606,0.9181730799024826,1.933333999952021
593,200,30,4,800,4,0.5315363291257426,135032718.25639486,49465166.66666751,34381508.34052016,0.9885056106025141,0.69506504591823,67.3155374295335,0.8852142049003888,1.9728025707607155
594,200,30,4,800,4,0.5250710996216719,148902634.7563896,60030666.666665904,34416341.673853524,0.9895071066711271,0.5733126680894314,61.045259641451345,0.9827298741307456,1.9664511082239626
595,200,30,4,800,4,0.5138532866764869,147729411.42305735,59132333.3333329,34416341.67385354,0.9895071066711275,0.5820223849420303,61.53006305541457,0.9748213545024588,1.9542925491325698
596,200,30,4,800,4,0.4858320422126364,139280265.5897267,52717500.00000036,34381508.34052033,0.9885056106025188,0.6521839681418902,65.26265556367854,0.9160256375927492,1.923604854318898
597,200,30,4,800,4,0.46855648402013766,143807949.9230591,56184333.333333306,34381508.34052007,0.9885056106025115,0.6119411996319274,63.20791030581601,0.9479389554709158,1.9060483991965955
598,200,30,4,800,4,0.4772171642850395,145879048.2563903,57770166.66666603,34381508.34052023,0.9885056106025161,0.5951429660728106,62.31052442859502,0.9622232944128893,1.9155548315561775
599,200,30,4,800,4,0.4843867658924674,138571563.19039342,52715666.666667014,34036799.66994913,0.97859486289744,0.6456676320755166,65.59643111993239,0.910944002299046,1.9118648738519266
600,200,40,10,700,4,0.6066461015295445,153481622.36465037,70029666.66666445,30279670.26093678,0.994940939719516,0.4323834697809653,52.070077686647245,0.8678346281107874,1.8203875054651042
601,200,40,10,700,4,0.5758485482059076,147109879.2868389,65108999.99999902,30306340.631288305,0.9958172849079391,0.46547083554176477,54.325379360942634,0.9054229893490439,1.8536482059883634
602,200,40,10,700,4,0.6356608568794313,153234583.9535021,69798666.66666484,30306340.631288253,0.9958172849079374,0.4341965553012815,52.1540228961959,0.8692337149365983,1.8522518160570547
603,200,40,10,700,4,0.6255061956755806,153148387.95350134,69732666.66666467,30306340.631288115,0.9958172849079329,0.4346075100807223,52.18337657218081,0.8697229428696802,1.8429151466098386
604,200,40,10,700,4,0.6006679098157313,154814387.4535015,70953666.66666484,30341173.96462156,0.9969618518434933,0.4276195352547767,51.62181714151301,0.8603636190252169,1.8031271570447696
605,200,40,10,700,4,0.6013291774704086,148277857.45350397,65948666.66666529,30341173.964621488,0.996961851843491,0.46007259127738925,53.897460735201264,0.8982910122533544,1.8676782627456743
606,200,40,10,700,4,0.6257015873119381,161894887.62016666,76429833.33333112,30306340.6312882,0.9958172849079358,0.39652501267553564,49.364128277788126,0.8227354712964687,1.7656570687488355
607,200,40,10,700,4,0.60181216499387,156649325.36465138,72455166.66666493,30279670.260936573,0.994940939719509,0.4179090554058114,51.017136405768305,0.8502856067628051,1.7864250160813242
608,200,40,10,700,4,0.5734057154525244,155315259.6201676,71391833.33333133,30306340.631288186,0.9958172849079352,0.4245071069934101,51.45534327756594,0.8575890546260989,1.7706004556733514
609,200,40,10,700,4,0.633164455571459,151757280.28683758,68667499.99999881,30306340.631288175,0.9958172849079349,0.44134911903431323,52.66172393768944,0.8776953989614906,1.8639391497604003
610,200,45,10,700,4,0.7058989809671331,162470088.62016454,76871666.66666394,30306340.631288223,0.9958172849079364,0.3942459158938833,49.189361979630995,0.8198226996605166,1.8411184133427563
611,200,45,10,700,4,0.627789746855377,152049949.95350286,68892999.99999848,30306340.631288294,0.9958172849079387,0.43990449873410886,52.560359292744955,0.8760059882124159,1.8557193340550802
612,200,45,10,700,4,0.6458694141461739,161852350.6201652,76398666.66666411,30306340.63128816,0.9958172849079344,0.3966867741752366,49.37710184237695,0.8229516973729492,1.7861705308593123
613,200,45,10,700,4,0.6474078894171744,151956570.95350155,68821499.99999808,30306340.631288163,0.9958172849079345,0.44036152410640583,52.59265821709992,0.8765443036183319,1.876241412320631
614,200,45,10,700,4,0.6770734333174799,159720937.4534999,74711999.99999775,30341173.964621574,0.9969618518434937,0.40610844261460655,50.03601986950947,0.8339336644918245,1.8358938519009897
615,200,45,10,700,4,0.6457474444576036,150761342.120171,67851666.66666538,30341173.964621544,0.9969618518434927,0.44716917734207634,53.009610339166265,0.8834935056527711,1.8869762919840356
616,200,45,10,700,4,0.6286217532877783,165134981.62016493,78912166.6666638,30306340.63128821,0.9958172849079361,0.38405155898591026,48.39556053836207,0.8065926756393679,1.7424556761158745
617,200,45,10,700,4,0.6160103863452627,157547761.36464953,73144499.9999977,30279670.26093673,0.9949409397195143,0.41397056868168736,50.72620474436773,0.8454367457394621,1.7926235870300746
618,200,45,10,700,4,0.637901748114997,164019222.28683007,78057833.33333017,30306340.63128827,0.9958172849079381,0.38825495580784547,48.7247768192942,0.8120796136549033,1.7605853264161766
619,200,45,10,700,4,0.6849016426348018,154755546.62016773,70964666.66666467,30306340.63128819,0.9958172849079354,0.42706239675081087,51.64144468188327,0.8606907446980545,1.887242304733505
620,200,35,6,900,4,0.5997051983114703,164445422.70693952,65647999.999998935,38422385.57358576,0.9819424076209808,0.5852788443453935,61.952469289192805,0.9679826118615112,2.0359108856492965
621,200,35,6,900,4,0.5338858846906013,161689259.73376492,65398666.666665465,37236180.771320924,0.9516271426503368,0.56937217024794,63.00851408915519,0.9510944532084666,1.94047807409742
622,200,35,6,900,4,0.5443793474876001,147042872.9616601,55804833.333333336,36203071.72360195,0.9252244721625991,0.6487443750141466,69.28455487030891,0.8566356632524177,1.920010510751335
623,200,35,6,900,4,0.5965239678467323,156161854.89260575,59251499.9999993,38456676.049752094,0.9828187528094062,0.6490413921968651,65.23872303518849,0.9163910906341867,2.032148172238411
624,200,35,6,900,4,0.5944062765862534,168061235.0592699,68308166.66666542,38491509.38308533,0.9837089715370589,0.5634979133742335,60.619571172418695,0.9897269458128365,2.0349315530984766
625,200,35,6,900,4,0.587388276965506,164250772.48805982,65957833.33333194,38129905.06982219,0.9744676242164532,0.5780951729739908,62.02588788884144,0.9667988707835302,2.016663286128229
626,200,35,6,900,4,0.5146249929102087,154167977.50166976,59321166.66666624,37439173.82544583,0.9568149383928993,0.6311267281006403,66.08246514675629,0.9035946464349672,1.9231210218256884
627,200,35,6,900,4,0.5017438961435012,152006299.42760172,57291666.6666667,37677753.096275635,0.9629121939409288,0.6576480540440833,67.02222235764836,0.8895522441659873,1.9174145835447554
628,200,35,6,900,4,0.5202304688988257,162815707.2259366,64346333.333331995,38456676.04975205,0.982818752809405,0.5976513976411946,62.572586967070464,0.9580297478564341,1.9563813348682155
629,200,35,6,900,4,0.5424003287322634,140650828.24597988,53225333.33333376,34727611.63786168,0.887516849189379,0.652463957724293,72.43327413744676,0.8128398009731281,1.877211295884826
630,200,45,2,700,4,0.6968848152598033,158189020.62016457,73593666.66666387,30306340.631288268,0.9958172849079379,0.4118063687267847,50.520573227325954,0.8420095537887659,1.8683394640299968
631,200,45,2,700,4,0.627789746855377,151896712.62016827,68775666.66666473,30306340.631288297,0.995817284907939,0.44065498889562416,52.61338354296207,0.8768897257160345,1.857203463687911
632,200,45,2,700,4,0.6144187919156482,152172060.95350167,68986499.99999817,30306340.631288163,0.9958172849079345,0.4393082796096188,52.518182049476266,0.8753030341579378,1.841168449761281
633,200,45,2,700,4,0.6474078894171744,150424197.6201692,67648166.66666496,30306340.63128816,0.9958172849079344,0.44799943774710216,53.12842033686502,0.8854736722810836,1.8912811118959398
634,200,45,2,700,4,0.6770734333174799,159754458.12016606,74737666.66666427,30341173.964621548,0.996961851843493,0.40596897545578337,50.02552100291705,0.8337586833819509,1.8356072970640578
635,200,45,2,700,4,0.6457474444576036,149686286.45350367,67028499.999998495,30341173.964621577,0.996961851843494,0.45266079301524365,53.39032846193599,0.8898388076989331,1.8977148865687314
636,200,45,2,700,4,0.6286217532877783,163178811.28682998,77414333.33333018,30306340.63128829,0.9958172849079386,0.3914822917972493,48.975721400202474,0.8162620233367079,1.7580696100622857
637,200,45,2,700,4,0.5952349401116916,157133119.6201651,72785166.666664,30306340.63128827,0.9958172849079381,0.4163807272721234,50.86006068815044,0.8476676781358407,1.776007200065231
638,200,45,2,700,4,0.637901748114997,164107812.6201636,78125666.66666357,30306340.63128828,0.9958172849079383,0.3879178498481866,48.69847371920954,0.8116412286534923,1.7598772566470386
639,200,45,2,700,4,0.6631645787052833,153328523.9535011,69871999.99999796,30306340.631288268,0.9958172849079379,0.43374084942880053,52.12206961845937,0.8687011603076562,1.87885841855598
640,200,50,8,800,4,0.7472468919878946,179873440.86911795,83852999.99999553,34351027.91726141,0.9876292654140947,0.40965770953052655,50.53441995705219,0.8422403326175364,1.9172133922298524
641,200,50,8,800,4,0.6944996505000028,166968185.92304978,73923666.6666645,34381508.340520136,0.9885056106025134,0.4650947374614509,54.440311187121566,0.9073385197853594,1.973913960254523
642,200,50,8,800,4,0.7154588650895471,181863333.5897094,85328833.33332898,34381508.34051993,0.9885056106025074,0.40292954910342943,49.98148786003744,0.8330247976672907,1.8708273020395814
643,200,50,8,800,4,0.6997664202182623,165857215.2563819,73072999.9999975,34381508.34052013,0.9885056106025132,0.47050905725125974,54.80497177013974,0.9134161961689956,1.9895898621882657
644,200,50,8,800,4,0.7031354705486008,181407953.7563792,84925499.99999656,34416341.67385348,0.9895071066711258,0.40525332996396696,50.106954032495715,0.8351159005415952,1.8624540350613694
645,200,50,8,800,4,0.7041269082640019,165804083.42304906,72977666.6666642,34416341.67385352,0.989507106671127,0.4716010150208696,54.8225339951814,0.9137088999196901,1.9951166202003878
646,200,50,8,800,4,0.6549539871317445,179203229.25637555,83291999.99999566,34381508.34052027,0.9885056106025173,0.4127828403750908,50.72341630069487,0.8453902716782479,1.830570531110065
647,200,50,8,800,4,0.6802965693188489,182386090.61505616,85730333.33332911,34380726.50808793,0.9884831320731212,0.4010333935645839,49.83823036804336,0.8306371728007227,1.8317604569712387
648,200,50,8,800,4,0.6408290040518422,179615054.58970892,83607333.33332902,34381508.340519965,0.9885056106025084,0.411225989034316,50.60711654022347,0.8434519423370579,1.813261737616353
649,200,50,8,800,4,0.7411451371680806,168474221.58971345,75076833.33333047,34381508.34052015,0.9885056106025137,0.45795096588412487,53.95365483353565,0.8992275805589275,2.006733490434308
650,200,25,6,900,4,0.47000052809839904,137805362.6739136,50719166.666667104,34934503.5011775,0.8928042849211466,0.6887830734832762,73.92890815219732,0.7928284039665701,1.81385539085159
651,200,25,6,900,4,0.4739458856180945,143463191.4621347,53058500.00000036,36204713.09360674,0.9252664198654873,0.6823546292037372,71.01333726211536,0.8323055807523684,1.8521351697334527
652,200,25,6,900,4,0.4266694527561101,117283278.35938159,41871500.00000122,30558206.94292059,0.7809613809804697,0.7298092244825167,86.86489789944612,0.6390655176518228,1.6495823499939464
653,200,25,6,900,4,0.4626677642341704,139174352.36575237,47433833.33333438,37696648.462217435,0.9633950937101333,0.7947206838062129,73.20170582311246,0.8024959823682456,1.9009402936473863
654,200,25,6,900,4,0.4974916891147102,150856957.4335031,56437333.33333363,37659573.82471238,0.9624475950509555,0.66728124098786,67.5328481584333,0.8820138948447326,1.9133305767497308
655,200,25,6,900,4,0.45335396115278564,133053001.85713573,49791500.00000073,33206427.29321623,0.8486406733476743,0.6669095587241948,76.56948627840087,0.7586929683995379,1.7455745765316792
656,200,25,6,900,4,0.48533672298141095,137932015.843536,49269000.000000894,35920628.84831643,0.9180062155959396,0.7290716038140774,73.86102448873503,0.7937259131985909,1.8623199192312638
657,200,25,6,900,4,0.5119584888494668,131954610.93208483,47987500.00000112,33820206.24633873,0.864326726516391,0.7047711642894076,77.2068511137024,0.7506762200835071,1.8264516403645
658,200,25,6,900,4,0.4680665491535871,136669571.62272453,51327833.33333374,33992234.2391688,0.8687231630972025,0.6622573374257995,74.54329357322752,0.7847514573131914,1.7826238764074183
659,200,25,6,900,4,0.5604692904713131,120648784.60507908,43728666.666667946,31016990.04640067,0.7926862798507981,0.7093056434314583,84.44179552531615,0.6654024331343624,1.793316238350842
660,200,30,10,900,4,0.5029235925438389,123909643.84058173,48942666.66666748,29286003.501177028,0.7484482901892466,0.5983736787501678,82.21958908305236,0.6905088532439863,1.6721313887879594
661,200,30,10,900,4,0.517401639992719,158468490.1425482,65429833.333332755,35643547.003034346,0.9109249682917274,0.5447598623925578,64.28912139464256,0.9310099106666331,1.8842194405733985
662,200,30,10,900,4,0.7141589432614195,130590350.80481008,48379833.33333407,32905216.433125738,0.84094277243019,0.6801432366748934,78.01342087844938,0.7406525320249222,1.9989260646262563
663,200,30,10,900,4,0.8241463166704569,136275521.21259922,50271833.333334,34473893.05967003,0.8810326856527205,0.6857496688272009,74.7588408347111,0.7819373313564298,2.1546833830886474
664,200,30,10,900,4,0.8811884250495746,153754532.39260715,57352166.66666647,38491509.383085564,0.9837089715370649,0.6711430730559851,66.26016053943559,0.9009225284881117,2.3190254119824747
665,200,30,10,900,4,0.8572963885438238,140664066.97984514,53307833.333333574,34680593.77574969,0.8863152363266115,0.65057218812275,72.42645701023095,0.8129321600920495,2.1906862991340734
666,200,30,10,900,4,0.5376642018349221,148854011.88859886,57799500.000000134,35814721.76115103,0.9152995991638041,0.6196372245633777,68.44155472023466,0.8687563448802039,1.9021303263658282
667,200,30,10,900,4,0.8499137584631036,140970875.843534,52851333.333333574,35121295.514983,0.8975780384771109,0.6645299806056517,72.26882814651456,0.8150706608186323,2.196608403766257
668,200,30,10,900,4,0.8357645983914677,143069952.96927327,54851499.99999992,34870860.89276405,0.891177801422013,0.6357321293449422,71.20852274403141,0.8296024138626709,2.1739527157300924
669,200,30,10,900,4,0.7947426499059813,145639117.06811145,54418833.33333372,36400498.16240957,0.930270004597838,0.6688952322708615,69.95236036232933,0.8471540931612747,2.1770129288839453
670,200,30,8,900,4,0.5029235925438389,125223162.9714774,48950000.000000894,29922383.099792138,0.7647119371725456,0.6112846394237302,81.35715276829828,0.7005058611547932,1.6924571652376164
671,200,30,8,900,4,0.5057115928035506,151582171.90043533,59432999.999999665,36105014.104654126,0.9227184608101597,0.6074910252663391,67.20975080560079,0.8867763119492164,1.8784807249658382
672,200,30,8,900,4,0.4864874104106649,147075575.6871149,54374833.333333276,37129596.561143234,0.9489032213114125,0.6828452481597174,69.26914922755961,0.8568556418753828,1.8896192508138216
673,200,30,8,900,4,0.5189190684523359,142757086.52603745,51866833.33333347,36620547.67823554,0.9358937041193622,0.7060494216580688,71.36458334866514,0.8274474134279712,1.9112060192067624
674,200,30,8,900,4,0.4870791558464953,161366118.05927286,63180333.33333279,38491509.383085266,0.9837089715370573,0.6092324518138913,63.134690990445876,0.9490964522755059,1.9235615695731143
675,200,30,8,900,4,0.5332233955575432,138311152.8435343,51976833.33333364,34380628.84831639,0.8786491771101268,0.661460628580993,73.65855746662048,0.7964088260311891,1.858800724453527
676,200,30,8,900,4,0.5376642018349221,151830234.2219324,57823333.33333356,37252055.0944845,0.9520328350838985,0.6442391496134955,67.09994259185788,0.8884007199871032,1.9414562415128218
677,200,30,8,900,4,0.4950127207506381,149252505.3792635,56143999.99999992,37064393.05967018,0.9472368468199289,0.6601665905469905,68.25882067514995,0.8714062340582418,1.8945522272464723
678,200,30,8,900,4,0.46712530950792186,158389565.94456604,62375499.99999916,37551812.076412454,0.959693579937229,0.602028233463667,64.32115612694827,0.9305129657865371,1.8792608620653926
679,200,30,8,900,4,0.5952898331494536,126146909.17687076,47397166.66666793,31362962.18164952,0.8015281231248288,0.6617054222295007,80.76139214569,0.7074960712892868,1.832150242222341
680,200,45,8,900,4,0.6948532617403648,171160255.37360188,70792333.33333118,38422385.57358589,0.9819424076209841,0.5427478339027351,59.52199579138551,0.9920332631897585,2.1210847920523115
681,200,45,8,900,4,0.6544961864837292,172637719.99043056,71892333.33333158,38442329.261642046,0.9824520988536952,0.5347208454537524,59.0125958600746,0.9835432643345766,2.0658161271813076
682,200,45,8,900,4,0.6325826292718333,171003054.89259833,70618166.6666641,38456676.04975222,0.9828187528094093,0.5445719970510934,59.576713447596816,0.9929452241266136,2.0611854510393215
683,200,45,8,900,4,0.6380260252615213,162902696.16311526,64679999.999998584,38288246.05325567,0.9785142684884484,0.5919642246947512,62.53917362913936,0.9585634126338747,2.070160817651197
684,200,45,8,900,4,0.6601421624867152,178935024.7259306,76636999.9999973,38491509.38308535,0.9837089715370595,0.5022575176884103,56.935750927490844,0.9489291821248474,2.010877358762291
685,200,45,8,900,4,0.7479691643035056,178243062.392598,76107166.66666418,38491509.3830854,0.9837089715370608,0.5057540711201528,57.15678278440011,0.9526130464066684,2.1051854676062964
686,200,45,8,900,4,0.6316592770050764,180929960.89259747,78219166.6666641,38456676.04975204,0.9828187528094048,0.49165284787087526,56.30797657690104,0.938466276281684,1.9634478315834607
687,200,45,8,900,4,0.685897745321067,179787863.89259464,77344666.66666336,38456676.04975214,0.9828187528094072,0.49721173685434605,56.665671305189974,0.9444278550864996,2.028094989891043
688,200,45,8,900,4,0.593893127539582,180951509.89259517,78235666.66666345,38456676.04975207,0.9828187528094056,0.49154915767003515,56.30127102032488,0.9383545170054147,1.9254869706810247
689,200,45,8,900,4,0.6167307282579483,164670043.22593525,65768999.99999833,38456676.04975218,0.9828187528094084,0.5847234418913646,61.86796214064174,0.9693469299308122,2.0538564117018523
690,200,50,10,900,4,0.776746780246539,182357544.55926213,79313666.66666354,38456676.04975193,0.9828187528094019,0.4848682158571256,55.86717031435567,0.9311195052392611,2.0957608581715004
691,200,50,10,900,4,0.6985318160793882,177156387.99042535,75353666.66666363,38442329.26164217,0.9824520988536983,0.510158708423528,57.5073815602439,0.9584563593373984,2.065115142155609
692,200,50,10,900,4,0.6583528346719139,176649453.8925968,74942999.99999717,38456676.04975203,0.9828187528094046,0.5131456713736238,57.67241152182786,0.9612068586971311,2.030076230467944
693,200,50,10,900,4,0.6804057305976426,180437289.2259311,77843333.33333078,38456676.049752034,0.9828187528094047,0.4940265839475009,56.46172165246586,0.9410286942077644,2.0166556919634075
694,200,50,10,900,4,0.7270025734315729,192324697.7259251,86890833.33332916,38491509.383085355,0.9837089715370596,0.4429869976666569,52.97187579370728,0.882864596561788,1.9642567681266865
695,200,50,10,900,4,0.7482335161973463,184258188.72592917,80714333.33333036,38491509.38308528,0.9837089715370577,0.47688567561011513,55.29089410052555,0.9215149016754258,2.051256958360864
696,200,50,10,900,4,0.6825503857323434,190529404.2259261,85570833.33332962,38456676.04975206,0.9828187528094053,0.4494133637795635,53.4710116865715,0.8911835281095251,1.9332646048655193
697,200,50,10,900,4,0.6426313034748382,185965804.89259273,82076499.9999963,38456676.04975206,0.9828187528094053,0.46854673444595946,54.78318987667713,0.9130531646112855,1.9305218556428914
698,200,50,10,900,4,0.6432819178303002,184648921.5592582,81068166.6666626,38456676.04975212,0.982818752809407,0.47437456193969346,55.17389386284877,0.9195648977141462,1.9423464650962012
699,200,50,10,900,4,0.6652263078310819,170649254.5592662,70348666.66666448,38456676.04975211,0.9828187528094066,0.5466582079227273,59.70023148540501,0.9950038580900835,2.0975567322593474
700,200,40,10,600,4,0.683722834850612,136688822.53801447,64018166.66666565,25915697.1879057,0.9934724918289412,0.40481785932492254,50.43426281679154,0.8405710469465256,1.8481481692570756
701,200,40,10,600,4,0.6132386101844154,139637964.8934635,66009166.66666579,26085973.593688294,0.999999999999991,0.39518713704443026,49.36909532632913,0.8228182554388188,1.7522065752587785
702,200,40,10,600,4,0.8013998205059498,132859607.22679712,60818999.999999136,26085973.593688335,0.9999999999999926,0.4289115834474211,51.88785473550275,0.8647975789250458,2.0093266661889326
703,200,40,10,600,4,0.6161131357368561,140857726.4363532,66978999.99999891,26063113.27624409,0.9991236548115662,0.38912365482083205,48.941582222079774,0.8156930370346629,1.7431050966281847
704,200,40,10,600,4,0.6368043012796605,150287959.5601245,74163833.33333093,26085973.593688183,0.9999999999999867,0.35173442932007326,45.870607467007716,0.7645101244501286,1.6827019691858478
705,200,40,10,600,4,0.5799828826678314,133489316.89346369,61301166.6666657,26085973.593688242,0.999999999999989,0.4255379630135694,51.64308395930937,0.8607180659884895,1.7811313190671765
706,200,40,10,600,4,0.5745888104202453,134918733.89346325,62395666.66666562,26085973.59368823,0.9999999999999886,0.41807348149746515,51.09594346952289,0.8515990578253815,1.760646653443599
707,200,40,10,600,4,0.6072507021930773,145300563.2267926,70344999.99999805,26085973.59368823,0.9999999999999886,0.37082910787815704,47.44510170438777,0.7907516950731295,1.6946656835687324
708,200,40,10,600,4,0.582637377969747,149686981.89345622,73703666.66666391,26085973.593688264,0.9999999999999898,0.35393047284426243,46.0547731859999,0.7675795530999984,1.6333613093451553
709,200,40,10,600,4,0.6049226241356999,146251113.56012458,71072833.3333311,26085973.593688246,0.9999999999999892,0.3670315698734735,47.136735113923926,0.7856122518987321,1.6841601319332107
710,200,30,10,800,4,0.5593315192336229,126820129.66304097,52129000.00000005,28675527.409975734,0.8244524775063532,0.5500878092803565,71.67474141645692,0.8231811249439693,1.8225828916018774
711,200,30,10,800,4,0.5505316391870051,136351952.6414247,54184166.666666776,32017535.858837206,0.920538840840423,0.5909020628812933,66.66424516782794,0.8948754317492423,1.918128721241282
712,200,30,10,800,4,0.7449833465334963,123521761.55198278,47971000.000000596,29716025.159580484,0.8543679149885246,0.619458113434786,73.58865260494733,0.7973372475829859,2.0378870848643107
713,200,30,10,800,4,0.5387529272373732,127767124.61573943,48728166.666667484,31305338.676949747,0.900062400331228,0.642448522455169,71.14349663372045,0.8305019982131814,1.8832137434146898
714,200,30,10,800,4,0.5702361840281233,151775834.75638938,62230666.66666593,34416341.67385339,0.9895071066711232,0.553044720831966,59.8896393130682,0.9981606552178034,2.0108326159114993
715,200,30,10,800,4,0.7801436712029938,123027004.77272141,45543666.66666811,31021706.249902356,0.8919076607919296,0.6811420449949434,73.88459157233314,0.7934142110026903,2.1184715182016385
716,200,30,10,800,4,0.4989291294560528,141077828.89584994,55361166.666666664,33573765.36319349,0.9652821249687795,0.606449744192412,64.43110211676495,0.9288094242585362,1.9128983490685187
717,200,30,10,800,4,0.48418289217500937,143396416.87898803,56398833.33333307,34043943.6533214,0.9788002601585374,0.6036285086273337,63.38931054093817,0.9450773443017377,1.912163043378614
718,200,30,10,800,4,0.8303041358596059,149621391.25638884,60635666.66666569,34381508.34052016,0.9885056106025141,0.5670178993747472,60.75200827683699,0.9875447455533892,2.271463200912793
719,200,30,10,800,4,0.8641379413324519,137741397.32592028,53482000.00000022,33143194.40015591,0.9529027433398601,0.6197074604568971,65.99178007822833,0.9049613880741714,2.2648652977721406
720,200,35,8,700,4,0.6093558933692218,147925785.95350412,65732333.33333205,30306340.631288227,0.9958172849079365,0.4610568208130269,54.02573965374755,0.9004289942291258,1.8786303442487693
721,200,35,8,700,4,0.5479933324904052,141856150.95350707,61084833.33333271,30306340.631288253,0.9958172849079374,0.4961352757714855,56.33735263703362,0.9389558772838936,1.8838574303914872
722,200,35,8,700,4,0.547296975083704,147681563.9535051,65545333.333332285,30306340.631288033,0.9958172849079302,0.4623722100422382,54.11508238439346,0.901918039739891,1.8191127828573856
723,200,35,8,700,4,0.5279286580576288,139127033.03132445,59036999.99999951,30279670.26093671,0.9949409397195136,0.5128931053565893,57.442466973335414,0.9573744495555903,1.8956175918984906
724,200,35,8,700,4,0.5518747233784298,145032974.78683951,63462666.66666587,30341173.964621585,0.9969618518434942,0.47809484785735396,55.10333089248051,0.9183888482080085,1.8527394498723215
725,200,35,8,700,4,0.5690193857868932,142329772.45350718,61392833.33333281,30341173.964621462,0.9969618518434901,0.4942136128476731,56.14988250339939,0.9358313750566565,1.9002216511216883
726,200,35,8,700,4,0.5064227508301978,141499395.28683951,60811666.666665815,30306340.63128829,0.9958172849079386,0.4983639208148992,56.47939331330341,0.9413232218883902,1.8464371093705074
727,200,35,8,700,4,0.545315249220432,146649606.28683826,64755166.6666656,30306340.63128815,0.9958172849079341,0.4680142479949654,54.49588445787229,0.9082647409645382,1.8279913885809425
728,200,35,8,700,4,0.5102651802424761,146558621.6201711,64685499.99999874,30306340.63128816,0.9958172849079344,0.4685183021123552,54.52971590243229,0.9088285983738714,1.7939084203062317
729,200,35,8,700,4,0.5370580876718275,140673350.28684023,60179166.666665964,30306340.631288227,0.9958172849079365,0.503601866060324,56.81104476224037,0.9468507460373395,1.8867903265574264
730,200,20,8,800,4,0.7554703278582349,102702430.7957291,37222166.66666726,26404643.46627298,0.7591621040548848,0.7093795399588747,88.5061816898885,0.621820988089411,1.9447949479147455
731,200,20,8,800,4,0.8199075324609952,111258098.79572906,39378166.66666723,29205976.79960666,0.8397034720990737,0.7416794450293412,81.70011979702224,0.6965131099797066,2.109764198464175
732,200,20,8,800,4,0.896595945106833,95079839.25242257,35519000.000000365,23770062.755370617,0.6834150545502863,0.66922105789494,95.60176028345985,0.5524663947671185,1.9844391861899036
733,200,20,8,800,4,0.8551316262602824,106938235.62862977,37244166.66666706,28457875.69316509,0.8181947548638877,0.7640894733358188,85.00046729372498,0.6592354959036082,2.1256387008325457
734,200,20,8,800,4,0.9620019898395922,109138914.12320074,39259000.000000745,28247678.60250432,0.8121513607988978,0.7195210933162786,83.28651675734137,0.6783386631218324,2.2159575276144476
735,200,20,8,800,4,0.7653031883801528,117118036.60925543,42779000.000000834,29898241.065195624,0.8596068196711706,0.6988999524344899,77.6122983544079,0.7456206606415194,2.0700438109692643
736,200,20,8,800,4,0.962557981133908,107607103.51227146,37181833.33333367,28824042.221703473,0.8287224392310233,0.7752184235590825,84.472118506223,0.6650662350080079,2.247798954989182
737,200,20,8,800,4,0.8196867394073001,131143550.3507104,47595166.66666735,33673546.12853823,0.9681509300658859,0.7074992795880061,69.31183406039884,0.8562462796581063,2.241932442735811
738,200,20,8,800,4,0.8603669923887725,127974666.11339541,48779500.00000041,31372119.30050146,0.9019824156024195,0.6431414692750274,71.02812045585442,0.8321005371025663,2.206980704911361
739,200,20,8,800,4,0.9178009978113721,107911992.87126167,39545000.00000042,27466596.488332476,0.7896944038628293,0.6945655958612261,84.23345504186985,0.667716953621555,2.141170428121908
740,200,35,10,900,4,0.6034322407240166,166711343.63572866,68396166.66666538,37776614.59365573,0.9654387496273921,0.5523206406839044,61.110418630304935,0.9816632253349745,2.0269519786061148
741,200,35,10,900,4,0.5589015544642181,165982224.23376578,69793166.66666576,36530347.43798747,0.9335885000110031,0.5234086542090501,61.378861784932596,0.9772810228638528,1.954909500695311
742,200,35,10,900,4,0.863671723112023,152007268.49643448,58705166.66666624,36777283.63255376,0.9398993294350848,0.6264743926438167,67.02179508106198,0.8895585789359813,2.254409816163058
743,200,35,10,900,4,0.5965239678467323,156130728.55927294,59227666.66666614,38456676.049752034,0.9828187528094047,0.6493025677710142,65.25172907351379,0.9161924685349239,2.0321584905984675
744,200,35,10,900,4,0.5944062765862534,168183346.05926955,68401666.66666533,38491509.383085355,0.9837089715370596,0.5627276535623319,60.57555779874729,0.9904532325313197,2.0350416319674385
745,200,35,10,900,4,0.5845445425064009,163091071.78478044,66161333.33333219,37434213.657777146,0.9566881737761249,0.5658019839046643,62.466938799961454,0.9597181353271701,1.9969042649573026
746,200,35,10,900,4,0.5672102423519748,154056061.2748891,59135999.999999374,37502576.18751843,0.958435282031979,0.63417505728353,66.13047169771174,0.9028719612131095,1.9774222493919085
747,200,35,10,900,4,0.513956950048925,143956090.67686638,55929499.99999989,34617128.848316416,0.8846932937347344,0.6189422191923132,70.77019077204748,0.8356852938490242,1.8447960192517998
748,200,35,10,900,4,0.5202304688988257,163687244.55926982,65013666.66666535,38456676.04975199,0.9828187528094035,0.5915167997972647,62.23942511483282,0.9633641938544261,1.9568081025910637
749,200,35,10,900,4,0.5424003287322634,136883115.85937175,53152000.00000036,32935547.678235125,0.8417179334568736,0.6196483232660088,74.42700245417075,0.786273926002357,1.8243929133474275
750,200,20,8,600,4,0.8532131049182259,88913441.79797015,34151333.33333361,21632324.938003432,0.8292703686258943,0.6334254866965641,77.53383358687373,0.7465963810298403,2.1065498753053173
751,200,20,8,600,4,0.8995052618806016,106973216.3701504,43554500.00000106,24452841.72937011,0.9373942529515726,0.5614308907086412,64.44416867999897,0.9286071738307451,2.2772571482782595
752,200,20,8,600,4,0.8447940624120615,103942267.27040204,40392000.00000059,24989335.580152728,0.9579606254833773,0.6186704193937503,66.32335604211931,0.8999741238322478,2.2397045217593097
753,200,20,8,600,4,0.808627890061876,109805090.58575252,43231833.333334,26040580.568935946,0.9982598684848946,0.6023473575166959,62.78215302428326,0.9546894094826265,2.245195185557859
754,200,20,8,600,4,0.6794578256993855,114089230.10302936,46476833.33333461,26063113.27624409,0.9991236548115662,0.5607764429499293,60.42463424264051,0.9929477472915499,2.1210267273508787
755,200,20,8,600,4,0.9377696840862505,105472375.28659107,43358333.333333835,23845400.335084904,0.9141081221079772,0.549961183972738,65.36119037110966,0.9145225320023652,2.292261163266806
756,200,20,8,600,4,0.8345510274403323,96572945.11989543,36402666.66666703,23935527.470258933,0.9175631258037502,0.6575212659400053,71.3843819450814,0.8271744201812385,2.187742460373575
757,200,20,8,600,4,0.8216363996503512,115644500.893471,47631833.33333415,26085973.59368837,0.9999999999999939,0.5476583991872647,59.61200011015143,0.9935333351691905,2.2532964541693534
758,200,20,8,600,4,0.6944280464306702,104774227.56013674,39308500.00000067,26085973.593688328,0.9999999999999923,0.6636216999806119,65.79671509430314,0.9079082804180878,2.1332336868332478
759,200,20,8,600,4,0.9182056145714509,106362305.70495425,40586333.333333805,26046553.296706866,0.9984888316765298,0.6417567480853135,64.81431513080572,0.922896130470387,2.3545071435100886
760,200,25,10,700,4,0.7603711221502722,107324398.53877263,42900000.0000009,25042296.342330694,0.8228493124549062,0.5837365114762277,74.4639626106345,0.7857897283623656,2.0131500596936203
761,200,25,10,700,4,0.937329717373805,115079663.08529541,44386833.33333431,27879514.601573978,0.9160757107846992,0.628103257382783,69.4458063722049,0.8543365243449978,2.2941488476250296
762,200,25,10,700,4,0.8868636049709236,100334578.69131842,39985000.00000058,23488938.681299496,0.77180849471586,0.5874437584418947,79.6515030435016,0.7207052368606899,2.0775238485851295
763,200,25,10,700,4,0.8980394514466552,115141370.8785001,43307000.00000099,28597899.241172824,0.9396806669233605,0.6603528122745091,69.40858823396445,0.8548666356570831,2.2811883369233454
764,200,25,10,700,4,0.8816217608199048,132417203.52087268,53832166.66666689,30320673.75347559,0.9962882480966145,0.5632445363238608,60.353185141387364,0.9941308719973019,2.326348261876295
765,200,25,10,700,4,0.9175401912053729,123493769.41036117,48495333.33333396,29367267.322446015,0.9649608564094289,0.6055689342434111,64.71419601294869,0.9244374084819894,2.3264327470820914
766,200,25,10,700,4,0.8995363536539596,122203743.84877232,47901333.33333412,29116285.593998358,0.9567140031708621,0.607838729485565,65.39734175321084,0.9139716770788444,2.299779014321256
767,200,25,10,700,4,0.8639202113536865,120505641.69131991,47019500.00000103,28849605.347966198,0.9479513220615448,0.6135668254227622,66.31888671628603,0.9000411642891126,2.2548148359810085
768,200,25,10,700,4,0.9089786872728528,113600835.71042861,44161333.33333451,27301513.442536462,0.8970835285259098,0.618222127408647,70.34983457666895,0.8415606090378952,2.2451169982376658
769,200,25,10,700,4,0.8774644093001105,122497882.16569929,47367833.33333421,29599882.137154404,0.9726042025999327,0.6248941539896031,65.24031157689508,0.9163668288642446,2.2937465613560377
770,200,30,10,600,4,0.5669123351832941,116308328.61731665,49885000.000000566,24975606.93865973,0.9574343410629899,0.5006636652031562,59.27176567623388,0.9878627612705647,1.9553060286163837
771,200,30,10,600,4,0.5083212792579442,128895863.56013297,57781166.6666664,26085973.593688365,0.9999999999999937,0.4514615245513414,53.48348511419747,0.8913914185699578,1.7608819174689754
772,200,30,10,600,4,0.716361928366687,112217126.1496954,46781166.666667804,24957258.410455756,0.9567309543123258,0.5334894400621721,61.43269068220308,0.9764046500444187,2.1195581304608435
773,200,30,10,600,4,0.8974660325776932,121969057.22680159,52477333.33333346,26085973.593688298,0.9999999999999911,0.4970903042651094,56.52089273085855,0.9420148788476425,2.237153154837423
774,200,30,10,600,4,0.8071640539194777,128359532.89346644,57370499.99999983,26085973.593688264,0.9999999999999898,0.4546931540371505,53.706957672723796,0.8951159612120633,2.0660345383612615
775,200,30,10,600,4,0.9096821652905386,115485202.56013715,47512666.66666737,26085973.593688294,0.999999999999991,0.5490319829172833,59.69422789391705,0.9949037982319509,2.343811549856316
776,200,30,10,600,4,0.48155412141096837,130851930.849591,59302833.333333,26070732.316378318,0.9994157290217491,0.43962034950064444,52.68397611896262,0.878066268649377,1.711316669660861
777,200,30,10,600,4,0.7886012329994241,132992567.89346531,60917999.99999956,26085973.593688354,0.9999999999999933,0.42821454403769893,51.835979327223235,0.8639329887870539,1.9951058570166371
778,200,30,10,600,4,0.8306021686361346,130193592.22679861,58774833.333332784,26085973.59368832,0.9999999999999919,0.4438289675063062,52.95037860228119,0.8825063100380198,2.0681716526791996
779,200,30,10,600,4,0.8950274051977294,125281791.37135287,55122833.33333348,26016530.521239083,0.9973379152516566,0.4719737529439829,55.02635238959672,0.9171058731599453,2.189712280712861
780,200,25,8,900,4,0.47402074629736485,139180136.49332988,52585500.000000276,34415880.9956056,0.8795500992643925,0.6544747315439697,73.19866366482722,0.8025366720631348,1.8001372035956755
781,200,25,8,900,4,0.48009753266743316,140695900.14255145,50715500.000000305,36347547.00303463,0.9289167573138201,0.7166950341223967,72.41007015611571,0.8131542137588949,1.8666077737242452
782,200,25,8,900,4,0.7931775708678037,115383879.02604626,41556166.66666729,29832206.9429206,0.7624073485514444,0.7178767758396103,88.29483014434147,0.6240152309070581,1.9914942224465502
783,200,25,8,900,4,0.4626677642341704,134456918.63814402,47389833.33333432,35422383.09979263,0.9052727889075999,0.7474679822280846,75.76999460636031,0.7688701007550779,1.829512250771716
784,200,25,8,900,4,0.4974916891147102,150785127.43350315,56382333.333333634,37659573.82471238,0.9624475950509555,0.6679321624039241,67.56501900025161,0.8815411027821716,1.913378521820021
785,200,25,8,900,4,0.7767489610599937,111688618.30103856,39537666.66666778,29315320.791134536,0.7491975380523359,0.7414529804776974,91.21609842589723,0.594361055284563,1.9642724007267147
786,200,25,8,900,4,0.5047666776681207,141962933.9394213,51051000.00000068,36752071.55006659,0.9392549963826463,0.7199089449778868,71.76380282720389,0.8219601368210642,1.9026539704714942
787,200,25,8,900,4,0.5119584888494668,128071262.52604797,47914166.66666773,31971706.942920648,0.8170855198763769,0.6672704372663605,79.5479001226207,0.7219507646811074,1.7677256033436626
788,200,25,8,900,4,0.806223481662929,137822879.3941106,50708166.66666718,34950063.63792548,0.8932019478437666,0.6892393461524962,73.91951209252811,0.792952571405207,2.1505675299901332
789,200,25,8,900,4,0.5604692904713131,119057040.29054475,43686500.00000129,30267026.821477346,0.773519830820765,0.6928233395093781,85.57074806443927,0.6529993569901619,1.7677273190689773
790,200,45,8,800,4,0.6670687826178989,165406004.7824498,72786999.99999729,34342695.35503211,0.987389695223259,0.4718245751993267,54.95447406492501,0.9159079010820835,1.9604363438594437
791,200,45,8,800,4,0.6675936957601962,160012086.58972073,68595999.99999884,34381508.34052007,0.9885056106025114,0.5012173937331718,56.80695873497805,0.9467826455829675,2.015350256329701
792,200,45,8,800,4,0.6316889481091447,159351250.58971745,68089999.99999793,34381508.34052022,0.9885056106025156,0.5049421110371752,57.04253946147909,0.9507089910246515,1.9863516279635363
793,200,45,8,800,4,0.6774397978746769,165636375.58971566,72902499.99999766,34381508.34051994,0.9885056106025079,0.47160945564995777,54.87804214284187,0.9146340357140311,1.9693613981086742
794,200,45,8,800,4,0.7096321417836249,169588963.42304602,75874333.3333302,34416341.673853524,0.9895071066711271,0.4535966269733938,53.599006778083506,0.8933167796347251,1.965826222997065
795,200,45,8,800,4,0.6822694986537248,164237628.42304975,71776833.33333106,34416341.673853554,0.9895071066711281,0.4794909454144394,55.3454168041573,0.9224236134026217,1.988285868387898
796,200,45,8,800,4,0.6324114461466233,171176862.92304692,77144833.33333042,34381508.34052012,0.9885056106025129,0.4456748022510224,53.1018026898083,0.8850300448301384,1.8739813327775794
797,200,45,8,800,4,0.6365906863634252,171854459.2563799,77663666.66666381,34381508.34051997,0.9885056106025087,0.4426974648014889,52.892430253668564,0.8815405042278094,1.8722891624324256
798,200,45,8,800,4,0.664345650507968,184486961.92304358,87336333.33332907,34381508.34051996,0.9885056106025082,0.3936678702699713,49.27069048809908,0.8211781748016513,1.8004581215255964
799,200,45,8,800,4,0.6615409663928414,160727992.25638667,69144166.66666536,34381508.3405201,0.9885056106025124,0.4972438023046642,56.55393234490434,0.942565539081739,2.0019015473183117
800,200,20,10,700,4,0.9591530920709064,109955337.19082351,42249166.66666756,26740243.4638783,0.8786411057653514,0.6329176543255938,72.68223811755968,0.8094739916456797,2.274961207177061
801,200,20,10,700,4,0.9510880846747998,110045509.78085047,41664333.33333413,27157015.022375505,0.8923355443931896,0.6518048616092498,72.62268143348354,0.8102778836690071,2.282809857631207
802,200,20,10,700,4,0.971280012069486,102025894.69131829,39207666.666667245,24808938.681299426,0.8151815575369562,0.6327573352481842,78.33109451457766,0.7367414651356905,2.2142273454037236
803,200,20,10,700,4,0.9468631370691429,101961780.36670384,37972000.00000052,25565242.410949305,0.8400324735808467,0.6732656275926723,78.38034968845801,0.7361369078332652,2.2216125469765458
804,200,20,10,700,4,0.9528183543795354,110607512.97518134,42139166.66666741,27128645.506025035,0.8914033680182857,0.6437869481525396,72.25368137328284,0.8152764483004629,2.28312436120203
805,200,20,10,700,4,0.9738482024690934,103450272.2990269,38364333.33333363,26041623.37678172,0.8556855808216232,0.6787977559916291,77.25257577765868,0.7501043643787111,2.2669907716411077
806,200,20,10,700,4,0.7864590287437673,111737012.01525241,41897166.666667305,27834136.496787023,0.9145846597319515,0.664344124227651,71.52330150826923,0.8252614571168945,2.1431957852427823
807,200,20,10,700,4,0.8857759607796329,117739015.1913198,45098166.66666766,28723105.347966187,0.9437947368745224,0.6369018403844698,67.8772451681691,0.876965681153693,2.2722631142409018
808,200,20,10,700,4,0.9933406647116325,99161358.02415617,36932500.000000715,24861076.797211584,0.8168947316103137,0.6731490366807312,80.59389422695442,0.7094738993464205,2.241333793402638
809,200,20,10,700,4,0.9894925042102458,99039346.02415606,37213000.00000068,24622743.463878304,0.809063484156506,0.6616704770880567,80.69318226365075,0.7083008323675313,2.2271297182482224
810,200,20,10,900,4,0.9834274311547045,89893706.45739408,33788333.33333378,22342106.6165897,0.5709864610150835,0.6612373092267372,113.33162689012715,0.4111239830030433,1.9235412615391376
811,200,20,10,900,4,0.8760636113297278,120419829.84719212,42584666.666667536,31633522.94478098,0.8084427142724363,0.7428383364461465,84.60234508658503,0.6636243120215696,2.1339585925082143
812,200,20,10,900,4,0.9192793426644257,120042153.52604684,43231833.33333412,31036706.942920554,0.7931901750814174,0.7179132724632695,84.86852077165912,0.6606868216453619,2.1542967822804036
813,200,20,10,900,4,0.9898714517035123,114732791.79054306,40929166.66666748,29913193.488143913,0.7644770826924749,0.730852737163229,88.79588686902098,0.6188258122124324,2.1933794536465276
814,200,20,10,900,4,0.8805830973306876,110654142.51020283,39794333.33333429,28645962.181649357,0.732091062367714,0.7198502847553337,92.06885317520434,0.5859733980507341,2.042436723185689
815,200,20,10,900,4,0.9893458791474466,83012424.78867723,31335333.33333365,20547248.798768163,0.5251161439939392,0.6557214049773831,122.72620666044682,0.3515382417852676,1.8654612449146208
816,200,20,10,900,4,0.8345091335423604,98908796.22656278,35605166.66666739,25583836.941545326,0.6538338020280064,0.7185428221993477,103.00196128829218,0.48836150677684703,1.8977048980786857
817,200,20,10,900,4,0.9314860833773467,124399539.01020394,46174333.33333459,31287795.51498275,0.7996071248177806,0.6776014564003501,81.89580187402736,0.6942452246604524,2.167812473158079
818,200,20,10,900,4,0.959390958621266,100450133.93692964,35475000.00000032,26419042.10359281,0.675178738200897,0.7447228218066969,101.42146755520194,0.5013966409678139,2.056565857034437
819,200,20,10,900,4,0.9933513724712659,102122351.01385857,37401833.33333413,26007022.944780536,0.6646489629474772,0.6953408597113326,99.76072719494539,0.5154686528530977,2.0650927130934296
820,200,20,8,900,4,0.8462337001594409,94014636.45739448,33975333.333333895,24234106.616589587,0.6193393940119349,0.7132853231733567,108.3639780346,0.4466114505239272,1.8634734092220533
821,200,20,8,900,4,0.8800673197179039,118703619.01385884,41031833.33333421,31785689.61144772,0.8123315645037743,0.7746592591470941,85.82552145112406,0.6502324546285141,2.1500271816640932
822,200,20,8,900,4,0.8182389899623203,120185263.52604692,42098833.33333415,31828706.942920756,0.8134309377312685,0.7560472446089989,84.76746400603488,0.6618005405103989,2.0848773261599183
823,200,20,8,900,4,0.8110695078176826,116585833.45721008,40305833.33333424,31214860.154810794,0.7977431509364402,0.7744501868168816,87.38454491333356,0.6335546083633679,2.0641842656345557
824,200,20,8,900,4,0.8185660437586757,109445838.34353577,38124166.66666749,29120795.514982678,0.7442261492341723,0.7638408406299253,93.08531191493884,0.5761300484283263,2.0057687646909423
825,200,20,8,900,4,0.9263182501165639,101017050.62201132,36265166.6666672,26192082.132101424,0.6693784314913351,0.7222380190017337,100.85228124627218,0.5061757418405106,2.0102844071584616
826,200,20,8,900,4,0.785190986277518,112729021.23423639,39007833.333334155,30159894.69703936,0.7707819067009127,0.7731753373563102,90.37424337102212,0.6027592657876218,2.0064905219501883
827,200,20,8,900,4,0.8999728235604352,134227599.01020312,47659333.333334364,35137795.514983,0.8979997210323162,0.7372699754154256,75.89944299924183,0.7672130722471784,2.257001876139954
828,200,20,8,900,4,0.7381883114868082,124302706.58366397,42636000.00000073,33495814.503170032,0.8560364029317351,0.7856228188190604,81.9595991109247,0.6935074348535137,2.06019400139557
829,200,20,8,900,4,0.75471690599543,111790701.07146232,40734833.33333423,28601191.835753538,0.7309468881946979,0.702131063154456,91.13280355480943,0.595186748743532,1.9116085052625267
830,200,50,10,600,4,0.6864167834304264,158063378.84958136,80144166.66666324,26070732.31637825,0.9994157290217466,0.3252979399587747,43.614150539957656,0.7269025089992943,1.6735576443967406
831,200,50,10,600,4,0.7146260957394667,155755344.56012502,78352999.99999747,26085973.5936883,0.9999999999999913,0.33292884246537013,44.26043946979193,0.7376739911631989,1.7186431608749617
832,200,50,10,600,4,0.6522771107548413,142904957.5601249,68513499.9999978,26085973.593688197,0.9999999999999872,0.38074209599114095,48.24045377921579,0.8040075629869299,1.760878350534684
833,200,50,10,600,4,0.7137368292416469,151055268.22679114,74754166.66666417,26085973.593688212,0.9999999999999878,0.34895678404132324,45.63760060092572,0.7606266766820954,1.753528933156801
834,200,50,10,600,4,0.7084298434529724,152386517.5601209,75773499.9999965,26085973.593688183,0.9999999999999867,0.3442624874618354,45.23891030766679,0.7539818384611132,1.737821671883554
835,200,50,10,600,4,0.7004138713068405,163773966.89345607,84492833.3333296,26085973.593688246,0.9999999999999892,0.3087359313751194,42.09338108348315,0.7015563513913858,1.6489589677983219
836,200,50,10,600,4,0.6747609427037538,162236804.8934567,83315833.33332992,26085973.593688212,0.9999999999999878,0.3130974335853243,42.49220763763969,0.7082034606273281,1.6334423501993411
837,200,50,10,600,4,0.6636150755645261,165172257.5601207,85563499.99999562,26085973.593688246,0.9999999999999892,0.3048726804500702,41.73703321510115,0.6956172202516858,1.603130440176268
838,200,50,10,600,4,0.6600801021205662,168780517.89345342,88326333.33332843,26085973.593688257,0.9999999999999896,0.29533631261748716,40.84476150471271,0.6807460250785451,1.577095177293101
839,200,50,10,600,4,0.7060595270281516,150114295.22679082,74033666.66666417,26085973.593688212,0.9999999999999878,0.3523528519955663,45.92367428821441,0.7653945714702401,1.7533363800948447
840,200,20,6,900,4,0.3985913063506586,129565150.08269657,46630833.33333437,33517869.732891064,0.8566000578180624,0.7187919952725911,78.63071198927729,0.7330716253745424,1.706696527943274
841,200,20,6,900,4,0.40149787953487803,116104276.84719187,41759666.66666748,30053189.611447524,0.7680548962072312,0.7196702466841276,87.74698294196735,0.6297390727042687,1.6069731495864488
842,200,20,6,900,4,0.7339183297655114,114937664.25556734,38776833.33333404,31385043.072506208,0.8020924338204443,0.8093761242109069,88.63761123026758,0.6204603847180415,2.0018796138522785
843,200,20,6,900,4,0.4288589367021991,123061705.79054362,42106166.66666763,33227860.154810987,0.8491884226714704,0.7891447449457576,82.78611071213396,0.684019733336277,1.744194465995082
844,200,20,6,900,4,0.8409807554667416,130523268.34353626,43701166.66666764,35852795.514983095,0.916272631757874,0.820408200734129,78.05351589255172,0.7401577561317799,2.2374650721858247
845,200,20,6,900,4,0.810208887584116,107708818.12201133,37117666.6666672,28914582.132101588,0.738956053100185,0.7789978392706395,94.5864988367004,0.5618942313313855,1.9953013903320131
846,200,20,6,900,4,0.4007795698617787,135823222.93208438,47485166.6666677,36027539.57967227,0.9207384816793929,0.7587114484103068,75.00779159904194,0.7786996545805651,1.7864483831705893
847,200,20,6,900,4,0.36746966723528,108091531.7654178,39721000.00000104,27442039.579671696,0.7013229921209782,0.6908698063913541,94.2516017083535,0.5650392798055105,1.485204792153874
848,200,20,6,900,4,0.7219399756160272,122951210.2527567,42566333.33333425,32880630.674843375,0.8403144460438772,0.7724562606169821,82.86051010849305,0.683172081397194,2.023077065506807
849,200,20,6,900,4,0.751996829884903,112532322.90479574,39372666.666667596,29831358.50242027,0.7623856653661039,0.7576667020035786,90.53221098634081,0.601174412268716,1.959304603756482
850,200,40,8,600,4,0.683722834850612,136822905.20468143,64120833.333332404,25915697.1879057,0.9934724918289412,0.40416968777032025,50.38483863273594,0.839747310545599,1.8468058956124673
851,200,40,8,600,4,0.6132386101844154,137514191.2267968,64382999.99999913,26085973.593688294,0.999999999999991,0.4051686562242928,50.13155324915029,0.8355258874858382,1.772899422649688
852,200,40,8,600,4,0.5593741578575429,143796921.8934597,69193666.66666485,26085973.593688313,0.9999999999999918,0.37699944012730935,47.94122091923269,0.7990203486538782,1.6599940586132687
853,200,40,8,600,4,0.6161131357368561,140845754.76968655,66969833.33333225,26063113.27624409,0.9991236548115662,0.3891769171130958,48.945742179257465,0.815762369654291,1.7432170390816237
854,200,40,8,600,4,0.6368043012796605,150309508.5601247,74180333.33333097,26085973.593688183,0.9999999999999867,0.35165619270636433,45.86403126481143,0.7644005210801905,1.6825297765249425
855,200,40,8,600,4,0.5799828826678314,133534809.22679728,61335999.999999106,26085973.593688257,0.9999999999999896,0.42529629571032734,51.625490311604665,0.8604248385267445,1.7806447577628377
856,200,40,8,600,4,0.5745888104202453,134935494.22679675,62408499.99999902,26085973.59368824,0.9999999999999888,0.41798751121543776,51.08959684405236,0.8514932807342059,1.7604721001268016
857,200,40,8,600,4,0.6072507021930773,145372393.22679266,70399999.99999806,26085973.59368823,0.9999999999999886,0.3705393976376271,47.42165858991615,0.7903609764986025,1.6940431968017815
858,200,40,8,600,4,0.582637377969747,149751628.89345625,73753166.66666393,26085973.593688264,0.9999999999999898,0.35369292970953875,46.03489157974188,0.767248192995698,1.632839914733076
859,200,40,8,600,4,0.6049226241356999,146263085.2267914,71081999.99999784,26085973.593688253,0.9999999999999893,0.36698423783361533,47.13287696147437,0.7855479493579062,1.6840579637604982
860,200,45,10,600,4,0.7059596942423509,154856891.67310333,77667333.33333047,26083628.27710103,0.9999100928098743,0.3358378247023887,44.51723088018927,0.7419538480031544,1.7165838020074164
861,200,45,10,600,4,0.7302154647736793,152036383.89345807,75503999.99999753,26085973.5936882,0.9999999999999875,0.34549127984860484,45.343093695460034,0.7557182282576672,1.7623267169102306
862,200,45,10,600,4,0.6817105503618746,155366901.56012538,78054166.6666642,26085973.593688287,0.9999999999999908,0.3342034731482083,44.37109790293508,0.7395182983822512,1.6885916272626924
863,200,45,10,600,4,0.6545510387153197,142032859.22679412,67844333.33333173,26085973.593688186,0.9999999999999868,0.38449745633910176,48.53665579591108,0.8089442632651846,1.7710932670517858
864,200,45,10,600,4,0.6916819606905273,157660672.89345583,79810499.99999668,26085973.593688183,0.9999999999999867,0.3268488932369709,43.72555231106176,0.7287592051843627,1.6819202804644666
865,200,45,10,600,4,0.6327634385253769,144355362.56012532,69622666.66666454,26085973.593688264,0.9999999999999898,0.3746764501075664,47.75575965962934,0.795929327660489,1.728433926271919
866,200,45,10,600,4,0.597011642114071,150511193.56012243,74336166.66666374,26085973.59368823,0.9999999999999886,0.3509190043476718,45.80257346272547,0.7633762243787579,1.6411230699709662
867,200,45,10,600,4,0.6299491503556167,148641219.22678998,72904333.33333081,26085973.593688335,0.9999999999999926,0.35781101617676,46.37879072750174,0.7729798454583623,1.689177808755387
868,200,45,10,600,4,0.6135199301036456,159947261.22678763,81561333.3333293,26085973.593688294,0.999999999999991,0.31983260360738236,43.10045665755633,0.7183409442926055,1.587726957282157
869,200,45,10,600,4,0.6631442376271722,150879920.8934588,74618499.99999774,26085973.593688242,0.999999999999989,0.34959123533291386,45.690639013974135,0.7615106502329022,1.7043278761264054
870,200,25,8,600,4,0.80140361994874,102666529.44210956,40855833.33333383,24071975.488258146,0.9227938302476213,0.5891931096316199,67.14749234693083,0.8876969449493257,2.1604550526033615
871,200,25,8,600,4,0.7507239246516807,106538216.30053923,42595666.666667916,24852582.869953167,0.9527182407317248,0.5834533137944964,64.70729696236812,0.9245437102673788,2.1420302859546565
872,200,25,8,600,4,0.8459893071001191,106148027.73323007,41735833.333334096,25210198.17792105,0.9664273440812126,0.604042046472949,64.94515392528454,0.9208858128774333,2.2501087571559113
873,200,25,8,600,4,0.45162995404510675,120515135.89346959,51362666.66666713,26085973.593688354,0.9999999999999933,0.5078781007026137,57.2027733188123,0.9533795553135384,1.811311989920736
874,200,25,8,600,4,0.786140707683685,123876779.89346828,53936666.666666865,26085973.593688175,0.9999999999999865,0.4836408181265944,55.65046174051779,0.9275076956752966,2.100561057860257
875,200,25,8,600,4,0.9224588755628899,112556394.58683808,47298166.66666722,24792413.658777744,0.9504116673941676,0.5241728254184084,61.24751974603613,0.9794226674436562,2.3212198033412728
876,200,25,8,600,4,0.4254542816552548,120376264.56013641,51256333.33333382,26085973.593688395,0.9999999999999949,0.5089317143316562,57.268764944571465,0.9544794157428578,1.7870790688634375
877,200,25,8,600,4,0.4737258680290858,121175971.89346954,51868666.666667126,26085973.59368836,0.9999999999999936,0.5029235426722902,56.89081665514187,0.9481802775856978,1.8242449797526157
878,200,25,8,600,4,0.8310688377366807,119334729.56013669,50458833.33333387,26085973.59368835,0.9999999999999931,0.5169753613081569,57.768597837446706,0.9628099639574451,2.2074590907406515
879,200,25,8,600,4,0.8308999448426876,112419894.89347139,45164166.66666764,26085973.59368834,0.9999999999999928,0.5775812002956867,61.3218861886727,0.9782094831070701,2.271174388186307
880,200,25,6,600,4,0.5115774577995733,115746669.7696955,47747333.3333344,26063113.276244096,0.9991236548115665,0.5458548458464036,59.55938096289762,0.9926563493816271,1.9409176838583233
881,200,25,6,600,4,0.4492604331128165,119072899.27040178,50805333.333333805,25737335.580152668,0.9866350392373235,0.5065872791600441,57.89562563975972,0.9649270939959954,1.8194573504368472
882,200,25,6,600,4,0.790486344433123,104594848.13935307,41116166.6666674,24847145.50480725,0.9525098005473328,0.604315711292966,65.90955599280856,0.9062023985958227,2.1801413120633186
883,200,25,6,600,4,0.45162995404510675,119049803.8934703,50240666.66666729,26085973.593688324,0.9999999999999921,0.5192202915371612,57.90685725252265,0.9651142875420441,1.8321204748168798
884,200,25,6,600,4,0.7951150757426118,120282885.5601373,51184833.33333412,26085973.593688183,0.9999999999999867,0.5096426401119039,57.3132243036632,0.9552204050610533,2.158049592893188
885,200,25,6,600,4,0.85599373728891,111951910.41471256,45364000.000000775,25730206.481881857,0.9863617468395832,0.5671943938339084,61.57822563690728,0.9740391699292429,2.2837884222852796
886,200,25,6,600,4,0.4254542816552548,119763315.22680357,50787000.00000061,26085973.593688365,0.9999999999999937,0.5136348591901087,57.5618668115922,0.9593644468598701,1.7957266158672118
887,200,25,6,600,4,0.4471576397421177,116473501.22680524,48268000.00000106,26085973.593688287,0.9999999999999908,0.5404403247221289,59.18771160296724,0.986461860049454,1.8659717595692749
888,200,25,6,600,4,0.40049685943814833,115436754.89347193,47474166.66666779,26085973.593688272,0.9999999999999902,0.5494772299395317,59.719280972180655,0.9953213495363442,1.835399992926118
889,200,25,6,600,4,0.4549249257169559,116754250.518246,48596166.666667715,26013823.09333397,0.997234126604651,0.535306072015284,59.04538780729579,0.9840897967882631,1.8672595801174463
890,200,40,10,400,4,0.6924924532714497,130692249.9289708,72801666.66666447,17390649.062459007,1.0,0.23887707326928687,35.94551323856756,0.5990918873094593,1.4826859991963386
891,200,40,10,400,4,0.6251983305503436,125381618.5956396,68735333.33333196,17390649.062458996,0.9999999999999994,0.2530088706796991,37.46801207879267,0.6244668679798778,1.4520722950739806
892,200,40,10,400,4,0.645852808329185,118323023.06867759,63354499.99999905,17375408.850829616,0.9991236548115796,0.2742569012592614,39.70317760790545,0.6617196267984242,1.5269779561350183
893,200,40,10,400,4,0.5936808214735821,116304700.9289737,61785166.666665874,17390649.06245903,1.0000000000000013,0.2814696471773309,40.392176433770345,0.6732029405628391,1.492059479778286
894,200,40,10,400,4,0.6856994111308721,127639474.92897308,70464166.66666526,17390649.062459014,1.0000000000000004,0.24680131597562868,36.80522818363333,0.6134204697272222,1.4965609336385972
895,200,40,10,400,4,0.67847914781501,133972486.5956386,75313333.33333117,17390649.062459007,1.0,0.2309106275443858,35.065408722158736,0.5844234787026455,1.447631128553164
896,200,40,10,400,4,0.6023515913463822,129265227.26230675,71708999.99999857,17390649.062459033,1.0000000000000016,0.24251696526878608,36.34233350680737,0.6057055584467895,1.4020707220082005
897,200,40,10,400,4,0.6642297561442687,130548589.92897232,72691666.66666491,17390649.062459007,1.0,0.23923855181647727,35.98506887401799,0.5997511479002998,1.4553717454977504
898,200,40,10,400,4,0.6061775455343276,127699333.26230575,70509999.99999835,17390649.06245902,1.0000000000000009,0.2466408887031546,36.7879759430717,0.6131329323845284,1.4166231888813796
899,200,40,10,400,4,0.6793805012586364,128592419.59563926,71193833.33333167,17390649.06245902,1.0000000000000007,0.2442718455829661,36.53248002310168,0.6088746670516946,1.483672644776704
900,200,40,6,400,4,0.6924924532714497,129614799.92897066,71976666.66666453,17390649.06245901,1.0000000000000002,0.24161509372194034,36.2443177983873,0.604071963306455,1.4898564915554569
901,200,40,6,400,4,0.6251983305503436,125388801.59563921,68740833.33333188,17390649.062459003,0.9999999999999997,0.2529886272709239,37.46586569309217,0.6244310948848695,1.4520203272519523
902,200,40,6,400,4,0.6189326542890636,111982828.40201327,58499833.33333297,17375408.850829605,0.999123654811579,0.2970163821121379,41.95107470526741,0.6991845784211235,1.5557303383998975
903,200,40,6,400,4,0.5936808214735821,115497810.59564084,61167333.33333274,17390649.06245903,1.0000000000000013,0.2843126897111617,40.674364092035056,0.6779060682005843,1.4990370414430958
904,200,40,6,400,4,0.655504908829707,123612206.26230423,67380499.99999818,17390649.062459014,1.0000000000000004,0.2580961711839402,38.0043374521712,0.6334056242028533,1.4953874699797125
905,200,40,6,400,4,0.67847914781501,132274904.26230454,74013499.9999976,17390649.062459003,0.9999999999999999,0.23496590571260065,35.515429220679245,0.5919238203446541,1.4583756927297444
906,200,40,6,400,4,0.5581335933957176,130079300.59563829,72332333.33333132,17390649.06245898,0.9999999999999986,0.24042704363368342,36.114892826826306,0.6019148804471051,1.3523901087497694
907,200,40,6,400,4,0.6564712489377544,130419295.92897128,72592666.6666645,17390649.062458996,0.9999999999999994,0.23956481916161668,36.02074345316591,0.6003457242194319,1.4484688284864797
908,200,40,6,400,4,0.5829068499044849,124874019.92897157,68346666.6666651,17390649.062458977,0.9999999999999982,0.2544476550301313,37.62031527992862,0.627005254665477,1.413470228594067
909,200,40,6,400,4,0.6793805012586364,127083989.59563908,70038833.33333176,17390649.062459018,1.0000000000000007,0.24830009631503583,36.96610418784969,0.6161017364641614,1.4941223147748266
910,200,20,10,300,4,0.9266238594089456,75478156.55151416,37357833.33333379,13031556.63812225,0.9991236548115818,0.34883063270412956,47.69326868155718,0.7948878113592863,2.0005761769315358
911,200,20,10,300,4,0.9742644367901182,85148345.94673622,44744333.33333412,13042986.796844292,1.0000000000000022,0.2915003046235441,42.276804792565464,0.7046134132094244,1.912078093698378
912,200,20,10,300,4,0.9769620361407295,73198595.28906627,36037833.33333363,12760379.838489512,0.9783326501240399,0.35408288063440946,49.178539366556734,0.8196423227759456,2.079870663424203
913,200,20,10,300,4,1.0,69914218.39887188,34068833.33333379,12412472.132196268,0.951658720930351,0.3643351097688337,51.48881132393644,0.8581468553989406,2.149614943214008
914,200,20,10,300,4,1.0,79848883.25304033,41011666.666667335,12835763.74802576,0.9841123009594211,0.31297834960845816,45.082659310240686,0.7513776551706781,2.001760334857445
915,200,20,10,300,4,0.8220852734817984,77565492.28006956,38938166.66666736,13042986.796844313,1.0000000000000038,0.33496663847837593,46.40981310351289,0.7734968850585482,1.8635554693230474
916,200,20,10,300,4,0.9389537423521093,74522294.61340259,36608000.00000045,13042986.796844298,1.0000000000000024,0.35628788234386305,48.30500749707978,0.805083458284663,2.0290675065118626
917,200,20,10,300,4,0.9796437667682906,81365266.7905516,41855000.000000775,13038296.790572332,0.999640419303877,0.31151109283411993,44.24246539087143,0.7373744231811905,1.966227064216777
918,200,20,10,300,4,0.9137161881796463,90363203.9467347,48737333.33333379,13042986.7968443,1.0000000000000027,0.2676179820434201,39.837011557513286,0.6639501926252215,1.7917607664396038
919,200,20,10,300,4,0.8905007792585954,81028843.9247986,41602000.00000068,13035366.158189302,0.9994157290217601,0.3133350838466682,44.426155250850044,0.7404359208475008,1.8816047671834308
920,200,50,6,900,4,0.7563336340107456,180035041.22593004,77535333.3333305,38456676.049751945,0.9828187528094025,0.49598904649604936,56.58787273092631,0.9431312121821052,2.09625608338969
921,200,50,6,900,4,0.6703797221020029,171730828.65709457,71199333.33333084,38442329.261642255,0.9824520988537004,0.5399254102797348,59.324234790380025,0.9887372465063338,2.0910572968321244
922,200,50,6,900,4,0.6583528346719139,176261571.89259684,74645999.99999717,38456676.04975203,0.9828187528094046,0.515187365026304,57.799325687438156,0.9633220947906359,2.0338248214835932
923,200,50,6,900,4,0.6804057305976426,179613638.55926463,77212666.66666408,38456676.04975213,0.9828187528094071,0.49806175217045673,56.72063703914373,0.9453439506523955,2.024199082986404
924,200,50,6,900,4,0.7068358309645411,188242359.39259067,83764999.99999568,38491509.38308555,0.9837089715370645,0.4595178103394918,54.120656120510766,0.9020109353418461,1.9764610145779806
925,200,50,6,900,4,0.7482335161973463,183606930.0592612,80215666.66666335,38491509.38308534,0.9837089715370592,0.4798502709331959,55.487012373180974,0.9247835395530163,2.0568972724969194
926,200,50,6,900,4,0.6847445766536348,192691487.225925,87226333.33332916,38456676.049752146,0.9828187528094076,0.4408837856658806,52.871043483384966,0.8811840580564161,1.9186356632427553
927,200,50,6,900,4,0.6426313034748382,185096661.8925933,81410999.99999642,38456676.04975203,0.9828187528094046,0.47237690299534113,55.040430744838126,0.9173405124139687,1.9378733382850801
928,200,50,6,900,4,0.6290525556261237,180250531.2259278,77700333.33332993,38456676.049752094,0.9828187528094061,0.494935792421574,56.520221775271835,0.9420036962545306,1.9670048858179134
929,200,50,6,900,4,0.6652263078310819,170788125.8925996,70454999.99999782,38456676.04975212,0.982818752809407,0.5458331708147515,59.65168800087785,0.9941948000146308,2.096087644497514
930,200,50,8,600,4,0.6864167834304264,156388641.4124651,78838833.33332978,26085387.21936405,0.9999775214705953,0.3308697771956531,44.08120652329245,0.7346867753882075,1.6857993805751565
931,200,50,8,600,4,0.7146260957394667,155776893.56012526,78369499.99999754,26085973.593688298,0.9999999999999911,0.33285874726378395,44.25431681457429,0.7375719469095715,1.7184850404600653
932,200,50,8,600,4,0.6522771107548413,142936083.8934582,68537333.33333117,26085973.59368819,0.999999999999987,0.3806096958400631,48.22994874505241,0.8038324790842069,1.7605973465110987
933,200,50,8,600,4,0.7137368292416469,150583584.56012365,74392999.99999735,26085973.593688205,0.9999999999999877,0.35065091599598264,45.78055450159314,0.7630092416932189,1.757266803731652
934,200,50,8,600,4,0.7084298434529724,152408066.560121,75789999.99999656,26085973.593688175,0.9999999999999865,0.34418753916993483,45.2325139711721,0.7538752328528683,1.7376551076417885
935,200,50,8,600,4,0.7004138713068405,159473744.22678778,81200166.66666272,26085973.593688257,0.9999999999999896,0.3212551730438508,43.22843257631375,0.7204738762718959,1.677891886013817
936,200,50,8,600,4,0.6747609427037538,161726811.89345703,82925333.33333005,26085973.593688212,0.9999999999999878,0.3145718267882261,42.62620352982363,0.7104367254970605,1.6368551296313951
937,200,50,8,600,4,0.6636150755645261,165244087.5601206,85618499.99999562,26085973.593688246,0.9999999999999892,0.3046768349561086,41.718890532115616,0.695314842201927,1.6026713857313402
938,200,50,8,600,4,0.6600801021205662,168835587.56011978,88368499.99999493,26085973.593688257,0.9999999999999896,0.2951953874252675,40.83143903263418,0.6805239838772363,1.5767603959380165
939,200,50,8,600,4,0.7083560131717684,149508528.89345717,73569833.33333084,26085973.5936882,0.9999999999999875,0.35457431955157004,46.10974404619192,0.7684957341031987,1.760511202916223
940,200,25,8,800,4,0.7969364918799392,119253074.79573074,43252000.00000106,30639643.466273297,0.8809229418703739,0.7083983045008911,76.22277258318051,0.763089813929539,2.126744949410191
941,200,25,8,800,4,0.7778047113957665,114929059.12906346,41482833.33333422,29656976.799606662,0.8526702106716314,0.7149216776322582,79.09052826920217,0.727475126314953,2.077217179816526
942,200,25,8,800,4,0.8839275331422106,120918276.95653443,45527166.666667454,30002178.60250438,0.8625951364653127,0.6589950747905945,75.17308573018651,0.776557365453529,2.1876809584282153
943,200,25,8,800,4,0.42010328840131406,113568430.25242482,41680833.33333435,28866729.422037307,0.829949742484068,0.6925660336774281,80.03808787174745,0.7160766023686209,1.6902327177118774
944,200,25,8,800,4,0.4570548626078665,137069142.46570718,51954833.3333339,33787602.146919906,0.9714301641523206,0.6503264466299806,66.31543640301203,0.9000929228435636,1.8774089427554146
945,200,25,8,800,4,0.8608401020664274,119816012.02878544,44493166.66666762,30123281.126785,0.8660769652298883,0.6770316294288865,75.86465152767897,0.767658075783871,2.1701234813934076
946,200,25,8,800,4,0.4386037232014717,128266752.69046812,48330333.333334565,31801856.5269875,0.9143378264022877,0.6580102874037704,70.86637658891547,0.8343466825536516,1.7993586356781397
947,200,25,8,800,4,0.39708549015033157,129164217.89755365,47824333.333334655,32562374.44162175,0.9362035403242588,0.6808746128181786,70.37397932614401,0.8412220226669352,1.7830072030718096
948,200,25,8,800,4,0.48391675491781166,145123871.56183785,57388833.3333329,34255110.734588854,0.9848715425042692,0.5968950533568802,62.63476781713889,0.9570374104132551,1.918470208016571
949,200,25,8,800,4,0.8735644780895986,130900975.94716199,49065500.00000074,32618887.073609736,0.9378283397145811,0.6648029078193282,69.44027677585143,0.8544152635754043,2.2598220679204655
950,200,35,10,600,4,0.590507858410821,132775244.56012973,60752999.999998875,26085973.593688197,0.9999999999999872,0.42937753845388177,51.9208232139841,0.8653470535664016,1.799356942740328
951,200,35,10,600,4,0.5590820140477948,133419320.22679782,61246166.66666596,26085973.593688287,0.9999999999999908,0.42592010265168034,51.670177814437345,0.8611696302406224,1.7609877264097615
952,200,35,10,600,4,0.8146940135999144,123569032.89346822,53703833.33333346,26085973.593688212,0.9999999999999878,0.48573764617090925,55.78905846049073,0.9298176410081788,2.133101771544821
953,200,35,10,600,4,0.5925912825617418,131042793.10302326,59462333.333332956,26063113.276244123,0.9991236548115675,0.43831299269976437,52.60724254084107,0.8767873756806845,1.8200290524022378
954,200,35,10,600,4,0.570732968335935,138531221.89346373,65160333.333332464,26085973.593688216,0.999999999999988,0.4003351772349522,49.76351111160788,0.8293918518601314,1.7203929619840284
955,200,35,10,600,4,0.5148627020685458,126669694.56013407,56077999.99999998,26085973.593688197,0.9999999999999872,0.4651730374422805,54.42343588132122,0.907057264688687,1.794058396711057
956,200,35,10,600,4,0.5193633599955161,129969085.89346637,58604333.33333309,26085973.593688242,0.999999999999989,0.44512021739612573,53.04184416324002,0.8840307360540004,1.7594902699664172
957,200,35,10,600,4,0.8745039627812483,138363618.56013066,65031999.9999993,26085973.593688354,0.9999999999999933,0.4011251936537187,49.82379090500631,0.8303965150834386,2.0258006327876616
958,200,35,10,600,4,0.5347897246468865,134258382.76968795,61924499.99999927,26063113.276244164,0.9991236548115691,0.42088532448779514,51.347259350098774,0.8557876558349796,1.7272856400721022
959,200,35,10,600,4,0.5912535400971284,138222352.89346382,64923833.33333256,26085973.59368834,0.9999999999999928,0.40179349022349753,49.87471169235168,0.831245194872528,1.7439335271484544
960,200,20,4,600,4,0.4149067412921641,92599213.8713122,36848166.66666745,21712221.346010633,0.8323331796695478,0.5892347790982864,74.44771625794267,0.7860025274556179,1.672297092026411
961,200,20,4,600,4,0.4054247513823579,111462802.77988517,45890166.66666778,25155235.942677967,0.96432037900875,0.5481617908559354,61.84843578367357,0.9696624448381638,1.8136166289052702
962,200,20,4,600,4,0.4384210801778129,106143786.22680369,40357166.66666742,26085973.5936883,0.9999999999999913,0.6463777254024561,64.9477491340813,0.9208459822228069,1.8763692427225847
963,200,20,4,600,4,0.40650678530955486,115941398.22680497,47859166.66666767,26085973.593688242,0.999999999999989,0.5450569955672936,59.45934847632529,0.9909891412720881,1.833541523035478
964,200,20,4,600,4,0.43811320951818067,117967004.22680418,49410166.666667424,26085973.593688246,0.9999999999999892,0.5279474924598079,58.43837474032936,0.9739729123388227,1.8344441158248497
965,200,20,4,600,4,0.9170920558626444,85962431.58968228,30448000.00000014,22552550.962915942,0.8645470287669272,0.7406907173842563,80.19549787639366,0.7142004374823165,2.223845067252366
966,200,20,4,600,4,0.3666341237725934,109919649.89347184,43248333.33333446,26085973.593688257,0.9999999999999896,0.6031671415550713,62.71672086547853,0.9557311005310142,1.8048989375476645
967,200,20,4,600,4,0.4155324140087968,116529055.7696951,48345000.0000009,26063113.276244156,0.9991236548115687,0.5391066972022684,59.15949420910714,0.9859915701517856,1.8328093419223972
968,200,20,4,600,4,0.35546260509296856,102297033.07349591,40461666.66666762,24141986.20798377,0.9254776756281351,0.5966631678045031,67.39002875134324,0.8841158739057342,1.7169090132423053
969,200,20,4,600,4,0.3999256007674256,102779548.527726,40381000.00000087,24428890.122525994,0.9364760734265458,0.6049600089776248,67.0736552042775,0.8887900341655315,1.772683642115057
970,200,20,10,500,4,0.8288869169622984,101376453.38049932,45028500.00000085,20781876.873513587,0.9560023573070733,0.4615271855272371,57.17106691675677,0.9528511152792796,2.150959780663368
971,200,20,10,500,4,0.9889432525265479,87149033.70013483,35927833.33333392,19638905.173319947,0.9034236779909132,0.546620916188089,66.50446658929545,0.8972616396207619,2.323501625097781
972,200,20,10,500,4,0.8575818598192325,97275405.25252374,40417666.6666675,21719261.063536815,0.9991236548115693,0.5373704831270905,59.581350341890584,0.9930225056981764,2.280500752019081
973,200,20,10,500,4,1.0,88109384.781649,36496166.66666726,19745351.12167566,0.908320376117517,0.541025343894802,65.7795990105145,0.908167314600088,2.3409875897159296
974,200,20,10,500,4,0.906818317810885,100233131.57789333,42652500.00000094,21738311.32807361,0.9999999999999921,0.5096608950957887,57.8231958710774,0.9637199311846234,2.2782669650721394
975,200,20,10,500,4,0.8588590848405536,98177353.54177141,42826666.66666747,20623992.29303794,0.948739392944623,0.48156893585859795,59.03398075946371,0.9838996793243951,2.2280139128518273
976,200,20,10,500,4,0.8439115887590204,97122892.57789221,40271000.000000596,21738311.328073632,0.9999999999999931,0.5398006339071121,59.67491130221219,0.9945818550368698,2.27033395092158
977,200,20,10,500,4,1.0,108693055.20647341,49142500.00000071,21730494.65095377,0.9996404193038714,0.4421935117455046,53.32263398972726,0.8887105664954543,2.242465375891858
978,200,20,10,500,4,0.9289400749993826,103160737.08368595,45774666.666667685,21177089.190018885,0.9741828088858904,0.46263775865875767,56.182227500937074,0.9363704583489513,2.23542074027534
979,200,20,10,500,4,0.8339076517523538,101672125.91122703,43754333.333334364,21738311.328073636,0.9999999999999933,0.4968264780190867,57.00480783750392,0.9500801306250654,2.1814489647926885
980,200,20,8,500,4,0.778991372368198,95772364.48903231,40179333.33333399,21137622.493425913,0.9723672724351816,0.5260819615413953,60.51641338210591,0.9914300435373437,2.191286985138658
981,200,20,8,500,4,0.8095079993154033,95831515.91977973,40195833.33333385,21155974.09457181,0.9732114778966334,0.5263225648074189,60.47905998744344,0.9920474569997497,2.2226135081610883
982,200,20,8,500,4,0.8196378791739997,100587492.9112266,42923833.333334215,21738311.328073677,0.9999999999999951,0.5064391886731123,57.61948958321367,0.9603248263868945,2.185114056499384
983,200,20,8,500,4,0.9151902384815022,87829990.84671761,34892000.000000544,20631465.19280082,0.949083159286456,0.5912950015132551,65.98884895838061,0.9050055983254754,2.2932318380175816
984,200,20,8,500,4,0.9020923353029626,97092061.78715731,40434166.666667566,21619264.740761563,0.994523650640771,0.5346781329509552,59.69386058260254,0.994897676376709,2.324732518040436
985,200,20,8,500,4,0.8619118816929755,98155990.16799667,41897166.666667335,21206014.56059564,0.9755134260686242,0.5061443588610678,59.04682933848794,0.9841138223081323,2.2509411910899617
986,200,20,8,500,4,0.3844295787367705,109937364.57789126,50083000.000000484,21738311.32807367,0.9999999999999948,0.43404571068173753,52.719109851806955,0.8786518308634492,1.6103179781456098
987,200,20,8,500,4,1.0,105676195.2064743,46832500.000000864,21730494.65095377,0.9996404193038714,0.46400458337593276,54.84489660775483,0.9140816101292473,2.2852852768299936
988,200,20,8,500,4,0.8261526114391675,100561155.24455993,42903666.66666755,21738311.328073606,0.999999999999992,0.5066772380310889,57.63458052868318,0.9605763421447197,2.1920707440087583
989,200,20,8,500,4,0.8760818947264138,104650676.57789388,46035000.000001125,21738311.328073658,0.9999999999999943,0.47221269312638486,55.38234619712233,0.9230391032853722,2.1768911525128942
990,200,30,6,600,4,0.5420024859921145,117499135.88667071,49919833.333334185,25534569.81617058,0.9788620587405884,0.5115115197934718,58.67106977407179,0.9778511629011964,1.9290628647280883
991,200,30,6,600,4,0.5083212792579442,125675485.22680117,55315333.33333345,26085973.593688298,0.9999999999999911,0.4715866654276977,54.85397559881351,0.9142329266468919,1.7998235382469945
992,200,30,6,600,4,0.49889981249433557,125993931.5601329,55559166.66666629,26085973.593688335,0.9999999999999926,0.4695170060809979,54.71533362469769,0.9119222270782948,1.7864356444374287
993,200,30,6,600,4,0.5282532244124404,124674653.89346765,54548999.99999997,26085973.59368823,0.9999999999999886,0.4782117654528634,55.29431832945479,0.9215719721575798,1.832394608932311
994,200,30,6,600,4,0.512078688320171,133413970.56013325,61240666.66666644,26085973.593688183,0.9999999999999867,0.42595835436727686,51.67224969811374,0.861204161635229,1.7140495334492214
995,200,30,6,600,4,0.49138507132971376,118310515.89347103,49676000.00000083,26085973.59368822,0.9999999999999882,0.5251222641454181,58.26870035971532,0.9711450059952553,1.8826278886413035
996,200,30,6,600,4,0.48155412141096837,128826324.84959154,57751833.33333311,26070732.31637822,0.9994157290217454,0.45142692121828726,53.51235477724534,0.8918725796207557,1.734568238006354
997,200,30,6,600,4,0.493815022837326,123822271.22680241,53896333.33333372,26085973.593688257,0.9999999999999896,0.48400275084306416,55.67496001888695,0.9279160003147825,1.8089332238265596
998,200,30,6,600,4,0.5362261494121047,128426574.2267993,57421833.33333298,26085973.593688272,0.9999999999999902,0.45428667249719357,53.678921527764636,0.8946486921294106,1.79430417953927
999,200,30,6,600,4,0.5124698283253575,125601260.89346865,55258500.00000027,26085973.59368822,0.9999999999999882,0.47207169202363614,54.8863916728282,0.9147731945471367,1.8049003764914031
1000,200,25,8,500,4,0.7568678775374728,102903374.2445605,44698500.00000104,21738311.328073632,0.9999999999999931,0.4863320095321571,56.3227400709493,0.9387123345158217,2.08464581967902
1001,200,25,8,500,4,0.8367046204954632,109688914.9112248,49894166.66666718,21738311.328073695,0.9999999999999961,0.43568843374623234,52.83852068999634,0.880642011499939,2.0658973789923882
1002,200,25,8,500,4,0.831444452104567,106681632.24455951,47591500.00000085,21738311.328073703,0.9999999999999963,0.4567687786279759,54.32800265666699,0.9054667109444499,2.1023261859513975
1003,200,25,8,500,4,0.7462758135689326,100418632.36501992,42834000.000001036,21714053.212143686,0.9988840846207421,0.5069349865093888,57.71638055109506,0.9619396758515842,2.113763478628028
1004,200,25,8,500,4,0.4358438772978526,116486427.2445566,55099000.000000216,21738311.328073617,0.9999999999999925,0.39453186678657565,49.7551529143567,0.8292525485726117,1.5807219192997248
1005,200,25,8,500,4,0.890014443859827,102999359.83466424,45164166.666667596,21488347.89392896,0.9885012487689416,0.47578311479812946,56.27025264335123,0.9378375440558538,2.2084784797541843
1006,200,25,8,500,4,0.44221309514430335,108266680.91122591,48805166.666667536,21738311.32807367,0.9999999999999948,0.4454100418618237,53.53262842473494,0.8922104737455823,1.6907516023793445
1007,200,25,8,500,4,0.7205606488063123,110337779.24455899,50391000.00000083,21738311.328073643,0.9999999999999937,0.43139273537086553,52.527792744077765,0.8754632124012961,1.9411380495043007
1008,200,25,8,500,4,0.46276921093123113,112896596.91918749,52380166.666666895,21719261.063536838,0.9991236548115704,0.4146466581855742,51.33724273503737,0.8556207122506229,1.6501072497303135
1009,200,25,8,500,4,0.8044851743543177,111525368.5778906,51300333.33333374,21738311.328073602,0.9999999999999918,0.4237460054464902,51.96844515202966,0.8661407525338276,2.0096227312453374
1010,200,40,10,500,4,0.6189144523711366,140136940.5778802,73212333.33333077,21738311.328073658,0.9999999999999943,0.2969214384836037,41.35811711101986,0.6893019518503309,1.5457535550083505
1011,200,40,10,500,4,0.6389565463101797,125332777.57788585,61876833.33333269,21738311.328073703,0.9999999999999964,0.35131583432798913,46.243290159258635,0.7707215026543106,1.6907307164268817
1012,200,40,10,500,4,0.8361805806772187,126656843.91121739,62890666.66666555,21738311.32807364,0.9999999999999936,0.34565242316942674,45.75986437860934,0.7626644063101558,1.8753669255229157
1013,200,40,10,500,4,0.6167540024500717,124998620.60841386,61711833.3333326,21680396.75048837,0.9973358290480173,0.3513166856246689,46.366911665022606,0.77278186108371,1.6705892120335168
1014,200,40,10,500,4,0.6011400606261925,137534300.24454778,71219499.99999782,21738311.328073587,0.9999999999999911,0.3052297661184683,42.140760448081465,0.7023460074680244,1.5476698809889915
1015,200,40,10,500,4,0.6151292948198519,129379200.91121711,64975166.66666542,21738311.328073617,0.9999999999999925,0.3345633792614209,44.79699951136046,0.7466166585226743,1.629396656751663
1016,200,40,10,500,4,0.5618078580638024,133641114.24454837,68238499.99999832,21738311.328073587,0.9999999999999911,0.318563733494642,43.368390279912894,0.7228065046652149,1.5394653495247308
1017,200,40,10,500,4,0.5663037173941887,139749058.57788107,72915333.33333117,21738311.32807371,0.9999999999999967,0.29813086403510497,41.47290907702284,0.691215151283714,1.4960235599059866
1018,200,40,10,500,4,0.6080648114799388,141480161.577879,74240833.33333035,21738311.32807363,0.9999999999999929,0.29280801887651003,40.965460707433884,0.6827576784572315,1.5250689050383783
1019,200,40,10,500,4,0.5870869786019681,127396692.91121951,63457166.66666604,21738311.328073688,0.9999999999999958,0.3425666866323043,45.49411658620519,0.7582352764367531,1.6193756043445648
1020,200,20,6,600,4,0.46412741462323803,111111965.48957168,44276833.33333423,26012325.275533475,0.9971767080921652,0.5874929013035323,62.04372292061571,0.9665115320151173,1.9006332676811812
1021,200,20,6,600,4,0.7790511474083932,101718944.518245,39348833.33333423,24569156.4266673,0.9418531510210444,0.6243935167921133,67.77301939820543,0.8784903787659822,2.157056339608066
1022,200,20,6,600,4,0.750188587144569,101687749.15287149,39612833.33333419,24385662.348886244,0.934818946331615,0.6156000542472106,67.79381053696311,0.8781860179130638,2.1208546484554014
1023,200,20,6,600,4,0.40650678530955486,115946186.8934717,47862833.33333435,26085973.593688242,0.999999999999989,0.5450152399465351,59.456892759516464,0.9909482126586078,1.8334671899253907
1024,200,20,6,600,4,0.7221076720298083,107897823.20090543,42285833.33333453,25712717.521181304,0.9856913114181203,0.6080693105535088,63.89192845126973,0.9371935316184996,2.145756652091115
1025,200,20,6,600,4,0.9745337689952811,95021267.94994183,36602500.000000186,23050871.78295482,0.8836500466492825,0.6297622234261239,72.55007377539651,0.8112590168563492,2.2896025645925295
1026,200,20,6,600,4,0.3666341237725934,109811904.89347139,43165833.33333433,26085973.593688298,0.9999999999999911,0.6043199349876491,62.778257117820516,0.9547514011725585,1.804841472935271
1027,200,20,6,600,4,0.8270070298339832,113922975.22680478,46313666.6666676,26085973.59368838,0.9999999999999943,0.5632456998370787,60.51281566580757,0.9914894933867948,2.269093083090441
1028,200,20,6,600,4,0.6900283574868088,106045618.56013733,40282000.000000834,26085973.593688253,0.9999999999999893,0.6475838735337797,65.00787202340284,0.9199237123615285,2.128019168675361
1029,200,20,6,600,4,0.7503699449577864,102298272.2478446,37585166.66666719,25976026.312595975,0.9957851954155488,0.6911244146652433,67.38921243262004,0.8841279026599171,2.187397379349898
1030,200,20,6,700,4,0.41060229547929344,95693181.84126918,38208500.00000081,22355155.77091232,0.7345542239600182,0.5850833131609942,83.51483194755063,0.6757623177056102,1.554431263713699
1031,200,20,6,700,4,0.8194221257486526,112433208.90024595,42881666.66666781,27546405.840365127,0.9051302962194191,0.642381884419085,71.08042257417522,0.8313755094733779,2.1647031427572987
1032,200,20,6,700,4,0.9223052817195232,111560845.08272603,39792500.00000067,29089640.515401185,0.9558384890285376,0.7310332478582822,71.6362447243369,0.8237094569232238,2.330841336929373
1033,200,20,6,700,4,0.4119972922267685,109762024.51384726,40434166.66666747,27802750.698150825,0.9135533732047255,0.6876053840147632,72.81024594250061,0.8077488491475797,1.7698304485861587
1034,200,20,6,700,4,0.43105378683628126,124473545.78684677,47716166.66666774,30341173.96462162,0.9969618518434953,0.6358678008771508,64.20480712974516,0.9323191205973008,1.8720671481353026
1035,200,20,6,700,4,0.9070361780336024,113436051.22595204,41981500.000000805,28609587.87666311,0.9400647365607947,0.6814808398142649,70.45202925903354,0.8401284453945115,2.292349295279526
1036,200,20,6,700,4,0.4286091929787854,122833929.36746581,47419166.66666751,29730273.808750145,0.9768886618146829,0.6269674458376454,65.06182812154452,0.9190968259784922,1.849279975627394
1037,200,20,6,700,4,0.8741210821814228,121481051.19799644,45466666.66666772,30314503.59427003,0.9960855066550698,0.6667412813988853,65.78639154986014,0.9080645077159155,2.3155786150164466
1038,200,20,6,700,4,0.3702135661691978,114087496.02802098,43651666.66666797,27862983.257531922,0.9155325175849619,0.63830285038825,70.04974496098274,0.8457802123971065,1.7266360588769043
1039,200,20,6,700,4,0.8215038734926733,114061985.47363886,40938333.3333339,29579968.508363597,0.971949872999524,0.7225494078499334,70.06541194960177,0.8455593940786481,2.245102793851268
1040,200,45,6,600,4,0.6927319239755851,154322972.22679013,77254833.33333036,26085973.5936883,0.9999999999999913,0.33766137946522407,44.67124952640882,0.7445208254401471,1.7073818529879117
1041,200,45,6,600,4,0.7302154647736793,152069904.56012475,75529666.66666423,26085973.593688197,0.9999999999999872,0.3453738741998381,45.33309874784829,0.7555516457974715,1.7620662099310214
1042,200,45,6,600,4,0.6446975699198512,149167972.5601234,73307666.66666417,26085973.593688264,0.9999999999999898,0.35584236656042095,46.21501440077156,0.7702502400128594,1.6996217031810472
1043,200,45,6,600,4,0.6545510387153197,142262715.22679424,68020333.33333181,26085973.593688183,0.9999999999999867,0.38350258393846104,48.45823439409231,0.8076372399015385,1.768990345767627
1044,200,45,6,600,4,0.6576851192527864,157248847.5601222,79495166.66666315,26085973.593688183,0.9999999999999867,0.32814540414854576,43.840066919181965,0.7306677819863661,1.650869224557989
1045,200,45,6,600,4,0.6327634385253769,144408037.8934588,69662999.99999794,26085973.593688283,0.9999999999999906,0.3744595207454323,47.73833991904314,0.7956389986507191,1.7279700537724418
1046,200,45,6,600,4,0.597011642114071,150518376.5601225,74341666.6666638,26085973.59368823,0.9999999999999886,0.3508930423991378,45.80038768386773,0.7633397947311289,1.64106587076451
1047,200,45,6,600,4,0.6440743035456321,152922287.2267899,76182333.33333042,26085973.59368827,0.99999999999999,0.3424149990201919,45.08041388222384,0.7513402313703973,1.669346534132183
1048,200,45,6,600,4,0.6135199301036456,158941641.22678795,80791333.33332948,26085973.593688283,0.9999999999999906,0.32288084027605507,43.373152226127395,0.7228858704354566,1.5947104727599464
1049,200,45,6,600,4,0.6631442376271722,151035552.5601247,74737666.66666424,26085973.59368824,0.9999999999999888,0.3490338240024764,45.64355797788534,0.760725966298089,1.7030972631272423
1050,200,30,10,500,4,0.6071139298461526,118519052.58585303,56686666.66666658,21719261.063536927,0.9991236548115744,0.3831458496448952,48.90184213885467,0.8150307023142445,1.7286613118763132
1051,200,30,10,500,4,0.5107721547999614,113326468.24455662,52680833.33333358,21738311.32807366,0.9999999999999946,0.4126417513277801,51.142509687081755,0.8523751614513626,1.693260717313548
1052,200,30,10,500,4,0.7518865479108386,109325537.24455816,49617333.33333383,21738311.32807366,0.9999999999999944,0.4381192996010825,53.01414606392428,0.8835691010654046,1.9859510886571092
1053,200,30,10,500,4,0.7305682143269969,112277025.58585455,51907166.66666695,21719261.063536838,0.9991236548115703,0.4184250934560106,51.62053385149701,0.8603422308582834,1.9256505199500888
1054,200,30,10,500,4,0.8893643165087831,123638861.9112195,60576999.99999932,21738311.328073587,0.9999999999999911,0.3588542075057172,46.87684689431831,0.7812807815719719,1.9577284640853287
1055,200,30,10,500,4,0.8490126911073594,108928077.91122502,49313000.00000057,21738311.32807366,0.9999999999999944,0.4408231364563788,53.20758532729736,0.8867930887882893,2.088464289060752
1056,200,30,10,500,4,0.4772859998963575,113352805.91122365,52701000.00000038,21738311.328073636,0.9999999999999933,0.4124838490365169,51.13062666079206,0.852177111013201,1.6594501901387722
1057,200,30,10,500,4,0.8632786056255563,116694570.58585341,55289666.666666694,21719261.06353685,0.9991236548115708,0.39282676805557704,49.66640667944332,0.8277734446573887,2.0053134647274065
1058,200,30,10,500,4,0.4937487011303913,118816674.57788782,56884666.666666456,21738311.328073733,0.9999999999999978,0.382147116295085,48.779348694872645,0.8129891449145441,1.6124555390810036
1059,200,30,10,500,4,0.8576600620398841,110889036.91122487,50814500.000000656,21738311.328073636,0.9999999999999934,0.42779740680461986,52.26666369769249,0.8711110616282082,2.071009049111788
1060,200,45,8,600,4,0.7059596942423509,154990974.33977008,77769999.99999717,26083628.27710104,0.9999100928098748,0.33539447443875514,44.47871903100281,0.7413119838500468,1.715587257643402
1061,200,45,8,600,4,0.7302154647736793,152057932.89345804,75520499.99999756,26085973.593688197,0.9999999999999872,0.34541579562753216,45.336667866123484,0.755611131102058,1.7621592323777628
1062,200,45,8,600,4,0.6446975699198512,149139240.5601232,73285666.6666641,26085973.593688264,0.9999999999999898,0.35594918870478326,46.22391782410123,0.7703986304016871,1.6998555512853648
1063,200,45,8,600,4,0.6545510387153197,142020887.56012765,67835166.6666651,26085973.593688186,0.9999999999999868,0.3845494140505606,48.54074719876229,0.8090124533127049,1.7712030232684732
1064,200,45,8,600,4,0.6916819606905273,157682221.89345592,79826999.99999674,26085973.593688175,0.9999999999999865,0.32678133455709524,43.71957673616536,0.7286596122694227,1.6817666406056262
1065,200,45,8,600,4,0.6327634385253769,144400854.89345878,69657499.99999793,26085973.59368828,0.9999999999999903,0.37448908722950225,47.7407145898572,0.79567857649762,1.7280332848065987
1066,200,45,8,600,4,0.597011642114071,150527953.8934559,74348999.99999715,26085973.59368824,0.9999999999999888,0.35085843244279324,45.79747363655425,0.7632912272759041,1.6409896153442096
1067,200,45,8,600,4,0.6440743035456321,153563968.56012323,76673666.66666366,26085973.593688264,0.9999999999999898,0.3402207658477611,44.89204117762133,0.7482006862936889,1.6644516025175298
1068,200,45,8,600,4,0.6135199301036456,160011908.2267877,81610833.3333293,26085973.593688294,0.999999999999991,0.31963861326036674,43.08304348342185,0.7180507247236975,1.5872815454356366
1069,200,45,8,600,4,0.6631442376271722,150920624.56012562,74649666.66666447,26085973.59368824,0.9999999999999888,0.34944527897453004,45.678316135337504,0.7613052689222918,1.704005729729088
1070,200,25,6,700,4,0.45340168590512575,115761319.70544076,45428166.666668005,27548463.008997396,0.9051978914499652,0.6064181108415833,69.0368770875751,0.8601791322365974,1.79871530681499
1071,200,25,6,700,4,0.4446594787022873,122864003.4752625,46773833.33333456,30157171.2096592,0.9909158192296769,0.6447444876870275,65.04590257478525,0.9193408103482377,1.879795879200147
1072,200,25,6,700,4,0.4456083039492445,123437366.3654894,47193666.66666762,30169401.837718863,0.9913176978654142,0.6392680198130736,64.74376629469589,0.9239819228210955,1.881004642620799
1073,200,25,6,700,4,0.4281378912875889,127122695.95351239,49800666.66666741,30306340.631288264,0.9958172849079377,0.6085529102278646,62.866822797107204,0.9533431373536938,1.8683233568235744
1074,200,25,6,700,4,0.4909390957383294,133074552.12017803,54303333.33333372,30341173.96462152,0.9969618518434921,0.5587350186843282,60.055058406529156,0.9990827807941097,1.9370098914799017
1075,200,25,6,700,4,0.45402234692117754,125301242.25860903,49069166.6666676,29883639.46247206,0.9819280088855006,0.609010535383146,63.78069248113069,0.9389326370743627,1.880163412302057
1076,200,25,6,700,4,0.4484433751365993,128762616.69882166,51392000.00000058,30092401.837718762,0.9887876025341803,0.5855464243018061,62.06615091314104,0.9661503176400061,1.8830308322180505
1077,200,25,6,700,4,0.4416915381430234,132540615.78684461,53894500.00000032,30341173.964621477,0.9969618518434906,0.5629734753012143,60.296988606516116,0.9950624200142044,1.8871327383981993
1078,200,25,6,700,4,0.4274905756081816,127128097.52986911,50735666.66666752,29713022.70857285,0.9763218185936806,0.5856436834423978,62.86415163353092,0.9533855805561962,1.849391102918296
1079,200,25,6,700,4,0.43654891940579216,112216226.52261999,44000000.00000117,26728595.99281696,0.8782583887244041,0.6074680907458239,71.21786436464295,0.8294732600670011,1.7519966520694523
1080,200,20,6,500,4,0.47020762380482994,103000980.91122742,44771833.33333443,21738311.328073613,0.9999999999999922,0.4855354295239137,56.26936703637004,0.9378227839395007,1.7964587513634616
1081,200,20,6,500,4,0.8204377286576002,102586761.24455978,44454666.66666749,21738311.328073703,0.9999999999999964,0.4889995349886019,56.496568657462646,0.9416094776243774,2.153246834272859
1082,200,20,6,500,4,0.8320356148631339,87357970.7574837,33606833.33333374,21220243.903114717,0.9761680004881516,0.6314264629648075,66.3454055736922,0.8996434511314835,2.2368202363664635
1083,200,20,6,500,4,0.4253492965083295,97931452.5858573,40920000.00000089,21719261.06353687,0.9991236548115718,0.5307737307804594,59.18221211840777,0.9863702019734628,1.8363384831061598
1084,200,20,6,500,4,0.857149177094411,106015446.57789356,47080000.00000107,21738311.32807363,0.999999999999993,0.46173133662007504,54.66939193376511,0.9111565322294185,2.1376907786198895
1085,200,20,6,500,4,0.846559290318125,97366996.83466344,40855833.33333405,21484681.22726229,0.9883325757468592,0.5258656958964304,59.525303115199385,0.9920883852533231,2.2593402322885927
1086,200,20,6,500,4,0.3844295787367705,109939758.91122457,50084833.333333805,21738311.328073673,0.999999999999995,0.43402982262907536,52.717961703736854,0.8786326950622809,1.6102861319023116
1087,200,20,6,500,4,0.9850521528153112,104230017.87314123,45725166.66666758,21730494.65095377,0.9996404193038713,0.47524145312289734,55.60586209487263,0.9267643682478771,2.2920096835615063
1088,200,20,6,500,4,0.4088294274534446,105841444.28315437,46949833.333334446,21736356.897584256,0.9999100928098771,0.46296984151701803,54.75926787709618,0.9126544646182696,1.6918597652853284
1089,200,20,6,500,4,0.7104739764035463,88447188.15874332,34019333.33333386,21488907.837355398,0.9885270071371048,0.6316675176082737,65.52836919583932,0.9119779319741599,2.127785922464325
1090,200,20,8,300,4,0.8345344094188615,76014495.85234402,38058166.666666925,12846931.927286344,0.9849685602989833,0.33756045160573306,47.356756887429846,0.7892792814571641,1.893862052160612
1091,200,20,8,300,4,0.7657399525774414,80953473.94673666,41532333.33333413,13042986.796844307,1.0000000000000033,0.31404416150093634,44.467517260204154,0.7411252876700692,1.7581005694482599
1092,200,20,8,300,4,0.9759631893419387,69894415.28906584,33507833.333333522,12760379.838489506,0.9783326501240395,0.38081781389892216,51.50339959368895,0.8583899932281491,2.1390074336892253
1093,200,20,8,300,4,0.982765160494999,67497058.41970582,31648833.333333597,12775263.748025764,0.9794737928521652,0.40365670397620734,53.33269455412349,0.8888782425687248,2.1945687662446898
1094,200,20,8,300,4,1.0,75902576.25813198,37676833.3333339,13035366.158189327,0.9994157290217619,0.34597828439728556,47.42658520255863,0.7904430867093104,2.067225714227139
1095,200,20,8,300,4,0.8397266511888758,77924642.28007038,39213166.666667596,13042986.796844326,1.0000000000000047,0.3326175339960817,46.195913059977784,0.7699318843329631,1.8757525627187044
1096,200,20,8,300,4,0.3930714697000323,80637421.94673693,41290333.33333431,13042986.796844311,1.0000000000000036,0.31588475422441087,44.64180417843417,0.7440300696405695,1.3898093427201306
1097,200,20,8,300,4,0.8777866578721238,85455343.55151471,44997333.33333416,13031556.638122201,0.9991236548115782,0.28960730942845414,42.124925726030774,0.7020820954338463,1.8115546008487333
1098,200,20,8,300,4,0.8562444265769407,90214755.2800678,48623666.66666706,13042986.796844304,1.0000000000000029,0.26824358776269847,39.9025634866999,0.6650427247783316,1.735882021565431
1099,200,20,8,300,4,0.7863266633771645,81616704.28006946,42040166.6666674,13042986.796844328,1.0000000000000049,0.3102505967747694,44.10616713518852,0.7351027855864753,1.7696299263834554
1100,200,30,8,500,4,0.5650787809198955,120780027.91121982,58387999.999999404,21738311.328073636,0.9999999999999934,0.37230785997249194,47.986410503731975,0.799773508395533,1.6626985772934222
1101,200,30,8,500,4,0.5005149698829274,111478042.91122453,51265500.000000544,21738311.328073643,0.9999999999999937,0.4240339278476444,51.990507266219964,0.8665084544369994,1.7062505665980423
1102,200,30,8,500,4,0.4753870543718636,117815843.24455538,56118333.33333328,21738311.328073647,0.9999999999999938,0.38736559047382607,49.19372336001882,0.819895389333647,1.6051749160845716
1103,200,30,8,500,4,0.5117647538506125,115165316.24455644,54088833.33333342,21738311.328073613,0.9999999999999922,0.4019001703014531,50.325915727027336,0.8387652621171223,1.6720501522088973
1104,200,30,8,500,4,0.4710968853432007,124045898.57788733,60888666.66666633,21738311.328073617,0.9999999999999925,0.3570173649404991,46.72302806014073,0.7787171343356788,1.5354279116312788
1105,200,30,8,500,4,0.5522875878342713,119053713.57788807,57066166.66666644,21738311.32807361,0.9999999999999921,0.3809316903139986,48.6822277593906,0.81137046265651,1.6684034027419803
1106,200,30,8,500,4,0.4772859998963575,113403086.91122366,52739500.00000037,21738311.328073636,0.9999999999999933,0.4121827345362296,51.107956210549865,0.8517992701758311,1.6588314577011722
1107,200,30,8,500,4,0.9050897080701865,117032896.24455476,55518833.33333308,21738311.32807363,0.9999999999999929,0.3915484174092346,49.52282807638082,0.8253804679396803,2.0437089099372545
1108,200,30,8,500,4,0.4937487011303913,118869349.91122113,56924999.999999784,21738311.32807371,0.9999999999999967,0.38187635183265334,48.757732790905784,0.8126288798484297,1.6118786624449437
1109,200,30,8,500,4,0.5152774321654198,113537169.5778904,52842166.66666696,21738311.328073647,0.9999999999999938,0.41138190765720917,51.04759984371358,0.8507933307285597,1.6951762890197468
1110,200,20,2,500,4,0.47020762380482994,102196484.91122773,44155833.333334506,21738311.328073587,0.9999999999999911,0.4923089360350202,56.71232239577009,0.9452053732628348,1.809260145895681
1111,200,20,2,500,4,0.3868129173231746,100599464.5778944,42933000.00000118,21738311.328073584,0.9999999999999909,0.5063310583484263,57.61263267472262,0.9602105445787104,1.752088308580626
1112,200,20,2,500,4,0.38620088486797266,104092796.9112278,45607833.33333454,21738311.3280736,0.9999999999999917,0.47663547551567575,55.67916486039626,0.9279860810066044,1.6954953462871178
1113,200,20,2,500,4,0.4001901586781974,98502028.57789382,41327000.000001065,21738311.328073647,0.9999999999999938,0.526007484890582,58.83939735735264,0.9806566226225439,1.801652769213207
1114,200,20,2,500,4,0.38279798200930476,100564666.53168742,43039333.33333456,21653553.212143656,0.9961009797563868,0.503110795059009,57.6325681761573,0.960542802935955,1.745829420992467
1115,200,20,2,500,4,0.43061031347704637,101916347.91122717,43941333.33333438,21738311.328073632,0.9999999999999931,0.49471214637865146,56.868207297305744,0.9478034549550958,1.7741834855350633
1116,200,20,2,500,4,0.3844295787367705,107804013.57789257,48449500.00000081,21738311.328073658,0.9999999999999943,0.4486797867485381,53.7623768136639,0.896039613561065,1.639413021696666
1117,200,20,2,500,4,0.3936311676480876,98321728.91919024,41218833.3333341,21719261.063536886,0.9991236548115725,0.5269256625459191,58.94729541181601,0.9824549235302668,1.7976266212150898
1118,200,20,2,500,4,0.4069074558176998,101504522.57789451,43626000.00000126,21738311.32807358,0.9999999999999907,0.4982879779964459,57.09893365147653,0.9516488941912755,1.757186732406132
1119,200,20,2,500,4,0.46262076701146,99330467.91122621,41961333.33333413,21738311.32807364,0.9999999999999936,0.518055781387783,58.34866302230481,0.9724777170384136,1.8495431091601
1120,200,30,10,300,4,0.49384817396404246,97880138.28006673,54495833.3333336,13042986.796844296,1.0000000000000024,0.23933915675836195,36.777635005988735,0.6129605834331456,1.2982800828038776
1121,200,30,10,300,4,0.49325742529451794,97868166.61339945,54486666.666666776,13042986.79684434,1.000000000000006,0.2393794224307656,36.78213380884096,0.6130355634806827,1.297796526719813
1122,200,30,10,300,4,0.7656194883406211,92787914.21817926,50614666.66666705,13031556.638122225,0.99912365481158,0.2574660171911065,38.796000862089834,0.646600014368164,1.6181923164616703
1123,200,30,10,300,4,0.4744830078510513,100731789.28006595,56679333.33333345,13042986.796844305,1.000000000000003,0.23011891689229957,35.736484239264605,0.5956080706544101,1.254186212019301
1124,200,30,10,300,4,0.8800456276234758,105831719.28006199,60584333.3333324,13042986.796844333,1.0000000000000053,0.2152864623446854,34.01437701747872,0.5669062836246453,1.6191810811238696
1125,200,30,10,300,4,0.7723930223627196,89097723.61340287,47771166.66666768,13042986.796844337,1.0000000000000056,0.2730305267161306,40.40282797369344,0.673380466228224,1.664197909963848
1126,200,30,10,300,4,0.5292731659955514,94358073.94673477,51799000.00000068,13042986.7968443,1.0000000000000027,0.2517999729115259,38.15041839484866,0.6358403065808109,1.366553450905583
1127,200,30,10,300,4,0.8343035111110817,99661522.28006554,55859833.33333334,13042986.796844319,1.0000000000000042,0.23349491071719958,36.12025902919645,0.6020043171532741,1.6231037568381155
1128,200,30,10,300,4,0.8061184482380844,94331736.28006673,51778833.33333361,13042986.796844298,1.0000000000000024,0.2518980432192864,38.161070091112855,0.6360178348518809,1.6436547176653944
1129,200,30,10,300,4,0.9036004908002983,100267288.61339794,56323666.666666426,13042986.796844319,1.0000000000000042,0.23157204721835772,35.90203794060695,0.5983672990101159,1.6872254275851004
1130,200,20,10,800,4,0.8771383202203777,114164930.5322221,42452666.666667245,28664998.144893453,0.8241497497287853,0.6752225571591827,79.61989691251534,0.7210849819394929,2.138401347887217
1131,200,20,10,800,4,0.8095625695192183,115142015.46239589,41845833.33333394,29528643.466273274,0.8489804883135851,0.7056531347112898,78.94424952956142,0.7292508591116629,2.1033359363999127
1132,200,20,10,800,4,0.9752192038938604,99328989.61573766,37961000.000000335,24287338.6769495,0.6982872976655683,0.6397971253905135,91.51205539454934,0.5914365190846843,2.0784934232909555
1133,200,20,10,800,4,0.9273907634475564,105365597.24679047,38908833.33333396,26629328.573347002,0.7656220442867605,0.6844031622642649,86.26914512437676,0.6454425422705401,2.1203558355295087
1134,200,20,10,800,4,0.9417387182968595,101264187.75242367,38192000.00000066,25084562.755370572,0.7212083535605444,0.6568014965272867,89.76322431206627,0.6089289172460499,2.0761088327647386
1135,200,20,10,800,4,0.9389412293536972,98052032.90657268,36433833.33333377,24637520.696227882,0.7083554100753092,0.67622642039389,92.70384030345471,0.5798046717207955,2.059727037389605
1136,200,20,10,800,4,0.9749591799979028,89388134.07323843,33473000.000000153,22296354.029561333,0.6410443322006943,0.6660996632976199,101.68911225456893,0.4991650194615609,2.00700393009756
1137,200,20,10,800,4,0.9602831053955744,131136997.86883534,49085666.66666722,32720327.250122115,0.9407448546804129,0.6665963706334179,69.3152973434066,0.8561968573646349,2.3497570592669437
1138,200,20,10,800,4,0.8357176929283686,117943800.84068471,42797333.33333414,30289564.099893652,0.8708577808426766,0.7077441920032341,77.06890854126581,0.7524040423055643,2.15431708883652
1139,200,20,10,800,4,0.9501697192873749,104185827.45676234,38393666.66666713,26381909.284249455,0.7585084716935545,0.687142218358474,87.24603165216799,0.6350188931524117,2.1349023871265658
1140,200,25,10,800,4,0.8310075540213774,129301894.15237708,49456000.0000007,31589567.99367563,0.9082343010953992,0.638740860435037,70.2990475088326,0.8422732505324386,2.1842734929018457
1141,200,25,10,800,4,0.799419717742999,117558205.79573041,43576500.00000094,29605643.466273364,0.8511943217284145,0.6793947073829409,77.32169726879357,0.7492407230728068,2.0921762067221588
1142,200,25,10,800,4,0.9677724583031346,106617285.28240505,40799000.00000055,26036338.67694941,0.748572942373777,0.6381611970133841,85.25634446537612,0.6564300935731395,2.134731509486982
1143,200,25,10,800,4,0.8153995739905437,113998078.34240264,42194166.66666753,28749225.64294749,0.8265713815422827,0.6813554553657947,79.73643180806992,0.7196858150930836,2.0801697533762633
1144,200,25,10,800,4,0.9071170064168308,137316677.96707314,52206000.00000017,33748320.46546582,0.9703007732562993,0.6464452450956922,66.19589211282567,0.9018880600624775,2.3261612625558623
1145,200,25,10,800,4,0.930649629113176,124729719.89133908,47058000.0000007,30886597.636897787,0.8880231418036123,0.6563516859385722,72.87597541242593,0.8068644519325738,2.2625954297966073
1146,200,25,10,800,4,0.8784196828202293,125207167.55800675,47072666.666667625,31110264.303564403,0.8944538007704891,0.6608987020825342,72.59808026396588,0.8106101815148579,2.2177488260011144
1147,200,25,10,800,4,0.9389174899423258,137412124.58972648,51285666.666666985,34381508.34052007,0.9885056106025115,0.6703921499935628,66.14991236864692,0.9025794679896302,2.3778106779268064
1148,200,25,10,800,4,0.8767199342869318,133114268.61902778,52706500.000000186,31378353.48252508,0.9021616550891469,0.5953412479015865,68.28569239271376,0.8710160517352576,2.2240089843434587
1149,200,25,10,800,4,0.9695142775693181,125176718.97475968,47760166.66666741,30657202.52550358,0.8814277838451391,0.6418989853923549,72.6157393678999,0.8103716391295304,2.2934051050127326
1150,200,45,10,500,4,0.7017083525783301,148211193.57787883,79396166.6666632,21738311.328073587,0.999999999999991,0.2737954770453805,39.105008603513795,0.6517501433918966,1.572494877606531
1151,200,45,10,500,4,0.6682638851733322,134958558.57788447,69248666.66666555,21738311.3280737,0.9999999999999962,0.3139166770201214,42.94503483938182,0.7157505806563637,1.635147807445793
1152,200,45,10,500,4,0.657428263422462,138348209.91918015,71873999.9999982,21719261.0635369,0.9991236548115733,0.3021852278089079,41.892844174751325,0.6982140695791887,1.597390515248777
1153,200,45,10,500,4,0.6462946059603069,132683941.91121435,67506999.99999812,21738311.328073595,0.9999999999999915,0.322015662495359,43.681246701867416,0.7280207783644569,1.631927914321051
1154,200,45,10,500,4,0.6570864612496328,143386611.91121292,75701999.99999705,21738311.3280736,0.9999999999999917,0.28715636744173795,40.42078910120872,0.6736798183534787,1.5604913735565018
1155,200,45,10,500,4,0.6694583022956808,137465425.57788113,71168166.66666453,21738311.32807362,0.9999999999999927,0.3054499272110088,42.16187434502493,0.7026979057504155,1.6165161498149034
1156,200,45,10,500,4,0.6685018555106225,149463429.9112136,80354999.99999683,21738311.328073654,0.9999999999999942,0.27052842172950675,38.77737854298475,0.6462896423830792,1.531214235277307
1157,200,45,10,500,4,0.6158053106379966,147124166.24454626,78563833.33333014,21738311.328073688,0.9999999999999958,0.2766961641986398,39.393936074148144,0.6565656012358024,1.493727843232711
1158,200,45,10,500,4,0.635279094138004,160692853.2445463,88953333.33332941,21738311.328073695,0.9999999999999961,0.24437882779069162,36.06756543914128,0.6011260906523547,1.4319082470229119
1159,200,45,10,500,4,0.6469143873384204,133561688.02799012,68221999.99999857,21710959.506099053,0.9987417687803833,0.31823985673389094,43.39418051369186,0.7232363418948643,1.6247426146203976
1160,200,25,10,500,4,0.7953056987833504,106781469.58585645,47697833.333334014,21719261.063536875,0.9991236548115721,0.45535110393281103,54.27720766981907,0.9046201278303179,2.064206709759917
1161,200,25,10,500,4,0.8503844779781726,106254454.08644697,47450333.33333404,21619807.42790515,0.994548615190013,0.4556302539758378,54.54641925207792,0.9091069875346319,2.1239956686934747
1162,200,25,10,500,4,0.8676545619410955,107427939.58585651,48192833.333334036,21719261.063536946,0.9991236548115754,0.45067408494769207,53.95058326859179,0.8991763878098632,2.1273702177091125
1163,200,25,10,500,4,0.8958466195675084,96701326.25252406,39979500.00000095,21719261.06353683,0.99912365481157,0.5432599473114049,59.935062161039596,0.9989177026839933,2.3293722801006256
1164,200,25,10,500,4,0.7810412622070422,103967922.76116663,46269666.666667864,21256420.088414915,0.9778321677159656,0.4594029224707555,55.7460401831247,0.9291006697187449,2.0776642699023915
1165,200,25,10,500,4,0.879437231897176,104338083.20843807,46676666.6666676,21177658.959704567,0.9742090192790106,0.453709754189191,55.548269833763634,0.9258044972293938,2.1682095324779227
1166,200,25,10,500,4,0.44221309514430335,109593141.57789212,49820833.333334066,21738311.32807366,0.9999999999999946,0.4363297414683953,52.88469621870178,0.8814116036450296,1.672688491964049
1167,200,25,10,500,4,0.7968861626741273,104770954.24456154,46128500.00000144,21738311.328073565,0.99999999999999,0.471255543277429,55.31876694060796,0.9219794490101326,2.095870046306203
1168,200,25,10,500,4,0.7863033831486947,111704943.5778902,51437833.33333353,21738311.328073654,0.9999999999999941,0.4226132774139703,51.88490154832471,0.8647483591387453,1.9891423642186163
1169,200,25,10,500,4,0.924905770638313,110981854.91122445,50884166.666667156,21738311.328073654,0.9999999999999942,0.4272116996722644,52.22295126204298,0.8703825210340497,2.1370576514101742
1170,200,25,2,700,4,0.45340168590512575,114947303.52640787,44984500.000001416,27433974.22794981,0.9014359754706561,0.6098539325311818,69.52577185217723,0.853198658925926,1.7944834908559972
1171,200,25,2,700,4,0.4446594787022873,123164862.95351368,46770166.66666782,30306340.631288324,0.9958172849079397,0.6479844480196616,64.88701248355514,0.9217786058569775,1.8848256429749939
1172,200,25,2,700,4,0.4468135381090241,122793741.28684725,46486000.00000123,30306340.63128829,0.9958172849079386,0.6519455455682891,65.08312163346409,0.9187707038639711,1.8871406784276266
1173,200,25,2,700,4,0.4281378912875889,125587711.48188981,48788666.66666773,30202234.98383885,0.9923965418875934,0.6190420244559158,63.63520686617851,0.9412120860512269,1.8645835969035485
1174,200,25,2,700,4,0.4909390957383294,133182297.12017795,54385833.33333371,30341173.964621514,0.9969618518434917,0.5578874516578393,60.006473629063066,0.9998921120026109,1.9371411690672118
1175,200,25,2,700,4,0.45402234692117754,125132548.4535136,48222166.66666779,30341173.964621536,0.9969618518434926,0.6291955766805895,63.86667656632064,0.9375880463519395,1.8949668546175886
1176,200,25,2,700,4,0.4350096606615007,119814067.66085775,45831500.0000014,29269299.818213403,0.9617418028370749,0.6386284502626471,66.70168333339086,0.8943172310079175,1.840229651879536
1177,200,25,2,700,4,0.4409881186015623,129977121.51108316,51960333.3333339,30322885.722017463,0.9963609298015578,0.5835775826819908,61.48620547284961,0.9755341701244901,1.883384354871645
1178,200,25,2,700,4,0.4274905756081816,126412231.65956753,50347000.00000098,29611379.368584838,0.9729819830098577,0.5881458551370342,63.2201480432858,0.9477456313857568,1.8457528911035659
1179,200,25,2,700,4,0.43654891940579216,112199466.18928663,43987166.666667834,26728595.992816992,0.8782583887244051,0.6076453206310086,71.22850287466962,0.8293262004449456,1.7519913763555448
1180,200,50,10,700,4,0.6929158820769473,171998124.03131303,84210499.99999642,30279670.260936745,0.9949409397195148,0.3595711967146381,46.464460266700684,0.7744076711116781,1.754980510560336
1181,200,50,10,700,4,0.6645155465240651,160559971.62016642,75410499.9999978,30306340.63128827,0.9958172849079381,0.4018848917762004,49.77454791102009,0.8295757985170016,1.815599258462027
1182,200,50,10,700,4,0.649202297772236,170616171.6201629,83110499.99999619,30306340.631288197,0.9958172849079355,0.3646511647901238,46.84081188852296,0.7806801981420493,1.7216034277463843
1183,200,50,10,700,4,0.7080413650113893,162315017.95349607,76754333.33333007,30306340.63128819,0.9958172849079354,0.39484859440669345,49.23635595006794,0.8206059325011323,1.8445261730378764
1184,200,50,10,700,4,0.6828748463703911,164854949.12016383,78644499.99999693,30341173.964621488,0.996961851843491,0.38580160042498424,48.477768138915415,0.807962802315257,1.7994789290256354
1185,200,50,10,700,4,0.7190433280518242,157918565.4534994,73333333.3333309,30341173.964621533,0.9969618518434924,0.41374328133576194,50.60709598678098,0.8434515997796831,1.893489552900117
1186,200,50,10,700,4,0.6654258428424391,169524355.62016264,82274499.99999619,30306340.631288163,0.9958172849079345,0.36835642430266446,47.14248858675197,0.7857081431125329,1.7458191253971036
1187,200,50,10,700,4,0.657567616222695,163325426.62016276,77527999.9999967,30306340.6312882,0.9958172849079358,0.39090832513787904,48.93175646548962,0.815529274424827,1.7858235507578253
1188,200,50,10,700,4,0.7018205003186468,175062448.62016186,86514999.99999568,30306340.631288245,0.9958172849079372,0.3503015734992748,45.6511379967045,0.760852299945075,1.7429140590631418
1189,200,50,10,700,4,0.7661735783531743,170376738.28683197,82927166.66666348,30306340.631288268,0.9958172849079379,0.36545732658524965,46.90663807958148,0.7817773013263579,1.8403167409477321
1190,200,45,2,500,4,0.7017083525783301,145895873.24454483,77623333.3333297,21738311.328073576,0.9999999999999906,0.2800486708645329,39.725592445547186,0.6620932074257865,1.587840496695743
1191,200,45,2,500,4,0.6610794384109404,130785235.57788244,66053166.66666518,21738311.328073606,0.9999999999999919,0.3291032425103126,44.31539978034148,0.7385899963390247,1.6629520287582151
1192,200,45,2,500,4,0.6405211193560825,132757441.58584565,67593166.666665,21719261.063536856,0.9991236548115712,0.321323325043272,43.65706306755114,0.727617717792519,1.625197497183219
1193,200,45,2,500,4,0.6462946059603069,132810841.57788067,67604166.66666476,21738311.3280736,0.9999999999999917,0.32155283320417943,43.63950962995236,0.7273251604992059,1.6308620330228563
1194,200,45,2,500,4,0.6570864612496328,143494356.9112126,75784499.99999699,21738311.328073595,0.9999999999999915,0.2868437652564107,40.39043851449965,0.6731739752416608,1.559735448696422
1195,200,45,2,500,4,0.6694583022956808,135875588.24454582,69950833.33333078,21738311.3280736,0.9999999999999917,0.3107655805111837,42.655197117298584,0.7109199519549764,1.6289907186596042
1196,200,45,2,500,4,0.6660111121800559,148833720.2445435,79872833.3333291,21738311.328073587,0.999999999999991,0.2721615150091676,38.94144411949875,0.6490240686583124,1.5327643928457024
1197,200,45,2,500,4,0.6158053106379966,145510385.57787806,77328166.66666318,21738311.328073584,0.9999999999999909,0.2811176349464024,39.83083390908927,0.6638472318181545,1.504546650413273
1198,200,45,2,500,4,0.5787245651957098,151369319.24454486,81814333.33332957,21738311.328073606,0.999999999999992,0.2657029696680036,38.28913302197382,0.6381522170328969,1.4294391579630097
1199,200,45,2,500,4,0.6308444117643909,132166041.25251192,67140333.3333315,21719261.063536804,0.9991236548115687,0.3234905158380318,43.85241431970216,0.730873571995036,1.6205103964298524
1200,200,30,2,900,4,0.5029235925438389,129811021.22509113,48508166.666667804,32443072.502889697,0.8291319825287068,0.6688167113349767,78.4817799278726,0.7348935167281342,1.7728704783399545
1201,200,30,2,900,4,0.48036255477295237,150898717.56359062,57218333.33333314,37183052.33297143,0.9502693647329263,0.6498450787854398,67.51415893052062,0.8822886736159182,1.8825272914172224
1202,200,30,2,900,4,0.4864874104106649,149040179.30195385,53920166.66666689,38378204.800042674,0.9808133008647028,0.7117597584090526,68.35606376559453,0.8699950739929768,1.9258902911308837
1203,200,30,2,900,4,0.49637790659136455,147678935.81607142,53067666.66666718,38257229.453101024,0.9777215921728735,0.7209141056343282,68.98614175205408,0.8609067977942446,1.9340159888930717
1204,200,30,2,900,4,0.4870791558464953,161385272.7259392,63194999.999999374,38491509.38308532,0.9837089715370585,0.6090910575692016,63.12719759318243,0.9492149922902174,1.923566994192074
1205,200,30,2,900,4,0.5332233955575432,144023469.34353426,51998833.33333369,37154462.18164992,0.9495387000018382,0.7145249191164481,70.7370822716358,0.8361465592172825,1.9409898900679843
1206,200,30,2,900,4,0.5071990672455996,145391334.3582036,53254666.66666705,37021590.86946634,0.9461429718542606,0.695180219626438,70.07157644554049,0.8454725244171094,1.9088157673638593
1207,200,30,2,900,4,0.46141690803833857,147085838.56837487,53526000.00000033,37675638.149524,0.96285814326515,0.7038754651855877,69.2643159882728,0.8569246677946926,1.8814419479815014
1208,200,30,2,900,4,0.46712530950792186,158866890.5592712,61321333.33333223,38456676.049752146,0.9828187528094073,0.627133722626484,64.12789955248141,0.9335149269016537,1.9023472145107627
1209,200,30,2,900,4,0.6052903620795034,121169559.9572047,45536333.33333478,30119867.55679178,0.7697589523507822,0.6614469227530577,84.07887264423655,0.6694394597052886,1.8038873599872383
1210,200,20,2,900,4,0.3985913063506586,126784550.34920917,45428166.666667946,32927378.24103082,0.8415091510838494,0.7248229602272428,80.35521656179101,0.7123017797796815,1.6907514543121342
1211,200,20,2,900,4,0.3916504247248202,116888408.18052547,41129000.00000089,30837856.278114192,0.7881082443880972,0.7497837603178664,87.15834323165475,0.6359476350486291,1.6274250680277424
1212,200,20,2,900,4,0.3887904754012578,113570394.29072922,38597166.666667625,30832273.28325661,0.7879655624767491,0.7988221920414498,89.70471630062512,0.6095229938519333,1.637371222886351
1213,200,20,2,900,4,0.38994792255115923,128924095.98758043,43483000.00000121,35211386.68663285,0.8998804551718221,0.8097736284670302,79.02169041372541,0.7283102357430034,1.7660770610677867
1214,200,20,2,900,4,0.402207760656452,122091972.63814515,42471000.000001326,32522049.766459003,0.8311503664259803,0.7657472102483573,83.4436513708767,0.67656447928871,1.6913700081438479
1215,200,20,2,900,4,0.4220938011440378,118019012.25281602,41283000.00000095,31291482.472496875,0.799701350615689,0.7579750132620243,86.32337964476491,0.644859384758843,1.6733331965125005
1216,200,20,2,900,4,0.4007795698617787,131370568.64605583,45719666.666668266,34979754.66701712,0.8939607471779504,0.765092075627904,77.55009440088826,0.7463940706972368,1.7592473010613388
1217,200,20,2,900,4,0.35451489672049696,115732279.67687026,40953000.00000119,30385795.514982786,0.7765551451332346,0.7419675119034479,88.02902723807738,0.626785780910139,1.5748746871533943
1218,200,20,2,900,4,0.4427399487399131,134756096.97801062,48865666.666667625,34626827.547425225,0.8849411587179082,0.7086126090047794,75.60177408271505,0.7710287876524365,1.7806588235961733
1219,200,20,2,900,4,0.4142771067808826,119449282.15745139,42049333.33333451,31501066.93872511,0.8050575999035936,0.7491454546736586,85.28975491515311,0.6560646682465624,1.6696581387663718
1220,200,20,8,400,4,0.5361009938296944,87991758.73535313,40124333.333334185,17375408.85082955,0.9991236548115758,0.4330391911183366,53.38909083666865,0.8898181806111441,1.772350527335508
1221,200,20,8,400,4,0.7743162193378087,89648637.40201998,41393000.000000864,17375408.8508296,0.9991236548115789,0.41976684103179857,52.40235809645611,0.8733726349409352,1.9835023271041827
1222,200,20,8,400,4,0.7201674301690967,90496332.26231441,42018166.66666734,17390649.062459048,1.0000000000000024,0.4138840516393807,51.91149610774132,0.8651916017956887,1.9164662732762898
1223,200,20,8,400,4,0.8514103943840274,85209543.40201835,37994000.00000046,17375408.850829598,0.9991236548115787,0.4573198097286253,55.13232218409849,0.9188720364016415,2.1361382785685694
1224,200,20,8,400,4,0.8929709767924349,98577207.26231438,48205666.666667454,17390649.062458955,0.999999999999997,0.36075943483391315,47.656046772547874,0.7942674462091313,1.9758459708686966
1225,200,20,8,400,4,0.8078391969587179,83847268.59564738,36927000.00000057,17390649.062459014,1.0000000000000004,0.4709467073539346,56.02806243641751,0.9338010406069585,2.118397603448824
1226,200,20,8,400,4,0.42210531302504495,100281972.59564681,49511000.00000071,17390649.062459037,1.0000000000000016,0.35124818853302875,46.845907379009105,0.7807651229834851,1.483868986834953
1227,200,20,8,400,4,0.8967859124420137,91715047.928982,42951333.33333429,17390649.06245897,0.9999999999999979,0.40489194892960834,51.221692689270164,0.8536948781545027,2.0743943497402033
1228,200,20,8,400,4,0.7496671141688035,99975497.9289792,49276333.333333805,17390649.062458944,0.9999999999999963,0.35292092341405495,46.98951340394656,0.7831585567324427,1.81516240963249
1229,200,20,8,400,4,0.9749963076218534,90082842.01084213,41717500.000000626,17380488.210919037,0.999415729021759,0.41662343646955785,52.14977564134339,0.8691629273557232,2.177457984153223
1230,200,20,8,700,4,0.7977912248583978,108869942.96569526,40029000.000000805,27625623.376781628,0.9077332562069383,0.6901402327507825,73.40685392402753,0.7997568256970804,2.1496602367561044
1231,200,20,8,700,4,0.852422878526729,110187089.41665165,40491000.000000924,27973975.963875916,0.9191795582099178,0.6908689823386747,72.529368388891,0.8115390223587564,2.2166570867564253
1232,200,20,8,700,4,0.8738483009514206,89462519.69131735,33850666.66666701,22091938.681299485,0.7259053365635304,0.6526293528822456,89.33126439513454,0.613328617101272,2.009280400358489
1233,200,20,8,700,4,0.7433038670203975,96819249.02415556,34270500.00000054,25414743.46387826,0.8350873218491636,0.741592432671769,82.54350328627436,0.6867911370320157,2.0233689501898287
1234,200,20,8,700,4,0.8593279176102119,112405340.06922476,41618500.00000098,28337926.990021694,0.9311383996650876,0.6808973651145771,71.09804565404326,0.8311313553812956,2.235177165083169
1235,200,20,8,700,4,0.9722029850517625,96796207.29902674,35944333.33333359,24336623.37678172,0.7996620413443708,0.6770642579761728,82.56315224532929,0.6865662616732342,2.200420653105935
1236,200,20,8,700,4,0.9222388080809066,114012768.86499283,42318833.333334096,28676039.953631062,0.94224824421907,0.6776188683595691,70.0956575264251,0.8451332609661485,2.3094671637347104
1237,200,20,8,700,4,0.8037804947317465,113094586.02465318,42471000.00000104,28130938.681299448,0.924337098970055,0.6623564003978893,70.66474427217841,0.837155253308488,2.170820868358546
1238,200,20,8,700,4,0.8766458273554075,99928762.46732573,36257833.333333984,25665624.923046846,0.8433308804015636,0.7078642754819799,79.97497219695003,0.7168302596617816,2.159767507402773
1239,200,20,8,700,4,0.8892170307487066,100981096.0586759,36710666.66666725,25890580.14901911,0.8507225449076464,0.7052604188342724,79.14154541713727,0.7268568274486057,2.1802821932647305
1240,200,25,8,700,4,0.4574241638605087,122512638.59734258,48240500.00000084,29050860.060520336,0.9545642260696151,0.602208933583189,65.23245349621709,0.9164868514648312,1.8556781621918912
1241,200,25,8,700,4,0.8424218766849456,115966265.22077261,44040333.333334476,28533068.108395193,0.937550420866749,0.6478849261297095,68.91486920601854,0.8619300557485545,2.2226598733372676
1242,200,25,8,700,4,0.9212208575642236,123939372.42281303,48698833.33333402,29455033.06790802,0.9678446967059926,0.6048406307045193,64.48152708677893,0.9280291657192906,2.3331225278471295
1243,200,25,8,700,4,0.4281378912875889,125579621.41192171,49764000.000000656,29576624.73332642,0.9718400019656246,0.5943377689358981,63.63930636313665,0.9411477799800442,1.8447558864163516
1244,200,25,8,700,4,0.9156536553287822,129207703.78684579,51342500.00000073,30341173.96462149,0.9969618518434911,0.5909563025684581,61.8523490920022,0.9695992037651789,2.3580179011487274
1245,200,25,8,700,4,0.7857488280229501,125910014.74369434,49212166.66666726,30089600.655779347,0.9886955602309745,0.6114260495699706,63.47231406706062,0.9437708356830286,2.218660503361955
1246,200,25,8,700,4,0.4484433751365993,127710136.7129413,51379166.66666721,29586926.165416688,0.9721784903453204,0.5758545356986401,62.57764814678304,0.9579489385860024,1.867075942281514
1247,200,25,8,700,4,0.4416915381430234,132416110.45351142,53799166.666667044,30341173.964621466,0.9969618518434903,0.5639710769613145,60.35368334433715,0.9941226173826909,1.8869910170947661
1248,200,25,8,700,4,0.8486969971060003,125698067.62017943,48709833.33333413,30306340.631288182,0.9958172849079351,0.6221811605039574,63.579338579402354,0.9420888926475742,2.2885308181567403
1249,200,25,8,700,4,0.43654891940579216,112305655.49718434,44390500.00000117,26523342.686113372,0.8715140973866063,0.597500426580297,71.16115359123981,0.8302576318629605,1.7448068925329903
