int(self),self.nb_electrical,self.nb_activeCS_Cparking,self.nb_activeCS_Cparking_fast,self.nb_solar,self.nb_wind,self.avg_statisfied_day,self.monthly_profit,self.monthly_energy_consumption,self.monthly_renew_charge,self.self_consumption,self.self_sufficiency,self.payback_period,self.payback_period_norm,self.metric
0,50,40,4,500,0,1.0,89535099.91122401,34466666.666666925,21738311.328073665,0.9999999999999947,0.6307053576810494,61.336838909491796,0.9779657319261348,2.4825300180709746
1,50,40,4,500,0,1.0,81063948.5778901,27980333.333333403,21738311.3280736,0.9999999999999917,0.776913951277929,67.7465148977195,0.8788785303022068,2.50040969132455
2,50,40,4,500,0,1.0,91124212.58585548,35713333.33333376,21719261.06353685,0.9991236548115708,0.6081555272597513,60.26718743743032,0.9955567764978804,2.4820811983056816
3,50,40,4,500,0,1.0,91749858.2445586,36162500.0000006,21738311.3280736,0.9999999999999916,0.6011285538354161,59.85622326915913,0.9976037211526522,2.478506564220985
4,50,40,4,500,0,1.0,89056233.24455757,34100000.000000365,21738311.328073665,0.9999999999999947,0.6374871357206285,61.66665487545327,0.9726046682528162,2.482594376829319
5,50,40,4,500,0,1.0,80572528.36125144,29676166.666666828,20417579.971327778,0.9392440683724889,0.6880127140632832,68.15970792646853,0.8728468814028958,2.4232570526535224
6,50,40,4,500,0,1.0,77848895.3609104,28358000.00000006,19928508.554210186,0.9167459354799864,0.7027473218918874,70.54435357804127,0.8388367013676141,2.4010345588811237
7,50,40,4,500,0,1.0,93076607.98618568,37258833.33333374,21687036.75915926,0.9976412809559727,0.5820643004341437,59.003009658614616,0.9833834943102436,2.4490349346575586
8,50,40,4,500,0,1.0,72626694.60088567,27692499.99999992,17804029.413154054,0.8190162126421094,0.6429188196498729,75.61682422943461,0.7708354103001103,2.2851704660200087
9,50,40,4,500,0,1.0,79880600.23178583,30761500.00000025,19388115.128575668,0.8918869012395195,0.6302720975432119,68.75010933899719,0.8643001664413711,2.3685178444759405
10,50,35,4,500,0,1.0,89536933.24455735,34466666.666666925,21738311.328073665,0.9999999999999947,0.6307053576810494,61.33558299344397,0.9779862028546645,2.4825504889995043
11,50,35,4,500,0,1.0,81065781.91122343,27980333.333333403,21738311.3280736,0.9999999999999917,0.776913951277929,67.74498278464972,0.8789009729434615,2.5004321339658047
12,50,35,4,500,0,1.0,91126045.91918883,35713333.33333376,21719261.06353685,0.9991236548115708,0.6081555272597513,60.265974942775024,0.9955768951556703,2.4821013169634716
13,50,35,4,500,0,1.0,91751691.57789195,36162500.0000006,21738311.3280736,0.9999999999999916,0.6011285538354161,59.85502725405096,0.997583787567516,2.4784866306358486
14,50,35,4,500,0,1.0,89058066.57789092,34100000.000000365,21738311.328073665,0.9999999999999947,0.6374871357206285,61.66538541679239,0.972625246494171,2.482614955070674
15,50,35,4,500,0,1.0,80574361.69458477,29676166.666666828,20417579.971327778,0.9392440683724889,0.6880127140632832,68.15815706758607,0.8728694427334572,2.423279613984084
16,50,35,4,500,0,1.0,77850728.69424371,28358000.00000006,19928508.554210186,0.9167459354799864,0.7027473218918874,70.5426923050248,0.8388599273021045,2.401057784815614
17,50,35,4,500,0,1.0,93078441.31951903,37258833.33333374,21687036.75915926,0.9976412809559727,0.5820643004341437,59.00184749707816,0.9833641249513027,2.4490155652986174
18,50,35,4,500,0,1.0,72628527.934219,27692499.99999992,17804029.413154054,0.8190162126421094,0.6429188196498729,75.61491546371454,0.7708599330936271,2.2851949888135255
19,50,35,4,500,0,1.0,79882433.56511915,30761500.00000025,19388115.128575668,0.8918869012395195,0.6302720975432119,68.7485314968923,0.8643228955601256,2.368540573594695
20,50,45,4,500,0,1.0,89533266.57789066,34466666.666666925,21738311.328073665,0.9999999999999947,0.6307053576810494,61.3380948769733,0.9779452605877745,2.482509546732614
21,50,45,4,500,0,1.0,81062115.24455677,27980333.333333403,21738311.3280736,0.9999999999999917,0.776913951277929,67.74804708009107,0.8788560872189175,2.5003872482412604
22,50,45,4,500,0,1.0,91122379.25252216,35713333.33333376,21719261.06353685,0.9991236548115708,0.6081555272597513,60.2683999808751,0.9955366574371206,2.4820610792449216
23,50,45,4,500,0,1.0,91748024.91122526,36162500.0000006,21738311.3280736,0.9999999999999916,0.6011285538354161,59.857419332065476,0.9976236555344246,2.4785264986027573
24,50,45,4,500,0,1.0,89054399.91122425,34100000.000000365,21738311.328073665,0.9999999999999947,0.6374871357206285,61.66792438638199,0.972584089599596,2.482573798176099
25,50,45,4,500,0,1.0,80570695.02791812,29676166.666666828,20417579.971327778,0.9392440683724889,0.6880127140632832,68.16125885592852,0.8728243196287875,2.4232344908794143
26,50,45,4,500,0,1.0,77847062.02757706,28358000.00000006,19928508.554210186,0.9167459354799864,0.7027473218918874,70.54601492930522,0.8388134749822744,2.4010113324957842
27,50,45,4,500,0,1.0,93074774.65285236,37258833.33333374,21687036.75915926,0.9976412809559727,0.5820643004341437,59.00417186593424,0.9834028644322373,2.449054304779552
28,50,45,4,500,0,1.0,72624861.26755235,27692499.99999992,17804029.413154054,0.8190162126421094,0.6429188196498729,75.61873309152399,0.770810887048677,2.285145942768575
29,50,45,4,500,0,1.0,79878766.89845248,30761500.00000025,19388115.128575668,0.8918869012395195,0.6302720975432119,68.75168725352964,0.8642774368770328,2.3684951149116023
30,50,40,2,500,0,1.0,88376242.5778908,33579333.333333656,21738311.32807363,0.9999999999999929,0.6473717364273686,62.14113476435454,0.9649436439446012,2.482841033086496
31,50,40,2,500,0,1.0,81207608.57789011,28090333.333333403,21738311.328073595,0.9999999999999915,0.7738716045166264,67.62666819245824,0.880635796342183,2.4997330799554844
32,50,40,2,500,0,1.0,91140972.9191886,35726166.66666705,21719261.06353684,0.9991236548115705,0.6079370693806111,60.256104626723484,0.9957406862710315,2.4820903417755202
33,50,40,2,500,0,1.0,91476904.24455859,35953500.00000061,21738311.328073576,0.9999999999999906,0.6046229526492053,60.034825679255256,0.9994197404281508,2.483118102547515
34,50,40,2,500,0,1.0,88900601.57789105,33980833.33333373,21738311.328073673,0.999999999999995,0.6397227258917553,61.774610098541466,0.9708562790567399,2.482634459770144
35,50,40,2,500,0,1.0,80741521.36125137,29489166.666666806,20619246.63799444,0.9485210845870012,0.6992142867604829,68.01704881715999,0.8749246765384643,2.4342961059468506
36,50,40,2,500,0,1.0,77841712.36091042,28352500.00000007,19928508.55421018,0.9167459354799862,0.7028836453296933,70.55086319963593,0.838745697812599,2.4010526140763537
37,50,40,2,500,0,1.0,93100551.31951904,37277166.66666709,21687036.759159263,0.9976412809559729,0.5817780346099002,58.987835433457995,0.9831305905576333,2.4485530182455535
38,50,40,2,500,0,1.0,74478152.46520433,27699833.333333246,18702946.21695359,0.8603679437049836,0.6752006769097402,73.73706004006652,0.7953675050269163,2.3355280465547086
39,50,40,2,500,0,1.0,79913431.31237431,30290333.333333522,19704452.242902335,0.9064389568041178,0.6505194916827881,68.72186452028389,0.8647071289139499,2.3851227222601805
40,50,40,6,500,0,1.0,90796968.545054,35460333.333333544,21720810.091940656,0.9991949128030694,0.612538237803946,60.48439819083757,0.9919591984076258,2.4819897886507825
41,50,40,6,500,0,1.0,81040005.24455665,27962000.000000037,21738311.3280736,0.9999999999999916,0.7774233362446737,67.76653065886711,0.8785853888213361,2.500524057817075
42,50,40,6,500,0,1.0,91073931.58585557,35674833.33333379,21719261.06353683,0.9991236548115701,0.6088118439292841,60.30046034438372,0.9950048450818595,2.482054320225287
43,50,40,6,500,0,1.0,93061952.91122526,37167166.66666724,21738311.328073673,0.999999999999995,0.5848794319737405,59.01230124881219,0.9835383541468699,2.4514418997258622
44,50,40,6,500,0,1.0,89034684.24455774,34083500.00000039,21738311.32807366,0.9999999999999946,0.6377957465657405,61.68158001117062,0.9723627607303686,2.482599357982961
45,50,40,6,500,0,1.0,80307300.43416649,29613833.33333344,20327867.62689081,0.9351171450304208,0.6864314861936393,68.38481645267123,0.8695782622694155,2.418723451224327
46,50,40,6,500,0,1.0,78684180.36091039,28836500.00000006,20031175.220876876,0.9214687800982849,0.694646549368919,69.79547826272177,0.8493720467549006,2.405089286250036
47,50,40,6,500,0,1.0,94510813.6528526,38357000.000000454,21687036.759159286,0.9976412809559738,0.5653997121557741,58.10763644646966,0.968460607441161,2.42078037716578
48,50,40,6,500,0,1.0,74210656.80913147,29571666.66666676,17379320.063021585,0.7994788463893785,0.5877017436630174,74.0028485952471,0.7918519710149893,2.2620133659454034
49,50,40,6,500,0,1.0,78888611.43422046,31368333.333333675,18517196.07982065,0.8518231154370651,0.590314948615497,69.61461103392872,0.8519363025336186,2.3241882614260163
50,50,40,4,400,0,1.0,76981176.033781,31931166.6666668,17227544.672416076,0.9906211441874804,0.539521303817566,57.076290937305316,0.9512715156217553,2.382888558675808
51,50,40,4,400,0,1.0,72553047.92897834,28284666.666666657,17390649.06245907,1.0000000000000036,0.6148436984394045,60.55982657408217,0.990712950615882,2.482587909367406
52,50,40,4,400,0,1.0,86590923.40201949,39057333.333334014,17375408.850829605,0.999123654811579,0.44486930796169655,50.74203885782245,0.8457006476303742,2.2015960939997314
53,50,40,4,400,0,1.0,83945285.92898127,37007666.666667335,17390649.06245899,0.9999999999999988,0.4699201713822903,52.341235739160005,0.8723539289860001,2.2482900660918324
54,50,40,4,400,0,1.0,83171916.26231377,36415500.000000454,17390649.062459048,1.0000000000000024,0.47756172680476255,52.82792795277804,0.880465465879634,2.262514847323444
55,50,40,4,400,0,1.0,77913960.26231289,32389500.00000027,17390649.06245897,0.9999999999999979,0.5369224304931792,56.3929748302794,0.9398829138379899,2.3694208582325333
56,50,40,4,400,0,1.0,77296222.26231286,31916500.000000257,17390649.062458992,0.9999999999999991,0.5448795783516004,56.84365770281991,0.9473942950469986,2.3832979577282787
57,50,40,4,400,0,1.0,82410417.40201816,35856333.333333716,17375408.850829616,0.9991236548115796,0.4845840953479933,53.31607506082598,0.8886012510137663,2.276268527292161
58,50,40,4,400,0,1.0,76941860.92897928,31645166.666666884,17390649.062459003,0.9999999999999997,0.5495515079962359,57.105455300277576,0.9517575883379596,2.3913987947349487
59,50,40,4,400,0,1.0,72016149.68542787,28442333.33333332,17028125.436193947,0.9791541060392257,0.5986894688502099,61.01131508963557,0.9832860035144905,2.4622375785946584
60,50,40,4,600,0,1.0,83821313.16012898,29474500.00000014,22131665.60604913,0.8484124821549257,0.7508750142003775,78.6172364946264,0.7332362855772719,2.333936296937574
61,50,40,4,600,0,1.0,92297206.2268014,29760500.00000008,26085973.593688264,0.9999999999999898,0.8765300849679338,71.39761071214791,0.8269920653225943,2.5282161332969415
62,50,40,4,600,0,1.0,96141927.85391894,33520666.666666962,25565692.461648297,0.9800551384378418,0.7626844870323205,68.54241585432683,0.8672971758326186,2.477444765458475
63,50,40,4,600,0,1.0,98740000.70793347,35742666.66666717,25417396.148331534,0.9743702322263043,0.7111219872141001,66.73890979089823,0.8937625320647132,2.4626601218359934
64,50,40,4,600,0,1.0,98299799.89346924,34356666.66666711,26085973.593688272,0.9999999999999902,0.7592696301645854,67.03777634483066,0.8893216726497696,2.496737376781438
65,50,40,4,600,0,1.0,82080516.957083,28119666.666666683,22145631.50662882,0.8489478618496695,0.7875495740808498,80.28458207013453,0.7131408247974438,2.3431804840621235
66,50,40,4,600,0,1.0,89807808.14200607,29261833.333333466,25188882.613635093,0.9656102166617815,0.8608101319797112,73.37669336701842,0.8001589452787822,2.488807050862551
67,50,40,4,600,0,1.0,98525639.46231443,35348500.0000006,25564014.216192525,0.9799908032712916,0.7231994063734554,66.88411296757496,0.8916021945371662,2.4701617196359305
68,50,40,4,600,0,1.0,85786444.53797656,29813666.666666772,22874554.679343976,0.8768909696695565,0.7672506349216992,76.81633194487713,0.7555780458120033,2.3693785537493626
69,50,40,4,600,0,1.0,79127603.41630718,29194000.000000082,20019719.9038426,0.7674515130493862,0.6857477530945585,83.28067217364917,0.6784047431250024,2.227002945600649
70,50,35,4,600,0,1.0,83823146.49346232,29474500.00000014,22131665.60604913,0.8484124821549257,0.7508750142003775,78.61551702206697,0.7332572988729125,2.3339573102332145
71,50,35,4,600,0,1.0,92299039.56013475,29760500.00000008,26085973.593688264,0.9999999999999898,0.8765300849679338,71.39619254333202,0.82701161245957,2.528235680433917
72,50,35,4,600,0,1.0,96143761.18725227,33520666.666666962,25565692.461648297,0.9800551384378418,0.7626844870323205,68.54110884184696,0.8673160688422723,2.477463658468129
73,50,35,4,600,0,1.0,98741834.0412668,35742666.66666717,25417396.148331534,0.9743702322263043,0.7111219872141001,66.73767065381782,0.8937809904935597,2.4626785802648397
74,50,35,4,600,0,1.0,98301633.22680257,34356666.66666711,26085973.593688272,0.9999999999999902,0.7592696301645854,67.03652608493232,0.8893402042299137,2.496755908361582
75,50,35,4,600,0,1.0,82082350.29041633,28119666.666666683,22145631.50662882,0.8489478618496695,0.7875495740808498,80.28278889048093,0.7131621382762194,2.343201797540899
76,50,35,4,600,0,1.0,89809641.47533941,29261833.333333466,25188882.613635093,0.9656102166617815,0.8608101319797112,73.37519548844291,0.8001789212104793,2.4888270267942483
77,50,35,4,600,0,1.0,98527472.79564776,35348500.0000006,25564014.216192525,0.9799908032712916,0.7231994063734554,66.88286843272297,0.8916206885623895,2.4701802136611537
78,50,35,4,600,0,1.0,85788277.87130989,29813666.666666772,22874554.679343976,0.8768909696695565,0.7672506349216992,76.81469034598516,0.755598718696187,2.369399226633546
79,50,35,4,600,0,1.0,79129436.74964051,29194000.000000082,20019719.9038426,0.7674515130493862,0.6857477530945585,83.27874266121246,0.6784265599822826,2.2270247624579294
80,50,45,4,600,0,1.0,83819479.82679567,29474500.00000014,22131665.60604913,0.8484124821549257,0.7508750142003775,78.6189560424038,0.7332152719646364,2.3339152833249384
81,50,45,4,600,0,1.0,92295372.89346808,29760500.00000008,26085973.593688264,0.9999999999999898,0.8765300849679338,71.3990289373041,0.8269725178711008,2.528196585845448
82,50,45,4,600,0,1.0,96140094.5205856,33520666.666666962,25565692.461648297,0.9800551384378418,0.7626844870323205,68.54372291665457,0.8672782825139841,2.4774258721398406
83,50,45,4,600,0,1.0,98738167.37460014,35742666.66666717,25417396.148331534,0.9743702322263043,0.7111219872141001,66.74014897399432,0.8937440733316342,2.4626416631029144
84,50,45,4,600,0,1.0,98297966.56013592,34356666.66666711,26085973.593688272,0.9999999999999902,0.7592696301645854,67.03902665136565,0.8893031407645411,2.4967188448962094
85,50,45,4,600,0,1.0,82078683.62374967,28119666.666666683,22145631.50662882,0.8489478618496695,0.7875495740808498,80.28637532989411,0.7131195110035548,2.3431591702682346
86,50,45,4,600,0,1.0,89805974.80867276,29261833.333333466,25188882.613635093,0.9656102166617815,0.8608101319797112,73.37819130675044,0.8001389690302089,2.488787074613978
87,50,45,4,600,0,1.0,98523806.12898108,35348500.0000006,25564014.216192525,0.9799908032712916,0.7231994063734554,66.88535754874364,0.891583700207293,2.4701432253060576
88,50,45,4,600,0,1.0,85784611.20464323,29813666.666666772,22874554.679343976,0.8768909696695565,0.7672506349216992,76.81797361393551,0.7555573726098427,2.369357880547202
89,50,45,4,600,0,1.0,79125770.08297385,29194000.000000082,20019719.9038426,0.7674515130493862,0.6857477530945585,83.28260177549895,0.6783829259583708,2.2269811284340175
90,50,40,2,600,0,1.0,85214957.75870742,29436000.000000123,22836363.311553497,0.8754269120734957,0.7757970957858881,77.33149406304368,0.7491183971063021,2.3697560737350125
91,50,40,2,600,0,1.0,91274825.89346814,28977666.666666776,26085973.59368822,0.9999999999999882,0.9002095956778711,72.1973439608783,0.8160423172280016,2.5362099937702984
92,50,40,2,600,0,1.0,97113316.02029228,33507833.333333604,26047951.368288975,0.9985424264399029,0.777369014259017,67.85681171285543,0.877264389332099,2.499159600739313
93,50,40,2,600,0,1.0,100117098.89346942,35748166.66666717,26085973.59368827,0.99999999999999,0.7297150043224939,65.82092442582601,0.907542023437479,2.4913140268954743
94,50,40,2,600,0,1.0,97600654.56013593,33821333.333333775,26085973.593688257,0.9999999999999896,0.7712875579620728,67.51798980958415,0.8822323430607711,2.4992623894304296
95,50,40,2,600,0,1.0,82058841.45708299,28042666.66666668,22184131.5066288,0.8504237507928868,0.79108494817286,80.30578890693313,0.7128888116519828,2.345756770190271
96,50,40,2,600,0,1.0,90327282.69211571,29256333.333333474,25445914.11686083,0.9754634622116399,0.8697574582208082,72.95470209661467,0.805806450144297,2.5016124167209437
97,50,40,2,600,0,1.0,98472964.12898108,35308166.66666727,25564014.21619253,0.9799908032712918,0.7240255337393736,66.91989073639137,0.8910706940655508,2.4702911210570497
98,50,40,2,600,0,1.0,86909129.40682659,29800833.333333515,23430652.874650422,0.8982088703915365,0.7862415326635255,75.82402498997281,0.7681780399628956,2.397171266093716
99,50,40,2,600,0,1.0,78869830.74015935,28471666.66666671,20354319.541317236,0.7802783157858421,0.7148973672534287,83.55286093754188,0.6753341441047491,2.247252037907492
100,50,40,6,600,0,1.0,86752721.26020378,30228000.000000127,23082049.744689945,0.8848452468829693,0.7635983109927831,75.96072958028292,0.7664298079097561,2.3773084567039824
101,50,40,6,600,0,1.0,92891000.89346805,30215166.66666674,26085973.593688272,0.9999999999999902,0.8633403840352211,70.94120998391982,0.8333067146434399,2.5239790218716167
102,50,40,6,600,0,1.0,96555019.10485145,33480333.33333367,25793006.55841045,0.9887691738157337,0.7703927646601545,68.2491708985524,0.8715463932535535,2.487860604981677
103,50,40,6,600,0,1.0,97767833.54126684,36272500.00000053,24605229.481664933,0.943236003566995,0.678343910170641,67.40253681921375,0.8839315834264466,2.4266067115629597
104,50,40,6,600,0,1.0,98306982.89346918,34362166.66666708,26085973.59368828,0.9999999999999903,0.7591481016531154,67.03287809311641,0.8893942776368348,2.496712758959327
105,50,40,6,600,0,1.0,80204169.05715674,28123333.333333366,21227556.071493205,0.8137536440897566,0.7548022782325415,82.16281120378969,0.6911625896482457,2.2950044122342788
106,50,40,6,600,0,1.0,90593460.83309267,29527666.66666678,25402876.93171877,0.9738136412844091,0.8603076300775093,72.74034946231822,0.808690377477517,2.4969364815395245
107,50,40,6,600,0,1.0,98309894.17458117,35337500.00000059,25465732.474985532,0.9762231945656396,0.7206432960731548,67.0308930278947,0.8894237032177448,2.465938340076269
108,50,40,6,600,0,1.0,84603903.40682651,30405833.333333515,21919986.20798384,0.8402977994767026,0.7209138446455026,77.8900232098308,0.7421773460700852,2.3189084217864875
109,50,40,6,600,0,1.0,76282088.07349285,29194000.00000011,18630986.20798398,0.7142147154703755,0.6381786054663257,86.38725245238639,0.6441732670354233,2.154716151408484
110,50,40,4,700,0,1.0,93284247.18993106,30600166.66666686,26032501.800844207,0.8553858606048313,0.8507307193591769,82.41262840817359,0.6882908338150153,2.3688754093023565
111,50,40,4,700,0,1.0,100325404.41505934,31351833.33333367,28989788.554607823,0.9525575152646738,0.9246600747837451,76.62864699946351,0.7579452567018816,2.4976733165288776
112,50,40,4,700,0,1.0,89688986.96671677,29590000.00000003,24921724.564852428,0.818887519061712,0.84223469296561,85.71620953699603,0.6514181703116971,2.325205924684185
113,50,40,4,700,0,1.0,108326973.75415972,37024166.66666739,29279443.02301475,0.9620750921242386,0.7908197714919764,70.96847381195111,0.8329281484768881,2.465583965670469
114,50,40,4,700,0,1.0,109953068.86410227,37104833.333333984,30021631.623930447,0.9864622078913747,0.8091029908214092,69.91892158555231,0.8476263546913995,2.4949087473485267
115,50,40,4,700,0,1.0,99147363.74685477,33683833.33333368,26928474.41687966,0.88482607012096,0.7994480364035977,77.53912670465611,0.7465305202252797,2.386088949348158
116,50,40,4,700,0,1.0,92281729.18993084,29027166.666666802,26545835.13417765,0.87225316281304,0.914516922682,83.30793178113572,0.6780965956798795,2.409710133825479
117,50,40,4,700,0,1.0,103381760.88720858,34651833.33333388,28378054.28040013,0.9324569174578333,0.8189481349346504,74.36321391727436,0.7871102915670355,2.442268799514756
118,50,40,4,700,0,1.0,79286036.42427316,27483499.999999985,21187287.501678593,0.696179963499229,0.7709093638611751,96.96284928232842,0.5400748769386811,2.156802368027621
119,50,40,4,700,0,1.0,88550201.02326402,30844000.000000093,23566668.467510995,0.7743625696404219,0.7640600592501272,86.81854937833796,0.6395593707325044,2.2508074181326063
120,50,35,4,700,0,1.0,93286080.5232644,30600166.66666686,26032501.800844207,0.8553858606048313,0.8507307193591769,82.41100876869575,0.6883094137825659,2.3688939892699072
121,50,35,4,700,0,1.0,100327237.74839267,31351833.33333367,28989788.554607823,0.9525575152646738,0.9246600747837451,76.62724672316781,0.7579629457879008,2.497691005614897
122,50,35,4,700,0,1.0,89690820.30005011,29590000.00000003,24921724.564852428,0.818887519061712,0.84223469296561,85.71445744705386,0.6514371929765135,2.3252249473490014
123,50,35,4,700,0,1.0,108328807.08749305,37024166.66666739,29279443.02301475,0.9620750921242386,0.7908197714919764,70.96727275682872,0.8329448218540899,2.465600639047671
124,50,35,4,700,0,1.0,109954902.1974356,37104833.333333984,30021631.623930447,0.9864622078913747,0.8091029908214092,69.91775579224058,0.8476428241369843,2.494925216794112
125,50,35,4,700,0,1.0,99149197.08018811,33683833.33333368,26928474.41687966,0.88482607012096,0.7994480364035977,77.5376929556212,0.7465483593953014,2.3861067885181795
126,50,35,4,700,0,1.0,92283562.52326417,29027166.666666802,26545835.13417765,0.87225316281304,0.914516922682,83.30627676041385,0.6781153003364713,2.409728838482071
127,50,35,4,700,0,1.0,103383594.22054191,34651833.33333388,28378054.28040013,0.9324569174578333,0.8189481349346504,74.36189521134355,0.7871275912073058,2.442286099155026
128,50,35,4,700,0,1.0,79287869.75760649,27483499.999999985,21187287.501678593,0.696179963499229,0.7709093638611751,96.96060725937804,0.5400950583202218,2.1568225494091617
129,50,35,4,700,0,1.0,88552034.35659735,30844000.000000093,23566668.467510995,0.7743625696404219,0.7640600592501272,86.81675193413825,0.6395785305575138,2.2508265779576155
130,50,45,4,700,0,1.0,93282413.85659774,30600166.66666686,26032501.800844207,0.8553858606048313,0.8507307193591769,82.41424811131485,0.6882722536187094,2.3688568291060506
131,50,45,4,700,0,1.0,100323571.08172601,31351833.33333367,28989788.554607823,0.9525575152646738,0.9246600747837451,76.63004732693707,0.7579275673821991,2.497655627209195
132,50,45,4,700,0,1.0,89687153.63338344,29590000.00000003,24921724.564852428,0.818887519061712,0.84223469296561,85.71796169856862,0.6513991474246966,2.3251869017971845
133,50,45,4,700,0,1.0,108325140.42082638,37024166.66666739,29279443.02301475,0.9620750921242386,0.7908197714919764,70.9696749077277,0.8329114748690882,2.4655672920626692
134,50,45,4,700,0,1.0,109951235.53076893,37104833.333333984,30021631.623930447,0.9864622078913747,0.8091029908214092,69.92008741774106,0.8476098850166017,2.494892277673729
135,50,45,4,700,0,1.0,99145530.41352144,33683833.33333368,26928474.41687966,0.88482607012096,0.7994480364035977,77.54056050671488,0.7465126808218181,2.3860711099446963
136,50,45,4,700,0,1.0,92279895.85659751,29027166.666666802,26545835.13417765,0.87225316281304,0.914516922682,83.3095868676185,0.6780778907960401,2.40969142894164
137,50,45,4,700,0,1.0,103379927.55387524,34651833.33333388,28378054.28040013,0.9324569174578333,0.8189481349346504,74.3645326699769,0.7870929916934184,2.442251499641139
138,50,45,4,700,0,1.0,79284203.09093982,27483499.999999985,21187287.501678593,0.696179963499229,0.7709093638611751,96.96509140896595,0.5400546953779661,2.1567821864669066
139,50,45,4,700,0,1.0,88548367.68993068,30844000.000000093,23566668.467510995,0.7743625696404219,0.7640600592501272,86.82034689696738,0.6395402106881185,2.25078825808822
140,50,40,2,700,0,1.0,92123101.80005062,30196833.333333522,25722891.23151905,0.8452125585795162,0.8518406863253506,83.45138027034795,0.6764773332542509,2.3579498823145313
141,50,40,2,700,0,1.0,102518921.92427436,31383000.000000343,30040454.168345507,0.987080686225744,0.9572206025027938,74.98908353404845,0.7789424918328619,2.544718973835097
142,50,40,2,700,0,1.0,89921776.35659693,28937333.333333295,25451335.134177502,0.8362896648905409,0.8795328457187095,85.4943075135993,0.653831814332488,2.3574580909074556
143,50,40,2,700,0,1.0,107305710.21972449,36316500.000000656,29232078.031424504,0.9605187551880533,0.8049255305831778,71.64390398477471,0.8236043135467765,2.467544738013319
144,50,40,2,700,0,1.0,109616081.1777495,36564000.000000626,30201885.722017586,0.9923850657096278,0.8260005940820773,70.13387011649996,0.8445951868133956,2.5053956620790574
145,50,40,2,700,0,1.0,98608114.77909103,32517833.333333742,27408487.609771855,0.9005985264620731,0.8428755793417411,77.96315766935369,0.7412732515346496,2.4155737150080423
146,50,40,2,700,0,1.0,92272151.85659751,29019833.33333347,26545835.13417765,0.87225316281304,0.9147480217843266,83.31657867855736,0.6779988788595295,2.4097972962869907
147,50,40,2,700,0,1.0,103329085.55387524,34611500.000000544,28378054.28040013,0.9324569174578333,0.8199024682663185,74.40112296350114,0.7866131386313776,2.4425351132444324
148,50,40,2,700,0,1.0,80729276.7576065,27512833.333333317,21872954.16834523,0.7187098600201876,0.7950091473074473,95.22939271564374,0.5559057323380422,2.191913050184
149,50,40,2,700,0,1.0,87011453.13338378,30160166.666666806,23251557.89818587,0.76400854652002,0.7709359883572404,88.35388587540338,0.6234013384779202,2.2401501291637125
150,50,40,6,700,0,1.0,93167381.35659778,30565333.33333354,25997668.467510898,0.8542412936692754,0.8505606068152608,82.51600386378765,0.6871059818375466,2.3675544672897555
151,50,40,6,700,0,1.0,100756361.19743435,32151166.66666694,28690631.623930305,0.9427277028800958,0.8923667349737457,76.30088967718459,0.76209695441848,2.4759903423974765
152,50,40,6,700,0,1.0,89218280.73299916,29626666.66666668,24668628.957051456,0.8105712071701243,0.8326494922497113,86.1684392126659,0.6465267832562495,2.3126463770560184
153,50,40,6,700,0,1.0,107321306.08749303,37048000.00000073,28773443.023014702,0.9454487513761491,0.7766530723119773,71.63349273566023,0.8237472384413086,2.4450696962908904
154,50,40,6,700,0,1.0,107822037.38639106,37123166.66666731,28969911.364757866,0.9519043829888639,0.780372849786271,71.30082297044713,0.8283271868014658,2.4526254666304825
155,50,40,6,700,0,1.0,98186602.95596483,33687500.000000335,26457244.81338692,0.8693422283062235,0.785372758838936,78.29785091401786,0.7371497772229915,2.36544798429414
156,50,40,6,700,0,1.0,92716684.06633261,29337000.00000006,26560628.957051635,0.8727392638803715,0.9053628168201104,82.91711548376657,0.6825278651284417,2.40681811858453
157,50,40,6,700,0,1.0,101183489.33691286,34763666.66666722,27233922.56559816,0.8948626017444113,0.7834019013797276,75.978799015339,0.7661990267682228,2.392920547872005
158,50,40,6,700,0,1.0,81692403.44628827,29283833.333333556,21214194.133538548,0.6970640718582941,0.7244336454200003,94.10666935579428,0.5664058041227683,2.1459527204587685
159,50,40,6,700,0,1.0,85049971.63338374,30858666.666666806,21849057.898185976,0.7179246672726062,0.7080363560162205,90.39156453971576,0.6025852826533509,2.1690143674663274
160,50,40,4,800,0,1.0,95623049.7900954,31934833.333333693,26323242.617582638,0.7568217414727296,0.8242799435595094,91.87952088210879,0.5878253799662766,2.2472493348138842
161,50,40,4,800,0,1.0,91078413.1024957,27470666.666666586,26950653.53952931,0.7748604851588712,0.9810702399964588,96.4641312987397,0.5445826695226805,2.3294388615198476
162,50,40,4,800,0,1.0,115595425.06403297,37559500.0000007,32485546.47667029,0.9339946531034446,0.864908917229188,76.00473803468599,0.7658678575021145,2.457794991285465
163,50,40,4,800,0,1.0,111946894.7299715,38028833.33333392,30405761.37789302,0.8741985784627666,0.7995449429483564,78.48185535822444,0.7348925928407727,2.374528547199458
164,50,40,4,800,0,1.0,105938983.79015653,33443666.666667026,30396155.09524427,0.8739223874300384,0.9088762723956886,82.93264373200779,0.6823512469488308,2.4094522648653816
165,50,40,4,800,0,1.0,96324679.2935198,30548833.333333526,27549082.297146015,0.7920659602238739,0.9018047267646612,91.21026993744749,0.5944187951980827,2.3158625766098115
166,50,40,4,800,0,1.0,94269483.7964379,29212333.33333347,27397922.464504793,0.7877199512825652,0.9378888756291749,93.19877065383892,0.57504162803042,2.32535272853376
167,50,40,4,800,0,1.0,117740933.99074285,37742833.333333954,33415793.227952387,0.9607402549478925,0.8853546561497813,74.6197579908001,0.783752001586416,2.492035726506241
168,50,40,4,800,0,1.0,83823944.79529497,28240666.666666586,22919375.69316483,0.6589568799545447,0.8115734647375497,104.81253323803422,0.47384474460556075,2.1231035163956005
169,50,40,4,800,0,1.0,86165869.45676084,28984999.99999999,23587909.28424946,0.6781779449269782,0.8137971117560624,101.9638060335343,0.4968849506912848,2.1479226400961346
170,50,35,4,800,0,1.0,95624883.12342876,31934833.333333693,26323242.617582638,0.7568217414727296,0.8242799435595094,91.8777593553724,0.5878426380549993,2.2472665929026068
171,50,35,4,800,0,1.0,91080246.43582903,27470666.666666586,26950653.53952931,0.7748604851588712,0.9810702399964588,96.46218959442619,0.5446002934498241,2.329456485446991
172,50,35,4,800,0,1.0,115597258.39736632,37559500.0000007,32485546.47667029,0.9339946531034446,0.864908917229188,76.00353262530463,0.7658832440616783,2.4578103778450284
173,50,35,4,800,0,1.0,111948728.06330484,38028833.33333392,30405761.37789302,0.8741985784627666,0.7995449429483564,78.48057009662315,0.7349083351632245,2.3745442895219098
174,50,35,4,800,0,1.0,105940817.12348986,33443666.666667026,30396155.09524427,0.8739223874300384,0.9088762723956886,82.93120856108592,0.682367568655169,2.40946858657172
175,50,35,4,800,0,1.0,96326512.62685314,30548833.333333526,27549082.297146015,0.7920659602238739,0.9018047267646612,91.20853397894906,0.5944359935528643,2.315879774964593
176,50,35,4,800,0,1.0,94271317.12977125,29212333.33333347,27397922.464504793,0.7877199512825652,0.9378888756291749,93.19695817876094,0.5750589991031174,2.3253700996064572
177,50,35,4,800,0,1.0,117742767.32407618,37742833.333333954,33415793.227952387,0.9607402549478925,0.8853546561497813,74.61859611145277,0.7837671788211009,2.492050903740926
178,50,35,4,800,0,1.0,83825778.1286283,28240666.666666586,22919375.69316483,0.6589568799545447,0.8115734647375497,104.81024090845226,0.47386284842347987,2.1231216202135195
179,50,35,4,800,0,1.0,86167702.79009418,28984999.99999999,23587909.28424946,0.6781779449269782,0.8137971117560624,101.96163661693919,0.4969029168570485,2.1479406062618986
180,50,45,4,800,0,1.0,95621216.45676208,31934833.333333693,26323242.617582638,0.7568217414727296,0.8242799435595094,91.88128247639222,0.587808121722478,2.2472320765700857
181,50,45,4,800,0,1.0,91076579.76916237,27470666.666666586,26950653.53952931,0.7748604851588712,0.9810702399964588,96.46607308122461,0.5445650454563786,2.3294212374535457
182,50,45,4,800,0,1.0,115593591.73069964,37559500.0000007,32485546.47667029,0.9339946531034446,0.864908917229188,76.00594348230331,0.7658524707636141,2.4577796045469644
183,50,45,4,800,0,1.0,111945061.39663817,38028833.33333392,30405761.37789302,0.8741985784627666,0.7995449429483564,78.48314066192336,0.7348768503399243,2.3745128046986093
184,50,45,4,800,0,1.0,105937150.4568232,33443666.666667026,30396155.09524427,0.8739223874300384,0.9088762723956886,82.9340789526034,0.6823349250679931,2.409435942984544
185,50,45,4,800,0,1.0,96322845.96018647,30548833.333333526,27549082.297146015,0.7920659602238739,0.9018047267646612,91.21200596202766,0.5944015966862364,2.3158453780979653
186,50,45,4,800,0,1.0,94267650.46310458,29212333.33333347,27397922.464504793,0.7877199512825652,0.9378888756291749,93.20058319941553,0.5750242568068182,2.3253353573101583
187,50,45,4,800,0,1.0,117739100.65740952,37742833.333333954,33415793.227952387,0.9607402549478925,0.8853546561497813,74.62091990633101,0.78373682417299,2.492020549092815
188,50,45,4,800,0,1.0,83822111.46196164,28240666.666666586,22919375.69316483,0.6589568799545447,0.8115734647375497,104.81482566789056,0.4738266406874159,2.123085412477456
189,50,45,4,800,0,1.0,86164036.12342751,28984999.99999999,23587909.28424946,0.6781779449269782,0.8137971117560624,101.96597554244782,0.49686698441061145,2.1479046738154612
190,50,40,2,800,0,1.0,97184307.29009536,31896333.33333368,27109742.617582705,0.7794344684956064,0.8499328852088247,90.40348431742554,0.602465583166665,2.282411891333725
191,50,40,2,800,0,1.0,89197670.83333315,26592499.999999944,26592499.999999754,0.764563182906286,0.9999999999999929,98.49808765092494,0.5264311136803765,2.3264311136803713
192,50,40,2,800,0,1.0,116836804.39736632,37572333.333334036,33083213.143337026,0.9511782172280554,0.8805205907716601,75.19719531286707,0.7762453869048553,2.4806618595221837
193,50,40,2,800,0,1.0,112385577.95341934,36842666.66666733,31375901.39259018,0.9020911548471464,0.8516186321816087,78.17551112867406,0.738654356376,2.4199492621212872
194,50,40,2,800,0,1.0,108472154.52658832,33463833.333333693,31619597.296203382,0.909097676074099,0.944888679705046,80.99590202060986,0.7047362213168495,2.4606471650808865
195,50,40,2,800,0,1.0,97475421.00343406,30583666.666666888,28088491.460923854,0.8075745580295262,0.9184147789426922,90.13349118738842,0.6051827181221429,2.3399145412762965
196,50,40,2,800,0,1.0,95168361.62977125,29236166.666666802,27821422.46450483,0.7998960350641142,0.9516097914513885,92.31849586923606,0.5835403967735857,2.3448282299346968
197,50,40,2,800,0,1.0,117688258.65740952,37702500.000000626,33415793.227952387,0.9607402549478925,0.8863017897474129,74.65315656998088,0.7833158529325044,2.492357284730435
198,50,40,2,800,0,1.0,84245367.17009985,27969333.333333284,23297991.460923757,0.6698424934356493,0.8329834387992967,104.28822729516494,0.4780035491175741,2.1443903001570117
199,50,40,2,800,0,1.0,87178186.6234274,29038166.666666627,24048075.950916078,0.6914082350965376,0.8281540713973946,100.77979756508253,0.5067876027004518,2.1693108598183675
200,50,40,6,800,0,1.0,94648475.46018706,31960500.00000037,25831248.96381244,0.7426763909454668,0.8082241818435927,92.82558390172548,0.5786294060158251,2.2252087514906993
201,50,40,6,800,0,1.0,95079061.79643723,28992333.33333327,27933255.797838174,0.8031113645475535,0.9634704277396864,92.40520293322055,0.5826977212275812,2.3534740634193305
202,50,40,6,800,0,1.0,115106132.23069963,37596166.666667365,32223379.810003597,0.9264570774291522,0.8570921630308852,76.3278187680844,0.7617549881952164,2.447428718619925
203,50,40,6,800,0,1.0,114791843.16831765,38978500.00000063,31188915.976077262,0.8967151215593332,0.8001569063990855,76.53679701890931,0.759106432876681,2.3992319579959496
204,50,40,6,800,0,1.0,103727492.8882036,33473000.00000034,29298155.95650035,0.8423537227183182,0.8752772669464958,84.70078428936138,0.6625364272162296,2.3627582407734264
205,50,40,6,800,0,1.0,94573213.62348934,30519500.000000194,26712988.42857729,0.7680273557541423,0.8752760834409842,92.89945496594454,0.5779174448832992,2.2781383116360865
206,50,40,6,800,0,1.0,95413538.79643808,29553333.333333526,27738922.464504905,0.7975240706910875,0.9386055424488403,92.08127180718284,0.5858521274682967,2.336736561427369
207,50,40,6,800,0,1.0,114787875.82407627,37854666.66666731,31903293.22795228,0.9172542414423608,0.842783625830855,76.53944231414391,0.7590729659372785,2.4332998666019625
208,50,40,6,800,0,1.0,84828599.9267331,29434166.666666638,22648972.6338374,0.6511824990686941,0.7694789830583761,103.57120131168426,0.48375016743077753,2.0993333538774785
209,50,40,6,800,0,1.0,82792904.62342764,28999666.666666705,21932409.28424952,0.6305805265082014,0.7562986684070906,106.11778919897817,0.46364791439243797,2.0686868491181105
210,50,40,4,900,0,1.0,86021392.56996699,27729166.66666667,24317846.54463949,0.6214794950321032,0.8769771856819648,114.89932567600368,0.40052112741564494,2.102102875961217
211,50,40,4,900,0,1.0,89112381.78581417,26766666.666666612,26439864.219528448,0.6757108789919587,0.9877906931330699,110.9138797766194,0.4280288569282233,2.2182614114346793
212,50,40,4,900,0,1.0,96513948.73219816,30039166.666666806,27966307.33635777,0.7147214507422535,0.9309947791391563,102.40799521554185,0.4932200181281542,2.2380158414394793
213,50,40,4,900,0,1.0,110402560.44025071,36569500.00000065,30582215.767162174,0.7815749629412977,0.8362765629051977,89.5250976117448,0.611350423174288,2.280371673498446
214,50,40,4,900,0,1.0,115741033.71984084,35803166.6666672,33676068.67732535,0.8606430720677475,0.9405891101995126,85.39581583420465,0.6549059789508475,2.4073772671104576
215,50,40,4,900,0,1.0,106641112.56996848,33421666.66666712,30752846.54463986,0.7859356915621114,0.9201470067712395,92.68282899350964,0.5800077482039968,2.3161253536209885
216,50,40,4,900,0,1.0,86946403.56553084,26570499.999999944,25507807.336357743,0.6518907500166892,0.9600047923959955,113.6769273331778,0.4087647566391039,2.1767685905559
217,50,40,4,900,0,1.0,116765069.29054227,37092000.00000055,33354360.154810917,0.8524213222613746,0.8992332620190452,84.64689020486512,0.6631318078084693,2.3825184174237055
218,50,40,4,900,0,1.0,84166477.18052255,27446833.333333306,23592522.94478054,0.602942749035794,0.8595717640084976,117.43155150477496,0.38396935852748465,2.0716267697342827
219,50,40,4,900,0,1.0,93045404.20142592,31326166.666667007,25453195.315482702,0.6504950568950223,0.8125218634735315,106.2255582081563,0.46281588057260387,2.112833371351429
220,50,35,4,900,0,1.0,86023225.90330032,27729166.66666667,24317846.54463949,0.6214794950321032,0.8769771856819648,114.89687693310283,0.40053747397033695,2.102119222515909
221,50,35,4,900,0,1.0,89114215.11914751,26766666.666666612,26439864.219528448,0.6757108789919587,0.9877906931330699,110.91159796206654,0.42804513527900256,2.2182776897854586
222,50,35,4,900,0,1.0,96515782.0655315,30039166.666666806,27966307.33635777,0.7147214507422535,0.9309947791391563,102.40604995863968,0.4932360090481156,2.238031832359441
223,50,35,4,900,0,1.0,110404393.77358404,36569500.00000065,30582215.767162174,0.7815749629412977,0.8362765629051977,89.52361099205503,0.6113655707882175,2.2803868211123755
224,50,35,4,900,0,1.0,115742867.05317418,35803166.6666672,33676068.67732535,0.8606430720677475,0.9405891101995126,85.39446318933174,0.6549207433708497,2.4073920315304598
225,50,35,4,900,0,1.0,106642945.9033018,33421666.66666712,30752846.54463986,0.7859356915621114,0.9201470067712395,92.68123565305584,0.5800231509053227,2.3161407563223144
226,50,35,4,900,0,1.0,86948236.89886418,26570499.999999944,25507807.336357743,0.6518907500166892,0.9600047923959955,113.67453041625866,0.40878108655129936,2.1767849204680956
227,50,35,4,900,0,1.0,116766902.6238756,37092000.00000055,33354360.154810917,0.8524213222613746,0.8992332620190452,84.64556118129862,0.6631464966011544,2.382533106216391
228,50,35,4,900,0,1.0,84168310.51385587,27446833.333333306,23592522.94478054,0.602942749035794,0.8595717640084976,117.428993639749,0.3839857279062913,2.0716431391130894
229,50,35,4,900,0,1.0,93047237.53475927,31326166.666667007,25453195.315482702,0.6504950568950223,0.8125218634735315,106.22346521902652,0.4628320253309777,2.112849516109803
230,50,45,4,900,0,1.0,86019559.23663364,27729166.66666667,24317846.54463949,0.6214794950321032,0.8769771856819648,114.90177452328457,0.40050478083133617,2.102086529376908
231,50,45,4,900,0,1.0,89110548.45248084,26766666.666666612,26439864.219528448,0.6757108789919587,0.9877906931330699,110.91616168506295,0.4280125785267287,2.2182451330331845
232,50,45,4,900,0,1.0,96512115.39886484,30039166.666666806,27966307.33635777,0.7147214507422535,0.9309947791391563,102.40994054634774,0.4932040271191314,2.2379998504304566
233,50,45,4,900,0,1.0,110400727.10691738,36569500.00000065,30582215.767162174,0.7815749629412977,0.8362765629051977,89.52658428080869,0.6113352754325972,2.2803565257567553
234,50,45,4,900,0,1.0,115739200.38650751,35803166.6666672,33676068.67732535,0.8606430720677475,0.9405891101995126,85.39716852192993,0.6548912143959644,2.407362502555575
235,50,45,4,900,0,1.0,106639279.23663515,33421666.66666712,30752846.54463986,0.7859356915621114,0.9201470067712395,92.6844223887486,0.5799923453821118,2.3161099507991034
236,50,45,4,900,0,1.0,86944570.23219751,26570499.999999944,25507807.336357743,0.6518907500166892,0.9600047923959955,113.67932435118081,0.4087484266906216,2.176752260607418
237,50,45,4,900,0,1.0,116763235.95720896,37092000.00000055,33354360.154810917,0.8524213222613746,0.8992332620190452,84.64821927016638,0.6631171188798923,2.3825037284951285
238,50,45,4,900,0,1.0,84164643.84718922,27446833.333333306,23592522.94478054,0.602942749035794,0.8595717640084976,117.43410948123535,0.3839529891334144,2.0716104003402127
239,50,45,4,900,0,1.0,93043570.8680926,31326166.666667007,25453195.315482702,0.6504950568950223,0.8125218634735315,106.2276512797667,0.4627997357412001,2.112817226520025
240,50,40,2,900,0,1.0,88140916.7468757,27694333.333333332,25374467.584289078,0.6484830501765235,0.9162331975598768,112.13634217561444,0.4193962775286797,2.1523828355765815
241,50,40,2,900,0,1.0,89794301.66666646,26770333.33333327,26770333.33333309,0.6841565190116868,0.9999999999999933,110.07157265603053,0.4340800951232917,2.2340800951232866
242,50,40,2,900,0,1.0,98968965.3988649,30026333.333333485,29172640.669691224,0.7455511308894757,0.971568534387296,99.86767023547526,0.514550708077261,2.291805535587098
243,50,40,2,900,0,1.0,112898569.03627388,36575000.00000066,31796869.547554214,0.8126172847476784,0.869360753179867,87.54583945899591,0.6318537471727985,2.327342349716692
244,50,40,2,900,0,1.0,117650005.20328413,35746333.333333924,34643953.40976876,0.8853788361356727,0.9691610349714614,84.01019602950345,0.6702061456642407,2.4455349736414096
245,50,40,2,900,0,1.0,107843198.77174315,33447333.33333382,31323156.71306738,0.8005108339307164,0.9364918990970957,91.64972953852823,0.590080982923722,2.3392745022013988
246,50,40,2,900,0,1.0,87694963.73663338,26528333.33333326,25900013.211306147,0.6619141667145501,0.976315130161697,112.70658631758094,0.41542918796284317,2.196481292092201
247,50,40,2,900,0,1.0,114668253.23597246,36426500.00000065,32755202.978349224,0.8371089507983531,0.8992135664515845,86.19473761111905,0.646243468367572,2.3656143215288394
248,50,40,2,900,0,1.0,85594644.36324374,27450499.999999974,24287192.79156164,0.6206960918245582,0.8847632207632525,115.47217788598377,0.3967153340851093,2.1045259106957115
249,50,40,2,900,0,1.0,96070418.86809248,31329833.333333645,26927195.315482732,0.6881653651600143,0.8594745790375243,102.88078387136783,0.48934880986351265,2.176928473093532
250,50,40,6,900,0,1.0,86021392.56996699,27729166.66666667,24317846.54463949,0.6214794950321032,0.8769771856819648,114.89932567600368,0.40052112741564494,2.102102875961217
251,50,40,6,900,0,1.0,87612673.56553075,26735499.999999918,25727807.336357724,0.6575131840860903,0.9623088154834509,112.81244593691478,0.4146968812387667,2.1845439336255272
252,50,40,6,900,0,1.0,99461864.88855639,31271166.666666936,28619759.828479785,0.7314214214442637,0.9152124106385394,99.37275971121655,0.5188125367906941,2.250982465301526
253,50,40,6,900,0,1.0,109393590.7506182,36551166.6666673,30101480.60059351,0.7692890457645926,0.8235436333703802,90.35081426782898,0.6029946802315207,2.261829586927825
254,50,40,6,900,0,1.0,113427885.4135442,35821500.00000054,32535467.584289666,0.8314932791355628,0.9082664763979503,87.1373028243,0.6361706841099979,2.362783865228358
255,50,40,6,900,0,1.0,107691233.68672962,34389666.66666721,30648362.951062925,0.7832654546702003,0.8912084914381968,91.77905816133243,0.5888104467070581,2.3017772398576155
256,50,40,6,900,0,1.0,88149994.23219763,27129666.66666665,25738807.336357825,0.657794305789563,0.9487329001348281,112.12479463089798,0.4194770019176459,2.1784633220255083
257,50,40,6,900,0,1.0,121176538.90263885,39356166.66666722,34064202.97834915,0.8705624335112911,0.8655366074359037,81.56529382260447,0.6980800041164124,2.3905092900651352
258,50,40,6,900,0,1.0,84468686.19657733,28414833.333333377,23123026.124895062,0.5909440448739766,0.8137660303560356,117.01140913921888,0.38666749074295986,2.0376803150277882
259,50,40,6,900,0,1.0,90397071.70142603,31326166.66666705,24160695.31548276,0.617463256737289,0.7712624264746447,109.33761253512021,0.4394226634214147,2.0564326046011305
260,50,35,6,900,0,1.0,86023225.90330032,27729166.66666667,24317846.54463949,0.6214794950321032,0.8769771856819648,114.89687693310283,0.40053747397033695,2.102119222515909
261,50,35,6,900,0,1.0,87614506.89886409,26735499.999999918,25727807.336357724,0.6575131840860903,0.9623088154834509,112.81008533677135,0.4147131971183474,2.184560249505108
262,50,35,6,900,0,1.0,99463698.22188973,31271166.666666936,28619759.828479785,0.7314214214442637,0.9152124106385394,99.3709280540787,0.5188283751438834,2.2509983036547148
263,50,35,6,900,0,1.0,109395424.08395155,36551166.6666673,30101480.60059351,0.7692890457645926,0.8235436333703802,90.34930009883261,0.6030098976876979,2.261844804384002
264,50,35,6,900,0,1.0,113429718.74687752,35821500.00000054,32535467.584289666,0.8314932791355628,0.9082664763979503,87.13589444805072,0.6361856170799574,2.362798798198318
265,50,35,6,900,0,1.0,107693067.02006295,34389666.66666721,30648362.951062925,0.7832654546702003,0.8912084914381968,91.77749574314447,0.588825779709215,2.3017925728597723
266,50,35,6,900,0,1.0,88151827.56553097,27129666.66666665,25738807.336357825,0.657794305789563,0.9487329001348281,112.1224627209516,0.41949330527767775,2.1784796253855405
267,50,35,6,900,0,1.0,121178372.2359722,39356166.66666722,34064202.97834915,0.8705624335112911,0.8655366074359037,81.56405980394875,0.6980943616598619,2.390523647608585
268,50,35,6,900,0,1.0,84470519.52991067,28414833.333333377,23123026.124895062,0.5909440448739766,0.8137660303560356,117.0088695441276,0.3866838574036873,2.037696681688516
269,50,35,6,900,0,1.0,90398905.03475936,31326166.66666705,24160695.31548276,0.617463256737289,0.7712624264746447,109.33539511567726,0.43943890346079684,2.0564488446405127
270,50,45,6,900,0,1.0,86019559.23663364,27729166.66666667,24317846.54463949,0.6214794950321032,0.8769771856819648,114.90177452328457,0.40050478083133617,2.102086529376908
271,50,45,6,900,0,1.0,87610840.23219742,26735499.999999918,25727807.336357724,0.6575131840860903,0.9623088154834509,112.81480663585343,0.41468056531828695,2.1845276177050477
272,50,45,6,900,0,1.0,99460031.55522306,31271166.666666936,28619759.828479785,0.7314214214442637,0.9152124106385394,99.37459143587975,0.518796698337139,2.250966626847971
273,50,45,6,900,0,1.0,109391757.41728488,36551166.6666673,30101480.60059351,0.7692890457645926,0.8235436333703802,90.35232848757828,0.602979462649319,2.261814369345623
274,50,45,6,900,0,1.0,113426052.08021085,35821500.00000054,32535467.584289666,0.8314932791355628,0.9082664763979503,87.13871124607714,0.6361557510078415,2.362768932126202
275,50,45,6,900,0,1.0,107689400.35339627,34389666.66666721,30648362.951062925,0.7832654546702003,0.8912084914381968,91.78062063271847,0.5887951135821256,2.301761906732683
276,50,45,6,900,0,1.0,88148160.8988643,27129666.66666665,25738807.336357825,0.657794305789563,0.9487329001348281,112.12712663784393,0.41946069851310946,2.178447018620972
277,50,45,6,900,0,1.0,121174705.56930552,39356166.66666722,34064202.97834915,0.8705624335112911,0.8655366074359037,81.56652787860078,0.6980656464338146,2.3904949323825377
278,50,45,6,900,0,1.0,84466852.863244,28414833.333333377,23123026.124895062,0.5909440448739766,0.8137660303560356,117.01394884455279,0.3866511240645387,2.0376639483493673
279,50,45,6,900,0,1.0,90395238.3680927,31326166.66666705,24160695.31548276,0.617463256737289,0.7712624264746447,109.33983004450751,0.43940642332350255,2.0564163645032183
280,50,40,8,900,0,1.0,86021392.56996699,27729166.66666667,24317846.54463949,0.6214794950321032,0.8769771856819648,114.89932567600368,0.40052112741564494,2.102102875961217
281,50,40,8,900,0,1.0,85773598.72188856,26735499.999999918,24830259.8284797,0.6345749945988177,0.9287374400508602,115.2312616851618,0.3983114555549331,2.141301407595621
282,50,40,8,900,0,1.0,96908976.69657816,31252833.333333634,27385526.12489502,0.6998787049686328,0.8762573886600604,101.99055172098413,0.4966635078904558,2.197669418818504
283,50,40,8,900,0,1.0,110575802.31599043,37176333.33333398,30279979.331050113,0.7738508518712477,0.8144961220234088,89.38483640168621,0.6127812407598164,2.2643781383785435
284,50,40,8,900,0,1.0,115195997.91354452,36718000.00000063,32826967.584289704,0.838943004277521,0.8940292931066272,85.79985571562884,0.6505106590301253,2.365734093515427
285,50,40,8,900,0,1.0,106951552.22189054,34331000.00000051,30324759.828480046,0.7749952854821333,0.8833054623657801,92.41380601465467,0.5826141772847323,2.2892585471773566
286,50,40,8,900,0,1.0,88051580.8988642,27100333.333333284,25709474.00302451,0.6570446479136431,0.9486774087535659,112.25011407066621,0.41860177254834646,2.177543699551199
287,50,40,8,900,0,1.0,119682107.70142655,39350666.6666672,33338361.9821499,0.8520124646658406,0.8472121264057223,82.58377287820934,0.6863303450346463,2.3641000461592245
288,50,40,8,900,0,1.0,84922989.27469634,29359000.00000015,22742948.726872645,0.5812305898210185,0.7746499787755894,116.38544620737908,0.39072259879291404,2.0104425818133858
289,50,40,8,900,0,1.0,91941359.68052347,32160333.333333593,24382689.611447312,0.6231366580683977,0.7581603510985722,107.50112935401529,0.45308048906208154,2.0596087699409393
290,50,35,8,900,0,1.0,86023225.90330032,27729166.66666667,24317846.54463949,0.6214794950321032,0.8769771856819648,114.89687693310283,0.40053747397033695,2.102119222515909
291,50,35,8,900,0,1.0,85775432.05522189,26735499.999999918,24830259.8284797,0.6345749945988177,0.9287374400508602,115.22879877348619,0.39832780598941836,2.1413177580301066
292,50,35,8,900,0,1.0,96910810.02991149,31252833.333333634,27385526.12489502,0.6998787049686328,0.8762573886600604,101.98862229042734,0.49667947944306384,2.197685390371112
293,50,35,8,900,0,1.0,110577635.64932378,37176333.33333398,30279979.331050113,0.7738508518712477,0.8144961220234088,89.3833544365573,0.6127963762872427,2.2643932739059696
294,50,35,8,900,0,1.0,115197831.24687785,36718000.00000063,32826967.584289704,0.838943004277521,0.8940292931066272,85.79849024082974,0.6505254634637745,2.3657488979490764
295,50,35,8,900,0,1.0,106953385.55522387,34331000.00000051,30324759.828480046,0.7749952854821333,0.8833054623657801,92.41222191041946,0.582629559514219,2.289273929406843
296,50,35,8,900,0,1.0,88053414.23219754,27100333.333333284,25709474.00302451,0.6570446479136431,0.9486774087535659,112.24777694521126,0.41861807828021746,2.17756000528307
297,50,35,8,900,0,1.0,119683941.03475991,39350666.6666672,33338361.9821499,0.8520124646658406,0.8472121264057223,82.58250784981621,0.6863448156434191,2.364114516767997
298,50,35,8,900,0,1.0,84924822.60802968,29359000.00000015,22742948.726872645,0.5812305898210185,0.7746499787755894,116.38293371089694,0.39073896062140295,2.0104589436418747
299,50,35,8,900,0,1.0,91943193.0138568,32160333.333333593,24382689.611447312,0.6231366580683977,0.7581603510985722,107.49898579778939,0.4530966760762807,2.0596249569551386
300,50,45,8,900,0,1.0,86019559.23663364,27729166.66666667,24317846.54463949,0.6214794950321032,0.8769771856819648,114.90177452328457,0.40050478083133617,2.102086529376908
301,50,45,8,900,0,1.0,85771765.38855523,26735499.999999918,24830259.8284797,0.6345749945988177,0.9287374400508602,115.23372470212469,0.39829510509267185,2.14128505713336
302,50,45,8,900,0,1.0,96907143.36324483,31252833.333333634,27385526.12489502,0.6998787049686328,0.8762573886600604,101.99248122454459,0.49664753624715463,2.197653447175203
303,50,45,8,900,0,1.0,110573968.9826571,37176333.33333398,30279979.331050113,0.7738508518712477,0.8144961220234088,89.38631841595753,0.6127661051043443,2.264363002723071
304,50,45,8,900,0,1.0,115194164.58021118,36718000.00000063,32826967.584289704,0.838943004277521,0.8940292931066272,85.80122123389144,0.6504958544621764,2.3657192889474783
305,50,45,8,900,0,1.0,106949718.88855721,34331000.00000051,30324759.828480046,0.7749952854821333,0.8833054623657801,92.41539017319933,0.5825987949340141,2.2892431648266385
306,50,45,8,900,0,1.0,88049747.56553087,27100333.333333284,25709474.00302451,0.6570446479136431,0.9486774087535659,112.25245129344636,0.41858546677262365,2.1775273937754767
307,50,45,8,900,0,1.0,119680274.36809322,39350666.6666672,33338361.9821499,0.8520124646658406,0.8472121264057223,82.58503794535937,0.6863158742876412,2.3640855754122194
308,50,45,8,900,0,1.0,84921155.941363,29359000.00000015,22742948.726872645,0.5812305898210185,0.7746499787755894,116.38795881234401,0.3907062369431463,2.010426219963618
309,50,45,8,900,0,1.0,91939526.34719013,32160333.333333593,24382689.611447312,0.6231366580683977,0.7581603510985722,107.503272995729,0.45306430198064374,2.0595925828595014
310,50,40,10,900,0,1.0,86021392.56996699,27729166.66666667,24317846.54463949,0.6214794950321032,0.8769771856819648,114.89932567600368,0.40052112741564494,2.102102875961217
311,50,40,10,900,0,1.0,84249758.18052255,26935333.33333331,23959189.61144723,0.6123134724847974,0.8895078191513223,117.31547025715982,0.3847129382958398,2.0963191936168974
312,50,40,10,900,0,1.0,96853619.19657816,31236333.333333634,27369026.124895014,0.6994570224134276,0.8761920239751172,102.04884527793872,0.4961812041803095,2.197134823360403
313,50,40,10,900,0,1.0,110584550.98265736,37114000.000000715,30323979.331050143,0.7749753386851288,0.8170496128428507,89.37776490632987,0.6128534663442315,2.266493156618512
314,50,40,10,900,0,1.0,114457064.88855764,36793166.666667305,32418426.49514692,0.8285021163759444,0.8810991124750436,86.35377824534876,0.6445327537940313,2.349412043774066
315,50,40,10,900,0,1.0,106951552.22189054,34331000.00000051,30324759.828480046,0.7749952854821333,0.8833054623657801,92.41380601465467,0.5826141772847323,2.2892585471773566
316,50,40,10,900,0,1.0,88051580.8988642,27100333.333333284,25709474.00302451,0.6570446479136431,0.9486774087535659,112.25011407066621,0.41860177254834646,2.177543699551199
317,50,40,10,900,0,1.0,119682107.70142655,39350666.6666672,33338361.9821499,0.8520124646658406,0.8472121264057223,82.58377287820934,0.6863303450346463,2.3641000461592245
318,50,40,10,900,0,1.0,83824177.86324435,29348000.000000164,22213692.79156178,0.567704650720451,0.7569065282663777,117.91108785015473,0.3809128015004106,1.986438024113513
319,50,40,10,900,0,1.0,94660028.01385647,32970666.666666828,25193022.944780692,0.6438459568906951,0.7641041414018694,104.41366020463458,0.4770053033233769,2.0882886164448724
320,50,40,8,800,0,1.0,95847887.96018693,32318000.00000033,26188748.963812552,0.7529549032285949,0.8103455957612564,91.66399163275695,0.5899407364164394,2.2382172130254445
321,50,40,8,800,0,1.0,94670363.62685227,29362666.66666661,27497748.963812616,0.7905900712806542,0.9364867733566208,92.80412225551015,0.5788364153633244,2.328025834048621
322,50,40,8,800,0,1.0,113703029.83676924,37708000.00000076,31467324.794257365,0.904719676684912,0.8344999680242051,77.26970875457579,0.7498902029443517,2.4174901773637156
323,50,40,8,800,0,1.0,115421850.27820356,38923500.00000065,31531442.628046956,0.9065631338658174,0.810087546804538,76.11903620348671,0.7644102913581415,2.412480328801772
324,50,40,8,800,0,1.0,105472406.38820377,34380500.00000039,29571322.623167023,0.8502075603090138,0.8601190390822323,83.29951217442424,0.6781917574673972,2.366286988733183
325,50,40,8,800,0,1.0,94573213.62348934,30519500.000000194,26712988.42857729,0.7680273557541423,0.8752760834409842,92.89945496594454,0.5779174448832992,2.2781383116360865
326,50,40,8,800,0,1.0,95229013.79643783,29498333.333333448,27683922.464504953,0.7959427611090697,0.9384910717386805,92.25969743612576,0.5841125314160833,2.334905388807028
327,50,40,8,800,0,1.0,113732794.46196409,37847333.333333984,31393042.359831758,0.9025839762243134,0.8294651061236692,77.24948676028755,0.7501429834630231,2.4137150683619586
328,50,40,8,800,0,1.0,87082546.3796814,31104333.333333515,22684457.64422339,0.652202731558538,0.7293021651074316,100.89048110391445,0.5058535803844028,2.089295312470348
329,50,40,8,800,0,1.0,83046691.12342767,29841166.666666724,21519909.284249563,0.6187207046430585,0.7211483895597085,105.79349858674266,0.46616064316214495,2.0430793548099118
330,50,35,8,800,0,1.0,95849721.29352029,32318000.00000033,26188748.963812552,0.7529549032285949,0.8103455957612564,91.66223836056105,0.5899579754464839,2.2382344520554893
331,50,35,8,800,0,1.0,94672196.96018562,29362666.66666661,27497748.963812616,0.7905900712806542,0.9364867733566208,92.80232509756658,0.5788537532973465,2.328043171982643
332,50,35,8,800,0,1.0,113704863.17010257,37708000.00000076,31467324.794257365,0.904719676684912,0.8344999680242051,77.26846288761138,0.7499057741631948,2.417505748582559
333,50,35,8,800,0,1.0,115423683.61153689,38923500.00000065,31531442.628046956,0.9065631338658174,0.810087546804538,76.11782716594774,0.7644256948589598,2.4124957323025904
334,50,35,8,800,0,1.0,105474239.7215371,34380500.00000039,29571322.623167023,0.8502075603090138,0.8601190390822323,83.29806427802107,0.6782081235216375,2.3663033547874233
335,50,35,8,800,0,1.0,94575046.95682266,30519500.000000194,26712988.42857729,0.7680273557541423,0.8752760834409842,92.89765411389193,0.5779347908738919,2.2781556576266793
336,50,35,8,800,0,1.0,95230847.12977117,29498333.333333448,27683922.464504953,0.7959427611090697,0.9384910717386805,92.25792130177716,0.5841298227108542,2.3349226801017986
337,50,35,8,800,0,1.0,113734627.79529741,37847333.333333984,31393042.359831758,0.9025839762243134,0.8294651061236692,77.24824154533582,0.7501585517788875,2.4137306366778226
338,50,35,8,800,0,1.0,87084379.71301472,31104333.333333515,22684457.64422339,0.652202731558538,0.7293021651074316,100.88835711930743,0.5058714877883288,2.089313219874274
339,50,35,8,800,0,1.0,83048524.456761,29841166.666666724,21519909.284249563,0.6187207046430585,0.7211483895597085,105.7911631479293,0.466178788342939,2.043097499990706
340,50,45,8,800,0,1.0,95846054.62685362,32318000.00000033,26188748.963812552,0.7529549032285949,0.8103455957612564,91.66574497202562,0.5899234972306693,2.2381999738396745
341,50,45,8,800,0,1.0,94668530.29351895,29362666.66666661,27497748.963812616,0.7905900712806542,0.9364867733566208,92.80591948306058,0.5788190772771151,2.3280084959624117
342,50,45,8,800,0,1.0,113701196.5034359,37708000.00000076,31467324.794257365,0.904719676684912,0.8344999680242051,77.27095466171725,0.7498746315467039,2.417474605966068
343,50,45,8,800,0,1.0,115420016.94487022,38923500.00000065,31531442.628046956,0.9065631338658174,0.810087546804538,76.12024527943444,0.7643948876783859,2.4124649251220163
344,50,45,8,800,0,1.0,105470573.05487044,34380500.00000039,29571322.623167023,0.8502075603090138,0.8601190390822323,83.30096012116327,0.6781753912391488,2.366270622504935
345,50,45,8,800,0,1.0,94571380.29015599,30519500.000000194,26712988.42857729,0.7680273557541423,0.8752760834409842,92.90125588781875,0.5779000987408263,2.2781209654936134
346,50,45,8,800,0,1.0,95227180.4631045,29498333.333333448,27683922.464504953,0.7959427611090697,0.9384910717386805,92.26147363886336,0.5840952399674044,2.3348880973583492
347,50,45,8,800,0,1.0,113730961.12863074,37847333.333333984,31393042.359831758,0.9025839762243134,0.8294651061236692,77.25073201538481,0.7501274149683493,2.4136994998672847
348,50,45,8,800,0,1.0,87080713.04634807,31104333.333333515,22684457.64422339,0.652202731558538,0.7293021651074316,100.8926051779551,0.5058356728604045,2.08927740494635
349,50,45,8,800,0,1.0,83044857.79009435,29841166.666666724,21519909.284249563,0.6187207046430585,0.7211483895597085,105.79583412867228,0.46614249788650525,2.0430612095342724
350,50,40,10,800,0,1.0,96721306.29352002,32578333.33333359,26449082.29714597,0.7604397685834884,0.8118611233584416,90.83624215473004,0.5981358545895246,2.247624753276278
351,50,40,10,800,0,1.0,94694966.96018566,29369999.999999955,27505082.297145963,0.7908009125582571,0.9365026318401772,92.78001019519839,0.579069077752571,2.3282711832247127
352,50,40,10,800,0,1.0,112730400.44343919,37906000.000000715,30866437.828259364,0.8874435254659467,0.8142889734674928,77.93638597432417,0.7416040776926964,2.393035256466691
353,50,40,10,800,0,1.0,116811428.29116729,39821833.33333405,31637033.003659554,0.9095989715517303,0.7944645023958963,75.21353114611594,0.7760340720861797,2.411605674002897
354,50,40,10,800,0,1.0,108498183.12342843,35643666.66666693,30242909.284249615,0.8695164043513083,0.84847918613637,80.97647119127517,0.704964485096849,2.383747834005945
355,50,40,10,800,0,1.0,94573213.62348934,30519500.000000194,26712988.42857729,0.7680273557541423,0.8752760834409842,92.89945496594454,0.5779174448832992,2.2781383116360865
356,50,40,10,800,0,1.0,95192108.79643762,29487333.333333388,27672922.464504942,0.7956264991926656,0.9384681263538545,92.29546557044854,0.5837644249276677,2.3345389260107514
357,50,40,10,800,0,1.0,113628230.29529674,37816166.66666712,31361875.69316513,0.9016879007945037,0.8293245576582703,77.32057409648542,0.7492547486446208,2.4127143947712373
358,50,40,10,800,0,1.0,86721059.24678901,31144666.66666686,22482328.573346995,0.646391301802511,0.7218676897065367,101.31103190284554,0.5023203585538956,2.079814510319125
359,50,40,10,800,0,1.0,82935976.1234273,29808166.666666612,21486909.28424963,0.6177719188938489,0.7208396787541335,105.93472713126042,0.4650646803593274,2.041736423362634
360,50,40,8,700,0,1.0,93167381.35659778,30565333.33333354,25997668.467510898,0.8542412936692754,0.8505606068152608,82.51600386378765,0.6871059818375466,2.3675544672897555
361,50,40,8,700,0,1.0,98230304.08172593,32169500.000000305,27446121.887941018,0.9018351279099955,0.8531721626988531,78.26301742488634,0.7375778597869321,2.4201155899460147
362,50,40,8,700,0,1.0,87805515.26300763,30081333.333333466,23689341.43305999,0.7783934046716395,0.7875096881696253,87.55486460016097,0.631758711499499,2.261766462035199
363,50,40,8,700,0,1.0,107652922.08077604,36993000.00000075,28970341.99484629,0.9519185327963471,0.7831303758777526,71.41283163899216,0.8267822988352714,2.4532865995374733
364,50,40,8,700,0,1.0,108066288.86998454,37066333.333334014,29125341.241247267,0.9570115570776899,0.785762675237549,71.13966881243842,0.8305549834570393,2.4591651236470784
365,50,40,8,700,0,1.0,98186602.95596483,33687500.000000335,26457244.81338692,0.8693422283062235,0.785372758838936,78.29785091401786,0.7371497772229915,2.36544798429414
366,50,40,8,700,0,1.0,92618270.73299913,29307666.666666683,26531295.6237183,0.8717754180399024,0.9052680967568765,83.00522066712372,0.6815263632425684,2.4057408406480696
367,50,40,8,700,0,1.0,100683049.82523343,34756333.333333924,26994360.74112464,0.8869909880607545,0.7766745842328262,76.35644741934769,0.7613916079294162,2.382731275315677
368,50,40,8,700,0,1.0,80623744.56251085,29595500.00000019,20493991.327074986,0.6733993737002065,0.6924698459926291,95.3540429276308,0.5547520350350895,2.108727911829193
369,50,40,8,700,0,1.0,82734275.91505899,30966833.33333358,20649955.22127446,0.6785240947463709,0.666841035988212,92.92158437323914,0.5777043346770616,2.111177163467631
370,50,35,8,700,0,1.0,93169214.68993111,30565333.33333354,25997668.467510898,0.8542412936692754,0.8505606068152608,82.5143801585657,0.6871245763819915,2.3675730618342
371,50,35,8,700,0,1.0,98232137.41505927,32169500.000000305,27446121.887941018,0.9018351279099955,0.8531721626988531,78.26155678071846,0.7375958156521449,2.420133545811227
372,50,35,8,700,0,1.0,87807348.59634095,30081333.333333466,23689341.43305999,0.7783934046716395,0.7875096881696253,87.55303653845164,0.6317779600245604,2.2617857105602606
373,50,35,8,700,0,1.0,107654755.41410938,36993000.00000075,28970341.99484629,0.9519185327963471,0.7831303758777526,71.41161549648021,0.8267990570901367,2.453303357792339
374,50,35,8,700,0,1.0,108068122.20331787,37066333.333334014,29125341.241247267,0.9570115570776899,0.785762675237549,71.13846195584189,0.8305716896377311,2.45918182982777
375,50,35,8,700,0,1.0,98188436.28929816,33687500.000000335,26457244.81338692,0.8693422283062235,0.785372758838936,78.29638896935886,0.7371677386448071,2.3654659457159557
376,50,35,8,700,0,1.0,92620104.06633246,29307666.666666683,26531295.6237183,0.8717754180399024,0.9052680967568765,83.00357765193363,0.6815450261342167,2.405759503539718
377,50,35,8,700,0,1.0,100684883.15856676,34756333.333333924,26994360.74112464,0.8869909880607545,0.7766745842328262,76.35505707339031,0.7614092514295712,2.382748918815832
378,50,35,8,700,0,1.0,80625577.89584416,29595500.00000019,20493991.327074986,0.6733993737002065,0.6924698459926291,95.35187468586525,0.5547720826728532,2.1087479594669567
379,50,35,8,700,0,1.0,82736109.2483923,30966833.33333358,20649955.22127446,0.6785240947463709,0.666841035988212,92.91952534194598,0.5777241602056261,2.1111969889961957
380,50,45,8,700,0,1.0,93165548.02326445,30565333.33333354,25997668.467510898,0.8542412936692754,0.8505606068152608,82.51762763291289,0.6870873870645099,2.3675358725167186
381,50,45,8,700,0,1.0,98228470.7483926,32169500.000000305,27446121.887941018,0.9018351279099955,0.8531721626988531,78.26447812357705,0.737559903688602,2.4200976338476847
382,50,45,8,700,0,1.0,87803681.9296743,30081333.333333466,23689341.43305999,0.7783934046716395,0.7875096881696253,87.55669273820983,0.6317394627571086,2.261747213292809
383,50,45,8,700,0,1.0,107651088.7474427,36993000.00000075,28970341.99484629,0.9519185327963471,0.7831303758777526,71.4140478229267,0.8267655403492968,2.453269841051499
384,50,45,8,700,0,1.0,108064455.53665121,37066333.333334014,29125341.241247267,0.9570115570776899,0.785762675237549,71.14087570998404,0.8305382770455468,2.459148417235586
385,50,45,8,700,0,1.0,98184769.62263149,33687500.000000335,26457244.81338692,0.8693422283062235,0.785372758838936,78.29931291327254,0.7371318155680768,2.3654300226392255
386,50,45,8,700,0,1.0,92616437.39966577,29307666.666666683,26531295.6237183,0.8717754180399024,0.9052680967568765,83.0068637473605,0.6815077001231399,2.405722177528641
387,50,45,8,700,0,1.0,100681216.4919001,34756333.333333924,26994360.74112464,0.8869909880607545,0.7766745842328262,76.35783781593949,0.7613739641955704,2.382713631581831
388,50,45,8,700,0,1.0,80621911.2291775,29595500.00000019,20493991.327074986,0.6733993737002065,0.6924698459926291,95.35621126800754,0.5547319872100686,2.108707864004172
389,50,45,8,700,0,1.0,82732442.58172564,30966833.33333358,20649955.22127446,0.6785240947463709,0.666841035988212,92.92364349578772,0.5776845089502279,2.1111573377407975
390,50,40,10,700,0,1.0,93167381.35659778,30565333.33333354,25997668.467510898,0.8542412936692754,0.8505606068152608,82.51600386378765,0.6871059818375466,2.3675544672897555
391,50,40,10,700,0,1.0,98790029.91505934,32336333.333333664,27612955.2212744,0.9073170011276638,0.8539296937791582,77.81959380526605,0.7430490427217159,2.4261927977450424
392,50,40,10,700,0,1.0,86000288.76300785,30053833.333333526,22825841.43306005,0.7500201927428395,0.7594985032323077,89.39272310102788,0.6127006990298677,2.2202995016157137
393,50,40,10,700,0,1.0,107513458.20331825,36930666.66666746,28942007.90791386,0.9509875205747571,0.7836849567093266,71.50546665015308,0.8255068005955792,2.452454765963041
394,50,40,10,700,0,1.0,108286002.19020844,37174500.00000062,29163627.06533589,0.9582695672696242,0.7845062358696258,70.9953257531485,0.8325554695816305,2.4601604582773313
395,50,40,10,700,0,1.0,98186602.95596483,33687500.000000335,26457244.81338692,0.8693422283062235,0.785372758838936,78.29785091401786,0.7371497772229915,2.36544798429414
396,50,40,10,700,0,1.0,92618270.73299913,29307666.666666683,26531295.6237183,0.8717754180399024,0.9052680967568765,83.00522066712372,0.6815263632425684,2.4057408406480696
397,50,40,10,700,0,1.0,100760328.88720803,35267833.33333374,26706054.280400064,0.8775177045511062,0.757235468025153,76.29788513895969,0.762135117864512,2.3679234922846346
398,50,40,10,700,0,1.0,80472824.56251088,29606500.0000002,20413324.66040832,0.6707487976389173,0.6894879388110106,95.53287139844528,0.5531010722816749,2.1046914233304834
399,50,40,10,700,0,1.0,85459095.08172543,31779000.000000186,21462121.887941137,0.7052105764543527,0.6753554828012528,89.95882758468336,0.6069470080839291,2.1472313943249315
400,50,40,8,600,0,1.0,86752721.26020378,30228000.000000127,23082049.744689945,0.8848452468829693,0.7635983109927831,75.96072958028292,0.7664298079097561,2.3773084567039824
401,50,40,8,600,0,1.0,90826762.83559869,30215166.666666735,25078536.767007314,0.9613801331561203,0.8299982933628451,72.55350509329382,0.8112126233898863,2.4752112580801624
402,50,40,8,600,0,1.0,96663892.64036809,34169666.66666708,25406771.420383632,0.9739629356418106,0.7435475349593692,68.17230115609905,0.8726637012736502,2.4675017292411456
403,50,40,8,600,0,1.0,97577193.45773318,36241333.33333386,24532054.070797693,0.9404308404549331,0.676908154707259,67.53422358734325,0.8819936759529814,2.423520199718789
404,50,40,8,600,0,1.0,97724531.87162083,34354833.333333805,25806386.63004004,0.9892820958878784,0.7511719349545096,67.43240283470394,0.8834917010089403,2.484429248972548
405,50,40,8,600,0,1.0,79824636.05715664,28062833.333333336,21080889.40482657,0.8081312100203563,0.7512031716265251,82.55346125576472,0.6866771624037626,2.2876396997049824
406,50,40,8,600,0,1.0,89925782.99930589,29817333.333333373,24892392.54887198,0.954244335925214,0.8348296029894897,73.28042948539981,0.8014437491046166,2.4693074314962082
407,50,40,8,600,0,1.0,96743435.80838494,35456666.66666729,24625278.57900556,0.9440045812575544,0.6945175870735675,68.11624938618161,0.8734793212721885,2.4290933909310426
408,50,40,8,600,0,1.0,81447669.20092148,30563500.000000257,20279114.13742661,0.7773953333424027,0.6635075870704088,80.90839264833677,0.7057648216416791,2.236570891298006
409,50,40,8,600,0,1.0,80462385.58297358,30759666.66666668,19673219.90384268,0.754168512560428,0.6395784491761725,81.89913774312016,0.694206627213633,2.205869386554571
410,50,35,8,600,0,1.0,86754554.5935371,30228000.000000127,23082049.744689945,0.8848452468829693,0.7635983109927831,75.95912434654947,0.7664503131670856,2.377328961961312
411,50,35,8,600,0,1.0,90828596.16893202,30215166.666666735,25078536.767007314,0.9613801331561203,0.8299982933628451,72.55204063424736,0.8112324234259369,2.475231058116213
412,50,35,8,600,0,1.0,96665725.97370142,34169666.66666708,25406771.420383632,0.9739629356418106,0.7435475349593692,68.17100822056415,0.8726825064414218,2.467520534408917
413,50,35,8,600,0,1.0,97579026.79106654,36241333.33333386,24532054.070797693,0.9404308404549331,0.676908154707259,67.5329547414927,0.8820123280504684,2.423538851816276
414,50,35,8,600,0,1.0,97726365.20495415,34354833.333333805,25806386.63004004,0.9892820958878784,0.7511719349545096,67.43113781198869,0.8835103284898163,2.484447876453424
415,50,35,8,600,0,1.0,79826469.39048997,28062833.333333336,21080889.40482657,0.8081312100203563,0.7512031716265251,82.55156529301631,0.6866988613185986,2.2876613986198184
416,50,35,8,600,0,1.0,89927616.33263922,29817333.333333373,24892392.54887198,0.954244335925214,0.8348296029894897,73.2789355343808,0.801463704648148,2.4693273870397396
417,50,35,8,600,0,1.0,96745269.14171827,35456666.66666729,24625278.57900556,0.9440045812575544,0.6945175870735675,68.11495857587482,0.873498113076171,2.4291121827350253
418,50,35,8,600,0,1.0,81449502.5342548,30563500.000000257,20279114.13742661,0.7773953333424027,0.6635075870704088,80.90657149475605,0.7057862437356531,2.2365923133919803
419,50,35,8,600,0,1.0,80464218.91630691,30759666.66666668,19673219.90384268,0.754168512560428,0.6395784491761725,81.89727171594414,0.694228217689904,2.205890977030842
420,50,45,8,600,0,1.0,86750887.92687045,30228000.000000127,23082049.744689945,0.8848452468829693,0.7635983109927831,75.96233488186417,0.7664093023343618,2.3772879511285883
421,50,45,8,600,0,1.0,90824929.50226536,30215166.666666735,25078536.767007314,0.9613801331561203,0.8299982933628451,72.55496961146154,0.8111928230377897,2.475191457728066
422,50,45,8,600,0,1.0,96662059.30703473,34169666.66666708,25406771.420383632,0.9739629356418106,0.7435475349593692,68.1735941406787,0.8726448957977948,2.4674829237652904
423,50,45,8,600,0,1.0,97575360.12439987,36241333.33333386,24532054.070797693,0.9404308404549331,0.676908154707259,67.5354924808742,0.8819750235490521,2.4235015473148596
424,50,45,8,600,0,1.0,97722698.5382875,34354833.333333805,25806386.63004004,0.9892820958878784,0.7511719349545096,67.43366790488427,0.8834730732218944,2.484410621185502
425,50,45,8,600,0,1.0,79822802.72382331,28062833.333333336,21080889.40482657,0.8081312100203563,0.7512031716265251,82.55535730560433,0.6866554631778938,2.287618000479114
426,50,45,8,600,0,1.0,89923949.66597255,29817333.333333373,24892392.54887198,0.954244335925214,0.8348296029894897,73.28192349733496,0.8014237932442948,2.4692874756358867
427,50,45,8,600,0,1.0,96741602.4750516,35456666.66666729,24625278.57900556,0.9440045812575544,0.6945175870735675,68.11754024541224,0.8734605291602618,2.429074598819116
428,50,45,8,600,0,1.0,81445835.86758813,30563500.000000257,20279114.13742661,0.7773953333424027,0.6635075870704088,80.91021388390529,0.7057433992335381,2.2365494688898653
429,50,45,8,600,0,1.0,80460552.24964026,30759666.66666668,19673219.90384268,0.754168512560428,0.6395784491761725,81.90100385533289,0.6941850364249718,2.2058477957659095
430,50,40,10,600,0,1.0,86752721.26020378,30228000.000000127,23082049.744689945,0.8848452468829693,0.7635983109927831,75.96072958028292,0.7664298079097561,2.3773084567039824
431,50,40,10,600,0,1.0,89898314.71904187,30717500.000000153,24305234.93689974,0.9317357793684329,0.7912504252266499,73.30282019852122,0.8011447232852787,2.4341450634665986
432,50,40,10,600,0,1.0,96663892.64036809,34169666.66666708,25406771.420383632,0.9739629356418106,0.7435475349593692,68.17230115609905,0.8726637012736502,2.4675017292411456
433,50,40,10,600,0,1.0,101780025.21863711,37642000.000000685,25690453.82396341,0.98483783753347,0.6824943898826561,64.74551353120839,0.9239550162969905,2.469950528203116
434,50,40,10,600,0,1.0,98772464.85802615,35152333.33333358,25809509.122185595,0.9894017959302916,0.7342189457936054,66.71697430525872,0.8940893437206304,2.4814645003555147
435,50,40,10,600,0,1.0,79824636.05715664,28062833.333333336,21080889.40482657,0.8081312100203563,0.7512031716265251,82.55346125576472,0.6866771624037626,2.2876396997049824
436,50,40,10,600,0,1.0,89925782.99930589,29817333.333333373,24892392.54887198,0.954244335925214,0.8348296029894897,73.28042948539981,0.8014437491046166,2.4693074314962082
437,50,40,10,600,0,1.0,93732953.67458059,35425500.00000042,23175899.141652327,0.888442942657111,0.6542151597479796,70.30398319547552,0.8422039667682966,2.36557609456668
438,50,40,10,600,0,1.0,81130753.61512166,30603833.333333608,20098737.895780344,0.7704806502082486,0.6567392286079684,81.22443964050336,0.7020570147406258,2.2274483976270005
439,50,40,10,600,0,1.0,80462385.58297358,30759666.66666668,19673219.90384268,0.754168512560428,0.6395784491761725,81.89913774312016,0.694206627213633,2.205869386554571
440,50,40,8,500,0,1.0,90796968.545054,35460333.333333544,21720810.091940656,0.9991949128030694,0.612538237803946,60.48439819083757,0.9919591984076258,2.4819897886507825
441,50,40,8,500,0,1.0,79745975.49207519,27989500.00000007,21089241.17068876,0.9701416477301628,0.7534697358183857,68.86617119061702,0.8626299111086926,2.465405699763401
442,50,40,8,500,0,1.0,91248717.9191889,35808666.66666711,21719261.063536856,0.9991236548115713,0.6065364361570733,60.184955199738944,0.9969221596297448,2.4821513085554034
443,50,40,8,500,0,1.0,94946293.24455899,38610000.000000656,21738311.328073673,0.999999999999995,0.563022826419925,57.84112062020614,0.9640186770034357,2.4144369381393758
444,50,40,8,500,0,1.0,89645239.2445579,34551000.00000041,21738311.328073654,0.9999999999999941,0.6291659091798615,61.261479653348026,0.9791948164568949,2.482527543800784
445,50,40,8,500,0,1.0,80459793.4341665,29701833.333333444,20346200.960224148,0.9359605101408313,0.6850149865123052,68.2552087893872,0.871458692633352,2.419470681843196
446,50,40,8,500,0,1.0,79520693.69424352,29085833.333333336,20280508.55421024,0.9329385455998657,0.6972641396170037,69.06126877006292,0.8598295163678035,2.4176408280614066
447,50,40,8,500,0,1.0,94501236.31951936,38349666.66666714,21687036.75915928,0.9976412809559737,0.5655078295115737,58.11352542977961,0.9685587571629934,2.420965020772252
448,50,40,8,500,0,1.0,72705128.26755305,29599166.666666776,16627029.413154058,0.7648721725537717,0.5617397814067061,75.53524945022191,0.7718841351911547,2.2212759603165195
449,50,40,8,500,0,1.0,78158825.60088705,31531500.000000305,18057029.41315403,0.8306546511657698,0.5726663626263848,70.26461769069458,0.8427567111453198,2.3008898012464276
450,50,35,8,500,0,1.0,90798801.87838735,35460333.333333544,21720810.091940656,0.9991949128030694,0.612538237803946,60.48317694054509,0.991979389120794,2.4820099793639505
451,50,35,8,500,0,1.0,79747808.82540853,27989500.00000007,21089241.17068876,0.9701416477301628,0.7534697358183857,68.86458801674625,0.8626526729612478,2.4654284616159563
452,50,35,8,500,0,1.0,91250551.25252225,35808666.66666711,21719261.063536856,0.9991236548115713,0.6065364361570733,60.18374601159685,0.9969422509397625,2.482171399865421
453,50,35,8,500,0,1.0,94948126.57789233,38610000.000000656,21738311.328073673,0.999999999999995,0.563022826419925,57.840003778217856,0.9640000629702976,2.4144183241062374
454,50,35,8,500,0,1.0,89647072.57789123,34551000.00000041,21738311.328073654,0.9999999999999941,0.6291659091798615,61.260226821443226,0.9792152627788103,2.4825479901226997
455,50,35,8,500,0,1.0,80461626.76749983,29701833.333333444,20346200.960224148,0.9359605101408313,0.6850149865123052,68.25365358158847,0.8714812812486848,2.419493270458529
456,50,35,8,500,0,1.0,79522527.02757686,29085833.333333336,20280508.55421024,0.9329385455998657,0.6972641396170037,69.05967661333939,0.8598523330596264,2.4176636447532296
457,50,35,8,500,0,1.0,94503069.65285268,38349666.66666714,21687036.75915928,0.9976412809559737,0.5655078295115737,58.11239804350867,0.9685399673918111,2.42094623100107
458,50,35,8,500,0,1.0,72706961.60088637,29599166.666666776,16627029.413154058,0.7648721725537717,0.5617397814067061,75.53334480054863,0.7719086383945012,2.221300463519866
459,50,35,8,500,0,1.0,78160658.93422037,31531500.000000305,18057029.41315403,0.8306546511657698,0.5726663626263848,70.26296956659324,0.8427798609240525,2.3009129510251602
460,50,45,8,500,0,1.0,90795135.21172066,35460333.333333544,21720810.091940656,0.9991949128030694,0.612538237803946,60.48561949044896,0.9919390072900627,2.4819695975332197
461,50,45,8,500,0,1.0,79744142.15874186,27989500.00000007,21089241.17068876,0.9701416477301628,0.7534697358183857,68.86775443728274,0.8626071488101715,2.46538293746488
462,50,45,8,500,0,1.0,91246884.58585557,35808666.66666711,21719261.063536856,0.9991236548115713,0.6065364361570733,60.18616443647106,0.9969020679173011,2.4821312168429595
463,50,45,8,500,0,1.0,94944459.91122566,38610000.000000656,21738311.328073673,0.999999999999995,0.563022826419925,57.84223750532581,0.9640372917554302,2.4144555528913703
464,50,45,8,500,0,1.0,89643405.91122457,34551000.00000041,21738311.328073654,0.9999999999999941,0.6291659091798615,61.26273253649717,0.9791743697256192,2.4825070970695085
465,50,45,8,500,0,1.0,80457960.10083318,29701833.333333444,20346200.960224148,0.9359605101408313,0.6850149865123052,68.25676406806056,0.8714361035741327,2.419448092783977
466,50,45,8,500,0,1.0,79518860.3609102,29085833.333333336,20280508.55421024,0.9329385455998657,0.6972641396170037,69.06286100020182,0.8598066992293847,2.417618010922988
467,50,45,8,500,0,1.0,94499402.98618603,38349666.66666714,21687036.75915928,0.9976412809559737,0.5655078295115737,58.1146528597942,0.9685775476632367,2.4209838112724955
468,50,45,8,500,0,1.0,72703294.9342197,29599166.666666776,16627029.413154058,0.7648721725537717,0.5617397814067061,75.53715419595297,0.771859631529911,2.221251456655276
469,50,45,8,500,0,1.0,78156992.2675537,31531500.000000305,18057029.41315403,0.8306546511657698,0.5726663626263848,70.26626589211622,0.8427335609164665,2.300866651017574
470,50,40,10,500,0,1.0,90796968.545054,35460333.333333544,21720810.091940656,0.9991949128030694,0.612538237803946,60.48439819083757,0.9919591984076258,2.4819897886507825
471,50,40,10,500,0,1.0,80689023.11498034,28777833.333333388,21047017.788342226,0.9681992989566403,0.7313621405946308,68.06130236791054,0.8742796057303865,2.4593693182060914
472,50,40,10,500,0,1.0,91248717.9191889,35808666.66666711,21719261.063536856,0.9991236548115713,0.6065364361570733,60.184955199738944,0.9969221596297448,2.4821513085554034
473,50,40,10,500,0,1.0,95123473.91122577,38745666.66666735,21738311.328073677,0.9999999999999951,0.5610514206682887,57.73338350873557,0.9622230584789262,2.411064195013557
474,50,40,10,500,0,1.0,90488044.57789096,35196333.333333656,21738311.328073695,0.999999999999996,0.6176299991876094,60.69089044434735,0.9885512013085616,2.482655200658649
475,50,40,10,500,0,1.0,80459793.4341665,29701833.333333444,20346200.960224148,0.9359605101408313,0.6850149865123052,68.2552087893872,0.871458692633352,2.419470681843196
476,50,40,10,500,0,1.0,79520693.69424352,29085833.333333336,20280508.55421024,0.9329385455998657,0.6972641396170037,69.06126877006292,0.8598295163678035,2.4176408280614066
477,50,40,10,500,0,1.0,96076707.65285248,39556000.000000395,21687036.759159308,0.997641280955975,0.5482616229942131,57.16057652436585,0.9526762754060976,2.391285573801468
478,50,40,10,500,0,1.0,72745831.93421975,29630333.333333448,16627029.413154058,0.7648721725537717,0.5611489154072064,75.4929850134362,0.7724280475405351,2.2213471798663003
479,50,40,10,500,0,1.0,77858593.43421967,31505833.33333344,17926862.746487405,0.824666758881859,0.569001383230217,70.53556656709773,0.8389595581515064,2.29416066473568
480,50,40,8,400,0,1.0,76995542.03378102,31942166.6666668,17227544.672416076,0.9906211441874804,0.5393355075813894,57.06564151561222,0.9510940252602037,2.382562431325315
481,50,40,8,400,0,1.0,72560230.92897823,28290166.666666627,17390649.062459063,1.0000000000000033,0.6147241643135986,60.55383153756277,0.9908119449000724,2.4825912763509512
482,50,40,8,400,0,1.0,86547825.4020197,39024333.33333409,17375408.850829586,0.999123654811578,0.4452455011188553,50.76730674156795,0.8461217790261325,2.2023181799212166
483,50,40,8,400,0,1.0,84558235.2623146,37477000.00000066,17390649.06245899,0.9999999999999988,0.4640352499522021,51.96182236265522,0.8660303727109203,2.237258572672682
484,50,40,8,400,0,1.0,84304335.06868447,37306500.00000029,17375408.850829635,0.9991236548115808,0.46574749308644603,52.11831629322835,0.8686386048871391,2.241236599356296
485,50,40,8,400,0,1.0,77875650.92897959,32360166.666666936,17390649.06245897,0.9999999999999979,0.5374091314669422,56.42071620058781,0.9403452700097968,2.3702725751833507
486,50,40,8,400,0,1.0,77212420.59564573,31852333.33333347,17390649.062458992,0.9999999999999991,0.5459772406770488,56.90535235269883,0.9484225392116471,2.385204331753286
487,50,40,8,400,0,1.0,83570315.35868149,36751000.00000045,17371242.569715086,0.9988840846207508,0.4726740107674587,52.576084954830336,0.8762680825805056,2.2544072911944726
488,50,40,8,400,0,1.0,79096760.92897981,33295166.666666992,17390649.062459007,1.0,0.5223175254403943,55.54968305143556,0.9258280508572593,2.343682071209575
489,50,40,8,400,0,1.0,72426488.84737568,30074000.00000004,16188390.19718997,0.9308675104102733,0.5382852363234005,60.66564968045122,0.9889671519178779,2.4195953409765982
490,50,35,8,400,0,1.0,76997375.36711437,31942166.6666668,17227544.672416076,0.9906211441874804,0.5393355075813894,57.064282763547226,0.9510713793924538,2.382539785457565
491,50,35,8,400,0,1.0,72562064.26231156,28290166.666666627,17390649.062459063,1.0000000000000033,0.6147241643135986,60.55230160096371,0.9908372098798077,2.4826165413306867
492,50,35,8,400,0,1.0,86549658.73535302,39024333.33333409,17375408.850829586,0.999123654811578,0.4452455011188553,50.76623136591595,0.8461038560985992,2.2023002569936834
493,50,35,8,400,0,1.0,84560068.59564795,37477000.00000066,17390649.06245899,0.9999999999999988,0.4640352499522021,51.960695786688795,0.8660115964448133,2.237239796406575
494,50,35,8,400,0,1.0,84306168.4020178,37306500.00000029,17375408.850829635,0.9991236548115808,0.46574749308644603,52.11718292127765,0.8686197153546276,2.2412177098237844
495,50,35,8,400,0,1.0,77877484.26231292,32360166.666666936,17390649.06245897,0.9999999999999979,0.5374091314669422,56.419387986397524,0.9403231331066254,2.3702504382801792
496,50,35,8,400,0,1.0,77214253.92897905,31852333.33333347,17390649.062458992,0.9999999999999991,0.5459772406770488,56.90400122290084,0.9484000203816806,2.3851818129233195
497,50,35,8,400,0,1.0,83572148.69201483,36751000.00000045,17371242.569715086,0.9988840846207508,0.4726740107674587,52.57493158626685,0.8762488597711141,2.254388068385081
498,50,35,8,400,0,1.0,79098594.26231314,33295166.666666992,17390649.062459007,1.0,0.5223175254403943,55.54839553063264,0.9258065921772106,2.343660612529526
499,50,35,8,400,0,1.0,72428322.18070902,30074000.00000004,16188390.19718997,0.9308675104102733,0.5382852363234005,60.66411408837343,0.9889924630771678,2.4196206521358885
500,50,45,8,400,0,1.0,76993708.7004477,31942166.6666668,17227544.672416076,0.9906211441874804,0.5393355075813894,57.06700033238497,0.9511166722064162,2.3825850782715277
501,50,45,8,400,0,1.0,72558397.5956449,28290166.666666627,17390649.062459063,1.0000000000000033,0.6147241643135986,60.55536155147567,0.9907866792878672,2.482566010738746
502,50,45,8,400,0,1.0,86545992.06868635,39024333.33333409,17375408.850829586,0.999123654811578,0.4452455011188553,50.76838216278005,0.8461397027130009,2.202336103608085
503,50,45,8,400,0,1.0,84556401.92898127,37477000.00000066,17390649.06245899,0.9999999999999988,0.4640352499522021,51.96294898747397,0.8660491497912328,2.2372773497529943
504,50,45,8,400,0,1.0,84302501.73535115,37306500.00000029,17375408.850829635,0.9991236548115808,0.46574749308644603,52.11944971447411,0.8686574952412351,2.241255489710392
505,50,45,8,400,0,1.0,77873817.59564625,32360166.666666936,17390649.06245897,0.9999999999999979,0.5374091314669422,56.422044477316696,0.9403674079552783,2.370294713128832
506,50,45,8,400,0,1.0,77210587.2623124,31852333.33333347,17390649.062458992,0.9999999999999991,0.5459772406770488,56.90670354666085,0.9484450591110142,2.385226851652653
507,50,45,8,400,0,1.0,83568482.02534816,36751000.00000045,17371242.569715086,0.9988840846207508,0.4726740107674587,52.57723837399923,0.8762873062333205,2.2544265148472875
508,50,45,8,400,0,1.0,79094927.59564649,33295166.666666992,17390649.062459007,1.0,0.5223175254403943,55.5509706319251,0.925849510532085,2.3437035308844005
509,50,45,8,400,0,1.0,72424655.51404235,30074000.00000004,16188390.19718997,0.9308675104102733,0.5382852363234005,60.667185350271915,0.9889418401249862,2.419570029183707
510,50,40,6,400,0,1.0,76995542.03378102,31942166.6666668,17227544.672416076,0.9906211441874804,0.5393355075813894,57.06564151561222,0.9510940252602037,2.382562431325315
511,50,40,6,400,0,1.0,72565019.59564483,28293833.333333276,17390649.062459078,1.0000000000000042,0.6146445007142586,60.54983550591785,0.9908779356956587,2.482593536267066
512,50,40,6,400,0,1.0,86638810.06868617,39094000.000000685,17375408.85082961,0.9991236548115792,0.44445206043969154,50.713992915145646,0.8452332152524275,2.2007948636041808
513,50,40,6,400,0,1.0,84630065.2623145,37532000.00000064,17390649.062459003,0.9999999999999997,0.4633552451896703,51.91771962341314,0.8652953270568857,2.2359795232086217
514,50,40,6,400,0,1.0,83593218.06868468,36762000.00000036,17375408.850829627,0.9991236548115804,0.4726459074813519,52.561680259633235,0.8760280043272206,2.2541447303123023
515,50,40,6,400,0,1.0,77875650.92897959,32360166.666666936,17390649.06245897,0.9999999999999979,0.5374091314669422,56.42071620058781,0.9403452700097968,2.3702725751833507
516,50,40,6,400,0,1.0,77257912.92897923,31887166.666666843,17390649.062458992,0.9999999999999991,0.5453808186927519,56.8718443642023,0.947864072736705,2.3841687276909065
517,50,40,6,400,0,1.0,83579892.69201474,36758333.33333376,17371242.569715086,0.9988840846207508,0.4725797117129418,52.57006031571258,0.8761676719285431,2.2542314412988964
518,50,40,6,400,0,1.0,79044085.59564641,33254833.333333645,17390649.062459007,1.0,0.5229510215294673,55.586701609487676,0.9264450268247946,2.344805844048368
519,50,40,6,400,0,1.0,68916791.99343953,28457000.000000022,15506157.471989397,0.891637650572937,0.5448978273180373,63.75514403540815,0.9393325266982305,2.3752507885526604
520,50,40,10,400,0,1.0,76995542.03378102,31942166.6666668,17227544.672416076,0.9906211441874804,0.5393355075813894,57.06564151561222,0.9510940252602037,2.382562431325315
521,50,40,10,400,0,1.0,72560230.92897823,28290166.666666627,17390649.062459063,1.0000000000000033,0.6147241643135986,60.55383153756277,0.9908119449000724,2.4825912763509512
522,50,40,10,400,0,1.0,86511910.40201956,38996833.333334066,17375408.8508296,0.9991236548115789,0.44555948177405713,50.78838254272824,0.846473042378804,2.2029206277980498
523,50,40,10,400,0,1.0,85556672.26231503,38241500.00000076,17390649.06245899,0.9999999999999988,0.45475854928438064,51.35543358358653,0.8559238930597756,2.21973073248728
524,50,40,10,400,0,1.0,85309955.06868424,38076500.00000023,17375408.85082965,0.9991236548115817,0.45632893913121075,51.503953981249786,0.8583992330208298,2.2234623843257983
525,50,40,10,400,0,1.0,77875650.92897959,32360166.666666936,17390649.06245897,0.9999999999999979,0.5374091314669422,56.42071620058781,0.9403452700097968,2.3702725751833507
526,50,40,10,400,0,1.0,77212420.59564573,31852333.33333347,17390649.062458992,0.9999999999999991,0.5459772406770488,56.90535235269883,0.9484225392116471,2.385204331753286
527,50,40,10,400,0,1.0,84891756.3586812,38142500.00000036,17129242.569715094,0.9849685602989822,0.44908547079281463,51.75767575635371,0.8626279292725619,2.2218963059068138
528,50,40,10,400,0,1.0,79307462.26231316,33456500.000000328,17390649.062459007,1.0,0.5197988152514111,55.40210056737536,0.9233683427895893,2.3392073949907184
529,50,40,10,400,0,1.0,72358829.6807087,30053833.33333328,16168223.530523278,0.9297078833834578,0.5379754173518622,60.72237513221435,0.9880326002868266,2.4184129341683165
530,50,40,8,300,0,1.0,63001135.21817882,27809833.33333326,13031556.63812226,0.9991236548115828,0.46859528001926043,52.3133430625708,0.8718890510428466,2.246765275058255
531,50,40,8,300,0,1.0,67049429.94673444,30891666.666666746,13042986.796844274,1.0000000000000009,0.4222169990885646,49.15478032577244,0.819246338762874,2.157019938033726
532,50,40,8,300,0,1.0,71105953.55151406,34015666.66666705,13031556.638122242,0.9991236548115813,0.3831045490251186,46.35054922106199,0.7725091536843665,2.0789927929044616
533,50,40,8,300,0,1.0,75132699.28007035,37081000.000000715,13042986.79684434,1.000000000000006,0.3517431244260966,43.866386161827165,0.7311064360304528,2.01250093557133
534,50,40,8,300,0,1.0,73414713.5914655,35777500.00000052,13035366.158189336,0.9994157290217627,0.36434536114007815,44.89290823008997,0.7482151371681662,2.039691426080229
535,50,40,8,300,0,1.0,66740560.946734264,30655166.66666673,13042986.796844313,1.0000000000000038,0.42547433973101717,49.38226399730716,0.8230377332884528,2.1634172050732667
536,50,40,8,300,0,1.0,65952825.28006757,30052000.000000056,13042986.796844296,1.0000000000000024,0.4340139357395272,49.972082105723906,0.8328680350953984,2.1800791836870204
537,50,40,8,300,0,1.0,78104066.94673592,39356166.66666721,13042986.796844285,1.0000000000000016,0.3314089735241179,42.19754654066367,0.7032924423443946,1.9684196211636888
538,50,40,8,300,0,1.0,59422092.82716673,27133333.333333388,11716020.576134637,0.8982620897055048,0.4317943701278113,55.464219504790286,0.9244036584131714,2.26983915451542
539,50,40,8,300,0,1.0,63952399.30573851,28964833.333333522,12759635.743812207,0.9782756007158872,0.4405216352178374,51.53520486766577,0.8589200811277629,2.2113373893020327
540,50,35,8,300,0,1.0,63002968.55151216,27809833.33333326,13031556.63812226,0.9991236548115828,0.46859528001926043,52.31182078833802,0.8718636798056336,2.246739903821042
541,50,35,8,300,0,1.0,67051263.28006779,30891666.666666746,13042986.796844274,1.0000000000000009,0.4222169990885646,49.15343632279836,0.819223938713306,2.1569975379841577
542,50,35,8,300,0,1.0,71107786.88484742,34015666.66666705,13031556.638122242,0.9991236548115813,0.3831045490251186,46.34935419010084,0.7724892365016807,2.0789728757217754
543,50,35,8,300,0,1.0,75134532.61340368,37081000.000000715,13042986.79684434,1.000000000000006,0.3517431244260966,43.86531579238231,0.7310885965397051,2.012483096080582
544,50,35,8,300,0,1.0,73416546.92479883,35777500.00000052,13035366.158189336,0.9994157290217627,0.36434536114007815,44.89178717947488,0.748196452991248,2.0396727419033107
545,50,35,8,300,0,1.0,66742394.28006759,30655166.66666673,13042986.796844313,1.0000000000000038,0.42547433973101717,49.3809075258824,0.8230151254313733,2.163394597216187
546,50,35,8,300,0,1.0,65954658.61340089,30052000.000000056,13042986.796844296,1.0000000000000024,0.4340139357395272,49.970693038055515,0.8328448839675919,2.1800560325592135
547,50,35,8,300,0,1.0,78105900.28006923,39356166.66666721,13042986.796844285,1.0000000000000016,0.3314089735241179,42.19655606275637,0.7032759343792728,1.9684031131985673
548,50,35,8,300,0,1.0,59423926.16050006,27133333.333333388,11716020.576134637,0.8982620897055048,0.4317943701278113,55.46250833541803,0.9243751389236338,2.2698106350258827
549,50,35,8,300,0,1.0,63954232.63907186,28964833.333333522,12759635.743812207,0.9782756007158872,0.4405216352178374,51.53372754231878,0.8588954590386463,2.2113127672129163
550,50,45,8,300,0,1.0,62999301.88484549,27809833.33333326,13031556.63812226,0.9991236548115828,0.46859528001926043,52.31486542540254,0.8719144237567089,2.2467906477721176
551,50,45,8,300,0,1.0,67047596.61340112,30891666.666666746,13042986.796844274,1.0000000000000009,0.4222169990885646,49.1561244022467,0.819268740037445,2.1570423393082967
552,50,45,8,300,0,1.0,71104120.21818075,34015666.66666705,13031556.638122242,0.9991236548115813,0.3831045490251186,46.351744313647956,0.7725290718941326,2.0790127111142276
553,50,45,8,300,0,1.0,75130865.94673702,37081000.000000715,13042986.79684434,1.000000000000006,0.3517431244260966,43.86745658351005,0.7311242763918341,2.0125187759327114
554,50,45,8,300,0,1.0,73412880.25813216,35777500.00000052,13035366.158189336,0.9994157290217627,0.36434536114007815,44.894029336696875,0.7482338222782813,2.039710111190344
555,50,45,8,300,0,1.0,66738727.61340093,30655166.66666673,13042986.796844313,1.0000000000000038,0.42547433973101717,49.38362054325731,0.8230603423876218,2.1634398141724356
556,50,45,8,300,0,1.0,65950991.946734235,30052000.000000056,13042986.796844296,1.0000000000000024,0.4340139357395272,49.973471250620086,0.8328911875103348,2.1801023361019567
557,50,45,8,300,0,1.0,78102233.61340258,39356166.66666721,13042986.796844285,1.0000000000000016,0.3314089735241179,42.198537065070965,0.7033089510845161,1.9684361299038104
558,50,45,8,300,0,1.0,59420259.49383339,27133333.333333388,11716020.576134637,0.8982620897055048,0.4317943701278113,55.46593077975428,0.9244321796625713,2.26986767576482
559,50,45,8,300,0,1.0,63950565.97240518,28964833.333333522,12759635.743812207,0.9782756007158872,0.4405216352178374,51.536682277716594,0.85894470462861,2.21136201280288
560,50,40,6,300,0,1.0,63001135.21817882,27809833.33333326,13031556.63812226,0.9991236548115828,0.46859528001926043,52.3133430625708,0.8718890510428466,2.246765275058255
561,50,40,6,300,0,1.0,67049429.946734466,30891666.666666754,13042986.796844266,1.0000000000000002,0.4222169990885642,49.15478032577243,0.8192463387628738,2.1570199380337254
562,50,40,6,300,0,1.0,70258359.55151404,33366666.66666702,13031556.638122244,0.9991236548115815,0.3905561430006625,46.90972036691934,0.781828672781989,2.094273587182519
563,50,40,6,300,0,1.0,75214106.61340348,37143333.33333401,13042986.79684434,1.000000000000006,0.351152834878689,43.81890776075075,0.7303151293458457,2.011237397248797
564,50,40,6,300,0,1.0,73390770.25813247,35759166.66666726,13035366.158189336,0.9994157290217627,0.3645321570186419,44.90755429337916,0.748459238222986,2.0400849638378995
565,50,40,6,300,0,1.0,66740560.946734264,30655166.66666673,13042986.796844313,1.0000000000000038,0.42547433973101717,49.38226399730716,0.8230377332884528,2.1634172050732667
566,50,40,6,300,0,1.0,66029443.94673463,30110666.666666813,13042986.796844296,1.0000000000000024,0.4331683167707202,49.91409593966432,0.8319015989944053,2.1784362524109815
567,50,40,6,300,0,1.0,77905337.28006923,39204000.00000054,13042986.796844285,1.0000000000000016,0.33269530652086793,42.30518877226111,0.7050864795376852,1.9712427247543796
568,50,40,6,300,0,1.0,60723449.66049987,27085666.66666668,12381520.576134652,0.9492856788853261,0.4571244536274283,54.27557259059826,0.904592876509971,2.2702924394119135
569,50,40,6,300,0,1.0,64523408.280067794,28957500.000000134,13042986.796844333,1.0000000000000053,0.45041826113595007,51.07913682572965,0.8513189470954942,2.2116535560042543
570,50,40,10,300,0,1.0,63001135.21817882,27809833.33333326,13031556.63812226,0.9991236548115828,0.46859528001926043,52.3133430625708,0.8718890510428466,2.246765275058255
571,50,40,10,300,0,1.0,67073373.28006792,30910000.000000104,13042986.796844274,1.0000000000000009,0.42196657382220093,49.1372334329785,0.8189538905496416,2.1565271496074025
572,50,40,10,300,0,1.0,71105953.55151406,34015666.66666705,13031556.638122242,0.9991236548115813,0.3831045490251186,46.35054922106199,0.7725091536843665,2.0789927929044616
573,50,40,10,300,0,1.0,77208586.28007025,38670500.000000805,13042986.796844313,1.0000000000000038,0.337285186300773,42.68696214750847,0.7114493691251411,1.9812775181657596
574,50,40,10,300,0,1.0,73429079.5914649,35788500.00000038,13035366.158189321,0.9994157290217615,0.3642333754750599,44.88412517679291,0.7480687529465484,2.039455453326596
575,50,40,10,300,0,1.0,66740560.946734264,30655166.66666673,13042986.796844313,1.0000000000000038,0.42547433973101717,49.38226399730716,0.8230377332884528,2.1634172050732667
576,50,40,10,300,0,1.0,65952825.28006757,30052000.000000056,13042986.796844296,1.0000000000000024,0.4340139357395272,49.972082105723906,0.8328680350953984,2.1800791836870204
577,50,40,10,300,0,1.0,78063363.28006883,39325000.00000047,13042986.796844285,1.0000000000000016,0.33167162865465044,42.21954911391174,0.703659151898529,1.9689964548222494
578,50,40,10,300,0,1.0,59436458.827166796,27144333.333333403,11716020.576134637,0.8982620897055048,0.43161938929431337,55.450813608928854,0.924180226815481,2.269475738250932
579,50,40,10,300,0,1.0,65799587.946733996,29934666.666666653,13042986.79684429,1.000000000000002,0.43571511726129003,50.08845956099318,0.8348076593498863,2.1833797531589183
580,50,40,8,200,0,1.0,59853018.297823384,32202500.00000011,8695324.531229502,0.9999999999999997,0.27002017021130253,36.71995268582679,0.6119992114304466,1.8280153475994885
581,50,40,8,200,0,1.0,57695723.96449047,30550666.666666828,8695324.53122951,1.0000000000000009,0.2846197965531401,38.09294431165579,0.6348824051942632,1.8625782424367754
582,50,40,8,200,0,1.0,61453579.70100999,33440000.000000406,8687704.425414791,0.9991236548115777,0.2597997734872813,35.76357977343147,0.5960596628905246,1.8038994816803497
583,50,40,8,200,0,1.0,68230790.63115847,38617333.33333424,8695324.531229502,0.9999999999999997,0.2251663639271475,32.21126385418648,0.5368543975697746,1.7169874887114926
584,50,40,8,200,0,1.0,64356759.29782398,35651000.000000484,8695324.531229502,0.9999999999999997,0.24390127994248081,34.15025902452972,0.5691709837421619,1.7642920076961466
585,50,40,8,200,0,1.0,54790188.046972565,28328666.666666653,8693565.664700937,0.999797722727628,0.3068822746582122,40.11302166212294,0.6685503610353823,1.914056180761952
586,50,40,8,200,0,1.0,56429121.631156564,29580833.3333334,8695324.531229513,1.000000000000001,0.293951303982742,38.94797467105203,0.6491329111842005,1.8842939543703943
587,50,40,8,200,0,1.0,68489222.17772636,38857500.00000079,8668371.812782269,0.9969003205860307,0.22308104774579152,32.08972054459621,0.5348286757432702,1.7132935139399033
588,50,40,8,200,0,1.0,57585584.631157026,30466333.33333353,8695324.531229502,0.9999999999999997,0.28540764771702465,38.165801633814915,0.6360966938969153,1.864422812070535
589,50,40,8,200,0,1.0,57966283.631156564,30757833.33333339,8695324.531229498,0.9999999999999994,0.28270276508085684,37.91514415491516,0.631919069248586,1.8580812813132717
590,50,35,8,200,0,1.0,59854851.63115671,32202500.00000011,8695324.531229502,0.9999999999999997,0.27002017021130253,36.71882796641938,0.6119804661069898,1.827996602276032
591,50,35,8,200,0,1.0,57697557.2978238,30550666.666666828,8695324.53122951,1.0000000000000009,0.2846197965531401,38.091733912674584,0.6348622318779097,1.8625580691204218
592,50,35,8,200,0,1.0,61455413.03434332,33440000.000000406,8687704.425414791,0.9991236548115777,0.2597997734872813,35.76251287696654,0.5960418812827757,1.8038817000726008
593,50,35,8,200,0,1.0,68232623.9644918,38617333.33333424,8695324.531229502,0.9999999999999997,0.2251663639271475,32.21039837400557,0.5368399729000929,1.7169730640418108
594,50,35,8,200,0,1.0,64358592.63115731,35651000.000000484,8695324.531229502,0.9999999999999997,0.24390127994248081,34.14928621257638,0.5691547702096063,1.764275794163591
595,50,35,8,200,0,1.0,54792021.38030591,28328666.666666653,8693565.664700937,0.999797722727628,0.3068822746582122,40.11167948605676,0.6685279914342793,1.914033811160849
596,50,35,8,200,0,1.0,56430954.9644899,29580833.3333334,8695324.531229513,1.000000000000001,0.293951303982742,38.94670932616685,0.6491118221027807,1.8842728652889744
597,50,35,8,200,0,1.0,68491055.51105967,38857500.00000079,8668371.812782269,0.9969003205860307,0.22308104774579152,32.088861583467754,0.5348143597244626,1.7132791979210957
598,50,35,8,200,0,1.0,57587417.96449035,30466333.33333353,8695324.531229502,0.9999999999999997,0.28540764771702465,38.1645866004135,0.636076443340225,1.8644025615138449
599,50,35,8,200,0,1.0,57968116.9644899,30757833.33333339,8695324.531229498,0.9999999999999994,0.28270276508085684,37.91394502854609,0.6318990838091014,1.858061295873787
600,50,45,8,200,0,1.0,59851184.96449005,32202500.00000011,8695324.531229502,0.9999999999999997,0.27002017021130253,36.72107747413796,0.6120179579022993,1.8280340940713413
601,50,45,8,200,0,1.0,57693890.63115714,30550666.666666828,8695324.53122951,1.0000000000000009,0.2846197965531401,38.094154787562466,0.6349025797927078,1.8625984170352199
602,50,45,8,200,0,1.0,61451746.36767665,33440000.000000406,8687704.425414791,0.9991236548115777,0.2597997734872813,35.764646733555374,0.5960774455592562,1.8039172643490815
603,50,45,8,200,0,1.0,68228957.29782513,38617333.33333424,8695324.531229502,0.9999999999999997,0.2251663639271475,32.212129380878835,0.5368688230146472,1.7170019141563653
604,50,45,8,200,0,1.0,64354925.964490645,35651000.000000484,8695324.531229502,0.9999999999999997,0.24390127994248081,34.151231891909696,0.569187198198495,1.7643082221524797
605,50,45,8,200,0,1.0,54788354.71363924,28328666.666666653,8693565.664700937,0.999797722727628,0.3068822746582122,40.11436392801317,0.6685727321335528,1.9140785518601227
606,50,45,8,200,0,1.0,56427288.29782322,29580833.3333334,8695324.531229513,1.000000000000001,0.293951303982742,38.94924009815981,0.6491540016359969,1.8843150448221906
607,50,45,8,200,0,1.0,68487388.84439301,38857500.00000079,8668371.812782269,0.9969003205860307,0.22308104774579152,32.090579551711606,0.5348429925285267,1.71330783072516
608,50,45,8,200,0,1.0,57583751.29782368,30466333.33333353,8695324.531229502,0.9999999999999997,0.28540764771702465,38.16701674458405,0.6361169457430675,1.8644430639166873
609,50,45,8,200,0,1.0,57964450.29782322,30757833.33333339,8695324.531229498,0.9999999999999994,0.28270276508085684,37.91634335713756,0.6319390559522927,1.8581012680169784
610,50,40,6,200,0,1.0,59853018.297823384,32202500.00000011,8695324.531229502,0.9999999999999997,0.27002017021130253,36.71995268582679,0.6119992114304466,1.8280153475994885
611,50,40,6,200,0,1.0,56414755.631157145,29569833.33333353,8695324.531229513,1.000000000000001,0.29406065408652243,38.95789276070502,0.649298212678417,1.884546735947635
612,50,40,6,200,0,1.0,61465551.36767672,33449166.666667078,8687704.425414791,0.9991236548115777,0.2597285759609761,35.75661408864821,0.5959435681441368,1.8037264289129178
613,50,40,6,200,0,1.0,67826148.29782534,38307500.000000894,8695324.531229502,0.9999999999999997,0.22698752284093973,32.40343223308859,0.5400572038848098,1.7216472221575616
614,50,40,6,200,0,1.0,63808456.96449105,35231166.666667186,8695324.5312295,0.9999999999999996,0.24680773740758055,34.44371020009245,0.5740618366682074,1.771508026594272
615,50,40,6,200,0,1.0,54787793.713639215,28326833.333333302,8693565.664700937,0.999797722727628,0.3069021363030677,40.11477467932544,0.6685795779887573,1.9141012870312115
616,50,40,6,200,0,1.0,56429121.631156564,29580833.3333334,8695324.531229513,1.000000000000001,0.293951303982742,38.94797467105203,0.6491329111842005,1.8842939543703943
617,50,40,6,200,0,1.0,67721944.36767736,38239666.6666675,8687704.425414784,0.9991236548115769,0.2271909036536562,32.453291477687934,0.5408881912947989,1.722640914217724
618,50,40,6,200,0,1.0,57417981.29782364,30338000.000000164,8695324.531229502,0.9999999999999997,0.28661495587149627,38.2772077722507,0.637953462870845,1.8672454275680421
619,50,40,6,200,0,1.0,57698118.29782365,30552500.000000168,8695324.531229503,1.0,0.28460271765745704,38.091363545956405,0.6348560590992735,1.862538233225239
620,50,40,10,200,0,1.0,59853018.297823384,32202500.00000011,8695324.531229502,0.9999999999999997,0.27002017021130253,36.71995268582679,0.6119992114304466,1.8280153475994885
621,50,40,10,200,0,1.0,57719667.29782394,30569000.00000021,8695324.53122951,1.0000000000000009,0.2844490997817872,38.077142556274886,0.6346190426045815,1.8621783224300112
622,50,40,10,200,0,1.0,61453579.70100999,33440000.000000406,8687704.425414791,0.9991236548115777,0.2597997734872813,35.76357977343147,0.5960596628905246,1.8038994816803497
623,50,40,10,200,0,1.0,68927541.6311582,39150833.33333423,8695324.531229502,0.9999999999999997,0.22209807022999004,31.88565772098421,0.5314276286830701,1.7091060848670623
624,50,40,10,200,0,1.0,64976891.63115712,36125833.333333775,8695324.531229498,0.9999999999999992,0.240695472710555,33.824332694704204,0.5637388782450701,1.7562952564135141
625,50,40,10,200,0,1.0,54790188.046972565,28328666.666666653,8693565.664700937,0.999797722727628,0.3068822746582122,40.11302166212294,0.6685503610353823,1.914056180761952
626,50,40,10,200,0,1.0,56429121.631156564,29580833.3333334,8695324.531229513,1.000000000000001,0.293951303982742,38.94797467105203,0.6491329111842005,1.8842939543703943
627,50,40,10,200,0,1.0,68229238.03734708,38826333.33333392,8561353.524001364,0.9845927536405366,0.22050378670836554,32.21199683919929,0.5368666139866548,1.7132696433533474
628,50,40,10,200,0,1.0,57599950.63115704,30477333.33333354,8695324.531229502,0.9999999999999997,0.2853046372570689,38.156282703672375,0.6359380450612062,1.8641817548668613
629,50,40,10,200,0,1.0,57975860.96448961,30765166.666666664,8695324.531229498,0.9999999999999994,0.28263537868789373,37.908880755495105,0.6318146792582517,1.8579229822085668
630,50,35,10,200,0,1.0,59854851.63115671,32202500.00000011,8695324.531229502,0.9999999999999997,0.27002017021130253,36.71882796641938,0.6119804661069898,1.827996602276032
631,50,35,10,200,0,1.0,57721500.63115729,30569000.00000021,8695324.53122951,1.0000000000000009,0.2844490997817872,38.07593316126742,0.6345988860211237,1.8621581658465534
632,50,35,10,200,0,1.0,61455413.03434332,33440000.000000406,8687704.425414791,0.9991236548115777,0.2597997734872813,35.76251287696654,0.5960418812827757,1.8038817000726008
633,50,35,10,200,0,1.0,68929374.96449153,39150833.33333423,8695324.531229502,0.9999999999999997,0.22209807022999004,31.88480964947355,0.5314134941578925,1.7090919503418847
634,50,35,10,200,0,1.0,64978724.96449045,36125833.333333775,8695324.531229498,0.9999999999999992,0.240695472710555,33.82337836270337,0.5637229727117229,1.7562793508801668
635,50,35,10,200,0,1.0,54792021.38030591,28328666.666666653,8693565.664700937,0.999797722727628,0.3068822746582122,40.11167948605676,0.6685279914342793,1.914033811160849
636,50,35,10,200,0,1.0,56430954.9644899,29580833.3333334,8695324.531229513,1.000000000000001,0.293951303982742,38.94670932616685,0.6491118221027807,1.8842728652889744
637,50,35,10,200,0,1.0,68231071.3706804,38826333.33333392,8561353.524001364,0.9845927536405366,0.22050378670836554,32.21113131962951,0.5368521886604918,1.7132552180271843
638,50,35,10,200,0,1.0,57601783.96449039,30477333.33333354,8695324.531229502,0.9999999999999997,0.2853046372570689,38.155068276268516,0.6359178046044752,1.8641615144101302
639,50,35,10,200,0,1.0,57977694.29782294,30765166.666666664,8695324.531229498,0.9999999999999994,0.28263537868789373,37.907682025266865,0.6317947004211144,1.8579030033714294
640,50,45,10,200,0,1.0,59851184.96449005,32202500.00000011,8695324.531229502,0.9999999999999997,0.27002017021130253,36.72107747413796,0.6120179579022993,1.8280340940713413
641,50,45,10,200,0,1.0,57717833.964490615,30569000.00000021,8695324.53122951,1.0000000000000009,0.2844490997817872,38.07835202811212,0.6346392004685354,1.8621984802939653
642,50,45,10,200,0,1.0,61451746.36767665,33440000.000000406,8687704.425414791,0.9991236548115777,0.2597997734872813,35.764646733555374,0.5960774455592562,1.8039172643490815
643,50,45,10,200,0,1.0,68925708.29782486,39150833.33333423,8695324.531229502,0.9999999999999997,0.22209807022999004,31.886505837610052,0.5314417639601675,1.7091202201441598
644,50,45,10,200,0,1.0,64975058.29782379,36125833.333333775,8695324.531229498,0.9999999999999992,0.240695472710555,33.82528708055982,0.5637547846759969,1.756311162844441
645,50,45,10,200,0,1.0,54788354.71363924,28328666.666666653,8693565.664700937,0.999797722727628,0.3068822746582122,40.11436392801317,0.6685727321335528,1.9140785518601227
646,50,45,10,200,0,1.0,56427288.29782322,29580833.3333334,8695324.531229513,1.000000000000001,0.293951303982742,38.94924009815981,0.6491540016359969,1.8843150448221906
647,50,45,10,200,0,1.0,68227404.70401375,38826333.33333392,8561353.524001364,0.9845927536405366,0.22050378670836554,32.21286240528369,0.5368810400880615,1.713284069454754
648,50,45,10,200,0,1.0,57598117.29782371,30477333.33333354,8695324.531229502,0.9999999999999997,0.2853046372570689,38.15749720838604,0.635958286806434,1.864201996612089
649,50,45,10,200,0,1.0,57974027.63115627,30765166.666666664,8695324.531229498,0.9999999999999994,0.28263537868789373,37.91007956153909,0.6318346593589849,1.8579429623092998
650,50,50,10,200,0,1.0,59849351.63115671,32202500.00000011,8695324.531229502,0.9999999999999997,0.27002017021130253,36.722202331359206,0.6120367055226534,1.8280528416916955
651,50,50,10,200,0,1.0,57716000.63115729,30569000.00000021,8695324.53122951,1.0000000000000009,0.2844490997817872,38.07956157678646,0.6346593596131077,1.8622186394385376
652,50,50,10,200,0,1.0,61449913.03434332,33440000.000000406,8687704.425414791,0.9991236548115777,0.2597997734872813,35.76571375734392,0.5960952292890653,1.8039350480788905
653,50,50,10,200,0,1.0,68923874.96449153,39150833.33333423,8695324.531229502,0.9999999999999997,0.22209807022999004,31.887353999354666,0.5314558999892445,1.7091343561732366
654,50,50,10,200,0,1.0,64973224.96449045,36125833.333333775,8695324.531229498,0.9999999999999992,0.240695472710555,33.82624152027477,0.5637706920045795,1.7563270701730236
655,50,50,10,200,0,1.0,54786521.38030591,28328666.666666653,8693565.664700937,0.999797722727628,0.3068822746582122,40.115706283736465,0.6685951047289411,1.914100924455511
656,50,50,10,200,0,1.0,56425454.9644899,29580833.3333334,8695324.531229513,1.000000000000001,0.293951303982742,38.95050560749818,0.649175093458303,1.8843361366444968
657,50,50,10,200,0,1.0,68225571.3706804,38826333.33333392,8561353.524001364,0.9845927536405366,0.22050378670836554,32.21372801788647,0.5368954669647744,1.713298496331467
658,50,50,10,200,0,1.0,57596283.96449039,30477333.33333354,8695324.531229502,0.9999999999999997,0.2853046372570689,38.15871179041691,0.6359785298402818,1.864222239645937
659,50,50,10,200,0,1.0,57972194.29782294,30765166.666666664,8695324.531229498,0.9999999999999994,0.28263537868789373,37.91127844340602,0.6318546407234337,1.8579629436737486
660,50,45,10,300,0,1.0,62999301.88484549,27809833.33333326,13031556.63812226,0.9991236548115828,0.46859528001926043,52.31486542540254,0.8719144237567089,2.2467906477721176
661,50,45,10,300,0,1.0,67071539.94673458,30910000.000000104,13042986.796844274,1.0000000000000009,0.42196657382220093,49.13857655001491,0.8189762758335818,2.1565495348913424
662,50,45,10,300,0,1.0,71104120.21818075,34015666.66666705,13031556.638122242,0.9991236548115813,0.3831045490251186,46.351744313647956,0.7725290718941326,2.0790127111142276
663,50,45,10,300,0,1.0,77206752.94673692,38670500.000000805,13042986.796844313,1.0000000000000038,0.337285186300773,42.68797578203675,0.7114662630339459,1.9812944120745644
664,50,45,10,300,0,1.0,73427246.25813158,35788500.00000038,13035366.158189321,0.9994157290217615,0.3642333754750599,44.88524584476041,0.7480874307460069,2.0394741311260547
665,50,45,10,300,0,1.0,66738727.61340093,30655166.66666673,13042986.796844313,1.0000000000000038,0.42547433973101717,49.38362054325731,0.8230603423876218,2.1634398141724356
666,50,45,10,300,0,1.0,65950991.946734235,30052000.000000056,13042986.796844296,1.0000000000000024,0.4340139357395272,49.973471250620086,0.8328911875103348,2.1801023361019567
667,50,45,10,300,0,1.0,78061529.94673549,39325000.00000047,13042986.796844285,1.0000000000000016,0.33167162865465044,42.22054067155559,0.7036756778592598,1.9690129807829804
668,50,45,10,300,0,1.0,59434625.49383347,27144333.333333403,11716020.576134637,0.8982620897055048,0.43161938929431337,55.452524056737765,0.9242087342789628,2.2695042457144137
669,50,45,10,300,0,1.0,65797754.61340067,29934666.666666653,13042986.79684429,1.000000000000002,0.43571511726129003,50.0898551837324,0.8348309197288734,2.1834030135379052
670,50,50,10,300,0,1.0,62997468.55151216,27809833.33333326,13031556.63812226,0.9991236548115828,0.46859528001926043,52.316387876840956,0.8719397979473492,2.2468160219627578
671,50,50,10,300,0,1.0,67069706.61340124,30910000.000000104,13042986.796844274,1.0000000000000009,0.42196657382220093,49.139919740478845,0.8189986623413141,2.156571921399075
672,50,50,10,300,0,1.0,71102286.88484742,34015666.66666705,13031556.638122242,0.9991236548115813,0.3831045490251186,46.35293946786354,0.772548991131059,2.079032630351154
673,50,50,10,300,0,1.0,77204919.61340357,38670500.000000805,13042986.796844313,1.0000000000000038,0.337285186300773,42.68898946470524,0.7114831577450873,1.9813113067857058
674,50,50,10,300,0,1.0,73425412.92479825,35788500.00000038,13035366.158189321,0.9994157290217615,0.3642333754750599,44.88636656869105,0.7481061094781842,2.039492809858232
675,50,50,10,300,0,1.0,66736894.28006759,30655166.66666673,13042986.796844313,1.0000000000000038,0.42547433973101717,49.384977163738974,0.8230829527289829,2.1634624245137966
676,50,50,10,300,0,1.0,65949158.61340089,30052000.000000056,13042986.796844296,1.0000000000000024,0.4340139357395272,49.97486047275048,0.832914341212508,2.18012548980413
677,50,50,10,300,0,1.0,78059696.61340216,39325000.00000047,13042986.796844285,1.0000000000000016,0.33167162865465044,42.221532275775466,0.7036922045962578,1.9690295075199784
678,50,50,10,300,0,1.0,59432792.16050014,27144333.333333403,11716020.576134637,0.8982620897055048,0.43161938929431337,55.454234610071616,0.9242372435011936,2.2695327549366446
679,50,50,10,300,0,1.0,65795921.28006733,29934666.666666653,13042986.79684429,1.000000000000002,0.43571511726129003,50.09125088424671,0.8348541814041118,2.1834262752131437
680,50,45,10,400,0,1.0,76993708.7004477,31942166.6666668,17227544.672416076,0.9906211441874804,0.5393355075813894,57.06700033238497,0.9511166722064162,2.3825850782715277
681,50,45,10,400,0,1.0,72558397.5956449,28290166.666666627,17390649.062459063,1.0000000000000033,0.6147241643135986,60.55536155147567,0.9907866792878672,2.482566010738746
682,50,45,10,400,0,1.0,86510077.06868623,38996833.333334066,17375408.8508296,0.9991236548115789,0.44555948177405713,50.789458857046945,0.8464909809507825,2.2029385663700283
683,50,45,10,400,0,1.0,85554838.9289817,38241500.00000076,17390649.06245899,0.9999999999999988,0.45475854928438064,51.35653406638114,0.8559422344396856,2.21974907386719
684,50,45,10,400,0,1.0,85308121.7353509,38076500.00000023,17375408.85082965,0.9991236548115817,0.45632893913121075,51.505060838530326,0.858417680642172,2.223480831947141
685,50,45,10,400,0,1.0,77873817.59564625,32360166.666666936,17390649.06245897,0.9999999999999979,0.5374091314669422,56.422044477316696,0.9403674079552783,2.370294713128832
686,50,45,10,400,0,1.0,77210587.2623124,31852333.33333347,17390649.062458992,0.9999999999999991,0.5459772406770488,56.90670354666085,0.9484450591110142,2.385226851652653
687,50,45,10,400,0,1.0,84889923.02534787,38142500.00000036,17129242.569715094,0.9849685602989822,0.44908547079281463,51.75879354594331,0.8626465590990552,2.221914935733307
688,50,45,10,400,0,1.0,79305628.92897984,33456500.000000328,17390649.062459007,1.0,0.5197988152514111,55.403381315275325,0.9233896885879221,2.339228740789051
689,50,45,10,400,0,1.0,72356996.34737538,30053833.33333328,16168223.530523278,0.9297078833834578,0.5379754173518622,60.72391367527209,0.9880072651000222,2.418387598981512
690,50,50,10,400,0,1.0,76991875.36711437,31942166.6666668,17227544.672416076,0.9906211441874804,0.5393355075813894,57.06835921387011,0.9511393202311685,2.38260772629628
691,50,50,10,400,0,1.0,72556564.26231156,28290166.666666627,17390649.062459063,1.0000000000000033,0.6147241643135986,60.55689164270826,0.9907614130431767,2.4825407444940555
692,50,50,10,400,0,1.0,86508243.73535289,38996833.333334066,17375408.8508296,0.9991236548115789,0.44555948177405713,50.790535216985425,0.8465089202830904,2.2029565057023364
693,50,50,10,400,0,1.0,85553005.59564836,38241500.00000076,17390649.06245899,0.9999999999999988,0.45475854928438064,51.3576345963407,0.8559605766056784,2.219767416033183
694,50,50,10,400,0,1.0,85306288.40201756,38076500.00000023,17375408.85082965,0.9991236548115817,0.45632893913121075,51.50616774338623,0.8584361290564372,2.223499280361406
695,50,50,10,400,0,1.0,77871984.26231292,32360166.666666936,17390649.06245897,0.9999999999999979,0.5374091314669422,56.423372816588575,0.9403895469431429,2.3703168521166966
696,50,50,10,400,0,1.0,77208753.92897905,31852333.33333347,17390649.062458992,0.9999999999999991,0.5459772406770488,56.90805480479148,0.9484675800798581,2.385249372621497
697,50,50,10,400,0,1.0,84888089.69201453,38142500.00000036,17129242.569715094,0.9849685602989822,0.44908547079281463,51.75991138381486,0.8626651897302476,2.2219335663644992
698,50,50,10,400,0,1.0,79303795.59564652,33456500.000000328,17390649.062459007,1.0,0.5197988152514111,55.40466212239157,0.9234110353731928,2.339250087574322
699,50,50,10,400,0,1.0,72355163.01404203,30053833.33333328,16168223.530523278,0.9297078833834578,0.5379754173518622,60.725452296296965,0.9879819292790286,2.4183622631605184
700,50,45,10,500,0,1.0,90795135.21172066,35460333.333333544,21720810.091940656,0.9991949128030694,0.612538237803946,60.48561949044896,0.9919390072900627,2.4819695975332197
701,50,45,10,500,0,1.0,80687189.78164701,28777833.333333388,21047017.788342226,0.9681992989566403,0.7313621405946308,68.0628488222446,0.8742570721293567,2.4593467846050614
702,50,45,10,500,0,1.0,91246884.58585557,35808666.66666711,21719261.063536856,0.9991236548115713,0.6065364361570733,60.18616443647106,0.9969020679173011,2.4821312168429595
703,50,45,10,500,0,1.0,95121640.57789244,38745666.66666735,21738311.328073677,0.9999999999999951,0.5610514206682887,57.734496236983205,0.96224160394972,2.411082740484351
704,50,45,10,500,0,1.0,90486211.24455763,35196333.333333656,21738311.328073695,0.999999999999996,0.6176299991876094,60.69212009725193,0.9885309419352287,2.4826349412853164
705,50,45,10,500,0,1.0,80457960.10083318,29701833.333333444,20346200.960224148,0.9359605101408313,0.6850149865123052,68.25676406806056,0.8714361035741327,2.419448092783977
706,50,45,10,500,0,1.0,79518860.3609102,29085833.333333336,20280508.55421024,0.9329385455998657,0.6972641396170037,69.06286100020182,0.8598066992293847,2.417618010922988
707,50,45,10,500,0,1.0,96074874.31951913,39556000.000000395,21687036.759159308,0.997641280955975,0.5482616229942131,57.16166728187178,0.952694454697863,2.3913037530932333
708,50,45,10,500,0,1.0,72743998.60088642,29630333.333333448,16627029.413154058,0.7648721725537717,0.5611489154072064,75.49488762820195,0.7724035540454056,2.221322686371171
709,50,45,10,500,0,1.0,77856760.10088634,31505833.33333344,17926862.746487405,0.824666758881859,0.569001383230217,70.53722750450645,0.8389363341510456,2.294137440735219
710,50,50,10,500,0,1.0,90793301.87838735,35460333.333333544,21720810.091940656,0.9991949128030694,0.612538237803946,60.48684083938224,0.9919188157680969,2.4819494060112537
711,50,50,10,500,0,1.0,80685356.44831367,28777833.333333388,21047017.788342226,0.9681992989566403,0.7313621405946308,68.06439534685578,0.8742345380851277,2.459324250560832
712,50,50,10,500,0,1.0,91245051.25252225,35808666.66666711,21719261.063536856,0.9991236548115713,0.6065364361570733,60.18737372179615,0.9968819758024229,2.4821111247280814
713,50,50,10,500,0,1.0,95119807.24455911,38745666.66666735,21738311.328073677,0.9999999999999951,0.5610514206682887,57.73560900812415,0.9622601501354026,2.4111012866700334
714,50,50,10,500,0,1.0,90484377.91122429,35196333.333333656,21738311.328073695,0.999999999999996,0.6176299991876094,60.69334979998531,0.9885106821561531,2.4826146815062407
715,50,50,10,500,0,1.0,80456126.76749983,29701833.333333444,20346200.960224148,0.9359605101408313,0.6850149865123052,68.25831941761341,0.8714135140710216,2.419425503280866
716,50,50,10,500,0,1.0,79517027.02757686,29085833.333333336,20280508.55421024,0.9329385455998657,0.6972641396170037,69.06445330376121,0.8597838816443643,2.4175951933379674
717,50,50,10,500,0,1.0,96073040.9861858,39556000.000000395,21687036.759159308,0.997641280955975,0.5482616229942131,57.162758081006906,0.9527126346834485,2.391321933078819
718,50,50,10,500,0,1.0,72742165.26755309,29630333.333333448,16627029.413154058,0.7648721725537717,0.5611489154072064,75.49679033887155,0.7723790600923899,2.221298192418155
719,50,50,10,500,0,1.0,77854926.76755303,31505833.33333344,17926862.746487405,0.824666758881859,0.569001383230217,70.53888852013888,0.8389131096997545,2.294114216283928
720,50,45,10,600,0,1.0,86750887.92687045,30228000.000000127,23082049.744689945,0.8848452468829693,0.7635983109927831,75.96233488186417,0.7664093023343618,2.3772879511285883
721,50,45,10,600,0,1.0,89896481.38570853,30717500.000000153,24305234.93689974,0.9317357793684329,0.7912504252266499,73.30431512359088,0.8011247626784221,2.434125102859742
722,50,45,10,600,0,1.0,96662059.30703473,34169666.66666708,25406771.420383632,0.9739629356418106,0.7435475349593692,68.1735941406787,0.8726448957977948,2.4674829237652904
723,50,45,10,600,0,1.0,101778191.88530377,37642000.000000685,25690453.82396341,0.98483783753347,0.6824943898826561,64.74667979390124,0.9239370569004463,2.469932568806571
724,50,45,10,600,0,1.0,98770631.52469283,35152333.33333358,25809509.122185595,0.9894017959302916,0.7342189457936054,66.71821267390133,0.8940708903742821,2.4814460470091664
725,50,45,10,600,0,1.0,79822802.72382331,28062833.333333336,21080889.40482657,0.8081312100203563,0.7512031716265251,82.55535730560433,0.6866554631778938,2.287618000479114
726,50,45,10,600,0,1.0,89923949.66597255,29817333.333333373,24892392.54887198,0.954244335925214,0.8348296029894897,73.28192349733496,0.8014237932442948,2.4692874756358867
727,50,45,10,600,0,1.0,93731120.34124726,35425500.00000042,23175899.141652327,0.888442942657111,0.6542151597479796,70.30535830584857,0.8421846649326332,2.3655567927310166
728,50,45,10,600,0,1.0,81128920.28178832,30603833.333333608,20098737.895780344,0.7704806502082486,0.6567392286079684,81.22627513236198,0.7020355380702155,2.2274269209565905
729,50,45,10,600,0,1.0,80460552.24964026,30759666.66666668,19673219.90384268,0.754168512560428,0.6395784491761725,81.90100385533289,0.6941850364249718,2.2058477957659095
730,50,50,10,600,0,1.0,86749054.5935371,30228000.000000127,23082049.744689945,0.8848452468829693,0.7635983109927831,75.96394025129753,0.7663887964409022,2.3772674452351286
731,50,50,10,600,0,1.0,89894648.0523752,30717500.000000153,24305234.93689974,0.9317357793684329,0.7912504252266499,73.30581010963627,0.8011048017547537,2.4341051419360737
732,50,50,10,600,0,1.0,96660225.97370142,34169666.66666708,25406771.420383632,0.9739629356418106,0.7435475349593692,68.17488717430582,0.872626090013853,2.4674641179813483
733,50,50,10,600,0,1.0,101776358.55197044,37642000.000000685,25690453.82396341,0.98483783753347,0.6824943898826561,64.74784609861067,0.9239190972059894,2.4699146091121147
734,50,50,10,600,0,1.0,98768798.19135948,35152333.33333358,25809509.122185595,0.9894017959302916,0.7342189457936054,66.71945108851685,0.8940524367237609,2.4814275933586454
735,50,50,10,600,0,1.0,79820969.39048997,28062833.333333336,21080889.40482657,0.8081312100203563,0.7512031716265251,82.55725344254115,0.6866337636409964,2.287596300942216
736,50,50,10,600,0,1.0,89922116.33263922,29817333.333333373,24892392.54887198,0.954244335925214,0.8348296029894897,73.28341757018998,0.8014038370671813,2.469267519458773
737,50,50,10,600,0,1.0,93729287.00791395,35425500.00000042,23175899.141652327,0.888442942657111,0.6542151597479796,70.30673347001559,0.8421653627842772,2.365537490582661
738,50,50,10,600,0,1.0,81127086.948455,30603833.333333608,20098737.895780344,0.7704806502082486,0.6567392286079684,81.22811070717852,0.7020140610861724,2.2274054439725472
739,50,50,10,600,0,1.0,80458718.91630691,30759666.66666668,19673219.90384268,0.754168512560428,0.6395784491761725,81.90287005258814,0.6941634453239237,2.2058262046648616
740,50,45,10,700,0,1.0,93165548.02326445,30565333.33333354,25997668.467510898,0.8542412936692754,0.8505606068152608,82.51762763291289,0.6870873870645099,2.3675358725167186
741,50,45,10,700,0,1.0,98788196.58172601,32336333.333333664,27612955.2212744,0.9073170011276638,0.8539296937791582,77.82103799860337,0.7430311578290137,2.4261749128523404
742,50,45,10,700,0,1.0,85998455.4296745,30053833.333333526,22825841.43306005,0.7500201927428395,0.7594985032323077,89.39462879408016,0.6126812390144883,2.2202800416003345
743,50,45,10,700,0,1.0,107511624.86998492,36930666.66666746,28942007.90791386,0.9509875205747571,0.7836849567093266,71.5066859913702,0.825490024524928,2.4524379898923896
744,50,45,10,700,0,1.0,108284168.8568751,37174500.00000062,29163627.06533589,0.9582695672696242,0.7845062358696258,70.99652775800838,0.8325387908200215,2.460143779515722
745,50,45,10,700,0,1.0,98184769.62263149,33687500.000000335,26457244.81338692,0.8693422283062235,0.785372758838936,78.29931291327254,0.7371318155680768,2.3654300226392255
746,50,45,10,700,0,1.0,92616437.39966577,29307666.666666683,26531295.6237183,0.8717754180399024,0.9052680967568765,83.0068637473605,0.6815077001231399,2.405722177528641
747,50,45,10,700,0,1.0,100758495.5538747,35267833.33333374,26706054.280400064,0.8775177045511062,0.757235468025153,76.29927340359502,0.7621174839813256,2.367905858401448
748,50,45,10,700,0,1.0,80470991.22917756,29606500.0000002,20413324.66040832,0.6707487976389173,0.6894879388110106,95.5350478796205,0.5530810090777067,2.104671360126515
749,50,45,10,700,0,1.0,85457261.74839209,31779000.000000186,21462121.887941137,0.7052105764543527,0.6753554828012528,89.96075749109347,0.6069274858825393,2.147211872123542
750,50,50,10,700,0,1.0,93163714.68993111,30565333.33333354,25997668.467510898,0.8542412936692754,0.8505606068152608,82.51925146594522,0.687068792062884,2.367517277515093
751,50,50,10,700,0,1.0,98786363.24839269,32336333.333333664,27612955.2212744,0.9073170011276638,0.8539296937791582,77.82248224554502,0.7430132727029818,2.4261570277263083
752,50,50,10,700,0,1.0,85996622.09634116,30053833.333333526,22825841.43306005,0.7500201927428395,0.7594985032323077,89.39653456838612,0.6126617787874957,2.220260581373342
753,50,50,10,700,0,1.0,107509791.53665161,36930666.66666746,28942007.90791386,0.9509875205747571,0.7836849567093266,71.50790537417348,0.8254732482230651,2.452421213590527
754,50,50,10,700,0,1.0,108282335.52354178,37174500.00000062,29163627.06533589,0.9582695672696242,0.7845062358696258,70.99772980357066,0.8325221118277808,2.4601271005234815
755,50,50,10,700,0,1.0,98182936.28929816,33687500.000000335,26457244.81338692,0.8693422283062235,0.785372758838936,78.30077496712596,0.7371138536800643,2.365412060751213
756,50,50,10,700,0,1.0,92614604.06633246,29307666.666666683,26531295.6237183,0.8717754180399024,0.9052680967568765,83.00850689264774,0.6814890367759346,2.405703514181436
757,50,50,10,700,0,1.0,100756662.22054136,35267833.33333374,26706054.280400064,0.8775177045511062,0.757235468025153,76.30066171875114,0.7620998498644448,2.367888224284567
758,50,50,10,700,0,1.0,80469157.89584422,29606500.0000002,20413324.66040832,0.6707487976389173,0.6894879388110106,95.53722445996955,0.553060945687359,2.1046512967361677
759,50,50,10,700,0,1.0,85455428.41505875,31779000.000000186,21462121.887941137,0.7052105764543527,0.6753554828012528,89.96268748031079,0.6069079634714672,2.1471923497124696
760,50,45,10,800,0,1.0,96719472.96018669,32578333.33333359,26449082.29714597,0.7604397685834884,0.8118611233584416,90.83796397046704,0.5981186901736872,2.2476075888604408
761,50,45,10,800,0,1.0,94693133.62685233,29369999.999999955,27505082.297145963,0.7908009125582571,0.9365026318401772,92.78180648896165,0.5790517417091965,2.3282538471813385
762,50,45,10,800,0,1.0,112728567.11010584,37906000.000000715,30866437.828259364,0.8874435254659467,0.8142889734674928,77.93765347357436,0.7415884114812977,2.393019590255292
763,50,45,10,800,0,1.0,116809594.95783396,39821833.33333405,31637033.003659554,0.9095989715517303,0.7944645023958963,75.21471162682745,0.7760188040154845,2.4115904059322015
764,50,45,10,800,0,1.0,108496349.79009508,35643666.66666693,30242909.284249615,0.8695164043513083,0.84847918613637,80.97783950333488,0.7049484084233885,2.3837317573324843
765,50,45,10,800,0,1.0,94571380.29015599,30519500.000000194,26712988.42857729,0.7680273557541423,0.8752760834409842,92.90125588781875,0.5779000987408263,2.2781209654936134
766,50,45,10,800,0,1.0,95190275.4631043,29487333.333333388,27672922.464504942,0.7956264991926656,0.9384681263538545,92.29724315069738,0.5837471303819938,2.3345216314650776
767,50,45,10,800,0,1.0,113626396.96196339,37816166.66666712,31361875.69316513,0.9016879007945037,0.8293245576582703,77.32182164449921,0.7492391699520228,2.412698816078639
768,50,45,10,800,0,1.0,86719225.91345568,31144666.66666686,22482328.573346995,0.646391301802511,0.7218676897065367,101.31317372191583,0.5023024275518831,2.0797965793171125
769,50,45,10,800,0,1.0,82934142.79009397,29808166.666666612,21486909.28424963,0.6177719188938489,0.7208396787541335,105.9370689130631,0.4650465293801177,2.0417182723834246
770,50,50,10,800,0,1.0,96717639.62685336,32578333.33333359,26449082.29714597,0.7604397685834884,0.8118611233584416,90.83968585147987,0.5981015255997159,2.2475904242864693
771,50,50,10,800,0,1.0,94691300.29351902,29369999.999999955,27505082.297145963,0.7908009125582571,0.9365026318401772,92.78360285228155,0.5790344055135631,2.328236510985705
772,50,50,10,800,0,1.0,112726733.77677251,37906000.000000715,30866437.828259364,0.8874435254659467,0.8142889734674928,77.93892101405253,0.741572745091285,2.3930039238652796
773,50,50,10,800,0,1.0,116807761.62450062,39821833.33333405,31637033.003659554,0.9095989715517303,0.7944645023958963,75.21589214459499,0.7760035357659205,2.4115751376826378
774,50,50,10,800,0,1.0,108494516.45676175,35643666.66666693,30242909.284249615,0.8695164043513083,0.84847918613637,80.97920786163787,0.7049323315732491,2.383715680482345
775,50,50,10,800,0,1.0,94569546.95682266,30519500.000000194,26712988.42857729,0.7680273557541423,0.8752760834409842,92.90305687951859,0.5778827524464792,2.2781036191992667
776,50,50,10,800,0,1.0,95188442.12977096,29487333.333333388,27672922.464504942,0.7956264991926656,0.9384681263538545,92.29902079941877,0.5837298356825286,2.334504336765612
777,50,50,10,800,0,1.0,113624563.62863007,37816166.66666712,31361875.69316513,0.9016879007945037,0.8293245576582703,77.32306923277137,0.7492235910806322,2.4126832372072484
778,50,50,10,800,0,1.0,86717392.58012234,31144666.66666686,22482328.573346995,0.646391301802511,0.7218676897065367,101.31531563154854,0.5022844964318068,2.079778648197036
779,50,50,10,800,0,1.0,82932309.45676063,29808166.666666612,21486909.28424963,0.6177719188938489,0.7208396787541335,105.93941079840243,0.4650283783068634,2.0417001213101704
780,50,45,10,900,0,1.0,86019559.23663364,27729166.66666667,24317846.54463949,0.6214794950321032,0.8769771856819648,114.90177452328457,0.40050478083133617,2.102086529376908
781,50,45,10,900,0,1.0,84247924.84718922,26935333.33333331,23959189.61144723,0.6123134724847974,0.8895078191513223,117.31802317893835,0.3846965696100978,2.0963028249311555
782,50,45,10,900,0,1.0,96851785.86324483,31236333.333333634,27369026.124895014,0.6994570224134276,0.8761920239751172,102.05077698779836,0.496165229802055,2.1971188489821487
783,50,45,10,900,0,1.0,110582717.64932403,37114000.000000715,30323979.331050143,0.7749753386851288,0.8170496128428507,89.37924668611558,0.6128383312998219,2.2664780215741023
784,50,45,10,900,0,1.0,114455231.55522431,36793166.666667305,32418426.49514692,0.8285021163759444,0.8810991124750436,86.3551614521971,0.6445178952633185,2.3493971852433533
785,50,45,10,900,0,1.0,106949718.88855721,34331000.00000051,30324759.828480046,0.7749952854821333,0.8833054623657801,92.41539017319933,0.5825987949340141,2.2892431648266385
786,50,45,10,900,0,1.0,88049747.56553087,27100333.333333284,25709474.00302451,0.6570446479136431,0.9486774087535659,112.25245129344636,0.41858546677262365,2.1775273937754767
787,50,45,10,900,0,1.0,119680274.36809322,39350666.6666672,33338361.9821499,0.8520124646658406,0.8472121264057223,82.58503794535937,0.6863158742876412,2.3640855754122194
788,50,45,10,900,0,1.0,83822344.52991103,29348000.000000164,22213692.79156178,0.567704650720451,0.7569065282663777,117.91366676069387,0.3808964295182907,1.9864216521313929
789,50,45,10,900,0,1.0,94658194.68052313,32970666.666666828,25193022.944780692,0.6438459568906951,0.7641041414018694,104.41568248114594,0.4769892263173013,2.088272539438797
790,50,50,10,900,0,1.0,86017725.90330032,27729166.66666667,24317846.54463949,0.6214794950321032,0.8769771856819648,114.90422347495215,0.4004884342174242,2.102070182762996
791,50,50,10,900,0,1.0,84246091.51385589,26935333.33333331,23959189.61144723,0.6123134724847974,0.8895078191513223,117.32057621182841,0.38468020090843374,2.0962864562294916
792,50,50,10,900,0,1.0,96849952.52991149,31236333.333333634,27369026.124895014,0.6994570224134276,0.8761920239751172,102.0527087707911,0.49614925533334114,2.197102874513435
793,50,50,10,900,0,1.0,110580884.31599069,37114000.000000715,30323979.331050143,0.7749753386851288,0.8170496128428507,89.3807285150345,0.6128231961273547,2.2664628864016354
794,50,50,10,900,0,1.0,114453398.22189097,36793166.666667305,32418426.49514692,0.8285021163759444,0.8810991124750436,86.35654470335832,0.6445030365991453,2.34938232657918
795,50,50,10,900,0,1.0,106947885.55522387,34331000.00000051,30324759.828480046,0.7749952854821333,0.8833054623657801,92.41697438605625,0.5825834124620682,2.2892277823546925
796,50,50,10,900,0,1.0,88047914.23219754,27100333.333333284,25709474.00302451,0.6570446479136431,0.9486774087535659,112.25478861355778,0.41856916095306107,2.1775110879559136
797,50,50,10,900,0,1.0,119678441.03475991,39350666.6666672,33338361.9821499,0.8520124646658406,0.8472121264057223,82.58630305126809,0.686301403402405,2.364071104526983
798,50,50,10,900,0,1.0,83820511.1965777,29348000.000000164,22213692.79156178,0.567704650720451,0.7569065282663777,117.91624578404557,0.38088005752371945,1.9864052801368217
799,50,50,10,900,0,1.0,94656361.3471898,32970666.666666828,25193022.944780692,0.6438459568906951,0.7641041414018694,104.4177048359934,0.47697314923034867,2.0882564623518443
800,50,50,8,900,0,1.0,86017725.90330032,27729166.66666667,24317846.54463949,0.6214794950321032,0.8769771856819648,114.90422347495215,0.4004884342174242,2.102070182762996
801,50,50,8,900,0,1.0,85769932.05522189,26735499.999999918,24830259.8284797,0.6345749945988177,0.9287374400508602,115.23618782438163,0.39827875460264817,2.1412687066433365
802,50,50,8,900,0,1.0,96905310.02991149,31252833.333333634,27385526.12489502,0.6998787049686328,0.8762573886600604,101.99441080111292,0.49663156451316737,2.1976374754412156
803,50,50,8,900,0,1.0,110572135.64932378,37176333.33333398,30279979.331050113,0.7738508518712477,0.8144961220234088,89.38780047937372,0.6127509693208291,2.264347866939556
804,50,50,8,900,0,1.0,115192331.24687785,36718000.00000063,32826967.584289704,0.838943004277521,0.8940292931066272,85.80258679561959,0.6504810497599303,2.3657044842452324
805,50,50,8,900,0,1.0,106947885.55522387,34331000.00000051,30324759.828480046,0.7749952854821333,0.8833054623657801,92.41697438605625,0.5825834124620682,2.2892277823546925
806,50,50,8,900,0,1.0,88047914.23219754,27100333.333333284,25709474.00302451,0.6570446479136431,0.9486774087535659,112.25478861355778,0.41856916095306107,2.1775110879559136
807,50,50,8,900,0,1.0,119678441.03475991,39350666.6666672,33338361.9821499,0.8520124646658406,0.8472121264057223,82.58630305126809,0.686301403402405,2.364071104526983
808,50,50,8,900,0,1.0,84919322.60802968,29359000.00000015,22742948.726872645,0.5812305898210185,0.7746499787755894,116.39047152579879,0.390689875072114,2.0104098580925855
809,50,50,8,900,0,1.0,91937693.0138568,32160333.333333593,24382689.611447312,0.6231366580683977,0.7581603510985722,107.50541672293559,0.4530481148319776,2.0595763957108355
810,50,50,6,900,0,1.0,86017725.90330032,27729166.66666667,24317846.54463949,0.6214794950321032,0.8769771856819648,114.90422347495215,0.4004884342174242,2.102070182762996
811,50,50,6,900,0,1.0,87609006.89886409,26735499.999999918,25727807.336357724,0.6575131840860903,0.9623088154834509,112.81716743359353,0.4146642493569203,2.184511301743681
812,50,50,6,900,0,1.0,99458198.22188973,31271166.666666936,28619759.828479785,0.7314214214442637,0.9152124106385394,99.37642322807208,0.5187808597832244,2.2509507882940563
813,50,50,6,900,0,1.0,109389924.08395155,36551166.6666673,30101480.60059351,0.7692890457645926,0.8235436333703802,90.35384275808305,0.6029642449410964,2.2617991516374003
814,50,50,6,900,0,1.0,113424218.74687752,35821500.00000054,32535467.584289666,0.8314932791355628,0.9082664763979503,87.14011971338435,0.6361408177734904,2.3627539988918507
815,50,50,6,900,0,1.0,107687567.02006295,34389666.66666721,30648362.951062925,0.7832654546702003,0.8912084914381968,91.78218315730523,0.5887797803344224,2.30174657348498
816,50,50,6,900,0,1.0,88146327.56553097,27129666.66666665,25738807.336357825,0.657794305789563,0.9487329001348281,112.12945874179555,0.41944439506408016,2.1784307151719426
817,50,50,6,900,0,1.0,121172872.2359722,39356166.66666722,34064202.97834915,0.8705624335112911,0.8655366074359037,81.56776197193936,0.69805128861207,2.390480574560793
818,50,50,6,900,0,1.0,84465019.52991067,28414833.333333377,23123026.124895062,0.5909440448739766,0.8137660303560356,117.0164886601365,0.3866347573684384,2.037647581653267
819,50,50,6,900,0,1.0,90393405.03475936,31326166.66666705,24160695.31548276,0.617463256737289,0.7712624264746447,109.3420476438446,0.4393901831670712,2.056400124346787
820,50,50,8,800,0,1.0,95844221.29352029,32318000.00000033,26188748.963812552,0.7529549032285949,0.8103455957612564,91.66749837837098,0.5899062578891782,2.2381827344981833
821,50,50,8,800,0,1.0,94666696.96018562,29362666.66666661,27497748.963812616,0.7905900712806542,0.9364867733566208,92.8077167802219,0.5788017390387243,2.327991157724021
822,50,50,8,800,0,1.0,113699363.17010257,37708000.00000076,31467324.794257365,0.904719676684912,0.8344999680242051,77.27220060903771,0.7498590599702516,2.4174590343896156
823,50,50,8,800,0,1.0,115418183.61153689,38923500.00000065,31531442.628046956,0.9065631338658174,0.810087546804538,76.12145439379272,0.7643794838196936,2.412449521263324
824,50,50,8,800,0,1.0,105468739.7215371,34380500.00000039,29571322.623167023,0.8502075603090138,0.8601190390822323,83.30240811824082,0.6781590248368942,2.36625425610268
825,50,50,8,800,0,1.0,94569546.95682266,30519500.000000194,26712988.42857729,0.7680273557541423,0.8752760834409842,92.90305687951859,0.5778827524464792,2.2781036191992667
826,50,50,8,800,0,1.0,95225347.12977117,29498333.333333448,27683922.464504953,0.7959427611090697,0.9384910717386805,92.26324990999392,0.5840779483648231,2.3348708057557674
827,50,50,8,800,0,1.0,113729127.79529741,37847333.333333984,31393042.359831758,0.9025839762243134,0.8294651061236692,77.25197731062951,0.7501118462948668,2.413683931193802
828,50,50,8,800,0,1.0,87078879.71301472,31104333.333333515,22684457.64422339,0.652202731558538,0.7293021651074316,100.89472934143505,0.5058177652163436,2.089259497302289
829,50,50,8,800,0,1.0,83043024.456761,29841166.666666724,21519909.284249563,0.6187207046430585,0.7211483895597085,105.79816977372502,0.46612435251603274,2.0430430641637995
830,50,50,6,800,0,1.0,94644808.7935204,31960500.00000037,25831248.96381244,0.7426763909454668,0.8082241818435927,92.82918008918304,0.5785947260582576,2.2251740715331314
831,50,50,6,800,0,1.0,95075395.12977058,28992333.33333327,27933255.797838174,0.8031113645475535,0.9634704277396864,92.40876662156451,0.5826631130374116,2.353439455229161
832,50,50,6,800,0,1.0,115102465.56403297,37596166.666667365,32223379.810003597,0.9264570774291522,0.8570921630308852,76.33025024222741,0.761724119028082,2.4473978494527904
833,50,50,6,800,0,1.0,114788176.50165097,38978500.00000063,31188915.976077262,0.8967151215593332,0.8001569063990855,76.53924182577842,0.7590755023631534,2.399201027482422
834,50,50,6,800,0,1.0,103723826.22153693,33473000.00000034,29298155.95650035,0.8423537227183182,0.8752772669464958,84.70377848610197,0.662503365301004,2.3627251788582004
835,50,50,6,800,0,1.0,94569546.95682266,30519500.000000194,26712988.42857729,0.7680273557541423,0.8752760834409842,92.90305687951859,0.5778827524464792,2.2781036191992667
836,50,50,6,800,0,1.0,95409872.12977144,29553333.333333526,27738922.464504905,0.7975240706910875,0.9386055424488403,92.08481055346161,0.5858175754532972,2.3367020094123694
837,50,50,6,800,0,1.0,114784209.15740958,37854666.66666731,31903293.22795228,0.9172542414423608,0.842783625830855,76.54188729001542,0.7590420346493943,2.4332689353140786
838,50,50,6,800,0,1.0,84824933.26006643,29434166.666666638,22648972.6338374,0.6511824990686941,0.7694789830583761,103.57567830986018,0.48371407296713154,2.0992972594138326
839,50,50,6,800,0,1.0,82789237.95676097,28999666.666666705,21932409.28424952,0.6305805265082014,0.7562986684070906,106.12248906782585,0.46361159774166655,2.068650532467339
840,50,50,8,700,0,1.0,93163714.68993111,30565333.33333354,25997668.467510898,0.8542412936692754,0.8505606068152608,82.51925146594522,0.687068792062884,2.367517277515093
841,50,50,8,700,0,1.0,98226637.41505927,32169500.000000305,27446121.887941018,0.9018351279099955,0.8531721626988531,78.26593887679364,0.7375419473571553,2.4200796775162376
842,50,50,8,700,0,1.0,87801848.59634095,30081333.333333466,23689341.43305999,0.7783934046716395,0.7875096881696253,87.55852095260305,0.6317202137973941,2.2617279643330943
843,50,50,8,700,0,1.0,107649255.41410938,36993000.00000075,28970341.99484629,0.9519185327963471,0.7831303758777526,71.41526404828598,0.8267487816322114,2.453253082334413
844,50,50,8,700,0,1.0,108062622.20331787,37066333.333334014,29125341.241247267,0.9570115570776899,0.785762675237549,71.14208264848084,0.8305215704032527,2.459131710593292
845,50,50,8,700,0,1.0,98182936.28929816,33687500.000000335,26457244.81338692,0.8693422283062235,0.785372758838936,78.30077496712596,0.7371138536800643,2.365412060751213
846,50,50,8,700,0,1.0,92614604.06633246,29307666.666666683,26531295.6237183,0.8717754180399024,0.9052680967568765,83.00850689264774,0.6814890367759346,2.405703514181436
847,50,50,8,700,0,1.0,100679383.15856676,34756333.333333924,26994360.74112464,0.8869909880607545,0.7766745842328262,76.35922826316849,0.7613563202280337,2.382695987614295
848,50,50,8,700,0,1.0,80620077.89584416,29595500.00000019,20493991.327074986,0.6733993737002065,0.6924698459926291,95.35837970700217,0.5547119391978009,2.1086878159919045
849,50,50,8,700,0,1.0,82730609.2483923,30966833.33333358,20649955.22127446,0.6785240947463709,0.666841035988212,92.92570270959774,0.5776646830251339,2.1111375118157034
850,50,50,6,700,0,1.0,93163714.68993111,30565333.33333354,25997668.467510898,0.8542412936692754,0.8505606068152608,82.51925146594522,0.687068792062884,2.367517277515093
851,50,50,6,700,0,1.0,100752694.53076768,32151166.66666694,28690631.623930305,0.9427277028800958,0.8923667349737457,76.30366647566248,0.7620616854068936,2.47595507338589
852,50,50,6,700,0,1.0,89214614.06633249,29626666.66666668,24668628.957051456,0.8105712071701243,0.8326494922497113,86.17198068338891,0.6464886234545334,2.3126082172543025
853,50,50,6,700,0,1.0,107317639.42082638,37048000.00000073,28773443.023014702,0.9454487513761491,0.7766530723119773,71.63594020041484,0.8237136375877409,2.445036095437323
854,50,50,6,700,0,1.0,107818370.71972439,37123166.66666731,28969911.364757866,0.9519043829888639,0.780372849786271,71.30324775528803,0.8282937122244447,2.4525919920534616
855,50,50,6,700,0,1.0,98182936.28929816,33687500.000000335,26457244.81338692,0.8693422283062235,0.785372758838936,78.30077496712596,0.7371138536800643,2.365412060751213
856,50,50,6,700,0,1.0,92713017.39966594,29337000.00000006,26560628.957051635,0.8727392638803715,0.9053628168201104,82.92039473658313,0.6824905631240716,2.4067808165801603
857,50,50,6,700,0,1.0,101179822.67024618,34763666.66666722,27233922.56559816,0.8948626017444113,0.7834019013797276,75.9815524193515,0.7661638666504013,2.3928853877541836
858,50,50,6,700,0,1.0,81688736.7796216,29283833.333333556,21214194.133538548,0.6970640718582941,0.7244336454200003,94.11089341165855,0.566365930030397,2.1459128463663975
859,50,50,6,700,0,1.0,85046304.96671706,30858666.666666806,21849057.898185976,0.7179246672726062,0.7080363560162205,90.39546166066387,0.6025461447956052,2.1689752296085816
860,50,50,8,600,0,1.0,86749054.5935371,30228000.000000127,23082049.744689945,0.8848452468829693,0.7635983109927831,75.96394025129753,0.7663887964409022,2.3772674452351286
861,50,50,8,600,0,1.0,90823096.16893202,30215166.666666735,25078536.767007314,0.9613801331561203,0.8299982933628451,72.5564341887541,0.8111730223696457,2.475171657059922
862,50,50,8,600,0,1.0,96660225.97370142,34169666.66666708,25406771.420383632,0.9739629356418106,0.7435475349593692,68.17488717430582,0.872626090013853,2.4674641179813483
863,50,50,8,600,0,1.0,97573526.79106654,36241333.33333386,24532054.070797693,0.9404308404549331,0.676908154707259,67.53676142208828,0.8819563708386766,2.4234828946044837
864,50,50,8,600,0,1.0,97720865.20495415,34354833.333333805,25806386.63004004,0.9892820958878784,0.7511719349545096,67.4349330225324,0.8834544451286749,2.4843919930922826
865,50,50,8,600,0,1.0,79820969.39048997,28062833.333333336,21080889.40482657,0.8081312100203563,0.7512031716265251,82.55725344254115,0.6866337636409964,2.287596300942216
866,50,50,8,600,0,1.0,89922116.33263922,29817333.333333373,24892392.54887198,0.954244335925214,0.8348296029894897,73.28341757018998,0.8014038370671813,2.469267519458773
867,50,50,8,600,0,1.0,96739769.14171827,35456666.66666729,24625278.57900556,0.9440045812575544,0.6945175870735675,68.1188311535695,0.8734417367403876,2.4290558063992416
868,50,50,8,600,0,1.0,81444002.5342548,30563500.000000257,20279114.13742661,0.7773953333424027,0.6635075870704088,80.91203520146709,0.7057219765112337,2.2365280461675607
869,50,50,8,600,0,1.0,80458718.91630691,30759666.66666668,19673219.90384268,0.754168512560428,0.6395784491761725,81.90287005258814,0.6941634453239237,2.2058262046648616
870,50,50,6,600,0,1.0,86749054.5935371,30228000.000000127,23082049.744689945,0.8848452468829693,0.7635983109927831,75.96394025129753,0.7663887964409022,2.3772674452351286
871,50,50,6,600,0,1.0,92887334.22680138,30215166.66666674,26085973.593688272,0.9999999999999902,0.8633403840352211,70.94401034170924,0.8332678229352138,2.523940130163391
872,50,50,6,600,0,1.0,96551352.43818478,33480333.33333367,25793006.55841045,0.9887691738157337,0.7703927646601545,68.25176275204429,0.8715087453906625,2.487822957118786
873,50,50,6,600,0,1.0,97764166.87460019,36272500.00000053,24605229.481664933,0.943236003566995,0.678343910170641,67.40506476624081,0.8838943420073474,2.4265694701438605
874,50,50,6,600,0,1.0,98303316.22680251,34362166.66666708,26085973.59368828,0.9999999999999903,0.7591481016531154,67.03537838740056,0.889357215951904,2.496675697274396
875,50,50,6,600,0,1.0,80200502.39049007,28123333.333333366,21227556.071493205,0.8137536440897566,0.7548022782325415,82.16656758476114,0.6911193198360768,2.29496114242211
876,50,50,6,600,0,1.0,90589794.166426,29527666.66666678,25402876.93171877,0.9738136412844091,0.8603076300775093,72.74329366389358,0.808650695993055,2.496896800055062
877,50,50,6,600,0,1.0,98306227.5079145,35337500.00000059,25465732.474985532,0.9762231945656396,0.7206432960731548,67.03339317409433,0.8893866425017026,2.4659012793602266
878,50,50,6,600,0,1.0,84600236.74015982,30405833.333333515,21919986.20798384,0.8402977994767026,0.7209138446455026,77.89339904851371,0.7421355893948871,2.3188666651112895
879,50,50,6,600,0,1.0,76278421.4068262,29194000.00000011,18630986.20798398,0.7142147154703755,0.6381786054663257,86.39140504565128,0.6441286854186835,2.154671569791744
880,50,50,8,500,0,1.0,90793301.87838735,35460333.333333544,21720810.091940656,0.9991949128030694,0.612538237803946,60.48684083938224,0.9919188157680969,2.4819494060112537
881,50,50,8,500,0,1.0,79742308.82540853,27989500.00000007,21089241.17068876,0.9701416477301628,0.7534697358183857,68.86933775674841,0.8625843860656797,2.465360174720388
882,50,50,8,500,0,1.0,91245051.25252225,35808666.66666711,21719261.063536856,0.9991236548115713,0.6065364361570733,60.18737372179615,0.9968819758024229,2.4821111247280814
883,50,50,8,500,0,1.0,94942626.57789233,38610000.000000656,21738311.328073673,0.999999999999995,0.563022826419925,57.84335443357938,0.964055907226323,2.414474168362263
884,50,50,8,500,0,1.0,89641572.57789123,34551000.00000041,21738311.328073654,0.9999999999999941,0.6291659091798615,61.26398547089379,0.9791539225849756,2.4824866499288647
885,50,50,8,500,0,1.0,80456126.76749983,29701833.333333444,20346200.960224148,0.9359605101408313,0.6850149865123052,68.25831941761341,0.8714135140710216,2.419425503280866
886,50,50,8,500,0,1.0,79517027.02757686,29085833.333333336,20280508.55421024,0.9329385455998657,0.6972641396170037,69.06445330376121,0.8597838816443643,2.4175951933379674
887,50,50,8,500,0,1.0,94497569.65285268,38349666.66666714,21687036.75915928,0.9976412809559737,0.5655078295115737,58.115780333555,0.9685963388925833,2.4210026025018423
888,50,50,8,500,0,1.0,72701461.60088637,29599166.666666776,16627029.413154058,0.7648721725537717,0.5617397814067061,75.53905903774903,0.7718351274107698,2.2212269525361346
889,50,50,8,500,0,1.0,78155158.93422037,31531500.000000305,18057029.41315403,0.8306546511657698,0.5726663626263848,70.26791417086359,0.8427104102374884,2.3008435003385963
890,50,50,6,500,0,1.0,90793301.87838735,35460333.333333544,21720810.091940656,0.9991949128030694,0.612538237803946,60.48684083938224,0.9919188157680969,2.4819494060112537
891,50,50,6,500,0,1.0,81036338.57788998,27962000.000000037,21738311.3280736,0.9999999999999916,0.7774233362446737,67.76959690400409,0.8785404906656539,2.500479159661393
892,50,50,6,500,0,1.0,91070264.9191889,35674833.33333379,21719261.06353683,0.9991236548115701,0.6088118439292841,60.302888158644784,0.9949645844471976,2.482014059590625
893,50,50,6,500,0,1.0,93058286.24455859,37167166.66666724,21738311.328073673,0.999999999999995,0.5848794319737405,59.014626441405404,0.9835771073567567,2.451480652935749
894,50,50,6,500,0,1.0,89031017.57789107,34083500.00000039,21738311.32807366,0.9999999999999946,0.6377957465657405,61.68412031453373,0.9723215933286681,2.4825581905812606
895,50,50,6,500,0,1.0,80303633.76749982,29613833.33333344,20327867.62689081,0.9351171450304208,0.6864314861936393,68.38793890573132,0.8695330098251476,2.418678198780059
896,50,50,6,500,0,1.0,78680513.69424371,28836500.00000006,20031175.220876876,0.9214687800982849,0.694646549368919,69.79873086926455,0.8493260034516428,2.4050432429467783
897,50,50,6,500,0,1.0,94507146.98618592,38357000.000000454,21687036.759159286,0.9976412809559738,0.5653997121557741,58.10989089325418,0.9684981815542364,2.4208179512788557
898,50,50,6,500,0,1.0,74206990.14246482,29571666.66666676,17379320.063021585,0.7994788463893785,0.5877017436630174,74.00650517500678,0.7918037146539498,2.261965109584364
899,50,50,6,500,0,1.0,78884944.7675538,31368333.333333675,18517196.07982065,0.8518231154370651,0.590314948615497,69.61784680438585,0.8518903592671605,2.3241423181595584
900,50,50,8,400,0,1.0,76991875.36711437,31942166.6666668,17227544.672416076,0.9906211441874804,0.5393355075813894,57.06835921387011,0.9511393202311685,2.38260772629628
901,50,50,8,400,0,1.0,72556564.26231156,28290166.666666627,17390649.062459063,1.0000000000000033,0.6147241643135986,60.55689164270826,0.9907614130431767,2.4825407444940555
902,50,50,8,400,0,1.0,86544158.73535302,39024333.33333409,17375408.850829586,0.999123654811578,0.4452455011188553,50.76945762955514,0.8461576271592524,2.2023540280543363
903,50,50,8,400,0,1.0,84554568.59564795,37477000.00000066,17390649.06245899,0.9999999999999988,0.4640352499522021,51.96407566114826,0.8660679276858043,2.237296127647566
904,50,50,8,400,0,1.0,84300668.4020178,37306500.00000029,17375408.850829635,0.9991236548115808,0.46574749308644603,52.12058318501815,0.8686763864169691,2.241274380886126
905,50,50,8,400,0,1.0,77871984.26231292,32360166.666666936,17390649.06245897,0.9999999999999979,0.5374091314669422,56.423372816588575,0.9403895469431429,2.3703168521166966
906,50,50,8,400,0,1.0,77208753.92897905,31852333.33333347,17390649.062458992,0.9999999999999991,0.5459772406770488,56.90805480479148,0.9484675800798581,2.385249372621497
907,50,50,8,400,0,1.0,83566648.69201483,36751000.00000045,17371242.569715086,0.9988840846207508,0.4726740107674587,52.57839184377688,0.8763065307296146,2.2544457393435815
908,50,50,8,400,0,1.0,79093094.26231314,33295166.666666992,17390649.062459007,1.0,0.5223175254403943,55.55225827210543,0.9258709712017572,2.3437249915540725
909,50,50,8,400,0,1.0,72422822.18070902,30074000.00000004,16188390.19718997,0.9308675104102733,0.5382852363234005,60.668721097841434,0.9889165276984773,2.4195447167571977
910,50,50,6,400,0,1.0,76991875.36711437,31942166.6666668,17227544.672416076,0.9906211441874804,0.5393355075813894,57.06835921387011,0.9511393202311685,2.38260772629628
911,50,50,6,400,0,1.0,72561352.92897816,28293833.333333276,17390649.062459078,1.0000000000000042,0.6146445007142586,60.552895207185266,0.9908274071427602,2.4825430077141672
912,50,50,6,400,0,1.0,86635143.4020195,39094000.000000685,17375408.85082961,0.9991236548115792,0.44445206043969154,50.71613928785369,0.8452689881308949,2.200830636482648
913,50,50,6,400,0,1.0,84626398.59564784,37532000.00000064,17390649.062459003,0.9999999999999997,0.4633552451896703,51.919969098460065,0.8653328183076677,2.236017014459404
914,50,50,6,400,0,1.0,83589551.40201803,36762000.00000036,17375408.850829627,0.9991236548115804,0.4726459074813519,52.56398588465118,0.876066431410853,2.2541831573959348
915,50,50,6,400,0,1.0,77871984.26231292,32360166.666666936,17390649.06245897,0.9999999999999979,0.5374091314669422,56.423372816588575,0.9403895469431429,2.3703168521166966
916,50,50,6,400,0,1.0,77254246.26231256,31887166.666666843,17390649.062458992,0.9999999999999991,0.5453808186927519,56.87454363454784,0.9479090605757974,2.3842137155299987
917,50,50,6,400,0,1.0,83576226.02534808,36758333.33333376,17371242.569715086,0.9988840846207508,0.4725797117129418,52.57236667598979,0.8762061112664965,2.25426988063685
918,50,50,6,400,0,1.0,79040418.92897974,33254833.333333645,17390649.062459007,1.0,0.5229510215294673,55.58928026365808,0.9264880043943013,2.344848821617875
919,50,50,6,400,0,1.0,68913125.32677285,28457000.000000022,15506157.471989397,0.891637650572937,0.5448978273180373,63.75853626091461,0.939279421070195,2.375197682924625
920,50,50,8,300,0,1.0,62997468.55151216,27809833.33333326,13031556.63812226,0.9991236548115828,0.46859528001926043,52.316387876840956,0.8719397979473492,2.2468160219627578
921,50,50,8,300,0,1.0,67045763.28006779,30891666.666666746,13042986.796844274,1.0000000000000009,0.4222169990885646,49.15746855222718,0.8192911425371197,2.1570647418079716
922,50,50,8,300,0,1.0,71102286.88484742,34015666.66666705,13031556.638122242,0.9991236548115813,0.3831045490251186,46.35293946786354,0.772548991131059,2.079032630351154
923,50,50,8,300,0,1.0,75129032.61340368,37081000.000000715,13042986.79684434,1.000000000000006,0.3517431244260966,43.86852705743479,0.7311421176239131,2.0125366171647903
924,50,50,8,300,0,1.0,73411046.92479883,35777500.00000052,13035366.158189336,0.9994157290217627,0.36434536114007815,44.89515049929975,0.7482525083216626,2.039728797233725
925,50,50,8,300,0,1.0,66736894.28006759,30655166.66666673,13042986.796844313,1.0000000000000038,0.42547433973101717,49.384977163738974,0.8230829527289829,2.1634624245137966
926,50,50,8,300,0,1.0,65949158.61340089,30052000.000000056,13042986.796844296,1.0000000000000024,0.4340139357395272,49.97486047275048,0.832914341212508,2.18012548980413
927,50,50,8,300,0,1.0,78100400.28006923,39356166.66666721,13042986.796844285,1.0000000000000016,0.3314089735241179,42.19952763598152,0.7033254605996919,1.9684526394189863
928,50,50,8,300,0,1.0,59418426.16050006,27133333.333333388,11716020.576134637,0.8982620897055048,0.4317943701278113,55.46764216031977,0.9244607026719962,2.269896198774245
929,50,50,8,300,0,1.0,63948732.63907186,28964833.333333522,12759635.743812207,0.9782756007158872,0.4405216352178374,51.53815977247856,0.8589693295413093,2.211386637715579
930,50,50,6,300,0,1.0,62997468.55151216,27809833.33333326,13031556.63812226,0.9991236548115828,0.46859528001926043,52.316387876840956,0.8719397979473492,2.2468160219627578
931,50,50,6,300,0,1.0,67045763.28006782,30891666.666666754,13042986.796844266,1.0000000000000002,0.4222169990885642,49.15746855222716,0.8192911425371193,2.1570647418079707
932,50,50,6,300,0,1.0,70254692.88484737,33366666.66666702,13031556.638122244,0.9991236548115815,0.3905561430006625,46.91216863479938,0.7818694772466563,2.0943143916471865
933,50,50,6,300,0,1.0,75210439.94673681,37143333.33333401,13042986.79684434,1.000000000000006,0.351152834878689,43.82104402439407,0.7303507337399011,2.011273001642852
934,50,50,6,300,0,1.0,73387103.59146582,35759166.66666726,13035366.158189336,0.9994157290217627,0.3645321570186419,44.909798025920026,0.7484966337653337,2.040122359380247
935,50,50,6,300,0,1.0,66736894.28006759,30655166.66666673,13042986.796844313,1.0000000000000038,0.42547433973101717,49.384977163738974,0.8230829527289829,2.1634624245137966
936,50,50,6,300,0,1.0,66025777.280067965,30110666.666666813,13042986.796844296,1.0000000000000024,0.4331683167707202,49.91686786237872,0.831947797706312,2.178482451122888
937,50,50,6,300,0,1.0,77901670.61340256,39204000.00000054,13042986.796844285,1.0000000000000016,0.33269530652086793,42.3071799879087,0.7051196664651449,1.9712759116818392
938,50,50,6,300,0,1.0,60719782.9938332,27085666.66666668,12381520.576134652,0.9492856788853261,0.4571244536274283,54.278850112733885,0.9046475018788981,2.270347064780841
939,50,50,6,300,0,1.0,64519741.613401145,28957500.000000134,13042986.796844333,1.0000000000000053,0.45041826113595007,51.082039660794955,0.851367327679916,2.211701936588676
940,50,50,8,200,0,1.0,59849351.63115671,32202500.00000011,8695324.531229502,0.9999999999999997,0.27002017021130253,36.722202331359206,0.6120367055226534,1.8280528416916955
941,50,50,8,200,0,1.0,57692057.2978238,30550666.666666828,8695324.53122951,1.0000000000000009,0.2846197965531401,38.09536534040195,0.6349227556733658,1.862618592915878
942,50,50,8,200,0,1.0,61449913.03434332,33440000.000000406,8687704.425414791,0.9991236548115777,0.2597997734872813,35.76571375734392,0.5960952292890653,1.8039350480788905
943,50,50,8,200,0,1.0,68227123.9644918,38617333.33333424,8695324.531229502,0.9999999999999997,0.2251663639271475,32.212994954086376,0.5368832492347729,1.717016340376491
944,50,50,8,200,0,1.0,64353092.63115731,35651000.000000484,8695324.531229502,0.9999999999999997,0.24390127994248081,34.152204814721046,0.5692034135786841,1.7643244375326688
945,50,50,8,200,0,1.0,54786521.38030591,28328666.666666653,8693565.664700937,0.999797722727628,0.3068822746582122,40.115706283736465,0.6685951047289411,1.914100924455511
946,50,50,8,200,0,1.0,56425454.9644899,29580833.3333334,8695324.531229513,1.000000000000001,0.293951303982742,38.95050560749818,0.649175093458303,1.8843361366444968
947,50,50,8,200,0,1.0,68485555.51105967,38857500.00000079,8668371.812782269,0.9969003205860307,0.22308104774579152,32.09143860481761,0.5348573100802935,1.7133221482769265
948,50,50,8,200,0,1.0,57581917.96449035,30466333.33333353,8695324.531229502,0.9999999999999997,0.28540764771702465,38.16823193272827,0.6361371988788045,1.8644633170524243
949,50,50,8,200,0,1.0,57962616.9644899,30757833.33333339,8695324.531229498,0.9999999999999994,0.28270276508085684,37.917542635220485,0.6319590439203414,1.858121255985027
950,50,50,6,200,0,1.0,59849351.63115671,32202500.00000011,8695324.531229502,0.9999999999999997,0.27002017021130253,36.722202331359206,0.6120367055226534,1.8280528416916955
951,50,50,6,200,0,1.0,56411088.96449049,29569833.33333353,8695324.531229513,1.000000000000001,0.29406065408652243,38.96042498636156,0.6493404164393594,1.8845889397085775
952,50,50,6,200,0,1.0,61461884.70101005,33449166.666667078,8687704.425414791,0.9991236548115777,0.2597285759609761,35.75874724134325,0.5959791206890542,1.8037619814578352
953,50,50,6,200,0,1.0,67822481.63115865,38307500.000000894,8695324.531229502,0.9999999999999997,0.22698752284093973,32.40518405021467,0.5400864008369112,1.721676419109663
954,50,50,6,200,0,1.0,63804790.29782437,35231166.666667186,8695324.5312295,0.9999999999999996,0.24680773740758055,34.445689575049684,0.5740948262508281,1.7715410161768925
955,50,50,6,200,0,1.0,54784127.04697254,28326833.333333302,8693565.664700937,0.999797722727628,0.3069021363030677,40.11745953559835,0.6686243255933059,1.9141460346357602
956,50,50,6,200,0,1.0,56425454.9644899,29580833.3333334,8695324.531229513,1.000000000000001,0.293951303982742,38.95050560749818,0.649175093458303,1.8843361366444968
957,50,50,6,200,0,1.0,67718277.70101069,38239666.6666675,8687704.425414784,0.9991236548115769,0.2271909036536562,32.45504869015885,0.5409174781693141,1.7226702010922392
958,50,50,6,200,0,1.0,57414314.63115696,30338000.000000164,8695324.531229502,0.9999999999999997,0.28661495587149627,38.27965228043186,0.6379942046738644,1.8672861693710616
959,50,50,6,200,0,1.0,57694451.631157,30552500.000000168,8695324.531229503,1.0,0.28460271765745704,38.093784373766574,0.6348964062294429,1.8625785803554085
960,50,45,6,200,0,1.0,59851184.96449005,32202500.00000011,8695324.531229502,0.9999999999999997,0.27002017021130253,36.72107747413796,0.6120179579022993,1.8280340940713413
961,50,45,6,200,0,1.0,56412922.29782382,29569833.33333353,8695324.531229513,1.000000000000001,0.29406065408652243,38.95915883238657,0.6493193138731095,1.8845678371423276
962,50,45,6,200,0,1.0,61463718.034343384,33449166.666667078,8687704.425414791,0.9991236548115777,0.2597285759609761,35.757680633182005,0.5959613438863668,1.8037442046551475
963,50,45,6,200,0,1.0,67824314.964492,38307500.000000894,8695324.531229502,0.9999999999999997,0.22698752284093973,32.404308117975276,0.5400718019662546,1.7216618202390062
964,50,45,6,200,0,1.0,63806623.63115771,35231166.666667186,8695324.5312295,0.9999999999999996,0.24680773740758055,34.444699859134715,0.5740783309855786,1.771524520911643
965,50,45,6,200,0,1.0,54785960.38030588,28326833.333333302,8693565.664700937,0.999797722727628,0.3069021363030677,40.116117062539466,0.6686019510423244,1.9141236600847786
966,50,45,6,200,0,1.0,56427288.29782322,29580833.3333334,8695324.531229513,1.000000000000001,0.293951303982742,38.94924009815981,0.6491540016359969,1.8843150448221906
967,50,45,6,200,0,1.0,67720111.03434403,38239666.6666675,8687704.425414784,0.9991236548115769,0.2271909036536562,32.45417006013757,0.5409028343356261,1.7226555572585511
968,50,45,6,200,0,1.0,57416147.964490294,30338000.000000164,8695324.531229502,0.9999999999999997,0.28661495587149627,38.27842998731395,0.6379738331218991,1.8672657978190963
969,50,45,6,200,0,1.0,57696284.964490324,30552500.000000168,8695324.531229503,1.0,0.28460271765745704,38.092573921399875,0.6348762320233312,1.8625584061492968
970,50,50,4,200,0,1.0,59059221.63115701,31597500.000000164,8695324.531229502,0.9999999999999997,0.2751902692057744,37.21349417244163,0.6202249028740271,1.8403771182386466
971,50,50,4,200,0,1.0,56389539.96449044,29553333.333333522,8695324.53122951,1.0000000000000007,0.2942248318710621,38.97531353126832,0.649588558854472,1.8849684243513218
972,50,50,4,200,0,1.0,61552869.36767669,33518833.333333705,8687704.42541479,0.9991236548115776,0.259188747383253,35.705890279001885,0.5950981713166981,1.8024491692233005
973,50,50,4,200,0,1.0,67822481.63115852,38307500.000000864,8695324.531229502,0.9999999999999997,0.2269875228409399,32.405184050214736,0.5400864008369123,1.7216764191096643
974,50,50,4,200,0,1.0,62957196.29782446,34582166.66666716,8695324.5312295,0.9999999999999996,0.25143955308071236,34.90943258659609,0.5818238764432682,1.782975518907838
975,50,50,4,200,0,1.0,55083418.71363946,28556000.000000037,8693565.664700937,0.9997977227276279,0.3044391954300646,39.899484297182745,0.6649914049530458,1.9085427612970975
976,50,50,4,200,0,1.0,56502073.631156765,29639500.000000097,8695324.531229513,1.000000000000001,0.2933694742228946,38.89768744324587,0.6482947907207646,1.8829903700990802
977,50,50,4,200,0,1.0,67514759.36767721,38083833.33333411,8687704.425414788,0.9991236548115774,0.228120534752225,32.552882074733425,0.5425480345788904,1.7250444623806704
978,50,50,4,200,0,1.0,56147712.297823235,29368166.666666724,8695324.531229502,0.9999999999999997,0.2960799232012945,39.14317983860592,0.652386330643432,1.8892502692044677
979,50,50,4,200,0,1.0,56925870.631157085,29964000.00000019,8695324.531229498,0.9999999999999994,0.29019238189926055,38.6081051661085,0.6434684194351417,1.87562232495455
980,50,45,4,200,0,1.0,59061054.96449035,31597500.000000164,8695324.531229502,0.9999999999999997,0.2751902692057744,37.2123390163179,0.620205650271965,1.8403578656365847
981,50,45,4,200,0,1.0,56391373.29782378,29553333.333333522,8695324.53122951,1.0000000000000007,0.2942248318710621,38.97404640941447,0.6495674401569078,1.8849473056537576
982,50,45,4,200,0,1.0,61554702.701010026,33518833.333333705,8687704.42541479,0.9991236548115776,0.259188747383253,35.70482682168713,0.5950804470281188,1.8024314449347212
983,50,45,4,200,0,1.0,67824314.96449186,38307500.000000864,8695324.531229502,0.9999999999999997,0.2269875228409399,32.40430811797534,0.5400718019662557,1.7216618202390075
984,50,45,4,200,0,1.0,62959029.63115779,34582166.66666716,8695324.5312295,0.9999999999999996,0.25143955308071236,34.90841604255493,0.5818069340425822,1.782958576507152
985,50,45,4,200,0,1.0,55085252.04697279,28556000.000000037,8693565.664700937,0.9997977227276279,0.3044391954300646,39.89815637270521,0.6649692728784201,1.9085206292224717
986,50,45,4,200,0,1.0,56503906.96449009,29639500.000000097,8695324.531229513,1.000000000000001,0.2933694742228946,38.89642536366925,0.6482737560611542,1.8829693354394699
987,50,45,4,200,0,1.0,67516592.70101056,38083833.33333411,8687704.425414788,0.9991236548115774,0.228120534752225,32.55199813966774,0.5425333023277956,1.7250297301295756
988,50,45,4,200,0,1.0,56149545.63115657,29368166.666666724,8695324.531229502,0.9999999999999997,0.2960799232012945,39.14190177846199,0.6523650296410332,1.8892289682020689
989,50,45,4,200,0,1.0,56927703.96449041,29964000.00000019,8695324.531229498,0.9999999999999994,0.29019238189926055,38.60686180793298,0.643447696798883,1.8756016023182913
990,50,50,2,200,0,1.0,58206838.96449084,30944833.333333593,8695324.531229502,0.9999999999999997,0.2809943888714679,37.75844967875288,0.6293074946458813,1.8541030057430556
991,50,50,2,200,0,1.0,56394328.6311571,29557000.00000018,8695324.53122951,1.0000000000000007,0.2941883320780004,38.97200398243141,0.6495333997071902,1.8848840653695904
992,50,50,2,200,0,1.0,61526531.701009914,33498666.666667,8687704.425414782,0.9991236548115768,0.2593447826405438,35.72117490191511,0.5953529150319186,1.8028287411443535
993,50,50,2,200,0,1.0,67865579.6311586,38340500.00000089,8695324.531229502,0.9999999999999999,0.22679215271656086,32.384605155437896,0.5397434192572983,1.721177141430547
994,50,50,2,200,0,1.0,62950013.297824554,34576666.66666718,8695324.5312295,0.9999999999999996,0.2514795487678407,34.91341597660873,0.5818902662768122,1.7830739052910847
995,50,50,2,200,0,1.0,55116939.38030618,28581666.666666724,8693565.664700937,0.9997977227276279,0.304165805517555,39.8752184847422,0.6645869747457033,1.9079196191597472
996,50,50,2,200,0,1.0,56490101.964490265,29630333.333333466,8695324.531229503,1.0,0.29346023324845477,38.905930836902,0.6484321806150334,1.8832003672137971
997,50,50,2,200,0,1.0,67538702.70101054,38102166.66666744,8687704.425414788,0.9991236548115774,0.22801077170802914,32.54134166197296,0.542355694366216,1.7247643117326394
998,50,50,2,200,0,1.0,56186021.63115659,29397500.000000067,8695324.531229502,0.9999999999999997,0.29578448953922887,39.11649083161395,0.6519415138602326,1.8885691054916158
999,50,50,2,200,0,1.0,56930659.297823705,29967666.666666836,8695324.531229498,0.9999999999999994,0.2901568756736521,38.604857683143244,0.6434142947190541,1.8755397952579758
1000,50,50,4,300,0,1.0,62813104.884845525,27668666.666666586,13031556.63812226,0.9991236548115828,0.47098607226425676,52.469942475254946,0.8744990412542492,2.2512878990656544
1001,50,50,4,300,0,1.0,67086466.94673449,30922833.33333343,13042986.79684427,1.0000000000000004,0.4217914528156938,49.127643025482456,0.8187940504247077,2.156227212677263
1002,50,50,4,300,0,1.0,70328917.2181806,33423500.000000298,13031556.638122246,0.9991236548115817,0.38989204117229287,46.862658069588605,0.78104430115981,2.0929579340976443
1003,50,50,4,300,0,1.0,75313396.28007023,37222166.66666736,13042986.796844333,1.0000000000000053,0.3504091235109211,43.761138957852964,0.729352315964216,2.0096796147729528
1004,50,50,4,300,0,1.0,72896265.25813228,35383333.33333387,13035366.158189336,0.9994157290217627,0.36840413070718236,45.21219281028011,0.7535365468380018,2.0482598514037473
1005,50,50,4,300,0,1.0,65920426.61340131,30030000.00000015,13042986.796844332,1.000000000000005,0.43433189466680877,49.99664245695248,0.8332773742825413,2.1807428900159884
1006,50,50,4,300,0,1.0,65659444.280067995,29830166.666666828,13042986.79684432,1.0000000000000042,0.4372414992712383,50.195368482588485,0.836589474709808,2.186382674126799
1007,50,50,4,300,0,1.0,76922388.28006963,38454166.66666727,13042986.79684429,1.000000000000002,0.3391826667290693,42.845783570840226,0.7140963928473371,1.9854425262305924
1008,50,50,4,300,0,1.0,60887537.94673326,26176333.33333317,13042986.79684434,1.000000000000006,0.49827401839490215,54.129303156966074,0.9021550526161012,2.300774267332023
1009,50,50,4,300,0,1.0,64500586.94673418,28942833.333333388,13042986.796844332,1.000000000000005,0.4506465088137296,51.09720943658598,0.8516201572764329,2.2121373643274165
1010,50,45,4,300,0,1.0,62814938.21817885,27668666.666666586,13031556.63812226,0.9991236548115828,0.47098607226425676,52.46841107369241,0.8744735178948735,2.251262375706279
1011,50,45,4,300,0,1.0,67088300.280067824,30922833.33333343,13042986.79684427,1.0000000000000004,0.4217914528156938,49.12630050606892,0.8187716751011487,2.1562048373537035
1012,50,45,4,300,0,1.0,70330750.55151393,33423500.000000298,13031556.638122246,0.9991236548115817,0.38989204117229287,46.86143648624912,0.7810239414374853,2.09293757437532
1013,50,45,4,300,0,1.0,75315229.61340357,37222166.66666736,13042986.796844333,1.0000000000000053,0.3504091235109211,43.76007371838987,0.7293345619731645,2.0096618607819012
1014,50,45,4,300,0,1.0,72898098.59146559,35383333.33333387,13035366.158189336,0.9994157290217627,0.36840413070718236,45.21105575702697,0.7535175959504495,2.0482409005161952
1015,50,45,4,300,0,1.0,65922259.94673463,30030000.00000015,13042986.796844332,1.000000000000005,0.43433189466680877,49.99525202356557,0.8332542003927595,2.1807197161262066
1016,50,45,4,300,0,1.0,65661277.61340132,29830166.666666828,13042986.79684432,1.0000000000000042,0.4372414992712383,50.19396697403485,0.8365661162339142,2.186359315650905
1017,50,45,4,300,0,1.0,76924221.61340296,38454166.66666727,13042986.79684429,1.000000000000002,0.3391826667290693,42.84476242819405,0.7140793738032342,1.9854255071864895
1018,50,45,4,300,0,1.0,60889371.28006659,26176333.33333317,13042986.79684434,1.000000000000006,0.49827401839490215,54.12767336421733,0.9021278894036222,2.300747104119544
1019,50,45,4,300,0,1.0,64502420.28006752,28942833.333333388,13042986.796844332,1.000000000000005,0.4506465088137296,51.09575711562044,0.8515959519270073,2.212113158977991
1020,50,50,2,300,0,1.0,62255225.21817877,27241499.999999903,13031556.638122272,0.9991236548115836,0.47837147874097674,52.94013455817703,0.8823355759696171,2.2650327589623984
1021,50,50,2,300,0,1.0,64380870.28006762,28851166.66666674,13042986.796844313,1.0000000000000038,0.4520783144590668,51.192225045463275,0.8532037507577213,2.214866402324975
1022,50,50,2,300,0,1.0,70312156.88484716,33410666.666666944,13031556.638122246,0.9991236548115817,0.3900418021626468,46.87382873771963,0.7812304789619938,2.0932639206921113
1023,50,50,2,300,0,1.0,75337339.6134036,37240500.000000715,13042986.796844337,1.0000000000000056,0.35023661865023525,43.7472310133663,0.7291205168894384,2.0093098118096266
1024,50,50,2,300,0,1.0,72896265.2581323,35383333.33333388,13035366.158189336,0.9994157290217627,0.3684041307071823,45.2121928102801,0.7535365468380016,2.0482598514037473
1025,50,50,2,300,0,1.0,65953947.28006798,30055666.666666828,13042986.796844332,1.000000000000005,0.43396098783959525,49.97123198714185,0.8328538664523641,2.1800226567240406
1026,50,50,2,300,0,1.0,65649866.94673463,29822833.333333492,13042986.79684432,1.0000000000000042,0.4373490154694977,50.20269123582634,0.8367115205971057,2.186590732972704
1027,50,50,2,300,0,1.0,76869712.9467363,38413833.33333394,13042986.79684429,1.000000000000002,0.3395387980070743,42.875143846103455,0.7145857307683909,1.9862167691740504
1028,50,50,2,300,0,1.0,60892326.61339993,26179999.999999836,13042986.796844339,1.0000000000000058,0.4982042321178159,54.125046344915454,0.9020841057485909,2.3006474914428434
1029,50,50,2,300,0,1.0,64548473.613400884,28979500.000000067,13042986.796844332,1.000000000000005,0.45007632280903054,51.05930187814325,0.8509883646357209,2.211049422882945
1030,50,50,4,400,0,1.0,76977509.36711435,31931166.6666668,17227544.672416076,0.9906211441874804,0.539521303817566,57.07900965001968,0.951316827500328,2.382933870554381
1031,50,50,4,400,0,1.0,72549381.26231167,28284666.666666657,17390649.06245907,1.0000000000000036,0.6148436984394045,60.562887285194726,0.9906624138025929,2.4825373725541167
1032,50,50,4,400,0,1.0,86587256.73535281,39057333.333334014,17375408.850829605,0.999123654811579,0.44486930796169655,50.74418760521893,0.8457364600869822,2.2016319064563397
1033,50,50,4,400,0,1.0,83941619.2623146,37007666.666667335,17390649.06245899,0.9999999999999988,0.4699201713822903,52.34352206465698,0.8723920344109497,2.248328171516782
1034,50,50,4,400,0,1.0,83168249.5956471,36415500.000000454,17390649.062459048,1.0000000000000024,0.47756172680476255,52.83025699545281,0.8805042832575468,2.262553664701357
1035,50,50,4,400,0,1.0,77910293.59564622,32389500.00000027,17390649.06245897,0.9999999999999979,0.5369224304931792,56.395628834410324,0.9399271472401721,2.3694650916347153
1036,50,50,4,400,0,1.0,77292555.59564619,31916500.000000257,17390649.062458992,0.9999999999999991,0.5448795783516004,56.8463542981557,0.947439238302595,2.3833429009838754
1037,50,50,4,400,0,1.0,82406750.7353515,35856333.333333716,17375408.850829616,0.9991236548115796,0.4845840953479933,53.31844734554147,0.8886407890923579,2.2763080653707526
1038,50,50,4,400,0,1.0,76938194.26231262,31645166.666666884,17390649.062459003,0.9999999999999997,0.5495515079962359,57.10817679213791,0.9518029465356318,2.3914441529326207
1039,50,50,4,400,0,1.0,72012483.01876122,28442333.33333332,17028125.436193947,0.9791541060392257,0.5986894688502099,61.0144216087549,0.9832350948862457,2.4621866699664134
1040,50,45,4,400,0,1.0,76979342.70044768,31931166.6666668,17227544.672416076,0.9906211441874804,0.539521303817566,57.077650261288184,0.9512941710214697,2.3829112140755226
1041,50,45,4,400,0,1.0,72551214.59564501,28284666.666666657,17390649.06245907,1.0000000000000036,0.6148436984394045,60.56135689096712,0.9906876825255106,2.4825626412770343
1042,50,45,4,400,0,1.0,86589090.06868614,39057333.333334014,17375408.850829605,0.999123654811579,0.44486930796169655,50.743113208773195,0.8457185534795533,2.2016139998489104
1043,50,45,4,400,0,1.0,83943452.59564795,37007666.666667335,17390649.06245899,0.9999999999999988,0.4699201713822903,52.3423788769417,0.8723729812823617,2.2483091183881942
1044,50,45,4,400,0,1.0,83170082.92898043,36415500.000000454,17390649.062459048,1.0000000000000024,0.47756172680476255,52.82909244844567,0.8804848741407612,2.2625342555845713
1045,50,45,4,400,0,1.0,77912126.92897955,32389500.00000027,17390649.06245897,0.9999999999999979,0.5369224304931792,56.39430180111947,0.9399050300186578,2.369442974413201
1046,50,45,4,400,0,1.0,77294388.92897952,31916500.000000257,17390649.062458992,0.9999999999999991,0.5448795783516004,56.84500596850775,0.9474167661417958,2.383320428823076
1047,50,45,4,400,0,1.0,82408584.06868483,35856333.333333716,17375408.850829616,0.9991236548115796,0.4845840953479933,53.31726117679577,0.8886210196132628,2.2762882958916575
1048,50,45,4,400,0,1.0,76940027.59564596,31645166.666666884,17390649.062459003,0.9999999999999997,0.5495515079962359,57.10681601378377,0.9517802668963962,2.391421473293385
1049,50,45,4,400,0,1.0,72014316.35209456,28442333.33333332,17028125.436193947,0.9791541060392257,0.5986894688502099,61.0128683096525,0.9832605495189054,2.4622121245990733
1050,50,50,2,400,0,1.0,76603993.36711437,31645166.666666802,17227544.672416076,0.9906211441874804,0.544397343641188,57.35732312208977,0.9559553853681628,2.3914732602811135
1051,50,50,2,400,0,1.0,72544592.59564501,28280999.999999996,17390649.06245907,1.0000000000000036,0.6149234136861876,60.566885039806095,0.9905964089143271,2.482535139863277
1052,50,50,2,400,0,1.0,85244035.73535256,38028833.33333397,17375408.85082961,0.9991236548115794,0.4569009177465165,51.5437820616674,0.8590630343611233,2.2245837685583365
1053,50,50,2,400,0,1.0,83944013.59564802,37009500.0000007,17390649.062458977,0.9999999999999982,0.4698968930263486,52.34202907147856,0.8723671511913093,2.2482846656123883
1054,50,50,2,400,0,1.0,82186572.92898035,35663833.33333377,17390649.062459048,1.0000000000000024,0.48762702819734755,53.461287451379704,0.8910214575229951,2.2811230800808735
1055,50,50,2,400,0,1.0,77977334.92897965,32440833.333333638,17390649.06245897,0.9999999999999979,0.536072821674088,56.34714246135488,0.9391190410225813,2.3679772983618514
1056,50,50,2,400,0,1.0,76564678.26231277,31359166.666666925,17390649.062458966,0.9999999999999977,0.5545634948566498,57.38677546513963,0.9564462577523272,2.400097053637647
1057,50,50,2,400,0,1.0,80503255.73535144,34398833.33333374,17375408.850829564,0.9991236548115768,0.5051162253805903,54.579159064625856,0.9096526510770976,2.3137456313815696
1058,50,50,2,400,0,1.0,75413003.92897901,30477333.333333485,17390649.062458977,0.9999999999999982,0.570609274514138,58.263161140456724,0.9710526856742787,2.427540105285589
1059,50,50,2,400,0,1.0,73741759.26231195,29197666.666666746,17390649.062459003,0.9999999999999999,0.5956177683990374,59.58360695424295,0.9930601159040492,2.469554330623279
1060,50,50,4,500,0,1.0,89531433.24455735,34466666.666666925,21738311.328073665,0.9999999999999947,0.6307053576810494,61.33935089589162,0.9779247888395765,2.482489074984416
1061,50,50,4,500,0,1.0,81060281.91122343,27980333.333333403,21738311.3280736,0.9999999999999917,0.776913951277929,67.74957933176911,0.8788336436935882,2.5003648047159315
1062,50,50,4,500,0,1.0,91120545.91918883,35713333.33333376,21719261.06353685,0.9991236548115708,0.6081555272597513,60.269612573112305,0.9955165379733829,2.482040959781184
1063,50,50,4,500,0,1.0,91746191.57789195,36162500.0000006,21738311.3280736,0.9999999999999916,0.6011285538354161,59.85861544277286,0.997643590712881,2.4785464337812138
1064,50,50,4,500,0,1.0,89052566.57789092,34100000.000000365,21738311.328073665,0.9999999999999947,0.6374871357206285,61.66919394958179,0.9725635105345025,2.482553219111005
1065,50,50,4,500,0,1.0,80568861.69458477,29676166.666666828,20417579.971327778,0.9392440683724889,0.6880127140632832,68.1628098559709,0.8728017574111264,2.423211928661753
1066,50,50,4,500,0,1.0,77845228.69424371,28358000.00000006,19928508.554210186,0.9167459354799864,0.7027473218918874,70.54767635882214,0.8387902481460815,2.400988105659591
1067,50,50,4,500,0,1.0,93072941.31951903,37258833.33333374,21687036.75915926,0.9976412809559727,0.5820643004341437,59.005334119039745,0.9834222353173291,2.449073675664644
1068,50,50,4,500,0,1.0,72623027.934219,27692499.99999992,17804029.413154054,0.8190162126421094,0.6429188196498729,75.62064204999,0.7707863633393266,2.285121419059225
1069,50,50,4,500,0,1.0,79876933.56511915,30761500.00000025,19388115.128575668,0.8918869012395195,0.6302720975432119,68.75326524049457,0.8642547068671067,2.3684723849016764
1070,50,50,2,500,0,1.0,88372575.91122413,33579333.333333656,21738311.32807363,0.9999999999999929,0.6473717364273686,62.14371306226111,0.9649021796325499,2.4827995687744444
1071,50,50,2,500,0,1.0,81203941.91122344,28090333.333333403,21738311.328073595,0.9999999999999915,0.7738716045166264,67.62972179360374,0.8805909789747045,2.499688262588006
1072,50,50,2,500,0,1.0,91137306.25252195,35726166.66666705,21719261.06353684,0.9991236548115705,0.6079370693806111,60.25852887053079,0.9957004551139151,2.482050110618404
1073,50,50,2,500,0,1.0,91473237.57789192,35953500.00000061,21738311.328073576,0.9999999999999906,0.6046229526492053,60.03723215026236,0.9993796566548386,2.483078018774203
1074,50,50,2,500,0,1.0,88896934.9112244,33980833.33333373,21738311.328073673,0.999999999999995,0.6397227258917553,61.777158070571325,0.9708150513547372,2.4825932320681416
1075,50,50,2,500,0,1.0,80737854.69458471,29489166.666666806,20619246.63799444,0.9485210845870012,0.6992142867604829,68.02013777520334,0.8748796342709729,2.4342510636793593
1076,50,50,2,500,0,1.0,77838045.69424374,28352500.00000007,19928508.55421018,0.9167459354799862,0.7028836453296933,70.55418659369204,0.8386992410581167,2.4010061573218713
1077,50,50,2,500,0,1.0,93096884.65285237,37277166.66666709,21687036.759159263,0.9976412809559729,0.5817780346099002,58.990158698417176,0.9831693116402863,2.4485917393282066
1078,50,50,2,500,0,1.0,74474485.79853767,27699833.333333246,18702946.21695359,0.8603679437049836,0.6752006769097402,73.74069040041405,0.795319381971932,2.335479923499724
1079,50,50,2,500,0,1.0,79909764.64570764,30290333.333333522,19704452.242902335,0.9064389568041178,0.6505194916827881,68.72501782915704,0.8646616852970702,2.3850772786433008
1080,50,50,4,600,0,1.0,83817646.49346232,29474500.00000014,22131665.60604913,0.8484124821549257,0.7508750142003775,78.62067566540414,0.7331942580350069,2.333894269395309
1081,50,50,4,600,0,1.0,92293539.56013475,29760500.00000008,26085973.593688264,0.9999999999999898,0.8765300849679338,71.40044721880399,0.8269529701050867,2.5281770380794337
1082,50,50,4,600,0,1.0,96138261.18725227,33520666.666666962,25565692.461648297,0.9800551384378418,0.7626844870323205,68.54503002883304,0.8672593888863657,2.477406978512222
1083,50,50,4,600,0,1.0,98736334.0412668,35742666.66666717,25417396.148331534,0.9743702322263043,0.7111219872141001,66.74138820310866,0.8937256142943191,2.462623204065599
1084,50,50,4,600,0,1.0,98296133.22680257,34356666.66666711,26085973.593688272,0.9999999999999902,0.7592696301645854,67.04027700453987,0.8892846085742249,2.4967003127058933
1085,50,50,4,600,0,1.0,82076850.29041633,28119666.666666683,22145631.50662882,0.8489478618496695,0.7875495740808498,80.28816866976504,0.7130981968945547,2.3431378561592346
1086,50,50,4,600,0,1.0,89804141.47533941,29261833.333333466,25188882.613635093,0.9656102166617815,0.8608101319797112,73.37968930764275,0.8001189924647579,2.488767098048527
1087,50,50,4,600,0,1.0,98521972.79564776,35348500.0000006,25564014.216192525,0.9799908032712916,0.7231994063734554,66.88660217623156,0.8915652055727672,2.4701247306715315
1088,50,50,4,600,0,1.0,85782777.87130989,29813666.666666772,22874554.679343976,0.8768909696695565,0.7672506349216992,76.81961535316476,0.7555366990897056,2.369337207027065
1089,50,50,4,600,0,1.0,79123936.74964051,29194000.000000082,20019719.9038426,0.7674515130493862,0.6857477530945585,83.28453146676804,0.6783611084823922,2.226959310958039
1090,50,50,2,600,0,1.0,85211291.09204076,29436000.000000123,22836363.311553497,0.8754269120734957,0.7757970957858881,77.3348216597498,0.7490768521931735,2.369714528821884
1091,50,50,2,600,0,1.0,91271159.22680147,28977666.666666776,26085973.59368822,0.9999999999999882,0.9002095956778711,72.20024436881401,0.8160028705878911,2.536170547130188
1092,50,50,2,600,0,1.0,97109649.35362563,33507833.333333604,26047951.368288975,0.9985424264399029,0.777369014259017,67.85937385071989,0.8772269289267766,2.4991221403339905
1093,50,50,2,600,0,1.0,100113432.22680275,35748166.66666717,26085973.59368827,0.99999999999999,0.7297150043224939,65.82333512521163,0.907505560653352,2.491277564111347
1094,50,50,2,600,0,1.0,97596987.89346926,33821333.333333775,26085973.593688257,0.9999999999999896,0.7712875579620728,67.52052642437093,0.8821950457890705,2.4992250921587287
1095,50,50,2,600,0,1.0,82055174.79041633,28042666.66666668,22184131.5066288,0.8504237507928868,0.79108494817286,80.30937740162682,0.7128461762983384,2.3457141348366264
1096,50,50,2,600,0,1.0,90323616.02544904,29256333.333333474,25445914.11686083,0.9754634622116399,0.8697574582208082,72.95766367616746,0.8057666767941336,2.50157264337078
1097,50,50,2,600,0,1.0,98469297.46231441,35308166.66666727,25564014.21619253,0.9799908032712918,0.7240255337393736,66.92238260887369,0.8910336875916455,2.4702541145831445
1098,50,50,2,600,0,1.0,86905462.74015993,29800833.333333515,23430652.874650422,0.8982088703915365,0.7862415326635255,75.82722411481717,0.768137082763923,2.3971303088947433
1099,50,50,2,600,0,1.0,78866164.07349269,28471666.66666671,20354319.541317236,0.7802783157858421,0.7148973672534287,83.5567454993651,0.6752904225661878,2.2472083163689307
1100,50,50,4,700,0,1.0,93280580.5232644,30600166.66666686,26032501.800844207,0.8553858606048313,0.8507307193591769,82.41586787812331,0.6882536731936502,2.3688382486809916
1101,50,50,4,700,0,1.0,100321737.74839267,31351833.33333367,28989788.554607823,0.9525575152646738,0.9246600747837451,76.63144770559133,0.7579098778288533,2.4976379376558495
1102,50,50,4,700,0,1.0,89685320.30005011,29590000.00000003,24921724.564852428,0.818887519061712,0.84223469296561,85.71971393177601,0.6513801243155158,2.3251678786880037
1103,50,50,4,700,0,1.0,108323307.08749305,37024166.66666739,29279443.02301475,0.9620750921242386,0.7908197714919764,70.97087604416049,0.832894801030689,2.46555061822427
1104,50,50,4,700,0,1.0,109949402.1974356,37104833.333333984,30021631.623930447,0.9864622078913747,0.8091029908214092,69.92125328880874,0.8475934151125901,2.4948758077697173
1105,50,50,4,700,0,1.0,99143697.08018811,33683833.33333368,26928474.41687966,0.88482607012096,0.7994480364035977,77.54199436180046,0.7464948411849169,2.3860532703077952
1106,50,50,4,700,0,1.0,92278062.52326417,29027166.666666802,26545835.13417765,0.87225316281304,0.914516922682,83.31124201986613,0.6780591856849562,2.409672723830556
1107,50,50,4,700,0,1.0,103378094.22054191,34651833.33333388,28378054.28040013,0.9324569174578333,0.8189481349346504,74.3658514694536,0.7870756915864544,2.442234199534175
1108,50,50,4,700,0,1.0,79282369.75760649,27483499.999999985,21187287.501678593,0.696179963499229,0.7709093638611751,96.96733363929776,0.5400345136380892,2.1567620047270295
1109,50,50,4,700,0,1.0,88546534.35659735,30844000.000000093,23566668.467510995,0.7743625696404219,0.7640600592501272,86.82214449003112,0.6395210504243609,2.2507690978244628
1110,50,50,2,700,0,1.0,92119435.13338394,30196833.333333522,25722891.23151905,0.8452125585795162,0.8518406863253506,83.45470191896511,0.676439883957563,2.3579124330178436
1111,50,50,2,700,0,1.0,102515255.25760767,31383000.000000343,30040454.168345507,0.987080686225744,0.9572206025027938,74.99176567118275,0.7789076721014146,2.54468415410365
1112,50,50,2,700,0,1.0,89918109.68993026,28937333.333333295,25451335.134177502,0.8362896648905409,0.8795328457187095,85.49779378715009,0.6537938248268309,2.3574201014017984
1113,50,50,2,700,0,1.0,107302043.55305782,36316500.000000656,29232078.031424504,0.9605187551880533,0.8049255305831778,71.6463521610248,0.8235707087570368,2.467511133223579
1114,50,50,2,700,0,1.0,109612414.51108283,36564000.000000626,30201885.722017586,0.9923850657096278,0.8260005940820773,70.13621617853052,0.8445621629140513,2.5053626381797134
1115,50,50,2,700,0,1.0,98604448.11242436,32517833.333333742,27408487.609771855,0.9005985264620731,0.8428755793417411,77.96605677702,0.7412374352171787,2.4155378986905713
1116,50,50,2,700,0,1.0,92268485.18993086,29019833.33333347,26545835.13417765,0.87225316281304,0.9147480217843266,83.31988960450562,0.6779614664904371,2.4097598839178986
1117,50,50,2,700,0,1.0,103325418.88720855,34611500.000000544,28378054.28040013,0.9324569174578333,0.8199024682663185,74.40376320556811,0.7865785252412967,2.4425004998543516
1118,50,50,2,700,0,1.0,80725610.09093983,27512833.333333317,21872954.16834523,0.7187098600201876,0.7950091473074473,95.23371816378298,0.5558656580922929,2.1918729759382507
1119,50,50,2,700,0,1.0,87007786.46671712,30160166.666666806,23251557.89818587,0.76400854652002,0.7709359883572404,88.35760926915196,0.6233626535341509,2.2401114442199432
1120,50,50,4,800,0,1.0,95619383.12342876,31934833.333333693,26323242.617582638,0.7568217414727296,0.8242799435595094,91.88304413822655,0.587790863323609,2.2472148181712166
1121,50,50,4,800,0,1.0,91074746.43582903,27470666.666666586,26950653.53952931,0.7748604851588712,0.9810702399964588,96.46801494188563,0.5445474212509257,2.329403613248093
1122,50,50,4,800,0,1.0,115591758.39736632,37559500.0000007,32485546.47667029,0.9339946531034446,0.864908917229188,76.00714896815843,0.7658370838461769,2.4577642176295273
1123,50,50,4,800,0,1.0,111943228.06330484,38028833.33333392,30405761.37789302,0.8741985784627666,0.7995449429483564,78.48442600772202,0.7348611076606795,2.3744970620193646
1124,50,50,4,800,0,1.0,105935317.12348986,33443666.666667026,30396155.09524427,0.8739223874300384,0.9088762723956886,82.93551422287531,0.6823186030126579,2.4094196209292087
1125,50,50,4,800,0,1.0,96321012.62685314,30548833.333333526,27549082.297146015,0.7920659602238739,0.9018047267646612,91.21374205269333,0.5943843980173301,2.315828179429059
1126,50,50,4,800,0,1.0,94265817.12977125,29212333.33333347,27397922.464504793,0.7877199512825652,0.9378888756291749,93.20239581549491,0.5750068854323178,2.3253179859356576
1127,50,50,4,800,0,1.0,117737267.32407618,37742833.333333954,33415793.227952387,0.9607402549478925,0.8853546561497813,74.62208185804721,0.7837216465808224,2.4920053715006474
1128,50,50,4,800,0,1.0,83820278.1286283,28240666.666666586,22919375.69316483,0.6589568799545447,0.8115734647375497,104.81711819802784,0.4738085366690578,2.1230673084590976
1129,50,50,4,800,0,1.0,86162202.79009418,28984999.99999999,23587909.28424946,0.6781779449269782,0.8137971117560624,101.96814514368565,0.4968490180150392,2.147886707419889
1130,50,50,2,800,0,1.0,97180640.62342869,31896333.33333368,27109742.617582705,0.7794344684956064,0.8499328852088247,90.40689527911884,0.6024313343564238,2.2823776425234836
1131,50,50,2,800,0,1.0,89194004.16666648,26592499.999999944,26592499.999999754,0.764563182906286,0.9999999999999929,98.50213679815289,0.5263955882610427,2.326395588261037
1132,50,50,2,800,0,1.0,116833137.73069964,37572333.333334036,33083213.143337026,0.9511782172280554,0.8805205907716601,75.19955528585791,0.77621485553618,2.480631328153508
1133,50,50,2,800,0,1.0,112381911.28675267,36842666.66666733,31375901.39259018,0.9020911548471464,0.8516186321816087,78.17806174858721,0.7386229566015736,2.4199178623468605
1134,50,50,2,800,0,1.0,108468487.85992165,33463833.333333693,31619597.296203382,0.909097676074099,0.944888679705046,80.99864000451593,0.704704062776735,2.4606150065407717
1135,50,50,2,800,0,1.0,97471754.33676739,30583666.666666888,28088491.460923854,0.8075745580295262,0.9184147789426922,90.1368818052134,0.6051485200332333,2.339880343187387
1136,50,50,2,800,0,1.0,95164694.96310458,29236166.666666802,27821422.46450483,0.7998960350641142,0.9516097914513885,92.32205287271988,0.5835058035452599,2.344793636706371
1137,50,50,2,800,0,1.0,117684591.99074285,37702500.000000626,33415793.227952387,0.9607402549478925,0.8863017897474129,74.65548251797566,0.7832854876554519,2.492326919453382
1138,50,50,2,800,0,1.0,84241700.50343318,27969333.333333284,23297991.460923757,0.6698424934356493,0.8329834387992967,104.2927664980118,0.47796738790093446,2.144354138940372
1139,50,50,2,800,0,1.0,87174519.95676075,29038166.666666627,24048075.950916078,0.6914082350965376,0.8281540713973946,100.78403648632451,0.5067518000862662,2.1692750572041817
1140,50,50,4,900,0,1.0,86017725.90330032,27729166.66666667,24317846.54463949,0.6214794950321032,0.8769771856819648,114.90422347495215,0.4004884342174242,2.102070182762996
1141,50,50,4,900,0,1.0,89108715.11914751,26766666.666666612,26439864.219528448,0.6757108789919587,0.9877906931330699,110.91844368740301,0.42799630007452993,2.218228854580986
1142,50,50,4,900,0,1.0,96510282.0655315,30039166.666666806,27966307.33635777,0.7147214507422535,0.9309947791391563,102.41188595106162,0.4931880360210548,2.23798385933238
1143,50,50,4,900,0,1.0,110398893.77358404,36569500.00000065,30582215.767162174,0.7815749629412977,0.8362765629051977,89.52807099924918,0.611320127563148,2.2803413778873063
1144,50,50,4,900,0,1.0,115737367.05317418,35803166.6666672,33676068.67732535,0.8606430720677475,0.9405891101995126,85.3985212525096,0.6548764497062026,2.407347737865813
1145,50,50,4,900,0,1.0,106637445.9033018,33421666.66666712,30752846.54463986,0.7859356915621114,0.9201470067712395,92.68601583877553,0.5799769424396717,2.3160945478566637
1146,50,50,4,900,0,1.0,86942736.89886418,26570499.999999944,25507807.336357743,0.6518907500166892,0.9600047923959955,113.6817214702741,0.4087320967058652,2.1767359306226615
1147,50,50,4,900,0,1.0,116761402.6238756,37092000.00000055,33354360.154810917,0.8524213222613746,0.8992332620190452,84.64954837720441,0.663102429815425,2.382489039430661
1148,50,50,4,900,0,1.0,84162810.51385587,27446833.333333306,23592522.94478054,0.602942749035794,0.8595717640084976,117.43666756913747,0.3839366197240954,2.0715940309308936
1149,50,50,4,900,0,1.0,93041737.53475927,31326166.666667007,25453195.315482702,0.6504950568950223,0.8125218634735315,106.22974443386262,0.46278359083677556,2.1128010816156007
1150,50,50,2,900,0,1.0,88137250.08020905,27694333.333333332,25374467.584289078,0.6484830501765235,0.9162331975598768,112.1410072472794,0.41936367023481264,2.1523502282827143
1151,50,50,2,900,0,1.0,89790634.99999979,26770333.33333327,26770333.33333309,0.6841565190116868,0.9999999999999933,110.07606750971327,0.4340475775660846,2.2340475775660793
1152,50,50,2,900,0,1.0,98965298.73219822,30026333.333333485,29172640.669691224,0.7455511308894757,0.971568534387296,99.87137033502754,0.5145189775749115,2.2917738050847483
1153,50,50,2,900,0,1.0,112894902.36960721,36575000.00000066,31796869.547554214,0.8126172847476784,0.869360753179867,87.54868282397176,0.6318238047020394,2.327312407245933
1154,50,50,2,900,0,1.0,117646338.53661747,35746333.333333924,34643953.40976876,0.8853788361356727,0.9691610349714614,84.01281436331028,0.6701768992455738,2.4455057272227427
1155,50,50,2,900,0,1.0,107839532.10507646,33447333.33333382,31323156.71306738,0.8005108339307164,0.9364918990970957,91.65284573350563,0.5900503369296323,2.339243856207309
1156,50,50,2,900,0,1.0,87691297.0699667,26528333.33333326,25900013.211306147,0.6619141667145501,0.976315130161697,112.71129895722676,0.41539655977654694,2.1964486639059047
1157,50,50,2,900,0,1.0,114664586.5693058,36426500.00000065,32755202.978349224,0.8371089507983531,0.8992135664515845,86.19749388819375,0.6462137819485017,2.3655846351097694
1158,50,50,2,900,0,1.0,85590977.69657707,27450499.999999974,24287192.79156164,0.6206960918245582,0.8847632207632525,115.47712464552522,0.396682627843975,2.1044932044545774
1159,50,50,2,900,0,1.0,96066752.20142582,31329833.333333645,26927195.315482732,0.6881653651600143,0.8594745790375243,102.88471061534757,0.48931678511991333,2.176896448349933
1160,50,45,2,900,0,1.0,88139083.41354237,27694333.333333332,25374467.584289078,0.6484830501765235,0.9162331975598768,112.13867466292912,0.4193799739039624,2.152366531951864
1161,50,45,2,900,0,1.0,89792468.33333312,26770333.33333327,26770333.33333309,0.6841565190116868,0.9999999999999933,110.07382003698517,0.43406383637214746,2.234063836372142
1162,50,45,2,900,0,1.0,98967132.06553155,30026333.333333485,29172640.669691224,0.7455511308894757,0.971568534387296,99.86952025097985,0.5145348428753889,2.2917896703852256
1163,50,45,2,900,0,1.0,112896735.70294055,36575000.00000066,31796869.547554214,0.8126172847476784,0.869360753179867,87.54726111839709,0.6318387760031678,2.3273273785470616
1164,50,45,2,900,0,1.0,117648171.8699508,35746333.333333924,34643953.40976876,0.8853788361356727,0.9691610349714614,84.01150517600587,0.6701915225232483,2.4455203505004173
1165,50,45,2,900,0,1.0,107841365.43840982,33447333.33333382,31323156.71306738,0.8005108339307164,0.9364918990970957,91.65128760952882,0.5900656599882165,2.339259179265893
1166,50,45,2,900,0,1.0,87693130.40330003,26528333.33333326,25900013.211306147,0.6619141667145501,0.976315130161697,112.70894258814208,0.41541287389041776,2.1964649780197756
1167,50,45,2,900,0,1.0,114666419.90263914,36426500.00000065,32755202.978349224,0.8371089507983531,0.8992135664515845,86.19611572762216,0.6462286252248894,2.365599478386157
1168,50,45,2,900,0,1.0,85592811.0299104,27450499.999999974,24287192.79156164,0.6206960918245582,0.8847632207632525,115.47465121277658,0.39669898097775125,2.1045095575883535
1169,50,45,2,900,0,1.0,96068585.53475915,31329833.333333645,26927195.315482732,0.6881653651600143,0.8594745790375243,102.88274720588952,0.4893327975353012,2.1769124607653207
1170,50,45,2,800,0,1.0,97182473.95676205,31896333.33333368,27109742.617582705,0.7794344684956064,0.8499328852088247,90.40518976609852,0.6024484588412162,2.282394767008276
1171,50,45,2,800,0,1.0,89195837.49999982,26592499.999999944,26592499.999999754,0.764563182906286,0.9999999999999929,98.50011218292578,0.5264133510361222,2.3264133510361167
1172,50,45,2,800,0,1.0,116834971.064033,37572333.333334036,33083213.143337026,0.9511782172280554,0.8805205907716601,75.19837528084653,0.7762301213099508,2.480646593927279
1173,50,45,2,800,0,1.0,112383744.620086,36842666.66666733,31375901.39259018,0.9020911548471464,0.8516186321816087,78.1767864178263,0.7386386565780496,2.4199335623233367
1174,50,45,2,800,0,1.0,108470321.19325498,33463833.333333693,31619597.296203382,0.909097676074099,0.944888679705046,80.9972709894246,0.7047201421351227,2.4606310858991596
1175,50,45,2,800,0,1.0,97473587.67010073,30583666.666666888,28088491.460923854,0.8075745580295262,0.9184147789426922,90.13518646441467,0.6051656191577276,2.3398974423118815
1176,50,45,2,800,0,1.0,95166528.2964379,29236166.666666802,27821422.46450483,0.7998960350641142,0.9516097914513885,92.32027433671607,0.5835231002362825,2.3448109333973934
1177,50,45,2,800,0,1.0,117686425.32407618,37702500.000000626,33415793.227952387,0.9607402549478925,0.8863017897474129,74.65431952586133,0.7833006703833533,2.4923421021812837
1178,50,45,2,800,0,1.0,84243533.83676653,27969333.333333284,23297991.460923757,0.6698424934356493,0.8329834387992967,104.29049684719661,0.47798546856076524,2.1443722196002026
1179,50,45,2,800,0,1.0,87176353.29009408,29038166.666666627,24048075.950916078,0.6914082350965376,0.8281540713973946,100.78191698113092,0.5067697014536504,2.169292958571566
1180,50,45,2,700,0,1.0,92121268.46671729,30196833.333333522,25722891.23151905,0.8452125585795162,0.8518406863253506,83.45304106160395,0.676458608719399,2.3579311577796798
1181,50,45,2,700,0,1.0,102517088.59094103,31383000.000000343,30040454.168345507,0.987080686225744,0.9572206025027938,74.990424578633,0.7789250820839172,2.5447015640861523
1182,50,45,2,700,0,1.0,89919943.02326359,28937333.333333295,25451335.134177502,0.8362896648905409,0.8795328457187095,85.49605061483474,0.6538128196910137,2.3574390962659812
1183,50,45,2,700,0,1.0,107303876.88639115,36316500.000000656,29232078.031424504,0.9605187551880533,0.8049255305831778,71.64512805198568,0.823587511267586,2.4675279357341284
1184,50,45,2,700,0,1.0,109614247.84441617,36564000.000000626,30201885.722017586,0.9923850657096278,0.8260005940820773,70.13504312789591,0.8445786749784826,2.5053791502441447
1185,50,45,2,700,0,1.0,98606281.44575772,32517833.333333742,27408487.609771855,0.9005985264620731,0.8428755793417411,77.96460719623606,0.7412553434925473,2.41555580696594
1186,50,45,2,700,0,1.0,92270318.52326418,29019833.33333347,26545835.13417765,0.87225316281304,0.9147480217843266,83.31823410863883,0.6779801727885978,2.4097785902160593
1187,50,45,2,700,0,1.0,103327252.22054188,34611500.000000544,28378054.28040013,0.9324569174578333,0.8199024682663185,74.40244306111175,0.7865958320530183,2.442517806666073
1188,50,45,2,700,0,1.0,80727443.42427316,27512833.333333317,21872954.16834523,0.7187098600201876,0.7950091473074473,95.23155539059755,0.5558856953090908,2.1918930131550485
1189,50,45,2,700,0,1.0,87009619.80005045,30160166.666666806,23251557.89818587,0.76400854652002,0.7709359883572404,88.35574753305085,0.6233819961135086,2.240130786799301
1190,50,45,2,600,0,1.0,85213124.42537409,29436000.000000123,22836363.311553497,0.8754269120734957,0.7757970957858881,77.33315782560065,0.7490976248086408,2.3697353014373514
1191,50,45,2,600,0,1.0,91272992.56013481,28977666.666666776,26085973.59368822,0.9999999999999882,0.9002095956778711,72.19879413571697,0.8160225940657574,2.536190270608054
1192,50,45,2,600,0,1.0,97111482.68695895,33507833.333333604,26047951.368288975,0.9985424264399029,0.777369014259017,67.8580927576028,0.8772456592830832,2.499140870690297
1193,50,45,2,600,0,1.0,100115265.56013608,35748166.66666717,26085973.59368827,0.99999999999999,0.7297150043224939,65.82212975344619,0.907523792196146,2.4912957956541413
1194,50,45,2,600,0,1.0,97598821.22680262,33821333.333333775,26085973.593688257,0.9999999999999896,0.7712875579620728,67.51925809315316,0.8822136945781224,2.499243740947781
1195,50,45,2,600,0,1.0,82057008.12374966,28042666.66666668,22184131.5066288,0.8504237507928868,0.79108494817286,80.30758311419257,0.7128674941327009,2.345735452670989
1196,50,45,2,600,0,1.0,90325449.35878238,29256333.333333474,25445914.11686083,0.9754634622116399,0.8697574582208082,72.9561828563355,0.8057865636274548,2.5015925302041015
1197,50,45,2,600,0,1.0,98471130.79564774,35308166.66666727,25564014.21619253,0.9799908032712918,0.7240255337393736,66.92113664943571,0.8910521909809757,2.4702726179724745
1198,50,45,2,600,0,1.0,86907296.07349324,29800833.333333515,23430652.874650422,0.8982088703915365,0.7862415326635255,75.8256245186518,0.7681575615224375,2.397150787653258
1199,50,45,2,600,0,1.0,78867997.40682602,28471666.66666671,20354319.541317236,0.7802783157858421,0.7148973672534287,83.55480317330402,0.6753122834898037,2.2472301772925465
1200,50,45,2,500,0,1.0,88374409.24455746,33579333.333333656,21738311.32807363,0.9999999999999929,0.6473717364273686,62.142423886564345,0.9649229119959418,2.4828203011378367
1201,50,45,2,500,0,1.0,81205775.24455677,28090333.333333403,21738311.328073595,0.9999999999999915,0.7738716045166264,67.62819495856135,0.8806133878792376,2.499710671492539
1202,50,45,2,500,0,1.0,91139139.58585528,35726166.66666705,21719261.06353684,0.9991236548115705,0.6079370693806111,60.257316724244376,0.9957205708939258,2.482070226398415
1203,50,45,2,500,0,1.0,91475070.91122524,35953500.00000061,21738311.328073576,0.9999999999999906,0.6046229526492053,60.0360288906437,0.9993996987422127,2.483098060861577
1204,50,45,2,500,0,1.0,88898768.24455774,33980833.33333373,21738311.328073673,0.999999999999995,0.6397227258917553,61.775884058283346,0.9708356654120041,2.4826138461254086
1205,50,45,2,500,0,1.0,80739688.02791804,29489166.666666806,20619246.63799444,0.9485210845870012,0.6992142867604829,68.01859326111162,0.8749021556262377,2.434273585034624
1206,50,45,2,500,0,1.0,77839879.02757707,28352500.00000007,19928508.55421018,0.9167459354799862,0.7028836453296933,70.55252485752666,0.8387224696607927,2.4010293859245473
1207,50,45,2,500,0,1.0,93098717.9861857,37277166.66666709,21687036.759159263,0.9976412809559729,0.5817780346099002,58.988997043062305,0.9831499507177051,2.4485723784056255
1208,50,45,2,500,0,1.0,74476319.13187101,27699833.333333246,18702946.21695359,0.8603679437049836,0.6752006769097402,73.73887517555721,0.795343443727764,2.3355039852555564
1209,50,45,2,500,0,1.0,79911597.97904097,30290333.333333522,19704452.242902335,0.9064389568041178,0.6505194916827881,68.72344113854884,0.864684407328257,2.3851000006744876
1210,50,45,2,400,0,1.0,76605826.7004477,31645166.666666802,17227544.672416076,0.9906211441874804,0.544397343641188,57.355950444619666,0.9559325074103278,2.3914503823232782
1211,50,45,2,400,0,1.0,72546425.92897835,28280999.999999996,17390649.06245907,1.0000000000000036,0.6149234136861876,60.5653544435318,0.9906216792895287,2.4825604102384786
1212,50,45,2,400,0,1.0,85245869.06868589,38028833.33333397,17375408.85082961,0.9991236548115794,0.4569009177465165,51.54267353952067,0.8590445589920112,2.2245652931892246
1213,50,45,2,400,0,1.0,83945846.92898136,37009500.0000007,17390649.062458977,0.9999999999999982,0.4698968930263486,52.340885948975874,0.8723480991495979,2.248265613570677
1214,50,45,2,400,0,1.0,82188406.26231368,35663833.33333377,17390649.062459048,1.0000000000000024,0.48762702819734755,53.460094918700406,0.8910015819783401,2.281103204536218
1215,50,45,2,400,0,1.0,77979168.26231298,32440833.333333638,17390649.06245897,0.9999999999999979,0.536072821674088,56.34581770890093,0.9390969618150156,2.367955219154286
1216,50,45,2,400,0,1.0,76566511.5956461,31359166.666666925,17390649.062458966,0.9999999999999977,0.5545634948566498,57.385401377615466,0.9564233562935911,2.400074152178911
1217,50,45,2,400,0,1.0,80505089.06868476,34398833.33333374,17375408.850829564,0.9991236548115768,0.5051162253805903,54.57791613957882,0.909631935659647,2.3137249159641193
1218,50,45,2,400,0,1.0,75414837.26231234,30477333.333333485,17390649.062458977,0.9999999999999982,0.570609274514138,58.261744764060495,0.9710290794010082,2.427516499012319
1219,50,45,2,400,0,1.0,73743592.59564528,29197666.666666746,17390649.062459003,0.9999999999999999,0.5956177683990374,59.58212565113709,0.9930354275189515,2.4695296422381814
1220,50,40,2,400,0,1.0,76607660.03378102,31645166.666666802,17227544.672416076,0.9906211441874804,0.544397343641188,57.35457783284993,0.9559096305474988,2.3914275054604492
1221,50,40,2,400,0,1.0,72548259.26231168,28280999.999999996,17390649.06245907,1.0000000000000036,0.6149234136861876,60.5638239246155,0.9906469490321435,2.4825856799810935
1222,50,40,2,400,0,1.0,85247702.40201923,38028833.33333397,17375408.85082961,0.9991236548115794,0.4569009177465165,51.5415650650536,0.8590260844175599,2.2245468186147734
1223,50,40,2,400,0,1.0,83947680.2623147,37009500.0000007,17390649.062458977,0.9999999999999982,0.4698968930263486,52.33974287640249,0.8723290479400415,2.2482465623611203
1224,50,40,2,400,0,1.0,82190239.595647,35663833.33333377,17390649.062459048,1.0000000000000024,0.48762702819734755,53.458902439222314,0.8909817073203719,2.28108332987825
1225,50,40,2,400,0,1.0,77981001.59564632,32440833.333333638,17390649.06245897,0.9999999999999979,0.536072821674088,56.344493018736834,0.9390748836456139,2.367933140984884
1226,50,40,2,400,0,1.0,76568344.92897943,31359166.666666925,17390649.062458966,0.9999999999999977,0.5545634948566498,57.38402735589292,0.9564004559315487,2.400051251816868
1227,50,40,2,400,0,1.0,80506922.40201809,34398833.33333374,17375408.850829564,0.9991236548115768,0.5051162253805903,54.576673271140464,0.9096112211856744,2.3137042014901468
1228,50,40,2,400,0,1.0,75416670.59564567,30477333.333333485,17390649.062458977,0.9999999999999982,0.570609274514138,58.26032845652676,0.9710054742754459,2.4274928938867566
1229,50,40,2,400,0,1.0,73745425.92897862,29197666.666666746,17390649.062459003,0.9999999999999999,0.5956177683990374,59.5806444216825,0.993010740361375,2.469504955080605
1230,50,45,2,300,0,1.0,62257058.55151211,27241499.999999903,13031556.638122272,0.9991236548115836,0.47837147874097674,52.93857558774677,0.8823095931291128,2.2650067761218944
1231,50,45,2,300,0,1.0,64382703.61340096,28851166.66666674,13042986.796844313,1.0000000000000038,0.4520783144590668,51.19076731835155,0.8531794553058591,2.2148421068731126
1232,50,45,2,300,0,1.0,70313990.21818049,33410666.666666944,13031556.638122246,0.9991236548115817,0.3900418021626468,46.87260657193983,0.7812101095323306,2.093243551262448
1233,50,45,2,300,0,1.0,75339172.94673695,37240500.000000715,13042986.796844337,1.0000000000000056,0.35023661865023525,43.74616645088544,0.729102774181424,2.0092920691016123
1234,50,45,2,300,0,1.0,72898098.59146562,35383333.33333388,13035366.158189336,0.9994157290217627,0.3684041307071823,45.21105575702695,0.7535175959504491,2.048240900516195
1235,50,45,2,300,0,1.0,65955780.613401316,30055666.666666828,13042986.796844332,1.000000000000005,0.43396098783959525,49.96984296673366,0.8328307161122276,2.1799995063839037
1236,50,45,2,300,0,1.0,65651700.280067965,29822833.333333492,13042986.79684432,1.0000000000000042,0.4373490154694977,50.201289318330325,0.8366881553055054,2.1865673676811035
1237,50,45,2,300,0,1.0,76871546.28006965,38413833.33333394,13042986.79684429,1.000000000000002,0.3395387980070743,42.87412130350884,0.7145686883918141,1.9861997267974736
1238,50,45,2,300,0,1.0,60894159.94673326,26179999.999999836,13042986.796844339,1.0000000000000058,0.4982042321178159,54.12341680849162,0.9020569468081937,2.3006203325024464
1239,50,45,2,300,0,1.0,64550306.94673422,28979500.000000067,13042986.796844332,1.000000000000005,0.45007632280903054,51.0578517112186,0.8509641951869767,2.211025253434201
1240,50,40,2,300,0,1.0,62258891.88484544,27241499.999999903,13031556.638122272,0.9991236548115836,0.47837147874097674,52.9370167091303,0.8822836118188383,2.2649807948116196
1241,50,40,2,300,0,1.0,64384536.94673428,28851166.66666674,13042986.796844313,1.0000000000000038,0.4520783144590668,51.189309674256656,0.8531551612376109,2.2148178128048643
1242,50,40,2,300,0,1.0,70315823.55151382,33410666.666666944,13031556.638122246,0.9991236548115817,0.3900418021626468,46.87138446989071,0.7811897411648451,2.0932231828949623
1243,50,40,2,300,0,1.0,75341006.28007029,37240500.000000715,13042986.796844337,1.0000000000000056,0.35023661865023525,43.74510194021429,0.7290850323369048,2.009274327257093
1244,50,40,2,300,0,1.0,72899931.92479895,35383333.33333388,13035366.158189336,0.9994157290217627,0.3684041307071823,45.209918760964456,0.7534986460160743,2.04822195058182
1245,50,40,2,300,0,1.0,65957613.94673465,30055666.666666828,13042986.796844332,1.000000000000005,0.43396098783959525,49.96845402354286,0.8328075670590477,2.179976357330724
1246,50,40,2,300,0,1.0,65653533.61340131,29822833.333333492,13042986.79684432,1.0000000000000042,0.4373490154694977,50.19988747912962,0.836664791318827,2.1865440036944253
1247,50,40,2,300,0,1.0,76873379.61340299,38413833.33333394,13042986.79684429,1.000000000000002,0.3395387980070743,42.87309880968694,0.7145516468281156,1.986182685233775
1248,50,40,2,300,0,1.0,60895993.280066594,26179999.999999836,13042986.796844339,1.0000000000000058,0.4982042321178159,54.121787370185345,0.9020297895030891,2.300593175197342
1249,50,40,2,300,0,1.0,64552140.28006755,28979500.000000067,13042986.796844332,1.000000000000005,0.45007632280903054,51.0564016266658,0.8509400271110967,2.211001085358321
1250,50,45,2,200,0,1.0,58208672.29782417,30944833.333333593,8695324.531229502,0.9999999999999997,0.2809943888714679,37.7572604431686,0.6292876740528099,1.8540831851499842
1251,50,45,2,200,0,1.0,56396161.96449043,29557000.00000018,8695324.53122951,1.0000000000000007,0.2941883320780004,38.97073707575764,0.6495122845959607,1.884862950258361
1252,50,45,2,200,0,1.0,61528365.03434325,33498666.666667,8687704.425414782,0.9991236548115768,0.2593447826405438,35.72011053395057,0.5953351755658428,1.8028110016782777
1253,50,45,2,200,0,1.0,67867412.96449193,38340500.00000089,8695324.531229502,0.9999999999999999,0.22679215271656086,32.38373033535083,0.5397288389225139,1.7211625610957626
1254,50,45,2,200,0,1.0,62951846.63115789,34576666.66666718,8695324.5312295,0.9999999999999996,0.2514795487678407,34.91239920056933,0.5818733200094889,1.7830569590237615
1255,50,45,2,200,0,1.0,55118772.713639505,28581666.666666724,8693565.664700937,0.9997977227276279,0.304165805517555,39.87389217496383,0.6645648695827304,1.9078975139967744
1256,50,45,2,200,0,1.0,56491935.29782359,29630333.333333466,8695324.531229503,1.0,0.29346023324845477,38.90466822234487,0.6484111370390812,1.8831793236378451
1257,50,45,2,200,0,1.0,67540536.03434388,38102166.66666744,8687704.425414788,0.9991236548115774,0.22801077170802914,32.540458353520236,0.5423409725586706,1.7247495899250942
1258,50,45,2,200,0,1.0,56187854.96448992,29397500.000000067,8695324.531229502,0.9999999999999997,0.29578448953922887,39.115214513687775,0.6519202418947962,1.8885478335261794
1259,50,45,2,200,0,1.0,56932492.63115704,29967666.666666836,8695324.531229498,0.9999999999999994,0.2901568756736521,38.603614534123274,0.6433935755687212,1.875519076107643
1260,50,40,2,200,0,1.0,58210505.631157495,30944833.333333593,8695324.531229502,0.9999999999999997,0.2809943888714679,37.756071282493984,0.6292678547082331,1.8540633658054073
1261,50,40,2,200,0,1.0,56397995.29782376,29557000.00000018,8695324.53122951,1.0000000000000007,0.2941883320780004,38.96947025145071,0.6494911708575118,1.8848418365199122
1262,50,40,2,200,0,1.0,61530198.367676586,33498666.666667,8687704.425414782,0.9991236548115768,0.2593447826405438,35.719046229413124,0.5953174371568853,1.8027932632693204
1263,50,40,2,200,0,1.0,67869246.29782528,38340500.00000089,8695324.531229502,0.9999999999999999,0.22679215271656086,32.382855562526316,0.5397142593754386,1.7211479815486874
1264,50,40,2,200,0,1.0,62953679.96449123,34576666.66666718,8695324.5312295,0.9999999999999996,0.2514795487678407,34.91138248375091,0.5818563747291818,1.7830400137434543
1265,50,40,2,200,0,1.0,55120606.046972826,28581666.666666724,8693565.664700937,0.9997977227276279,0.304165805517555,39.872565953412646,0.6645427658902108,1.9078754103042548
1266,50,40,2,200,0,1.0,56493768.63115692,29630333.333333466,8695324.531229503,1.0,0.29346023324845477,38.90340568973637,0.6483900948289395,1.8831582814277033
1267,50,40,2,200,0,1.0,67542369.36767723,38102166.66666744,8687704.425414788,0.9991236548115774,0.22801077170802914,32.5395750930196,0.5423262515503267,1.72473486891675
1268,50,40,2,200,0,1.0,56189688.29782324,29397500.000000067,8695324.531229502,0.9999999999999997,0.29578448953922887,39.11393827904793,0.6518989713174654,1.8885265629488486
1269,50,40,2,200,0,1.0,56934325.96449037,29967666.666666836,8695324.531229498,0.9999999999999994,0.2901568756736521,38.6023714651642,0.6433728577527366,1.8754983582916585
1270,50,35,2,200,0,1.0,58212338.96449084,30944833.333333593,8695324.531229502,0.9999999999999997,0.2809943888714679,37.75488219672197,0.6292480366120329,1.8540435477092072
1271,50,35,2,200,0,1.0,56399828.6311571,29557000.00000018,8695324.53122951,1.0000000000000007,0.2941883320780004,38.96820350950258,0.6494700584917097,1.88482072415411
1272,50,35,2,200,0,1.0,61532031.701009914,33498666.666667,8687704.425414782,0.9991236548115768,0.2593447826405438,35.717981988297126,0.5952996998049521,1.802775525917387
1273,50,35,2,200,0,1.0,67871079.6311586,38340500.00000089,8695324.531229502,0.9999999999999999,0.22679215271656086,32.38198083696053,0.5396996806160088,1.7211334027892575
1274,50,35,2,200,0,1.0,62955513.297824554,34576666.66666718,8695324.5312295,0.9999999999999996,0.2514795487678407,34.910365826148315,0.5818394304358052,1.7830230694500777
1275,50,35,2,200,0,1.0,55122439.38030618,28581666.666666724,8693565.664700937,0.9997977227276279,0.304165805517555,39.87123982007983,0.6645206636679971,1.907853308082041
1276,50,35,2,200,0,1.0,56495601.964490265,29630333.333333466,8695324.531229503,1.0,0.29346023324845477,38.9021432390685,0.648369053984475,1.8831372405832387
1277,50,35,2,200,0,1.0,67544202.70101054,38102166.66666744,8687704.425414788,0.9991236548115774,0.22801077170802914,32.53869188046716,0.5423115313411194,1.7247201487075428
1278,50,35,2,200,0,1.0,56191521.63115659,29397500.000000067,8695324.531229502,0.9999999999999997,0.29578448953922887,39.11266212768623,0.6518777021281038,1.8885052937594868
1279,50,35,2,200,0,1.0,56936159.297823705,29967666.666666836,8695324.531229498,0.9999999999999994,0.2901568756736521,38.601128476258275,0.6433521412709713,1.875477641809893
1280,50,40,4,200,0,1.0,59062888.297823675,31597500.000000164,8695324.531229502,0.9999999999999997,0.2751902692057744,37.211183931907094,0.6201863988651183,1.8403386142297378
1281,50,40,4,200,0,1.0,56393206.6311571,29553333.333333522,8695324.53122951,1.0000000000000007,0.2942248318710621,38.972779369948455,0.6495463228324743,1.884926188329324
1282,50,40,4,200,0,1.0,61556536.03434336,33518833.333333705,8687704.42541479,0.9991236548115776,0.259188747383253,35.7037634277181,0.5950627237953017,1.802413721701904
1283,50,40,4,200,0,1.0,67826148.29782519,38307500.000000864,8695324.531229502,0.9999999999999997,0.2269875228409399,32.40343223308866,0.5400572038848109,1.721647222157563
1284,50,40,4,200,0,1.0,62960862.96449113,34582166.66666716,8695324.5312295,0.9999999999999996,0.25143955308071236,34.907399557714484,0.5817899926285748,1.7829416350931446
1285,50,40,4,200,0,1.0,55087085.38030612,28556000.000000037,8693565.664700937,0.9997977227276279,0.3044391954300646,39.89682853661601,0.6649471422769335,1.9084984986209852
1286,50,40,4,200,0,1.0,56505740.29782343,29639500.000000097,8695324.531229513,1.000000000000001,0.2933694742228946,38.89516336598917,0.6482527227664862,1.882948302144802
1287,50,40,4,200,0,1.0,67518426.0343439,38083833.33333411,8687704.425414788,0.9991236548115774,0.228120534752225,32.551114252605174,0.5425185708767529,1.725014998678533
1288,50,40,4,200,0,1.0,56151378.9644899,29368166.666666724,8695324.531229502,0.9999999999999997,0.2960799232012945,39.14062380177497,0.6523437300295829,1.8892076685906185
1289,50,40,4,200,0,1.0,56929537.297823735,29964000.00000019,8695324.531229498,0.9999999999999994,0.29019238189926055,38.60561852983857,0.6434269754973095,1.875580881016718
1290,50,35,4,200,0,1.0,59064721.63115701,31597500.000000164,8695324.531229502,0.9999999999999997,0.2751902692057744,37.210028919202536,0.6201671486533756,1.8403193640179953
1291,50,35,4,200,0,1.0,56395039.96449044,29553333.333333522,8695324.53122951,1.0000000000000007,0.2942248318710621,38.97151241286222,0.649525206881037,1.8849050723778866
1292,50,35,4,200,0,1.0,61558369.36767669,33518833.333333705,8687704.42541479,0.9991236548115776,0.259188747383253,35.70270009708914,0.5950450016181523,1.8023959995247547
1293,50,35,4,200,0,1.0,67827981.63115852,38307500.000000864,8695324.531229502,0.9999999999999997,0.2269875228409399,32.40255639555084,0.540042606592514,1.7216326248652658
1294,50,35,4,200,0,1.0,62962696.29782446,34582166.66666716,8695324.5312295,0.9999999999999996,0.25143955308071236,34.90638313206959,0.5817730522011598,1.7829246946657298
1295,50,35,4,200,0,1.0,55088918.71363946,28556000.000000037,8693565.664700937,0.9997977227276279,0.3044391954300646,39.89550078890633,0.6649250131484389,1.9084763694924907
1296,50,35,4,200,0,1.0,56507573.631156765,29639500.000000097,8695324.531229513,1.000000000000001,0.2933694742228946,38.893901450197674,0.6482316908366279,1.8829272702149435
1297,50,35,4,200,0,1.0,67520259.36767721,38083833.33333411,8687704.425414788,0.9991236548115774,0.228120534752225,32.55023041354184,0.5425038402256973,1.7250002680274772
1298,50,35,4,200,0,1.0,56153212.297823235,29368166.666666724,8695324.531229502,0.9999999999999997,0.2960799232012945,39.13934590853669,0.6523224318089448,1.8891863703699805
1299,50,35,4,200,0,1.0,56931370.631157085,29964000.00000019,8695324.531229498,0.9999999999999994,0.29019238189926055,38.6043753318175,0.6434062555302916,1.8755601610497
1300,50,40,4,300,0,1.0,62816771.55151218,27668666.666666586,13031556.63812226,0.9991236548115828,0.47098607226425676,52.466879761519046,0.8744479960253174,2.2512368538367227
1301,50,40,4,300,0,1.0,67090133.61340116,30922833.33333343,13042986.79684427,1.0000000000000004,0.4217914528156938,49.1249580600279,0.8187493010004651,2.15618246325302
1302,50,40,4,300,0,1.0,70332583.88484725,33423500.000000298,13031556.638122246,0.9991236548115817,0.38989204117229287,46.860214966594754,0.7810035827765792,2.0929172157144134
1303,50,40,4,300,0,1.0,75317062.9467369,37222166.66666736,13042986.796844333,1.0000000000000053,0.3504091235109211,43.75900853078592,0.729316808846432,2.009644107655169
1304,50,40,4,300,0,1.0,72899931.92479892,35383333.33333387,13035366.158189336,0.9994157290217627,0.36840413070718236,45.20991876096448,0.7534986460160746,2.04822195058182
1305,50,40,4,300,0,1.0,65924093.28006796,30030000.00000015,13042986.796844332,1.000000000000005,0.43433189466680877,49.9938616675139,0.8332310277918983,2.1806965435253454
1306,50,40,4,300,0,1.0,65663110.94673465,29830166.666666828,13042986.79684432,1.0000000000000042,0.4372414992712383,50.192565543742276,0.8365427590623713,2.1863359584793622
1307,50,40,4,300,0,1.0,76926054.9467363,38454166.66666727,13042986.79684429,1.000000000000002,0.3391826667290693,42.843741334220454,0.7140623555703409,1.9854084889535963
1308,50,40,4,300,0,1.0,60891204.61339992,26176333.33333317,13042986.79684434,1.000000000000006,0.49827401839490215,54.12604366960931,0.9021007278268218,2.3007199425427434
1309,50,40,4,300,0,1.0,64504253.613400854,28942833.333333388,13042986.796844332,1.000000000000005,0.4506465088137296,51.09430487721034,0.8515717479535057,2.2120889550044893
1310,50,35,4,300,0,1.0,62818604.884845525,27668666.666666586,13031556.63812226,0.9991236548115828,0.47098607226425676,52.465348538727014,0.8744224756454503,2.2512113334568555
1311,50,35,4,300,0,1.0,67091966.94673449,30922833.33333343,13042986.79684427,1.0000000000000004,0.4217914528156938,49.12361568735337,0.8187269281225562,2.1561600903751112
1312,50,35,4,300,0,1.0,70334417.2181806,33423500.000000298,13031556.638122246,0.9991236548115817,0.38989204117229287,46.85899351062051,0.7809832251770085,2.092896858114843
1313,50,35,4,300,0,1.0,75318896.28007023,37222166.66666736,13042986.796844333,1.0000000000000053,0.3504091235109211,43.757943395037316,0.7292990565839552,2.009626355392692
1314,50,35,4,300,0,1.0,72901765.25813228,35383333.33333387,13035366.158189336,0.9994157290217627,0.36840413070718236,45.20878182208831,0.7534796970348052,2.048203001600551
1315,50,35,4,300,0,1.0,65925926.61340131,30030000.00000015,13042986.796844332,1.000000000000005,0.43433189466680877,49.992471388790996,0.83320785647985,2.180673372213297
1316,50,35,4,300,0,1.0,65664944.280067995,29830166.666666828,13042986.79684432,1.0000000000000042,0.4372414992712383,50.191164191704196,0.8365194031950699,2.1863126026120607
1317,50,35,4,300,0,1.0,76927888.28006963,38454166.66666727,13042986.79684429,1.000000000000002,0.3391826667290693,42.84272028891596,0.7140453381485994,1.9853914715318548
1318,50,35,4,300,0,1.0,60893037.94673326,26176333.33333317,13042986.79684434,1.000000000000006,0.49827401839490215,54.12441407313314,0.9020735678855523,2.300692782601474
1319,50,35,4,300,0,1.0,64506086.94673418,28942833.333333388,13042986.796844332,1.000000000000005,0.4506465088137296,51.09285272134865,0.8515475453558108,2.2120647524067945
1320,50,30,4,300,0,1.0,62820438.21817885,27668666.666666586,13031556.63812226,0.9991236548115828,0.47098607226425676,52.46381740530852,0.874396956755142,2.251185814566547
1321,50,30,4,300,0,1.0,67093800.280067824,30922833.33333343,13042986.79684427,1.0000000000000004,0.4217914528156938,49.12227338803931,0.8187045564673219,2.1561377187198767
1322,50,30,4,300,0,1.0,73125125.94673611,35541000.00000045,13042986.796844311,1.0000000000000036,0.36698423783360473,45.07069160332989,0.7511781933888315,2.0447655836557153
1323,50,30,4,300,0,1.0,74978339.94673686,36960000.00000068,13042986.796844333,1.0000000000000053,0.35289466441677747,43.95669472465344,0.732611578744224,2.014927310277646
1324,50,30,4,300,0,1.0,72903598.59146559,35383333.33333387,13035366.158189336,0.9994157290217627,0.36840413070718236,45.20764494039421,0.7534607490065702,2.048184053572316
1325,50,30,4,300,0,1.0,65927759.94673463,30030000.00000015,13042986.796844332,1.000000000000005,0.43433189466680877,49.99108118739046,0.8331846864565077,2.1806502021899545
1326,50,30,4,300,0,1.0,65666777.61340132,29830166.666666828,13042986.79684432,1.0000000000000042,0.4372414992712383,50.189762917914074,0.8364960486319012,2.186289248048892
1327,50,30,4,300,0,0.9919710285224428,76738174.94673614,38307500.00000055,13042986.796844285,1.0000000000000016,0.3404812842614135,42.94863674159061,0.7158106123598436,1.9801666682914172
1328,50,30,4,300,0,1.0,60894871.28006659,26176333.33333317,13042986.79684434,1.000000000000006,0.49827401839490215,54.12278457477998,0.9020464095796663,2.300665624295588
1329,50,30,4,300,0,1.0,64507920.28006752,28942833.333333388,13042986.796844332,1.000000000000005,0.4506465088137296,51.091400648028305,0.851523344133805,2.2120405511847885
1330,50,35,2,300,0,1.0,62260725.21817877,27241499.999999903,13031556.638122272,0.9991236548115836,0.47837147874097674,52.935457922319515,0.8822576320386586,2.26495481503144
1331,50,35,2,300,0,1.0,64386370.28006762,28851166.66666674,13042986.796844313,1.0000000000000038,0.4520783144590668,51.187852113171466,0.8531308685528578,2.214793520120111
1332,50,35,2,300,0,1.0,70317656.88484716,33410666.666666944,13031556.638122246,0.9991236548115817,0.3900418021626468,46.87016243156725,0.7811693738594542,2.0932028155895717
1333,50,35,2,300,0,1.0,75342839.6134036,37240500.000000715,13042986.796844337,1.0000000000000056,0.35023661865023525,43.74403748134909,0.7290672913558182,2.0092565862760066
1334,50,35,2,300,0,1.0,72901765.2581323,35383333.33333388,13035366.158189336,0.9994157290217627,0.3684041307071823,45.208781822088305,0.7534796970348051,2.048203001600551
1335,50,35,2,300,0,1.0,65959447.28006798,30055666.666666828,13042986.796844332,1.000000000000005,0.43396098783959525,49.96706515756303,0.8327844192927171,2.179953209564393
1336,50,35,2,300,0,1.0,65655366.94673463,29822833.333333492,13042986.79684432,1.0000000000000042,0.4373490154694977,50.19848571821769,0.8366414286369614,2.1865206410125597
1337,50,35,2,300,0,1.0,76875212.9467363,38413833.33333394,13042986.79684429,1.000000000000002,0.3395387980070743,42.87207636463427,0.7145346060772378,1.9861656444828975
1338,50,35,2,300,0,1.0,60897826.61339993,26179999.999999836,13042986.796844339,1.0000000000000058,0.4982042321178159,54.120158029987785,0.9020026338331297,2.3005660195273823
1339,50,35,2,300,0,1.0,64553973.613400884,28979500.000000067,13042986.796844332,1.000000000000005,0.45007632280903054,51.05495162447782,0.8509158604079637,2.210976918655188
1340,50,35,6,300,0,1.0,63002968.55151216,27809833.33333326,13031556.63812226,0.9991236548115828,0.46859528001926043,52.31182078833802,0.8718636798056336,2.246739903821042
1341,50,35,6,300,0,1.0,67051263.28006782,30891666.666666754,13042986.796844266,1.0000000000000002,0.4222169990885642,49.15343632279834,0.8192239387133057,2.1569975379841573
1342,50,35,6,300,0,1.0,70260192.88484737,33366666.66666702,13031556.638122244,0.9991236548115815,0.3905561430006625,46.908496328805086,0.7818082721467514,2.0942531865472818
1343,50,35,6,300,0,1.0,75215939.94673681,37143333.33333401,13042986.79684434,1.000000000000006,0.351152834878689,43.817839707033876,0.7302973284505646,2.011219596353516
1344,50,35,6,300,0,1.0,73392603.59146582,35759166.66666726,13035366.158189336,0.9994157290217627,0.3645321570186419,44.906432511180725,0.7484405418530121,2.0400662674679255
1345,50,35,6,300,0,1.0,66742394.28006759,30655166.66666673,13042986.796844313,1.0000000000000038,0.42547433973101717,49.3809075258824,0.8230151254313733,2.163394597216187
1346,50,35,6,300,0,1.0,66031277.280067965,30110666.666666813,13042986.796844296,1.0000000000000024,0.4331683167707202,49.91271009374919,0.8318785015624865,2.1784131549790624
1347,50,35,6,300,0,1.0,77907170.61340256,39204000.00000054,13042986.796844285,1.0000000000000016,0.33269530652086793,42.30419323472409,0.7050698872454014,1.9712261324620957
1348,50,35,6,300,0,1.0,60725282.9938332,27085666.66666668,12381520.576134652,0.9492856788853261,0.4571244536274283,54.27393397795604,0.9045655662992673,2.27026512920121
1349,50,35,6,300,0,1.0,64525241.613401145,28957500.000000134,13042986.796844333,1.0000000000000053,0.45041826113595007,51.07768553191284,0.851294758865214,2.2116293677739742
1350,50,35,4,400,0,1.0,76983009.36711435,31931166.6666668,17227544.672416076,0.9906211441874804,0.539521303817566,57.074931678066434,0.9512488613011072,2.3828659043551603
1351,50,35,4,400,0,1.0,72554881.26231167,28284666.666666657,17390649.06245907,1.0000000000000036,0.6148436984394045,60.55829633453403,0.9907382180737228,2.4826131768252466
1352,50,35,4,400,0,1.0,86592756.73535281,39057333.333334014,17375408.850829605,0.999123654811579,0.44486930796169655,50.74096455236381,0.8456827425393969,2.201578188908754
1353,50,35,4,400,0,1.0,83947119.2623146,37007666.666667335,17390649.06245899,0.9999999999999988,0.4699201713822903,52.34009265130861,0.8723348775218102,2.2482710146276426
1354,50,35,4,400,0,1.0,83173749.5956471,36415500.000000454,17390649.062459048,1.0000000000000024,0.47756172680476255,52.82676350844654,0.880446058474109,2.2624954399179193
1355,50,35,4,400,0,1.0,77915793.59564622,32389500.00000027,17390649.06245897,0.9999999999999979,0.5369224304931792,56.39164792188572,0.9398607986980954,2.3693987430926384
1356,50,35,4,400,0,1.0,77298055.59564619,31916500.000000257,17390649.062458992,0.9999999999999991,0.5448795783516004,56.84230950108764,0.9473718250181273,2.3832754876994073
1357,50,35,4,400,0,1.0,82412250.7353515,35856333.333333716,17375408.850829616,0.9991236548115796,0.4845840953479933,53.314888997628586,0.8885814832938098,2.2762487595722045
1358,50,35,4,400,0,1.0,76943694.26231262,31645166.666666884,17390649.062459003,0.9999999999999997,0.5495515079962359,57.104094651614666,0.9517349108602444,2.3913761172572334
1359,50,35,4,400,0,1.0,72017983.01876122,28442333.33333332,17028125.436193947,0.9791541060392257,0.5986894688502099,61.00976194869804,0.9833114568730172,2.462263031953185
1360,50,30,4,400,0,1.0,76984842.70044768,31931166.6666668,17227544.672416076,0.9906211441874804,0.539521303817566,57.07357248356694,0.951226208059449,2.382843251113502
1361,50,30,4,400,0,1.0,72556714.59564501,28284666.666666657,17390649.06245907,1.0000000000000036,0.6148436984394045,60.55676617231679,0.9907634848990488,2.4826384436505724
1362,50,30,4,400,0,1.0,82050145.40201828,35577666.666667074,17375408.850829624,0.99912365481158,0.48837966282675715,53.5501793259701,0.8925029887661683,2.283206719027574
1363,50,30,4,400,0,0.9960791583652333,85897939.92898184,38500000.0000008,17390649.06245898,0.9999999999999986,0.4517051704534707,51.15140134481314,0.8525233557468856,2.209966650474896
1364,50,30,4,400,0,1.0,83175582.92898043,36415500.000000454,17390649.062459048,1.0000000000000024,0.47756172680476255,52.82559911544776,0.8804266519241293,2.2624760333679395
1365,50,30,4,400,0,1.0,77917626.92897955,32389500.00000027,17390649.06245897,0.9999999999999979,0.5369224304931792,56.390321075934025,0.9398386845989004,2.369376628993444
1366,50,30,4,400,0,1.0,77299888.92897952,31916500.000000257,17390649.062458992,0.9999999999999991,0.5448795783516004,56.84096136330639,0.9473493560551065,2.3832530187363865
1367,50,30,4,400,0,1.0,82414084.06868483,35856333.333333716,17375408.850829616,0.9991236548115796,0.4845840953479933,53.31370298720007,0.8885617164533345,2.276228992731729
1368,50,30,4,400,0,1.0,76945527.59564596,31645166.666666884,17390649.062459003,0.9999999999999997,0.5495515079962359,57.10273406779041,0.9517122344631734,2.391353440860162
1369,50,30,4,400,0,1.0,72019816.35209456,28442333.33333332,17028125.436193947,0.9791541060392257,0.5986894688502099,61.00820888683389,0.9833369095945004,2.4622884846746684
1370,50,35,2,400,0,1.0,76609493.36711437,31645166.666666802,17227544.672416076,0.9906211441874804,0.544397343641188,57.35320528677581,0.9558867547795968,2.3914046296925475
1371,50,35,2,400,0,1.0,72550092.59564501,28280999.999999996,17390649.06245907,1.0000000000000036,0.6149234136861876,60.5622934830513,0.990672218142187,2.482610949091137
1372,50,35,2,400,0,1.0,85249535.73535256,38028833.33333397,17375408.85082961,0.9991236548115794,0.4569009177465165,51.54045663826311,0.8590076106377185,2.2245283448349316
1373,50,35,2,400,0,1.0,83949513.59564802,37009500.0000007,17390649.062458977,0.9999999999999982,0.4698968930263486,52.338599853755156,0.872309997562586,2.2482275119836648
1374,50,35,2,400,0,1.0,82192072.92898035,35663833.33333377,17390649.062459048,1.0000000000000024,0.48762702819734755,53.45771001294185,0.8909618335490309,2.281063456106909
1375,50,35,2,400,0,1.0,77982834.92897965,32440833.333333638,17390649.06245897,0.9999999999999979,0.536072821674088,56.34316839085821,0.9390528065143035,2.367911063853574
1376,50,35,2,400,0,1.0,76570178.26231277,31359166.666666925,17390649.062458966,0.9999999999999977,0.5545634948566498,57.382653399967246,0.9563775566661208,2.4000283525514403
1377,50,35,2,400,0,1.0,80508755.73535144,34398833.33333374,17375408.850829564,0.9991236548115768,0.5051162253805903,54.57543045930692,0.9095905076551154,2.3136834879595876
1378,50,35,2,400,0,1.0,75418503.92897901,30477333.333333485,17390649.062458977,0.9999999999999982,0.570609274514138,58.25891221785049,0.9709818702975082,2.4274692899088186
1379,50,35,2,400,0,1.0,73747259.26231195,29197666.666666746,17390649.062459003,0.9999999999999999,0.5956177683990374,59.579163265873696,0.9929860544312282,2.4694802691504583
1380,50,35,6,400,0,1.0,76997375.36711437,31942166.6666668,17227544.672416076,0.9906211441874804,0.5393355075813894,57.064282763547226,0.9510713793924538,2.382539785457565
1381,50,35,6,400,0,1.0,72566852.92897816,28293833.333333276,17390649.062459078,1.0000000000000042,0.6146445007142586,60.548305771234865,0.9909031990234561,2.482618799594863
1382,50,35,6,400,0,1.0,86640643.4020195,39094000.000000685,17375408.85082961,0.9991236548115792,0.44445206043969154,50.71291979691814,0.8452153299486357,2.200776978300389
1383,50,35,6,400,0,1.0,84631898.59564784,37532000.00000064,17390649.062459003,0.9999999999999997,0.4633552451896703,51.91659495898334,0.8652765826497223,2.2359607788014584
1384,50,35,6,400,0,1.0,83595051.40201803,36762000.00000036,17375408.850829627,0.9991236548115804,0.4726459074813519,52.56052752297167,0.8760087920495278,2.254125518034609
1385,50,35,6,400,0,1.0,77877484.26231292,32360166.666666936,17390649.06245897,0.9999999999999979,0.5374091314669422,56.419387986397524,0.9403231331066254,2.3702504382801792
1386,50,35,6,400,0,1.0,77259746.26231256,31887166.666666843,17390649.062458992,0.9999999999999991,0.5453808186927519,56.870494825107954,0.9478415804184659,2.3841462353726675
1387,50,35,6,400,0,1.0,83581726.02534808,36758333.33333376,17371242.569715086,0.9988840846207508,0.4725797117129418,52.56890721145767,0.8761484535242945,2.254212222894648
1388,50,35,6,400,0,1.0,79045918.92897974,33254833.333333645,17390649.062459007,1.0,0.5229510215294673,55.58541237211361,0.9264235395352268,2.3447843567588005
1389,50,35,6,400,0,1.0,68918625.32677285,28457000.000000022,15506157.471989397,0.891637650572937,0.5448978273180373,63.75344805801195,0.9393590785190361,2.375277340373466
1390,50,30,6,400,0,1.0,76999208.7004477,31942166.6666668,17227544.672416076,0.9906211441874804,0.5393355075813894,57.06292407618539,0.9510487346030898,2.3825171406682015
1391,50,30,6,400,0,1.0,72568686.26231149,28293833.333333276,17390649.062459078,1.0000000000000042,0.6146445007142586,60.546776113844544,0.9909284617188401,2.4826440622902473
1392,50,30,6,400,0,1.0,82098032.06868495,35614333.333333746,17375408.850829624,0.9991236548115803,0.4878768525077756,53.51894423393796,0.891982403898966,2.2822838859051866
1393,50,30,6,400,0,0.9960791583652333,85818926.92898151,38439500.000000715,17390649.06245899,0.9999999999999988,0.4524161100549867,51.198496150342685,0.8533082691723781,2.2113203155816006
1394,50,30,6,400,0,1.0,83596884.73535135,36762000.00000036,17375408.850829627,0.9991236548115804,0.4726459074813519,52.559374836870624,0.8759895806145104,2.254106306599592
1395,50,30,6,400,0,1.0,77879317.59564625,32360166.666666936,17390649.06245897,0.9999999999999979,0.5374091314669422,56.41805983474141,0.9403009972456903,2.370228302419244
1396,50,30,6,400,0,1.0,77261579.59564589,31887166.666666843,17390649.062458992,0.9999999999999991,0.5453808186927519,56.869145350059796,0.9478190891676632,2.384123744121865
1397,50,30,6,400,0,1.0,83583559.35868141,36758333.33333376,17371242.569715086,0.9988840846207508,0.4725797117129418,52.56775415778746,0.8761292359631244,2.254193005333478
1398,50,30,6,400,0,1.0,79047752.26231307,33254833.333333645,17390649.062459007,1.0,0.5229510215294673,55.58412319454142,0.926402053242357,2.3447628704659307
1399,50,30,6,400,0,1.0,68920458.66010618,28457000.000000022,15506157.471989397,0.891637650572937,0.5448978273180373,63.75175217084417,0.939385629677719,2.3753038915321487
1400,50,35,6,500,0,1.0,90798801.87838735,35460333.333333544,21720810.091940656,0.9991949128030694,0.612538237803946,60.48317694054509,0.991979389120794,2.4820099793639505
1401,50,35,6,500,0,1.0,81041838.57788998,27962000.000000037,21738311.3280736,0.9999999999999916,0.7774233362446737,67.76499764034581,0.8786078372360102,2.500546506231749
1402,50,35,6,500,0,1.0,91075764.9191889,35674833.33333379,21719261.06353683,0.9991236548115701,0.6088118439292841,60.299246510560174,0.9950249747944024,2.48207444993783
1403,50,35,6,500,0,1.0,93063786.24455859,37167166.66666724,21738311.328073673,0.999999999999995,0.5848794319737405,59.011138721224164,0.9835189786870694,2.4514225242660617
1404,50,35,6,500,0,1.0,89036517.57789107,34083500.00000039,21738311.32807366,0.9999999999999946,0.6377957465657405,61.68030993794939,0.9723833438132801,2.4826199410658725
1405,50,35,6,500,0,1.0,80309133.76749982,29613833.33333344,20327867.62689081,0.9351171450304208,0.6864314861936393,68.38325533306235,0.8696008878250356,2.4187460767799474
1406,50,35,6,500,0,1.0,78686013.69424371,28836500.00000006,20031175.220876876,0.9214687800982849,0.694646549368919,69.79385207312585,0.849395067733295,2.40511230722843
1407,50,35,6,500,0,1.0,94512646.98618592,38357000.000000454,21687036.759159286,0.9976412809559738,0.5653997121557741,58.10650928867422,0.9684418214779036,2.420761591202523
1408,50,35,6,500,0,1.0,74212490.14246482,29571666.66666676,17379320.063021585,0.7994788463893785,0.5877017436630174,74.00102044086458,0.7918760985100792,2.262037493440493
1409,50,35,6,500,0,1.0,78890444.7675538,31368333.333333675,18517196.07982065,0.8518231154370651,0.590314948615497,69.61299326149415,0.8519592734944029,2.3242112323868005
1410,50,30,6,500,0,1.0,90800635.21172066,35460333.333333544,21720810.091940656,0.9991949128030694,0.612538237803946,60.48195573956857,0.991999579429575,2.482030169672732
1411,50,30,6,500,0,1.0,81043671.91122332,27962000.000000037,21738311.3280736,0.9999999999999916,0.7774233362446737,67.76346469118299,0.8786302852085813,2.5005689542043203
1412,50,30,6,500,0,1.0,91077598.25252225,35674833.33333379,21719261.06353683,0.9991236548115701,0.6088118439292841,60.298032725604,0.9950451041037642,2.4820945792471916
1413,50,30,6,500,0,0.9672381372702878,93865326.91122511,37779500.00000049,21738311.32807373,0.9999999999999976,0.5753996566411267,58.50722711693076,0.975120451948846,2.4026783145320354
1414,50,30,6,500,0,1.0,89038350.91122441,34083500.00000039,21738311.32807366,0.9999999999999946,0.6377957465657405,61.67903991703073,0.9724039264842429,2.482640523736835
1415,50,30,6,500,0,1.0,80310967.10083315,29613833.33333344,20327867.62689081,0.9351171450304208,0.6864314861936393,68.38169428472774,0.8696235129363203,2.418768701891232
1416,50,30,6,500,0,1.0,78687847.02757706,28836500.00000006,20031175.220876876,0.9214687800982849,0.694646549368919,69.79222595930646,0.8494180882628728,2.405135327758008
1417,50,30,6,500,0,1.0,94514480.31951925,38357000.000000454,21687036.759159286,0.9976412809559738,0.5653997121557741,58.105382174606596,0.9684230362434433,2.4207428059680627
1418,50,30,6,500,0,1.0,74214323.47579816,29571666.66666676,17379320.063021585,0.7994788463893785,0.5877017436630174,73.99919237680469,0.7919002255482184,2.262061620478632
1419,50,30,6,500,0,1.0,78892278.10088713,31368333.333333675,18517196.07982065,0.8518231154370651,0.590314948615497,69.6113755642486,0.8519822440068968,2.3242342028992944
1420,50,35,6,600,0,1.0,86754554.5935371,30228000.000000127,23082049.744689945,0.8848452468829693,0.7635983109927831,75.95912434654947,0.7664503131670856,2.377328961961312
1421,50,35,6,600,0,1.0,92892834.22680138,30215166.66666674,26085973.593688272,0.9999999999999902,0.8633403840352211,70.93980988792691,0.8333261600268512,2.523998467255028
1422,50,35,6,600,0,1.0,96556852.43818478,33480333.33333367,25793006.55841045,0.9887691738157337,0.7703927646601545,68.2478750456241,0.8715652167225874,2.487879428450711
1423,50,35,6,600,0,1.0,97769666.87460019,36272500.00000053,24605229.481664933,0.943236003566995,0.678343910170641,67.40127291680463,0.8839502036768606,2.4266253318133737
1424,50,35,6,600,0,1.0,98308816.22680251,34362166.66666708,26085973.59368828,0.9999999999999903,0.7591481016531154,67.03162801591526,0.8894128080216925,2.4967312893441846
1425,50,35,6,600,0,1.0,80206002.39049007,28123333.333333366,21227556.071493205,0.8137536440897566,0.7548022782325415,82.16093314209792,0.6911842240865408,2.295026046672574
1426,50,35,6,600,0,1.0,90595294.166426,29527666.66666678,25402876.93171877,0.9738136412844091,0.8603076300775093,72.73887745090114,0.8087102177453673,2.4969563218073745
1427,50,35,6,600,0,1.0,98311727.5079145,35337500.00000059,25465732.474985532,0.9762231945656396,0.7206432960731548,67.02964302472962,0.8894422331181665,2.4659568699766905
1428,50,35,6,600,0,1.0,84605736.74015982,30405833.333333515,21919986.20798384,0.8402977994767026,0.7209138446455026,77.88833540021663,0.7421982239314012,2.3189292996478033
1429,50,35,6,600,0,1.0,76283921.4068262,29194000.00000011,18630986.20798398,0.7142147154703755,0.6381786054663257,86.38517630545299,0.6441955573936206,2.154738441766681
1430,50,30,6,600,0,1.0,86756387.92687045,30228000.000000127,23082049.744689945,0.8848452468829693,0.7635983109927831,75.95751918065952,0.7664708181063503,2.3773494669005766
1431,50,30,6,600,0,1.0,92894667.56013472,30215166.66666674,26085973.593688272,0.9999999999999902,0.8633403840352211,70.9384098471975,0.8333456050964648,2.524017912324642
1432,50,30,6,600,0,1.0,97129868.11110836,33863500.00000035,25827543.734068584,0.9900931487685599,0.7626956379012304,67.84524810083985,0.8774334780427664,2.4875899883637507
1433,50,30,6,600,0,0.9880521282360762,101683840.8746008,39268166.66666731,24605229.481665008,0.943236003566998,0.626594811276257,64.80675733056461,0.9230123888690045,2.4123403661260863
1434,50,30,6,600,0,1.0,98310649.56013586,34362166.66666708,26085973.59368828,0.9999999999999903,0.7591481016531154,67.0303779853379,0.8894313381014836,2.496749819423976
1435,50,30,6,600,0,1.0,80207835.7238234,28123333.333333366,21227556.071493205,0.8137536440897566,0.7548022782325415,82.15905516626093,0.6912058582129711,2.295047680799004
1436,50,30,6,600,0,1.0,90597127.49975935,29527666.66666678,25402876.93171877,0.9738136412844091,0.8603076300775093,72.7374054990596,0.8087300576969665,2.496976161758974
1437,50,30,6,600,0,1.0,98313560.84124783,35337500.00000059,25465732.474985532,0.9762231945656396,0.7206432960731548,67.02839306818419,0.8894607627135269,2.465975399572051
1438,50,30,6,600,0,1.0,84607570.07349317,30405833.333333515,21919986.20798384,0.8402977994767026,0.7209138446455026,77.88664766374762,0.7422191014751941,2.318950177191596
1439,50,30,6,600,0,1.0,76285754.74015954,29194000.00000011,18630986.20798398,0.7142147154703755,0.6381786054663257,86.38310025830936,0.6442178474516929,2.1547607318247533
1440,50,35,6,700,0,1.0,93169214.68993111,30565333.33333354,25997668.467510898,0.8542412936692754,0.8505606068152608,82.5143801585657,0.6871245763819915,2.3675730618342
1441,50,35,6,700,0,1.0,100758194.53076768,32151166.66666694,28690631.623930305,0.9427277028800958,0.8923667349737457,76.29950135373298,0.7621145885737322,2.4760079765527285
1442,50,35,6,700,0,1.0,89220114.06633249,29626666.66666668,24668628.957051456,0.8105712071701243,0.8326494922497113,86.16666858646191,0.6465458628255049,2.312665456625274
1443,50,35,6,700,0,1.0,107323139.42082638,37048000.00000073,28773443.023014702,0.9454487513761491,0.7766530723119773,71.63226906599566,0.8237640385210717,2.445086496370654
1444,50,35,6,700,0,1.0,107823870.71972439,37123166.66666731,28969911.364757866,0.9519043829888639,0.780372849786271,71.29961063986974,0.8283439237434984,2.4526422035725153
1445,50,35,6,700,0,1.0,98188436.28929816,33687500.000000335,26457244.81338692,0.8693422283062235,0.785372758838936,78.29638896935886,0.7371677386448071,2.3654659457159557
1446,50,35,6,700,0,1.0,92718517.39966594,29337000.00000006,26560628.957051635,0.8727392638803715,0.9053628168201104,82.91547595461982,0.682546515788732,2.4068367692448205
1447,50,35,6,700,0,1.0,101185322.67024618,34763666.66666722,27233922.56559816,0.8948626017444113,0.7834019013797276,75.97742238816438,0.766216606476585,2.392938127580367
1448,50,35,6,700,0,1.0,81694236.7796216,29283833.333333556,21214194.133538548,0.6970640718582941,0.7244336454200003,94.10455747005277,0.5664257408793282,2.1459726572153284
1449,50,35,6,700,0,1.0,85051804.96671706,30858666.666666806,21849057.898185976,0.7179246672726062,0.7080363560162205,90.38961610524822,0.6026048512699897,2.1690339360829665
1450,50,30,6,700,0,1.0,93171048.02326445,30565333.33333354,25997668.467510898,0.8542412936692754,0.8505606068152608,82.51275651724328,0.6871431706978424,2.367591656150051
1451,50,30,6,700,0,1.0,100760027.864101,32151166.66666694,28690631.623930305,0.9427277028800958,0.8923667349737457,76.29811308080262,0.7621322224952897,2.476025610474286
1452,50,30,6,700,0,1.0,89221947.39966583,29626666.66666668,24668628.957051456,0.8105712071701243,0.8326494922497113,86.16489803302358,0.6465649421736863,2.3126845359734554
1453,50,30,6,700,0,1.0,107324972.7541597,37048000.00000073,28773443.023014702,0.9454487513761491,0.7766530723119773,71.63104543813672,0.8237808383694896,2.4451032962190715
1454,50,30,6,700,0,1.0,107825704.05305772,37123166.66666731,28969911.364757866,0.9519043829888639,0.780372849786271,71.29839835051826,0.8283606604545477,2.4526589402835643
1455,50,30,6,700,0,1.0,98190269.62263149,33687500.000000335,26457244.81338692,0.8693422283062235,0.785372758838936,78.29492707929248,0.7371856998335233,2.365483906904672
1456,50,30,6,700,0,1.0,92720350.73299927,29337000.00000006,26560628.957051635,0.8727392638803715,0.9053628168201104,82.91383649030897,0.6825651662210891,2.4068554196771776
1457,50,30,6,700,0,1.0,101187156.0035795,34763666.66666722,27233922.56559816,0.8948626017444113,0.7834019013797276,75.9760458108739,0.7662341859512478,2.3929557070550302
1458,50,30,6,700,0,1.0,81696070.11295494,29283833.333333556,21214194.133538548,0.6970640718582941,0.7244336454200003,94.10244567909648,0.5664456774427915,2.145992593778792
1459,50,30,6,700,0,1.0,85053638.3000504,30858666.666666806,21849057.898185976,0.7179246672726062,0.7080363560162205,90.38766775477781,0.6026244196784631,2.1690535044914396
1460,50,35,6,800,0,1.0,94650308.7935204,31960500.00000037,25831248.96381244,0.7426763909454668,0.8082241818435927,92.82378591248147,0.5786467457664343,2.2252260912413084
1461,50,35,6,800,0,1.0,95080895.12977058,28992333.33333327,27933255.797838174,0.8031113645475535,0.9634704277396864,92.40342119212019,0.5827150250924883,2.3534913672842377
1462,50,35,6,800,0,1.0,115107965.56403297,37596166.666667365,32223379.810003597,0.9264570774291522,0.8570921630308852,76.32660308910229,0.7617704225103866,2.4474441529350948
1463,50,35,6,800,0,1.0,114793676.50165097,38978500.00000063,31188915.976077262,0.8967151215593332,0.8001569063990855,76.53557467404262,0.7591218978650683,2.399247422984337
1464,50,35,6,800,0,1.0,103729326.22153693,33473000.00000034,29298155.95650035,0.8423537227183182,0.8752772669464958,84.69928727037116,0.6625529579160061,2.3627747714732026
1465,50,35,6,800,0,1.0,94575046.95682266,30519500.000000194,26712988.42857729,0.7680273557541423,0.8752760834409842,92.89765411389193,0.5779347908738919,2.2781556576266793
1466,50,35,6,800,0,1.0,95415372.12977144,29553333.333333526,27738922.464504905,0.7975240706910875,0.9386055424488403,92.07950253603487,0.5858694032441101,2.336753837203182
1467,50,35,6,800,0,1.0,114789709.15740958,37854666.66666731,31903293.22795228,0.9172542414423608,0.842783625830855,76.53821988478211,0.7590884313128442,2.4333153319775285
1468,50,35,6,800,0,1.0,84830433.26006643,29434166.666666638,22648972.6338374,0.6511824990686941,0.7694789830583761,103.56896295772991,0.48376821450240964,2.0993514009491108
1469,50,35,6,800,0,1.0,82794737.95676097,28999666.666666705,21932409.28424952,0.6305805265082014,0.7562986684070906,106.11543942065893,0.46366607257828324,2.0687050073039557
1470,50,30,6,800,0,1.0,94652142.12685373,31960500.00000037,25831248.96381244,0.7426763909454668,0.8082241818435927,92.82198799288857,0.5786640853649194,2.2252434308397935
1471,50,30,6,800,0,1.0,95082728.4631039,28992333.33333327,27933255.797838174,0.8031113645475535,0.9634704277396864,92.40163951972896,0.582732328803936,2.3535086709956854
1472,50,30,6,800,0,0.9696896577453374,103086079.69325526,33700333.33333376,28838430.62953636,0.8291361215433168,0.8557313170849743,85.227802106193,0.6567424355838879,2.3110171469972047
1473,50,30,6,800,0,0.9830524513208944,112193645.4448697,37004000.00000046,31177609.294713628,0.896390042221494,0.8425470028838299,78.3092479539513,0.7370097684299951,2.3940998220579535
1474,50,30,6,800,0,1.0,103731159.55487028,33473000.00000034,29298155.95650035,0.8423537227183182,0.8752772669464958,84.69779030429723,0.6625694884438886,2.362791302001085
1475,50,30,6,800,0,1.0,94576880.29015599,30519500.000000194,26712988.42857729,0.7680273557541423,0.8752760834409842,92.89585333165687,0.5779521367125985,2.278173003465386
1476,50,30,6,800,0,1.0,95417205.46310475,29553333.333333526,27738922.464504905,0.7975240706910875,0.9386055424488403,92.07773333287601,0.5858866788654579,2.3367711128245303
1477,50,30,6,800,0,1.0,112761767.49074274,37249666.66666726,31298293.22795225,0.8998598360401485,0.8402301558300769,77.9147063362702,0.7418720879092134,2.414056212573275
1478,50,30,6,800,0,1.0,84832266.59339976,29434166.666666638,22648972.6338374,0.6511824990686941,0.7694789830583761,103.56672470052291,0.4837862614672326,2.0993694479139338
1479,50,30,6,800,0,1.0,82796571.29009432,28999666.666666705,21932409.28424952,0.6305805265082014,0.7562986684070906,106.11308974640019,0.4636842306710841,2.0687231653967566
1480,50,25,6,800,0,0.9481882145402493,88324767.96018629,30074000.000000134,23944748.96381255,0.6884374722822105,0.7961943527236963,99.47153219763149,0.5179591659923426,2.103102862711549
1481,50,25,6,800,0,1.0,92142973.3096125,27862999.999999918,27217453.38032163,0.7825312696084367,0.9768314029473392,95.34964723222636,0.5547926785400588,2.33625780089793
1482,50,25,6,800,0,0.9456326898419807,92217031.02658775,30312333.333333515,25692430.629536226,0.7386852134518136,0.8475900006444925,95.27307377166484,0.5555011704627151,2.1792058608202898
1483,50,25,6,800,0,0.9723407336564036,113034102.10148768,37361500.0000005,31359028.68138265,0.9016060461215626,0.8393407299327443,77.72698536687334,0.744196805122813,2.388010122725412
1484,50,25,6,800,0,1.0,102755010.38820338,33181500.000000272,29006655.95650033,0.8339727819336157,0.8741815757726472,85.50239999789478,0.6537436348843888,2.3530888955025064
1485,50,25,6,800,0,1.0,92727312.79015549,29967666.666666705,26161155.095243864,0.7521615496145468,0.8729793809520427,94.74878259313427,0.560376512988931,2.258760017750565
1486,50,25,6,800,0,1.0,95419038.79643808,29553333.333333526,27738922.464504905,0.7975240706910875,0.9386055424488403,92.0759641977023,0.585903954332335,2.3367883882914073
1487,50,25,6,800,0,1.0,107985189.82407576,35874666.66666716,29842626.56128565,0.8580078424360417,0.8318579469621618,81.36115715787878,0.7004591110753319,2.3659454686450614
1488,50,25,6,800,0,0.9370571579070985,85464417.79009442,29289333.33333341,23048909.28424944,0.6626811110231893,0.786938679072565,102.80067690367278,0.49000258368677496,2.0566106848519254
1489,50,25,6,800,0,0.9566493092593772,83494171.29015525,29148166.666666638,22177321.761910785,0.6376220255569619,0.7608479125128786,105.22650700332095,0.47058667560463846,2.0359143148743186
1490,50,30,4,800,0,1.0,95626716.45676208,31934833.333333693,26323242.617582638,0.7568217414727296,0.8242799435595094,91.87599789617923,0.5878598959886399,2.247283850836247
1491,50,30,4,800,0,1.0,91082079.76916237,27470666.666666586,26950653.53952931,0.7748604851588712,0.9810702399964588,96.46024796827932,0.544617917237802,2.329474109234969
1492,50,30,4,800,0,0.9696896577453374,103575372.52658859,33663666.6666671,29100597.296203054,0.8366736972176092,0.8644512074205429,84.82518368683267,0.6611641980393415,2.3224148217211136
1493,50,30,4,800,0,0.9830524513208944,108530835.56330435,35442000.00000042,30385594.711226422,0.8736187649493616,0.8573329583890883,80.95210872006398,0.7052507878344852,2.3741696058666504
1494,50,30,4,800,0,1.0,105942650.4568232,33443666.666667026,30396155.09524427,0.8739223874300384,0.9088762723956886,82.92977343983519,0.6823838901870062,2.409484908103557
1495,50,30,4,800,0,1.0,96328345.96018647,30548833.333333526,27549082.297146015,0.7920659602238739,0.9018047267646612,91.2067980865286,0.594453191750576,2.315896973162305
1496,50,30,4,800,0,1.0,94273150.46310458,29212333.33333347,27397922.464504793,0.7877199512825652,0.9378888756291749,93.1951457741775,0.5750763700249043,2.325387470528244
1497,50,30,4,800,0,1.0,115192004.82407616,36982000.00000061,32654959.894619048,0.9388654723966263,0.8829960492839355,76.27091839766027,0.7624777331948803,2.468874572622029
1498,50,30,4,800,0,1.0,83827611.46196164,28240666.666666586,22919375.69316483,0.6589568799545447,0.8115734647375497,104.80794867913805,0.47388095214116105,2.123139723931201
1499,50,30,4,800,0,1.0,86169536.12342751,28984999.99999999,23587909.28424946,0.6781779449269782,0.8137971117560624,101.95946729265661,0.4969208829078918,2.1479585723127417
1500,50,30,8,800,0,1.0,95851554.62685362,32318000.00000033,26188748.963812552,0.7529549032285949,0.8103455957612564,91.66048515543413,0.5899752143207969,2.2382516909298023
1501,50,30,8,800,0,1.0,94674030.29351895,29362666.66666661,27497748.963812616,0.7905900712806542,0.9364867733566208,92.80052800922583,0.5788710910791754,2.328060509764472
1502,50,30,8,800,0,0.9696896577453374,100027243.17010152,33630666.66666712,27389991.46092373,0.7874919263378786,0.8144349837724506,87.83407121457192,0.6288256876068221,2.2500633323701202
1503,50,30,8,800,0,0.9830524513208944,113936968.03521681,37829000.00000051,31502583.716552086,0.9057334088972088,0.8327627935327835,77.1110566790262,0.7518756874166371,2.401138373563758
1504,50,30,8,800,0,1.0,105476073.05487044,34380500.00000039,29571322.623167023,0.8502075603090138,0.8601190390822323,83.29661643195114,0.6782244894018681,2.366319720667654
1505,50,30,8,800,0,1.0,94576880.29015599,30519500.000000194,26712988.42857729,0.7680273557541423,0.8752760834409842,92.89585333165687,0.5779521367125985,2.278173003465386
1506,50,30,8,800,0,1.0,95232680.4631045,29498333.333333448,27683922.464504953,0.7959427611090697,0.9384910717386805,92.25614523581363,0.5841471138517114,2.334939971242656
1507,50,30,8,800,0,1.0,111706686.12863055,37242333.33333394,30788042.359831724,0.885189570822101,0.8266947745799464,78.65061890640214,0.7328284457831911,2.394184265447148
1508,50,30,8,800,0,1.0,87086213.04634807,31104333.333333515,22684457.64422339,0.652202731558538,0.7293021651074316,100.88623322412835,0.5058893950721726,2.089331127158118
1509,50,30,8,800,0,1.0,83050357.79009435,29841166.666666724,21519909.284249563,0.6187207046430585,0.7211483895597085,105.78882781222536,0.4661969334288745,2.0431156450766417
1510,50,30,6,900,0,1.0,86025059.23663364,27729166.66666667,24317846.54463949,0.6214794950321032,0.8769771856819648,114.89442829457533,0.4005538204953986,2.1021355690409704
1511,50,30,6,900,0,1.0,87616340.23219742,26735499.999999918,25727807.336357724,0.6575131840860903,0.9623088154834509,112.80772483541698,0.4147295129570162,2.184576565343777
1512,50,30,6,900,0,1.0,99465531.55522306,31271166.666666936,28619759.828479785,0.7314214214442637,0.9152124106385394,99.3690964644625,0.5188442133967004,2.251014141907532
1513,50,30,6,900,0,1.0,110639650.98022678,37114000.0000005,30349081.005478326,0.7756168500919653,0.8177259526183628,89.33325360694066,0.6133082834295708,2.267489045524261
1514,50,30,6,900,0,1.0,113431552.08021085,35821500.00000054,32535467.584289666,0.8314932791355628,0.9082664763979503,87.13448611732711,0.6362005499177172,2.3628137310360775
1515,50,30,6,900,0,1.0,107694900.35339627,34389666.66666721,30648362.951062925,0.7832654546702003,0.8912084914381968,91.77593337815188,0.5888411125885931,2.3018079057391505
1516,50,30,6,900,0,1.0,88153660.8988643,27129666.66666665,25738807.336357825,0.657794305789563,0.9487329001348281,112.1201309079988,0.4195096085931924,2.178495928701055
1517,50,30,6,900,0,1.0,121180205.56930552,39356166.66666722,34064202.97834915,0.8705624335112911,0.8655366074359037,81.56282582263195,0.698108719064162,2.390538005012885
1518,50,30,6,900,0,1.0,84472352.863244,28414833.333333377,23123026.124895062,0.5909440448739766,0.8137660303560356,117.00633005927179,0.3867002240467063,2.037713048331535
1519,50,30,6,900,0,1.0,90400738.3680927,31326166.66666705,24160695.31548276,0.617463256737289,0.7712624264746447,109.33317778617311,0.43945514344163844,2.056465084621354
1520,50,25,6,900,0,0.9845279010181094,84606050.0699669,27305666.66666665,23894346.54463951,0.6106563094485056,0.8750691508956453,116.82143288602136,0.38789372503222486,2.0724769467668507
1521,50,25,6,900,0,0.9910461318747884,96198586.06553118,29293000.000000052,28285307.336357888,0.7228739801428888,0.9655995403802218,102.7437138552856,0.4904680052651557,2.2539937694441217
1522,50,25,6,900,0,1.0,103323937.38855648,32420666.666666955,29769259.828479894,0.7607986394568901,0.9182186206888495,95.65837549174417,0.5519453406355166,2.286520237186596
1523,50,25,6,900,0,0.958812358648638,110884040.78454399,37163500.00000054,30435908.468135178,0.7778358577474273,0.8189731448365936,89.13636200546628,0.6153241767264354,2.2293150512443485
1524,50,25,6,900,0,0.9844230571936948,112849056.24687709,35647333.33333374,32361300.917622875,0.8270421854972834,0.9078182823667739,87.58425040239109,0.6314493749806424,2.3421270580677565
1525,50,25,6,900,0,0.9730842705867586,105090280.72189048,33451000.000000488,29974593.16181334,0.7660462445883346,0.896074651335174,94.05056235558412,0.5669357073543427,2.256879699009241
1526,50,25,6,900,0,1.0,87692770.06553093,26806999.99999997,25718640.669691153,0.6572789159998677,0.959400181657447,112.70940571969672,0.41540966738929136,2.182929812715249
1527,50,25,6,900,0,0.9500634581723687,107202341.86809331,35091833.333333895,29959528.64881643,0.7656612480832764,0.8537464647182663,92.19761273649677,0.5847172517455024,2.2177778816924842
1528,50,25,6,900,0,0.945369147114685,90032229.68672831,29780666.666666817,24965029.61772926,0.6380192412106487,0.8382965330212824,109.78068669843212,0.436189668103374,2.052196041635085
1529,50,25,6,900,0,0.9927766078792662,91853381.86809193,31709333.33333348,24624528.6488162,0.6293172219002803,0.7765703677828637,107.60409468857499,0.45230362943051977,2.066336531536077
1530,50,30,4,900,0,1.0,86025059.23663364,27729166.66666667,24317846.54463949,0.6214794950321032,0.8769771856819648,114.89442829457533,0.4005538204953986,2.1021355690409704
1531,50,30,4,900,0,1.0,89116048.45248084,26766666.666666612,26439864.219528448,0.6757108789919587,0.9877906931330699,110.90931624139863,0.4280614135790544,2.2182939680855105
1532,50,30,4,900,0,1.0,96517615.39886484,30039166.666666806,27966307.33635777,0.7147214507422535,0.9309947791391563,102.40410477563711,0.49325199987900764,2.2380478231903327
1533,50,30,4,900,0,1.0,111648620.66985932,37132333.33333386,30829816.17204697,0.78790276726867,0.8302687551382857,88.52594811024147,0.6216161689118652,2.285831173022494
1534,50,30,4,900,0,1.0,115744700.38650751,35803166.6666672,33676068.67732535,0.8606430720677475,0.9405891101995126,85.39311058730915,0.6549355076559694,2.4074067958155796
1535,50,30,4,900,0,1.0,106644779.23663515,33421666.66666712,30752846.54463986,0.7859356915621114,0.9201470067712395,92.67964236738433,0.5800385534860857,2.3161561589030777
1536,50,30,4,900,0,1.0,86950070.23219751,26570499.999999944,25507807.336357743,0.6518907500166892,0.9600047923959955,113.67213360041704,0.40879741642719475,2.176801250343991
1537,50,30,4,900,0,1.0,116768735.95720896,37092000.00000055,33354360.154810917,0.8524213222613746,0.8992332620190452,84.64423219946488,0.6631611852579467,2.382547794873183
1538,50,30,4,900,0,1.0,84170143.84718922,27446833.333333306,23592522.94478054,0.602942749035794,0.8595717640084976,117.42643588615014,0.3840020972698198,2.071659508476618
1539,50,30,4,900,0,1.0,93049070.8680926,31326166.666667007,25453195.315482702,0.6504950568950223,0.8125218634735315,106.22137231237252,0.46284817001631207,2.112865660795137
1540,50,30,8,900,0,1.0,86025059.23663364,27729166.66666667,24317846.54463949,0.6214794950321032,0.8769771856819648,114.89442829457533,0.4005538204953986,2.1021355690409704
1541,50,30,8,900,0,1.0,85777265.38855523,26735499.999999918,24830259.8284797,0.6345749945988177,0.9287374400508602,115.2263359670911,0.398344156396114,2.1413341084368023
1542,50,30,8,900,0,1.0,96912643.36324483,31252833.333333634,27385526.12489502,0.6998787049686328,0.8762573886600604,101.98669293287008,0.49669545090497136,2.19770136183302
1543,50,30,8,900,0,1.0,110974886.3789324,37059000.000000514,30547746.40260159,0.7806940459883156,0.8243003427669706,89.06339373262338,0.6160729509807537,2.27551322519433
1544,50,30,8,900,0,1.0,115199664.58021118,36718000.00000063,32826967.584289704,0.838943004277521,0.8940292931066272,85.79712480949206,0.6505402677631221,2.365763702248424
1545,50,30,8,900,0,1.0,106955218.88855721,34331000.00000051,30324759.828480046,0.7749952854821333,0.8833054623657801,92.41063786049094,0.5826449416224702,2.2892893115150943
1546,50,30,8,900,0,1.0,88055247.56553087,27100333.333333284,25709474.00302451,0.6570446479136431,0.9486774087535659,112.24543991707546,0.41863438396822406,2.1775763109710766
1547,50,30,8,900,0,1.0,119685774.36809322,39350666.6666672,33338361.9821499,0.8520124646658406,0.8472121264057223,82.58124286017822,0.6863592861139581,2.3641289872385363
1548,50,30,8,900,0,1.0,84926655.941363,29359000.00000015,22742948.726872645,0.5812305898210185,0.7746499787755894,116.38042132289064,0.39075532242859823,2.01047530544907
1549,50,30,8,900,0,1.0,91945026.34719013,32160333.333333593,24382689.611447312,0.6231366580683977,0.7581603510985722,107.49684232704614,0.4531128630232316,2.0596411439020894
1550,50,25,8,900,0,0.9845279010181094,84606050.0699669,27305666.66666665,23894346.54463951,0.6106563094485056,0.8750691508956453,116.82143288602136,0.38789372503222486,2.0724769467668507
1551,50,25,8,900,0,0.9910461318747884,94396416.22188886,29304000.000000004,27398759.828479756,0.7002169123590836,0.9349836141304856,104.70524619035402,0.4746927926461475,2.2137258158253244
1552,50,25,8,900,0,1.0,100771049.19657828,32402333.33333367,28535026.124895163,0.7292559229812602,0.880647261768027,98.0817415200199,0.5300967764653638,2.2346145858797857
1553,50,25,8,900,0,0.958812358648638,111266756.71226574,37108500.000000514,30657746.40260166,0.7835052630230183,0.8261650673727375,88.82976633856028,0.6184764860090181,2.2382208985558463
1554,50,25,8,900,0,0.9844230571936948,115047727.08021064,36672166.66666714,32781134.250956237,0.8377716638463922,0.8938968495895383,85.91043257298833,0.6493129059946161,2.3488534428599417
1555,50,25,8,900,0,1.0,103689870.7218903,33000000.000000432,29578593.16181332,0.7559258632634109,0.8963210049034221,95.32078621748536,0.5550596073947844,2.272116411317522
1556,50,25,8,900,0,1.0,87594356.7321975,26777666.66666661,25689307.33635784,0.656529258123948,0.959355706983104,112.83603611837431,0.41453386704233525,2.1820184326288183
1557,50,25,8,900,0,0.9828940954385702,109077338.18672897,35984666.666667014,30305529.617729563,0.774503828245382,0.8421789730180246,90.61277222478579,0.6003677646747483,2.2570050385277383
1558,50,25,8,900,0,0.945369147114685,88289704.86324446,30019000.00000018,23962692.791561782,0.6124030015721943,0.7982508675026363,111.9473670832791,0.42071928406688114,2.0046891251836754
1559,50,25,8,900,0,1.0,93095008.51385617,32662666.666666746,24622856.27811408,0.6292744819274971,0.7538532150298206,106.168957474545,0.46325268187361823,2.0663352538974746
1560,50,30,10,900,0,1.0,86025059.23663364,27729166.66666667,24317846.54463949,0.6214794950321032,0.8769771856819648,114.89442829457533,0.4005538204953986,2.1021355690409704
1561,50,30,10,900,0,1.0,84253424.84718922,26935333.33333331,23959189.61144723,0.6123134724847974,0.8895078191513223,117.31036474690838,0.3847456756194984,2.096351930940556
1562,50,30,10,900,0,1.0,96857285.86324483,31236333.333333634,27369026.124895014,0.6994570224134276,0.8761920239751172,102.04498207760207,0.49621315266541055,2.197166771845504
1563,50,30,10,900,0,1.0,111024956.54559918,36996666.66666722,30611913.069268283,0.7823339225918917,0.827423544533773,89.02322781761787,0.6164855079511867,2.2784243435782052
1564,50,30,10,900,0,1.0,114460731.55522431,36793166.666667305,32418426.49514692,0.8285021163759444,0.8810991124750436,86.35101196458214,0.6445624704550692,2.349441760435104
1565,50,30,10,900,0,1.0,106955218.88855721,34331000.00000051,30324759.828480046,0.7749952854821333,0.8833054623657801,92.41063786049094,0.5826449416224702,2.2892893115150943
1566,50,30,10,900,0,1.0,88055247.56553087,27100333.333333284,25709474.00302451,0.6570446479136431,0.9486774087535659,112.24543991707546,0.41863438396822406,2.1775763109710766
1567,50,30,10,900,0,1.0,119685774.36809322,39350666.6666672,33338361.9821499,0.8520124646658406,0.8472121264057223,82.58124286017822,0.6863592861139581,2.3641289872385363
1568,50,30,10,900,0,1.0,83827844.52991103,29348000.000000164,22213692.79156178,0.567704650720451,0.7569065282663777,117.90593036748443,0.3809455454272363,1.9864707680403386
1569,50,30,10,900,0,1.0,94663694.68052313,32970666.666666828,25193022.944780692,0.6438459568906951,0.7641041414018694,104.40961588660213,0.4770374570928621,2.0883207702143576
1570,50,25,10,900,0,0.9845279010181094,84606050.0699669,27305666.66666665,23894346.54463951,0.6106563094485056,0.8750691508956453,116.82143288602136,0.38789372503222486,2.0724769467668507
1571,50,25,10,900,0,0.9910461318747884,92263643.1805228,29322333.333333388,26346189.611447185,0.6733168821378044,0.8985024933707119,107.12562022574139,0.4559249785336312,2.165773105104989
1572,50,25,10,900,0,1.0,100715691.69657835,32385833.333333693,28518526.124895148,0.7288342404260547,0.8805864536930704,98.13565129231779,0.5296207004317283,2.2340898633861848
1573,50,25,10,900,0,0.958812358648638,111316621.14932343,37046166.6666672,30721812.664383523,0.7851425736272981,0.8292845233033489,88.78997491975234,0.6188867896633117,2.241126766954629
1574,50,25,10,900,0,0.9844230571936948,115440547.38855702,37084666.66666711,32709926.495146766,0.8359518415178977,0.8820337200050256,85.61809713819606,0.652484245022228,2.342534278219943
1575,50,25,10,900,0,1.0,103689870.7218903,33000000.000000432,29578593.16181332,0.7559258632634109,0.8963210049034221,95.32078621748536,0.5550596073947844,2.272116411317522
1576,50,25,10,900,0,1.0,87594356.7321975,26777666.66666661,25689307.33635784,0.656529258123948,0.959355706983104,112.83603611837431,0.41453386704233525,2.1820184326288183
1577,50,25,10,900,0,0.9569068064897515,107115222.35339548,35399833.33333363,29720696.284396183,0.7595575243442213,0.8395716444351226,92.27259938266553,0.5839869417752652,2.2125510638131147
1578,50,25,10,900,0,0.9453496341335252,79945840.0299107,27734666.66666673,21346526.124895148,0.5455428897635602,0.7696694675097988,123.63119827500849,0.3462757100967709,1.9073609182381353
1579,50,25,10,900,0,1.0,93095008.51385617,32662666.666666746,24622856.27811408,0.6292744819274971,0.7538532150298206,106.168957474545,0.46325268187361823,2.0663352538974746
1580,50,35,10,900,0,1.0,86023225.90330032,27729166.66666667,24317846.54463949,0.6214794950321032,0.8769771856819648,114.89687693310283,0.40053747397033695,2.102119222515909
1581,50,35,10,900,0,1.0,84251591.51385589,26935333.33333331,23959189.61144723,0.6123134724847974,0.8895078191513223,117.31291744648557,0.384729306965645,2.096335562286703
1582,50,35,10,900,0,1.0,96855452.52991149,31236333.333333634,27369026.124895014,0.6994570224134276,0.8761920239751172,102.04691364120802,0.4961971784680971,2.1971507976481908
1583,50,35,10,900,0,1.0,110586384.31599069,37114000.000000715,30323979.331050143,0.7749753386851288,0.8170496128428507,89.37628317567493,0.612868601260581,2.2665082915348616
1584,50,35,10,900,0,1.0,114458898.22189097,36793166.666667305,32418426.49514692,0.8285021163759444,0.8810991124750436,86.35239508281116,0.6445476121912823,2.3494269021713174
1585,50,35,10,900,0,1.0,106953385.55522387,34331000.00000051,30324759.828480046,0.7749952854821333,0.8833054623657801,92.41222191041946,0.582629559514219,2.289273929406843
1586,50,35,10,900,0,1.0,88053414.23219754,27100333.333333284,25709474.00302451,0.6570446479136431,0.9486774087535659,112.24777694521126,0.41861807828021746,2.17756000528307
1587,50,35,10,900,0,1.0,119683941.03475991,39350666.6666672,33338361.9821499,0.8520124646658406,0.8472121264057223,82.58250784981621,0.6863448156434191,2.364114516767997
1588,50,35,10,900,0,1.0,83826011.1965777,29348000.000000164,22213692.79156178,0.567704650720451,0.7569065282663777,117.9085090524207,0.3809291734700643,1.9864543960831664
1589,50,35,10,900,0,1.0,94661861.3471898,32970666.666666828,25193022.944780692,0.6438459568906951,0.7641041414018694,104.41163800645484,0.47702138024856655,2.088304693370062
1590,50,30,10,800,0,1.0,96724972.96018669,32578333.33333359,26449082.29714597,0.7604397685834884,0.8118611233584416,90.83279871906869,0.598170182946778,2.2476590816335316
1591,50,30,10,800,0,1.0,94698633.62685233,29369999.999999955,27505082.297145963,0.7908009125582571,0.9365026318401772,92.77641781632568,0.5791037493825202,2.328305854854662
1592,50,30,10,800,0,0.9696896577453374,98359569.61010489,33621500.00000043,26581937.82825901,0.7642595090266393,0.7906231973070408,89.32328633428057,0.6134101754073065,2.2155983909982764
1593,50,30,10,800,0,0.9830524513208944,114032116.20188351,37766666.66666719,31588750.383218773,0.9082107939090394,0.8364188097939541,77.04671536960288,0.7526823976501364,2.4048698968061943
1594,50,30,10,800,0,1.0,108501849.79009508,35643666.66666693,30242909.284249615,0.8695164043513083,0.84847918613637,80.97373470587631,0.7049966379137274,2.383779986822823
1595,50,30,10,800,0,1.0,94576880.29015599,30519500.000000194,26712988.42857729,0.7680273557541423,0.8752760834409842,92.89585333165687,0.5779521367125985,2.278173003465386
1596,50,30,10,800,0,1.0,95195775.4631043,29487333.333333388,27672922.464504942,0.7956264991926656,0.9384681263538545,92.29191061535262,0.5837990135576197,2.334573514640703
1597,50,30,10,800,0,1.0,114123963.6286301,37962833.333333805,31508542.35983182,0.9059047263465556,0.8299839499114862,76.98470786196845,0.753460665726709,2.417447825655898
1598,50,30,10,800,0,1.0,86724725.91345568,31144666.66666686,22482328.573346995,0.646391301802511,0.7218676897065367,101.30674853636924,0.5023562202036885,2.079850371968918
1599,50,30,10,800,0,1.0,82939642.79009397,29808166.666666612,21486909.28424963,0.6177719188938489,0.7208396787541335,105.93004387823751,0.4651009820355607,2.0417727250388675
1600,50,25,10,800,0,0.9728206935678203,87728137.12685262,29896166.666666698,23766915.630479295,0.6833245713003507,0.7949820421953517,100.1480287595297,0.5121520052969137,2.1209583326210155
1601,50,25,10,800,0,1.0,91923240.09528661,28240666.66666659,26869495.410095852,0.7725271010182915,0.9514469232346707,95.57757092648973,0.5526891697845882,2.3138467083723246
1602,50,25,10,800,0,0.9863746516418264,91267132.61010404,31359166.666666836,24561604.49492581,0.706172737047137,0.7832352420586965,96.26466558923467,0.5463961083190063,2.15935895360779
1603,50,25,10,800,0,0.9723407336564036,117905156.93482089,39926333.33333381,32101528.681382563,0.9229537254788196,0.8040189519377063,74.51582465436076,0.7851108108008716,2.4006667060074403
1604,50,25,10,800,0,1.0,105391361.45676148,34716000.000000186,29315242.61758288,0.8428449827345822,0.8444303092978086,83.36356868873467,0.6774681004937021,2.353012347931949
1605,50,25,10,800,0,1.0,92671955.29015526,29951166.666666638,26144655.0952439,0.751687156739942,0.8729094057074213,94.80538068385111,0.5598481582150755,2.2581756827810127
1606,50,25,10,800,0,1.0,95197608.79643762,29487333.333333388,27672922.464504942,0.7956264991926656,0.9384681263538545,92.29013324049765,0.5838163076418864,2.33459080872497
1607,50,25,10,800,0,1.0,107298371.96196277,35927833.3333336,29473542.359831646,0.8473962718118394,0.8203540159625016,81.88195067036582,0.6944055120278122,2.3506887247978137
1608,50,25,10,800,0,1.0,85105441.58012202,30156500.000000104,22320995.240013666,0.6417527936952548,0.7401719443573886,103.23429191926182,0.486474140958987,2.0786116964448977
1609,50,25,10,800,0,1.0,81020359.12342714,29395666.66666656,20812242.617582973,0.5983745213544134,0.7080037630574705,108.43941072410743,0.44605031828082503,2.012453328726801
1610,50,35,10,800,0,1.0,96723139.62685336,32578333.33333359,26449082.29714597,0.7604397685834884,0.8118611233584416,90.83452040426516,0.5981530188472232,2.2476419175339766
1611,50,35,10,800,0,1.0,94696800.29351902,29369999.999999955,27505082.297145963,0.7908009125582571,0.9365026318401772,92.77821397098772,0.5790864136436811,2.328288519115823
1612,50,35,10,800,0,1.0,112732233.77677251,37906000.000000715,30866437.828259364,0.8874435254659467,0.8142889734674928,77.93511851629997,0.7416197437254805,2.3930509224994747
1613,50,35,10,800,0,1.0,116813261.62450062,39821833.33333405,31637033.003659554,0.9095989715517303,0.7944645023958963,75.21235070245869,0.7760493399780066,2.4116209418947236
1614,50,35,10,800,0,1.0,108500016.45676175,35643666.66666693,30242909.284249615,0.8695164043513083,0.84847918613637,80.97510292545644,0.7049805615936289,2.383763910502725
1615,50,35,10,800,0,1.0,94575046.95682266,30519500.000000194,26712988.42857729,0.7680273557541423,0.8752760834409842,92.89765411389193,0.5779347908738919,2.2781556576266793
1616,50,35,10,800,0,1.0,95193942.12977096,29487333.333333388,27672922.464504942,0.7956264991926656,0.9384681263538545,92.29368805866827,0.5837817193195448,2.3345562204026287
1617,50,35,10,800,0,1.0,113630063.62863007,37816166.66666712,31361875.69316513,0.9016879007945037,0.8293245576582703,77.31932658872807,0.7492703271584255,2.4127299732850416
1618,50,35,10,800,0,1.0,86722892.58012234,31144666.66666686,22482328.573346995,0.646391301802511,0.7218676897065367,101.30889017433194,0.5023382894378341,2.0798324412030635
1619,50,35,10,800,0,1.0,82937809.45676063,29808166.666666612,21486909.28424963,0.6177719188938489,0.7208396787541335,105.93238545298752,0.46508283124447936,2.0417545742477863
1620,50,30,10,700,0,1.0,93171048.02326445,30565333.33333354,25997668.467510898,0.8542412936692754,0.8505606068152608,82.51275651724328,0.6871431706978424,2.367591656150051
1621,50,30,10,700,0,1.0,98793696.58172601,32336333.333333664,27612955.2212744,0.9073170011276638,0.8539296937791582,77.81670557939242,0.7430848118071285,2.426228566830455
1622,50,30,10,700,0,1.0,86003955.4296745,30053833.333333526,22825841.43306005,0.7500201927428395,0.7594985032323077,89.38891195866357,0.6127396184257612,2.2203384210116073
1623,50,30,10,700,0,1.0,107517124.86998492,36930666.66666746,28942007.90791386,0.9509875205747571,0.7836849567093266,71.50302809246872,0.825540352043252,2.4524883174107135
1624,50,30,10,700,0,1.0,108289668.8568751,37174500.00000062,29163627.06533589,0.9582695672696242,0.7845062358696258,70.99292186552768,0.8325888264129597,2.4601938151086604
1625,50,30,10,700,0,1.0,98190269.62263149,33687500.000000335,26457244.81338692,0.8693422283062235,0.785372758838936,78.29492707929248,0.7371856998335233,2.365483906904672
1626,50,30,10,700,0,1.0,92621937.39966577,29307666.666666683,26531295.6237183,0.8717754180399024,0.9052680967568765,83.00193470178634,0.6815636887980819,2.405778166203583
1627,50,30,10,700,0,1.0,100763995.5538747,35267833.33333374,26706054.280400064,0.8775177045511062,0.757235468025153,76.29510876124026,0.762170384929802,2.3679587593499245
1628,50,30,10,700,0,1.0,80476491.22917756,29606500.0000002,20413324.66040832,0.6707487976389173,0.6894879388110106,95.528518733589,0.5531411981304319,2.1047315491792404
1629,50,30,10,700,0,1.0,85462761.74839209,31779000.000000186,21462121.887941137,0.7052105764543527,0.6753554828012528,89.9549680202634,0.6069860518576354,2.1472704380986376
1630,50,25,10,700,0,1.0,93172881.35659778,30565333.33333354,25997668.467510898,0.8542412936692754,0.8505606068152608,82.5111329398166,0.6871617647850964,2.367610250237305
1631,50,25,10,700,0,0.9843528859585708,91488339.9150588,30158333.3333335,25434955.221274316,0.8357514474728485,0.8433806649773146,84.03038034286818,0.6699807227353743,2.329038140675797
1632,50,25,10,700,0,0.9867002007296374,84111332.09634072,29489166.666666724,22261174.766393453,0.7314661603138163,0.7548933144847568,91.40028826549116,0.5925392652181926,2.1831541175356355
1633,50,25,10,700,0,0.9662118315556412,107489563.9718925,36230333.33333377,29374043.584784772,0.965183513418604,0.8107583033954353,71.52136185062847,0.8252881362929781,2.4401066105649676
1634,50,25,10,700,0,1.0,108243914.74050337,37805166.66666705,28738425.446804352,0.9442981305179566,0.7601719019041681,71.02293018901072,0.8321725206131073,2.4403100421364416
1635,50,25,10,700,0,1.0,93373359.96671717,31009000.00000015,25812724.564852506,0.848164336465956,0.8324268620352924,82.33397622984016,0.6891936850026085,2.3551351746308424
1636,50,25,10,700,0,0.9674819488875299,89308471.56633225,28319499.999999948,25543128.957051583,0.8393058612891062,0.9019625684440625,86.08141943499756,0.6474651405043524,2.3365171441471326
1637,50,25,10,700,0,1.0,94440753.33691184,33036666.666666918,25041255.898931444,0.8228151251693625,0.7579837321843785,81.40341672809645,0.6999659330916483,2.306352918839151
1638,50,25,10,700,0,0.9645730826463165,76635808.22917716,27993166.66666674,19566324.66040836,0.6429177489953802,0.6989678907498249,100.31602951207688,0.5107199790397792,2.0344673742859554
1639,50,25,10,700,0,1.0,78020352.41505808,29547833.33333331,19251121.88794124,0.632560696229016,0.6515239770972916,98.53582766586221,0.5261000924959317,2.047319274173765
1640,50,35,10,700,0,1.0,93169214.68993111,30565333.33333354,25997668.467510898,0.8542412936692754,0.8505606068152608,82.5143801585657,0.6871245763819915,2.3675730618342
1641,50,35,10,700,0,1.0,98791863.24839269,32336333.333333664,27612955.2212744,0.9073170011276638,0.8539296937791582,77.81814966553006,0.7430669273810877,2.426210682404414
1642,50,35,10,700,0,1.0,86002122.09634116,30053833.333333526,22825841.43306005,0.7500201927428395,0.7594985032323077,89.3908174892241,0.6127201588336272,2.220318961419473
1643,50,35,10,700,0,1.0,107515291.53665161,36930666.66666746,28942007.90791386,0.9509875205747571,0.7836849567093266,71.50424735051995,0.8255235764350204,2.452471541802482
1644,50,35,10,700,0,1.0,108287835.52354178,37174500.00000062,29163627.06533589,0.9582695672696242,0.7845062358696258,70.99412378898894,0.8325721481126097,2.4601771368083103
1645,50,35,10,700,0,1.0,98188436.28929816,33687500.000000335,26457244.81338692,0.8693422283062235,0.785372758838936,78.29638896935886,0.7371677386448071,2.3654659457159557
1646,50,35,10,700,0,1.0,92620104.06633246,29307666.666666683,26531295.6237183,0.8717754180399024,0.9052680967568765,83.00357765193363,0.6815450261342167,2.405759503539718
1647,50,35,10,700,0,1.0,100762162.22054136,35267833.33333374,26706054.280400064,0.8775177045511062,0.757235468025153,76.29649692484236,0.7621527515140041,2.3679411259341263
1648,50,35,10,700,0,1.0,80474657.89584422,29606500.0000002,20413324.66040832,0.6707487976389173,0.6894879388110106,95.53069501643702,0.5531211352992537,2.1047114863480623
1649,50,35,10,700,0,1.0,85460928.41505875,31779000.000000186,21462121.887941137,0.7052105764543527,0.6753554828012528,89.95689776107513,0.60696653007563,2.147250916316632
1650,50,30,8,700,0,1.0,93171048.02326445,30565333.33333354,25997668.467510898,0.8542412936692754,0.8505606068152608,82.51275651724328,0.6871431706978424,2.367591656150051
1651,50,30,8,700,0,1.0,98233970.7483926,32169500.000000305,27446121.887941018,0.9018351279099955,0.8531721626988531,78.26009619107039,0.7376137712842392,2.4201515014433217
1652,50,30,8,700,0,1.0,87809181.9296743,30081333.333333466,23689341.43305999,0.7783934046716395,0.7875096881696253,87.55120855307706,0.6317972083322876,2.261804958867988
1653,50,30,8,700,0,1.0,107656588.7474427,36993000.00000075,28970341.99484629,0.9519185327963471,0.7831303758777526,71.41039939538877,0.8268158151138938,2.453320115816096
1654,50,30,8,700,0,1.0,108069955.53665121,37066333.333334014,29125341.241247267,0.9570115570776899,0.785762675237549,71.13725514019235,0.8305883955876242,2.4591985357776633
1655,50,30,8,700,0,1.0,98190269.62263149,33687500.000000335,26457244.81338692,0.8693422283062235,0.785372758838936,78.29492707929248,0.7371856998335233,2.365483906904672
1656,50,30,8,700,0,1.0,92621937.39966577,29307666.666666683,26531295.6237183,0.8717754180399024,0.9052680967568765,83.00193470178634,0.6815636887980819,2.405778166203583
1657,50,30,8,700,0,1.0,100686716.4919001,34756333.333333924,26994360.74112464,0.8869909880607545,0.7766745842328262,76.35366677806458,0.7614268946960355,2.3827665620822964
1658,50,30,8,700,0,1.0,80627411.2291775,29595500.00000019,20493991.327074986,0.6733993737002065,0.6924698459926291,95.3497065427041,0.5547921301233496,2.108768006917453
1659,50,30,8,700,0,1.0,82737942.58172564,30966833.33333358,20649955.22127446,0.6785240947463709,0.666841035988212,92.91746640190213,0.577743985535913,2.1112168143264824
1660,50,30,10,600,0,1.0,86756387.92687045,30228000.000000127,23082049.744689945,0.8848452468829693,0.7635983109927831,75.95751918065952,0.7664708181063503,2.3773494669005766
1661,50,30,10,600,0,1.0,89901981.38570853,30717500.000000153,24305234.93689974,0.9317357793684329,0.7912504252266499,73.29983053129419,0.8011846435485616,2.4341849837298817
1662,50,30,10,600,0,1.0,97238741.64662501,34552833.33333377,25441308.59604177,0.975286910594637,0.7363016615919037,67.76928504430848,0.8785450570336878,2.467586386307211
1663,50,30,10,600,0,0.9880521282360762,105746313.55197047,40676166.66666728,25690453.823963497,0.9848378375334733,0.6315849287001751,62.31706599172701,0.9621183927243772,2.4554384639205935
1664,50,30,10,600,0,1.0,98776131.52469283,35152333.33333358,25809509.122185595,0.9894017959302916,0.7342189457936054,66.71449770588181,0.8941262495008248,2.4815014061357092
1665,50,30,10,600,0,1.0,79828302.72382331,28062833.333333336,21080889.40482657,0.8081312100203563,0.7512031716265251,82.54966941735307,0.686720559922398,2.287683097223618
1666,50,30,10,600,0,1.0,89929449.66597255,29817333.333333373,24892392.54887198,0.954244335925214,0.8348296029894897,73.27744164427423,0.8014836598748905,2.4693473422664822
1667,50,30,10,600,0,1.0,93736620.34124726,35425500.00000042,23175899.141652327,0.888442942657111,0.6542151597479796,70.30123313609874,0.8422425695015544,2.365614697299938
1668,50,30,10,600,0,1.0,81134420.28178832,30603833.333333608,20098737.895780344,0.7704806502082486,0.6567392286079684,81.22076890563753,0.7020999671405331,2.227491350026908
1669,50,30,10,600,0,1.0,80466052.24964026,30759666.66666668,19673219.90384268,0.754168512560428,0.6395784491761725,81.895405773799,0.6942498078537811,2.2059125671947193
1670,50,25,10,600,0,1.0,86758221.26020378,30228000.000000127,23082049.744689945,0.8848452468829693,0.7635983109927831,75.95591408260877,0.76649132272755,2.3773699715217766
1671,50,25,10,600,0,0.9904169295456463,89148497.02544896,30253666.6666668,24232247.45019429,0.9289378202873462,0.8009689442666186,73.91936173773999,0.7929545584779611,2.4241466434369023
1672,50,25,10,600,0,0.9831044639020409,88894784.93847354,31837666.66666695,23098808.6571362,0.88548769606686,0.7255182642300838,74.13033289366724,0.7901712789464007,2.3536903542325085
1673,50,25,10,600,0,0.9707800684258595,102440721.88530278,37574166.66666706,26053453.823963523,0.9987533618552433,0.6933874024430771,64.32793403562926,0.9304078561916996,2.4558978465720207
1674,50,25,10,600,0,1.0,96289836.76020414,33335500.00000023,25753216.411356576,0.9872438273719458,0.7725462768326978,68.43712921033338,0.8688204254068511,2.4868574468730094
1675,50,25,10,600,0,1.0,90378815.22382432,31207000.000000305,24225056.07149309,0.9286621403831488,0.7762699417275883,72.91310451105466,0.8063653038925455,2.4273812572746163
1676,50,25,10,600,0,1.0,93298464.49354301,30990666.66666676,25787857.732329093,0.9885717947122523,0.8321169082840753,70.6313875128788,0.8376207958094237,2.503314322436684
1677,50,25,10,600,0,0.9605481862135403,94124936.84124684,34890166.66666696,23705732.47498569,0.9087539857328256,0.6794387857606151,70.01120235665601,0.8463236964737452,2.3504229112957775
1678,50,25,10,600,0,0.943648637616025,80067763.11512148,29817333.33333355,20078571.229113676,0.769707565523706,0.6733858794363524,82.30278633518438,0.6895520427779269,2.171909383943034
1679,50,25,10,600,0,1.0,84612824.68773034,31863333.333333485,20992668.62911817,0.8047492861910021,0.6588346677199939,77.88181075764965,0.7422789379553231,2.2693466721313182
1680,50,35,10,600,0,1.0,86754554.5935371,30228000.000000127,23082049.744689945,0.8848452468829693,0.7635983109927831,75.95912434654947,0.7664503131670856,2.377328961961312
1681,50,35,10,600,0,1.0,89900148.0523752,30717500.000000153,24305234.93689974,0.9317357793684329,0.7912504252266499,73.30132533442357,0.8011646835753248,2.434165023756645
1682,50,35,10,600,0,1.0,96665725.97370142,34169666.66666708,25406771.420383632,0.9739629356418106,0.7435475349593692,68.17100822056415,0.8726825064414218,2.467520534408917
1683,50,35,10,600,0,1.0,101781858.55197044,37642000.000000685,25690453.82396341,0.98483783753347,0.6824943898826561,64.74434731052988,0.923972975395626,2.469968487301751
1684,50,35,10,600,0,1.0,98774298.19135948,35152333.33333358,25809509.122185595,0.9894017959302916,0.7342189457936054,66.7157359825864,0.8941077967628102,2.4814829533976948
1685,50,35,10,600,0,1.0,79826469.39048997,28062833.333333336,21080889.40482657,0.8081312100203563,0.7512031716265251,82.55156529301631,0.6866988613185986,2.2876613986198184
1686,50,35,10,600,0,1.0,89927616.33263922,29817333.333333373,24892392.54887198,0.954244335925214,0.8348296029894897,73.2789355343808,0.801463704648148,2.4693273870397396
1687,50,35,10,600,0,1.0,93734787.00791395,35425500.00000042,23175899.141652327,0.888442942657111,0.6542151597479796,70.30260813889329,0.8422232682912696,2.3655953960896534
1688,50,35,10,600,0,1.0,81132586.948455,30603833.333333608,20098737.895780344,0.7704806502082486,0.6567392286079684,81.22260423159709,0.7020784910973993,2.227469873983774
1689,50,35,10,600,0,1.0,80464218.91630691,30759666.66666668,19673219.90384268,0.754168512560428,0.6395784491761725,81.89727171594414,0.694228217689904,2.205890977030842
1690,50,30,8,600,0,1.0,86756387.92687045,30228000.000000127,23082049.744689945,0.8848452468829693,0.7635983109927831,75.95751918065952,0.7664708181063503,2.3773494669005766
1691,50,30,8,600,0,1.0,90830429.50226536,30215166.666666735,25078536.767007314,0.9613801331561203,0.8299982933628451,72.55057623431856,0.8112522231459437,2.47525085783622
1692,50,30,8,600,0,1.0,97238741.64662501,34552833.33333377,25441308.59604177,0.975286910594637,0.7363016615919037,67.76928504430848,0.8785450570336878,2.467586386307211
1693,50,30,8,600,0,0.9880521282360762,101483623.45773372,39229666.666667275,24532054.070797775,0.9404308404549362,0.6253444435112218,64.93461482230721,0.9210475822580901,2.4093752653031437
1694,50,30,8,600,0,1.0,97728198.5382875,34354833.333333805,25806386.63004004,0.9892820958878784,0.7511719349545096,67.42987283673584,0.8835289556645262,2.484466503628134
1695,50,30,8,600,0,1.0,79828302.72382331,28062833.333333336,21080889.40482657,0.8081312100203563,0.7512031716265251,82.54966941735307,0.686720559922398,2.287683097223618
1696,50,30,8,600,0,1.0,89929449.66597255,29817333.333333373,24892392.54887198,0.954244335925214,0.8348296029894897,73.27744164427423,0.8014836598748905,2.4693473422664822
1697,50,30,8,600,0,1.0,96747102.4750516,35456666.66666729,24625278.57900556,0.9440045812575544,0.6945175870735675,68.11366781448909,0.8735169045722125,2.4291309742310667
1698,50,30,8,600,0,1.0,81451335.86758813,30563500.000000257,20279114.13742661,0.7773953333424027,0.6635075870704088,80.90475042315757,0.7058076655154576,2.2366137351717845
1699,50,30,8,600,0,1.0,80466052.24964026,30759666.66666668,19673219.90384268,0.754168512560428,0.6395784491761725,81.895405773799,0.6942498078537811,2.2059125671947193
1700,50,30,10,500,0,1.0,90800635.21172066,35460333.333333544,21720810.091940656,0.9991949128030694,0.612538237803946,60.48195573956857,0.991999579429575,2.482030169672732
1701,50,30,10,500,0,1.0,80692689.78164701,28777833.333333388,21047017.788342226,0.9681992989566403,0.7313621405946308,68.05820967005454,0.8743246716028725,2.459414384078577
1702,50,30,10,500,0,1.0,91252384.58585557,35808666.66666711,21719261.063536856,0.9991236548115713,0.6065364361570733,60.18253687204189,0.9969623418473615,2.4821914907730203
1703,50,30,10,500,0,0.9672381372702878,95926847.91122529,39358000.000000544,21738311.32807373,0.9999999999999976,0.5523225602945634,57.2498744572775,0.9541645742879583,2.3632607597938966
1704,50,30,10,500,0,1.0,90491711.24455763,35196333.333333656,21738311.328073695,0.999999999999996,0.6176299991876094,60.68843128801245,0.9885917188380317,2.4826957181881193
1705,50,30,10,500,0,1.0,80463460.10083318,29701833.333333444,20346200.960224148,0.9359605101408313,0.6850149865123052,68.25209844465952,0.871503869420137,2.419515858629981
1706,50,30,10,500,0,1.0,79524360.3609102,29085833.333333336,20280508.55421024,0.9329385455998657,0.6972641396170037,69.05808453002618,0.8598751493048579,2.417686460998461
1707,50,30,10,500,0,1.0,96080374.31951913,39556000.000000395,21687036.759159308,0.997641280955975,0.5482616229942131,57.15839513423209,0.9526399189038681,2.3912492172992383
1708,50,30,10,500,0,1.0,72749498.60088642,29630333.333333448,16627029.413154058,0.7648721725537717,0.5611489154072064,75.48918007158726,0.7724770331571369,2.221396165482902
1709,50,30,10,500,0,1.0,77862260.10088634,31505833.33333344,17926862.746487405,0.824666758881859,0.569001383230217,70.53224492692942,0.8390060047999522,2.294207111384126
1710,50,25,10,500,0,0.9532857919302692,87172428.21172002,33060500.000000037,21478810.0919407,0.9880624933456561,0.6496819495150007,62.999277554386715,0.9512408780950848,2.4242722296373547
1711,50,25,10,500,0,0.9817552618381776,77988156.44831347,27971166.666666664,20240351.121675592,0.9310912340985907,0.7236148339066633,70.41838466382625,0.8405996738590457,2.4012468028225538
1712,50,25,10,500,0,0.963342316316434,83240880.36679997,30911833.333333515,20929571.839986555,0.9627965817637921,0.6770731329421775,65.97479478593267,0.9052176082337916,2.4102184309039676
1713,50,25,10,500,0,0.9511836812583156,90967622.57789133,35559333.33333376,21738311.32807367,0.9999999999999948,0.6113250528152029,60.37093027574319,0.9938368990395106,2.4340806225499882
1714,50,25,10,500,0,1.0,90493544.57789096,35196333.333333656,21738311.328073695,0.999999999999996,0.6176299991876094,60.68720178457609,0.9886119769941843,2.482715976344272
1715,50,25,10,500,0,1.0,86104731.57789049,31835833.333333552,21738311.328073625,0.9999999999999928,0.6828252648663239,63.780467105133575,0.9389361639623084,2.4851963758553675
1716,50,25,10,500,0,0.9952544303633619,79078453.36091015,28742999.99999999,20280508.55421024,0.9329385455998657,0.705580786772788,69.44748874811317,0.8543125694277406,2.414031629209333
1717,50,25,10,500,0,1.0,92266586.62784779,36974666.666667044,21470150.62364383,0.9876641427945861,0.5806719183488771,59.52100539007554,0.992016756501259,2.4565542911803604
1718,50,25,10,500,0,1.0,78854713.10088685,30981500.00000026,18744529.41315398,0.862280842806152,0.6050233014267813,69.64453720063355,0.8515114886876499,2.335530129829075
1719,50,25,10,500,0,1.0,79986210.54037854,31031000.000000045,19265198.246483702,0.886232511612059,0.6208371707803059,68.65933468904163,0.8656087651727858,2.3622785017970305
1720,50,35,10,500,0,1.0,90798801.87838735,35460333.333333544,21720810.091940656,0.9991949128030694,0.612538237803946,60.48317694054509,0.991979389120794,2.4820099793639505
1721,50,35,10,500,0,1.0,80690856.44831367,28777833.333333388,21047017.788342226,0.9681992989566403,0.7313621405946308,68.05975598384879,0.8743021388882233,2.459391851363928
1722,50,35,10,500,0,1.0,91250551.25252225,35808666.66666711,21719261.063536856,0.9991236548115713,0.6065364361570733,60.18374601159685,0.9969422509397625,2.482171399865421
1723,50,35,10,500,0,1.0,95125307.24455911,38745666.66666735,21738311.328073677,0.9999999999999951,0.5610514206682887,57.73227082337876,0.9622045137229793,2.41104565025761
1724,50,35,10,500,0,1.0,90489877.91122429,35196333.333333656,21738311.328073695,0.999999999999996,0.6176299991876094,60.68966084126854,0.9885714602761598,2.4826754596262472
1725,50,35,10,500,0,1.0,80461626.76749983,29701833.333333444,20346200.960224148,0.9359605101408313,0.6850149865123052,68.25365358158847,0.8714812812486848,2.419493270458529
1726,50,35,10,500,0,1.0,79522527.02757686,29085833.333333336,20280508.55421024,0.9329385455998657,0.6972641396170037,69.05967661333939,0.8598523330596264,2.4176636447532296
1727,50,35,10,500,0,1.0,96078540.9861858,39556000.000000395,21687036.759159308,0.997641280955975,0.5482616229942131,57.15948580848675,0.9526580968081125,2.391267395203483
1728,50,35,10,500,0,1.0,72747665.26755309,29630333.333333448,16627029.413154058,0.7648721725537717,0.5611489154072064,75.49108249456704,0.7724525405777788,2.221371672903544
1729,50,35,10,500,0,1.0,77860426.76755303,31505833.33333344,17926862.746487405,0.824666758881859,0.569001383230217,70.53390570790721,0.8389827817011407,2.2941838882853145
1730,50,30,8,500,0,1.0,90800635.21172066,35460333.333333544,21720810.091940656,0.9991949128030694,0.612538237803946,60.48195573956857,0.991999579429575,2.482030169672732
1731,50,30,8,500,0,1.0,79749642.15874186,27989500.00000007,21089241.17068876,0.9701416477301628,0.7534697358183857,68.86300491566543,0.8626754343678423,2.465451223022551
1732,50,30,8,500,0,1.0,91252384.58585557,35808666.66666711,21719261.063536856,0.9991236548115713,0.6065364361570733,60.18253687204189,0.9969623418473615,2.4821914907730203
1733,50,30,8,500,0,0.9672381372702878,95749667.24455853,39222333.33333386,21738311.32807371,0.9999999999999967,0.554232996372987,57.35581290296442,0.955930215049407,2.3665547494180843
1734,50,30,8,500,0,1.0,89648905.91122457,34551000.00000041,21738311.328073654,0.9999999999999941,0.6291659091798615,61.25897404077961,0.9792357086913737,2.4825684360352627
1735,50,30,8,500,0,1.0,80463460.10083318,29701833.333333444,20346200.960224148,0.9359605101408313,0.6850149865123052,68.25209844465952,0.871503869420137,2.419515858629981
1736,50,30,8,500,0,1.0,79524360.3609102,29085833.333333336,20280508.55421024,0.9329385455998657,0.6972641396170037,69.05808453002618,0.8598751493048579,2.417686460998461
1737,50,30,8,500,0,1.0,94504902.98618603,38349666.66666714,21687036.75915928,0.9976412809559737,0.5655078295115737,58.11127070097884,0.9685211783496473,2.420927441958906
1738,50,30,8,500,0,1.0,72708794.9342197,29599166.666666776,16627029.413154058,0.7648721725537717,0.5617397814067061,75.53144024692584,0.771933141139951,2.221324966265316
1739,50,30,8,500,0,1.0,78162492.2675537,31531500.000000305,18057029.41315403,0.8306546511657698,0.5726663626263848,70.26132151980676,0.8428030102526695,2.3009361003537774
1740,50,30,10,400,0,1.0,76999208.7004477,31942166.6666668,17227544.672416076,0.9906211441874804,0.5393355075813894,57.06292407618539,0.9510487346030898,2.3825171406682015
1741,50,30,10,400,0,1.0,72563897.5956449,28290166.666666627,17390649.062459063,1.0000000000000033,0.6147241643135986,60.5507717416726,0.990862474227089,2.482641805677968
1742,50,30,10,400,0,1.0,81971132.40201838,35517166.66666714,17375408.85082962,0.9991236548115799,0.4892115695460708,53.60179701374738,0.8933632835624563,2.2847325391993127
1743,50,30,10,400,0,0.9960791583652333,85665689.59564838,38322166.66666743,17390649.06245897,0.9999999999999979,0.453801300268999,51.29007915233306,0.8548346525388842,2.2139548511193166
1744,50,30,10,400,0,1.0,85313621.7353509,38076500.00000023,17375408.85082965,0.9991236548115817,0.45632893913121075,51.50174040940249,0.8583623401567081,2.223425491461677
1745,50,30,10,400,0,1.0,77879317.59564625,32360166.666666936,17390649.06245897,0.9999999999999979,0.5374091314669422,56.41805983474141,0.9403009972456903,2.370228302419244
1746,50,30,10,400,0,1.0,77216087.2623124,31852333.33333347,17390649.062458992,0.9999999999999991,0.5459772406770488,56.9026501572623,0.9483775026210384,2.385159295162677
1747,50,30,10,400,0,1.0,84895423.02534787,38142500.00000036,17129242.569715094,0.9849685602989822,0.44908547079281463,51.755440322007814,0.8625906720334636,2.2218590486677154
1748,50,30,10,400,0,1.0,79311128.92897984,33456500.000000328,17390649.062459007,1.0,0.5197988152514111,55.39953924920781,0.9233256541534636,2.3391647063545924
1749,50,30,10,400,0,1.0,72362496.34737538,30053833.33333328,16168223.530523278,0.9297078833834578,0.5379754173518622,60.71929827997656,0.9880832687579305,2.41846360263942
1750,50,25,10,400,0,0.9673091602580779,75789509.36711405,31014500.000000052,17227544.67241608,0.9906211441874807,0.5554674320855101,57.97372270503866,0.9662287117506444,2.3779118176771306
1751,50,25,10,400,0,1.0,72565730.92897823,28290166.666666627,17390649.062459063,1.0000000000000033,0.6147241643135986,60.54924195968361,0.9908877379419313,2.4826670693928103
1752,50,25,10,400,0,0.9308178173227633,75604471.91645515,31212500.000000186,17011036.39976634,0.9781714494192094,0.5450071734006005,58.115609945073885,0.9685934990845647,2.335417055127808
1753,50,25,10,400,0,0.9470343460864287,82868547.26231354,36179000.000000395,17390649.06245902,1.0000000000000007,0.48068351978934826,53.02132286803326,0.883688714467221,2.215269876385128
1754,50,25,10,400,0,1.0,85315455.06868424,38076500.00000023,17375408.85082965,0.9991236548115817,0.45632893913121075,51.500633694829595,0.8583438949138266,2.2234070462187954
1755,50,25,10,400,0,0.9802501686550115,73097871.79333067,28730166.666666705,17369907.6590193,0.9988073243635004,0.6045877791294612,60.108453121899004,0.9981940806066825,2.462114472565263
1756,50,25,10,400,0,1.0,75369394.4020168,30460833.333333425,17375408.85082957,0.9991236548115772,0.5704180401333796,58.296872820334436,0.9716145470055739,2.4279489791122777
1757,50,25,10,400,0,1.0,82553204.02534722,36347666.666666865,17129242.56971509,0.984968560298982,0.4712611328480048,53.223857897155916,0.8870642982859319,2.264073204564336
1758,50,25,10,400,0,1.0,78312130.92897967,32690166.666666966,17390649.062459007,1.0,0.5319841051832768,56.1062500519196,0.9351041675319933,2.3606914516786146
1759,50,25,10,400,0,1.0,70926473.01100172,30283000.000000037,15320420.535709238,0.8809573743156748,0.5059082830535027,61.94866054200183,0.9680440604960738,2.372770686938876
1760,50,35,10,400,0,1.0,76997375.36711437,31942166.6666668,17227544.672416076,0.9906211441874804,0.5393355075813894,57.064282763547226,0.9510713793924538,2.382539785457565
1761,50,35,10,400,0,1.0,72562064.26231156,28290166.666666627,17390649.062459063,1.0000000000000033,0.6147241643135986,60.55230160096371,0.9908372098798077,2.4826165413306867
1762,50,35,10,400,0,1.0,86513743.73535289,38996833.333334066,17375408.8508296,0.9991236548115789,0.44555948177405713,50.7873062740264,0.8464551045671066,2.2029026899863524
1763,50,35,10,400,0,1.0,85558505.59564836,38241500.00000076,17390649.06245899,0.9999999999999988,0.45475854928438064,51.35433314795385,0.8559055524658975,2.219712391893402
1764,50,35,10,400,0,1.0,85311788.40201756,38076500.00000023,17375408.85082965,0.9991236548115817,0.45632893913121075,51.50284717154153,0.8583807861923589,2.2234439374973274
1765,50,35,10,400,0,1.0,77877484.26231292,32360166.666666936,17390649.06245897,0.9999999999999979,0.5374091314669422,56.419387986397524,0.9403231331066254,2.3702504382801792
1766,50,35,10,400,0,1.0,77214253.92897905,31852333.33333347,17390649.062458992,0.9999999999999991,0.5459772406770488,56.90400122290084,0.9484000203816806,2.3851818129233195
1767,50,35,10,400,0,1.0,84893589.69201453,38142500.00000036,17129242.569715094,0.9849685602989822,0.44908547079281463,51.75655801504293,0.8626093002507155,2.2218776768849673
1768,50,35,10,400,0,1.0,79309295.59564652,33456500.000000328,17390649.062459007,1.0,0.5197988152514111,55.40081987868754,0.9233469979781257,2.3391860501792543
1769,50,35,10,400,0,1.0,72360663.01404203,30053833.33333328,16168223.530523278,0.9297078833834578,0.5379754173518622,60.72083666711782,0.9880579348394576,2.4184382687209474
1770,50,30,8,400,0,1.0,76999208.7004477,31942166.6666668,17227544.672416076,0.9906211441874804,0.5393355075813894,57.06292407618539,0.9510487346030898,2.3825171406682015
1771,50,30,8,400,0,1.0,72563897.5956449,28290166.666666627,17390649.062459063,1.0000000000000033,0.6147241643135986,60.5507717416726,0.990862474227089,2.482641805677968
1772,50,30,8,400,0,1.0,82007047.40201847,35544666.66666715,17375408.850829605,0.999123654811579,0.4888330790600381,53.57832209786221,0.8929720349643702,2.284038498212401
1773,50,30,8,400,0,0.9960791583652333,85747096.9289816,38384500.000000745,17390649.062458977,0.9999999999999982,0.4530643635441035,51.241384925708694,0.8540230820951449,2.212553731295661
1774,50,30,8,400,0,1.0,84308001.73535115,37306500.00000029,17375408.850829635,0.9991236548115808,0.46574749308644603,52.1160495986188,0.8686008266436467,2.2411988211128033
1775,50,30,8,400,0,1.0,77879317.59564625,32360166.666666936,17390649.06245897,0.9999999999999979,0.5374091314669422,56.41805983474141,0.9403009972456903,2.370228302419244
1776,50,30,8,400,0,1.0,77216087.2623124,31852333.33333347,17390649.062458992,0.9999999999999991,0.5459772406770488,56.9026501572623,0.9483775026210384,2.385159295162677
1777,50,30,8,400,0,1.0,83573982.02534816,36751000.00000045,17371242.569715086,0.9988840846207508,0.4726740107674587,52.57377826830546,0.876229637805091,2.254368846419058
1778,50,30,8,400,0,1.0,79100427.59564649,33295166.666666992,17390649.062459007,1.0,0.5223175254403943,55.54710806951219,0.9257851344918698,2.3436391548441855
1779,50,30,8,400,0,1.0,72430155.51404235,30074000.00000004,16188390.19718997,0.9308675104102733,0.5382852363234005,60.66257857403268,0.9890177736028712,2.419645962661592
1780,50,30,10,300,0,1.0,63004801.88484549,27809833.33333326,13031556.63812226,0.9991236548115828,0.46859528001926043,52.310298602696456,0.871838310044941,2.2467145340603496
1781,50,30,10,300,0,1.0,67077039.94673458,30910000.000000104,13042986.796844274,1.0000000000000009,0.42196657382220093,49.13454741916418,0.8189091236527363,2.156482382710497
1782,50,30,10,300,0,1.0,75709134.55151463,37537500.00000055,13031556.638122242,0.9991236548115813,0.3471610160005874,43.53239565507706,0.7255399275846177,2.0032687403850877
1783,50,30,10,300,0,1.0,76582543.2800705,38188333.33333416,13042986.796844313,1.0000000000000038,0.3415437558637637,43.03591731012261,0.7172652885020435,1.9905002931930547
1784,50,30,10,300,0,1.0,73432746.25813158,35788500.00000038,13035366.158189321,0.9994157290217615,0.3642333754750599,44.881884008730495,0.7480314001455083,2.0394181005255563
1785,50,30,10,300,0,1.0,66744227.61340093,30655166.66666673,13042986.796844313,1.0000000000000038,0.42547433973101717,49.37955112897686,0.822992518816281,2.163371990601095
1786,50,30,10,300,0,1.0,65956491.946734235,30052000.000000056,13042986.796844296,1.0000000000000024,0.4340139357395272,49.96930404760843,0.8328217341268072,2.1800328827184288
1787,50,30,10,300,0,0.9920031024207044,77145017.30680126,38639333.333333746,13030038.054400448,0.9990072256726542,0.3372221239427951,42.72213702270355,0.7120356170450591,1.9738164186199998
1788,50,30,10,300,0,1.0,59440125.49383347,27144333.333333403,11716020.576134637,0.8982620897055048,0.43161938929431337,55.447393029846786,0.924123217164113,2.2694187285995637
1789,50,30,10,300,0,1.0,65803254.61340067,29934666.666666653,13042986.79684429,1.000000000000002,0.43571511726129003,50.08566854881398,0.8347611424802329,2.183333236289265
1790,50,25,10,300,0,1.0,63006635.21817882,27809833.33333326,13031556.63812226,0.9991236548115828,0.46859528001926043,52.30877650563838,0.8718129417606396,2.246689165776048
1791,50,25,10,300,0,1.0,67078873.28006792,30910000.000000104,13042986.796844274,1.0000000000000009,0.42196657382220093,49.133204522374214,0.8188867420395702,2.156460001097331
1792,50,25,10,300,0,0.9765756182421972,70426674.21818055,33491333.333333675,13031556.638122242,0.9991236548115813,0.3891023539857707,46.79760952206364,0.7799601587010606,2.0678176601318743
1793,50,25,10,300,0,0.9479265184953534,75715233.61340289,37522833.333333895,13042986.79684429,1.000000000000002,0.34760133066117327,43.52888900572034,0.7254814834286722,1.9514890664529643
1794,50,25,10,300,0,1.0,73434579.5914649,35788500.00000038,13035366.158189321,0.9994157290217615,0.3642333754750599,44.880763508627226,0.7480127251437871,2.0393994255238352
1795,50,25,10,300,0,1.0,66746060.946734264,30655166.66666673,13042986.796844313,1.0000000000000038,0.42547433973101717,49.3781948065844,0.8229699134430734,2.163349385227887
1796,50,25,10,300,0,1.0,65958325.28006757,30052000.000000056,13042986.796844296,1.0000000000000024,0.4340139357395272,49.96791513437625,0.8327985855729375,2.1800097341645595
1797,50,25,10,300,0,1.0,77139861.94673519,38613666.666666985,13042986.796844285,1.0000000000000016,0.33778161782557586,42.724992200216,0.7120832033369333,1.9823084975973941
1798,50,25,10,300,0,1.0,57908041.82716661,26539333.33333335,11353020.576134631,0.870431041061966,0.4277809255244275,56.914374860692135,0.9485729143448689,2.290797654764411
1799,50,25,10,300,0,1.0,65805087.946733996,29934666.666666653,13042986.79684429,1.000000000000002,0.43571511726129003,50.084273159361004,0.8347378859893501,2.183309979798382
1800,50,35,10,300,0,1.0,63002968.55151216,27809833.33333326,13031556.63812226,0.9991236548115828,0.46859528001926043,52.31182078833802,0.8718636798056336,2.246739903821042
1801,50,35,10,300,0,1.0,67075206.61340124,30910000.000000104,13042986.796844274,1.0000000000000009,0.42196657382220093,49.1358903893636,0.8189315064893934,2.156504765547154
1802,50,35,10,300,0,1.0,71107786.88484742,34015666.66666705,13031556.638122242,0.9991236548115813,0.3831045490251186,46.34935419010084,0.7724892365016807,2.0789728757217754
1803,50,35,10,300,0,1.0,77210419.61340357,38670500.000000805,13042986.796844313,1.0000000000000038,0.337285186300773,42.685948561116945,0.7114324760186157,1.9812606250592342
1804,50,35,10,300,0,1.0,73430912.92479825,35788500.00000038,13035366.158189321,0.9994157290217615,0.3642333754750599,44.88300456478432,0.7480500760797387,2.0394367764597865
1805,50,35,10,300,0,1.0,66742394.28006759,30655166.66666673,13042986.796844313,1.0000000000000038,0.42547433973101717,49.3809075258824,0.8230151254313733,2.163394597216187
1806,50,35,10,300,0,1.0,65954658.61340089,30052000.000000056,13042986.796844296,1.0000000000000024,0.4340139357395272,49.970693038055515,0.8328448839675919,2.1800560325592135
1807,50,35,10,300,0,1.0,78065196.61340216,39325000.00000047,13042986.796844285,1.0000000000000016,0.33167162865465044,42.218557602840654,0.7036426267140109,1.9689799296377313
1808,50,35,10,300,0,1.0,59438292.16050014,27144333.333333403,11716020.576134637,0.8982620897055048,0.43161938929431337,55.449103266635106,0.9241517211105851,2.2694472325460358
1809,50,35,10,300,0,1.0,65801421.28006733,29934666.666666653,13042986.79684429,1.000000000000002,0.43571511726129003,50.08706401602254,0.8347844002670423,2.183356494076074
1810,50,30,8,300,0,1.0,63004801.88484549,27809833.33333326,13031556.63812226,0.9991236548115828,0.46859528001926043,52.310298602696456,0.871838310044941,2.2467145340603496
1811,50,30,8,300,0,1.0,67053096.61340112,30891666.666666746,13042986.796844274,1.0000000000000009,0.4222169990885646,49.15209239331844,0.8192015398886406,2.1569751391594925
1812,50,30,8,300,0,1.0,75709134.55151463,37537500.00000055,13031556.638122242,0.9991236548115813,0.3471610160005874,43.53239565507706,0.7255399275846177,2.0032687403850877
1813,50,30,8,300,0,1.0,74825102.6134038,36842666.6666674,13042986.79684434,1.000000000000006,0.3540185327747923,44.04671540550092,0.7341119234250153,2.017326749644849
1814,50,30,8,300,0,1.0,73418380.25813216,35777500.00000052,13035366.158189336,0.9994157290217627,0.36434536114007815,44.89066618484738,0.7481777697474564,2.039654058659519
1815,50,30,8,300,0,1.0,66744227.61340093,30655166.66666673,13042986.796844313,1.0000000000000038,0.42547433973101717,49.37955112897686,0.822992518816281,2.163371990601095
1816,50,30,8,300,0,1.0,65956491.946734235,30052000.000000056,13042986.796844296,1.0000000000000024,0.4340139357395272,49.96930404760843,0.8328217341268072,2.1800328827184288
1817,50,30,8,300,0,0.9920031024207044,77212252.94673584,38670500.00000051,13042986.796844283,1.0000000000000013,0.3372851863007748,42.68493502285935,0.7114155837143225,1.973246835175647
1818,50,30,8,300,0,1.0,59425759.49383339,27133333.333333388,11716020.576134637,0.8982620897055048,0.4317943701278113,55.46079727162772,0.9243466211937953,2.269782117296044
1819,50,30,8,300,0,1.0,63956065.97240518,28964833.333333522,12759635.743812207,0.9782756007158872,0.4405216352178374,51.532250301668384,0.8588708383611398,2.2112881465354097
1820,50,30,10,200,0,1.0,59856684.96449005,32202500.00000011,8695324.531229502,0.9999999999999997,0.27002017021130253,36.71770331590939,0.6119617219318232,1.8279778581008652
1821,50,30,10,200,0,1.0,57723333.964490615,30569000.00000021,8695324.53122951,1.0000000000000009,0.2844490997817872,38.07472384308242,0.6345787307180403,1.86213801054347
1822,50,30,10,200,0,1.0,62616103.70101008,34327333.33333381,8687704.425414791,0.9991236548115777,0.2530841630211494,35.09959691031601,0.5849932818386001,1.7874606122555197
1823,50,30,10,200,0,0.9872933036347222,68220091.2978248,38606333.333334185,8695324.531229502,0.9999999999999997,0.2252305199810733,32.21631572442761,0.5369385954071269,1.7044163150267078
1824,50,30,10,200,0,1.0,64980558.29782379,36125833.333333775,8695324.531229498,0.9999999999999992,0.240695472710555,33.82242408455276,0.5637070680758793,1.7562634462443234
1825,50,30,10,200,0,1.0,54793854.71363924,28328666.666666653,8693565.664700937,0.999797722727628,0.3068822746582122,40.11033739980563,0.6685056233300938,1.9140114430566637
1826,50,30,10,200,0,1.0,56432788.29782322,29580833.3333334,8695324.531229513,1.000000000000001,0.293951303982742,38.94544406349625,0.6490907343916041,1.8842517775777978
1827,50,30,10,200,0,1.0,68594449.03734706,39103166.66666722,8561353.52400137,0.9845927536405371,0.21894271625063397,32.04049352161691,0.5340082253602818,1.709162398360789
1828,50,30,10,200,0,1.0,57603617.29782371,30477333.33333354,8695324.531229502,0.9999999999999997,0.2853046372570689,38.15385392616713,0.6358975654361189,1.8641412752417739
1829,50,30,10,200,0,1.0,57979527.63115627,30765166.666666664,8695324.531229498,0.9999999999999994,0.28263537868789373,37.906483370847184,0.6317747228474531,1.857883025797768
1830,50,25,10,200,0,1.0,59858518.297823384,32202500.00000011,8695324.531229502,0.9999999999999997,0.27002017021130253,36.716578734290486,0.6119429789048414,1.8279591150738834
1831,50,25,10,200,0,0.9839807746677963,56513634.63115691,29641333.333333466,8695324.53122951,1.0000000000000009,0.2933513291539789,38.889730139358555,0.6481621689893092,1.8668240069802886
1832,50,25,10,200,0,1.0,62623140.83875502,34327333.33333381,8690244.105459504,0.9994157290217572,0.25315814721386404,35.095652670296396,0.5849275445049399,1.7874540622760313
1833,50,25,10,200,0,0.9961162219177486,66181952.631157644,37044333.333333984,8695324.531229502,0.9999999999999999,0.2347275210215512,33.20844902006265,0.5534741503343775,1.737372389069367
1834,50,25,10,200,0,1.0,64982391.63115712,36125833.333333775,8695324.531229498,0.9999999999999992,0.240695472710555,33.82146986024781,0.5636911643374635,1.7562475425059074
1835,50,25,10,200,0,1.0,56633351.29782345,29733000.00000011,8695324.531229502,0.9999999999999997,0.2924469287064699,38.80752153341959,0.6467920255569931,1.8807495685221691
1836,50,25,10,200,0,1.0,54617322.63115616,28189333.33333331,8695324.53122951,1.0000000000000009,0.30846151728418025,40.23998054321097,0.6706663423868495,1.9174355562141938
1837,50,25,10,200,0,0.9711098498917704,69221508.36767644,39383666.66666719,8687704.425414799,0.9991236548115787,0.2205915589055027,31.750247167775978,0.5291707861295997,1.6767538831457722
1838,50,25,10,200,0,1.0,53610712.860423416,27773166.666666746,8469313.743495768,0.9740077800521404,0.30494591578786756,40.9955376963932,0.6832589616065533,1.9272156942368475
1839,50,25,10,200,0,1.0,57401932.297822855,30321499.999999978,8695324.531229496,0.9999999999999991,0.2867709226532164,38.28790969260382,0.6381318282100636,1.8675485663326368
1840,50,30,8,200,0,1.0,59856684.96449005,32202500.00000011,8695324.531229502,0.9999999999999997,0.27002017021130253,36.71770331590939,0.6119617219318232,1.8279778581008652
1841,50,30,8,200,0,1.0,57699390.63115714,30550666.666666828,8695324.53122951,1.0000000000000009,0.2846197965531401,38.09052359061152,0.6348420598435253,1.8625378970860376
1842,50,30,8,200,0,1.0,62616103.70101008,34327333.33333381,8687704.425414791,0.9991236548115777,0.2530841630211494,35.09959691031601,0.5849932818386001,1.7874606122555197
1843,50,30,8,200,0,0.9872933036347222,67523340.29782508,38072833.33333419,8695324.531229502,0.9999999999999997,0.22838658880731155,32.54874522359479,0.5424790870599132,1.7124816617404848
1844,50,30,8,200,0,1.0,64360425.964490645,35651000.000000484,8695324.531229502,0.9999999999999997,0.24390127994248081,34.14831345604494,0.5691385576007489,1.7642595815547337
1845,50,30,8,200,0,1.0,54793854.71363924,28328666.666666653,8693565.664700937,0.999797722727628,0.3068822746582122,40.11033739980563,0.6685056233300938,1.9140114430566637
1846,50,30,8,200,0,1.0,56432788.29782322,29580833.3333334,8695324.531229513,1.000000000000001,0.293951303982742,38.94544406349625,0.6490907343916041,1.8842517775777978
1847,50,30,8,200,0,1.0,68779117.70101047,39046333.33333413,8687704.425414786,0.9991236548115772,0.22249731751375562,31.954466318600524,0.5325744386433421,1.7105722926543465
1848,50,30,8,200,0,1.0,57589251.29782368,30466333.33333353,8695324.531229502,0.9999999999999997,0.28540764771702465,38.16337164437239,0.6360561940728732,1.864382312246493
1849,50,30,8,200,0,1.0,57969950.29782322,30757833.33333339,8695324.531229498,0.9999999999999994,0.28270276508085684,37.91274597802316,0.6318790996337194,1.858041311698405
1850,50,25,8,200,0,1.0,59858518.297823384,32202500.00000011,8695324.531229502,0.9999999999999997,0.27002017021130253,36.716578734290486,0.6119429789048414,1.8279591150738834
1851,50,25,8,200,0,0.9839807746677963,56489691.29782345,29623000.000000082,8695324.53122951,1.0000000000000009,0.2935328809110991,38.90621367379788,0.648436894563298,1.8672439739599738
1852,50,25,8,200,0,1.0,62623140.83875502,34327333.33333381,8690244.105459504,0.9994157290217572,0.25315814721386404,35.095652670296396,0.5849275445049399,1.7874540622760313
1853,50,25,8,200,0,0.9961162219177486,65564214.63115766,36571333.333333924,8695324.531229502,0.9999999999999999,0.23776339932632193,33.52133495938428,0.558688915989738,1.7450158573685441
1854,50,25,8,200,0,1.0,64362259.29782398,35651000.000000484,8695324.531229502,0.9999999999999997,0.24390127994248081,34.14734075493067,0.5691223459155111,1.764243369869496
1855,50,25,8,200,0,1.0,56633351.29782345,29733000.00000011,8695324.531229502,0.9999999999999997,0.2924469287064699,38.80752153341959,0.6467920255569931,1.8807495685221691
1856,50,25,8,200,0,1.0,54617322.63115616,28189333.33333331,8695324.53122951,1.0000000000000009,0.30846151728418025,40.23998054321097,0.6706663423868495,1.9174355562141938
1857,50,25,8,200,0,0.9713695899959341,68772621.29782425,39028000.00000063,8695324.531229516,1.0000000000000016,0.22279708238263235,31.957484803178957,0.5326247467196493,1.6822320026216895
1858,50,25,8,200,0,0.9752915589598539,58893601.96449126,31463666.666667074,8695324.531229498,0.9999999999999994,0.2763608139937935,37.318145378934716,0.621969089648912,1.8183492998038004
1859,50,25,8,200,0,1.0,56760250.96448961,29830166.666666664,8695324.531229498,0.9999999999999994,0.29149433284749215,38.72075902862004,0.6453459838103339,1.8785414500883277
1860,50,30,6,200,0,1.0,59856684.96449005,32202500.00000011,8695324.531229502,0.9999999999999997,0.27002017021130253,36.71770331590939,0.6119617219318232,1.8279778581008652
1861,50,30,6,200,0,1.0,56418422.29782382,29569833.33333353,8695324.531229513,1.000000000000001,0.29406065408652243,38.95536086419017,0.6492560144031695,1.8845045376723877
1862,50,30,6,200,0,1.0,62628075.367676824,34336500.000000484,8687704.425414791,0.9991236548115777,0.25301659823845374,35.09288744859488,0.5848814574765814,1.7872947360673446
1863,50,30,6,200,0,0.9872933036347222,67118697.96449193,37763000.00000084,8695324.531229502,0.9999999999999997,0.2302604276998466,32.74497370557919,0.5457495617596532,1.7172512075542525
1864,50,30,6,200,0,1.0,63812123.63115771,35231166.666667186,8695324.5312295,0.9999999999999996,0.24680773740758055,34.44173105260635,0.5740288508767725,1.7714750408028368
1865,50,30,6,200,0,1.0,54791460.38030588,28326833.333333302,8693565.664700937,0.999797722727628,0.3069021363030677,40.112090182395875,0.6685348363732646,1.9140565454157188
1866,50,30,6,200,0,1.0,56432788.29782322,29580833.3333334,8695324.531229513,1.000000000000001,0.293951303982742,38.94544406349625,0.6490907343916041,1.8842517775777978
1867,50,30,6,200,0,1.0,68788695.03434375,39053666.666667454,8687704.425414786,0.9991236548115772,0.22245553790291847,31.95001735245474,0.532500289207579,1.7104647195299139
1868,50,30,6,200,0,1.0,57421647.964490294,30338000.000000164,8695324.531229502,0.9999999999999997,0.28661495587149627,38.27476357625831,0.6379127262709718,1.867204690968169
1869,50,30,6,200,0,1.0,57701784.964490324,30552500.000000168,8695324.531229503,1.0,0.28460271765745704,38.08894302580979,0.6348157170968298,1.8624978912227954
1870,50,25,6,200,0,1.0,59858518.297823384,32202500.00000011,8695324.531229502,0.9999999999999997,0.27002017021130253,36.716578734290486,0.6119429789048414,1.8279591150738834
1871,50,25,6,200,0,0.9839807746677963,55208722.96449012,28642166.666666787,8695324.531229513,1.000000000000001,0.3035847333906121,39.80892659686423,0.6634821099477372,1.890330671328023
1872,50,25,6,200,0,0.9787987624282268,62066093.63115778,33892833.333333775,8695324.531229502,0.9999999999999997,0.25655348567974706,35.41063842459521,0.5901773070765869,1.7742188580486116
1873,50,25,6,200,0,0.9961162219177486,65159572.29782461,36261500.0000006,8695324.531229502,0.9999999999999997,0.23979494867088666,33.72950316424,0.5621583860706667,1.7501105669251247
1874,50,25,6,200,0,1.0,63813956.96449105,35231166.666667186,8695324.5312295,0.9999999999999996,0.24680773740758055,34.440741564152724,0.5740123594025454,1.7714585493286097
1875,50,25,6,200,0,1.0,56654900.297823735,29749500.000000168,8695324.531229502,0.9999999999999997,0.29228472852415843,38.79276088116995,0.6465460146861658,1.8803737975054924
1876,50,25,6,200,0,1.0,54617322.63115616,28189333.33333331,8695324.53122951,1.0000000000000009,0.30846151728418025,40.23998054321097,0.6706663423868495,1.9174355562141938
1877,50,25,6,200,0,0.9591306302689867,62761292.037346736,34635333.33333367,8561353.524001366,0.9845927536405367,0.24718553858298697,35.01839953664716,0.5836399922774527,1.740519053412829
1878,50,25,6,200,0,0.9752915589598539,58857686.96449111,31436166.66666702,8695324.5312295,0.9999999999999996,0.2766025712813607,37.340916936235274,0.6223486156039212,1.8189222315888638
1879,50,25,6,200,0,0.9657709202655226,56228708.96448994,29423166.666666746,8695324.531229503,1.0,0.2955264683009243,39.08679463702385,0.6514465772837308,1.853638672189993
1880,50,35,6,200,0,1.0,59854851.63115671,32202500.00000011,8695324.531229502,0.9999999999999997,0.27002017021130253,36.71882796641938,0.6119804661069898,1.827996602276032
1881,50,35,6,200,0,1.0,56416588.96449049,29569833.33333353,8695324.531229513,1.000000000000001,0.29406065408652243,38.95662677130889,0.6492771128551482,1.8845256361243663
1882,50,35,6,200,0,1.0,61467384.70101005,33449166.666667078,8687704.425414791,0.9991236548115777,0.2597285759609761,35.75554760773619,0.5959257934622698,1.8037086542310505
1883,50,35,6,200,0,1.0,67827981.63115865,38307500.000000894,8695324.531229502,0.9999999999999997,0.22698752284093973,32.402556395550775,0.5400426065925129,1.7216326248652645
1884,50,35,6,200,0,1.0,63810290.29782437,35231166.666667186,8695324.5312295,0.9999999999999996,0.24680773740758055,34.44272059791796,0.5740453432986327,1.771491533224697
1885,50,35,6,200,0,1.0,54789627.04697254,28326833.333333302,8693565.664700937,0.999797722727628,0.3069021363030677,40.113432385947256,0.6685572064324543,1.9140789154749085
1886,50,35,6,200,0,1.0,56430954.9644899,29580833.3333334,8695324.531229513,1.000000000000001,0.293951303982742,38.94670932616685,0.6491118221027807,1.8842728652889744
1887,50,35,6,200,0,1.0,67723777.70101069,38239666.6666675,8687704.425414784,0.9991236548115769,0.2271909036536562,32.45241294280606,0.5408735490467678,1.7226262719696928
1888,50,35,6,200,0,1.0,57419814.63115696,30338000.000000164,8695324.531229502,0.9999999999999997,0.28661495587149627,38.27598563523465,0.6379330939205775,1.8672250586177745
1889,50,35,6,200,0,1.0,57699951.631157,30552500.000000168,8695324.531229503,1.0,0.28460271765745704,38.09015324742881,0.6348358874571468,1.8625180615831125
1890,50,30,4,200,0,1.0,59066554.96449035,31597500.000000164,8695324.531229502,0.9999999999999997,0.2751902692057744,37.208873978197545,0.6201478996366258,1.8403001150012455
1891,50,30,4,200,0,1.0,56396873.29782378,29553333.333333522,8695324.53122951,1.0000000000000007,0.2942248318710621,38.97024553814773,0.6495040923024622,1.884883957799312
1892,50,30,4,200,0,1.0,61507527.36767668,33478500.000000365,8687704.42541479,0.9991236548115776,0.2595010058818255,35.73221187810231,0.5955368646350385,1.803137669340499
1893,50,30,4,200,0,0.9872933036347222,67118697.96449181,37763000.00000082,8695324.531229502,0.9999999999999997,0.23026042769984673,32.74497370557925,0.5457495617596542,1.7172512075542539
1894,50,30,4,200,0,1.0,62964529.63115779,34582166.66666716,8695324.5312295,0.9999999999999996,0.25143955308071236,34.905366765615064,0.5817561127602511,1.782907755224821
1895,50,30,4,200,0,1.0,55090752.04697279,28556000.000000037,8693565.664700937,0.9997977227276279,0.3044391954300646,39.89417312956736,0.6649028854927894,1.908454241836841
1896,50,30,4,200,0,1.0,56509406.96449009,29639500.000000097,8695324.531229513,1.000000000000001,0.2933694742228946,38.892639616286786,0.6482106602714465,1.882906239649762
1897,50,30,4,200,0,1.0,68618697.36767702,38923500.00000078,8687704.425414788,0.9991236548115774,0.22319946627139423,32.02917111969657,0.5338195186616095,1.712379091678725
1898,50,30,4,200,0,1.0,56155045.63115657,29368166.666666724,8695324.531229502,0.9999999999999997,0.2960799232012945,39.13806809873897,0.6523011349789828,1.8891650735400183
1899,50,30,4,200,0,1.0,56933203.96449041,29964000.00000019,8695324.531229498,0.9999999999999994,0.29019238189926055,38.603132213862075,0.6433855368977013,1.8755394424171097
1900,50,30,6,300,0,1.0,63004801.88484549,27809833.33333326,13031556.63812226,0.9991236548115828,0.46859528001926043,52.310298602696456,0.871838310044941,2.2467145340603496
1901,50,30,6,300,0,1.0,67053096.613401145,30891666.666666754,13042986.796844266,1.0000000000000002,0.4222169990885642,49.152092393318426,0.8192015398886404,2.156975139159492
1902,50,30,6,300,0,1.0,74861540.55151471,36888500.00000052,13031556.638122244,0.9991236548115815,0.3532688138070688,44.02527620617225,0.7337546034362041,2.016369654481859
1903,50,30,6,300,0,1.0,74906509.94673693,36905000.00000069,13042986.79684434,1.000000000000006,0.35342058791069225,43.9988460594882,0.73331410099147,2.0160505713200236
1904,50,30,6,300,0,1.0,73394436.92479914,35759166.66666726,13035366.158189336,0.9994157290217627,0.3645321570186419,44.905310785024724,0.7484218464170788,2.0400475720319924
1905,50,30,6,300,0,1.0,66744227.61340093,30655166.66666673,13042986.796844313,1.0000000000000038,0.42547433973101717,49.37955112897686,0.822992518816281,2.163371990601095
1906,50,30,6,300,0,1.0,66033110.61340131,30110666.666666813,13042986.796844296,1.0000000000000024,0.4331683167707202,49.91132432478689,0.8318554054131149,2.1783900588296907
1907,50,30,6,300,0,0.9920031024207044,77013523.28006917,38518333.33333381,13042986.79684428,1.000000000000001,0.33861763134898837,42.79508143023683,0.7132513571706138,1.976148564670509
1908,50,30,6,300,0,1.0,60727116.327166535,27085666.66666668,12381520.576134652,0.9492856788853261,0.4571244536274283,54.27229546425227,0.9045382577375378,2.2702378206394807
1909,50,30,6,300,0,1.0,64527074.946734466,28957500.000000134,13042986.796844333,1.0000000000000053,0.45041826113595007,51.076234320563934,0.8512705720093989,2.211605180918159
1910,50,25,6,300,0,1.0,63006635.21817882,27809833.33333326,13031556.63812226,0.9991236548115828,0.46859528001926043,52.30877650563838,0.8718129417606396,2.246689165776048
1911,50,25,6,300,0,1.0,67054929.946734466,30891666.666666754,13042986.796844266,1.0000000000000002,0.4222169990885642,49.15074853732665,0.8191791422887775,2.1569527415596292
1912,50,25,6,300,0,0.9573851405861751,68906272.55151373,32327166.666666962,13031556.638122246,0.9991236548115817,0.40311471687245903,47.830188427854495,0.7971698071309082,2.0770467212150505
1913,50,25,6,300,0,0.9479265184953534,74460602.9467365,36562166.66666725,13042986.796844315,1.000000000000004,0.3567345151001474,44.26233295958625,0.7377055493264375,1.9710196799019088
1914,50,25,6,300,0,1.0,73396270.25813247,35759166.66666726,13035366.158189336,0.9994157290217627,0.3645321570186419,44.904189114906934,0.7484031519151155,2.040028877530029
1915,50,25,6,300,0,1.0,66746060.946734264,30655166.66666673,13042986.796844313,1.0000000000000038,0.42547433973101717,49.3781948065844,0.8229699134430734,2.163349385227887
1916,50,25,6,300,0,1.0,66034943.94673463,30110666.666666813,13042986.796844296,1.0000000000000024,0.4331683167707202,49.90993863277103,0.8318323105461839,2.17836696396276
1917,50,25,6,300,0,1.0,76936343.61340253,38457833.333333835,13042986.79684429,1.000000000000002,0.3391503281995637,42.83801185771275,0.7139668642952125,1.9852871268548635
1918,50,25,6,300,0,1.0,67143520.2800679,30959500.000000108,13042986.796844326,1.0000000000000047,0.42129190706711284,49.08589818127818,0.818098303021303,2.1551318286749934
1919,50,25,6,300,0,0.9709505121555783,63264700.2800675,27989500.00000006,13042986.796844339,1.0000000000000058,0.4659957054196863,52.09540210274878,0.8682567017124796,2.212003778203807
1920,50,20,6,300,0,0.9831290946124036,60449317.34757661,26181833.33333318,12820242.23893477,0.9829222737568525,0.48966174659025075,54.521707516555225,0.9086951252759204,2.283553617160525
1921,50,20,6,300,0,0.9114948574308013,62289645.613400385,27241499.999999944,13042986.796844264,1.0,0.47879106498703417,52.91088057323886,0.881848009553981,2.1763757189744095
1922,50,20,6,300,0,0.9146828718022854,62101016.218178794,27114999.999999903,13031556.638122253,0.9991236548115823,0.48060323209007194,53.071595292755006,0.8845265882125835,2.1836920456869264
1923,50,20,6,300,0,0.980734727541325,73231748.94673571,35619833.333333716,13042986.79684428,1.000000000000001,0.36617203328232323,45.00507016973148,0.7500845028288581,2.023756856996042
1924,50,20,6,300,0,1.0,66974107.25813053,30840333.33333346,13035366.1581893,0.9994157290217599,0.4226726740368969,49.210062439464565,0.8201677073244095,2.158305846553927
1925,50,20,6,300,0,0.9646312983624767,62560205.28006703,27448666.666666597,13042986.796844307,1.0000000000000033,0.47517742683959174,52.682052196687884,0.8780342032781314,2.2228074431122815
1926,50,20,6,300,0,1.0,65023974.280067414,29335166.66666669,13042986.796844296,1.0000000000000024,0.4446194884471181,50.685920639124966,0.8447653439854161,2.200460934743111
1927,50,20,6,300,0,0.9747055794323749,74025235.7665886,36290833.33333382,13002557.71917344,0.9969003205860327,0.3582876590279437,44.5226545497551,0.7420442424959184,2.0033799491506485
1928,50,20,6,300,0,0.8446326348721714,58170525.72528426,25019499.99999986,12448946.831926916,0.9544552199453982,0.49756976885737075,56.657559114468434,0.9442926519078072,2.186981101865875
1929,50,20,6,300,0,0.9548262885475512,64310462.94673422,28788833.333333388,13042986.796844313,1.0000000000000038,0.45305715052170537,51.24827048329257,0.8541378413882096,2.171409850353125
1930,50,25,4,300,0,1.0,62822271.55151218,27668666.666666586,13031556.63812226,0.9991236548115828,0.47098607226425676,52.46228636125571,0.8743714393542618,2.2511602971656672
1931,50,25,4,300,0,1.0,67095633.61340116,30922833.33333343,13042986.79684427,1.0000000000000004,0.4217914528156938,49.120931162079714,0.8186821860346619,2.156115348287217
1932,50,25,4,300,0,0.9573851405861751,68980496.8848469,32384000.000000224,13031556.63812225,0.9991236548115818,0.40240725784715164,47.77872223074687,0.7963120371791146,2.0756229840430107
1933,50,25,4,300,0,0.9479265184953534,74532432.9467365,36617166.66666725,13042986.796844307,1.0000000000000033,0.35619868996356263,44.21967551167013,0.7369945918611689,1.9698800623273724
1934,50,25,4,300,0,1.0,72905431.92479892,35383333.33333387,13035366.158189336,0.9994157290217627,0.36840413070718236,45.20650811587782,0.753441801931297,2.0481651064970428
1935,50,25,4,300,0,1.0,65929593.28006796,30030000.00000015,13042986.796844332,1.000000000000005,0.43433189466680877,49.98969106330581,0.8331615177217635,2.1806270334552105
1936,50,25,4,300,0,1.0,65668610.94673465,29830166.666666828,13042986.79684432,1.0000000000000042,0.4372414992712383,50.18836172236536,0.8364726953727559,2.186265894789747
1937,50,25,4,300,0,1.0,76950709.61340253,38468833.33333384,13042986.79684429,1.000000000000002,0.3390533495993064,42.83001438918465,0.7138335731530775,1.9850762528325228
1938,50,25,4,300,0,1.0,64665385.28006728,29061999.999999963,13042986.796844315,1.000000000000004,0.4487986648146835,50.96698930541918,0.8494498217569864,2.208488753608733
1939,50,25,4,300,0,0.9709505121555783,63245545.61340049,27974833.333333302,13042986.796844332,1.000000000000005,0.46624001799871356,52.11117981566886,0.8685196635944811,2.2124621901490302
1940,50,25,8,300,0,1.0,63006635.21817882,27809833.33333326,13031556.63812226,0.9991236548115828,0.46859528001926043,52.30877650563838,0.8718129417606396,2.246689165776048
1941,50,25,8,300,0,1.0,67054929.94673444,30891666.666666746,13042986.796844274,1.0000000000000009,0.4222169990885646,49.15074853732666,0.8191791422887778,2.1569527415596292
1942,50,25,8,300,0,0.9765756182421972,70426674.21818055,33491333.333333675,13031556.638122242,0.9991236548115813,0.3891023539857707,46.79760952206364,0.7799601587010606,2.0678176601318743
1943,50,25,8,300,0,0.9479265184953534,74379195.61340328,36499833.33333393,13042986.796844315,1.000000000000004,0.3573437357296819,44.31077766866963,0.7385129611444938,1.9723144682235927
1944,50,25,8,300,0,1.0,73420213.5914655,35777500.00000052,13035366.158189336,0.9994157290217627,0.36434536114007815,44.889545246203284,0.7481590874367214,2.039635376348784
1945,50,25,8,300,0,1.0,66746060.946734264,30655166.66666673,13042986.796844313,1.0000000000000038,0.42547433973101717,49.3781948065844,0.8229699134430734,2.163349385227887
1946,50,25,8,300,0,1.0,65958325.28006757,30052000.000000056,13042986.796844296,1.0000000000000024,0.4340139357395272,49.96791513437625,0.8327985855729375,2.1800097341645595
1947,50,25,8,300,0,1.0,77135073.2800693,38610000.00000054,13042986.796844296,1.0000000000000024,0.3378136958519584,42.727644634928886,0.7121274105821481,1.9823783672637147
1948,50,25,8,300,0,1.0,67179435.280068,30987000.000000134,13042986.796844326,1.0000000000000047,0.42091802358551234,49.05965622157972,0.8176609370263287,2.1543953558947386
1949,50,25,8,300,0,0.9507216732573525,58680484.30573806,27391833.333333388,11186635.743812175,0.8576743899272189,0.40839310051580413,56.1651806216896,0.9360863436948267,2.2135224973648224
1950,50,25,6,400,0,0.9673091602580779,75789509.36711405,31014500.000000052,17227544.67241608,0.9906211441874807,0.5554674320855101,57.97372270503866,0.9662287117506444,2.3779118176771306
1951,50,25,6,400,0,1.0,72570519.59564483,28293833.333333276,17390649.062459078,1.0000000000000042,0.6146445007142586,60.54524653374102,0.9909537237818259,2.4826693243532327
1952,50,25,6,400,0,1.0,78850755.06868418,33126500.000000242,17375408.850829646,0.9991236548115814,0.5245168928449887,55.72299207753575,0.9287165346255958,2.3483300489015866
1953,50,25,6,400,0,0.9470343460864287,80605902.26231314,34446500.000000305,17390649.062459037,1.0000000000000016,0.5048596827677378,54.50965595176146,0.908494265862691,2.25941635816331
1954,50,25,6,400,0,1.0,83598718.06868468,36762000.00000036,17375408.850829627,0.9991236548115804,0.4726459074813519,52.558222201326764,0.8759703700221128,2.2540870960071944
1955,50,25,6,400,0,0.9802501686550115,73128998.12666395,28754000.000000026,17369907.659019314,0.9988073243635013,0.6040866543444147,60.082868801096744,0.9986198066591837,2.462139298789727
1956,50,25,6,400,0,1.0,75414886.73535013,30495666.66666675,17375408.850829575,0.9991236548115773,0.5697664865225505,58.26170654368219,0.9710284423947031,2.4268416316127435
1957,50,25,6,400,0,0.9788997761617803,79665813.13010462,34087166.666667074,17160878.540801823,0.9867876971795614,0.5034410371684833,55.1528921549367,0.919214869248945,2.300867475145512
1958,50,25,6,400,0,0.9558459692437191,62839270.380638584,27175500.00000006,13354189.383750707,0.7678948230045215,0.4914054712425044,69.92124468322558,0.8475935366798591,2.196563882917582
1959,50,25,6,400,0,0.9682862824150001,71772532.13230263,29311333.333333295,16352658.597187,0.9403132993171195,0.5578954191957726,61.218405836659684,0.9798980298111565,2.394500647582775
1960,50,20,6,400,0,0.8958431114802021,66948692.34737478,25848166.66666647,16204890.197189957,0.9318162961594841,0.6269260952300968,65.62936251543218,0.9104441618616554,2.3078281495259354
1961,50,20,6,400,0,0.9458695630748324,71071105.92897806,27144333.333333228,17390649.062459063,1.0000000000000033,0.6406732797192464,61.822592213363905,0.9700801937922394,2.428488380642469
1962,50,20,6,400,0,0.9861980587889885,58045046.22198145,22846999.99999972,13772424.380339628,0.7919442414642246,0.6028110640495381,75.69638213736289,0.7698139867590895,2.2382608967877085
1963,50,20,6,400,0,0.9392931597164649,83746706.5956476,36850000.000000566,17390649.062459044,1.000000000000002,0.47193077510064524,52.465346741508164,0.8744224456918027,2.191260225488784
1964,50,20,6,400,0,1.0,77346653.59564595,31949500.000000194,17390649.062459048,1.0000000000000024,0.5443167831252115,56.80659467143823,0.9467765778573038,2.3822300043574733
1965,50,20,6,400,0,0.9672269079520982,67927346.2623109,24737166.66666639,17390649.062458947,0.9999999999999964,0.7030170147130489,64.68381648581897,0.9249055931877488,2.454546112910286
1966,50,20,6,400,0,0.9726027209996673,69734866.33086208,27309333.333333332,16633338.375237724,0.9564529946811428,0.6090715643700954,63.00721907393213,0.9511149814599271,2.4109749539556704
1967,50,20,6,400,0,0.9905050201180752,74496686.83561069,30534166.666666735,16901853.832248475,0.9718932152299198,0.5535390573046075,58.979804158212424,0.9829967359702071,2.416333001931968
1968,50,20,6,400,0,0.9105048423073501,60820981.21397125,25470499.999999896,13455022.717084045,0.7736929581385922,0.5282590729308062,72.24151784961167,0.8154417422941661,2.148553842946161
1969,50,20,6,400,0,0.9435904942226786,68154608.67766799,28469833.333333276,15122420.535709247,0.8695719453251369,0.5311734831269102,64.46812747146919,0.9282364427606484,2.296765723484855
1970,50,25,4,400,0,0.9673091602580779,75775143.36711404,31003500.000000052,17227544.67241608,0.9906211441874807,0.5556645111815134,57.98471378289577,0.9664118963815961,2.378252665584885
1971,50,25,4,400,0,1.0,72558547.92897834,28284666.666666657,17390649.06245907,1.0000000000000036,0.6148436984394045,60.555236087424646,0.9907887510918747,2.4826637098433983
1972,50,25,4,400,0,0.9662689410500485,82291412.06868526,35761000.0000005,17375408.850829616,0.9991236548115798,0.48587592211709335,53.39317784865176,0.8898862974775293,2.2448559762212525
1973,50,25,4,400,0,0.9470343460864287,80565198.59564656,34415333.33333366,17390649.06245902,1.0000000000000009,0.5053168857619333,54.53719566996046,0.9089532611660077,2.2602411158619833
1974,50,25,4,400,0,1.0,83177416.26231377,36415500.000000454,17390649.062459048,1.0000000000000024,0.47756172680476255,52.8244347737783,0.8804072462296383,2.2624566276734486
1975,50,25,4,400,0,0.9802501686550115,73167307.45999718,28783333.333333336,17369907.659019317,0.9988073243635014,0.6034710246329814,60.05141028870341,0.9991435288359247,2.4621705171973214
1976,50,25,4,400,0,0.9980357316081276,78467762.59564611,32809333.333333574,17390649.062459014,1.0000000000000002,0.5300518875459895,55.994969840567315,0.9332494973427886,2.3553267389877077
1977,50,25,4,400,0,0.9788997761617803,79893330.69201417,33931333.33333367,17371242.56971504,0.9988840846207484,0.5119528430864746,54.99582958855397,0.9165971598092327,2.305059210440193
1978,50,25,4,400,0,0.9558459692437191,64980326.88063796,26614499.99999993,14756689.383750698,0.8485416116875012,0.5544605152736567,67.61738838388655,0.8807720090690023,2.2801863905316466
1979,50,25,4,400,0,0.9682862824150001,67148294.01876096,27063666.666666582,15528458.769527363,0.8929200234997823,0.57377512665914,65.43427594411244,0.9134092368005783,2.3407156205428903
1980,50,25,8,400,0,0.9673091602580779,75789509.36711405,31014500.000000052,17227544.67241608,0.9906211441874807,0.5554674320855101,57.97372270503866,0.9662287117506444,2.3779118176771306
1981,50,25,8,400,0,1.0,72565730.92897823,28290166.666666627,17390649.062459063,1.0000000000000033,0.6147241643135986,60.54924195968361,0.9908877379419313,2.4826670693928103
1982,50,25,8,400,0,1.0,78759770.4020178,33056833.333333686,17375408.850829624,0.99912365481158,0.5256223025243224,55.78736425426949,0.9297894042378249,2.350287246257283
1983,50,25,8,400,0,0.9470343460864287,81922785.59564653,35454833.333333656,17390649.06245902,1.0000000000000007,0.49050150367252776,53.63343016296911,0.8938905027161519,2.233326051740603
1984,50,25,8,400,0,1.0,84309835.06868447,37306500.00000029,17375408.850829635,0.9991236548115808,0.46574749308644603,52.114916325248586,0.8685819387541431,2.2411799332233002
1985,50,25,8,400,0,0.9802501686550115,73097871.79333067,28730166.666666705,17369907.6590193,0.9988073243635004,0.6045877791294612,60.108453121899004,0.9981940806066825,2.462114472565263
1986,50,25,8,400,0,1.0,75369394.4020168,30460833.333333425,17375408.85082957,0.9991236548115772,0.5704180401333796,58.296872820334436,0.9716145470055739,2.4279489791122777
1987,50,25,8,400,0,0.991937788300608,79384082.16894491,34277833.33333358,16901853.832248453,0.9718932152299186,0.4930840776278644,55.34862758316121,0.9224771263860202,2.3088821767889196
1988,50,25,8,400,0,1.0,77522000.92897944,32085166.666666914,17390649.062459007,1.0,0.5420152322451872,56.67810360087726,0.9446350600146209,2.378247245810771
1989,50,25,8,400,0,0.9775904226022676,69450273.01100172,29843000.000000037,14880420.535709247,0.8556564210033678,0.4986234807395111,63.26541004819335,0.9470309531940656,2.3235201603879423
1990,50,25,6,500,0,0.9532857919302692,87172428.21172002,33060500.000000037,21478810.0919407,0.9880624933456561,0.6496819495150007,62.999277554386715,0.9512408780950848,2.4242722296373547
1991,50,25,6,500,0,0.9817552618381776,79263093.82540826,27155333.333333317,21382574.5040221,0.983635489496727,0.7874171250836709,69.28571337496254,0.8566191231387275,2.4683080850438417
1992,50,25,6,500,0,0.963342316316434,84660338.7001332,30836666.666666828,21670238.50665316,0.9968685322243632,0.7027425739915591,64.86862779337498,0.9220610927014329,2.4475974682111143
1993,50,25,6,500,0,0.9511836812583156,91130437.24455807,35684000.00000045,21738311.3280737,0.9999999999999962,0.6091893097206992,60.26307089103699,0.995625083102042,2.4341602121369172
1994,50,25,6,500,0,1.0,93139282.91122513,37222166.666667186,21738311.32807371,0.9999999999999967,0.5840152058515331,58.96330558218341,0.9827217597030569,2.4499339243842835
1995,50,25,6,500,0,1.0,86080788.2445573,31817500.00000027,21738311.328073572,0.9999999999999905,0.6832187107118218,63.79820761396471,0.9386585849124665,2.4852335534819243
1996,50,25,6,500,0,0.9807026557937154,76482801.69424354,27969333.333333336,19506841.887543563,0.8973485379405528,0.6974367838898637,71.80437795616658,0.8214044724176356,2.3600565553232418
1997,50,25,6,500,0,0.961387096560632,91464806.12244578,36490666.66666715,21387341.20177837,0.9838547658556094,0.5861044249244945,60.04276653304241,0.9992874784134426,2.4295581149136702
1998,50,25,6,500,0,0.9285921149911674,72609559.14246461,28341500.000000037,17379320.063021585,0.7994788463893785,0.6132110178720803,75.63466938595147,0.7706061830810044,2.1897671123698363
1999,50,25,6,500,0,1.0,76634006.37371212,30031833.333333455,18266031.579817005,0.840269113094699,0.6082223278571159,71.66270249814136,0.823346311687698,2.309924173973391
2000,50,20,6,500,0,0.9244576159295698,70583341.77120654,26467833.33333317,17583789.541828737,0.8088847968204542,0.6643456349592467,77.80589388642832,0.7432187239524335,2.1991528478494007
2001,50,20,6,500,0,0.8750668229856129,70678345.10453951,24049666.666666377,19171456.20849533,0.8819202153819784,0.7971609949616306,77.70130995394902,0.7445153326084664,2.257310951563384
2002,50,20,6,500,0,0.9700156295676151,80953401.03346613,29164666.666666698,20925905.173319876,0.9626279087417094,0.7175088065462724,67.83902751324419,0.877524451955437,2.4215471267600703
2003,50,20,6,500,0,0.9216673795825888,93533786.9112253,37522833.33333391,21738311.328073725,0.9999999999999974,0.5793355511019528,58.714611921063046,0.9785768653510508,2.363712685815202
2004,50,20,6,500,0,0.9776179264430164,89437996.28166996,34629833.33333372,21583341.76752974,0.9928711316069936,0.623258609412775,61.40343286207461,0.9768808906767316,2.453105704649968
2005,50,20,6,500,0,1.0,81867672.32152015,29507500.00000004,21153592.315692123,0.9731019119398421,0.7168886661252933,67.081423524929,0.8886749681816503,2.462185901081885
2006,50,20,6,500,0,0.952241257184933,70320545.88694265,24036833.333333112,19005014.586111903,0.8742636122598915,0.7906621609659652,78.09666336819116,0.739625681822703,2.3243966677804084
2007,50,20,6,500,0,0.9499815604973882,83969943.93251023,30915500.000000305,21282154.351313952,0.9790159884143932,0.6883975465806389,65.40197292990888,0.9139011337291428,2.4146007314910425
2008,50,20,6,500,0,0.8875866798933527,69685136.93421876,25877499.999999825,17521696.079820726,0.8060283899417919,0.677101577811645,78.80877101790212,0.7308993498872185,2.160167292029887
2009,50,20,6,500,0,0.9606667059753671,62273026.937873356,24876499.999999896,14542289.541828793,0.6689705250033962,0.5845794039285612,88.1890646728782,0.6251161887346228,2.0534464178528387
2010,50,25,4,500,0,0.9532857919302692,86287798.33462538,32066833.333333414,21680420.042927448,0.9973369005405875,0.6761010611044869,63.6451515277133,0.9410560983848179,2.4352227391986765
2011,50,25,4,500,0,0.9817552618381776,79820983.51249178,27173666.666666694,21643163.256462313,0.9956230237861858,0.7964756292168506,68.80145744058073,0.8635608133105749,2.482496578522233
2012,50,25,4,500,0,0.963342316316434,84852495.2445568,30877000.000000104,21738311.328073613,0.9999999999999923,0.7040292556943207,64.72172661713556,0.9243213895592663,2.450887110431157
2013,50,25,4,500,0,0.9511836812583156,90455235.24455807,35167000.00000047,21738311.3280737,0.9999999999999962,0.6181451738298236,60.71290384854088,0.9881885782146953,2.43388839853687
2014,50,25,4,500,0,1.0,93160831.91122498,37238666.66666717,21738311.32807371,0.9999999999999967,0.5837564358213707,58.94966680024131,0.9824944466706885,2.449499595327785
2015,50,25,4,500,0,0.9869785421114716,85042764.53168344,31155666.666666903,21653553.212143634,0.9961009797563859,0.6950117114749634,64.5769223312817,0.9265548452367282,2.4695427565281705
2016,50,25,4,500,0,0.9743396425417392,76407366.55361006,27490833.333333347,19775014.586111844,0.9096849468971192,0.7193312165671648,71.87526867774932,0.8204345462574965,2.3702391620529673
2017,50,25,4,500,0,0.961387096560632,91782390.6995093,36334833.33333377,21641661.802264925,0.9955539542906426,0.5956174782398341,59.83500710915086,0.9972501184858477,2.435131197638347
2018,50,25,4,500,0,0.9285921149911674,71025596.93421882,26462333.333333183,17804029.413154054,0.8190162126421094,0.6728064826667145,77.32141984088207,0.7492441874189661,2.216081488543505
2019,50,25,4,500,0,1.0,73618386.53346598,28275500.00000001,17913738.50665331,0.8240630211013098,0.6335427669414617,74.59821192228246,0.784033498365082,2.2908677119182514
2020,50,25,8,500,0,0.9532857919302692,87172428.21172002,33060500.000000037,21478810.0919407,0.9880624933456561,0.6496819495150007,62.999277554386715,0.9512408780950848,2.4242722296373547
2021,50,25,8,500,0,0.9817552618381776,77045108.8254083,27182833.333333336,20282574.50402213,0.9330335828721134,0.7461538043258475,71.28031985060794,0.8286102900291568,2.407288595328012
2022,50,25,8,500,0,0.963342316316434,83234729.53346673,30910000.000000216,20927738.506653216,0.9627122452527507,0.6770539795099667,65.9796701542939,0.9051440567339674,2.4101295566583745
2023,50,25,8,500,0,0.9511836812583156,91001143.244558,35585000.00000043,21738311.32807365,0.999999999999994,0.6108841176921003,60.34869238116321,0.9942053146450304,2.434096290057026
2024,50,25,8,500,0,1.0,94164057.57789156,38006833.33333379,21738311.3280737,0.9999999999999962,0.5719579723314694,58.32161592502786,0.9720269320837976,2.4295933099489733
2025,50,25,8,500,0,1.0,86104731.57789049,31835833.333333552,21738311.328073625,0.9999999999999928,0.6828252648663239,63.780467105133575,0.9389361639623084,2.4851963758553675
2026,50,25,8,500,0,0.9952544303633619,79078453.36091015,28742999.99999999,20280508.55421024,0.9329385455998657,0.705580786772788,69.44748874811317,0.8543125694277406,2.414031629209333
2027,50,25,8,500,0,0.9723180521764377,89759219.89965281,35123000.00000048,21426670.847397517,0.9856639977239724,0.6100467171766998,61.18368682503715,0.9804652120801606,2.440820637997958
2028,50,25,8,500,0,0.9285921149911674,71104030.60088609,28369000.000000056,16627029.413154058,0.7648721725537717,0.5860985375992818,77.23612787615393,0.7503100199441702,2.1477809650147632
2029,50,25,8,500,0,1.0,77673497.20704539,30341666.666666772,18575864.913150337,0.8545219834606322,0.6122229578626841,70.70365307951997,0.8366125507523171,2.3263909170424646
2030,50,25,6,600,0,1.0,86758221.26020378,30228000.000000127,23082049.744689945,0.8848452468829693,0.7635983109927831,75.95591408260877,0.76649132272755,2.3773699715217766
2031,50,25,6,600,0,0.9904169295456463,92290734.56013468,29751333.33333339,26085973.59368828,0.9999999999999903,0.8768001521619723,71.40261729855695,0.8269230614143408,2.518780112689565
2032,50,25,6,600,0,0.9831044639020409,87127523.90295655,30301333.333333433,23215543.795163017,0.8899627116382572,0.7661558499679753,75.63396392786028,0.7706152436403859,2.366644387516807
2033,50,25,6,600,0,0.9707800684258595,98246560.87459959,36065333.33333367,24968229.481665038,0.9571515278887683,0.6923055237254097,67.07410357509735,0.8887833923984098,2.413407879804597
2034,50,25,6,600,0,1.0,95939698.5601358,32545333.333333716,26085973.593688253,0.9999999999999893,0.8015273135018214,68.68689498611943,0.8652112492315653,2.506433100033022
2035,50,25,6,600,0,1.0,90758348.22382426,31267500.000000287,24371722.73815972,0.9342845744525491,0.7794586307878627,72.60819669997215,0.8104735182692676,2.4340404228995576
2036,50,25,6,600,0,0.9677653589340051,91043474.80867273,29628500.000000127,25555549.28030182,0.9796663018352881,0.862532672268313,72.3808050368071,0.8135509280848298,2.471342424833485
2037,50,25,6,600,0,0.9905411877394635,99705493.52333087,35794000.00000048,25853194.821862124,0.9910764775180664,0.72227733200709,66.0926471263893,0.9034413197403044,2.47180437308544
2038,50,25,6,600,0,0.943648637616025,83540912.90682636,29619333.33333347,21899819.541317176,0.8395247147921598,0.7393758426247634,78.88111071218052,0.7300186636400307,2.2651679753558667
2039,50,25,6,600,0,0.972136911602731,80273487.8543967,29953000.000000056,20092501.962451532,0.7702415970900504,0.6708009869612892,82.09186091369102,0.6919803761752278,2.20075807734699
2040,50,20,6,600,0,0.9029678133405126,68712898.79796852,25103833.333333112,17540324.938003507,0.6724044580895906,0.6987110177597177,95.90339099759863,0.5496960169737334,2.0116326445220203
2041,50,20,6,600,0,0.9332009771431589,82273411.308672,26464166.666666575,23291382.613635257,0.8928699758889037,0.8801101847265926,80.09635063357833,0.7153815965222925,2.3526707214467253
2042,50,20,6,600,0,0.9298373856726967,87180701.52772318,30019000.00000008,23420556.789192628,0.8978218391994081,0.7801911052730793,75.58782946825066,0.7712080034638374,2.3251982733549976
2043,50,20,6,600,0,0.9284327774093445,103548328.89346987,38369833.33333398,26085973.593688294,0.999999999999991,0.6798563175156139,63.6398488553066,0.941139270596823,2.4134571020186586
2044,50,20,6,600,0,0.9441118077135857,96315031.00644797,32835000.000000224,26083628.277101073,0.9999100928098761,0.7943849026070016,68.41922731207795,0.8690796896635785,2.4486994194627654
2045,50,20,6,600,0,0.9747021885073663,68472635.30867103,23323666.666666284,18557715.946968682,0.7114059162989684,0.7956603141431016,96.23990620915245,0.5466216286623604,2.157852068484208
2046,50,20,6,600,0,0.9442089929239478,73370817.97533812,24163333.33333307,20413049.280301996,0.7825297072768987,0.8447944246227984,89.81499977572837,0.608403684279684,2.2284482169018704
2047,50,20,6,600,0,0.9382116129616153,90479609.30867308,30688166.666666888,24604049.280301876,0.9431907608100469,0.801743862627887,72.831879473736,0.8074576606467241,2.387064363710649
2048,50,20,6,600,0,0.8984565936145312,71629054.14200523,25415499.999999877,18764882.61363537,0.7193476044219991,0.7383243537855033,91.99898112483326,0.5866561815823611,2.075772258225295
2049,50,20,6,600,0,0.9826302688350466,78614798.0254488,28497333.333333418,20209914.116861053,0.774742565934009,0.7091861501729165,83.82391312468656,0.6722901782812856,2.2222693672546656
2050,50,25,4,600,0,1.0,83826813.16012898,29474500.00000014,22131665.60604913,0.8484124821549257,0.7508750142003775,78.61207830258235,0.7332993245132021,2.333999335873504
2051,50,25,4,600,0,0.9904169295456463,91696939.89346804,29296666.66666673,26085973.593688253,0.9999999999999893,0.8904075637850106,71.86499361544583,0.8205750585565705,2.5233180391302255
2052,50,25,4,600,0,0.9831044639020409,85520746.28128704,29313166.66666667,23061209.01966154,0.8840463223209415,0.7867184491495244,77.05498708261304,0.7525786385894913,2.3650578618111515
2053,50,25,4,600,0,0.9707800684258595,99505971.04126641,35882000.00000038,25699729.481665008,0.985193417809908,0.7162290140366964,66.225171525306,0.9014480548882899,2.4452113345435063
2054,50,25,4,600,0,1.0,95932515.56013587,32539833.333333742,26085973.593688242,0.999999999999989,0.8016627905394286,68.69203795525559,0.8651370898307558,2.5064673222622984
2055,50,25,4,600,0,1.0,92431672.93316984,31263833.333333604,25190714.13689679,0.9656804276989551,0.8057461754070434,71.29374370151855,0.8284249250825859,2.4730218654082208
2056,50,25,4,600,0,0.9663999554144671,85181730.64200558,27881333.33333331,23808382.613635167,0.9126890559835412,0.8539183664208498,77.36165901224808,0.7487418731228432,2.3982765216739903
2057,50,25,4,600,0,0.9905411877394635,99719859.52333084,35805000.00000048,25853194.821862135,0.9910764775180668,0.7220554342092387,66.08312558300611,0.9035847003787127,2.4717702354855673
2058,50,25,4,600,0,0.943648637616025,84723454.03797644,29027166.666666724,22854388.012677312,0.8761178849850138,0.787344775159268,77.78011502040731,0.7435381148254593,2.317062572568899
2059,50,25,4,600,0,0.972136911602731,83121076.35878208,29953000.00000008,21482247.450194433,0.8235171814860703,0.7171985260305939,79.27953160226083,0.7251871447815125,2.271082877208719
2060,50,25,8,600,0,1.0,86758221.26020378,30228000.000000127,23082049.744689945,0.8848452468829693,0.7635983109927831,75.95591408260877,0.76649132272755,2.3773699715217766
2061,50,25,8,600,0,0.9904169295456463,90226496.50226526,29751333.333333377,25078536.76700731,0.96138013315612,0.8429382470367919,73.03619508083808,0.8047127335255473,2.469480260700627
2062,50,25,8,600,0,0.9831044639020409,88894784.93847354,31837666.66666695,23098808.6571362,0.88548769606686,0.7255182642300838,74.13033289366724,0.7901712789464007,2.3536903542325085
2063,50,25,8,600,0,0.9707800684258595,98055920.79106593,36034166.666667,24895054.0707978,0.9543463647767063,0.6908735895320897,67.20450888469358,0.8868537888550593,2.4103327289065906
2064,50,25,8,600,0,1.0,93614224.26020475,32538000.00000041,24955716.41135648,0.9566718421195706,0.7669714306766293,70.39314860617088,0.840953305253261,2.4545304497945644
2065,50,25,8,600,0,1.0,90378815.22382432,31207000.000000305,24225056.07149309,0.9286621403831488,0.7762699417275883,72.91310451105466,0.8063653038925455,2.4273812572746163
2066,50,25,8,600,0,1.0,92651994.49354301,30495666.66666676,25787857.732329085,0.9885717947122521,0.8456236754619456,71.12421093600148,0.8307689879614548,2.5072679283310113
2067,50,25,8,600,0,0.9690802957797474,99072892.29131,36050666.66666718,25380863.00210242,0.972969742185252,0.7040331108653208,66.51466256404036,0.8971091782916083,2.4294159627636125
2068,50,25,8,600,0,0.943648637616025,80384678.70092133,29777000.0000002,20258947.470759943,0.77662224865786,0.680355558678168,81.97830863413616,0.6932912153424703,2.1812242999010296
2069,50,25,8,600,0,0.9547809279015632,85793784.68773074,32215333.333333608,21344668.629118115,0.8182431279575638,0.662562401830948,76.8097598676329,0.7556608122995038,2.2404916616658253
2070,50,25,6,700,0,1.0,93172881.35659778,30565333.33333354,25997668.467510898,0.8542412936692754,0.8505606068152608,82.5111329398166,0.6871617647850964,2.367610250237305
2071,50,25,6,700,0,0.978185025559633,96187623.85659757,30719333.333333492,27370835.13417765,0.8993613270762266,0.8909970420639829,79.92504328271426,0.7174270171987486,2.4084096764095677
2072,50,25,6,700,0,0.9689751336882582,78435219.06633183,26410999.999999814,21452962.2903849,0.7049096069087295,0.8122737605688937,98.01464305847746,0.5306899193645052,2.149484061507878
2073,50,25,6,700,0,0.9522506524350067,104861761.23775274,35273333.33333394,28701539.56617063,0.943086120201337,0.8136894603903838,73.31366466913974,0.8009999365299231,2.4042021572772367
2074,50,25,6,700,0,1.0,107256527.3863905,36622666.66666713,29010244.69809119,0.9532296710195082,0.792139058636477,71.6767565325398,0.8231534786494928,2.4568647255586744
2075,50,25,6,700,0,0.9796667130035769,91632674.1333841,30490166.666666895,25293891.231519073,0.8311163131626598,0.8295753679553151,83.89802079560985,0.6714603265516568,2.3147873339194858
2076,50,25,6,700,0,0.9674819488875299,89406884.89966571,28348833.33333333,25572462.2903849,0.8402697071295746,0.9020640105254739,85.98666655959897,0.648488434688623,2.337621591996532
2077,50,25,6,700,0,1.0,108901263.53349045,37475166.666667245,29269576.639086667,0.9617508987227765,0.7810392652668535,70.59422223908143,0.8381397966364719,2.4629712088499547
2078,50,25,6,700,0,0.9670334393945853,88640824.08222142,30904500.00000021,23569650.43869545,0.7744605523855085,0.7626607917518579,86.72978934479393,0.6405061927461078,2.2176682655421796
2079,50,25,6,700,0,0.9719988811855651,73957304.23299856,27311166.666666526,18693795.623718478,0.6142478575396356,0.6844744441669858,103.94916472049866,0.4807124144335656,2.0002908509527195
2080,50,20,6,700,0,0.9832770631813694,84308775.44330758,27076499.999999985,23894436.201386277,0.7851324866950445,0.8824787620773102,91.18623725201142,0.5946569342196052,2.283917007062823
2081,50,20,6,700,0,0.8777394652911079,82852041.73299861,26121333.333333194,23792295.623718254,0.7817763126861215,0.9108377172063082,92.78950571640621,0.5789774422920062,2.1853870813481606
2082,50,20,6,700,0,0.9841468696744845,67967526.45837517,22524333.33333309,18820683.483834025,0.6184171871820798,0.8355711667604322,113.10989822041236,0.41264609329721924,2.0652498963800494
2083,50,20,6,700,0,0.9676940905652411,104640430.0874927,36105666.66666729,28062109.689681318,0.9220754897447777,0.777221757148393,73.46873472874702,0.7989324242927737,2.3884039205767293
2084,50,20,6,700,0,0.9806378051772774,90730966.04555294,30140000.000000104,25076114.875005152,0.8239605346838506,0.8319878857002344,84.73182128514114,0.6621937968374259,2.308421910574891
2085,50,20,6,700,0,0.9843481278097943,84374478.24665412,27424833.33333328,23704479.866595387,0.7788908290873545,0.8643436253005038,91.11523009986566,0.595361099066968,2.2711841271171656
2086,50,20,6,700,0,0.9782443019943032,82235194.5068286,26007666.666666474,23563697.010002717,0.7742649323577124,0.9060288764852502,93.4855209634316,0.5722999619477097,2.2753673651302133
2087,50,20,6,700,0,0.9904075285754672,100015170.56550509,33084333.333333604,27730534.194975108,0.911180455834301,0.8381772096049958,76.86633894169948,0.754948571683765,2.4158978679432286
2088,50,20,6,700,0,0.8916234001398307,82829273.74839188,27815333.333333425,22701455.22127435,0.745933063214158,0.8161489545792828,92.8150115544054,0.578731372849968,2.123273936653225
2089,50,20,6,700,0,1.0,86662861.56633312,30704666.666666884,22730795.623718277,0.7468971413341554,0.7403042628824538,88.70927939663794,0.6197197061970646,2.2119631165030276
2090,50,25,4,700,0,1.0,93289747.18993106,30600166.66666686,26032501.800844207,0.8553858606048313,0.8507307193591769,82.40776968071533,0.6883465730313908,2.3689311485187323
2091,50,25,4,700,0,0.978185025559633,98208866.91505876,30719333.333333496,28357288.55460778,0.9317745893295625,0.9231088528811702,78.28010078406881,0.7373678845556403,2.4540399924202094
2092,50,25,4,700,0,0.9689751336882582,78905925.30004945,26374333.33333317,21706057.89818588,0.7132259188003173,0.8229993010194007,97.42994547958469,0.5358867515483549,2.1632613260521336
2093,50,25,4,700,0,0.9522506524350067,105950071.90441938,35249500.000000596,29247872.899504017,0.9610377489800712,0.8297386601087539,72.56059256793507,0.8111168049009746,2.4271583854229846
2094,50,25,4,700,0,1.0,109387558.8641017,36604333.333333805,30061964.95726374,0.9877874959220181,0.8212679270376919,70.28038727467157,0.8425352415384814,2.499549583168635
2095,50,25,4,700,0,0.9796667130035769,92728753.25760734,30526833.333333574,25805454.168345135,0.8479254430080405,0.8453367529663498,82.90632333471284,0.6826506418775485,2.3385867572542054
2096,50,25,4,700,0,0.9674819488875299,88971930.02326392,28039000.00000006,25557668.4675109,0.8397836060622427,0.9115042785944879,86.4070274522519,0.6439609932471462,2.3406463650102665
2097,50,25,4,700,0,1.0,108602686.86682412,36608000.00000066,29676576.639086727,0.975124259759284,0.8106582342407723,70.78830387895738,0.8354330509739494,2.483959638366567
2098,50,25,4,700,0,0.9670334393945853,83741001.02326399,28446000.00000008,22745335.1341776,0.747374886107292,0.7995969603521598,91.80449130127141,0.5885609112898936,2.1952719189662067
2099,50,25,4,700,0,0.9719988811855651,70937116.73299837,25369666.66666645,18457295.623718396,0.6064768504508528,0.7275340218785643,108.37485866441773,0.4465304676359308,2.0005565663243474
2100,50,25,8,700,0,1.0,93172881.35659778,30565333.33333354,25997668.467510898,0.8542412936692754,0.8505606068152608,82.5111329398166,0.6871617647850964,2.367610250237305
2101,50,25,8,700,0,0.978185025559633,93432003.24839227,30737666.666666873,26014288.55460759,0.8547874028221063,0.8463325741904313,82.28229870616937,0.6897875377557362,2.3450386226677145
2102,50,25,8,700,0,0.9689751336882582,81358791.09634072,28158166.666666716,21766174.7663934,0.7152012617559025,0.7729968724192517,94.49255447879652,0.5627747003234997,2.150147331947159
2103,50,25,8,700,0,0.9522506524350067,105090451.23775287,35218333.333333984,28848206.232837304,0.9479053494036815,0.8191246859922419,73.15412494145065,0.8031326258748953,2.4106830271036954
2104,50,25,8,700,0,1.0,109308076.88639016,37678666.66666703,29338411.3647579,0.964012696359755,0.7786478121507558,70.33149076431332,0.8418179388709437,2.4647361885915484
2105,50,25,8,700,0,1.0,93373359.96671717,31009000.00000015,25812724.564852506,0.848164336465956,0.8324268620352924,82.33397622984016,0.6891936850026085,2.3551351746308424
2106,50,25,8,700,0,0.9674819488875299,89308471.56633225,28319499.999999948,25543128.957051583,0.8393058612891062,0.9019625684440625,86.08141943499756,0.6474651405043524,2.3365171441471326
2107,50,25,8,700,0,1.0,108891686.20015723,37467833.33333394,29269576.639086656,0.9617508987227762,0.7811921329607935,70.60043120159618,0.8380530681476749,2.46300677451631
2108,50,25,8,700,0,0.9670334393945853,86559454.56251103,30932000.000000235,22536324.66040829,0.7405071403428496,0.7285763824003658,88.81525465768812,0.6186260896564904,2.1685206349713684
2109,50,25,8,700,0,1.0,76968559.91505812,29234333.33333333,18937621.887941238,0.622259593809005,0.6477870273972809,99.88234167930638,0.5144249034288229,2.0326545253466475
2110,50,20,8,700,0,0.9832770631813694,84308775.44330758,27076499.999999985,23894436.201386277,0.7851324866950445,0.8824787620773102,91.18623725201142,0.5946569342196052,2.283917007062823
2111,50,20,8,700,0,0.8777394652911079,80310281.08172458,26139666.66666657,22540121.88794106,0.7406319110915806,0.862295689358745,95.72622454373948,0.5513215439335246,2.1188975607116287
2112,50,20,8,700,0,1.0,75955303.63338275,26121333.333333164,20426391.231519334,0.6711781440098674,0.7819811864447758,101.21478859602863,0.5031267546727117,2.1287117038285324
2113,50,20,8,700,0,0.9676940905652411,106365809.42082632,36817000.000000715,28450776.356348,0.9348464471309906,0.7727619403087554,72.27698488697568,0.8149598630194143,2.40086350583166
2114,50,20,8,700,0,1.0,96465559.11094001,32246500.000000305,26532192.993788186,0.8718049041674896,0.8227929540814641,79.69476433717304,0.7201857801379031,2.3784201434030745
2115,50,20,8,700,0,0.9843481278097943,84374478.24665412,27424833.33333328,23704479.866595387,0.7788908290873545,0.8643436253005038,91.11523009986566,0.595361099066968,2.2711841271171656
2116,50,20,8,700,0,0.9872445609945613,83342344.5068286,26337666.666666474,23893697.010002717,0.785108198062987,0.9072062955464123,92.24362532026088,0.5842690177787564,2.2972786152104474
2117,50,20,8,700,0,0.9890409082012127,95428546.3988382,32624166.666666873,25785367.528308295,0.8472654285382052,0.7903762812324646,80.56079957321445,0.709865337174598,2.3312072703617828
2118,50,20,8,700,0,0.8916234001398307,80812490.74888785,27842833.333333466,21699650.438695475,0.7130153800556197,0.7793621496385799,95.131333396079,0.5568150041213428,2.0719281239720373
2119,50,20,8,700,0,1.0,76976100.2329991,28200333.33333335,19599462.29038509,0.6440065978641097,0.6950081780493756,99.87255754357241,0.5145087969868546,2.070515339426355
2120,50,25,8,800,0,0.9450032024169948,82930487.12685262,28466166.666666698,22336915.630479295,0.6422105221678509,0.7846829498344562,105.94173873066745,0.46501033608077447,2.0377598983653344
2121,50,25,8,800,0,1.0,91898636.76195322,28233333.333333246,26862162.076762505,0.7723162597406885,0.9514343120459005,95.60315919329712,0.5524535140727035,2.313600963709424
2122,50,25,8,800,0,0.9456326898419807,89158194.50343396,30242666.666666854,24243991.460923757,0.6970410182463799,0.8016486022261134,98.54169937976494,0.5260486098612781,2.1130001814841495
2123,50,25,8,800,0,0.9723407336564036,115635239.70630252,38762166.666667074,31735732.897169996,0.912436700412682,0.8187295919260532,75.97856866397055,0.7662019683571083,2.3935263755543548
2124,50,25,8,800,0,1.0,104026309.72153686,33947833.33333364,29138655.956500314,0.8377679249304614,0.8583362499275864,84.45748026165973,0.6652285115058755,2.3518975114479446
2125,50,25,8,800,0,1.0,92671955.29015526,29951166.666666638,26144655.0952439,0.751687156739942,0.8729094057074213,94.80538068385111,0.5598481582150755,2.2581756827810127
2126,50,25,8,800,0,1.0,95234513.79643783,29498333.333333448,27683922.464504953,0.7959427611090697,0.9384910717386805,92.2543692382312,0.5841644048386493,2.3349572622295938
2127,50,25,8,800,0,0.9868916437098254,110447598.62863068,36866500.00000064,30412209.02649849,0.8743839553449725,0.8249280248056626,79.54722519175269,0.7219588858410554,2.368792949395411
2128,50,25,8,800,0,0.9370571579070985,88291734.5801226,31020000.00000027,23325661.906680293,0.6706380487268048,0.7519555740386876,99.50874837584145,0.5176379912663209,2.0562596084043694
2129,50,25,8,800,0,1.0,81567783.29009402,29558833.33333329,20975409.284249607,0.6030657397810695,0.7096156011203523,107.71164356340905,0.451493609846049,2.019186090742331
2130,50,20,8,800,0,0.9112616347042847,88886972.46018608,29896166.66666674,24331582.297145948,0.6995593496757476,0.8138696364800132,98.84238102423055,0.5234189850125842,2.0857763289008795
2131,50,20,8,800,0,0.9462760388132018,80466070.9286194,24825166.666666437,23453995.41009592,0.6743277759748999,0.9447668861610652,109.18639245842873,0.4405315523677402,2.1426211001097943
2132,50,20,8,800,0,1.0,85340140.85992022,28568833.333333265,23446597.29620309,0.6741150721860344,0.8207054527790709,102.95038081108007,0.4887815192808844,2.145345881504141
2133,50,20,8,800,0,0.9563984900549891,103715006.19262315,34133000.00000028,28867809.431896195,0.829980793937496,0.8457448636772611,84.71098178100384,0.6624238332899748,2.295418214286773
2134,50,20,8,800,0,0.9157159768231211,95653712.88820314,31254666.66666686,26768155.956500098,0.7696134819454268,0.856453093612685,91.8500676525599,0.5881140067329143,2.1889924584461835
2135,50,20,8,800,0,0.9853952281814877,76696265.2342708,25035999.999999776,21479786.514204226,0.6175671315388795,0.8579560039225284,114.55316596138728,0.4028385439424488,2.0745985752619593
2136,50,20,8,800,0,0.9692903500354546,89022593.79643743,27461499.99999999,25949589.131171472,0.7460787989560594,0.9449443450347389,98.69179974793767,0.5247342530917649,2.2499800791550104
2137,50,20,8,800,0,0.9894971078304399,85436710.79015568,29129833.333333433,23136155.095243968,0.6651895226034926,0.7942426182290969,102.8340150123421,0.4897303966557312,2.114621599069449
2138,50,20,8,800,0,0.8418467035579577,83207505.62342797,28931833.33333347,22174409.284249444,0.6375382886690838,0.7664363688526251,105.5890323135256,0.46775192180277264,1.9227477204428305
2139,50,20,8,800,0,0.9627775482621149,74936854.9567606,27201166.6666666,19241075.95091631,0.5532017776280643,0.7073621579068184,117.24271061374947,0.38517974754935386,1.9138470221369235
2140,50,20,6,800,0,0.9112616347042847,88886972.46018608,29896166.66666674,24331582.297145948,0.6995593496757476,0.8138696364800132,98.84238102423055,0.5234189850125842,2.0857763289008795
2141,50,20,6,800,0,0.9462760388132018,80710407.47627872,24454833.333333127,23809286.71365503,0.6845427858426475,0.9736024935897565,108.85584988010623,0.4429651568812974,2.1681231905663045
2142,50,20,6,800,0,0.9343567832733906,89227759.76195362,28660500.000000037,25285495.410095736,0.7269853850561346,0.882241950073994,98.46487262976461,0.5267226180352989,2.1668729613678845
2143,50,20,6,800,0,0.9563984900549891,99606707.63273102,32505000.0000002,27900444.590562817,0.8021680067936965,0.858343165376485,88.20490315165245,0.624951195687793,2.26802421804397
2144,50,20,6,800,0,0.9157159768231211,97113383.55486973,31302333.333333507,27450155.95650015,0.7892217207624667,0.8769364144259746,90.46950768671306,0.6018030009880809,2.2190681093519817
2145,50,20,6,800,0,0.9847434716895125,75977965.23427065,24485999.999999728,21479786.514204226,0.6175671315388795,0.8772272528875465,115.63615810070515,0.3956325899031415,2.082157863902691
2146,50,20,6,800,0,0.9296021184927887,89729939.62977086,27672333.33333335,26160422.4645048,0.7521404856871329,0.9453638097439602,97.9138070999551,0.5315825463401699,2.2174757126281266
2147,50,20,6,800,0,1.0,94199750.79015605,30834833.33333355,26326155.095244013,0.7569054783606087,0.8537797111030435,93.2677626671399,0.5743807867155116,2.2574045555979465
2148,50,20,6,800,0,0.8418467035579577,79796563.88820232,27201166.666666616,21612822.623166822,0.6213920637908269,0.7945549868510614,110.10248526877926,0.43385651022680705,1.9113472032656138
2149,50,20,6,800,0,0.9703960643356594,80224036.12342769,28381833.333333388,21068909.28424954,0.6057539660705002,0.7423378552330834,109.51580629130548,0.43811955983777867,2.002385908359905
2150,50,20,10,800,0,0.9112616347042847,88886972.46018608,29896166.66666674,24331582.297145948,0.6995593496757476,0.8138696364800132,98.84238102423055,0.5234189850125842,2.0857763289008795
2151,50,20,10,800,0,0.9549216552832458,78866854.26195279,24348499.999999784,22977328.74342929,0.6606230929307343,0.9436855963788114,111.40041126552799,0.42457206589933366,2.1344421982856288
2152,50,20,10,800,0,1.0,74181723.83676614,25941666.666666508,19675324.794257298,0.5656869022999893,0.7584449005174719,118.43618003988145,0.37759377369647473,1.9843496941104524
2153,50,20,10,800,0,0.9716061547148508,90431444.5548694,29597333.333333403,25275822.62316682,0.7267072819533068,0.8539898624819835,97.15425915450466,0.5383546945107086,2.193152739211146
2154,50,20,10,800,0,0.9822095512329373,102925403.62348959,33768166.66666694,28714988.428577468,0.825587024539647,0.8503567490657543,85.36085058397487,0.6552877393667975,2.317782689852338
2155,50,20,10,800,0,0.9853952281814877,76696265.2342708,25035999.999999776,21479786.514204226,0.6175671315388795,0.8579560039225284,114.55316596138728,0.4028385439424488,2.0745985752619593
2156,50,20,10,800,0,0.9697137198580937,91421418.79643741,28176499.99999999,26664589.13117156,0.7666358235223117,0.9463414239231831,96.1022057594929,0.5478775700428817,2.2746644290395217
2157,50,20,10,800,0,1.0,93924860.79015583,31659833.33333347,25666155.095243976,0.7379297633763771,0.810685098213105,93.54072953729447,0.5717736064006576,2.2203216849711414
2158,50,20,10,800,0,1.0,73696126.45676072,26029666.666666627,19382242.61758283,0.5572604722219097,0.7446212379816438,119.21657789103527,0.37271435207612014,1.9684113424614353
2159,50,20,10,800,0,1.0,80103554.95676066,28741166.666666616,20781075.95091631,0.5974784459246025,0.7230421851670256,109.68052547408806,0.43691843106911643,2.0153521792027367
2160,50,20,8,900,0,0.9232665440299024,82588837.06996669,26605333.333333254,23355346.54463959,0.5968813459784735,0.8778445378610678,119.67476902025818,0.3698789519841324,1.995421126302889
2161,50,20,8,900,0,0.846349273249351,84622950.56553052,26057166.666666515,24697474.00302451,0.6311814511943955,0.9478188599307159,116.798101861813,0.3880445869931744,1.9926489481870981
2162,50,20,8,900,0,0.9440863918901884,103123932.69657779,32807500.00000018,29424192.791561797,0.751979927345091,0.896873970633594,95.84390103780437,0.5502413104906204,2.2118268788876843
2163,50,20,8,900,0,0.9686538876911148,116691631.17089112,38828166.66666726,32208335.206225503,0.8231329144645068,0.829509553791921,84.70016144967153,0.6625433048183074,2.2948048355429593
2164,50,20,8,900,0,0.9733828879630408,102028246.24687605,32791000.000000104,28899967.584289253,0.7385825561386897,0.8813384033511988,96.8731734943707,0.5408826744563933,2.2193362851003933
2165,50,20,8,900,0,1.0,90111090.55317247,28526666.666666694,25801902.010658074,0.6594067860003971,0.9044835946713502,109.6846119531513,0.4368886744487778,2.160475550185858
2166,50,20,8,900,0,0.955326254964977,83150732.38650532,25305499.999999877,24458068.677324876,0.6250630845598054,0.9665119708097052,118.86606066267264,0.3748981045837694,2.1034339361965104
2167,50,20,8,900,0,0.9583243222908783,93506532.02006164,31133666.666666813,25797362.95106258,0.6592907834398846,0.8286002168412263,105.70170646345274,0.46687435355170986,2.0880788493155693
2168,50,20,8,900,0,0.8309915159792644,86350016.35339487,28990500.00000012,23670696.284395967,0.6049405874356699,0.8164983799657084,114.4620512814925,0.4034507504161162,1.8876409703679473
2169,50,20,8,900,0,1.0,83144375.7468757,28407499.999999996,22477800.917622745,0.57445433492941,0.79126290302289,118.87514833342652,0.3748413263747133,2.0078516487930256
2170,50,20,6,900,0,0.9201928020308161,89422412.90330058,28642166.666666754,25392179.87797284,0.6489357147376819,0.8865313917582851,110.52933687539971,0.43078092421489805,2.060198839652342
2171,50,20,6,900,0,0.846349273249351,86138962.61914729,26046166.666666552,25444364.21952843,0.6502693648279156,0.9768947786121518,114.74250094814809,0.4015693570016681,2.0294344531407407
2172,50,20,6,900,0,0.9413858277136096,97970338.86809239,30673500.000000287,28269195.315482777,0.7224622129833655,0.9216162262370617,100.88563655278955,0.5058944259255647,2.184573234628824
2173,50,20,6,900,0,0.9686538876911148,115607499.53324075,38885000.00000062,31643007.7435687,0.8086851127080976,0.8137587178492528,85.49445355971997,0.6538302228410907,2.273491084811608
2174,50,20,6,900,0,0.9733828879630408,99300603.7468761,31608500.00000012,28322467.584289283,0.7238236667065111,0.8960395964468157,99.53413803197479,0.5174189934285903,2.207633558549084
2175,50,20,6,900,0,1.0,84564386.3865055,26537499.999999933,24362735.34399143,0.6226266964630618,0.918049377069863,116.87898916247825,0.387521808137444,2.1219613097933343
2176,50,20,6,900,0,0.9404502514464261,81490007.38650525,24810499.99999986,23963068.677324876,0.6124126079036517,0.965843843426171,121.28849066268165,0.3600635107370059,2.073188836924369
2177,50,20,6,900,0,0.9553627381086833,108447218.55522317,34694000.00000029,30819759.828480035,0.7876457621382867,0.8883311185934103,91.13926693257699,0.5951226369167623,2.261150269900174
2178,50,20,6,900,0,0.8304534165764383,81210335.40330017,26832666.666666623,22537679.8779729,0.5759846326871968,0.8399344037605757,121.70618371314286,0.35756561500307915,1.8599665545879782
2179,50,20,6,900,0,1.0,81308540.5655309,27454166.666666623,22189474.00302465,0.56708570280322,0.8082370254554445,121.55918592628184,0.358442711559184,2.0050323319235397
2180,50,20,10,900,0,0.9232665440299024,82588837.06996669,26605333.333333254,23355346.54463959,0.5968813459784735,0.8778445378610678,119.67476902025818,0.3698789519841324,1.995421126302889
2181,50,20,10,900,0,0.8791195916487786,83794995.02006085,26579666.666666586,23960362.951062623,0.6123434589603819,0.9014546063179635,117.95215212595667,0.38065219221938984,1.9809354689225391
2182,50,20,10,900,0,0.9859024831850933,88029787.69657683,28308499.999999903,24925192.791561797,0.637001150625827,0.8804844054457807,112.27790340773872,0.4184079396765949,2.108697947218313
2183,50,20,10,900,0,0.9378889388057253,114540358.14932334,36648333.33333384,32547812.66438364,0.8318087764033348,0.8881116739565197,86.29098214547874,0.6452076759727072,2.2935859539436483
2184,50,20,10,900,0,0.9625875883838495,102882379.05522305,33341000.00000026,28966259.82847992,0.7402767551035747,0.868787973620458,96.06892930318787,0.5481815113861819,2.205799478666398
2185,50,20,10,900,0,1.0,90111090.55317247,28526666.666666694,25801902.010658074,0.6594067860003971,0.9044835946713502,109.6846119531513,0.4368886744487778,2.160475550185858
2186,50,20,10,900,0,0.955326254964977,83150732.38650532,25305499.999999877,24458068.677324876,0.6250630845598054,0.9665119708097052,118.86606066267264,0.3748981045837694,2.1034339361965104
2187,50,20,10,900,0,0.950803154107058,107555035.35339499,35321000.00000015,29984696.28439619,0.7663044452275035,0.8489198008096052,91.89527917056296,0.5876710148732747,2.217610009628017
2188,50,20,10,900,0,1.0,70139747.18672709,23789333.33333312,19074529.617729384,0.4874785690024222,0.8018101789764133,140.9158201509794,0.25960422934312544,1.9010523725242559
2189,50,20,10,900,0,1.0,83144375.7468757,28407499.999999996,22477800.917622745,0.57445433492941,0.79126290302289,118.87514833342652,0.3748413263747133,2.0078516487930256
