int(self),self.nb_electrical,self.nb_activeCS_Cparking,self.nb_activeCS_Cparking_fast,self.nb_solar,self.nb_wind,self.avg_statisfied_day,self.monthly_profit,self.monthly_energy_consumption,self.monthly_renew_charge,self.self_consumption,self.self_sufficiency,self.payback_period,self.payback_period_norm,self.metric
0,50,50,2,300,0,1.0,69155138.45721707,32514166.666666884,13038296.790572377,0.9996404193038804,0.4010035663604774,47.65806378999518,0.7943010631665863,2.1151039162549683
1,50,50,2,300,0,1.0,73962992.2800693,36188166.6666671,13042986.796844326,1.0000000000000047,0.3604213199575599,44.56012254777467,0.7426687091295778,2.0310057650956255
2,50,50,2,300,0,1.0,69339534.61340168,32648000.000000224,13042986.796844333,1.0000000000000053,0.39950339367937526,47.53132564813898,0.7921887608023164,2.1117914757458163
3,50,50,2,300,0,1.0,61996361.08772818,28156333.33333331,12322119.613337321,0.9447314334718673,0.43763225372636105,53.161184659471644,0.8860197443245273,2.2361255473056163
4,50,50,2,300,0,1.0,66923652.280068204,30798166.666666854,13042986.79684434,1.000000000000006,0.42349880556237424,49.24716281483616,0.820786046913936,2.1595850913638355
5,50,50,2,300,0,1.0,63600840.55151238,28271833.333333317,13031556.638122266,0.9991236548115833,0.4609377992745055,51.820069851602426,0.8636678308600404,2.232418070279645
6,50,50,2,300,0,1.0,73302156.2800699,35682166.666667245,13042986.796844333,1.0000000000000053,0.36553236575256887,44.96184242394646,0.7493640403991076,2.0417899330011626
7,50,50,2,300,0,1.0,68751051.55151385,32215333.333333645,13031556.63812226,0.9991236548115828,0.4045141021290732,47.938175862379644,0.7989695977063274,2.122580879409586
8,50,50,2,300,0,1.0,78251243.28006946,39471666.66666723,13042986.796844332,1.000000000000005,0.3304392213024738,42.118180642881086,0.7019696773813514,1.9663210544233305
9,50,50,2,300,0,1.0,69869205.21818066,33071500.00000034,13031556.638122259,0.9991236548115826,0.3940418982544525,47.17099600186092,0.786183266697682,2.101416785301244
10,50,35,6,400,0,1.0,71381657.92897825,27386333.33333327,17390649.062458985,0.9999999999999987,0.6350119547143597,61.5536277452626,0.9744385736270493,2.4824481373985368
11,50,35,6,400,0,1.0,81990948.92897993,35509833.33333366,17390649.06245902,1.0000000000000009,0.4897417822047093,53.588841907487655,0.8931473651247942,2.2849407908885615
12,50,35,6,400,0,1.0,76249337.59564592,31113500.00000022,17390649.06245895,0.9999999999999968,0.5589422296578279,57.62410715356693,0.9604017858927822,2.4075555696190447
13,50,35,6,400,0,1.0,69797426.61697017,27206666.66666652,16731992.817783074,0.9621258388740782,0.6149960604429,62.95074493379266,0.9520106262460759,2.444007474600396
14,50,35,6,400,0,1.0,76036241.92897922,30950333.333333526,17390649.062458962,0.9999999999999973,0.5618889100534895,57.785601820037066,0.9630933636672844,2.412604491710076
15,50,35,6,400,0,1.0,74149754.18880606,30323333.33333347,16869601.849099807,0.9700386563211159,0.5563241238573068,59.25575948387036,0.9875959913978393,2.4326552904836847
16,50,35,6,400,0,1.0,83834585.59564698,36921500.000000425,17390649.06245903,1.0000000000000013,0.47101686178673213,52.410350320001385,0.8735058386666897,2.2503193280960754
17,50,35,6,400,0,1.0,73079759.70955539,30669833.33333351,16126545.002222905,0.9273112777047,0.525811302166281,60.12335039773671,0.9979462718292804,2.4185953135623053
18,50,35,6,400,0,1.0,86135539.9289804,38683333.333333775,17390649.062458977,0.9999999999999982,0.449564387655117,51.010303106275664,0.8501717184379277,2.2098232285620214
19,50,35,6,400,0,1.0,77297954.73535113,31940333.333333686,17375408.850829575,0.9991236548115773,0.5439958521878101,56.842383670347715,0.9473730611724619,2.38256974292271
20,50,35,8,700,0,1.0,99937406.57998863,33201666.666666955,27620479.8665954,0.9075642487899472,0.8319004025880776,76.92615070861162,0.7541963665353777,2.41971668860584
21,50,35,8,700,0,1.0,101272996.46422495,35187166.66666701,27006778.980424587,0.8873990312980908,0.7675178634376452,75.91164741250391,0.7670570316943485,2.3810713224444644
22,50,35,8,700,0,1.0,97330647.5731769,33304333.333333492,26282831.416874565,0.8636112864851845,0.7891715217301384,78.98642608146645,0.7287384177959766,2.3600756351800873
23,50,35,8,700,0,1.0,100953005.3565987,34149500.000000484,27512001.80084426,0.903999835183481,0.8056341030130417,76.1522648369328,0.7639870700716009,2.4084943524820344
24,50,35,8,700,0,1.0,92195720.18993124,30950333.33333358,25277168.467510924,0.8305668302127599,0.816701009170953,83.38564940067131,0.6772188300641989,2.3305796374009615
25,50,35,8,700,0,1.0,95353213.4133216,33577500.0000002,25143646.533262026,0.8261795156353569,0.7488242583057665,80.62444593950049,0.7091127305963931,2.308172137241006
26,50,35,8,700,0,1.0,112630853.58743894,40903500.000000626,28906401.132635437,0.9498175395891452,0.7066974985669929,68.25660780446553,0.8714383731393945,2.436796371992989
27,50,35,8,700,0,1.0,103699905.75760815,36586000.0000005,27299620.83501191,0.8970213405069265,0.7461767024274732,74.13507219543418,0.7901088670756974,2.3870502290176763
28,50,35,8,700,0,1.0,101675515.25760767,35453000.000000365,27033787.5016787,0.8882864875776816,0.7625246806103412,75.61112407959767,0.7709086450677702,2.3809283895560434
29,50,35,8,700,0,1.0,85149618.39883782,30297666.66666678,22254367.52830839,0.7312424854917697,0.7345241392068138,90.285783360656,0.6036485893879864,2.1912679007534375
30,50,30,10,900,0,1.0,109236107.99733454,36250500.000000454,30214472.91231484,0.7721767358691491,0.8334912045989561,90.48107060205014,0.601687035543428,2.268479999222593
31,50,30,10,900,0,1.0,98225944.03475906,32341833.333333623,27332361.98214959,0.6985200145711672,0.845108615224328,100.62311029051995,0.5081127850782866,2.184199677257749
32,50,30,10,900,0,1.0,82718904.7366336,28174666.66666665,22420346.544639613,0.572986001183517,0.7957626193024334,119.48659174669628,0.3710408198867487,2.0076509153286954
33,50,30,10,900,0,1.0,93929543.86809136,30550666.66666664,26377195.315482844,0.6741092799865129,0.8633918075595578,105.2256786627238,0.47059317241694953,2.1613066184645957
34,50,30,10,900,0,1.0,109680452.29053456,36215666.66666711,30453534.22345867,0.7782863106893806,0.8408939286899305,90.11450804213153,0.6053742196054671,2.2780893625574117
35,50,30,10,900,0,1.0,95723984.22189033,33359333.333333783,25462759.828479666,0.6507394925483467,0.7632874306584662,103.25311968930515,0.4863215111865915,2.0969514557133646
36,50,30,10,900,0,1.0,110140171.72189052,35696833.33333383,31008593.161813416,0.7924716847145243,0.8686650962077771,89.73837470452736,0.6091811635545032,2.304113240520725
37,50,30,10,900,0,1.0,97182755.69657838,32552666.666667026,26688859.458228372,0.682074330415528,0.8198670705388624,101.70322840874114,0.4990475951024039,2.154941251533494
38,50,30,10,900,0,1.0,112776412.77174328,37854666.66666719,30919823.379734043,0.7902030381368134,0.8168034776795536,87.64066667029542,0.6308559204100173,2.2842987025536603
39,50,30,10,900,0,0.9860914382886082,102056690.93840916,35223833.33333363,27364990.046400346,0.6993538742987221,0.7768884717184894,96.84617352491702,0.5411261261569948,2.1487283418203944
40,50,30,10,800,0,0.9764134084941183,87230563.12685272,28809000.00000007,24217915.63047927,0.6962913098729075,0.840637149171412,100.71928559286594,0.5072989724792948,2.1562221003105426
41,50,30,10,800,0,1.0,95883419.85880773,33907500.00000012,25191178.554810595,0.7242736732923472,0.7429382453678539,91.63002334436393,0.5902748189270981,2.1846254152213813
42,50,30,10,800,0,0.9747829588916802,93045680.12685323,31938500.00000022,25061248.9638126,0.7205380567972022,0.7846720717570465,94.42458788008145,0.5634125595683848,2.1659331758657023
43,50,30,10,800,0,1.0,88916368.29015581,30448000.000000134,23995988.428577278,0.6899106624023924,0.7880973603710317,98.80970364567511,0.5237041286586992,2.1541820169555246
44,50,30,10,800,0,1.0,92182036.7467894,31702000.00000029,24790495.24001369,0.7127535939279186,0.7819852135516201,95.30924147546567,0.555166418003178,2.1807545888444744
45,50,30,10,800,0,1.0,86444905.23427229,31122666.666666888,22359786.51420427,0.6428680848511883,0.7184405743146723,101.63467674803752,0.49961809663748175,2.0743705560892196
46,50,30,10,800,0,1.0,110295118.9775562,37434833.33333393,29976440.52914633,0.8618551389739709,0.8007632961051209,79.65719681383008,0.7206368479374444,2.3612474848215412
47,50,30,10,800,0,1.0,86484191.2901557,29788000.000000108,23229655.095243946,0.6678777488929247,0.7798326539292286,101.58850847692517,0.5000026863128125,2.1238688094561957
48,50,30,10,800,0,1.0,102851076.92673458,34941500.00000042,27932639.300504148,0.8030936395813429,0.7994115679207766,85.42253773636729,0.654614371666591,2.2941436260032124
49,50,30,10,800,0,0.9829997543907291,89226127.3599213,31003500.00000026,23793097.29620301,0.6840773225527531,0.7674326220008324,98.46667405568041,0.5267068040764546,2.1236526560678497
50,50,45,2,500,0,1.0,78531800.84671558,27762166.666666634,20642465.192800764,0.9495891783526997,0.7435466201413479,69.93090621618774,0.8474570634531065,2.442294359566185
51,50,45,2,500,0,1.0,93501460.94981888,37508166.66666717,21736356.89758425,0.9999100928098766,0.5795099795400278,58.73491113628036,0.9789151856046726,2.442523169236695
52,50,45,2,500,0,1.0,87380760.91122395,32818500.000000276,21738311.328073654,0.9999999999999942,0.6623797957881522,62.849075045014686,0.9536251740252928,2.4835290106558148
53,50,45,2,500,0,1.0,81254830.55258031,28620166.66666672,21424545.088293366,0.9855662091206137,0.7485821217542408,67.58736634674581,0.8812128288451825,2.480078526248575
54,50,45,2,500,0,1.0,86722319.24455768,32314333.33333372,21738311.328073554,0.9999999999999896,0.6727142133441287,63.32625842850302,0.9460710183702491,2.4842423890455523
55,50,45,2,500,0,1.0,84730810.03168328,30827500.00000019,21714053.212143667,0.9988840846207412,0.7043728233604261,64.8146760068322,0.9228905796356065,2.4863888383239474
56,50,45,2,500,0,1.0,98394694.24456045,41251833.333334364,21738311.328073606,0.999999999999992,0.5269659448203853,55.81398511539765,0.9302330852566275,2.351805841112936
57,50,45,2,500,0,1.0,88068247.76355088,33364833.33333374,21725610.26364862,0.9994157290217498,0.6511529683543559,62.35845653185473,0.961454911600345,2.48237728628383
58,50,45,2,500,0,1.0,91659434.57789189,36094666.66666727,21738311.32807358,0.9999999999999908,0.6022582651566221,59.91527250076026,0.998587875012671,2.4803944871379686
59,50,45,2,500,0,1.0,87765523.91918834,33143000.00000035,21719261.063536823,0.9991236548115696,0.6553197074355548,62.57354545113492,0.9580144437078977,2.482270209656342
60,50,35,8,900,0,1.0,105609305.71763936,34820500.00000049,29356791.630537298,0.7502573883266302,0.8430893189511031,93.58834368654657,0.5713200444936034,2.245791499654486
61,50,35,8,900,0,1.0,95591554.0347592,31557166.666666992,26547695.315482777,0.6784666663902975,0.8412572521450227,103.39616402099743,0.4851634665734928,2.158169268289511
62,50,35,8,900,0,1.0,87213603.7366337,29155500.00000001,23989679.8779729,0.6130926975452478,0.8228183319775992,113.32865030835036,0.411144379244895,2.069399044826975
63,50,35,8,900,0,1.0,93927710.53475802,30550666.66666664,26377195.315482844,0.6741092799865129,0.8633918075595578,105.22773251608739,0.47057706386982184,2.161290509917468
64,50,35,8,900,0,1.0,109936953.95720169,36292666.66666726,30530534.223458704,0.780254162613672,0.8412314946120852,89.90425552310418,0.6074992983676912,2.2804844940573594
65,50,35,8,900,0,1.0,95150123.38855742,33188833.333333906,25292259.82847959,0.6463821061445585,0.7620713742617995,103.87585058232943,0.48130015704865653,2.090957256458096
66,50,35,8,900,0,1.0,110138338.3885572,35696833.33333383,31008593.161813416,0.7924716847145243,0.8686650962077771,89.7398684655195,0.6091659975589694,2.304098074525191
67,50,35,8,900,0,1.0,97180922.36324506,32552666.666667026,26688859.458228372,0.682074330415528,0.8198670705388624,101.70514705608687,0.499031637085158,2.154925293516248
68,50,35,8,900,0,1.0,112774579.43840994,37854666.66666719,30919823.379734043,0.7902030381368134,0.8168034776795536,87.64209141119326,0.6308409404840313,2.284283722627674
69,50,35,8,900,0,1.0,106164317.4413639,35845333.33333376,28974448.726872575,0.7404860348368189,0.8083185740646546,93.09907733791033,0.575997885692819,2.2226527449445426
70,50,50,8,200,0,1.0,58828533.17208774,31428833.333333578,8690244.1054595,0.9994157290217567,0.27650546277970117,37.3594220609054,0.6226570343484233,1.8438614045721842
71,50,50,8,200,0,1.0,66575033.9644907,37352333.33333376,8695324.531229503,1.0,0.23279200401303102,33.01237519716845,0.5502062532861409,1.7364398564965657
72,50,50,8,200,0,1.0,60522159.29782424,32717666.66666701,8695324.531229502,0.9999999999999997,0.26576847975801277,36.31397203105095,0.6052328671841826,1.817847650990593
73,50,50,8,200,0,1.0,61380477.367676705,33386833.333333716,8687704.425414782,0.9991236548115768,0.26021349011081263,35.80617313930135,0.5967695523216892,1.8049403444103393
74,50,50,8,200,0,1.0,59875689.29782417,32222666.666667018,8695324.531229513,1.000000000000001,0.2698511771598487,36.70604924593104,0.611767487432184,1.827648429160063
75,50,50,8,200,0,1.0,59629072.96449004,32033833.333333433,8695324.53122949,0.9999999999999986,0.27144189834381766,36.857859610006365,0.6142976601667728,1.831451178841827
76,50,50,8,200,0,1.0,66488837.96449062,37286333.33333376,8695324.531229502,0.9999999999999997,0.23320406577645253,33.0551723760576,0.55091953960096,1.737482792222122
77,50,50,8,200,0,1.0,61625946.96449113,33562833.33333374,8695324.531229507,1.0000000000000002,0.25907599769276735,35.66354933687871,0.5943924889479785,1.8016532871021922
78,50,50,8,200,0,1.0,66819255.964490704,37539333.333333835,8695324.531229502,0.9999999999999999,0.23163236421964659,32.891716141945096,0.5481952690324182,1.7335011604081356
79,50,50,8,200,0,1.0,59029242.03434253,31586500.000000138,8687704.425414791,0.9991236548115778,0.27504485857612443,37.23239405177091,0.6205399008628485,1.840575787723748
80,50,45,10,800,0,1.0,90405043.96018636,29756833.333333485,25165748.963812567,0.7235425450030378,0.8457132747261114,97.18263069336257,0.5381001888358538,2.214670808616743
81,50,45,10,800,0,1.0,95877919.85880773,33907500.00000012,25191178.554810595,0.7242736732923472,0.7429382453678539,91.63527966541403,0.5902231099595212,2.184573706253804
82,50,45,10,800,0,1.0,92892237.4601866,32066833.333333578,24907248.963812564,0.7161103899675474,0.776729298615258,94.58056173709427,0.5619498344493427,2.183333273341549
83,50,45,10,800,0,1.0,88910868.29015581,30448000.000000134,23995988.428577278,0.6899106624023924,0.7880973603710317,98.81581598470073,0.5236507804230416,2.154128668719867
84,50,45,10,800,0,1.0,92176536.7467894,31702000.00000029,24790495.24001369,0.7127535939279186,0.7819852135516201,95.31492839804505,0.555113800689508,2.1807019715308043
85,50,45,10,800,0,1.0,86439405.23427229,31122666.666666888,22359786.51420427,0.6428680848511883,0.7184405743146723,101.64114359866657,0.49956425027929474,2.0743167097310327
86,50,45,10,800,0,1.0,110289618.9775562,37434833.33333393,29976440.52914633,0.8618551389739709,0.8007632961051209,79.66116921473724,0.7205891385423275,2.3611997754264245
87,50,45,10,800,0,1.0,86478691.2901557,29788000.000000108,23229655.095243946,0.6678777488929247,0.7798326539292286,101.5949694534766,0.49994884745109613,2.1238149705944793
88,50,45,10,800,0,1.0,102845576.92673458,34941500.00000042,27932639.300504148,0.8030936395813429,0.7994115679207766,85.42710598297147,0.6545645328992397,2.294093787235861
89,50,45,10,800,0,1.0,92671244.8599216,32032000.00000035,24821597.296202965,0.7136478117365113,0.7749000154908433,94.80610747465718,0.5598413767145786,2.179761389107253
90,50,45,6,700,0,1.0,94324179.91332185,31529666.666666925,25948479.866595235,0.852625035883217,0.8229861780945465,81.5040216311938,0.6987932497659975,2.357182192241635
91,50,45,6,700,0,1.0,99760951.130892,35200000.00000045,26262445.6470912,0.8629414430961918,0.7460922058832631,77.06221635671028,0.7524879674310215,2.349361732137632
92,50,45,6,700,0,1.0,99154416.40651017,33337333.333333455,27153664.75020794,0.892225459874105,0.8145122010421101,77.53361149826951,0.746599144544091,2.3982089053777793
93,50,45,6,700,0,1.0,100955489.52326542,34151333.33333383,27513835.134177618,0.9040600755485111,0.8056445370852446,76.15039099214441,0.7640109303306801,2.408526559998876
94,50,45,6,700,0,1.0,90955109.00682999,29927333.33333355,25325530.34333593,0.8321559231508692,0.846234111848781,84.52301452821862,0.6645023204547925,2.3414896099338174
95,50,45,6,700,0,1.0,94162435.913322,33223666.666666985,24789813.199928656,0.8145531251847001,0.746149226954533,81.64402211383678,0.6971646273670153,2.294084008930642
96,50,45,6,700,0,1.0,110796772.25410572,39772333.333334,28734067.799302157,0.9441549452763924,0.7224637176421217,69.38649785183718,0.8551814324475309,2.433152406561228
97,50,45,6,700,0,1.0,103268002.59634244,35882000.00000059,27539341.433060046,0.9048981712331788,0.767497392371094,74.44513118018114,0.7860363928127215,2.400034306709597
98,50,45,6,700,0,1.0,102226236.59634183,35464000.0000004,27297341.43306017,0.8969464430493148,0.7697197561769642,75.20378579871449,0.7761601276834964,2.391935932625068
99,50,45,6,700,0,1.0,85274437.23217143,29846666.666666847,22604534.194974948,0.742748395212363,0.7573554007697614,90.15362926487457,0.6049796319309144,2.2108639525467235
100,50,30,8,200,0,1.0,58835866.50542107,31428833.333333578,8690244.1054595,0.9994157290217567,0.27650546277970117,37.354765562898564,0.6225794260483094,1.8437837962720702
101,50,30,8,200,0,1.0,66582367.29782403,37352333.33333376,8695324.531229503,1.0,0.23279200401303102,33.00873923826115,0.5501456539710191,1.736379257181444
102,50,30,8,200,0,1.0,60002739.2978242,32314333.33333365,8695324.531229502,0.9999999999999997,0.2690856853376546,36.62832773502552,0.610472128917092,1.8257406771872158
103,50,30,8,200,0,0.9607291701242581,59702200.03434319,32096166.66666694,8687704.425414782,0.9991236548115768,0.2706773215518377,36.81271374816563,0.6135452291360938,1.790816256501822
104,50,30,8,200,0,0.9413797311763725,56722502.63115677,29802666.666666828,8695324.531229513,1.000000000000001,0.29176330522647187,38.7465273577824,0.64577545596304,1.8205658313205901
105,50,30,8,200,0,1.0,59636406.29782338,32033833.333333433,8695324.53122949,0.9999999999999986,0.27144189834381766,36.85332729514615,0.6142221215857692,1.8313756402608234
106,50,30,8,200,0,1.0,66496171.297823966,37286333.33333376,8695324.531229502,0.9999999999999997,0.23320406577645253,33.05152698425994,0.5508587830709989,1.7374220356921608
107,50,30,8,200,0,1.0,61633280.297824465,33562833.33333374,8695324.531229507,1.0000000000000002,0.25907599769276735,35.65930596878482,0.5943217661464136,1.8015825643006274
108,50,30,8,200,0,1.0,66852926.964490704,37559500.0000005,8695324.531229502,0.9999999999999999,0.23150799481434486,32.875149971629114,0.5479191661938185,1.7331255620452946
109,50,30,8,200,0,1.0,59036575.367675856,31586500.000000138,8687704.425414791,0.9991236548115778,0.27504485857612443,37.227769163645554,0.6204628193940925,1.840498706254992
110,50,20,8,400,0,1.0,57879984.11791241,22357499.999999724,14003866.496460129,0.805252664588012,0.6263610196336935,75.91225303464152,0.7670492892881031,2.268138104995058
111,50,20,8,400,0,0.8635329743773622,70212650.83707134,29212333.333333198,15653575.81116247,0.9001145244747456,0.5358550319327182,62.578466239593,0.9579358771560654,2.250152877079602
112,50,20,8,400,0,0.9454700267096542,55079830.11534268,20575499.99999978,13773089.530833032,0.791982489058723,0.6693927015544302,79.77148787131229,0.7192654487174851,2.2002496366706836
113,50,20,8,400,0,0.828498857235822,59691204.92699252,23723333.33333312,14017259.603217868,0.80602279724434,0.590863830401208,73.6088340882714,0.7970691018759023,2.0982590234326906
114,50,20,8,400,0,0.9372521590344356,63827566.826772705,25184499.99999997,15104657.471989349,0.8685505306754535,0.5997600695661763,68.83859464555063,0.8630264747774993,2.280086689464876
115,50,20,8,400,0,0.7885961285870857,65127198.94867649,25521833.333333265,15523922.864166297,0.8926591991139428,0.6082604905930088,67.46490054735096,0.883013306253006,2.1582178273144987
116,50,20,8,400,0,0.925436714356492,77892536.7606118,32373000.00000019,17387131.32940189,0.9997977227276289,0.5370874287029866,56.408485109472366,0.9401414184912061,2.2952480758100875
117,50,20,8,400,0,0.972325938434468,75194441.22627324,30460833.333333444,17289129.44181205,0.9941624018584732,0.5675855697254503,58.43251081257837,0.9738751802096395,2.4002695744244678
118,50,20,8,400,0,0.955946749718542,76755253.26231201,31496666.666666724,17390649.062458977,0.9999999999999982,0.5521425250013423,57.244290302634205,0.9540715050439034,2.351732274763519
119,50,20,8,400,0,0.8952095222153025,49789688.19198345,20535166.66666647,11216980.897340586,0.6450007045196808,0.5462327664254342,88.24718851538094,0.6245109127083621,1.9567066480640118
120,50,45,8,500,0,1.0,78355224.92079395,28627500.00000003,20004738.858366866,0.9202526616008069,0.6987944758839174,70.088497679018,0.8452341174034542,2.404269698110588
121,50,45,8,500,0,1.0,95647669.25252238,39178333.333333805,21719261.063536897,0.9991236548115732,0.5543691937772571,57.41697673260525,0.9569496122100875,2.400444967231893
122,50,45,8,500,0,1.0,88300184.91122405,33522500.0000003,21738311.32807368,0.9999999999999954,0.6484692766969493,62.19466024359281,0.9640832099448482,2.482858631302408
123,50,45,8,500,0,1.0,76737904.49207526,28799833.333333448,19105574.504022203,0.8788895427837787,0.663391842685043,71.56567587230818,0.8246788307211163,2.355392304869151
124,50,45,8,500,0,1.0,88747925.24455824,33865333.33333387,21738311.328073565,0.99999999999999,0.6419045433306396,61.88088324168165,0.9691382019128445,2.482661836577356
125,50,45,8,500,0,1.0,81727471.1045409,31159333.333333492,20036789.54182869,0.9217270485933434,0.6430429472762123,67.19649985223717,0.8869721774360173,2.401406535256987
126,50,45,8,500,0,1.0,99469749.91122666,42075000.000000924,21738311.32807362,0.9999999999999927,0.5166562407147509,55.210755077812536,0.9201792512968756,2.3335042438686764
127,50,45,8,500,0,1.0,88792692.91918886,33929500.00000048,21719261.06353686,0.9991236548115714,0.6401291225493024,61.849684016207775,0.9696422723111505,2.4817455703505926
128,50,45,8,500,0,1.0,91601970.57789192,36050666.66666727,21738311.328073584,0.9999999999999909,0.6029933240644617,59.952858714214635,0.9992143119035772,2.4816089711551466
129,50,45,8,500,0,1.0,86600399.28164819,33089833.333333757,21184517.78834223,0.9745245372847173,0.640212284387711,63.4154120021914,0.944666302053521,2.45683612956369
130,50,50,6,900,0,1.0,105057245.0509725,34580333.333333775,29243124.963870585,0.7473524640574382,0.8456576945625223,94.08013693110361,0.5666563281661425,2.2431824838161605
131,50,50,6,900,0,1.0,96243157.62387477,31586500.0000003,26849693.48814377,0.686184688276053,0.8500369932769858,102.6961317980298,0.4908571174795712,2.1708867121011597
132,50,50,6,900,0,1.0,88834008.23663366,29166500.000000004,24776179.877972882,0.6331928993433582,0.8494738785240903,111.26144363172038,0.4255565684988446,2.105135671318117
133,50,50,6,900,0,1.0,92913473.86809163,30250000.00000006,26076528.648816116,0.666425286758329,0.8620340049195392,106.3763907270536,0.46165388032887256,2.151281084264504
134,50,50,6,900,0,1.0,110017565.6238689,36318333.33333409,30556200.890125304,0.7809101132551005,0.8413436985028132,89.83838120715204,0.6081666413190167,2.2812416001212674
135,50,50,6,900,0,1.0,95335088.38855737,33144833.333333895,25413259.828479595,0.6494744448827294,0.7667336737795986,103.67431516627519,0.482919525650468,2.096306464674147
136,50,50,6,900,0,1.0,108060007.55522414,35079000.00000058,30390759.828480046,0.7766820157029538,0.866351943569644,91.46584590926368,0.5918921941518476,2.2849737490075626
137,50,50,6,900,0,1.0,97371834.69657843,32576500.00000037,26769526.124895055,0.684135889574309,0.8217434692153778,101.50573860294438,0.5006929149434288,2.1580876903157313
138,50,50,6,900,0,1.0,112769079.43840994,37854666.66666719,30919823.379734043,0.7902030381368134,0.8168034776795536,87.64636591183796,0.6307959999180909,2.284238782061734
139,50,50,6,900,0,1.0,106064319.10507676,35361333.333333895,29236823.379733767,0.7471914175058835,0.8268020638286632,93.18685193470414,0.5751558687043202,2.2365975197672507
140,50,25,4,300,0,0.9286151279199112,62192006.45721593,27175499.99999996,13038296.790572383,0.9996404193038808,0.47978130266498875,52.99394870411999,0.8832324784019998,2.195672648453902
141,50,25,4,300,0,0.9305167258496954,71812470.28006896,34534500.00000036,13042986.79684432,1.0000000000000042,0.3776799084059183,45.89453596494265,0.7649089327490441,1.9975695853234743
142,50,25,4,300,0,0.9474788653200331,67634358.61340111,31335333.333333433,13042986.796844319,1.0000000000000042,0.41623896762475615,48.72967035643579,0.8121611726072632,2.092631212027101
143,50,25,4,300,0,0.91850963836179,56294146.51494591,24473166.666666403,11882312.110759873,0.9110115877472776,0.48552409553701675,58.54605148201289,0.9757675247002149,2.2826964394916183
144,50,25,4,300,0,0.9158148151180927,67383476.5515134,31161166.666666888,13031556.63812225,0.9991236548115818,0.41819861167335914,48.91110059422984,0.8151850099038307,2.065558714360611
145,50,25,4,300,0,0.924248070025201,63744089.88484571,28374499.999999985,13031556.63812225,0.9991236548115818,0.4592700008148956,51.70361685222729,0.8617269475371215,2.153391018214239
146,50,25,4,300,0,0.9901069932183373,71668810.28006865,34424500.00000028,13042986.796844311,1.0000000000000036,0.37888674626629876,45.98653147890434,0.7664421913150723,2.0596585815464485
147,50,25,4,300,0,0.9679494591537032,68168817.88484676,31762500.00000021,13031556.638122244,0.9991236548115815,0.4102812007279703,48.34761848984069,0.8057936414973449,2.1019680612334244
148,50,25,4,300,0,0.9204238466996226,70756569.2800689,33726000.000000365,13042986.79684434,1.000000000000006,0.38673387881290994,46.57942058997452,0.7763236764995753,2.006134626249526
149,50,25,4,300,0,0.8473597423749827,65666739.551513106,29846666.666666813,13031556.638122259,0.9991236548115826,0.436616818342267,50.189792009005835,0.8364965334834306,2.033149730532227
150,50,50,4,500,0,1.0,79063364.30088025,28431333.333333347,20476269.54654953,0.9419438905590427,0.7202008188108021,69.46074264055643,0.8541238741545963,2.430284529203238
151,50,50,4,500,0,1.0,94112576.94981894,37977500.000000514,21736356.89758425,0.9999100928098767,0.5723482824720941,58.353518498683144,0.9725586416447191,2.4304372676223944
152,50,50,4,500,0,1.0,88202578.24455729,33449166.666666944,21738311.32807368,0.9999999999999954,0.6498909687258826,62.263486048820596,0.9629779472671405,2.4828907222478467
153,50,50,4,500,0,1.0,80514576.65874186,28871333.333333414,20904074.504022148,0.9616236601150217,0.724042574088095,68.20876700720662,0.8721334886687931,2.4513675479392694
154,50,50,4,500,0,1.0,86818653.57789072,32389500.000000305,21738311.328073587,0.999999999999991,0.6711530381164692,63.255991352975144,0.9471796281282985,2.484102058621474
155,50,50,4,500,0,1.0,82088296.18905906,30823833.333333556,20427624.787241623,0.9397061473151559,0.6627217506120742,66.90113274311035,0.8913493159180416,2.421526716407701
156,50,50,4,500,0,1.0,98368917.57789353,41233500.000000976,21738311.328073606,0.9999999999999919,0.5272002456272955,55.828610654898306,0.9304768442483051,2.3522370407501416
157,50,50,4,500,0,1.0,88951279.91918834,34052333.33333367,21719261.063536882,0.9991236548115724,0.6378200533552278,61.739415160627985,0.9714259332226697,2.4816819759068522
158,50,50,4,500,0,1.0,91655206.91122524,36092833.33333395,21738311.328073595,0.9999999999999915,0.6022888568295615,59.91803613862559,0.9986339356437598,2.480465021107409
159,50,50,4,500,0,1.0,87749324.58585504,33132000.000000354,21719261.06353683,0.99912365481157,0.6555372770595376,62.585097103815926,0.9578300172934314,2.4822598389410615
160,50,20,4,900,0,0.8795445404738453,73972825.73219657,23393333.333333,21197640.669691224,0.5417378958736652,0.9061402395137443,133.61393055041955,0.29320042996716367,1.8976571620520044
161,50,20,4,900,0,0.825616329674251,90411063.70142469,28794333.33333331,25777695.315482788,0.658788147147392,0.8952350108985382,109.3206914658195,0.43954660591992434,1.981350944313006
162,50,20,4,900,0,0.8891874859038513,85197252.40329996,26623666.666666567,24616679.877972923,0.629116634643043,0.9246164394325731,116.01078346063153,0.3931700522886839,2.022050689738594
163,50,20,4,900,0,0.9032956373198643,83040935.23663323,25602499.99999988,24215179.87797291,0.6188556924663846,0.9458130994228305,119.02322597686491,0.3739173733124029,2.0338634901705315
164,50,20,4,900,0,0.8052836952328309,67623023.16682506,21618666.66666655,19229808.605901454,0.4914469593358807,0.8895002130520643,146.16027999246356,0.23787625760676515,1.7547601232812475
165,50,20,4,900,0,0.8557079327819574,81349917.06553093,26827166.666666638,22609307.33635784,0.5778151811523246,0.8427765636708261,121.4973580371098,0.35881226453623394,1.8887414482548524
166,50,20,4,900,0,0.9456009351903012,97963776.72188984,31881666.66666697,27495926.49514647,0.7027001540730705,0.8624369228442534,100.89239442104402,0.5058374496695905,2.1413879231352944
167,50,20,4,900,0,0.9480595269040517,79516647.20142432,26236833.333333198,22090861.982149493,0.5645655228676699,0.8419789729000428,124.29850035003689,0.34244587173452234,1.9640885769586083
168,50,20,4,900,0,0.9278361018806217,97041705.84719011,31777166.666666903,27112522.94478065,0.6929016941462236,0.8532076893192843,101.85105376819992,0.49781957698985924,2.1082218303259084
169,50,20,4,900,0,0.8446226016191789,79853129.8680909,25470499.999999847,22743528.64881613,0.5812454106068942,0.8929360887621471,123.77473514597379,0.34544831131133463,1.9044197839402313
170,50,40,2,700,0,1.0,97094702.13338411,31524166.6666669,27303224.56485252,0.8971397532347802,0.8661045620508812,79.17836741945882,0.7264108922347015,2.4192945418754066
171,50,40,2,700,0,1.0,97729423.41352162,34485000.00000042,25725807.750212923,0.8453083906617345,0.7459999347604064,78.6641293018857,0.7326634509913602,2.3294633987996853
172,50,40,2,700,0,1.0,98462917.79318906,32424333.333333623,27397220.657160025,0.9002283126412887,0.8449586418788291,78.07812496626812,0.7398542417663895,2.4158211552694526
173,50,40,2,700,0,1.0,102794187.18993214,33630666.66666718,28742168.467511036,0.9444211201181473,0.8546416505028326,74.78827558405908,0.7815538232787507,2.4652671436810167
174,50,40,2,700,0,1.0,92699896.2329997,29637666.666666854,26360795.623718105,0.8661730640921709,0.8894355928959075,82.93213166794533,0.6823570704328731,2.393905544749599
175,50,40,2,700,0,1.0,94081794.52842122,31835833.333333675,25634144.881284818,0.8422964971978096,0.8051978603131025,81.71400257121572,0.6963519697188969,2.3405102579693793
176,50,40,2,700,0,1.0,109422528.98299672,38690666.66666734,28751920.440699995,0.9447415541679614,0.7431229006314916,70.25792651159264,0.8428507003209363,2.4373490208261295
177,50,40,2,700,0,1.0,107034635.41555603,35955333.33333391,29329983.772028904,0.9637357793075843,0.8157338857108385,71.82534859069257,0.8211174330323898,2.4737045416010606
178,50,40,2,700,0,1.0,102802268.00196664,35033166.66666716,27852181.064892456,0.9151775750243883,0.7950232227049243,74.78239682273284,0.7816304031701581,2.4176489813340973
179,50,40,2,700,0,1.0,85593928.96671683,28220500.000000052,23796057.898185786,0.7818999349337203,0.8432188621103717,89.81711778868568,0.6083822078773041,2.2829572975656016
180,50,25,6,900,0,0.9826154483336006,97376916.41354316,31333500.00000023,27559800.91762256,0.7043325619325839,0.8795634358632887,101.50044141904418,0.5007371212689418,2.187003318293173
181,50,25,6,900,0,0.9676866656876825,89486407.62387426,29569833.333333474,24833026.821477022,0.6346457093065356,0.8398094957634832,110.45029365289976,0.43134880339846443,2.0708830656969335
182,50,25,6,900,0,0.9181161607878385,91796515.40330032,29843000.000000004,25786346.544639576,0.6590092424453616,0.8640668345890015,107.67075369447687,0.451801406624391,2.0611710350834307
183,50,25,6,900,0,0.9814582350692524,88998408.86809136,29080333.33333331,24906861.982149463,0.6365326789560105,0.8564847485293433,111.05591802938,0.4270167808307249,2.093662814723452
184,50,25,6,900,0,1.0,107995684.40263855,35429166.66666715,30131702.978349045,0.7700614245207337,0.8504773273907649,91.5203237487749,0.5913550212562254,2.2717368831688374
185,50,25,6,900,0,0.9351884632777558,79735831.41354276,27962000.00000011,21099134.25095588,0.5392204147611545,0.7545645608667404,123.95681871978678,0.3444015593659506,1.883241671337099
186,50,25,6,900,0,0.9780013814923263,116348195.88855757,37546666.66666728,32858426.49514687,0.8397469845147465,0.8751356488409001,84.9501784236264,0.6597882643257079,2.3378981648907544
187,50,25,6,900,0,0.9808249343981379,92847837.19657806,31225333.33333359,25418359.458228305,0.6496047736647317,0.8140300437111352,106.45159110248258,0.46107563368895516,2.093124603056001
188,50,25,6,900,0,0.9479487942194398,109551866.95720854,36402666.6666671,30270693.488144096,0.7736135380552572,0.8315515389388252,90.22027898311087,0.6043079763469931,2.217498001717493
189,50,25,6,900,0,0.8922479424679503,94903954.38855666,31133666.666667007,26480259.828479648,0.6767432501193289,0.8505345712084247,104.14529156007191,0.4791436363829893,2.051819235817679
190,50,35,4,400,0,1.0,71348137.26231155,27360666.666666597,17390649.062458977,0.9999999999999982,0.6356076507319152,61.582546771279915,0.9739690232195932,2.4824551438051254
191,50,35,4,400,0,1.0,82002920.59564649,35519000.000000305,17390649.06245902,1.0000000000000007,0.48961539070522453,53.5810184330589,0.893016973884315,2.2847092864484946
192,50,35,4,400,0,1.0,76263703.59564595,31124500.00000023,17390649.06245895,0.9999999999999968,0.5587446886683745,57.61325234473468,0.9602208724122447,2.4072166233469443
193,50,35,4,400,0,1.0,69830947.28363681,27232333.33333318,16731992.817783074,0.9621258388740782,0.6144164223086467,62.92052694278115,0.9524902111458198,2.4440233489927374
194,50,35,4,400,0,1.0,76064973.92897916,30972333.333333522,17390649.06245895,0.9999999999999968,0.5614897939814731,57.76377448183223,0.9627295746972038,2.4119214098823822
195,50,35,4,400,0,1.0,73670961.45867917,29459833.333333414,17186311.59525571,0.988250152914396,0.5833811549710849,59.64086680834768,0.9940144468057946,2.4607193707826625
196,50,35,4,400,0,1.0,82357281.9289805,35790333.3333338,17390649.06245902,1.0000000000000009,0.48590352318015473,53.350473656827624,0.8891745609471271,2.277897379491251
197,50,35,4,400,0,1.0,73449385.31731302,29868666.66666687,16817589.060019054,0.9670478082570816,0.5630512150978374,59.82078653235947,0.9970131088726578,2.4474540809509278
198,50,35,4,400,0,1.0,85333438.26231408,38069166.66666721,17390649.06245898,0.9999999999999986,0.4568171721417263,51.48978043628695,0.8581630072714491,2.22361674498483
199,50,35,4,400,0,1.0,77245279.40201779,31900000.00000035,17375408.850829575,0.9991236548115773,0.5446836630354038,56.881145799638674,0.9480190966606445,2.3837660270889676
200,50,40,4,200,0,1.0,58233616.505421236,30970500.00000023,8690244.105459496,0.9994157290217563,0.28059747519282646,37.741087225716036,0.6290181204286006,1.8534961005828618
201,50,40,4,200,0,1.0,66224339.2978242,37081000.00000047,8695324.531229494,0.999999999999999,0.23449541628406423,33.18719406344019,0.5531199010573364,1.7407162340845879
202,50,40,4,200,0,1.0,59903299.29782409,32241000.000000276,8695324.531229502,0.9999999999999997,0.26969773056758245,36.68913107895932,0.6114855179826554,1.8272437024367214
203,50,40,4,200,0,1.0,60213315.03434324,32490333.333333645,8687704.425414788,0.9991236548115773,0.2673935147504808,36.50023252741464,0.608337208790244,1.8222520205906285
204,50,40,4,200,0,1.0,59905693.63115745,32242833.33333361,8695324.531229513,1.000000000000001,0.2696823955058572,36.687664673945214,0.6114610778990869,1.8272069943037725
205,50,40,4,200,0,1.0,59565698.29782373,31982500.000000175,8695324.531229502,0.9999999999999997,0.2718775746495569,36.89707437007077,0.6149512395011795,1.8324532992208251
206,50,40,4,200,0,1.0,63262548.96449126,34813166.66666719,8695324.531229498,0.9999999999999994,0.24977114591402777,34.74093339542178,0.579015556590363,1.7788324733215852
207,50,40,4,200,0,1.0,61799611.29782457,33693000.00000045,8695324.531229498,0.9999999999999994,0.2580751055480184,35.563330478057,0.5927221746342833,1.799182259072698
208,50,40,4,200,0,1.0,66473349.96449124,37271666.66666729,8695324.5312295,0.9999999999999996,0.23329583323961958,33.062874086743356,0.5510479014457226,1.7376845680374182
209,50,40,4,200,0,1.0,58429536.70100958,31124500.00000023,8687704.425414788,0.9991236548115774,0.27912751772445255,37.614537511163,0.6269089585193833,1.8502109726989455
210,50,30,2,500,0,1.0,78537300.84671558,27762166.666666634,20642465.192800764,0.9495891783526997,0.7435466201413479,69.92600892560043,0.8475262370010928,2.442363533114171
211,50,30,2,500,0,0.9920526974606667,92901194.61648539,37044333.3333338,21736356.89758425,0.9999100928098766,0.5867660433242324,59.11441744824965,0.9852402908041608,2.4467058229242133
212,50,30,2,500,0,0.9638176876152016,85437273.57789028,31326166.666666817,21738311.328073658,0.9999999999999943,0.6939346125360658,64.27873655159785,0.9311710644757951,2.4501364421198497
213,50,30,2,500,0,1.0,81260330.55258031,28620166.66666672,21424545.088293366,0.9855662091206137,0.7485821217542408,67.58279178358099,0.8812800174689249,2.4801457148723176
214,50,30,2,500,0,1.0,84357429.24455725,30499333.333333567,21738311.32807355,0.9999999999999893,0.7127470981247694,65.10155713824496,0.9184884472006655,2.488686125700481
215,50,30,2,500,0,1.0,84736310.03168328,30827500.00000019,21714053.212143667,0.9988840846207412,0.7043728233604261,64.81046906511024,0.9229552910189597,2.4864535497073006
216,50,30,2,500,0,1.0,98400194.24456045,41251833.333334364,21738311.328073606,0.999999999999992,0.5269659448203853,55.8108654374286,0.93018109062381,2.3517538464801184
217,50,30,2,500,0,1.0,88073747.76355088,33364833.33333374,21725610.26364862,0.9994157290217498,0.6511529683543559,62.35456239177742,0.9615173142937598,2.4824396889772444
218,50,30,2,500,0,0.9793680200622115,90558752.57789157,35247666.66666719,21738311.328073587,0.999999999999991,0.616730506834682,60.64350318072659,0.9893322553077106,2.462084680837668
219,50,30,2,500,0,1.0,87771023.91918834,33143000.00000035,21719261.063536823,0.9991236548115696,0.6553197074355548,62.56962440197069,0.9580770527825495,2.4823328187309937
220,50,45,6,800,0,1.0,89912977.2935198,29610166.666666854,25019082.297145806,0.7193257194509839,0.8449490534381429,97.71448198538533,0.5333514454627135,2.209310688213228
221,50,45,6,800,0,1.0,95848157.16607274,33412500.000000216,25492158.206965104,0.7329271643458878,0.7629527334669641,91.66373417881319,0.5899432677980232,2.2003054545715948
222,50,45,6,800,0,1.0,95359751.96018659,31824833.333333552,26265748.963812508,0.7551687366434205,0.8253224357439628,92.13320944530285,0.5853452173011182,2.2456031658962887
223,50,45,6,800,0,1.0,90001170.85992089,30453500.000000127,24524597.296202987,0.7051087399936082,0.8053129294236422,97.6187300237943,0.5342032824427823,2.178453625981696
224,50,45,6,800,0,1.0,90825866.5265879,30440666.666666895,24935263.96286961,0.7169158515393504,0.8191431625304776,96.73235539600483,0.5421535997780023,2.1974681298023846
225,50,45,6,800,0,1.0,86389987.73427247,31007166.666666944,22409286.514204204,0.6442912634750038,0.7227131312934323,101.69928518828247,0.4990803937582758,2.0772508987930216
226,50,45,6,800,0,1.0,106734404.66062638,36054333.333334,29121251.98989288,0.8372675420366165,0.8077046306932779,82.31460163136155,0.6894162684532312,2.3355799730078535
227,50,45,6,800,0,1.0,87423649.0265875,29857666.66666678,23646430.629536316,0.6798604970007012,0.7919718206223826,100.49683464171166,0.5091832823577023,2.1427607388556082
228,50,45,6,800,0,1.0,102845576.92673485,34941500.00000049,27932639.300504096,0.8030936395813415,0.7994115679207734,85.42710598297124,0.6545645328992421,2.294093787235861
229,50,45,6,800,0,1.0,95317267.35992157,32070500.00000034,26088430.62953619,0.7500706424423508,0.813471278263074,92.17427485436075,0.5849447303549448,2.235721752965404
230,50,25,2,600,0,0.9418497240456553,87842806.19211558,29371833.333333433,24157080.783527568,0.9260563228267756,0.8224573695953885,75.01809522783067,0.7785659421922719,2.378381561914238
231,50,25,2,600,0,0.989827213917765,98019025.76969242,34173333.333333634,26063113.276244123,0.9991236548115675,0.7626740131557909,67.22980511440231,0.886479966710338,2.486446391152736
232,50,25,2,600,0,0.9938301510401822,75410388.3713088,25261499.99999977,20709388.012677375,0.7938897867200168,0.8198004082369442,87.38583824224415,0.6335409519356966,2.283211429565434
233,50,25,2,600,0,0.9646681977274895,88083052.81499055,29406666.66666682,24252129.24108804,0.9296999843224488,0.8247153448567641,74.81348329106169,0.7812255392479103,2.405666012860811
234,50,25,2,600,0,0.9676791285835454,93704804.51848534,33341000.000000365,24488104.04350918,0.9387460259269008,0.734474192241052,70.32510268670393,0.8419075702810703,2.3971660526574574
235,50,25,2,600,0,0.8485313165981225,85296440.2563489,29496500.000000123,22834884.296249192,0.8753702143505223,0.7741557234332581,77.2576203672169,0.7500413008857582,2.217897196230487
236,50,25,2,600,0,0.9900031534764351,97855165.22680284,34012000.0000005,26085973.59368817,0.9999999999999862,0.7669638243469301,67.34238284434507,0.8848182277829505,2.48839244073693
237,50,25,2,600,0,1.0,90708450.03425477,31681833.33333355,24083280.804093152,0.9232272170175038,0.7601605800619595,72.64813804569977,0.8099341744235721,2.4180626384731396
238,50,25,2,600,0,0.9364323671587342,98404038.81943272,34948833.333333835,25756724.818332765,0.9873783213736202,0.7369838235420084,66.96676355014256,0.8903748493912205,2.4163942753835617
239,50,25,2,600,0,0.8595243022400195,88664223.91630782,30431500.000000246,23882553.237175684,0.9155323703522433,0.7847971094811459,74.32310021932028,0.7876366992569613,2.2749986890818974
240,50,30,6,200,0,1.0,58222917.17208764,30959500.000000164,8690244.1054595,0.9994157290217567,0.2806971722882945,37.74802271593558,0.6291337119322598,1.8536914497628953
241,50,30,6,200,0,1.0,66273498.297824256,37115833.333333835,8695324.531229494,0.999999999999999,0.23427534155403698,33.162577145443265,0.5527096190907211,1.7401298923339508
242,50,30,6,200,0,0.9291519580528133,57632349.297823764,30499333.333333526,8695324.531229502,0.9999999999999997,0.2850988392499108,38.134832724630755,0.6355805454105126,1.7928115748632545
243,50,30,6,200,0,0.9607291701242581,59709383.03434316,32101666.66666693,8687704.425414782,0.9991236548115768,0.27063094622547257,36.808285202610236,0.613471420043504,1.79070534714814
244,50,30,6,200,0,0.9413797311763725,56720108.29782349,29800833.333333466,8695324.531229513,1.000000000000001,0.2917812543685962,38.74816296999799,0.6458027161666332,1.820607450837883
245,50,30,6,200,0,1.0,59550210.29782379,31967833.333333537,8695324.531229498,0.9999999999999994,0.2720023105902113,36.90667067350922,0.6151111778918203,1.8327130263639895
246,50,30,6,200,0,1.0,65665337.63115766,36650166.66666721,8695324.531229498,0.9999999999999994,0.23725197787811886,33.469712930512095,0.5578285488418683,1.7476301311443634
247,50,30,6,200,0,1.0,61750602.63115796,33652666.666667126,8695324.5312295,0.9999999999999996,0.258384413257871,35.59155548857818,0.593192591476303,1.7999001220825999
248,50,30,6,200,0,1.0,66441101.63115772,37244166.666667245,8695324.5312295,0.9999999999999996,0.23346809203846774,33.0789217222933,0.5513153620382217,1.7380898356689958
249,50,30,6,200,0,1.0,58447569.36767616,31135500.000000205,8687704.425414791,0.9991236548115778,0.2790289035157532,37.60293240210381,0.6267155400350635,1.8499386628476662
250,50,40,4,300,0,1.0,69862739.12388362,33053166.666666854,13038296.790572379,0.9996404193038806,0.39446437680420854,47.17536187860807,0.7862560313101346,2.1018275327535014
251,50,40,4,300,0,1.0,73940321.2800694,36168000.00000046,13042986.796844326,1.0000000000000047,0.3606222848054678,44.5737852222233,0.7428964203703884,2.0313942482147627
252,50,40,4,300,0,1.0,70614592.28006834,33621500.00000021,13042986.796844319,1.0000000000000042,0.38793589806654183,46.673072711775355,0.7778845451962559,2.0882332636494896
253,50,40,4,300,0,1.0,62246644.08772826,28345166.666666668,12322119.61333732,0.9447314334718672,0.4347167811092068,52.94743272191532,0.882457212031922,2.2302306369192872
254,50,40,4,300,0,1.0,66941684.946735024,30809166.6666669,13042986.796844311,1.0000000000000036,0.4233476009903182,49.23389667622562,0.8205649446037603,2.1592430253960146
255,50,40,4,300,0,1.0,65371525.21817918,29624833.333333347,13031556.638122253,0.9991236548115823,0.4398862431222313,50.41644644208898,0.8402741073681497,2.192183101865935
256,50,40,4,300,0,1.0,73947504.28006992,36173500.00000058,13042986.796844311,1.0000000000000036,0.36056745398825385,44.5694554817893,0.7428242580298217,2.0312782212204246
257,50,40,4,300,0,1.0,68699648.55151388,32173166.666666992,13031556.638122264,0.999123654811583,0.40504426477930777,47.97404454738471,0.7995674091230784,2.123602820946525
258,50,40,4,300,0,1.0,78269275.94673619,39482666.666667245,13042986.796844332,1.000000000000005,0.33034715985523116,42.108476923216436,0.701807948720274,1.966085676604459
259,50,40,4,300,0,1.0,70976659.55151409,33916666.66666703,13031556.638122244,0.9991236548115815,0.38422280014119226,46.43498328641325,0.7739163881068875,2.0812946282198412
260,50,20,8,600,0,0.9380143262322899,73019809.00887102,25424666.666666567,19437788.03100928,0.7451432840410538,0.7645247934162109,90.24674385548474,0.6040414862320621,2.153675647197321
261,50,20,8,600,0,0.9137857395254072,79691472.58297348,28161833.33333328,20949219.903842665,0.803083688964222,0.743886935764458,82.6914070779506,0.6851002384199388,2.1939955265569124
262,50,20,8,600,0,0.8413159873674722,73153710.66870958,25683166.666666556,19338374.00457612,0.7413322694329116,0.7529590979010716,90.08155484884638,0.6057067944866186,2.0493900601749484
263,50,20,8,600,0,0.7935006795374823,66464229.64200495,24282499.999999795,16966382.6136354,0.6504025066459622,0.698708230768477,99.14806860012547,0.5207590553166213,1.8732263194688852
264,50,20,8,600,0,0.9540533068098377,78727653.28178796,28746666.66666679,20106071.22911375,0.7707617719117216,0.6994227004561803,83.70375243389118,0.6736379082361452,2.187229375410927
265,50,20,8,600,0,0.8461884127980479,77526465.91321707,28539499.999999974,19651884.942191515,0.7533506415473128,0.6885854672363403,85.0006500667347,0.6592334877324052,2.0562902743195255
266,50,20,8,600,0,0.9111491297882712,91838540.44845457,32512333.333333448,24104571.229113698,0.9240433807287826,0.7413977637956963,71.75418912170757,0.8220918487508652,2.3263591895756934
267,50,20,8,600,0,0.9771957259959245,79619695.2401592,29014333.33333333,20370819.541317254,0.7809108396186504,0.7020950406575115,82.7659535762225,0.6842495699200255,2.223121328441959
268,50,20,8,600,0,1.0,79290241.39048955,28827333.333333224,20329222.73816003,0.7793162354146775,0.7052064963169252,83.10984913700126,0.680338947846145,2.244504144899685
269,50,20,8,600,0,0.9797100277169097,71765505.0829733,25340333.333333235,18879386.570509315,0.7237370881597902,0.7450330791692843,91.82405937756663,0.5883689925069979,2.164105483559335
270,50,35,8,400,0,1.0,71345742.92897837,27358833.333333306,17390649.062458966,0.9999999999999977,0.6356502432167179,61.584613455827906,0.9739354756851895,2.482455670258564
271,50,35,8,400,0,1.0,82517702.26231335,35913166.666667014,17390649.06245902,1.0000000000000009,0.4842415937272455,53.246756508472146,0.8874459418078691,2.2748392167896654
272,50,35,8,400,0,1.0,77025101.59564596,31707500.000000216,17390649.062458962,0.9999999999999973,0.5484711523285923,57.043741702099496,0.950729028368325,2.389505950231199
273,50,35,8,400,0,1.0,69554640.63230261,27543999.999999974,16398491.930520367,0.9429488152871535,0.5953562275094533,63.17047949722895,0.9485305086642575,2.4248154906718202
274,50,35,8,400,0,1.0,76038636.26231296,30952166.666667,17390649.062458932,0.9999999999999956,0.561855628710712,57.78378224515449,0.9630630374192415,2.412547540387811
275,50,35,8,400,0,1.0,74595100.18880616,30664333.3333335,16869601.849099807,0.9700386563211159,0.5501375707640707,58.90199207292357,0.9816998678820595,2.4218099244933162
276,50,35,8,400,0,1.0,85014991.92898072,37825333.33333387,17390649.06245903,1.0000000000000013,0.459761951314607,51.6826491458173,0.8613774857636217,2.229187046815307
277,50,35,8,400,0,1.0,73048633.37622203,30646000.000000175,16126545.002222905,0.9273112777047,0.5262202245716509,60.14896921302597,0.9975202594317503,2.418496439089071
278,50,35,8,400,0,1.0,86346241.26231374,38844666.666667104,17390649.06245897,0.9999999999999978,0.44769721443850136,50.88582821633136,0.848097136938856,2.206254908489657
279,50,35,8,400,0,1.0,77637950.0686844,32200666.66666701,17375408.85082961,0.9991236548115794,0.5395977987255778,56.59345714451389,0.9432242857418982,2.3749025247223603
280,50,50,2,400,0,1.0,71158273.59564465,27219499.999999866,17390649.062458996,0.9999999999999992,0.6389040600473587,61.746860596529835,0.97130539587628,2.482428643914167
281,50,50,2,400,0,1.0,81104334.26231322,34835166.666667014,17390649.062458985,0.9999999999999987,0.499226808037629,54.17466328974811,0.9029110548291351,2.302292501259238
282,50,50,2,400,0,1.0,76279752.59564596,31141000.000000242,17390649.06245895,0.9999999999999968,0.5584486388509944,57.60113071277577,0.9600188452129295,2.406777756293725
283,50,50,2,400,0,1.0,69820658.61697021,27228666.66666654,16731992.817783047,0.9621258388740767,0.614499160851913,62.92979881647905,0.9523430330356493,2.4439423617171796
284,50,50,2,400,0,1.0,77041150.59564616,31724000.00000026,17390649.062458977,0.9999999999999982,0.5481858864726653,57.03185850716393,0.9505309751193989,2.3890796842975313
285,50,50,2,400,0,1.0,72999515.92897856,28629333.33333339,17390649.062458966,0.9999999999999977,0.607441635471507,60.18944021868228,0.9968476421686986,2.4828009505459043
286,50,50,2,400,0,1.0,81109122.92898051,34838833.33333383,17390649.062458985,0.9999999999999987,0.49917426614339566,54.171464828281145,0.9028577471380191,2.3021971600527356
287,50,50,2,400,0,1.0,74058259.07469127,29923666.66666679,17082373.714669406,0.982273499586909,0.5708649914115695,59.32896688225745,0.9888161147042908,2.4455081078335463
288,50,50,2,400,0,1.0,85066955.92898092,37869333.33333391,17390649.06245898,0.9999999999999986,0.4592277584974311,51.65107828318451,0.8608513047197418,2.228233511517687
289,50,50,2,400,0,1.0,76385002.40201725,31245500.00000021,17375408.850829575,0.9991236548115773,0.556093160641675,57.52176293554668,0.9586960489257781,2.403570577439118
290,50,50,6,700,0,1.0,94322346.57998852,31529666.666666925,25948479.866595235,0.852625035883217,0.8229861780945465,81.50560581612001,0.6987747997140207,2.357163742189658
291,50,50,6,700,0,1.0,99759117.79755867,35200000.00000045,26262445.6470912,0.8629414430961918,0.7460922058832631,77.063632575429,0.7524702061815527,2.349343970888163
292,50,50,6,700,0,1.0,99152583.07317683,33337333.333333455,27153664.75020794,0.892225459874105,0.8145122010421101,77.53504509636659,0.746581306038654,2.398191066872342
293,50,50,6,700,0,1.0,100953656.18993208,34151333.33333383,27513835.134177618,0.9040600755485111,0.8056445370852446,76.1517738945119,0.7639933213248712,2.408508950993067
294,50,50,6,700,0,1.0,90953275.67349666,29927333.33333355,25325530.34333593,0.8321559231508692,0.846234111848781,84.52471824761543,0.6644834519644726,2.3414707414434974
295,50,50,6,700,0,1.0,94160602.57998866,33223666.666666985,24789813.199928656,0.8145531251847001,0.746149226954533,81.645611745839,0.6971461570249838,2.2940655385886104
296,50,50,6,700,0,1.0,110794938.92077239,39772333.333334,28734067.799302157,0.9441549452763924,0.7224637176421217,69.38764599615347,0.8551650680757525,2.43313604218945
297,50,50,6,700,0,1.0,103266169.26300913,35882000.00000059,27539341.433060046,0.9048981712331788,0.767497392371094,74.44645283994124,0.7860190784589136,2.400016992355789
298,50,50,6,700,0,1.0,102224403.2630085,35464000.0000004,27297341.43306017,0.8969464430493148,0.7697197561769642,75.20513453348717,0.776142680643703,2.391918485585274
299,50,50,6,700,0,1.0,85272603.8988381,29846666.666666847,22604534.194974948,0.742748395212363,0.7573554007697614,90.15556753867055,0.6049600886437901,2.2108444092595994
300,50,30,10,400,0,1.0,71347576.26231171,27358833.333333306,17390649.062458966,0.9999999999999977,0.6356502432167179,61.583030989673,0.9739611630227214,2.482481357596096
301,50,30,10,400,0,1.0,84633631.06868398,37555833.33333351,17375408.85082964,0.9991236548115809,0.4626553935472844,51.91553221241606,0.8652588702069344,2.235383185044762
302,50,30,10,400,0,1.0,77007780.26231274,31692833.333333574,17390649.062458962,0.9999999999999973,0.5487249713381731,57.056572531156384,0.950942875519273,2.3899228525898115
303,50,30,10,400,0,1.0,69648736.46563594,27571499.999999978,16425991.930520361,0.9445301248691724,0.5957598219364334,63.08513582536937,0.9498806532637737,2.4264885108129204
304,50,30,10,400,0,1.0,74535616.17118324,30886166.666666936,16698283.311134962,0.9601874692061582,0.5406395520476206,58.94899949453586,0.982483324908931,2.4149949665470274
305,50,30,10,400,0,1.0,74596933.5221395,30664333.3333335,16869601.849099807,0.9700386563211159,0.5501375707640707,58.90054446669676,0.9816757411116126,2.421785797722869
306,50,30,10,400,0,1.0,84973727.26231395,37792333.33333385,17390649.062459037,1.0000000000000018,0.46016341222096546,51.70774710677733,0.8617957851129555,2.229926514889728
307,50,30,10,400,0,1.0,73050466.70955537,30646000.000000175,16126545.002222905,0.9273112777047,0.5262202245716509,60.14745966606218,0.9975453564754411,2.4185215361327614
308,50,30,10,400,0,1.0,86348074.59564707,38844666.666667104,17390649.06245897,0.9999999999999978,0.44769721443850136,50.884747813722505,0.8480791302287084,2.2062369017795094
309,50,30,10,400,0,0.9692664139087238,75220842.00598688,30926500.000000287,17006995.122491915,0.9779390672200222,0.549916580359619,58.412002349698426,0.9735333724949737,2.382733050691393
310,50,35,4,900,0,1.0,106617832.69265231,34571166.66666711,30007917.20806121,0.7668978911926725,0.8680041809810918,92.70306617929548,0.5798121524491209,2.2742154972339943
311,50,35,4,900,0,1.0,97549020.53475901,31551666.66666694,27506528.648816176,0.7029711082094414,0.8717932063435404,101.32136587140995,0.5022338499573428,2.1996684150321753
312,50,35,4,900,0,1.0,91066518.86809146,29194000.00000001,25845528.648816068,0.6605217309854561,0.8853027556626725,108.53385111070888,0.44534878446000375,2.1535909889901417
313,50,35,4,900,0,1.0,95918777.02006127,30281166.666666716,27520696.284396023,0.7033331836502005,0.9088387045103715,103.04343223572188,0.48802407649698826,2.2150950401052856
314,50,35,4,900,0,1.0,113189187.52991293,36362333.33333406,32073359.4582289,0.8196834042641473,0.8820489918568186,87.32106145198694,0.6342253004411038,2.3398644939265587
315,50,35,4,900,0,1.0,98330535.74687736,33159500.000000488,26863134.250955813,0.6865281873794765,0.810118797055306,100.51608002465171,0.5090199847608815,2.1571150224051263
316,50,35,4,900,0,1.0,109407736.72189066,35143166.66666721,31004926.495146737,0.792377977480034,0.8822462354980226,90.33913227840694,0.6031120946193635,2.308909083017782
317,50,35,4,900,0,1.0,99588017.52991162,32649833.333333664,27801692.791561812,0.7105144760832541,0.85151101715358,99.24687974666595,0.5199021477882995,2.2011109615111635
318,50,35,4,900,0,1.0,113033343.40263885,37764833.3333339,31103369.64501569,0.7948938416605904,0.8236066970157039,87.44145490585616,0.6329539667955477,2.291839324408111
319,50,35,4,900,0,1.0,106967538.27174343,35321000.00000056,29700656.713067137,0.759045382668873,0.8408781380217624,92.39999498624441,0.5827483010699468,2.2554508114873566
320,50,20,8,500,0,1.0,73386712.2113503,26348666.6666666,19027909.652521748,0.8753168249986508,0.7221583502968573,74.83371082470451,0.7809622125395236,2.3586888927770095
321,50,20,8,500,0,0.9111421425100347,85337002.84384161,32004500.000000004,21255226.53839671,0.9777772623463535,0.6641324357011266,64.35426388303627,0.9299996541493991,2.372447745220335
322,50,20,8,500,0,0.9487110631899011,56016557.362813115,20599333.333333116,14215061.670480195,0.6539174757388934,0.6900738698896572,98.03887026527197,0.5304756770478536,2.0312458361494805
323,50,20,8,500,0,0.8446821310611549,64087619.39611516,24100999.99999981,15922179.955807326,0.7324478758037082,0.6606439548486558,85.69205802537424,0.6516804353174743,2.024877730257554
324,50,20,8,500,0,0.9775224362753016,73993866.03346637,26827166.66666676,19019238.506653253,0.8749179372590454,0.7089544245566939,74.2196656884523,0.7889956841781675,2.333681660098824
325,50,20,8,500,0,0.8873867386331962,76221053.1025129,28589000.000000093,18983236.91354117,0.8732618015745046,0.6640049289426392,72.05095936701173,0.8180356816076174,2.236626363394925
326,50,20,8,500,0,0.9077146319725026,85030789.12048829,32510500.000000287,20783264.740761627,0.9560662016060665,0.6392785328051381,64.5860170980907,0.9264144092097184,2.3455518674263316
327,50,20,8,500,0,0.9813807221788736,81330876.2070459,30730333.333333578,20112198.24648363,0.9251959797130094,0.6544738069817055,67.52417109117818,0.8821414589666228,2.387101226730861
328,50,20,8,500,0,1.0,84047205.71423651,31271166.666666918,21093165.144412927,0.970322157322879,0.6745244067563653,65.34185108630875,0.9148173497078966,2.454436875112989
329,50,20,8,500,0,0.9458564667408794,80357262.56914443,29630333.33333327,20338155.475424446,0.9355904038948457,0.6863964453799988,68.3422981871055,0.870194696649381,2.3651683196942592
330,50,30,4,500,0,1.0,79070697.6342136,28431333.333333347,20476269.54654953,0.9419438905590427,0.7202008188108021,69.4543005729561,0.8542155844734816,2.4303762395221233
331,50,30,4,500,0,0.9920526974606667,93514143.94981879,37513666.66666715,21736356.89758425,0.9999100928098767,0.5794250157076258,58.72694512337074,0.9787824187228457,2.434375128749613
332,50,30,4,500,0,0.9638176876152016,86260924.24455689,31956833.333333474,21738311.328073684,0.9999999999999956,0.6802398442088105,63.66497980511188,0.940745157743352,2.448754720725602
333,50,30,4,500,0,1.0,80521909.9920752,28871333.333333414,20904074.504022148,0.9616236601150217,0.724042574088095,68.20255506284552,0.8722237874215871,2.451457846692063
334,50,30,4,500,0,1.0,85815578.24455716,31615833.333333552,21738311.3280736,0.9999999999999917,0.6875767309019252,63.99537371116318,0.935579119904582,2.4856405046261223
335,50,30,4,500,0,1.0,82095629.52239239,30823833.333333556,20427624.787241623,0.9397061473151559,0.6627217506120742,66.89515668434039,0.8914380996043807,2.42161550009404
336,50,30,4,500,0,1.0,98376250.91122684,41233500.000000976,21738311.328073606,0.9999999999999919,0.5272002456272955,55.82444898165222,0.930407483027537,2.3521676795293733
337,50,30,4,500,0,1.0,88958613.25252166,34052333.33333367,21719261.063536882,0.9991236548115724,0.6378200533552278,61.7343256510839,0.9715083380769312,2.4817643807611134
338,50,30,4,500,0,0.9793680200622115,90556358.2445583,35245833.33333387,21738311.328073602,0.9999999999999918,0.6167625864449207,60.64510661050144,0.98930581691439,2.4620839061325377
339,50,30,4,500,0,1.0,87756657.91918838,33132000.000000354,21719261.06353683,0.99912365481157,0.6555372770595376,62.57986721710825,0.9579135099734499,2.48234333162108
340,50,35,10,900,0,1.0,109234274.6640012,36250500.000000454,30214472.91231484,0.7721767358691491,0.8334912045989561,90.48258919100293,0.6016718071480558,2.2684647708272205
341,50,35,10,900,0,1.0,98224110.70142573,32341833.333333623,27332361.98214959,0.6985200145711672,0.845108615224328,100.62498840069962,0.508096880463975,2.1841837726434377
342,50,35,10,900,0,1.0,86104123.56996727,29344333.333333418,23327846.54463958,0.5961785417197981,0.7949693823216128,114.78892752411018,0.401258752348805,2.0372342582060954
343,50,35,10,900,0,1.0,93927710.53475802,30550666.66666664,26377195.315482844,0.6741092799865129,0.8633918075595578,105.22773251608739,0.47057706386982184,2.161290509917468
344,50,35,10,900,0,1.0,112655622.29053478,37103000.000000514,31340867.556792066,0.8009634614359689,0.8446990150875032,87.73463586673053,0.6298686766342275,2.30562788870423
345,50,35,10,900,0,1.0,95722150.88855702,33359333.333333783,25462759.828479666,0.6507394925483467,0.7632874306584662,103.25509726068584,0.4863054825257025,2.0969354270524754
346,50,35,10,900,0,1.0,110138338.3885572,35696833.33333383,31008593.161813416,0.7924716847145243,0.8686650962077771,89.7398684655195,0.6091659975589694,2.304098074525191
347,50,35,10,900,0,1.0,97180922.36324506,32552666.666667026,26688859.458228372,0.682074330415528,0.8198670705388624,101.70514705608687,0.499031637085158,2.154925293516248
348,50,35,10,900,0,1.0,112774579.43840994,37854666.66666719,30919823.379734043,0.7902030381368134,0.8168034776795536,87.64209141119326,0.6308409404840313,2.284283722627674
349,50,35,10,900,0,1.0,105776111.77174278,36333000.00000039,28474156.713066995,0.727700312731955,0.7836995765025374,93.44075741154607,0.5727270909103224,2.199686752112352
350,50,40,2,200,0,1.0,57556020.17208804,30451666.66666693,8690244.105459496,0.9994157290217563,0.2853782750410844,38.18540603448168,0.636423433908028,1.8647260539408954
351,50,40,2,200,0,1.0,64778161.96449097,35973666.66666715,8695324.531229494,0.999999999999999,0.2417136015575109,33.92810066461524,0.5654683444102541,1.7588392256562626
352,50,40,2,200,0,1.0,59872172.96449078,32217166.66666695,8695324.531229502,0.9999999999999997,0.2698972451921416,36.70820501710335,0.6118034169517226,1.827721213105436
353,50,40,2,200,0,1.0,60232469.70101013,32505000.000000365,8687704.425414791,0.9991236548115777,0.26727286341838774,36.488625004249855,0.6081437500708309,1.821962040805541
354,50,40,2,200,0,1.0,59829074.964490786,32184166.666666944,8695324.531229513,1.000000000000001,0.27017398403654297,36.734647849802435,0.6122441308300406,1.828383318059275
355,50,40,2,200,0,1.0,58912045.29782419,31482000.00000026,8695324.531229502,0.9999999999999997,0.2761998771116647,37.30646235229541,0.6217743725382568,1.8427342742275887
356,50,40,2,200,0,1.0,63274520.63115812,34822333.3333339,8695324.531229498,0.9999999999999994,0.24970539590194096,34.73436034089435,0.5789060056815725,1.7786703224031253
357,50,40,2,200,0,1.0,61854680.96449119,33735166.66666709,8695324.531229498,0.9999999999999994,0.25775252919740693,35.53166818953746,0.5921944698256244,1.7983964931835499
358,50,40,2,200,0,1.0,66458983.96449122,37260666.66666728,8695324.5312295,0.9999999999999996,0.233364706246874,33.07002107005241,0.5511670178342069,1.7378587828317063
359,50,40,2,200,0,1.0,56296185.70100917,29491000.00000011,8687704.425414788,0.9991236548115774,0.29458832950441677,39.03994511586603,0.6506657519311005,1.886336415534634
360,50,25,2,200,0,0.9676638763013702,56323649.838754356,29503833.333333515,8690244.105459496,0.9994157290217563,0.29454627157350544,39.02090873535276,0.650348478922546,1.8536493724827205
361,50,25,2,200,0,0.958444746007251,61532157.29782344,33484000.000000175,8695324.531229494,0.999999999999999,0.25968595541839234,35.7179090822766,0.59529848470461,1.7614919950465748
362,50,25,2,200,0,0.9210437128317301,55117738.29782297,28572499.99999999,8695324.5312295,0.9999999999999996,0.3043249464075423,39.87464050365086,0.6645773417275144,1.8290810116852785
363,50,25,2,200,0,0.8484037353809298,53021449.03434177,26979333.333333276,8687704.425414791,0.9991236548115777,0.32201330989454185,41.45114929953149,0.6908524883255248,1.7968668716220884
364,50,25,2,200,0,0.8655468927113598,53278890.29782285,27164500.000000015,8695324.531229513,1.000000000000001,0.3200988249822197,41.25085916231647,0.6875143193719412,1.8091402720690768
365,50,25,2,200,0,0.9469558759005512,58268680.964490205,30985166.66666679,8695324.531229502,0.9999999999999997,0.28062861900251623,37.718375697218406,0.6286395949536401,1.8000983660562042
366,50,25,2,200,0,0.9828716519556226,63313541.29782428,34848000.000000425,8695324.531229498,0.9999999999999994,0.2495214798906506,34.71295326321489,0.5785492210535815,1.7610380569217248
367,50,25,2,200,0,0.9440966492316204,57746621.26613623,30609333.333333496,8680087.164210994,0.9982476367657372,0.28357648530549334,38.05936956676691,0.6343228261127819,1.805280663588797
368,50,25,2,200,0,0.9859287151180076,62037361.63115703,33870833.33333357,8695324.531229503,1.0,0.25672012393837695,35.42703851699906,0.5904506419499843,1.7817554562186935
369,50,25,2,200,0,0.9214047609941263,56215904.83875411,29421333.33333348,8690244.105459508,0.9994157290217576,0.29537220516154256,39.09569731740547,0.6515949552900911,1.8092974804134516
370,50,40,8,600,0,1.0,92009190.336176,31757000.000000205,24672872.13413451,0.9458290696155609,0.7769270439315538,71.62110628213011,0.8239173111105065,2.4454589462557497
371,50,40,8,600,0,1.0,102278683.14335088,37645666.666667216,25931483.232478637,0.9940776463391319,0.6888304957404109,64.42984791624589,0.9288288396824925,2.479893236274821
372,50,40,8,600,0,1.0,91176096.0344317,32147500.000000186,24017387.848266184,0.9207012252008552,0.7470997075438539,72.27552271498257,0.8149797234528616,2.412659489487945
373,50,40,8,600,0,1.0,84003469.30867276,29980500.000000134,21898049.280301966,0.8394568522295895,0.7304097423425849,78.44676004732165,0.7353225733147654,2.3196503671888333
374,50,40,8,600,0,1.0,93869208.90682742,34195333.33333378,24026486.2079838,0.9210500087984824,0.7026247112076741,70.20193391147991,0.8436376241500507,2.40573739311619
375,50,40,8,600,0,1.0,104161127.89346981,38844666.66666726,26085973.593688287,0.9999999999999908,0.6715458216577451,63.265443964275036,0.9470304178678975,2.4842670751940936
376,50,40,8,600,0,1.0,100983847.56013617,36411833.33333385,26085973.59368827,0.99999999999999,0.7164147258085851,65.25598062676069,0.9161275501505776,2.4892593307974455
377,50,40,8,600,0,1.0,87934427.67564647,32462833.333333634,22234326.017071016,0.8523479461947544,0.6849163715552907,74.9399316534706,0.7795808614116324,2.327513958655865
378,50,40,8,600,0,1.0,94915934.79041715,34556500.000000305,24307131.506628856,0.9318084839474781,0.7034025872593763,69.42775219514897,0.8545936354070611,2.417315705214562
379,50,40,8,600,0,1.0,84991811.87131023,31955000.00000023,21121888.012677412,0.8097028825402104,0.6609885154960807,77.53452779637055,0.7465877428415129,2.275378555238378
380,50,35,4,200,0,1.0,58235449.83875458,30970500.00000023,8690244.105459496,0.9994157290217563,0.28059747519282646,37.73989908355453,0.6289983180592422,1.8534762982135033
381,50,35,4,200,0,1.0,66226172.631157525,37081000.00000047,8695324.531229494,0.999999999999999,0.23449541628406423,33.18627534525523,0.5531045890875872,1.7407009221148386
382,50,35,4,200,0,1.0,59905132.63115742,32241000.000000276,8695324.531229502,0.9999999999999997,0.26969773056758245,36.68800824684088,0.6114668041140147,1.8272249885680805
383,50,35,4,200,0,1.0,60215148.36767657,32490333.333333645,8687704.425414788,0.9991236548115773,0.2673935147504808,36.499121227438124,0.6083186871239687,1.8222334989243534
384,50,35,4,200,0,1.0,59907526.96449078,32242833.33333361,8695324.531229513,1.000000000000001,0.2696823955058572,36.68654193157916,0.6114423655263193,1.827188281931005
385,50,35,4,200,0,1.0,59567531.631157055,31982500.000000175,8695324.531229502,0.9999999999999997,0.2718775746495569,36.89593877431092,0.614932312905182,1.8324343726248276
386,50,35,4,200,0,1.0,63264382.297824584,34813166.66666719,8695324.531229498,0.9999999999999994,0.24977114591402777,34.73992664076914,0.5789987773461523,1.7788156940773745
387,50,35,4,200,0,1.0,61801444.63115789,33693000.00000045,8695324.531229498,0.9999999999999994,0.2580751055480184,35.562275495611225,0.5927045915935204,1.799164676031935
388,50,35,4,200,0,1.0,66475183.29782457,37271666.66666729,8695324.5312295,0.9999999999999996,0.23329583323961958,33.061962238649805,0.5510327039774967,1.7376693705691924
389,50,35,4,200,0,1.0,58431370.034342915,31124500.00000023,8687704.425414788,0.9991236548115774,0.27912751772445255,37.613357323441974,0.6268892887240329,1.850191302903595
390,50,30,6,700,0,1.0,94329679.91332185,31529666.666666925,25948479.866595235,0.852625035883217,0.8229861780945465,81.49926944588601,0.6988485985414441,2.3572375410170814
391,50,30,6,700,0,1.0,99766451.130892,35200000.00000045,26262445.6470912,0.8629414430961918,0.7460922058832631,77.05796801285162,0.7525412497779329,2.3494150144845434
392,50,30,6,700,0,0.926170304231322,93510936.05674206,31240000.000000026,25733526.62603294,0.845562020423742,0.8237364476963163,82.21284401789192,0.6905864830608723,2.2757459454492475
393,50,30,6,700,0,1.0,104817562.0232657,35300833.333333924,28663335.134177707,0.9418307844218875,0.8119733283211604,73.34457939685323,0.8005873312532769,2.4501659939102054
394,50,30,6,700,0,1.0,90960609.00682999,29927333.33333355,25325530.34333593,0.8321559231508692,0.846234111848781,84.51790378209476,0.6645589245764784,2.3415462140555032
395,50,30,6,700,0,1.0,94167935.913322,33223666.666666985,24789813.199928656,0.8145531251847001,0.746149226954533,81.6392535892082,0.697220037013768,2.2941394185773945
396,50,30,6,700,0,1.0,110802272.25410572,39772333.333334,28734067.799302157,0.9441549452763924,0.7224637176421217,69.38305364685455,0.8552305241923791,2.4332014983060763
397,50,30,6,700,0,1.0,103273502.59634244,35882000.00000059,27539341.433060046,0.9048981712331788,0.767497392371094,74.44116648244942,0.7860883344738714,2.400086248370747
398,50,30,6,700,0,1.0,102231736.59634183,35464000.0000004,27297341.43306017,0.8969464430493148,0.7697197561769642,75.1997398846406,0.7762124674012297,2.391988272342801
399,50,30,6,700,0,1.0,85279937.23217143,29846666.666666847,22604534.194974948,0.742748395212363,0.7573554007697614,90.14781494351072,0.6050382605382253,2.2109225811540343
400,50,25,2,400,0,0.9741109249173772,69376478.92897774,25848166.666666444,17390649.062458992,0.9999999999999991,0.672800097845462,63.332703934110455,0.945969392061389,2.458320395255136
401,50,25,2,400,0,0.954230171439808,80277777.73534977,34219166.66666666,17375408.850829598,0.9991236548115787,0.5077683223582186,54.732456776331766,0.9122076129388628,2.2726524422652457
402,50,25,2,400,0,0.8967206077195742,70542519.26231143,26740999.999999892,17390649.06245898,0.9999999999999986,0.6503365267738324,62.28583903647831,0.9626192568501445,2.3796090859887844
403,50,25,2,400,0,0.9522037673946085,70401066.28363691,27349666.666666545,16933659.484449703,0.973722109142217,0.6191541451248563,62.410986536737106,0.9606135261172754,2.408140609611769
404,50,25,2,400,0,0.9599793591655716,70538897.14600748,26961000.000000026,17248656.814384554,0.9918351380926334,0.6397632437366766,62.28903736480788,0.9625679453437525,2.4343578994986657
405,50,25,2,400,0,0.9127508383721107,70269565.26231132,26531999.999999866,17390649.062458966,0.9999999999999977,0.6554594098620177,62.52778117522508,0.9587454364058456,2.3958638026675705
406,50,25,2,400,0,1.0,80881250.59564714,34657333.33333382,17390649.062458985,0.9999999999999987,0.501788435226563,54.32408583747177,0.9054014306245295,2.30683217880578
407,50,25,2,400,0,1.0,74067425.74135792,29923666.66666679,17082373.714669406,0.982273499586909,0.5708649914115695,59.32162426358745,0.9886937377264575,2.445385730855713
408,50,25,2,400,0,0.9474505967989508,77945797.9289793,32409666.66666688,17390649.06245897,0.9999999999999979,0.5365883346262594,56.36994060928637,0.9394990101547728,2.3162202746547313
409,50,25,2,400,0,0.9148263448460273,68109353.52213857,26960999.999999944,16062935.182433171,0.9236535752485537,0.5957841023119768,64.5109632199316,0.9275739842167535,2.319027610912362
410,50,50,8,300,0,1.0,70045830.45721707,33196166.666666914,13038296.790572377,0.9996404193038804,0.3927651322363208,47.052051185445286,0.7842008530907548,2.0984129588798113
411,50,50,8,300,0,1.0,74334113.94673598,36472333.33333377,13042986.796844296,1.0000000000000024,0.3576131715412817,44.33765097895162,0.7389608496491937,2.025051386882219
412,50,50,8,300,0,1.0,70575010.6134017,33594000.00000021,13042986.796844319,1.0000000000000042,0.38825346183378695,46.69924908766717,0.7783208181277862,2.088923587594816
413,50,50,8,300,0,1.0,62722153.92106186,29186666.66666673,12019619.613337308,0.9215388929355844,0.4118188538146625,52.54602710467957,0.8757671184113262,2.205222201463056
414,50,50,8,300,0,1.0,70070329.21818037,33225500.000000305,13031556.638122238,0.999123654811581,0.39221551633902024,47.0356003286035,0.7839266721433916,2.097699085214608
415,50,50,8,300,0,1.0,66739895.92734285,30787166.66666671,12960317.029775195,0.9936617457062004,0.4209649160020737,49.38275605925443,0.8230459343209072,2.159817867122566
416,50,50,8,300,0,1.0,73828909.61340328,36085500.00000061,13042986.796844315,1.000000000000004,0.36144675276341176,44.64104938374525,0.7440174897290874,2.033174891939817
417,50,50,8,300,0,1.0,68552321.88484727,32063166.666667007,13031556.638122266,0.9991236548115833,0.40643386143359084,48.07714617655424,0.8012857696092373,2.12643285875611
418,50,50,8,300,0,1.0,78356593.94673595,39552333.33333386,13042986.79684432,1.0000000000000042,0.3297652931603904,42.061552627470874,0.7010258771245146,1.9648381116528268
419,50,50,8,300,0,1.0,71583547.88484739,34384166.66666702,13031556.638122236,0.9991236548115808,0.3789987631358067,46.041305542745334,0.7673550923790889,2.0705541028877343
420,50,40,6,400,0,1.0,71379824.5956449,27386333.33333327,17390649.062458985,0.9999999999999987,0.6350119547143597,61.55520870064002,0.9744128982335989,2.4824224620050863
421,50,40,6,400,0,1.0,81989115.59564662,35509833.33333366,17390649.06245902,1.0000000000000009,0.4897417822047093,53.590040191057966,0.8931673365176328,2.2849607622814
422,50,40,6,400,0,1.0,76247504.26231256,31113500.00000022,17390649.06245895,0.9999999999999968,0.5589422296578279,57.62549269657548,0.960424878276258,2.4075786620025204
423,50,40,6,400,0,1.0,69795593.28363682,27206666.66666652,16731992.817783074,0.9621258388740782,0.6149960604429,62.95239847227004,0.9519843901709077,2.443981238525228
424,50,40,6,400,0,1.0,76034408.59564587,30950333.333333526,17390649.062458962,0.9999999999999973,0.5618889100534895,57.78699514013991,0.9631165856689985,2.41262771371179
425,50,40,6,400,0,1.0,74147920.85547271,30323333.33333347,16869601.849099807,0.9700386563211159,0.5563241238573068,59.257224603293814,0.9876204100548969,2.4326797091407424
426,50,40,6,400,0,1.0,83832752.26231363,36921500.000000425,17390649.06245903,1.0000000000000013,0.47101686178673213,52.41149647874795,0.8735249413124658,2.2503384307418517
427,50,40,6,400,0,1.0,73077926.37622204,30669833.33333351,16126545.002222905,0.9273112777047,0.525811302166281,60.12485873476626,0.9979211848226904,2.4185702265557154
428,50,40,6,400,0,1.0,86133706.59564707,38683333.333333775,17390649.062458977,0.9999999999999982,0.449564387655117,51.01138884718621,0.8501898141197702,2.2098413242438637
429,50,40,6,400,0,1.0,77296121.4020178,31940333.333333686,17375408.850829575,0.9991236548115773,0.5439958521878101,56.84373187559836,0.9473955312599727,2.382592213010221
430,50,40,2,800,0,1.0,93706918.69325441,29639500.000000194,26851097.296202913,0.771998135313019,0.9059227482313378,93.75828511403667,0.5697041515681985,2.2944423501532687
431,50,40,2,800,0,1.0,96604617.1609326,31953166.66666679,26790604.27571097,0.7702588954412155,0.8384334659280781,90.94596364233637,0.5970430481676784,2.267789820910141
432,50,40,2,800,0,1.0,99509396.17010078,31890833.333333563,28247991.460923806,0.8121603558173806,0.8857715057385436,88.29115981149765,0.6240534044679109,2.332670609058746
433,50,40,2,800,0,1.0,93938818.85992092,30303166.666666806,26541263.962869607,0.7630900913343115,0.8758577694147306,93.52683061835334,0.5719060723263089,2.2725922878580933
434,50,40,2,800,0,1.0,93117234.29529586,30061166.666666858,26294542.35983143,0.7559965779711223,0.8747013265119872,94.35202910063067,0.56409431383994,2.26385537504953
435,50,40,2,800,0,1.0,90417815.12348942,30343500.00000021,24797155.095243823,0.712945071980469,0.8172147278739649,97.16890402627699,0.5382233082879951,2.191995090587167
436,50,40,2,800,0,1.0,108819098.41149618,35827000.00000066,30282675.977628395,0.8706597398655826,0.8452473268101665,80.737665798119,0.7077758982411118,2.383973759689245
437,50,40,2,800,0,1.0,87449339.52658728,28854833.333333384,24297263.96286961,0.6985726603879274,0.8420517866863287,100.46731110334856,0.509433892212902,2.183075321561965
438,50,40,2,800,0,1.0,104981300.55904588,34961666.66666714,28961215.499777492,0.8326663195767584,0.8283705629911932,83.68918991490773,0.6738014258260202,2.3364978762189748
439,50,40,2,800,0,1.0,96505529.46196294,31335333.33333365,27136042.35983145,0.7801906145760168,0.865988629231044,91.0393430198512,0.5961145790508625,2.288905482435698
440,50,20,10,300,0,0.9621836679503458,60344198.25812941,25763833.33333322,13035366.15818931,0.9994157290217607,0.5059560038887602,54.616683875752685,0.9102780645958781,2.277226535657232
441,50,20,10,300,0,0.9443512481572691,65778712.218178876,29930999.999999918,13031556.638122216,0.9991236548115793,0.43538661047483385,50.10435578410669,0.8350725964017781,2.127733132938914
442,50,20,10,300,0,0.9178923049575216,55635888.595838085,23605999.999999724,12112877.46665322,0.9286889310954387,0.5131270637402933,59.238741092859016,0.9873123515476503,2.3157063074974067
443,50,20,10,300,0,0.9568443882442054,55932706.42106059,23884666.66666645,12080119.613337295,0.9261774010428399,0.5057688173725432,58.92437914928103,0.9820729858213505,2.3435324279635905
444,50,20,10,300,0,0.9528188434303162,68218014.9467348,31780833.333333556,13042986.796844296,1.0000000000000024,0.41040417851989,48.3127514421724,0.8052125240362067,2.0863547102824347
445,50,20,10,300,0,0.896680556163966,60919381.59400939,26511833.333333366,12839317.02977518,0.9843847294916864,0.4842862758054641,54.10100880479223,0.9016834800798705,2.185793056888208
446,50,20,10,300,0,0.9303473528529407,67456616.94673437,31197833.333333433,13042986.796844307,1.0000000000000033,0.41807348149746293,48.858068328603785,0.814301138810063,2.079107276860974
447,50,20,10,300,0,1.0,62343227.31232086,27769499.999999974,12732598.167718042,0.9762026417751707,0.4585101700685304,52.86540562760781,0.8810900937934635,2.2478982298482877
448,50,20,10,300,0,0.9894526737630184,69860527.61340125,33038500.00000012,13042986.796844305,1.000000000000003,0.3947814457933701,47.176855265658936,0.7862809210943156,2.09155875149203
449,50,20,10,300,0,0.9419798118686262,61547925.21817868,26691499.999999892,13031556.63812221,0.9991236548115789,0.48822871094251963,53.548515052568476,0.8924752508761412,2.225038031498783
450,50,45,6,300,0,1.0,70023720.45721705,33177833.333333556,13038296.790572377,0.9996404193038804,0.39298216551931625,47.06690787750504,0.784448464625084,2.098834197040537
451,50,45,6,300,0,1.0,73914544.61340284,36149666.66666715,13042986.796844326,1.0000000000000047,0.3608051746953172,44.589329708220596,0.74315549513701,2.0317996348932637
452,50,45,6,300,0,1.0,70591209.94673496,33605000.0000002,13042986.796844319,1.0000000000000042,0.388126373957573,46.68853250265672,0.778142208377612,2.0886433075436703
453,50,45,6,300,0,1.0,63329443.75439537,29175666.666666787,12322119.613337323,0.9447314334718675,0.4223423496750925,52.0421435056621,0.8673690584277016,2.2052429381677756
454,50,45,6,300,0,1.0,70114737.6134022,33240166.66666702,13042986.796844305,1.000000000000003,0.39238632368001064,47.005809508584946,0.7834301584764157,2.097339217420424
455,50,45,6,300,0,1.0,66823052.218179345,30737666.66666672,13031556.638122259,0.9991236548115826,0.4239605035555367,49.32130291264024,0.8220217152106707,2.1611901180551
456,50,45,6,300,0,1.0,73914544.61340328,36149666.66666726,13042986.796844315,1.000000000000004,0.36080517469531587,44.58932970822033,0.7431554951370055,2.0317996348932583
457,50,45,6,300,0,1.0,68645139.88484728,32132833.33333368,13031556.638122266,0.9991236548115833,0.40555267887328517,48.01213903167403,0.8002023171945672,2.1246444602931955
458,50,45,6,300,0,1.0,78226738.94673623,39451500.000000596,13042986.796844332,1.000000000000005,0.3306081339580025,42.13137405924687,0.7021895676541146,1.9666760748205165
459,50,45,6,300,0,1.0,71606930.21818073,34400666.666667014,13031556.638122236,0.9991236548115808,0.3788169794613119,46.026271339351574,0.7671045223225262,2.0701581058915757
460,50,25,4,200,0,0.9755184733076844,58890375.17208785,31469166.666666884,8690244.105459496,0.9994157290217563,0.27615107185740867,37.32019015972727,0.6220031693287879,1.8184425001223992
461,50,25,4,200,0,0.958444746007251,62849040.6311567,34492333.33333348,8695324.531229494,0.999999999999999,0.2520944131902585,34.969507536292696,0.5828251256048783,1.7429454021643362
462,50,25,4,200,0,0.9210437128317301,55096189.29782296,28555999.99999999,8695324.5312295,0.9999999999999996,0.30450078901910294,39.89023611269687,0.6648372685449478,1.8294816125919602
463,50,25,4,200,0,0.8484037353809298,53002294.36767482,26964666.666666545,8687704.425414788,0.9991236548115773,0.32218845991352235,41.466129461376674,0.6911021576896113,1.797256661001359
464,50,25,4,200,0,0.8655468927113598,53355508.96448953,27223166.66666669,8695324.531229513,1.000000000000001,0.3194090032838271,41.191622808110296,0.6865270468018383,1.8076011421402598
465,50,25,4,200,0,0.9469558759005512,58891207.63115679,31461833.333333448,8695324.531229502,0.9999999999999997,0.2763769179978747,37.31966261865615,0.6219943769776025,1.7900517872764534
466,50,25,4,200,0,0.9828716519556226,63301569.63115741,34838833.33333371,8695324.531229498,0.9999999999999994,0.24958713307169886,34.719518217416045,0.5786586369569341,1.7611999953699158
467,50,25,4,200,0,0.9440966492316204,57691551.5994696,30567166.666666854,8680087.164210994,0.9982476367657372,0.2839676722041932,38.09569926734655,0.6349283211224426,1.8061991081174176
468,50,25,4,200,0,0.9859287151180076,62051727.63115706,33881833.33333358,8695324.531229503,1.0,0.2566367777588611,35.41883657235118,0.5903139428725197,1.7815520801976161
469,50,25,4,200,0,0.9214047609941263,56201538.838753924,29410333.333333433,8690244.105459506,0.9994157290217575,0.295482679742703,39.10569079443962,0.6517615132406603,1.8095524180289488
470,50,35,2,900,0,1.0,109037164.21763933,34600500.00000049,31169958.297204044,0.796595615781951,0.9008528286355284,90.64615785744236,0.600033796636979,2.3207160595454015
471,50,35,2,900,0,1.0,101797013.85339522,31586500.00000023,29557529.617729448,0.7553875524094132,0.9357646341864161,97.09322136142745,0.5389026395488469,2.28751434689798
472,50,35,2,900,0,1.0,89505631.70142485,28266333.333333362,25675028.648816023,0.6561643445816686,0.9083254041491997,110.42657106728915,0.4315193822662849,2.1581797055856446
473,50,35,2,900,0,1.0,96871176.70142518,30097833.33333346,28102361.982149534,0.7181985338140716,0.9337004983354089,102.03034934182428,0.4963341833557686,2.243294582024096
474,50,35,2,900,0,1.0,112723236.4135445,35533666.6666673,32374134.250956345,0.827370160818002,0.9110834115333563,87.68201051058884,0.6304213700366951,2.35928809926338
475,50,35,2,900,0,1.0,100890869.38855699,32924833.333333768,28262259.828479826,0.722284966081487,0.8583873316031806,97.96525750942749,0.53112690606412,2.2178367713466645
476,50,35,2,900,0,1.0,110313213.18052466,34798500.00000061,31666522.944780968,0.8092860793828462,0.9099967798836275,89.59760771201019,0.6106120514178757,2.3386094753247777
477,50,35,2,900,0,1.0,101421911.8632448,32178666.666666962,28997026.12489524,0.7410630345270056,0.9011257807935374,97.45231398642052,0.5356870056763885,2.2565876303112185
478,50,35,2,900,0,1.0,113759690.45720166,37755666.66666724,31463700.890125234,0.8041026537913806,0.8333504257230638,86.88314780285425,0.6388711658113636,2.305551506389815
479,50,35,2,900,0,1.0,108789831.02991216,34492333.33333382,31118192.791561995,0.7952726696794891,0.9021770864509472,90.85224148645302,0.5979763796203609,2.3197180487811186
480,50,45,6,600,0,1.0,91417182.33344729,31436166.666666858,24589335.610922184,0.9426267155645495,0.7821989198509796,72.08491699036927,0.8175728368030672,2.443331972683851
481,50,45,6,600,0,1.0,100631150.81001802,37150666.66666736,25443816.5658119,0.9753830530583685,0.6848818298230115,65.48469283076084,0.9126420383444436,2.4605475022028527
482,50,45,6,600,0,1.0,91875983.6368651,32088833.33333351,24397251.002211213,0.9352631947812023,0.7603034597355595,71.72494638039285,0.8224926167270501,2.430735384515498
483,50,45,6,600,0,1.0,83843707.09353743,29742166.666666888,21972883.078023266,0.8423255892331187,0.738778829541328,78.59623850658595,0.7334929385972174,2.32451600223028
484,50,45,6,600,0,1.0,95308413.03797746,33594000.00000038,25113054.67934392,0.9627033696537972,0.7475458319742704,69.14185002088082,0.8586755224948555,2.456712188074272
485,50,45,6,600,0,1.0,104101830.56013645,38800666.66666726,26085973.593688287,0.9999999999999908,0.6723073553810388,63.30148052673554,0.946461793298856,2.484307677603687
486,50,45,6,600,0,1.0,99724989.22680292,35449333.33333387,26085973.59368822,0.9999999999999882,0.7358664082170183,66.07972636640677,0.9036358931640343,2.492329019737649
487,50,45,6,600,0,1.0,88323024.67564644,32508666.666666966,22395659.350404337,0.8585326236710958,0.6889135005148616,74.61021657942636,0.7838766465012588,2.3350074469131483
488,50,45,6,600,0,1.0,94169850.62375072,34334666.666667044,24085298.173295483,0.9233045524175065,0.701486296841731,69.9778109060521,0.8467948271578222,2.4079838646312073
489,50,45,6,600,0,1.0,86678727.5829742,31971500.00000019,21935553.23717585,0.8408945580809424,0.6860970938859834,76.02557379135312,0.7656019464033097,2.3144796215120964
490,50,20,6,500,0,0.9126725378897416,64939002.896114945,23622499.99999974,16642679.955807324,0.7655921246428309,0.7045266147024027,84.56859137158932,0.663997746816688,2.1402915764683517
491,50,20,6,500,0,0.8872523241056283,79129815.75467294,29725666.666666627,19678344.76395304,0.9052379675204848,0.6619984333612837,69.40241105863673,0.8549546512059056,2.271805722000561
492,50,20,6,500,0,0.8368392197634134,76125332.93584558,26907833.33333322,20008070.246874493,0.9204059112464369,0.7435779016101102,72.1415564070925,0.8168014201551727,2.248502961206674
493,50,20,6,500,0,0.8446821310611549,66348786.72944833,24146833.33333309,16996513.28914062,0.7818690712737469,0.7038816665735655,82.77167180756467,0.68418436140511,2.091971825725117
494,50,20,6,500,0,0.9767442604124928,70863615.72944865,24405333.33333318,19035179.955807187,0.8756512715513621,0.7799598430318773,77.49816239926612,0.7470403793258981,2.3477525141638926
495,50,20,6,500,0,0.8841041704051985,70980543.10251275,27027000.000000045,17421236.913541168,0.8014070941675511,0.6445864103874325,77.37049844868808,0.7486315736446291,2.1484048723597735
496,50,20,6,500,0,0.9344289489443809,80302461.56568813,29577166.666666668,20345297.81959726,0.9359189641065853,0.6878717643541671,68.38893718728234,0.8695185426328055,2.35424490306052
497,50,20,6,500,0,0.9441598270648068,77415073.20013304,29305833.333333455,19109071.839986607,0.8790504263000566,0.6520569342845234,70.93967328303917,0.8333280573027868,2.2991334317952123
498,50,20,6,500,0,0.980299818415202,86314871.91122416,31995333.333333664,21738311.32807358,0.9999999999999907,0.6794213112768535,63.62518854975976,0.9413692551805324,2.465206122617217
499,50,20,6,500,0,0.9352189533389758,70352340.90247785,25875666.666666623,17848488.808757745,0.821061421901132,0.6897788968564201,78.06136838591786,0.7400608944058032,2.227102965229915
500,50,30,6,800,0,0.9764134084941183,86738496.46018618,28662333.33333344,24071248.963812508,0.6920744843208536,0.8398216810847833,101.29066514350716,0.5024908981276359,2.1507616514895807
501,50,30,6,800,0,1.0,95853657.16607274,33412500.000000216,25492158.206965104,0.7329271643458878,0.7629527334669641,91.65847459297277,0.5899949843523533,2.2003571711259244
502,50,30,6,800,0,0.9844655928902418,96509952.29351968,31821166.666666813,26826748.9638126,0.7712980943800192,0.843047310138822,91.03517089387202,0.5961560315774193,2.2550594725787185
503,50,30,6,800,0,1.0,90006670.85992089,30453500.000000127,24524597.296202987,0.7051087399936082,0.8053129294236422,97.61276487687795,0.5342563951006614,2.178506738639575
504,50,30,6,800,0,0.9834223250406469,87439183.79015589,29210500.000000153,24063821.761910588,0.6918609442202155,0.8238072529368022,100.47898000837843,0.5093348262513546,2.151802953641443
505,50,30,6,800,0,1.0,86395487.73427247,31007166.666666944,22409286.514204204,0.6442912634750038,0.7227131312934323,101.69281093733251,0.49913424952574476,2.077304754560491
506,50,30,6,800,0,1.0,106739904.66062638,36054333.333334,29121251.98989288,0.8372675420366165,0.8077046306932779,82.3103601969101,0.689465005407706,2.3356287099623283
507,50,30,6,800,0,1.0,87429149.0265875,29857666.66666678,23646430.629536316,0.6798604970007012,0.7919718206223826,100.49051257868481,0.5092369366644233,2.1428143931623294
508,50,30,6,800,0,1.0,102851076.92673485,34941500.00000049,27932639.300504096,0.8030936395813415,0.7994115679207734,85.42253773636706,0.6546143716665934,2.2941436260032124
509,50,30,6,800,0,0.9829997543907291,91872149.8599213,31042000.00000025,25059930.629536226,0.7205001532585926,0.8072911097717939,95.63072175186743,0.552199788482569,2.181032430690733
510,50,40,6,600,0,1.0,91419015.66678064,31436166.666666858,24589335.610922184,0.9426267155645495,0.7821989198509796,72.08347138651776,0.8175925351477291,2.4433516710285126
511,50,40,6,600,0,1.0,100632984.14335135,37150666.66666736,25443816.5658119,0.9753830530583685,0.6848818298230115,65.48349982956734,0.9126601849088667,2.460565648767276
512,50,40,6,600,0,1.0,91877816.97019842,32088833.33333351,24397251.002211213,0.9352631947812023,0.7603034597355595,71.72351517817923,0.82251223618194,2.4307550039703876
513,50,40,6,600,0,1.0,83845540.42687078,29742166.666666888,21972883.078023266,0.8423255892331187,0.738778829541328,78.59451995240649,0.733513948020685,2.3245370116537476
514,50,40,6,600,0,1.0,95310246.37131079,33594000.00000038,25113054.67934392,0.9627033696537972,0.7475458319742704,69.14052004783808,0.858694556294098,2.4567312218735147
515,50,40,6,600,0,1.0,104103663.89346978,38800666.66666726,26085973.593688287,0.9999999999999908,0.6723073553810388,63.30036574642946,0.9464793784116787,2.48432526271651
516,50,40,6,600,0,1.0,99726822.56013624,35449333.33333387,26085973.59368822,0.9999999999999882,0.7358664082170183,66.0785115862514,0.9036541886650872,2.492347315238702
517,50,40,6,600,0,1.0,88324858.00897978,32508666.666666966,22395659.350404337,0.8585326236710958,0.6889135005148616,74.60866791690772,0.7838968794354022,2.3350276798472915
518,50,40,6,600,0,1.0,94171683.95708404,34334666.666667044,24085298.173295483,0.9233045524175065,0.701486296841731,69.97644857877987,0.8468140542375514,2.4080030917109365
519,50,40,6,600,0,1.0,86680560.91630754,31971500.00000019,21935553.23717585,0.8408945580809424,0.6860970938859834,76.02396581584922,0.7656224644978393,2.314500139606626
520,50,30,8,500,0,1.0,78360724.92079395,28627500.00000003,20004738.858366866,0.9202526616008069,0.6987944758839174,70.08357829194463,0.8453034208076865,2.4043390015148205
521,50,30,8,500,0,0.9920526974606667,95047402.91918889,38714500.00000043,21719261.063536897,0.9991236548115732,0.561011018185348,57.77959030263281,0.9629931717105469,2.403854683719492
522,50,30,8,500,0,0.9638176876152016,86356697.57789028,32030166.666666828,21738311.328073688,0.9999999999999957,0.6786824294203978,63.59437257366884,0.9418528662354637,2.4486164973869835
523,50,30,8,500,0,1.0,76743404.49207526,28799833.333333448,19105574.504022203,0.8788895427837787,0.663391842685043,71.56054694663824,0.8247493290079829,2.3554628031560174
524,50,30,8,500,0,1.0,86945079.58708426,33078833.333333712,21357063.5694238,0.982461942287227,0.6456413790114591,63.16401142055898,0.9486327669768443,2.4651458701860114
525,50,30,8,500,0,1.0,81732971.1045409,31159333.333333492,20036789.54182869,0.9217270485933434,0.6430429472762123,67.19197804489072,0.8870390252433936,2.4014733830643635
526,50,30,8,500,0,1.0,99475249.91122666,42075000.000000924,21738311.32807362,0.9999999999999927,0.5166562407147509,55.20770246770903,0.9201283744618171,2.3334533670336177
527,50,30,8,500,0,1.0,88798192.91918886,33929500.00000048,21719261.06353686,0.9991236548115714,0.6401291225493024,61.8458531582713,0.9697041836508162,2.481807481690258
528,50,30,8,500,0,0.9793680200622115,90501288.57789168,35203666.66666721,21738311.32807359,0.9999999999999912,0.617501339673138,60.68200891165628,0.9886975429696334,2.4620666347703555
529,50,30,8,500,0,1.0,86605899.28164819,33089833.333333757,21184517.78834223,0.9745245372847173,0.640212284387711,63.41138473881898,0.9447297111814981,2.456899538691667
530,50,25,2,800,0,0.9701778118706412,93423329.5265878,29553333.33333354,26764930.62953626,0.7695207503011893,0.9056484535146426,94.04289104788977,0.5670081976259376,2.261704772308293
531,50,25,2,800,0,0.9904097917719914,96004350.82759914,31489333.333333425,26790604.275710966,0.7702588954412154,0.8507834698218727,91.51460245564492,0.5914114125351163,2.262447980164606
532,50,25,2,800,0,0.9630769967873546,90220222.12348855,28594499.999999963,25812821.761910524,0.7421465889284248,0.9027198154159211,97.38171546479317,0.5363176884918396,2.221570537611931
533,50,25,2,800,0,0.9297338962987828,86840106.35992031,28185666.666666627,24423763.962869626,0.7022096724265722,0.8665313562284492,101.17214692927816,0.5034844511542074,2.1264434324357495
534,50,25,2,800,0,0.8927513753888511,88616699.85992098,28565166.66666682,25048930.62953622,0.7201838913421884,0.8769047603270679,99.14384099033221,0.5207957493773773,2.1150709330278827
535,50,25,2,800,0,0.8588109626889939,79652912.46018536,26410999.999999862,22047248.963812582,0.6338822917025484,0.83477524379284,110.30105150758419,0.43242306256408963,1.9590542202873558
536,50,25,2,800,0,1.0,106504480.16812904,34717833.3333339,29857323.81720858,0.8584304044655021,0.8599996298888111,82.49230441884367,0.687377435951403,2.375377139862452
537,50,25,2,800,0,1.0,87454839.52658728,28854833.333333384,24297263.96286961,0.6985726603879274,0.8420517866863287,100.46099275419762,0.5094875413909765,2.1831289707400394
538,50,25,2,800,0,0.9655208937872425,100785370.27677138,33458333.333333705,27868937.828259256,0.8012621532458961,0.8329445926254231,87.17336629188252,0.6357884236544299,2.267664991542011
539,50,25,2,800,0,0.9557136195760262,106209350.82729256,34263166.666667186,30003085.323226325,0.8626212056683278,0.8756658605176366,82.7215299930288,0.6847563711411689,2.3410026791313046
540,50,50,2,200,0,1.0,57552353.50542138,30451666.66666693,8690244.105459496,0.9994157290217563,0.2853782750410844,38.18783883083025,0.6364639805138376,1.8647666005467052
541,50,50,2,200,0,1.0,64774495.2978243,35973666.66666715,8695324.531229494,0.999999999999999,0.2417136015575109,33.93002122046363,0.5655003536743938,1.7588712349204023
542,50,50,2,200,0,1.0,59868506.29782411,32217166.66666695,8695324.531229502,0.9999999999999997,0.2698972451921416,36.71045322338162,0.6118408870563603,1.8277586832100736
543,50,50,2,200,0,1.0,60228803.03434346,32505000.000000365,8687704.425414791,0.9991236548115777,0.26727286341838774,36.49084639365617,0.6081807732276029,1.8219990639623131
544,50,50,2,200,0,1.0,59825408.297824115,32184166.666666944,8695324.531229513,1.000000000000001,0.27017398403654297,36.73689929634689,0.6122816549391149,1.8284208421683492
545,50,50,2,200,0,1.0,58908378.631157525,31482000.00000026,8695324.531229502,0.9999999999999997,0.2761998771116647,37.30878443898557,0.6218130739830928,1.8427729756724247
546,50,50,2,200,0,1.0,63270853.96449144,34822333.3333339,8695324.531229498,0.9999999999999994,0.24970539590194096,34.73637326332656,0.5789395543887761,1.778703871110329
547,50,50,2,200,0,1.0,61851014.29782452,33735166.66666709,8695324.531229498,0.9999999999999994,0.25775252919740693,35.53377458641455,0.5922295764402425,1.7984315997981681
548,50,50,2,200,0,1.0,66455317.29782455,37260666.66666728,8695324.5312295,0.9999999999999996,0.233364706246874,33.0718457057453,0.5511974284290883,1.7378891934265877
549,50,50,2,200,0,1.0,56292519.034342505,29491000.00000011,8687704.425414788,0.9991236548115774,0.29458832950441677,39.042488019752376,0.6507081336625397,1.8863787972660733
550,50,25,8,600,0,0.9727729154951531,87666494.97533971,30336166.666666884,23456382.613635246,0.8991952142169802,0.7732151155211352,75.16896850790816,0.776610654936638,2.3679556628486993
551,50,25,8,600,0,0.989827213917765,99854980.68624033,35821500.00000027,25908622.915034544,0.9932013011507114,0.7232701845270116,65.99370361610868,0.9049323764140456,2.47337573795342
552,50,25,8,600,0,0.9938301510401822,75664893.33537602,26623666.66666649,19965374.004576147,0.7653681750796048,0.7499107562660896,87.091908935779,0.6366521705768032,2.2304109266298573
553,50,25,8,600,0,1.0,84008969.30867276,29980500.000000134,21898049.280301966,0.8394568522295895,0.7304097423425849,78.44162420071133,0.7353855177410954,2.319713311615163
554,50,25,8,600,0,1.0,89180534.07349335,32439000.00000023,22854986.207983907,0.8761408166691407,0.7045527361504282,73.89280708466458,0.7933055800361114,2.356947768956454
555,50,25,8,600,0,0.986302248344891,89826610.58968249,33172333.333333552,22702884.296249326,0.8703100236880659,0.6843921429378652,73.36133420531071,0.8003638010083058,2.334179763703489
556,50,25,8,600,0,0.9900031534764351,100673295.5601361,36169833.33333383,26085973.59368827,0.99999999999999,0.7212080120271841,65.45727904639473,0.9130591164853168,2.480028679583499
557,50,25,8,600,0,1.0,87939927.67564647,32462833.333333634,22234326.017071016,0.8523479461947544,0.6849163715552907,74.93524470824573,0.7796417613368197,2.3275748585810523
558,50,25,8,600,0,0.9791488178611935,90806589.70464344,32781833.333333522,23430054.67934403,0.8981859387074173,0.714726795207017,72.5696232116404,0.8109947323066815,2.361924986333489
559,50,25,8,600,0,0.8595243022400195,85098295.24964073,30928333.33333348,21825553.237175863,0.8366777325288917,0.7056815186886596,77.43750894972037,0.747795937420864,2.1718654546118112
560,50,40,6,800,0,1.0,89914810.62685312,29610166.666666854,25019082.297145806,0.7193257194509839,0.8449490534381429,97.71248961932545,0.5333691562787309,2.2093283990292454
561,50,40,6,800,0,1.0,95849990.49940607,33412500.000000216,25492158.206965104,0.7329271643458878,0.7629527334669641,91.66198091646594,0.5899605068052003,2.2003226935787716
562,50,40,6,800,0,1.0,95361585.29351991,31824833.333333552,26265748.963812508,0.7551687366434205,0.8253224357439628,92.13143817772732,0.585362497606249,2.2456204462014195
563,50,40,6,800,0,1.0,90003004.19325422,30453500.000000127,24524597.296202987,0.7051087399936082,0.8053129294236422,97.61674156048339,0.5342209867966129,2.1784713303355265
564,50,40,6,800,0,1.0,90827699.85992123,30440666.666666895,24935263.96286961,0.7169158515393504,0.8191431625304776,96.73040287874598,0.5421712428027453,2.1974857728271275
565,50,40,6,800,0,1.0,86391821.0676058,31007166.666666944,22409286.514204204,0.6442912634750038,0.7227131312934323,101.69712701303848,0.49909834579698037,2.077268850831726
566,50,40,6,800,0,1.0,106736237.99395971,36054333.333334,29121251.98989288,0.8372675420366165,0.8077046306932779,82.31318777130964,0.6894325142799932,2.3355962188346155
567,50,40,6,800,0,1.0,87425482.35992084,29857666.66666678,23646430.629536316,0.6798604970007012,0.7919718206223826,100.49472719898591,0.5092011672485366,2.142778623746443
568,50,40,6,800,0,1.0,102847410.26006818,34941500.00000049,27932639.300504096,0.8030936395813415,0.7994115679207734,85.42558317981488,0.6545811459923409,2.2941104003289596
569,50,40,6,800,0,1.0,95319100.69325493,32070500.00000034,26088430.62953619,0.7500706424423508,0.813471278263074,92.1725020074776,0.5849620142343245,2.235739036844784
570,50,50,2,500,0,1.0,78529967.51338226,27762166.666666634,20642465.192800764,0.9495891783526997,0.7435466201413479,69.93253879882408,0.8474340047053714,2.44227130081845
571,50,50,2,500,0,1.0,93499627.61648557,37508166.66666717,21736356.89758425,0.9999100928098766,0.5795099795400278,58.736062805791356,0.9789343800965226,2.4425423637285446
572,50,50,2,500,0,1.0,87378927.5778906,32818500.000000276,21738311.328073654,0.9999999999999942,0.6623797957881522,62.85039370739066,0.9536042157616381,2.48350805239216
573,50,50,2,500,0,1.0,81252997.21924698,28620166.66666672,21424545.088293366,0.9855662091206137,0.7485821217542408,67.5888913387569,0.8811904317544109,2.480056129157804
574,50,50,2,500,0,1.0,86720485.91122434,32314333.33333372,21738311.328073554,0.9999999999999896,0.6727142133441287,63.32759719107143,0.946049909197977,2.48422127987328
575,50,50,2,500,0,1.0,84728976.69834995,30827500.00000019,21714053.212143667,0.9988840846207412,0.7043728233604261,64.81607844211047,0.9228690083159297,2.4863672670042707
576,50,50,2,500,0,1.0,98392860.9112271,41251833.333334364,21738311.328073606,0.999999999999992,0.5269659448203853,55.8150250855584,0.9302504180926401,2.351823173948948
577,50,50,2,500,0,1.0,88066414.43021756,33364833.33333374,21725610.26364862,0.9994157290217498,0.6511529683543559,62.35975468663614,0.9614341098705346,2.4823564845540194
578,50,50,2,500,0,1.0,91657601.24455854,36094666.66666727,21738311.32807358,0.9999999999999908,0.6022582651566221,59.91647092472904,0.998607848745484,2.4804144608707817
579,50,50,2,500,0,1.0,87763690.585855,33143000.00000035,21719261.063536823,0.9991236548115696,0.6553197074355548,62.57485257673429,0.9579935731818363,2.4822493391302802
580,50,25,2,500,0,1.0,78539134.18004893,27762166.666666634,20642465.192800764,0.9495891783526997,0.7435466201413479,69.92437664782744,0.8475492939520305,2.4423865900651087
581,50,25,2,500,0,0.9113428452597725,84061640.5858542,30301333.333333403,21719261.063536838,0.9991236548115704,0.7167757545389682,65.33063073389688,0.9149884419226261,2.3997518908135733
582,50,25,2,500,0,0.9181341402273895,71294228.64556737,25813333.333333097,18348795.499707922,0.8440763968639784,0.7108262719411709,77.03007809092055,0.7528911363693175,2.2396862941496436
583,50,25,2,500,0,1.0,81262163.88591366,28620166.66666672,21424545.088293366,0.9855662091206137,0.7485821217542408,67.5812670668,0.8813024127940013,2.4801681101973942
584,50,25,2,500,0,0.9235683815727168,85908396.24455737,31685500.00000027,21738311.328073613,0.9999999999999923,0.6860649611990794,63.92623119591674,0.9366578795792166,2.409078230111197
585,50,25,2,500,0,0.9780062417085332,80573473.93787405,29415833.33333343,20581289.541828625,0.9467749923725248,0.6996670571459324,68.15890803261675,0.8728585178946949,2.4105984053199743
586,50,25,2,500,0,0.9564708025349459,89985945.91122454,34807666.66666708,21738311.32807364,0.9999999999999936,0.6245265313601424,61.02953016038665,0.9829875384194303,2.43907956604249
587,50,25,2,500,0,0.9730256499942272,85249032.09424706,31337166.66666693,21638535.429109767,0.9954101357065782,0.6905070793182617,64.42067276410296,0.9289708863083579,2.4544021997571948
588,50,25,2,500,0,0.9359026822918312,81010779.88875233,30130833.333333496,20338984.002969716,0.9356285175980108,0.6750222862395533,67.79097803454785,0.8782274766252683,2.354147987908742
589,50,25,2,500,0,0.9568344368020483,86721744.919188,32338166.6666669,21719261.06353684,0.9991236548115705,0.6716293254164074,63.32667781440002,0.9460644055793155,2.4402023027144897
590,50,30,2,400,0,1.0,71165606.92897798,27219499.999999866,17390649.062458996,0.9999999999999992,0.6389040600473587,61.74049782762248,0.9714084045342264,2.4825316525721135
591,50,30,2,400,0,1.0,81837150.59564617,35390666.66666692,17390649.062458985,0.9999999999999987,0.49139082985510857,53.689552581193546,0.8948258763532257,2.2879385402373127
592,50,30,2,400,0,0.9601000669980321,74759501.26231231,29971333.333333496,17390649.06245895,0.9999999999999968,0.5802427562712877,58.772462707893936,0.9795410451315656,2.403835317146628
593,50,30,2,400,0,1.0,69827991.95030355,27228666.66666654,16731992.817783047,0.9621258388740767,0.614499160851913,62.92318993115338,0.9524479375779945,2.444047266259525
594,50,30,2,400,0,0.9729548378532252,75046821.26231223,30191333.33333346,17390649.062458977,0.9999999999999982,0.5760146089095846,58.54744979327356,0.9757908298878927,2.4095573548687854
595,50,30,2,400,0,1.0,73006849.26231189,28629333.33333339,17390649.062458966,0.9999999999999977,0.607441635471507,60.18339435815371,0.996948093926471,2.4829014023036766
596,50,30,2,400,0,1.0,81116456.26231384,34838833.33333383,17390649.062458985,0.9999999999999987,0.49917426614339566,54.16656745693327,0.9027761242822212,2.3021155371969377
597,50,30,2,400,0,1.0,74065592.40802458,29923666.66666679,17082373.714669406,0.982273499586909,0.5708649914115695,59.323092641920965,0.9887182106986827,2.4454102038279384
598,50,30,2,400,0,1.0,85074289.26231425,37869333.33333391,17390649.06245898,0.9999999999999986,0.4592277584974311,51.64662600297905,0.8607771000496508,2.2281593068475956
599,50,30,2,400,0,0.9692664139087238,73837582.06868339,29289333.333333444,17375408.850829564,0.9991236548115768,0.5932333335513327,59.50628226033874,0.9917713710056457,2.4356244517554355
600,50,45,8,600,0,1.0,92007357.00284265,31757000.000000205,24672872.13413451,0.9458290696155609,0.7769270439315538,71.62253340019758,0.82389771422222,2.4454393493674633
601,50,45,8,600,0,1.0,102276849.81001756,37645666.666667216,25931483.232478637,0.9940776463391319,0.6888304957404109,64.43100283437317,0.9288109611668267,2.4798753577591555
602,50,45,8,600,0,1.0,91174262.70109835,32147500.000000186,24017387.848266184,0.9207012252008552,0.7470997075438539,72.27697603219131,0.8149599832909874,2.4126397493260705
603,50,45,8,600,0,1.0,84001635.97533941,29980500.000000134,21898049.280301966,0.8394568522295895,0.7304097423425849,78.4484721456447,0.7353015912050508,2.3196293850791188
604,50,45,8,600,0,1.0,93867375.57349408,34195333.33333378,24026486.2079838,0.9210500087984824,0.7026247112076741,70.20330503264654,0.8436183455469384,2.4057181145130775
605,50,45,8,600,0,1.0,104159294.5601365,38844666.66666726,26085973.593688287,0.9999999999999908,0.6715458216577451,63.26655751489725,0.947012841925811,2.484249499252007
606,50,45,8,600,0,1.0,100982014.22680281,36411833.33333385,26085973.59368827,0.99999999999999,0.7164147258085851,65.25716535223283,0.9161094610017605,2.4892412416486285
607,50,45,8,600,0,1.0,87932594.34231313,32462833.333333634,22234326.017071016,0.8523479461947544,0.6849163715552907,74.94149409883829,0.7795605608008609,2.3274936580450936
608,50,45,8,600,0,1.0,94914101.45708382,34556500.000000305,24307131.506628856,0.9318084839474781,0.7034025872593763,69.42909324153094,0.8545745347921384,2.4172966045996396
609,50,45,8,600,0,1.0,84989978.5379769,31955000.00000023,21121888.012677412,0.8097028825402104,0.6609885154960807,77.53620030690342,0.7465669318671754,2.2753577442640402
610,50,40,2,500,0,1.0,78533634.18004893,27762166.666666634,20642465.192800764,0.9495891783526997,0.7435466201413479,69.92927370977522,0.8474801217516356,2.442317417864714
611,50,40,2,500,0,1.0,93503294.28315221,37508166.66666717,21736356.89758425,0.9999100928098766,0.5795099795400278,58.733759511931275,0.9788959918655212,2.4425039754975435
612,50,40,2,500,0,1.0,87382594.24455728,32818500.000000276,21738311.328073654,0.9999999999999942,0.6623797957881522,62.847756437971206,0.9536461318701067,2.4835499685006286
613,50,40,2,500,0,1.0,81256663.88591366,28620166.66666672,21424545.088293366,0.9855662091206137,0.7485821217542408,67.58584142354923,0.8812352254945215,2.4801009228979143
614,50,40,2,500,0,1.0,86724152.57789099,32314333.33333372,21738311.328073554,0.9999999999999896,0.6727142133441287,63.32491972253703,0.9460921271210105,2.484263497796314
615,50,40,2,500,0,1.0,84732643.36501662,30827500.00000019,21714053.212143667,0.9988840846207412,0.7043728233604261,64.81327363224203,0.9229121505259992,2.48641040921434
616,50,40,2,500,0,1.0,98396527.57789378,41251833.333334364,21738311.328073606,0.999999999999992,0.5269659448203853,55.81294518399055,0.9302157530665092,2.3517885089228177
617,50,40,2,500,0,1.0,88070081.0968842,33364833.33333374,21725610.26364862,0.9994157290217498,0.6511529683543559,62.357158431120055,0.9614757129141476,2.482398087597632
618,50,40,2,500,0,1.0,91661267.9112252,36094666.66666727,21738311.32807358,0.9999999999999908,0.6022582651566221,59.914074124731286,0.9985679020788548,2.4803745142041524
619,50,40,2,500,0,1.0,87767357.25252168,33143000.00000035,21719261.063536823,0.9991236548115696,0.6553197074355548,62.57223838014347,0.9580353138166988,2.482291079765143
620,50,45,2,700,0,1.0,97092868.80005078,31524166.6666669,27303224.56485252,0.8971397532347802,0.8661045620508812,79.1798624864196,0.7263927919114636,2.4192764415521686
621,50,45,2,700,0,1.0,97727590.08018827,34485000.00000042,25725807.750212923,0.8453083906617345,0.7459999347604064,78.66560501176731,0.7326454312347185,2.3294453790430434
622,50,45,2,700,0,1.0,98461084.45985574,32424333.333333623,27397220.657160025,0.9002283126412887,0.8449586418788291,78.07957877139214,0.7398363152521091,2.4158032287551725
623,50,45,2,700,0,1.0,102792353.85659881,33630666.66666718,28742168.467511036,0.9444211201181473,0.8546416505028326,74.78960945601965,0.7815364485930391,2.4652497689953052
624,50,45,2,700,0,1.0,92698062.89966637,29637666.666666854,26360795.623718105,0.8661730640921709,0.8894355928959075,82.93377185584824,0.6823384174576209,2.393886891774347
625,50,45,2,700,0,1.0,94079961.19508786,31835833.333333675,25634144.881284818,0.8422964971978096,0.8051978603131025,81.71559492949066,0.6963334892671061,2.340491777517588
626,50,45,2,700,0,1.0,109420695.64966339,38690666.66666734,28751920.440699995,0.9447415541679614,0.7431229006314916,70.2591036764593,0.8428341642459466,2.4373324847511397
627,50,45,2,700,0,1.0,107032802.0822227,35955333.33333391,29329983.772028904,0.9637357793075843,0.8157338857108385,71.8265788659277,0.8211005965309534,2.4736877050996244
628,50,45,2,700,0,1.0,102800434.6686333,35033166.66666716,27852181.064892456,0.9151775750243883,0.7950232227049243,74.78373048500075,0.7816130295136444,2.417631607677584
629,50,45,2,700,0,1.0,85592095.63338348,28220500.000000052,23796057.898185786,0.7818999349337203,0.8432188621103717,89.81904161955731,0.6083627011154823,2.28293779080378
630,50,25,4,500,0,1.0,79072530.96754692,28431333.333333347,20476269.54654953,0.9419438905590427,0.7202008188108021,69.45269024275893,0.8542385109336494,2.4303991659822914
631,50,25,4,500,0,0.9113428452597725,83240088.89844167,30468166.666666802,21211971.643943887,0.975787462228027,0.6962011162670478,65.97542209139581,0.9052081441507493,2.37351188242416
632,50,25,4,500,0,0.9181341402273895,69818056.42414823,25763833.333333097,17659910.56978159,0.8123864960464905,0.6854535325274481,78.65873502174045,0.732729323817567,2.199226290066915
633,50,25,4,500,0,1.0,80523743.32540853,28871333.333333414,20904074.504022148,0.9616236601150217,0.724042574088095,68.20100225354417,0.8722463610005223,2.4514804202709986
634,50,25,4,500,0,0.9235683815727168,85894030.24455741,31674500.000000283,21738311.328073617,0.9999999999999925,0.6863032195637949,63.936923024379595,0.9364909846934734,2.409101941917226
635,50,25,4,500,0,0.9780062417085332,77361321.18905872,29412166.66666679,19015958.120575003,0.8747670338135688,0.6465337401384321,70.98896341983247,0.832643757519218,2.327876991338497
636,50,25,4,500,0,0.9564708025349459,89966791.24455804,34793000.00000047,21738311.328073625,0.9999999999999928,0.6247897947309324,61.04252384717779,0.9827746842650338,2.4390773225847253
637,50,25,4,500,0,1.0,87839898.58585483,33194333.333333638,21719261.063536867,0.9991236548115717,0.6543062891317796,62.52056398530911,0.9588607674736852,2.482305798779109
638,50,25,4,500,0,0.9359026822918312,81274345.3122354,30607500.000000194,20163795.49970779,0.927569542794587,0.6587860981689998,67.57113796366983,0.8814512054035796,2.3443827662306105
639,50,25,4,500,0,0.9568344368020483,86745688.25252134,32356500.000000242,21719261.06353684,0.9991236548115705,0.6712487773256279,63.30919853921819,0.9463400543966265,2.440173513059177
640,50,30,6,600,0,1.0,91422682.33344729,31436166.666666858,24589335.610922184,0.9426267155645495,0.7821989198509796,72.08058035275016,0.8176319308906291,2.443391066771413
641,50,30,6,600,0,1.0,100636650.81001802,37150666.66666736,25443816.5658119,0.9753830530583685,0.6848818298230115,65.48111395758025,0.912696477136582,2.460601940994991
642,50,30,6,600,0,0.9786132900251052,87742933.52544871,30338000.000000052,23493414.11686103,0.9006148086627379,0.7743890209262637,75.10348395279847,0.7774587176980936,2.3755832244642097
643,50,30,6,600,0,1.0,83849207.09353743,29742166.666666888,21972883.078023266,0.8423255892331187,0.738778829541328,78.59108306950108,0.7335559659165756,2.3245790295496382
644,50,30,6,600,0,1.0,95313913.03797746,33594000.00000038,25113054.67934392,0.9627033696537972,0.7475458319742704,69.13786025524227,0.858732622961552,2.4567692885409684
645,50,30,6,600,0,0.9762490342897538,101707191.4701994,37348666.66666716,25840084.3355445,0.9905738899389394,0.6918609589510778,64.79187857557581,0.9232413051708379,2.452979106621454
646,50,30,6,600,0,1.0,99730489.22680292,35449333.33333387,26085973.59368822,0.9999999999999882,0.7358664082170183,66.07608215992757,0.9036907787604164,2.492383905334031
647,50,30,6,600,0,1.0,88328524.67564644,32508666.666666966,22395659.350404337,0.8585326236710958,0.6889135005148616,74.60557078473327,0.783937344350549,2.335068144762438
648,50,30,6,600,0,1.0,94175350.62375072,34334666.666667044,24085298.173295483,0.9233045524175065,0.701486296841731,69.97372408335981,0.8468525074607985,2.4080415449341834
649,50,30,6,600,0,1.0,86684227.5829742,31971500.00000019,21935553.23717585,0.8408945580809424,0.6860970938859834,76.02075006888928,0.7656634997326984,2.314541174841485
650,50,30,2,600,0,1.0,91904583.44808353,30668000.000000257,25314141.263095126,0.9704119791495861,0.8254252400904825,71.70262627568022,0.8227986423333961,2.483138834405782
651,50,30,2,600,0,1.0,100446394.89346963,35997500.00000058,26085973.593688246,0.9999999999999892,0.7246607012622495,65.60514199627512,0.9108117598895193,2.490540320899319
652,50,30,2,600,0,0.9786132900251052,87290369.24015963,29414000.000000104,23861486.207983814,0.9147247704704061,0.8112288776767435,75.4928643029297,0.7724296015451124,2.4000259937116124
653,50,30,2,600,0,1.0,88927190.9816573,29769666.666666854,24433629.241088033,0.9366577464833332,0.8207558893646065,74.10331898776894,0.7905271192552448,2.44713183074693
654,50,30,2,600,0,1.0,96340912.01202287,32895500.000000305,26059487.07272876,0.9989846451057446,0.7921900282022927,68.40084718294577,0.8693459603942859,2.50309798295612
655,50,30,2,600,0,0.9762490342897538,94440380.42444682,33671000.00000049,24637654.672740135,0.9444790160602319,0.7317173434926131,69.77735551660447,0.8496286347363148,2.411251543820159
656,50,30,2,600,0,1.0,98169383.89346957,34254000.00000052,26085973.59368817,0.9999999999999862,0.7615453259090259,67.12683464684928,0.8880026271896078,2.4972388879168284
657,50,30,2,600,0,1.0,90706616.70092143,31681833.33333355,24083280.804093152,0.9232272170175038,0.7601605800619595,72.6496063867969,0.8099143536721986,2.418042817721766
658,50,30,2,600,0,1.0,95508778.09983666,34354833.333333686,24723214.13689691,0.9477589191027418,0.7196429654312587,68.99679936342176,0.8607538912068935,2.4364682635519004
659,50,30,2,600,0,1.0,83930479.74015994,30129000.00000022,21765986.207983784,0.8343942437038285,0.7224264399078504,78.51498073645399,0.7344869782339535,2.312428130160234
660,50,40,8,500,0,1.0,78357058.25412728,28627500.00000003,20004738.858366866,0.9202526616008069,0.6987944758839174,70.08685780659373,0.8452572189878363,2.4042927996949706
661,50,40,8,500,0,1.0,95649502.58585571,39178333.333333805,21719261.063536897,0.9991236548115732,0.5543691937772571,57.415876209816346,0.9569312701636058,2.4004266251854114
662,50,40,8,500,0,1.0,88302018.2445574,33522500.0000003,21738311.32807368,0.9999999999999954,0.6484692766969493,62.1933689532458,0.964103958690498,2.4828793800480575
663,50,40,8,500,0,1.0,76739737.82540861,28799833.333333448,19105574.504022203,0.8788895427837787,0.663391842685043,71.56396614873056,0.8247023306032814,2.355415804751316
664,50,40,8,500,0,1.0,88749758.57789159,33865333.33333387,21738311.328073565,0.99999999999999,0.6419045433306396,61.87960494765853,0.9691588495256428,2.4826824841901547
665,50,40,8,500,0,1.0,81729304.43787424,31159333.333333492,20036789.54182869,0.9217270485933434,0.6430429472762123,67.19499251550023,0.886994460478378,2.401428818299348
666,50,40,8,500,0,1.0,99471583.24455999,42075000.000000924,21738311.32807362,0.9999999999999927,0.5166562407147509,55.20973750360349,0.9201622917267248,2.3334872842985255
667,50,40,8,500,0,1.0,88794526.25252217,33929500.00000048,21719261.06353686,0.9991236548115714,0.6401291225493024,61.84840701083202,0.96966290983734,2.481766207876782
668,50,40,8,500,0,1.0,91603803.91122526,36050666.66666727,21738311.328073584,0.9999999999999909,0.6029933240644617,59.951658834192,0.9991943139032,2.4815889731547696
669,50,40,8,500,0,1.0,86602232.61498153,33089833.333333757,21184517.78834223,0.9745245372847173,0.640212284387711,63.41406952423026,0.9446874388515033,2.456857266361672
670,50,40,2,400,0,1.0,71161940.26231132,27219499.999999866,17390649.062458996,0.9999999999999992,0.6389040600473587,61.74367904815318,0.9713569014935894,2.4824801495314768
671,50,40,2,400,0,1.0,81108000.9289799,34835166.666667014,17390649.062458985,0.9999999999999987,0.499226808037629,54.172214204210455,0.902870236736841,2.302251683166944
672,50,40,2,400,0,1.0,76283419.26231264,31141000.000000242,17390649.06245895,0.9999999999999968,0.5584486388509944,57.59836203580783,0.9599727005967972,2.4067316116775928
673,50,40,2,400,0,1.0,69824325.28363688,27228666.66666654,16731992.817783047,0.9621258388740767,0.614499160851913,62.926494200290875,0.952395486616855,2.4439948152983852
674,50,40,2,400,0,1.0,77044817.26231281,31724000.00000026,17390649.062458977,0.9999999999999982,0.5481858864726653,57.02914428417066,0.9504857380695111,2.389034447247643
675,50,40,2,400,0,1.0,73003182.59564523,28629333.33333339,17390649.062458966,0.9999999999999977,0.607441635471507,60.18641713658793,0.9968978693049916,2.482851177682197
676,50,40,2,400,0,1.0,81112789.59564717,34838833.33333383,17390649.062458985,0.9999999999999987,0.49917426614339566,54.1690160319155,0.9028169338652583,2.3021563467799746
677,50,40,2,400,0,1.0,74061925.74135792,29923666.66666679,17082373.714669406,0.982273499586909,0.5708649914115695,59.32602961667791,0.9887671602779651,2.4454591534072208
678,50,40,2,400,0,1.0,85070622.59564757,37869333.33333391,17390649.06245898,0.9999999999999986,0.4592277584974311,51.64885204713193,0.8608142007855322,2.228196407583477
679,50,40,2,400,0,1.0,76388669.0686839,31245500.00000021,17375408.850829575,0.9991236548115773,0.556093160641675,57.51900188298045,0.9586500313830074,2.4035245598963475
680,50,45,2,600,0,1.0,91899083.44808353,30668000.000000257,25314141.263095126,0.9704119791495861,0.8254252400904825,71.70691755291303,0.8227397968197574,2.4830799888921433
681,50,45,2,600,0,1.0,100440894.89346963,35997500.00000058,26085973.593688246,0.9999999999999892,0.7246607012622495,65.60873444018318,0.9107572275194362,2.490485788529236
682,50,45,2,600,0,1.0,93434685.01824284,31410500.000000272,25590323.09333398,0.9809993482292539,0.8147060089248422,70.52841242749801,0.8390595980121728,2.4908244051520465
683,50,45,2,600,0,1.0,88921690.9816573,29769666.666666854,24433629.241088033,0.9366577464833332,0.8207558893646065,74.1079024392298,0.7904667325171115,2.447071444008797
684,50,45,2,600,0,1.0,96335412.01202287,32895500.000000305,26059487.07272876,0.9989846451057446,0.7921900282022927,68.40475233736042,0.8692893800653454,2.5030414026271792
685,50,45,2,600,0,1.0,97640247.92537558,35123000.000000596,25276529.978220057,0.9689701589031617,0.7196574887742967,67.49061109550283,0.8826350080420952,2.4583609990615325
686,50,45,2,600,0,1.0,98163883.89346957,34254000.00000052,26085973.59368817,0.9999999999999862,0.7615453259090259,67.1305956796845,0.887946965483528,2.497183226210749
687,50,45,2,600,0,1.0,90701116.70092143,31681833.33333355,24083280.804093152,0.9232272170175038,0.7601605800619595,72.65401176624162,0.809854889521149,2.4179833535707167
688,50,45,2,600,0,1.0,95503278.09983666,34354833.333333686,24723214.13689691,0.9477589191027418,0.7196429654312587,69.0007728646884,0.8606968896497628,2.4364112619947695
689,50,45,2,600,0,1.0,83924979.74015994,30129000.00000022,21765986.207983784,0.8343942437038285,0.7224264399078504,78.52012619368719,0.7344239930791399,2.3123651450054203
690,50,40,4,500,0,1.0,79067030.96754692,28431333.333333347,20476269.54654953,0.9419438905590427,0.7202008188108021,69.45752145738355,0.8541697302096913,2.4303303852583333
691,50,40,4,500,0,1.0,94116243.6164856,37977500.000000514,21736356.89758425,0.9999100928098767,0.5723482824720941,58.35124510895848,0.9725207518159746,2.43039937779365
692,50,40,4,500,0,1.0,88206244.91122395,33449166.666666944,21738311.32807368,0.9999999999999954,0.6498909687258826,62.26089780295349,0.9630194885579952,2.482932263538701
693,50,40,4,500,0,1.0,80518243.32540853,28871333.333333414,20904074.504022148,0.9616236601150217,0.724042574088095,68.20566089358528,0.8721786389326115,2.4514126982030877
694,50,40,4,500,0,1.0,86822320.24455741,32389500.000000305,21738311.328073587,0.999999999999991,0.6711530381164692,63.25331993582908,0.9472218009321175,2.484144231425293
695,50,40,4,500,0,1.0,82091962.85572572,30823833.333333556,20427624.787241623,0.9397061473151559,0.6627217506120742,66.89814458026399,0.8913937086386207,2.42157110912828
696,50,40,4,500,0,1.0,98372584.24456017,41233500.000000976,21738311.328073606,0.9999999999999919,0.5272002456272955,55.82652974071571,0.9304421623452619,2.3522023588470984
697,50,40,4,500,0,1.0,88954946.58585499,34052333.33333367,21719261.063536882,0.9991236548115724,0.6378200533552278,61.736870300962764,0.9714671364743878,2.4817231791585703
698,50,40,4,500,0,1.0,91658873.57789192,36092833.33333395,21738311.328073595,0.9999999999999915,0.6022888568295615,59.91563921340421,0.9985939868900702,2.4804250723537193
699,50,40,4,500,0,1.0,87752991.25252171,33132000.000000354,21719261.06353683,0.99912365481157,0.6555372770595376,62.58248205119943,0.957871764468065,2.482301586115695
700,50,45,2,400,0,1.0,71160106.92897798,27219499.999999866,17390649.062458996,0.9999999999999992,0.6389040600473587,61.74526978135761,0.9713311490070262,2.482454397044913
701,50,45,2,400,0,1.0,81106167.59564656,34835166.666667014,17390649.062458985,0.9999999999999987,0.499226808037629,54.173438719299575,0.9028906453216596,2.302272091751763
702,50,45,2,400,0,1.0,76281585.9289793,31141000.000000242,17390649.06245895,0.9999999999999968,0.5584486388509944,57.59974634102094,0.9599957723503489,2.4067546834311444
703,50,45,2,400,0,1.0,69822491.95030355,27228666.66666654,16731992.817783047,0.9621258388740767,0.614499160851913,62.928146465000204,0.9523692601537679,2.443968588835298
704,50,45,2,400,0,1.0,77042983.92897949,31724000.00000026,17390649.062458977,0.9999999999999982,0.5481858864726653,57.03050136337315,0.9505083560562191,2.3890570652343515
705,50,45,2,400,0,1.0,73001349.26231189,28629333.33333339,17390649.062458966,0.9999999999999977,0.607441635471507,60.18792863967474,0.9968727560512044,2.48282606442841
706,50,45,2,400,0,1.0,81110956.26231384,34838833.33333383,17390649.062458985,0.9999999999999987,0.49917426614339566,54.17024040242352,0.902837340040392,2.3021767529551083
707,50,45,2,400,0,1.0,74060092.40802458,29923666.66666679,17082373.714669406,0.982273499586909,0.5708649914115695,59.327498213112165,0.9887916368852028,2.4454836300144587
708,50,45,2,400,0,1.0,85068789.26231425,37869333.33333391,17390649.06245898,0.9999999999999986,0.4592277584974311,51.649965141169204,0.8608327523528201,2.228214959150765
709,50,45,2,400,0,1.0,76386835.73535058,31245500.00000021,17375408.850829575,0.9991236548115773,0.556093160641675,57.520382376130044,0.9586730396021674,2.403547568115507
710,50,50,2,900,0,1.0,109031664.21763933,34600500.00000049,31169958.297204044,0.796595615781951,0.9008528286355284,90.65073041782465,0.5999880701999496,2.3206703331083722
711,50,50,2,900,0,1.0,101791513.85339522,31586500.00000023,29557529.617729448,0.7553875524094132,0.9357646341864161,97.0984675032449,0.5388555222808612,2.287467229629994
712,50,50,2,900,0,1.0,89500131.70142485,28266333.333333362,25675028.648816023,0.6561643445816686,0.9083254041491997,110.43335704770419,0.43147058032479924,2.158130903644159
713,50,50,2,900,0,1.0,96865676.70142518,30097833.33333346,28102361.982149534,0.7181985338140716,0.9337004983354089,102.03614259017074,0.4962862625494983,2.2432466612178255
714,50,50,2,900,0,1.0,112717736.4135445,35533666.6666673,32374134.250956345,0.827370160818002,0.9110834115333563,87.68628890610273,0.6303764184400296,2.3592431476667146
715,50,50,2,900,0,1.0,100885369.38855699,32924833.333333768,28262259.828479826,0.722284966081487,0.8583873316031806,97.97059831275276,0.5310796307624512,2.217789496044996
716,50,50,2,900,0,1.0,110307713.18052466,34798500.00000061,31666522.944780968,0.8092860793828462,0.9099967798836275,89.60207509537085,0.6105665891417364,2.3385640130486385
717,50,50,2,900,0,1.0,101416411.8632448,32178666.666666962,28997026.12489524,0.7410630345270056,0.9011257807935374,97.45759900604483,0.5356398224821617,2.2565404471169916
718,50,50,2,900,0,1.0,113754190.45720166,37755666.66666724,31463700.890125234,0.8041026537913806,0.8333504257230638,86.88734859151087,0.638826437998043,2.305506778576494
719,50,50,2,900,0,1.0,108784331.02991216,34492333.33333382,31118192.791561995,0.7952726696794891,0.9021770864509472,90.85683486238727,0.5979306025341213,2.3196722716948788
720,50,20,2,500,0,0.8403319099378694,74112799.61497946,25453999.999999776,19952517.7883423,0.9178504018651518,0.7838657102358167,74.10056061207023,0.7905634629372333,2.257987941063756
721,50,20,2,500,0,0.8872523241056283,79019105.49279863,27602666.666666575,20977479.82404359,0.9650004320690899,0.7599801887756132,69.49964778455373,0.8535702234675671,2.3488066985936857
722,50,20,2,500,0,0.8368392197634134,79373139.20013234,26973833.33333321,21551071.839986563,0.9913866590066999,0.7989621487486018,69.1896535193463,0.8579916667198185,2.3340006054821134
723,50,20,2,500,0,0.8446821310611549,71143045.99207415,24385166.66666642,19184407.83735546,0.8825160127585393,0.7867244911464889,77.19377099220388,0.7508398868587821,2.224901610837128
724,50,20,2,500,0,0.8873056945057277,79601623.66128603,28286500.000000138,20825909.221385363,0.9580279216302279,0.7362490665648016,68.9910550489301,0.8608363025026509,2.33714125026022
725,50,20,2,500,0,0.82831472316205,72981351.43584564,26027833.33333324,19034570.246874455,0.875623223883651,0.7313159725245868,75.24936017151688,0.7755708013464258,2.188938302528145
726,50,20,2,500,0,0.8593926910262449,86855991.24455799,32409666.666667126,21738311.32807356,0.9999999999999899,0.6707354182828144,63.2287988578346,0.9476089950411818,2.343590020693678
727,50,20,2,500,0,0.9471102473376528,80799643.52767397,29397500.000000123,20702460.644707993,0.9523490731302553,0.7042252111474754,67.96812164300022,0.8756384273811056,2.386128843636739
728,50,20,2,500,0,0.7921018951794545,80620640.73954514,29725666.6666666,20405931.38419328,0.9387082131738628,0.6864751466474536,68.1190319206459,0.8734388141062126,2.21472082660363
729,50,20,2,500,0,0.810009418004685,77500733.06914455,28216833.333333306,19844988.808757763,0.9129038824248091,0.7033031869424675,70.86126521023137,0.8344177632787522,2.207069730837411
730,50,30,2,900,0,1.0,109038997.55097266,34600500.00000049,31169958.297204044,0.796595615781951,0.9008528286355284,90.64463377315627,0.6000490385319038,2.3207313014403264
731,50,30,2,900,0,1.0,101798847.18672855,31586500.00000023,29557529.617729448,0.7553875524094132,0.9357646341864161,97.09147277346128,0.5389183450888744,2.287530052438007
732,50,30,2,900,0,0.9495262324907228,84671712.7366332,26431166.66666654,24484679.877972838,0.6257431742013998,0.9263563802066861,116.73083820499802,0.3884798525593426,2.079091189215414
733,50,30,2,900,0,1.0,96873010.03475851,30097833.33333346,28102361.982149534,0.7181985338140716,0.9337004983354089,102.02841840522602,0.49635015677679123,2.2433105554451185
734,50,30,2,900,0,1.0,108733178.91354415,34343833.333333865,31184300.917622905,0.7969621632259852,0.9080029190380347,90.89957728412227,0.5975048041828712,2.323907139413299
735,50,30,2,900,0,1.0,100892702.72189032,32924833.333333768,28262259.828479826,0.722284966081487,0.8583873316031806,97.96347737105023,0.5311426642876953,2.21785252957024
736,50,30,2,900,0,1.0,110315046.51385799,34798500.00000061,31666522.944780968,0.8092860793828462,0.9099967798836275,89.59611868321497,0.6106272052547003,2.338624629161602
737,50,30,2,900,0,1.0,101423745.19657816,32178666.666666962,28997026.12489524,0.7410630345270056,0.9011257807935374,97.45055244058824,0.5357027331941311,2.2566033578289613
738,50,30,2,900,0,1.0,113761523.79053497,37755666.66666724,31463700.890125234,0.8041026537913806,0.8333504257230638,86.88174763023294,0.6388860748172381,2.305566415395689
739,50,30,2,900,0,0.9860914382886082,106220616.02991194,33726000.000000425,30351859.458228596,0.7756878576710715,0.8999543218356229,93.04973337018401,0.5764717808830516,2.2825266766401584
740,50,25,8,500,0,1.0,78362558.25412728,28627500.00000003,20004738.858366866,0.9202526616008069,0.6987944758839174,70.08193864970906,0.8453265210431632,2.4043621017502974
741,50,25,8,500,0,0.9570498642860472,89752418.19835001,34761833.33333353,21653553.212143756,0.9961009797563916,0.6229117148254638,61.18832350414554,0.9803894466316095,2.435768682778028
742,50,25,8,500,0,0.9181341402273895,68240020.93787307,25736333.333333127,16907289.541828815,0.7777646242463195,0.6569424370926557,80.47770098136155,0.71084916513873,2.154537255040244
743,50,25,8,500,0,1.0,76745237.82540861,28799833.333333448,19105574.504022203,0.8788895427837787,0.663391842685043,71.55883746811179,0.8247728275305273,2.355486301678562
744,50,25,8,500,0,0.9796884662810226,79087266.70704597,29505666.666666903,19798698.246483605,0.9107744363249929,0.6710134182072409,69.43974964190701,0.8544227701298466,2.370921970976662
745,50,25,8,500,0,1.0,81734804.43787424,31159333.333333492,20036789.54182869,0.9217270485933434,0.6430429472762123,67.19047091100902,0.8870613069660609,2.4014956647870305
746,50,25,8,500,0,0.9564708025349459,91884652.2445581,36261500.00000046,21738311.328073677,0.9999999999999951,0.5994873716772169,59.76841470089205,0.9961402450148675,2.432200944891587
747,50,25,8,500,0,1.0,86014630.59081697,33071500.000000395,20906743.903114762,0.9617464571001384,0.6321679967075734,63.84727763495518,0.9378912321309705,2.443625629497029
748,50,25,8,500,0,0.9602005162218124,83015964.88090329,31210666.666666955,20629331.81107959,0.9489850200294994,0.6609705595655139,66.15354056148922,0.9025248907670298,2.3915018546412536
749,50,25,8,500,0,0.9576662946695376,84177871.11498114,31577333.333333645,20962684.4550089,0.9643198194487534,0.6638522713024753,65.24042396485154,0.9163651123892644,2.4051132241007824
750,50,30,8,600,0,1.0,92012857.00284265,31757000.000000205,24672872.13413451,0.9458290696155609,0.7769270439315538,71.61825221660506,0.8239565039425424,2.4454981390877855
751,50,30,8,600,0,1.0,102282349.81001756,37645666.666667216,25931483.232478637,0.9940776463391319,0.6888304957404109,64.4275382041975,0.9288645958234065,2.4799289924157355
752,50,30,8,600,0,0.9786132900251052,87041212.58968198,30396666.666666724,23113550.962915994,0.8860528390823907,0.7603975533364169,75.70896364995225,0.7696525799430987,2.3565839126373374
753,50,30,8,600,0,1.0,84007135.97533941,29980500.000000134,21898049.280301966,0.8394568522295895,0.7304097423425849,78.44333607485986,0.735364536582789,2.319692330456857
754,50,30,8,600,0,1.0,93872875.57349408,34195333.33333378,24026486.2079838,0.9210500087984824,0.7026247112076741,70.1991918298143,0.8436761804187743,2.4057759493849136
755,50,30,8,600,0,0.9762490342897538,101752638.42008987,37392666.66666717,25834219.49898541,0.9903490627329306,0.6908900006860097,64.7629398344812,0.9236867032576728,2.4526477380962346
756,50,30,8,600,0,1.0,100987514.22680281,36411833.33333385,26085973.59368827,0.99999999999999,0.7164147258085851,65.25361130486188,0.9161637275493166,2.489295508196185
757,50,30,8,600,0,1.0,87938094.34231313,32462833.333333634,22234326.017071016,0.8523479461947544,0.6849163715552907,74.93680695817841,0.779621461679611,2.3275545589238438
758,50,30,8,600,0,1.0,94919601.45708382,34556500.000000305,24307131.506628856,0.9318084839474781,0.7034025872593763,69.42507025779558,0.8546318357040241,2.417353905511525
759,50,30,8,600,0,1.0,84995478.5379769,31955000.00000023,21121888.012677412,0.8097028825402104,0.6609885154960807,77.53118299175885,0.7466293638370411,2.275420176233906
760,50,45,4,500,0,1.0,79065197.6342136,28431333.333333347,20476269.54654953,0.9419438905590427,0.7202008188108021,69.4591320116242,0.8541468024060596,2.4303074574547012
761,50,45,4,500,0,1.0,94114410.28315227,37977500.000000514,21736356.89758425,0.9999100928098767,0.5723482824720941,58.35238178167818,0.972539696361303,2.430418322338978
762,50,45,4,500,0,1.0,88204411.57789063,33449166.666666944,21738311.32807368,0.9999999999999954,0.6498909687258826,62.26219189898862,0.9629987181202889,2.482911493100995
763,50,45,4,500,0,1.0,80516409.9920752,28871333.333333414,20904074.504022148,0.9616236601150217,0.724042574088095,68.20721391503332,0.8721560640225606,2.4513901232930366
764,50,45,4,500,0,1.0,86820486.91122407,32389500.000000305,21738311.328073587,0.999999999999991,0.6711530381164692,63.2546556161968,0.9472007147407655,2.4841231452339407
765,50,45,4,500,0,1.0,82090129.52239239,30823833.333333556,20427624.787241623,0.9397061473151559,0.6627217506120742,66.89963862831958,0.8913715124976868,2.421548912987346
766,50,45,4,500,0,1.0,98370750.91122684,41233500.000000976,21738311.328073606,0.9999999999999919,0.5272002456272955,55.82757017841604,0.9304595029736007,2.3522196994754374
767,50,45,4,500,0,1.0,88953113.25252166,34052333.33333367,21719261.063536882,0.9991236548115724,0.6378200533552278,61.73814270457046,0.9714465350546794,2.481702577738862
768,50,45,4,500,0,1.0,91657040.24455859,36092833.33333395,21738311.328073595,0.9999999999999915,0.6022888568295615,59.91683765204313,0.9986139608673855,2.4804450463310346
769,50,45,4,500,0,1.0,87751157.91918838,33132000.000000354,21719261.06353683,0.99912365481157,0.6555372770595376,62.583789550190296,0.9578508910894081,2.482280712737038
770,50,40,2,600,0,1.0,91900916.78141686,30668000.000000257,25314141.263095126,0.9704119791495861,0.8254252400904825,71.70548707009758,0.8227594123059355,2.483099604378322
771,50,40,2,600,0,1.0,100442728.22680297,35997500.00000058,26085973.593688246,0.9999999999999892,0.7246607012622495,65.60753691516638,0.9107754052769081,2.490503966286708
772,50,40,2,600,0,1.0,93436518.35157616,31410500.000000272,25590323.09333398,0.9809993482292539,0.8147060089248422,70.52702857788833,0.8390789504402991,2.4908437575801727
773,50,40,2,600,0,1.0,88923524.31499062,29769666.666666854,24433629.241088033,0.9366577464833332,0.8207558893646065,74.10637455907828,0.7904868617472535,2.447091573238939
774,50,40,2,600,0,1.0,96337245.3453562,32895500.000000305,26059487.07272876,0.9989846451057446,0.7921900282022927,68.40345056967784,0.8693082404836399,2.503060263045474
775,50,40,2,600,0,1.0,97642081.25870892,35123000.000000596,25276529.978220057,0.9689701589031617,0.7196574887742967,67.48934388790735,0.8826536496020542,2.4583796406214917
776,50,40,2,600,0,1.0,98165717.2268029,34254000.00000052,26085973.59368817,0.9999999999999862,0.7615453259090259,67.12934195524565,0.8879655196908934,2.497201780418114
777,50,40,2,600,0,1.0,90702950.03425477,31681833.33333355,24083280.804093152,0.9232272170175038,0.7601605800619595,72.65254324706422,0.8098747112209889,2.4180031752705564
778,50,40,2,600,0,1.0,95505111.43316999,34354833.333333686,24723214.13689691,0.9477589191027418,0.7196429654312587,68.9994483134155,0.8607158904788378,2.4364302628238446
779,50,40,2,600,0,1.0,83926813.07349327,30129000.00000022,21765986.207983784,0.8343942437038285,0.7224264399078504,78.51841096634308,0.734444988447822,2.3123861403741026
780,50,50,8,500,0,1.0,78353391.5874606,28627500.00000003,20004738.858366866,0.9202526616008069,0.6987944758839174,70.09013762818262,0.8452110153694281,2.404246596076562
781,50,50,8,500,0,1.0,95645835.91918904,39178333.333333805,21719261.063536897,0.9991236548115732,0.5543691937772571,57.418077297583665,0.9569679549597278,2.4004633099815336
782,50,50,8,500,0,1.0,88298351.57789072,33522500.0000003,21738311.32807368,0.9999999999999954,0.6484692766969493,62.19595158756177,0.9640624607841558,2.482837882141715
783,50,50,8,500,0,1.0,76736071.15874195,28799833.333333448,19105574.504022203,0.8788895427837787,0.663391842685043,71.5673856775812,0.8246553303857376,2.3553688045337724
784,50,50,8,500,0,1.0,88746091.91122492,33865333.33333387,21738311.328073565,0.99999999999999,0.6419045433306396,61.88216158851923,0.9691175538868799,2.4826411885513915
785,50,50,8,500,0,1.0,81725637.77120757,31159333.333333492,20036789.54182869,0.9217270485933434,0.6430429472762123,67.1980072566016,0.886949893953747,2.401384251774717
786,50,50,8,500,0,1.0,99467916.57789332,42075000.000000924,21738311.32807362,0.9999999999999927,0.5166562407147509,55.211772689532225,0.9201962114922038,2.3335212040640045
787,50,50,8,500,0,1.0,88790859.58585553,33929500.00000048,21719261.06353686,0.9991236548115714,0.6401291225493024,61.850961074318164,0.9696216343719829,2.4817249324114248
788,50,50,8,500,0,1.0,91600137.24455859,36050666.66666727,21738311.328073584,0.9999999999999909,0.6029933240644617,59.95405864226731,0.9992343107044552,2.4816289699560246
789,50,50,8,500,0,1.0,86598565.94831485,33089833.333333757,21184517.78834223,0.9745245372847173,0.640212284387711,63.416754536994354,0.9446451648335393,2.456814992343708
790,50,50,6,600,0,1.0,91415349.00011396,31436166.666666858,24589335.610922184,0.9426267155645495,0.7821989198509796,72.0863626522039,0.8175531381429282,2.443312274023712
791,50,50,6,600,0,1.0,100629317.47668469,37150666.66666736,25443816.5658119,0.9753830530583685,0.6848818298230115,65.48588587542416,0.9126238914796382,2.460529355338047
792,50,50,6,600,0,1.0,91874150.30353177,32088833.33333351,24397251.002211213,0.9352631947812023,0.7603034597355595,71.72637763972527,0.8224729969571669,2.4307157647456146
793,50,50,6,600,0,1.0,83841873.7602041,29742166.666666888,21972883.078023266,0.8423255892331187,0.738778829541328,78.59795713592312,0.7334719288567371,2.3244949924897993
794,50,50,6,600,0,1.0,95306579.70464411,33594000.00000038,25113054.67934392,0.9627033696537972,0.7475458319742704,69.14318004509074,0.858656488385265,2.4566931539646815
795,50,50,6,600,0,1.0,104099997.2268031,38800666.66666726,26085973.593688287,0.9999999999999908,0.6723073553810388,63.30259534630703,0.9464442078933806,2.4842900921982114
796,50,50,6,600,0,1.0,99723155.89346959,35449333.33333387,26085973.59368822,0.9999999999999882,0.7358664082170183,66.08094119122774,0.9036175973607178,2.4923107239343327
797,50,50,6,600,0,1.0,88321191.34231311,32508666.666666966,22395659.350404337,0.8585326236710958,0.6889135005148616,74.61176530623794,0.7838564132494014,2.334987213661291
798,50,50,6,600,0,1.0,94168017.2904174,34334666.666667044,24085298.173295483,0.9233045524175065,0.701486296841731,69.97917328636994,0.8467755997660186,2.4079646372394037
799,50,50,6,600,0,1.0,86676894.24964085,31971500.00000019,21935553.23717585,0.8408945580809424,0.6860970938859834,76.02718183487873,0.7655814279907133,2.3144591030995
800,50,50,2,600,0,1.0,91897250.1147502,30668000.000000257,25314141.263095126,0.9704119791495861,0.8254252400904825,71.70834809280421,0.8227201810186112,2.4830603730909973
801,50,50,2,600,0,1.0,100439061.5601363,35997500.00000058,26085973.593688246,0.9999999999999892,0.7246607012622495,65.60993200891728,0.9107390494611819,2.4904676104709815
802,50,50,2,600,0,1.0,93432851.68490952,31410500.000000272,25590323.09333398,0.9809993482292539,0.8147060089248422,70.52979633141528,0.8390402452709512,2.490805052410825
803,50,50,2,600,0,1.0,88919857.64832397,29769666.666666854,24433629.241088033,0.9366577464833332,0.8207558893646065,74.10943038238445,0.7904466029695373,2.4470513144612225
804,50,50,2,600,0,1.0,96333578.67868952,32895500.000000305,26059487.07272876,0.9989846451057446,0.7921900282022927,68.40605415459112,0.869270519338399,2.503022541900233
805,50,50,2,600,0,1.0,97638414.59204225,35123000.000000596,25276529.978220057,0.9689701589031617,0.7196574887742967,67.4918783506864,0.8826163661758101,2.4583423571952476
806,50,50,2,600,0,1.0,98162050.56013624,34254000.00000052,26085973.59368817,0.9999999999999862,0.7615453259090259,67.131849450954,0.8879284109708188,2.4971646716980396
807,50,50,2,600,0,1.0,90699283.3675881,31681833.33333355,24083280.804093152,0.9232272170175038,0.7601605800619595,72.6554803447863,0.8098350675051507,2.4179635315547183
808,50,50,2,600,0,1.0,95501444.76650333,34354833.333333686,24723214.13689691,0.9477589191027418,0.7196429654312587,69.00209746681591,0.8606778885106519,2.4363922608556585
809,50,50,2,600,0,1.0,83923146.4068266,30129000.00000022,21765986.207983784,0.8343942437038285,0.7224264399078504,78.52184149597092,0.7344029973933817,2.312344149319662
810,50,30,6,500,0,1.0,78413477.25412723,28541333.33333335,20085405.52503353,0.9239634680866118,0.7037304561232897,70.03642986271143,0.8459679273357599,2.4089522922343916
811,50,30,6,500,0,0.9920526974606667,94550890.2831524,38307500.000000544,21736356.89758428,0.9999100928098782,0.5674177875764269,58.08300676549588,0.9680501127582647,2.414037040280073
812,50,30,6,500,0,0.9638176876152016,86371063.57789025,32041166.666666817,21738311.328073684,0.9999999999999956,0.6784494320766592,63.583794994575264,0.9420189229254671,2.448596156201996
813,50,30,6,500,0,1.0,79124779.82540849,28845666.666666746,20238574.504022166,0.9310095066071306,0.7016157656501419,69.40682820372888,0.8548917125436509,2.4161843250637647
814,50,30,6,500,0,1.0,86222614.91122389,31927500.000000242,21738311.32807361,0.9999999999999921,0.68086481334503,63.69326661751607,0.94030175090966,2.484993601585684
815,50,30,6,500,0,1.0,80675027.7712079,30844000.000000257,19721456.208495308,0.9072211686942848,0.6393936003272969,68.07310950762347,0.8741075769664551,2.3856224572282927
816,50,30,6,500,0,1.0,99559051.57789333,42139166.66666759,21738311.328073617,0.9999999999999925,0.5158695116120745,55.16123258469681,0.9193538764116135,2.332049485701273
817,50,30,6,500,0,1.0,88893966.25252187,34002833.33333372,21719261.063536875,0.9991236548115721,0.6387485669391265,61.779221149829176,0.9707816707887024,2.4817805243400035
818,50,30,6,500,0,0.9793680200622115,90568329.91122507,35255000.00000056,21738311.3280736,0.9999999999999917,0.6166022217578572,60.6370903094167,0.989438001966041,2.462087799434538
819,50,30,6,500,0,1.0,87465619.20013398,33115500.00000041,21587738.5066532,0.9930733892275191,0.6518922711918267,62.788099486656215,0.9545947970935899,2.4761086140470514
820,50,50,6,500,0,1.0,78406143.9207939,28541333.33333335,20085405.52503353,0.9239634680866118,0.7037304561232897,70.04298037597451,0.8458755736417498,2.408859938540382
821,50,50,6,500,0,1.0,95149323.28315254,38771333.33333392,21736356.89758428,0.9999100928098782,0.5606295948273798,57.71769898622492,0.9619616497704153,2.410465325632319
822,50,50,6,500,0,1.0,88312717.57789066,33533500.000000287,21738311.32807368,0.9999999999999954,0.6482565592041837,62.18583405222814,0.9642250400914666,2.4828302874548136
823,50,50,6,500,0,1.0,79117446.49207518,28845666.666666746,20238574.504022166,0.9310095066071306,0.7016157656501419,69.41326146755871,0.8548000550586664,2.41609266757878
824,50,50,6,500,0,1.0,87216112.91122428,32693833.333333705,21738311.328073595,0.9999999999999915,0.6649055528740898,62.96772255362957,0.9517412831130323,2.4836657254123042
825,50,50,6,500,0,1.0,80667694.43787457,30844000.000000257,19721456.208495308,0.9072211686942848,0.6393936003272969,68.07929789327815,0.8740174263690914,2.385532306630929
826,50,50,6,500,0,1.0,99551718.24456,42139166.66666759,21738311.328073617,0.9999999999999925,0.5158695116120745,55.1652959571102,0.9194215992851701,2.3321172085748296
827,50,50,6,500,0,1.0,88886632.91918854,34002833.33333372,21719261.063536875,0.9991236548115721,0.6387485669391265,61.784318064931995,0.9706992077619877,2.481698061313289
828,50,50,6,500,0,1.0,91667178.577892,36102000.000000626,21738311.328073595,0.9999999999999915,0.6021359295350179,59.910210886805835,0.9985035147800972,2.4802122584081117
829,50,50,6,500,0,1.0,87458285.86680065,33115500.00000041,21587738.5066532,0.9930733892275191,0.6518922711918267,62.793364237255176,0.954511039042858,2.4760248559963194
830,50,40,8,700,0,1.0,99935573.24665527,33201666.666666955,27620479.8665954,0.9075642487899472,0.8319004025880776,76.92756193057913,0.7541786277693184,2.4196989498397805
831,50,40,8,700,0,1.0,101271163.13089162,35187166.66666701,27006778.980424587,0.8873990312980908,0.7675178634376452,75.91302165714856,0.7670394631619123,2.3810537539120284
832,50,40,8,700,0,1.0,97328814.23984358,33304333.333333492,26282831.416874565,0.8636112864851845,0.7891715217301384,78.98791390857035,0.7287203474071967,2.3600575647913073
833,50,40,8,700,0,1.0,100951172.02326538,34149500.000000484,27512001.80084426,0.903999835183481,0.8056341030130417,76.15364780736034,0.7639694607491293,2.4084767431595626
834,50,40,8,700,0,1.0,92193886.8565979,30950333.33333358,25277168.467510924,0.8305668302127599,0.816701009170953,83.3873075766717,0.6772001145226302,2.3305609218593926
835,50,40,8,700,0,1.0,95351380.07998827,33577500.0000002,25143646.533262026,0.8261795156353569,0.7488242583057665,80.62599611616388,0.7090944099996175,2.3081538166442304
836,50,40,8,700,0,1.0,112629020.25410561,40903500.000000626,28906401.132635437,0.9498175395891452,0.7066974985669929,68.25771886015994,0.8714222363460222,2.436780235199617
837,50,40,8,700,0,1.0,103698072.42427482,36586000.0000005,27299620.83501191,0.8970213405069265,0.7461767024274732,74.13638286877503,0.7900916076870691,2.3870329696290478
838,50,40,8,700,0,1.0,101673681.92427436,35453000.000000365,27033787.5016787,0.8882864875776816,0.7625246806103412,75.6124874648073,0.7708911278427161,2.3809108723309893
839,50,40,8,700,0,1.0,85147785.06550449,30297666.66666678,22254367.52830839,0.7312424854917697,0.7345241392068138,90.28772732121861,0.603629031887289,2.19124834325274
840,50,45,6,500,0,1.0,78407977.25412723,28541333.33333335,20085405.52503353,0.9239634680866118,0.7037304561232897,70.04134263278578,0.8458986627395192,2.408883027638151
841,50,45,6,500,0,1.0,95151156.6164859,38771333.33333392,21736356.89758428,0.9999100928098782,0.5606295948273798,57.71658690535025,0.9619431150891707,2.4104467909510747
842,50,45,6,500,0,1.0,88314550.911224,33533500.000000287,21738311.32807368,0.9999999999999954,0.6482565592041837,62.18454312835147,0.9642457860000896,2.4828510333634366
843,50,45,6,500,0,1.0,79119279.82540849,28845666.666666746,20238574.504022166,0.9310095066071306,0.7016157656501419,69.41165303979871,0.8548229701014385,2.4161155826215523
844,50,45,6,500,0,1.0,87217946.24455762,32693833.333333705,21738311.328073595,0.9999999999999915,0.6649055528740898,62.966398963363424,0.9517622786029136,2.4836867209021856
845,50,45,6,500,0,1.0,80669527.7712079,30844000.000000257,19721456.208495308,0.9072211686942848,0.6393936003272969,68.07775069138438,0.8740399646833057,2.385554844945143
846,50,45,6,500,0,1.0,99553551.57789333,42139166.66666759,21738311.328073617,0.9999999999999925,0.5158695116120745,55.16428005788493,0.9194046676314155,2.332100276921075
847,50,45,6,500,0,1.0,88888466.25252187,34002833.33333372,21719261.063536875,0.9991236548115721,0.6387485669391265,61.78304375731302,0.9707198241375201,2.4817186776888214
848,50,45,6,500,0,1.0,91669011.91122533,36102000.000000626,21738311.328073595,0.9999999999999915,0.6021359295350179,59.90901271324275,0.9984835452207126,2.480192288848727
849,50,45,6,500,0,1.0,87460119.20013398,33115500.00000041,21587738.5066532,0.9930733892275191,0.6518922711918267,62.792047966835916,0.954531979183307,2.4760457961367686
850,50,45,4,700,0,1.0,94739369.56633323,31511333.333333567,26162795.62371811,0.8596671046690062,0.830266220313895,81.14683510340723,0.7029656490592354,2.3671786253103515
851,50,45,4,700,0,1.0,100198067.29755864,35198166.666667104,26476945.647091195,0.8699895658046202,0.7522251342756734,76.72603082422246,0.7567160610355935,2.3584961684561323
852,50,45,4,700,0,1.0,96696043.16286789,32373000.000000283,26568523.74956873,0.8729986739802226,0.8207000818450096,79.50480442153378,0.7224695005254164,2.379029566001424
853,50,45,4,700,0,1.0,101229937.68993211,33605000.00000051,27996001.800844304,0.9199032915512186,0.8330903675299474,75.94393689688692,0.7666443448155998,2.4331166388395578
854,50,45,4,700,0,1.0,91767699.54555327,29758666.66666686,25829614.875005014,0.8487193247108897,0.8679694948812058,83.77457469317724,0.6728432346898443,2.367218830594809
855,50,45,4,700,0,1.0,92861322.913322,32244666.666666985,24778813.19992859,0.814191682994522,0.7684623772384584,82.78796552549542,0.6839985881807664,2.2987684899715335
856,50,45,4,700,0,1.0,112265563.73998585,39796166.66666731,29435710.138270892,0.9672097765233875,0.739661947464046,68.47870124988131,0.8682186566191394,2.4599482145903764
857,50,45,4,700,0,1.0,105159222.59094176,35931500.00000057,28430787.501678642,0.9341896457300088,0.7912496695567451,73.10628407652582,0.8037732572351276,2.4367729928805235
858,50,45,4,700,0,1.0,102245718.99189964,35289833.33333378,27417860.741124712,0.900906512382526,0.776933698783626,75.18945610435838,0.7763455187776146,2.3978924778045156
859,50,45,4,700,0,1.0,84260981.56550485,29249000.0000002,22490867.52830827,0.7390134925805457,0.7689448366887112,91.23795922105977,0.5941445413086527,2.2093004106596217
860,50,40,4,700,0,1.0,94741202.89966656,31511333.333333567,26162795.62371811,0.8596671046690062,0.830266220313895,81.1452648341565,0.7029840467223623,2.3671970229734782
861,50,40,4,700,0,1.0,100199900.63089196,35198166.666667104,26476945.647091195,0.8699895658046202,0.7522251342756734,76.72462698660428,0.7567337663506004,2.3585138737711393
862,50,40,4,700,0,1.0,96697876.49620122,32373000.000000283,26568523.74956873,0.8729986739802226,0.8207000818450096,79.50329705846245,0.7224876511508328,2.3790477166268404
863,50,40,4,700,0,1.0,101231771.02326545,33605000.00000051,27996001.800844304,0.9199032915512186,0.8330903675299474,75.94256153271449,0.7666619186030997,2.4331342126270576
864,50,40,4,700,0,1.0,91769532.8788866,29758666.66666686,25829614.875005014,0.8487193247108897,0.8679694948812058,83.77290107977362,0.672862002942535,2.3672375988475
865,50,40,4,700,0,1.0,92863156.24665536,32244666.666666985,24778813.19992859,0.814191682994522,0.7684623772384584,82.78633109971308,0.6840172208500064,2.298787122640773
866,50,40,4,700,0,1.0,112267397.07331918,39796166.66666731,29435710.138270892,0.9672097765233875,0.739661947464046,68.47758298857931,0.8682348383586902,2.459964396329927
867,50,40,4,700,0,1.0,105161055.9242751,35931500.00000057,28430787.501678642,0.9341896457300088,0.7912496695567451,73.1050095725158,0.8037903309537896,2.4367900665991855
868,50,40,4,700,0,1.0,102247552.32523295,35289833.33333378,27417860.741124712,0.900906512382526,0.776933698783626,75.1881079318784,0.7763629631013196,2.3979099221282203
869,50,40,4,700,0,1.0,84262814.89883819,29249000.0000002,22490867.52830827,0.7390134925805457,0.7689448366887112,91.23597412725407,0.5941641988446454,2.2093200681956144
870,50,40,6,500,0,1.0,78409810.58746056,28541333.33333335,20085405.52503353,0.9239634680866118,0.7037304561232897,70.03970496618261,0.8459217513877743,2.4089061162864063
871,50,40,6,500,0,1.0,95152989.9498192,38771333.33333392,21736356.89758428,0.9999100928098782,0.5606295948273798,57.71547486732901,0.9619245811221501,2.410428256984054
872,50,40,6,500,0,1.0,88316384.24455732,33533500.000000287,21738311.32807368,0.9999999999999954,0.6482565592041837,62.1832522580706,0.9642665314937299,2.482871778857077
873,50,40,6,500,0,1.0,79121113.15874183,28845666.666666746,20238574.504022166,0.9310095066071306,0.7016157656501419,69.41004468657718,0.8548458846965235,2.416138497216637
874,50,40,6,500,0,1.0,87219779.57789096,32693833.333333705,21738311.328073595,0.9999999999999915,0.6649055528740898,62.965075428740214,0.9517832736732902,2.483707715972562
875,50,40,6,500,0,1.0,80671361.10454124,30844000.000000257,19721456.208495308,0.9072211686942848,0.6393936003272969,68.07620355981386,0.8740625025542674,2.385577382816105
876,50,40,6,500,0,1.0,99555384.91122666,42139166.66666759,21738311.328073617,0.9999999999999925,0.5158695116120745,55.16326419607565,0.9193877366012608,2.3320833458909203
877,50,40,6,500,0,1.0,88890299.5858552,34002833.33333372,21719261.063536875,0.9991236548115721,0.6387485669391265,61.781769502258385,0.9707404401004782,2.4817392936517795
878,50,40,6,500,0,1.0,91670845.24455866,36102000.000000626,21738311.328073595,0.9999999999999915,0.6021359295350179,59.907814587604435,0.9984635764600739,2.480172320088088
879,50,40,6,500,0,1.0,87461952.53346731,33115500.00000041,21587738.5066532,0.9930733892275191,0.6518922711918267,62.790731751598656,0.9545529189052402,2.4760667358587014
880,50,30,4,600,0,1.0,92446822.6183117,31427000.00000019,25095002.741976853,0.9620113526469474,0.7985172858362778,71.28206046850877,0.8285862521461042,2.467400080815126
881,50,30,4,600,0,1.0,101978768.22680323,37170833.33333399,26085973.59368828,0.9999999999999903,0.7017860847982373,64.61933316692085,0.9259001438967117,2.4873290117353015
882,50,30,4,600,0,0.9786132900251052,89174164.03797647,30365500.00000006,24174388.01267735,0.9267197916096303,0.7961136161985576,73.89808551716405,0.7932357929399492,2.4087399759239005
883,50,30,4,600,0,1.0,86947701.76020403,29773333.333333522,23465216.41135655,0.8995338558892788,0.7881286300276446,75.79038740062651,0.7686088216629806,2.3991117256850965
884,50,30,4,600,0,1.0,96030175.85179941,33003666.666666966,25838890.768731683,0.9905281348204451,0.7829096999948929,68.62217986739759,0.8661449568279209,2.492472716823835
885,50,30,4,600,0,0.9762490342897538,100999485.8934694,36421000.0000005,26085973.593688335,0.9999999999999926,0.716234414038274,65.24587666664642,0.9162818384116717,2.465518403932045
886,50,30,4,600,0,1.0,98767967.22680306,34712333.333333924,26085973.59368816,0.9999999999999859,0.751490063868396,66.72001241928668,0.8940440724438442,2.495236123538561
887,50,30,4,600,0,1.0,90364632.00897974,32549000.000000272,23363659.35040431,0.8956406885291458,0.7177996052230211,72.92454861482926,0.8062115164223767,2.3804512006007936
888,50,30,4,600,0,1.0,94537931.20801625,34365833.3333337,24242387.93298261,0.9293265534412726,0.7054212158291622,69.70535440954545,0.8506488167706892,2.414985789434019
889,50,30,4,600,0,1.0,86825570.24964084,31953166.666666854,22016219.90384251,0.8439868968191131,0.6890152745583603,75.89699648448044,0.7672443561867524,2.318456575833441
890,50,45,4,600,0,1.0,92441322.6183117,31427000.00000019,25095002.741976853,0.9620113526469474,0.7985172858362778,71.28630155162477,0.8285276858299315,2.467341514498954
891,50,45,4,600,0,1.0,101973268.22680323,37170833.33333399,26085973.59368828,0.9999999999999903,0.7017860847982373,64.62281845614025,0.9258463616289537,2.4872752294675435
892,50,45,4,600,0,1.0,93307214.14939284,32116333.333333522,25078224.898027543,0.9613681777280948,0.780855791903208,70.62476422722433,0.8377132642763849,2.4623978977989514
893,50,45,4,600,0,1.0,86942201.76020403,29773333.333333522,23465216.41135655,0.8995338558892788,0.7881286300276446,75.79518193219191,0.7685474054625808,2.3990503094846964
894,50,45,4,600,0,1.0,96024675.85179941,33003666.666666966,25838890.768731683,0.9905281348204451,0.7829096999948929,68.62611033616432,0.8660882194246416,2.492415979420556
895,50,45,4,600,0,1.0,102890297.89346963,37873000.00000058,26085973.5936883,0.9999999999999913,0.6887749476853671,64.04685509631759,0.9347767157109005,2.4857966738591943
896,50,45,4,600,0,1.0,98762467.22680306,34712333.333333924,26085973.59368816,0.9999999999999859,0.751490063868396,66.72372800151756,0.893988709253596,2.4951807603483127
897,50,45,4,600,0,1.0,90359132.00897974,32549000.000000272,23363659.35040431,0.8956406885291458,0.7177996052230211,72.92898740268019,0.8061518752637846,2.3803915594422014
898,50,45,4,600,0,1.0,94532431.20801625,34365833.3333337,24242387.93298261,0.9293265534412726,0.7054212158291622,69.7094099431264,0.850591321466462,2.414928294129792
899,50,45,4,600,0,1.0,86820070.24964084,31953166.666666854,22016219.90384251,0.8439868968191131,0.6890152745583603,75.90180451423052,0.767182876421921,2.3183950960686093
900,50,45,10,500,0,1.0,78355224.92079395,28627500.00000003,20004738.858366866,0.9202526616008069,0.6987944758839174,70.088497679018,0.8452341174034542,2.404269698110588
901,50,45,10,500,0,1.0,95951749.58585553,39411166.66666708,21719261.063536923,0.9991236548115743,0.5510940908508172,57.23501680483749,0.9539169467472915,2.3947922194279454
902,50,45,10,500,0,1.0,87646140.99928938,33489500.000000365,21440143.484279186,0.9862837623725846,0.6402049443640231,62.65877695681464,0.9566545262766613,2.4688184817678795
903,50,45,10,500,0,1.0,77402408.60454062,29052833.3333334,19268622.875162046,0.886390050467155,0.6632269787282481,70.9512804447514,0.8331668633363188,2.363748446318917
904,50,45,10,500,0,1.0,89806220.57789132,34675666.6666671,21738311.32807363,0.9999999999999929,0.626903919023139,61.15166593873991,0.980988607815606,2.4825117430341175
905,50,45,10,500,0,1.0,84304670.27120733,31927500.000000086,20804956.208495393,0.9570640467195345,0.6516312335289433,65.14229855039977,0.9178649836247276,2.439169970447882
906,50,45,10,500,0,1.0,99900729.91122591,42405000.00000074,21738311.328073658,0.9999999999999943,0.5126355695807872,54.97257132035111,0.9162095220058518,2.3263179776704814
907,50,45,10,500,0,1.0,89238038.91918866,34270500.00000042,21719261.063536886,0.9991236548115725,0.6337596785438386,61.541020696042104,0.9746433417233094,2.48165108455838
908,50,45,10,500,0,1.0,92219708.57789169,36523666.6666672,21738311.32807362,0.9999999999999926,0.5951842548139554,59.551261706291896,0.9925210284381982,2.4686684322893626
909,50,45,10,500,0,1.0,89307474.58585475,34323666.66666692,21719261.063536968,0.9991236548115763,0.6327779975974831,61.493173169066814,0.9754208896063706,2.4816432876843573
910,50,40,4,600,0,1.0,92443155.95164505,31427000.00000019,25095002.741976853,0.9620113526469474,0.7985172858362778,71.28488780117998,0.8285472082496688,2.4673610369186907
911,50,40,4,600,0,1.0,101975101.56013656,37170833.33333399,26085973.59368828,0.9999999999999903,0.7017860847982373,64.6216566512942,0.9258642893490181,2.487293157187608
912,50,40,4,600,0,1.0,93309047.48272617,32116333.333333522,25078224.898027543,0.9613681777280948,0.780855791903208,70.62337659400002,0.837732638479719,2.4624172720022854
913,50,40,4,600,0,1.0,86944035.09353738,29773333.333333522,23465216.41135655,0.8995338558892788,0.7881286300276446,75.79358368760396,0.7685678778474347,2.3990707818695505
914,50,40,4,600,0,1.0,96026509.18513274,33003666.666666966,25838890.768731683,0.9905281348204451,0.7829096999948929,68.62480012988188,0.8661071322015752,2.4924348921974895
915,50,40,4,600,0,1.0,102892131.22680296,37873000.00000058,26085973.5936883,0.9999999999999913,0.6887749476853671,64.04571390861992,0.9347944951414477,2.4858144532897413
916,50,40,4,600,0,1.0,98764300.56013641,34712333.333333924,26085973.59368816,0.9999999999999859,0.751490063868396,66.72248942812641,0.894007163954529,2.495199215049246
917,50,40,4,600,0,1.0,90360965.34231307,32549000.000000272,23363659.35040431,0.8956406885291458,0.7177996052230211,72.92750774669085,0.8061717559664312,2.380411440144848
918,50,40,4,600,0,1.0,94534264.54134959,34365833.3333337,24242387.93298261,0.9293265534412726,0.7054212158291622,69.7080580461659,0.8506104868794104,2.4149474595427405
919,50,40,4,600,0,1.0,86821903.58297418,31953166.666666854,22016219.90384251,0.8439868968191131,0.6890152745583603,75.90020176996283,0.7672033699949268,2.3184155896416154
920,50,50,4,600,0,1.0,92439489.28497837,31427000.00000019,25095002.741976853,0.9620113526469474,0.7985172858362778,71.28771535814681,0.8285081630958453,2.4673219917648677
921,50,50,4,600,0,1.0,101971434.89346987,37170833.33333399,26085973.59368828,0.9999999999999903,0.7017860847982373,64.62398030276225,0.9258284336114052,2.4872573014499952
922,50,50,4,600,0,1.0,93305380.8160595,32116333.333333522,25078224.898027543,0.9613681777280948,0.780855791903208,70.62615191497916,0.8376938897597856,2.462378523282352
923,50,50,4,600,0,1.0,86940368.4268707,29773333.333333522,23465216.41135655,0.8995338558892788,0.7881286300276446,75.79678024418502,0.7685269327596731,2.399029836781789
924,50,50,4,600,0,1.0,96022842.51846607,33003666.666666966,25838890.768731683,0.9905281348204451,0.7829096999948929,68.62742059247748,0.8660693063385297,2.492397066334444
925,50,50,4,600,0,1.0,102888464.5601363,37873000.00000058,26085973.5936883,0.9999999999999913,0.6887749476853671,64.04799632468409,0.9347589359849184,2.485778894133212
926,50,50,4,600,0,1.0,98760633.89346974,34712333.333333924,26085973.59368816,0.9999999999999859,0.751490063868396,66.72496662089299,0.8939702542484744,2.4951623053431913
927,50,50,4,600,0,1.0,90357298.67564641,32549000.000000272,23363659.35040431,0.8956406885291458,0.7177996052230211,72.93046711871344,0.8061319942446868,2.3803716784231037
928,50,50,4,600,0,1.0,94530597.87468292,34365833.3333337,24242387.93298261,0.9293265534412726,0.7054212158291622,69.71076189252446,0.8505721557419711,2.414909128405301
929,50,50,4,600,0,1.0,86818236.91630751,31953166.666666854,22016219.90384251,0.8439868968191131,0.6890152745583603,75.90340732618822,0.7671623825308531,2.3183746021775415
930,50,40,10,500,0,1.0,78357058.25412728,28627500.00000003,20004738.858366866,0.9202526616008069,0.6987944758839174,70.08685780659373,0.8452572189878363,2.4042927996949706
931,50,40,10,500,0,1.0,95953582.91918886,39411166.66666708,21719261.063536923,0.9991236548115743,0.5510940908508172,57.2339232462548,0.9538987207709133,2.394773993451567
932,50,40,10,500,0,1.0,87647974.3326227,33489500.000000365,21440143.484279186,0.9862837623725846,0.6402049443640231,62.65746632270934,0.9566754235723852,2.4688393790636036
933,50,40,10,500,0,1.0,77404241.93787396,29052833.3333334,19268622.875162046,0.886390050467155,0.6632269787282481,70.94959995096674,0.8331901991920391,2.3637717821746373
934,50,40,10,500,0,1.0,89808053.91122465,34675666.6666671,21738311.32807363,0.9999999999999929,0.626903919023139,61.15041759426888,0.9810090182230106,2.4825321534415217
935,50,40,10,500,0,1.0,84306503.60454066,31927500.000000086,20804956.208495393,0.9570640467195345,0.6516312335289433,65.1408819628029,0.9178866544830724,2.439191641306227
936,50,40,10,500,0,1.0,99902563.24455927,42405000.00000074,21738311.328073658,0.9999999999999943,0.5126355695807872,54.97156250692181,0.9161927084486969,2.3263011641133264
937,50,40,10,500,0,1.0,89239872.25252199,34270500.00000042,21719261.063536886,0.9991236548115725,0.6337596785438386,61.53975640462436,0.9746638791598911,2.481671621994962
938,50,40,10,500,0,1.0,92221541.91122504,36523666.6666672,21738311.32807362,0.9999999999999926,0.5951842548139554,59.5500778471754,0.9925012974529234,2.4686487013040876
939,50,40,10,500,0,1.0,89309307.9191881,34323666.66666692,21719261.063536968,0.9991236548115763,0.6327779975974831,61.491910842812466,0.9754414114788805,2.481663809556867
940,50,20,2,600,0,0.9105795551918169,75115245.59353608,24837999.999999806,20834383.0780233,0.7986814447693896,0.8388108172165015,87.72919462526626,0.6299258003503937,2.2115540093154116
941,50,20,2,600,0,0.8956651665825113,93137767.56013516,30398500.0000002,26085973.593688246,0.9999999999999892,0.8581335787518488,70.753252656021,0.83592124272635,2.4180932723103403
942,50,20,2,600,0,0.8413159873674722,74383865.55715579,24722499.99999975,20551056.071493253,0.7878201669446433,0.8312693324499328,88.59179273140177,0.6209343750649505,2.1272658283923693
943,50,20,2,600,0,0.7935006795374823,70286392.26020217,23510666.666666307,19323716.411356643,0.7407703738545528,0.8219127379639146,93.75641270083088,0.5697219305385568,2.0207528004471706
944,50,20,2,600,0,0.9193556563203051,77019161.22382315,25837166.666666623,21126722.73815985,0.8098882206670421,0.8176872878796005,85.56052669607209,0.6531106089156392,2.2266160955396246
945,50,20,2,600,0,0.7353080823798638,80523874.44676541,27257999.999999914,21931556.74968206,0.8407413536211037,0.8045915602642209,81.83659871404397,0.6949305879204897,2.0739119185117305
946,50,20,2,600,0,0.8881085199787486,85950561.28390321,29661500.000000086,23048060.33052018,0.8835422702450573,0.7770362365531113,76.66965638808615,0.7574273858419905,2.267164895063228
947,50,20,2,600,0,0.9325463238916725,95439748.57349372,32475666.666667,25885486.207983695,0.9923143606281445,0.7970732817796943,69.0467032708652,0.8600382724742665,2.4302432217896945
948,50,20,2,600,0,0.8676714126669173,89328005.40419659,31436166.666667,23565253.81691631,0.9033687675976907,0.7496223717983869,73.77081767562241,0.7949201354504154,2.262289445556042
949,50,20,2,600,0,0.7924748705879777,76502024.41630656,25952666.66666653,20800719.903842594,0.79739097446895,0.8014868056144278,86.13889698055326,0.6468451923757511,2.0805095074552713
950,50,45,4,400,0,1.0,71344470.59564488,27360666.666666597,17390649.062458977,0.9999999999999982,0.6356076507319152,61.585711735146205,0.9739176482951803,2.4824037688807126
951,50,45,4,400,0,1.0,81999253.92897983,35519000.000000305,17390649.06245902,1.0000000000000007,0.48961539070522453,53.58341435405624,0.8930569059009373,2.284749218465117
952,50,45,4,400,0,1.0,76260036.92897928,31124500.00000023,17390649.06245895,0.9999999999999968,0.5587446886683745,57.61602245343693,0.9602670408906155,2.407262791825315
953,50,45,4,400,0,1.0,69827280.61697014,27232333.33333318,16731992.817783074,0.9621258388740782,0.6144164223086467,62.92383093223559,0.9524377622963688,2.4439709001432863
954,50,45,4,400,0,1.0,76061307.26231249,30972333.333333522,17390649.06245895,0.9999999999999968,0.5614897939814731,57.76655908433325,0.9627759847388876,2.411967819924066
955,50,45,4,400,0,1.0,73667294.7920125,29459833.333333414,17186311.59525571,0.988250152914396,0.5833811549710849,59.64383533296794,0.9940639222161323,2.460768846193
956,50,45,4,400,0,1.0,82353615.26231383,35790333.3333338,17390649.06245902,1.0000000000000009,0.48590352318015473,53.35284900371174,0.8892141500618623,2.277936968605986
957,50,45,4,400,0,1.0,73445718.65064636,29868666.66666687,16817589.060019054,0.9670478082570816,0.5630512150978374,59.82377299485152,0.9970628832475252,2.4475038553257953
958,50,45,4,400,0,1.0,85329771.59564741,38069166.66666721,17390649.06245898,0.9999999999999986,0.4568171721417263,51.4919929801397,0.8581998830023283,2.2236536207157096
959,50,45,4,400,0,1.0,77241612.73535112,31900000.00000035,17375408.850829575,0.9991236548115773,0.5446836630354038,56.883845953013,0.9480640992168834,2.3838110296452064
960,50,35,4,500,0,1.0,79068864.30088025,28431333.333333347,20476269.54654953,0.9419438905590427,0.7202008188108021,69.45591097782925,0.8541926575654971,2.430353312614139
961,50,35,4,500,0,1.0,94118076.94981894,37977500.000000514,21736356.89758425,0.9999100928098767,0.5723482824720941,58.35010848052144,0.9725018080086907,2.430380433986366
962,50,35,4,500,0,1.0,88208078.24455729,33449166.666666944,21738311.32807368,0.9999999999999954,0.6498909687258826,62.259603760711805,0.9630402585802678,2.4829530335609737
963,50,35,4,500,0,1.0,80520076.65874186,28871333.333333414,20904074.504022148,0.9616236601150217,0.724042574088095,68.20410794285762,0.8722012133989518,2.451435272669428
964,50,35,4,500,0,1.0,86824153.57789072,32389500.000000305,21738311.328073587,0.999999999999991,0.6711530381164692,63.25198431186844,0.9472428867023616,2.484165317195537
965,50,35,4,500,0,1.0,82093796.18905906,30823833.333333556,20427624.787241623,0.9397061473151559,0.6627217506120742,66.89665059893908,0.89141590434085,2.4215933048305094
966,50,35,4,500,0,1.0,98374417.57789353,41233500.000000976,21738311.328073606,0.9999999999999919,0.5272002456272955,55.82548934179515,0.9304248223632524,2.352185018865089
967,50,35,4,500,0,1.0,88956779.91918834,34052333.33333367,21719261.063536882,0.9991236548115724,0.6378200533552278,61.73559794980165,0.9714877374818025,2.481743780165985
968,50,35,4,500,0,1.0,91660706.91122524,36092833.33333395,21738311.328073595,0.9999999999999915,0.6022888568295615,59.914440822705956,0.9985740137117659,2.480405099175415
969,50,35,4,500,0,1.0,87754824.58585504,33132000.000000354,21719261.06353683,0.99912365481157,0.6555372770595376,62.58117460683989,0.9578926374294098,2.48232245907704
970,50,40,4,800,0,1.0,91368246.12685315,29615666.66666686,25724915.630479112,0.7396191924202298,0.8686252421740389,96.15813340448757,0.5473671162798499,2.242267310019081
971,50,40,4,800,0,1.0,97222860.2306979,33377666.666666847,26184379.810003273,0.7528292853234325,0.7844880252265426,90.3676355453067,0.6028256515793806,2.2304160717606147
972,50,40,4,800,0,1.0,97131259.79009496,31841333.333333556,27118909.28424937,0.7796980200926095,0.8516888724587279,90.45285749393666,0.6019700264283884,2.283321124395371
973,50,40,4,800,0,1.0,93071446.85992073,30484666.66666675,26002263.96286961,0.7475932574305233,0.8529620562097734,94.39844653133271,0.5636580857878736,2.246027730755692
974,50,40,4,800,0,1.0,91724858.95682256,30075833.333333496,25605655.09524389,0.7361903228361534,0.8513697629406917,95.78428465216524,0.5507883054971754,2.231884115849729
975,50,40,4,800,0,1.0,87273621.40093903,30376500.000000246,23241619.847537473,0.6682217484828926,0.7651184253464778,100.66959361795737,0.5077192913060675,2.1198140315832497
976,50,40,4,800,0,1.0,108191184.98875862,36096500.00000065,29804452.247644212,0.856910289564256,0.8256881483701655,81.20624615501596,0.702269928087777,2.3628204467839096
977,50,40,4,800,0,1.0,85303601.45676109,28831000.00000006,23265242.61758272,0.6689009287124633,0.8069523297000684,102.99447913056014,0.4884224105379304,2.133984274297985
978,50,40,4,800,0,1.0,103831948.6101051,34972666.666667156,28393271.161592577,0.816337304594479,0.8118703509862611,84.61557466277726,0.6634780036788253,2.3129742844678343
979,50,40,4,800,0,1.0,95582246.29529634,32052166.666667,26228542.35983133,0.7540990064726963,0.8183079363276863,91.91874370536063,0.5874412360236837,2.242087585085833
980,50,30,2,800,0,0.9764134084941183,90530604.52658747,28691666.66666678,25903263.962869514,0.7447469001828859,0.9028148926936768,97.04784416213352,0.5393103585802251,2.237975681229285
981,50,30,2,800,0,1.0,96608283.82759926,31953166.66666679,26790604.27571097,0.7702588954412155,0.8384334659280781,90.94251188312751,0.597077396636351,2.2678241693788133
982,50,30,2,800,0,0.9844655928902418,96163127.79009485,30424166.66666687,27547909.284249343,0.7920322348323587,0.9054614243364374,91.36350077108213,0.5929026771970481,2.30173740955644
983,50,30,2,800,0,1.0,93942485.52658758,30303166.666666806,26541263.962869607,0.7630900913343115,0.8758577694147306,93.52318017510241,0.5719408685625104,2.272627084094295
984,50,30,2,800,0,0.9834223250406469,89792231.35992071,28831000.000000082,25454097.296202883,0.7318328719297299,0.882872508626229,97.84588117409892,0.5321846910633259,2.2219050230049557
985,50,30,2,800,0,1.0,90421481.7901561,30343500.00000021,24797155.095243823,0.712945071980469,0.8172147278739649,97.16496374599872,0.5382586552934076,2.1920304375925794
986,50,30,2,800,0,1.0,108822765.07816285,35827000.00000066,30282675.977628395,0.8706597398655826,0.8452473268101665,80.73494542883124,0.7078079891655359,2.384005850613669
987,50,30,2,800,0,1.0,87453006.19325395,28854833.333333384,24297263.96286961,0.6985726603879274,0.8420517866863287,100.46309878227753,0.5094696584536859,2.183111087802749
988,50,30,2,800,0,1.0,104984967.22571254,34961666.66666714,28961215.499777492,0.8326663195767584,0.8283705629911932,83.68626701679071,0.6738342508408618,2.336530701233816
989,50,30,2,800,0,0.9829997543907291,93058578.62862933,30306833.333333563,26107542.35983136,0.7506201253922549,0.8614407870556529,94.41150004086848,0.5635354705230575,2.235687854558309
990,50,35,2,500,0,1.0,78535467.51338226,27762166.666666634,20642465.192800764,0.9495891783526997,0.7435466201413479,69.92764127958124,0.8475031796009627,2.4423404757140412
991,50,35,2,500,0,1.0,93505127.61648557,37508166.66666717,21736356.89758425,0.9999100928098766,0.5795099795400278,58.73260793274143,0.9788767988790238,2.442484782511046
992,50,35,2,500,0,1.0,87384427.5778906,32818500.000000276,21738311.328073654,0.9999999999999942,0.6623797957881522,62.846437886256716,0.9536670892960879,2.4835709259266094
993,50,35,2,500,0,1.0,81258497.21924698,28620166.66666672,21424545.088293366,0.9855662091206137,0.7485821217542408,67.58431656916251,0.8812576217024337,2.4801233191058265
994,50,35,2,500,0,1.0,86725985.91122434,32314333.33333372,21738311.328073554,0.9999999999999896,0.6727142133441287,63.32358107316985,0.9461132354502696,2.4842846061255726
995,50,35,2,500,0,1.0,84734476.69834995,30827500.00000019,21714053.212143667,0.9988840846207412,0.7043728233604261,64.81187131833603,0.9229337209871145,2.4864319796754555
996,50,35,2,500,0,1.0,98398360.9112271,41251833.333334364,21738311.328073606,0.999999999999992,0.5269659448203853,55.811905291334924,0.9301984215222487,2.351771177378557
997,50,35,2,500,0,1.0,88071914.43021756,33364833.33333374,21725610.26364862,0.9994157290217498,0.6511529683543559,62.35586038442872,0.9614965138119502,2.482418888495435
998,50,35,2,500,0,1.0,91663101.24455854,36094666.66666727,21738311.32807358,0.9999999999999908,0.6022582651566221,59.9128757966392,0.9985479299439867,2.4803545420692843
999,50,35,2,500,0,1.0,87769190.585855,33143000.00000035,21719261.063536823,0.9991236548115696,0.6553197074355548,62.570931363756536,0.958056183508247,2.4823119494566908
1000,50,35,2,600,0,1.0,91902750.1147502,30668000.000000257,25314141.263095126,0.9704119791495861,0.8254252400904825,71.70405664435444,0.8227790274771478,2.483119219549534
1001,50,35,2,600,0,1.0,100444561.5601363,35997500.00000058,26085973.593688246,0.9999999999999892,0.7246607012622495,65.60633943386449,0.9107935827336011,2.4905221437434006
1002,50,35,2,600,0,1.0,93438351.68490952,31410500.000000272,25590323.09333398,0.9809993482292539,0.8147060089248422,70.52564478258306,0.8390983025553326,2.4908631096952063
1003,50,35,2,600,0,1.0,88925357.64832397,29769666.666666854,24433629.241088033,0.9366577464833332,0.8207558893646065,74.10484674192595,0.7905069906599642,2.4471117021516493
1004,50,35,2,600,0,1.0,96339078.67868952,32895500.000000305,26059487.07272876,0.9989846451057446,0.7921900282022927,68.40214885154057,0.8693271005932857,2.5030791231551195
1005,50,35,2,600,0,1.0,97643914.59204225,35123000.000000596,25276529.978220057,0.9689701589031617,0.7196574887742967,67.48807672789732,0.8826722908556903,2.4583982818751275
1006,50,35,2,600,0,1.0,98167550.56013624,34254000.00000052,26085973.59368817,0.9999999999999862,0.7615453259090259,67.12808827763476,0.8879840735929191,2.49722033432014
1007,50,35,2,600,0,1.0,90704783.3675881,31681833.33333355,24083280.804093152,0.9232272170175038,0.7601605800619595,72.65107478725052,0.8098945326046714,2.418022996654239
1008,50,35,2,600,0,1.0,95506944.76650333,34354833.333333686,24723214.13689691,0.9477589191027418,0.7196429654312587,68.99812381299425,0.8607348909978806,2.4364492633428876
1009,50,35,2,600,0,1.0,83928646.4068266,30129000.00000022,21765986.207983784,0.8343942437038285,0.7224264399078504,78.51669581393365,0.734465983499427,2.3124071354257074
1010,50,50,4,800,0,1.0,91364579.46018648,29615666.66666686,25724915.630479112,0.7396191924202298,0.8686252421740389,96.16199244728693,0.5473319121931679,2.2422321059323993
1011,50,50,4,800,0,1.0,97219193.56403123,33377666.666666847,26184379.810003273,0.7528292853234325,0.7844880252265426,90.3710438023067,0.602791409472826,2.23038182965406
1012,50,50,4,800,0,1.0,97127593.1234283,31841333.333333556,27118909.28424937,0.7796980200926095,0.8516888724587279,90.45627218245937,0.6019357684008974,2.2832868663678796
1013,50,50,4,800,0,1.0,93067780.19325407,30484666.66666675,26002263.96286961,0.7475932574305233,0.8529620562097734,94.40216562333815,0.5636231485993289,2.2459927935671478
1014,50,50,4,800,0,1.0,91721192.2901559,30075833.333333496,25605655.09524389,0.7361903228361534,0.8513697629406917,95.78811374591069,0.5507531562845068,2.2318489666370604
1015,50,50,4,800,0,1.0,87269954.73427238,30376500.000000246,23241619.847537473,0.6682217484828926,0.7651184253464778,100.67382327344865,0.50768350127277,2.119778241549952
1016,50,50,4,800,0,1.0,108187518.32209195,36096500.00000065,29804452.247644212,0.856910289564256,0.8256881483701655,81.20899837856743,0.7022377154293268,2.362788234125459
1017,50,50,4,800,0,1.0,85299934.79009444,28831000.00000006,23265242.61758272,0.6689009287124633,0.8069523297000684,102.99890640737351,0.4883863721806565,2.1339482359407116
1018,50,50,4,800,0,1.0,103828281.94343843,34972666.666667156,28393271.161592577,0.816337304594479,0.8118703509862611,84.61856283807296,0.663444961358637,2.312941242147646
1019,50,50,4,800,0,1.0,95578579.62862967,32052166.666667,26228542.35983133,0.7540990064726963,0.8183079363276863,91.92226997029255,0.5874067124810174,2.2420530615431664
1020,50,35,2,800,0,1.0,93708752.02658774,29639500.000000194,26851097.296202913,0.771998135313019,0.9059227482313378,93.75645081162993,0.5697215686627048,2.2944597672477753
1021,50,35,2,800,0,1.0,96606450.49426593,31953166.66666679,26790604.27571097,0.7702588954412155,0.8384334659280781,90.94423772997933,0.5970602224809304,2.267806995223393
1022,50,35,2,800,0,1.0,99511229.5034341,31890833.333333563,28247991.460923806,0.8121603558173806,0.8857715057385436,88.28953318978743,0.6240703230108445,2.332687527601679
1023,50,35,2,800,0,1.0,93940652.19325425,30303166.666666806,26541263.962869607,0.7630900913343115,0.8758577694147306,93.52500536110709,0.5719234705193205,2.272609686051105
1024,50,35,2,800,0,1.0,93119067.62862918,30061166.666666858,26294542.35983143,0.7559965779711223,0.8747013265119872,94.35017149268398,0.5641117785449613,2.2638728397545513
1025,50,35,2,800,0,1.0,90419648.45682275,30343500.00000021,24797155.095243823,0.712945071980469,0.8172147278739649,97.16693384619164,0.5382409818588855,2.1920127641580573
1026,50,35,2,800,0,1.0,108820931.7448295,35827000.00000066,30282675.977628395,0.8706597398655826,0.8452473268101665,80.73630559055975,0.7077919437917723,2.3839898052399056
1027,50,35,2,800,0,1.0,87451172.85992062,28854833.333333384,24297263.96286961,0.6985726603879274,0.8420517866863287,100.46520489865932,0.5094517753943244,2.183093204743387
1028,50,35,2,800,0,1.0,104983133.89237921,34961666.66666714,28961215.499777492,0.8326663195767584,0.8283705629911932,83.68772844032776,0.6738178384201708,2.336514288813125
1029,50,35,2,800,0,1.0,96507362.79529627,31335333.33333365,27136042.35983145,0.7801906145760168,0.865988629231044,91.03761356152421,0.5961317618872126,2.288922665272048
1030,50,50,2,800,0,1.0,93703252.02658774,29639500.000000194,26851097.296202913,0.771998135313019,0.9059227482313378,93.76195393418236,0.5696693169320869,2.294407515517157
1031,50,50,2,800,0,1.0,96600950.49426593,31953166.66666679,26790604.27571097,0.7702588954412155,0.8384334659280781,90.94941566358098,0.5970086990676994,2.267755471810162
1032,50,50,2,800,0,1.0,99505729.5034341,31890833.333333563,28247991.460923806,0.8121603558173806,0.8857715057385436,88.29441323473527,0.6240195668878588,2.3326367714786933
1033,50,50,2,800,0,1.0,93935152.19325425,30303166.666666806,26541263.962869607,0.7630900913343115,0.8758577694147306,93.53048134658724,0.5718712754908448,2.2725574910226296
1034,50,50,2,800,0,1.0,93113567.62862918,30061166.666666858,26294542.35983143,0.7559965779711223,0.8747013265119872,94.35574453597322,0.5640593839889452,2.263820445198535
1035,50,50,2,800,0,1.0,90414148.45682275,30343500.00000021,24797155.095243823,0.712945071980469,0.8172147278739649,97.1728446261445,0.5381879607371403,2.1919597430363122
1036,50,50,2,800,0,1.0,108815431.7448295,35827000.00000066,30282675.977628395,0.8706597398655826,0.8452473268101665,80.74038635073897,0.7077438066091034,2.3839416680572367
1037,50,50,2,800,0,1.0,87445672.85992062,28854833.333333384,24297263.96286961,0.6985726603879274,0.8420517866863287,100.47152377767152,0.5093981254839137,2.183039554832977
1038,50,50,2,800,0,1.0,104977633.89237921,34961666.66666714,28961215.499777492,0.8326663195767584,0.8283705629911932,83.69211301720718,0.6737686001173475,2.336465050510302
1039,50,50,2,800,0,1.0,96501862.79529627,31335333.33333365,27136042.35983145,0.7801906145760168,0.865988629231044,91.04280213364173,0.59608021290549,2.2888711162903252
1040,50,35,4,600,0,1.0,92444989.28497837,31427000.00000019,25095002.741976853,0.9620113526469474,0.7985172858362778,71.2834741068091,0.8285667303550588,2.4673805590240807
1041,50,35,4,600,0,1.0,101976934.89346987,37170833.33333399,26085973.59368828,0.9999999999999903,0.7017860847982373,64.62049488822183,0.9258822167716025,2.4873110846101927
1042,50,35,4,600,0,1.0,93310880.8160595,32116333.333333522,25078224.898027543,0.9613681777280948,0.780855791903208,70.62198901530299,0.8377520123697909,2.4624366458923572
1043,50,35,4,600,0,1.0,86945868.4268707,29773333.333333522,23465216.41135655,0.8995338558892788,0.7881286300276446,75.79198551041692,0.7685883499142345,2.3990912539363505
1044,50,35,4,600,0,1.0,96028342.51846607,33003666.666666966,25838890.768731683,0.9905281348204451,0.7829096999948929,68.62348997362726,0.866126044669334,2.4924538046652485
1045,50,35,4,600,0,1.0,102893964.5601363,37873000.00000058,26085973.5936883,0.9999999999999913,0.6887749476853671,64.04457276158891,0.9348122742765644,2.4858322324248583
1046,50,35,4,600,0,1.0,98766133.89346974,34712333.333333924,26085973.59368816,0.9999999999999859,0.751490063868396,66.72125090071697,0.8940256183512771,2.495217669445994
1047,50,35,4,600,0,1.0,90362798.67564641,32549000.000000272,23363659.35040431,0.8956406885291458,0.7177996052230211,72.92602815074176,0.806191636352628,2.380431320531045
1048,50,35,4,600,0,1.0,94536097.87468292,34365833.3333337,24242387.93298261,0.9293265534412726,0.7054212158291622,69.70670620163993,0.8506296519808186,2.4149666246441486
1049,50,35,4,600,0,1.0,86823736.91630751,31953166.666666854,22016219.90384251,0.8439868968191131,0.6890152745583603,75.89859909338091,0.7672238632498706,2.318436082896559
1050,50,25,4,600,0,0.9418497240456553,87783857.59353699,29954833.333333414,23756716.411356602,0.9107084436022166,0.7930845799405729,75.06847136420636,0.7779125307988126,2.3542299187969262
1051,50,25,4,600,0,0.989827213917765,99551399.103026,35346666.666667044,26063113.276244164,0.9991236548115691,0.7373570334659719,66.19495114458611,0.9019022043070571,2.4816150449975996
1052,50,25,4,600,0,0.9938301510401822,78104674.85878132,26471499.99999982,21253080.78352774,0.8147321282526292,0.8028665086424224,84.37139021338756,0.6661836891805634,2.3023070471346836
1053,50,25,4,600,0,0.9646681977274895,85731670.09353727,29410333.333333492,23102216.41135657,0.8856183315675104,0.7855135863139864,76.86541032981417,0.7549602560111242,2.348039322789803
1054,50,25,4,600,0,0.9676791285835454,92004057.8518187,33304333.333333705,23681437.37684254,0.9078226385451926,0.7110617450234387,71.62510169511764,0.8238624481051056,2.360390972707402
1055,50,25,4,600,0,0.8485313165981225,91397282.2563493,32246500.00000025,24059550.96291593,0.922317538830029,0.7461135615622081,72.10061215515204,0.8173589990995108,2.2627811649473997
1056,50,25,4,600,0,0.9900031534764351,98453748.56013632,34470333.333333895,26085973.59368816,0.9999999999999859,0.7567659222042452,66.93295172986632,0.8908767440341356,2.486292635273967
1057,50,25,4,600,0,1.0,90366465.34231307,32549000.000000272,23363659.35040431,0.8956406885291458,0.7177996052230211,72.92306913894973,0.8062313961756782,2.380471080354095
1058,50,25,4,600,0,0.9364323671587342,97208470.4827272,34959833.33333386,25166224.89802744,0.9647416381697319,0.7198611234233687,67.7903887107341,0.8782361026737288,2.390557368571158
1059,50,25,4,600,0,0.8595243022400195,85302198.5829745,30451666.66666694,22228886.570509072,0.8521394262197416,0.7299727405344713,77.25240509000504,0.7501064982743119,2.1936089929419085
1060,50,30,2,700,0,1.0,97098368.80005078,31524166.6666669,27303224.56485252,0.8971397532347802,0.8661045620508812,79.17537745490921,0.7264470921836025,2.4193307418243073
1061,50,30,2,700,0,1.0,97733090.08018827,34485000.00000042,25725807.750212923,0.8453083906617345,0.7459999347604064,78.66117804821576,0.7326994898059931,2.3294994376143183
1062,50,30,2,700,0,0.926170304231322,94197458.38521129,30327000.000000104,26650510.680922594,0.8756926318015258,0.8787717440209221,81.61366699047754,0.6975174252407722,2.3267051246888317
1063,50,30,2,700,0,1.0,108170178.84441622,35304500.00000065,30297219.055350907,0.9955175646911512,0.8581687619241274,71.07134408141775,0.8315013129330444,2.518036322472346
1064,50,30,2,700,0,1.0,92703562.89966637,29637666.666666854,26360795.623718105,0.8661730640921709,0.8894355928959075,82.92885148676058,0.6823943756996593,2.3939428500163853
1065,50,30,2,700,0,1.0,94085461.19508786,31835833.333333675,25634144.881284818,0.8422964971978096,0.8051978603131025,81.71081804083641,0.6963889299331002,2.3405472181835822
1066,50,30,2,700,0,1.0,109426195.64966339,38690666.66666734,28751920.440699995,0.9447415541679614,0.7431229006314916,70.25557230019308,0.8428837717818559,2.437382092287049
1067,50,30,2,700,0,1.0,107038302.0822227,35955333.33333391,29329983.772028904,0.9637357793075843,0.8157338857108385,71.82288816665391,0.821151105340633,2.473738213909304
1068,50,30,2,700,0,1.0,102805934.6686333,35033166.66666716,27852181.064892456,0.9151775750243883,0.7950232227049243,74.77972964089585,0.7816651497826913,2.417683727946631
1069,50,30,2,700,0,1.0,85597595.63338348,28220500.000000052,23796057.898185786,0.7818999349337203,0.8432188621103717,89.81327037417066,0.6084212207704016,2.282996310458699
1070,50,50,4,700,0,1.0,94737536.2329999,31511333.333333567,26162795.62371811,0.8596671046690062,0.830266220313895,81.14840543343273,0.7029472511655659,2.367160227416682
1071,50,50,4,700,0,1.0,100196233.96422529,35198166.666667104,26476945.647091195,0.8699895658046202,0.7522251342756734,76.72743471321388,0.7566983554869375,2.3584784629074766
1072,50,50,4,700,0,1.0,96694209.82953455,32373000.000000283,26568523.74956873,0.8729986739802226,0.8207000818450096,79.50631184176467,0.7224513496677372,2.379011415143745
1073,50,50,4,700,0,1.0,101228104.35659878,33605000.00000051,27996001.800844304,0.9199032915512186,0.8330903675299474,75.94531231087757,0.7666267707944018,2.4330990648183595
1074,50,50,4,700,0,1.0,91765866.21221994,29758666.66666686,25829614.875005014,0.8487193247108897,0.8679694948812058,83.77624837345304,0.6728244662107724,2.367200062115737
1075,50,50,4,700,0,1.0,92859489.57998869,32244666.666666985,24778813.19992859,0.814191682994522,0.7684623772384584,82.78960001581495,0.6839799552833791,2.298749857074146
1076,50,50,4,700,0,1.0,112263730.40665251,39796166.66666731,29435710.138270892,0.9672097765233875,0.739661947464046,68.47981954770708,0.8682024746526755,2.4599320326239122
1077,50,50,4,700,0,1.0,105157389.25760843,35931500.00000057,28430787.501678642,0.9341896457300088,0.7912496695567451,73.10755862497572,0.8037561832838234,2.4367559189292196
1078,50,50,4,700,0,1.0,102243885.65856628,35289833.33333378,27417860.741124712,0.900906512382526,0.776933698783626,75.1908043251865,0.776328074220304,2.397875033247205
1079,50,50,4,700,0,1.0,84259148.23217152,29249000.0000002,22490867.52830827,0.7390134925805457,0.7689448366887112,91.23994440124986,0.5941248835676315,2.2092807529186005
1080,50,35,10,600,0,1.0,92011023.66950932,31757000.000000205,24672872.13413451,0.9458290696155609,0.7769270439315538,71.61967922093375,0.8239369076839466,2.4454785428291896
1081,50,35,10,600,0,1.0,103963732.81001729,38934500.00000045,25931483.232478675,0.9940776463391332,0.6660284126540312,63.38556554180448,0.9451363347066384,2.4779590648298635
1082,50,35,10,600,0,1.0,90704227.07605274,32512333.333333604,23553661.82335361,0.9029243911008326,0.7244531354261485,72.65152035830317,0.8098885182010129,2.3894510265419315
1083,50,35,10,600,0,1.0,84005302.64200607,29980500.000000134,21898049.280301966,0.8394568522295895,0.7304097423425849,78.44504802372835,0.735343555107345,2.3196713489814127
1084,50,35,10,600,0,1.0,100464962.51339614,36186333.33333371,25975570.772764612,0.995767732397359,0.7178282069500735,65.59301705926886,0.910995837408516,2.485258402968575
1085,50,35,10,600,0,1.0,104162961.22680314,38844666.66666726,26085973.593688287,0.9999999999999908,0.6715458216577451,63.2643304528512,0.9470479935174697,2.484284650843666
1086,50,35,10,600,0,1.0,100985680.89346948,36411833.33333385,26085973.59368827,0.99999999999999,0.7164147258085851,65.25479594430449,0.9161456389997615,2.48927741964663
1087,50,35,10,600,0,1.0,87936261.0089798,32462833.333333634,22234326.017071016,0.8523479461947544,0.6849163715552907,74.93836927325201,0.7796011617045487,2.3275342589487815
1088,50,35,10,600,0,1.0,94917768.1237505,34556500.000000305,24307131.506628856,0.9318084839474781,0.7034025872593763,69.42641120057151,0.8546127357110223,2.4173348055185233
1089,50,35,10,600,0,1.0,83125978.74964115,31955000.000000283,20210386.570509277,0.774760677339609,0.6324639828042278,79.27485605730023,0.7252436577350624,2.2312148439784445
1090,50,35,4,300,0,1.0,69864572.45721695,33053166.666666854,13038296.790572379,0.9996404193038806,0.39446437680420854,47.174123938398864,0.7862353989733144,2.1018069004166815
1091,50,35,4,300,0,1.0,73942154.61340272,36168000.00000046,13042986.796844326,1.0000000000000047,0.3606222848054678,44.572680052828815,0.7428780008804803,2.0313758287248547
1092,50,35,4,300,0,1.0,70616425.61340168,33621500.00000021,13042986.796844319,1.0000000000000042,0.38793589806654183,46.671860992274844,0.7778643498712474,2.088213068324481
1093,50,35,4,300,0,1.0,62248477.4210616,28345166.666666668,12322119.61333732,0.9447314334718672,0.4347167811092068,52.94587332163204,0.8824312220272007,2.230204646914566
1094,50,35,4,300,0,1.0,66943518.28006837,30809166.6666669,13042986.796844311,1.0000000000000036,0.4233476009903182,49.232548343388835,0.8205424723898139,2.1592205531820685
1095,50,35,4,300,0,1.0,65373358.551512524,29624833.333333347,13031556.638122253,0.9991236548115823,0.4398862431222313,50.41503256105458,0.840250542684243,2.192159537182028
1096,50,35,4,300,0,1.0,73949337.61340325,36173500.00000058,13042986.796844311,1.0000000000000036,0.36056745398825385,44.56835052708625,0.7428058421181042,2.031259805308707
1097,50,35,4,300,0,1.0,68701481.88484722,32173166.666666992,13031556.638122264,0.999123654811583,0.40504426477930777,47.97276433606188,0.799546072267698,2.1235814840911442
1098,50,35,4,300,0,1.0,78271109.28006952,39482666.666667245,13042986.796844332,1.000000000000005,0.33034715985523116,42.1074906222036,0.7017915103700599,1.9660692382542448
1099,50,35,4,300,0,1.0,70978492.88484743,33916666.66666703,13031556.638122244,0.9991236548115815,0.38422280014119226,46.433783897707855,0.7738963982951309,2.0812746384080847
1100,50,35,10,300,0,1.0,70429635.12388344,33485833.33333353,13038296.790572377,0.9996404193038804,0.3893675471887803,46.79564212142793,0.7799273686904655,2.0914214064414898
1101,50,35,10,300,0,1.0,75639736.94673538,37467833.33333367,13042986.796844296,1.0000000000000024,0.34811158362980277,43.57233556114644,0.726205592685774,2.004694859589616
1102,50,35,10,300,0,1.0,70748113.9467352,33722333.33333359,13042986.796844319,1.0000000000000042,0.3867759288160434,46.58498744547932,0.7764164574246554,2.08583720047749
1103,50,35,10,300,0,1.0,62727653.92106186,29186666.66666673,12019619.613337308,0.9215388929355844,0.4118188538146625,52.54141983609848,0.8756903306016413,2.205145413653371
1104,50,35,10,300,0,1.0,71433416.21818006,34265000.000000246,13031556.638122233,0.9991236548115807,0.3803168433714327,46.138070590570564,0.7689678431761761,2.073221317873322
1105,50,35,10,300,0,1.0,66745395.92734285,30787166.66666671,12960317.029775195,0.9936617457062004,0.4209649160020737,49.37868678744096,0.822978113124016,2.159750045925675
1106,50,35,10,300,0,1.0,75194390.9467361,37126833.33333386,13042986.796844315,1.000000000000004,0.35130889509862495,43.83039690200534,0.7305066150334223,2.011553731112322
1107,50,35,10,300,0,1.0,68306789.54337591,32048500.000000298,12918390.374186398,0.9904472476589479,0.4030887677796552,48.24996200278325,0.8041660333797208,2.126637047603445
1108,50,35,10,300,0,1.0,78362093.94673595,39552333.33333386,13042986.79684432,1.0000000000000042,0.3297652931603904,42.05860045343111,0.7009766742238519,1.9647889087521642
1109,50,35,10,300,0,1.0,71893128.21818097,34617000.000000425,13031556.638122212,0.9991236548115792,0.37644962411884486,45.8430462226921,0.7640507703782017,2.0652104696732776
1110,50,50,10,600,0,1.0,92005523.66950932,31757000.000000205,24672872.13413451,0.9458290696155609,0.7769270439315538,71.6239605751395,0.8238781170190854,2.4454197521643284
1111,50,50,10,600,0,1.0,103958232.81001729,38934500.00000045,25931483.232478675,0.9940776463391332,0.6660284126540312,63.38891900983733,0.9450835114414095,2.4779062415646345
1112,50,50,10,600,0,1.0,90698727.07605274,32512333.333333604,23553661.82335361,0.9029243911008326,0.7244531354261485,72.65592596987958,0.8098290528136949,2.3893915611546137
1113,50,50,10,600,0,1.0,83999802.64200607,29980500.000000134,21898049.280301966,0.8394568522295895,0.7304097423425849,78.45018431870238,0.7352806087782029,2.3196084026522708
1114,50,50,10,600,0,1.0,100459462.51339614,36186333.33333371,25975570.772764612,0.995767732397359,0.7178282069500735,65.5966081753748,0.9109413141764567,2.4852038797365155
1115,50,50,10,600,0,1.0,104157461.22680314,38844666.66666726,26085973.593688287,0.9999999999999908,0.6715458216577451,63.26767110471994,0.9469952656912054,2.4842319230174015
1116,50,50,10,600,0,1.0,100980180.89346948,36411833.33333385,26085973.59368827,0.99999999999999,0.7164147258085851,65.25835012072325,0.9160913715533067,2.4892231522001746
1117,50,50,10,600,0,1.0,87930761.0089798,32462833.333333634,22234326.017071016,0.8523479461947544,0.6849163715552907,74.94305660935912,0.7795402598722343,2.327473357116467
1118,50,50,10,600,0,1.0,94912268.1237505,34556500.000000305,24307131.506628856,0.9318084839474781,0.7034025872593763,69.43043433972043,0.854555433866251,2.417277503673752
1119,50,50,10,600,0,1.0,83120478.74964115,31955000.000000283,20210386.570509277,0.774760677339609,0.6324639828042278,79.28010159624411,0.7251802556090812,2.2311514418524636
1120,50,35,10,800,0,1.0,90408710.62685302,29756833.333333485,25165748.963812567,0.7235425450030378,0.8457132747261114,97.17868929977261,0.538135537740791,2.21470615752168
1121,50,35,10,800,0,1.0,95881586.5254744,33907500.00000012,25191178.554810595,0.7242736732923472,0.7429382453678539,91.63177538437722,0.5902575827603932,2.1846081790546763
1122,50,35,10,800,0,1.0,92895904.12685329,32066833.333333578,24907248.963812564,0.7161103899675474,0.776729298615258,94.57682857580694,0.5619847996932119,2.1833682385854183
1123,50,35,10,800,0,1.0,88914534.95682247,30448000.000000134,23995988.428577278,0.6899106624023924,0.7880973603710317,98.81174100799657,0.5236863460429592,2.1541642343397847
1124,50,35,10,800,0,1.0,92180203.41345607,31702000.00000029,24790495.24001369,0.7127535939279186,0.7819852135516201,95.31113704092225,0.5551488790421546,2.180737049883451
1125,50,35,10,800,0,1.0,86443071.90093893,31122666.666666888,22359786.51420427,0.6428680848511883,0.7184405743146723,101.63683227347882,0.4996001479679199,2.074352607419658
1126,50,35,10,800,0,1.0,110293285.64422286,37434833.33333393,29976440.52914633,0.8618551389739709,0.8007632961051209,79.65852090344539,0.7206209449834734,2.36123158186757
1127,50,35,10,800,0,1.0,86482357.95682237,29788000.000000108,23229655.095243946,0.6678777488929247,0.7798326539292286,101.59066204446512,0.499984740142298,2.123850863285681
1128,50,35,10,800,0,1.0,102849243.59340124,34941500.00000042,27932639.300504148,0.8030936395813429,0.7994115679207766,85.42406043094802,0.6545977589147897,2.294127013251411
1129,50,35,10,800,0,1.0,92674911.52658826,32032000.00000035,24821597.296202965,0.7136478117365113,0.7749000154908433,94.80235648759557,0.5598763771046275,2.179796389497302
1130,50,35,2,700,0,1.0,97096535.46671744,31524166.6666669,27303224.56485252,0.8971397532347802,0.8661045620508812,79.17687240895644,0.7264289923254146,2.4193126419661195
1131,50,35,2,700,0,1.0,97731256.74685495,34485000.00000042,25725807.750212923,0.8453083906617345,0.7459999347604064,78.66265364736955,0.7326814705151187,2.329481418323444
1132,50,35,2,700,0,1.0,98464751.12652239,32424333.333333623,27397220.657160025,0.9002283126412887,0.8449586418788291,78.07667121528142,0.7398721680474578,2.415839081550521
1133,50,35,2,700,0,1.0,102796020.52326548,33630666.66666718,28742168.467511036,0.9444211201181473,0.8546416505028326,74.78694175967684,0.7815711977309626,2.465284518133229
1134,50,35,2,700,0,1.0,92701729.56633304,29637666.666666854,26360795.623718105,0.8661730640921709,0.8894355928959075,82.93049154491739,0.6823757231802201,2.393924197496946
1135,50,35,2,700,0,1.0,94083627.86175454,31835833.333333675,25634144.881284818,0.8422964971978096,0.8051978603131025,81.71241027499886,0.6963704499408955,2.3405287381913777
1136,50,35,2,700,0,1.0,109424362.31633006,38690666.66666734,28751920.440699995,0.9447415541679614,0.7431229006314916,70.25674938617122,0.8428672361662389,2.4373655566714323
1137,50,35,2,700,0,1.0,107036468.74888936,35955333.33333391,29329983.772028904,0.9637357793075843,0.8157338857108385,71.82411835760203,0.8211342693022826,2.4737213778709535
1138,50,35,2,700,0,1.0,102804101.33529997,35033166.66666716,27852181.064892456,0.9151775750243883,0.7950232227049243,74.78106320803207,0.7816477765931734,2.4176663547571127
1139,50,35,2,700,0,1.0,85595762.30005015,28220500.000000052,23796057.898185786,0.7818999349337203,0.8432188621103717,89.81519404022524,0.608401714428946,2.2829768041172436
1140,50,30,4,700,0,1.0,94744869.56633323,31511333.333333567,26162795.62371811,0.8596671046690062,0.830266220313895,81.14212447796533,0.7030208413569797,2.3672338176080956
1141,50,30,4,700,0,1.0,100203567.29755864,35198166.666667104,26476945.647091195,0.8699895658046202,0.7522251342756734,76.72181946547632,0.7567691762796661,2.358549283700205
1142,50,30,4,700,0,0.926170304231322,91551383.23984335,30275666.66666675,25391831.416874435,0.8343344690809388,0.8386877718148028,83.9725160663029,0.670627166899366,2.26774768858253
1143,50,30,4,700,0,1.0,106851148.52326588,35278833.33333398,29669835.13417777,0.9749027448229771,0.8410095326520783,71.94868849094355,0.8194312243948161,2.492238850516479
1144,50,30,4,700,0,1.0,91773199.54555327,29758666.66666686,25829614.875005014,0.8487193247108897,0.8679694948812058,83.76955405356684,0.6728995387687602,2.367275134673725
1145,50,30,4,700,0,1.0,92866822.913322,32244666.666666985,24778813.19992859,0.814191682994522,0.7684623772384584,82.78306244174489,0.6840544855040308,2.2988243872947978
1146,50,30,4,700,0,1.0,112271063.73998585,39796166.66666731,29435710.138270892,0.9672097765233875,0.739661947464046,68.47534657553935,0.8682672011570622,2.459996759128299
1147,50,30,4,700,0,1.0,105164722.59094176,35931500.00000057,28430787.501678642,0.9341896457300088,0.7912496695567451,73.1024606978061,0.8038244776931903,2.4368242133385865
1148,50,30,4,700,0,1.0,102251218.99189964,35289833.33333378,27417860.741124712,0.900906512382526,0.776933698783626,75.18541173195234,0.7763978510479164,2.3979448100748173
1149,50,30,4,700,0,1.0,84266481.56550485,29249000.0000002,22490867.52830827,0.7390134925805457,0.7689448366887112,91.23200419877341,0.5942035133015139,2.209359382652483
1150,50,20,4,500,0,0.9126725378897416,65992056.689057514,23613333.333333075,17162458.120575093,0.7895028211510966,0.7268121733727532,83.219106594546,0.6791012067300523,2.1732234833179964
1151,50,20,4,500,0,0.8872523241056283,77432675.66960908,28742999.999999948,19476403.612953916,0.8959483245509167,0.6776051077811625,70.92354684258227,0.8335520643266904,2.2628884746572484
1152,50,20,4,500,0,0.8368392197634134,77531667.70013234,26924333.333333213,20683905.173319932,0.9514954892842967,0.7682234845797491,70.8329920264391,0.8348110500467288,2.2862290574739417
1153,50,20,4,500,0,0.8446821310611549,68637001.22944833,24388833.333333082,17959013.28914057,0.8261457395702828,0.7363621311313548,80.01223686392308,0.7163851905389853,2.150157026505224
1154,50,20,4,500,0,0.8873056945057277,80398936.66128604,28897000.00000014,20825909.221385367,0.9580279216302281,0.7206945088204749,68.30687354904322,0.8707086205503958,2.334569922112504
1155,50,20,4,500,0,0.82831472316205,69502484.37212524,26024166.666666616,17339070.78515957,0.7976273098438496,0.6662680502799169,79.0158805057413,0.7283807627484694,2.0897099261344527
1156,50,20,4,500,0,0.8593926910262449,86062405.30964418,32395000.00000048,21360355.609065663,0.9826133818168291,0.659371989784391,63.811834914920595,0.9384454194034468,2.3253357022572048
1157,50,20,4,500,0,0.9471102473376528,79318653.5403789,29373666.666666806,19994864.91315029,0.9197984430063832,0.6807071497083621,69.23718135487863,0.8573122943840814,2.348988261488424
1158,50,20,4,500,0,0.9799517925513386,86353181.24455725,32024666.666666918,21738311.328073654,0.9999999999999941,0.6787989881156238,63.59696215993366,0.9418122169585788,2.4648032000024163
1159,50,20,4,500,0,0.810009418004685,77359390.4024779,28235166.66666664,19764322.1420911,0.9091930759390041,0.6999895688741976,70.99073520910386,0.8326191700609771,2.20262024316502
1160,50,35,4,800,0,1.0,91370079.46018648,29615666.66666686,25724915.630479112,0.7396191924202298,0.8686252421740389,96.15620399923496,0.5473847181126783,2.2422849118519093
1161,50,35,4,800,0,1.0,97224693.56403123,33377666.666666847,26184379.810003273,0.7528292853234325,0.7844880252265426,90.36593151320923,0.6028427723934906,2.2304331925747247
1162,50,35,4,800,0,1.0,97133093.1234283,31841333.333333556,27118909.28424937,0.7796980200926095,0.8516888724587279,90.45115024635084,0.6019871552033187,2.2833382531703013
1163,50,35,4,800,0,1.0,93073280.19325407,30484666.66666675,26002263.96286961,0.7475932574305233,0.8529620562097734,94.39658709521653,0.5636755541619147,2.2460451991297337
1164,50,35,4,800,0,1.0,91726692.2901559,30075833.333333496,25605655.09524389,0.7361903228361534,0.8513697629406917,95.78237022009013,0.5508058798908595,2.2319016902434132
1165,50,35,4,800,0,1.0,87275454.73427238,30376500.000000246,23241619.847537473,0.6682217484828926,0.7651184253464778,100.66747892348576,0.5077371861410575,2.1198319264182395
1166,50,35,4,800,0,1.0,108193018.32209195,36096500.00000065,29804452.247644212,0.856910289564256,0.8256881483701655,81.20487011319497,0.7022860341523093,2.362836552848442
1167,50,35,4,800,0,1.0,85305434.79009444,28831000.00000006,23265242.61758272,0.6689009287124633,0.8069523297000684,102.99226563487602,0.4884404295519327,2.1340022933119878
1168,50,35,4,800,0,1.0,103833781.94343843,34972666.666667156,28393271.161592577,0.816337304594479,0.8118703509862611,84.61408065427017,0.6634945245808737,2.312990805369883
1169,50,35,4,800,0,1.0,95584079.62862967,32052166.666667,26228542.35983133,0.7540990064726963,0.8183079363276863,91.91698067434702,0.5874584975625841,2.2421048466247333
